label,row_new,col_new,row_orig,col_orig
5,1,1,81,6
5,2,1,87,6
5,3,1,63,6
5,4,1,68,6
5,5,1,84,6
5,6,1,85,6
5,7,1,88,6
5,8,1,70,6
5,9,1,83,6
5,10,1,75,6
5,11,1,79,6
5,12,1,66,6
5,13,1,74,6
5,14,1,65,6
5,15,1,67,6
5,16,1,76,6
5,17,1,71,6
5,18,1,82,6
5,19,1,78,6
5,20,1,69,6
5,21,1,62,6
1,22,1,147,6
1,23,1,86,6
1,24,1,72,6
1,25,1,73,6
1,26,1,142,6
1,27,1,161,6
1,28,1,145,6
1,29,1,141,6
1,30,1,64,6
1,31,1,158,6
1,32,1,166,6
1,33,1,154,6
1,34,1,165,6
1,35,1,80,6
1,36,1,77,6
1,37,1,159,6
1,38,1,157,6
1,39,1,164,6
1,40,1,156,6
1,41,1,137,6
1,42,1,144,6
1,43,1,140,6
1,44,1,138,6
1,45,1,150,6
1,46,1,146,6
1,47,1,139,6
1,48,1,162,6
1,49,1,155,6
1,50,1,151,6
1,51,1,152,6
1,52,1,149,6
1,53,1,120,6
1,54,1,121,6
1,55,1,135,6
1,56,1,163,6
1,57,1,122,6
1,58,1,127,6
1,59,1,131,6
1,60,1,129,6
1,61,1,136,6
1,62,1,123,6
1,63,1,132,6
1,64,1,126,6
1,65,1,134,6
1,66,1,119,6
1,67,1,124,6
1,68,1,148,6
1,69,1,125,6
1,70,1,22,6
1,71,1,128,6
1,72,1,153,6
1,73,1,130,6
1,74,1,143,6
1,75,1,21,6
1,76,1,160,6
1,77,1,28,6
1,78,1,32,6
1,79,1,4,6
1,80,1,7,6
1,81,1,24,6
1,82,1,1,6
1,83,1,16,6
1,84,1,13,6
1,85,1,15,6
1,86,1,20,6
1,87,1,2,6
1,88,1,19,6
1,89,1,10,6
1,90,1,11,6
1,91,1,5,6
1,92,1,9,6
1,93,1,29,6
1,94,1,30,6
1,95,1,26,6
1,96,1,31,6
1,97,1,3,6
1,98,1,12,6
1,99,1,18,6
1,100,1,25,6
1,101,1,133,6
1,102,1,27,6
1,103,1,6,6
1,104,1,14,6
1,105,1,97,6
1,106,1,108,6
1,107,1,110,6
1,108,1,105,6
1,109,1,109,6
1,110,1,95,6
1,111,1,118,6
1,112,1,106,6
1,113,1,17,6
1,114,1,111,6
1,115,1,115,6
1,116,1,113,6
1,117,1,90,6
1,118,1,100,6
1,119,1,116,6
1,120,1,102,6
1,121,1,101,6
1,122,1,94,6
1,123,1,114,6
1,124,1,8,6
1,125,1,117,6
1,126,1,98,6
1,127,1,103,6
1,128,1,44,6
1,129,1,112,6
1,130,1,93,6
1,131,1,107,6
1,132,1,99,6
1,133,1,89,6
1,134,1,91,6
1,135,1,96,6
1,136,1,92,6
1,137,1,104,6
1,138,1,48,6
1,139,1,61,6
1,140,1,23,6
1,141,1,36,6
1,142,1,50,6
1,143,1,47,6
1,144,1,43,6
1,145,1,57,6
1,146,1,33,6
1,147,1,38,6
1,148,1,45,6
1,149,1,54,6
1,150,1,46,6
1,151,1,52,6
1,152,1,37,6
1,153,1,51,6
1,154,1,41,6
1,155,1,59,6
1,156,1,39,6
1,157,1,34,6
1,158,1,53,6
1,159,1,42,6
1,160,1,40,6
1,161,1,55,6
1,162,1,35,6
1,163,1,49,6
1,164,1,60,6
1,165,1,58,6
1,166,1,56,6
5,1,2,81,60
5,2,2,87,60
5,3,2,63,60
5,4,2,68,60
5,5,2,84,60
5,6,2,85,60
5,7,2,88,60
5,8,2,70,60
5,9,2,83,60
5,10,2,75,60
5,11,2,79,60
5,12,2,66,60
5,13,2,74,60
5,14,2,65,60
5,15,2,67,60
5,16,2,76,60
5,17,2,71,60
5,18,2,82,60
5,19,2,78,60
5,20,2,69,60
5,21,2,62,60
1,22,2,147,60
1,23,2,86,60
1,24,2,72,60
1,25,2,73,60
1,26,2,142,60
1,27,2,161,60
1,28,2,145,60
1,29,2,141,60
1,30,2,64,60
1,31,2,158,60
1,32,2,166,60
1,33,2,154,60
1,34,2,165,60
1,35,2,80,60
1,36,2,77,60
1,37,2,159,60
1,38,2,157,60
1,39,2,164,60
1,40,2,156,60
1,41,2,137,60
1,42,2,144,60
1,43,2,140,60
1,44,2,138,60
1,45,2,150,60
1,46,2,146,60
1,47,2,139,60
1,48,2,162,60
1,49,2,155,60
1,50,2,151,60
1,51,2,152,60
1,52,2,149,60
1,53,2,120,60
1,54,2,121,60
1,55,2,135,60
1,56,2,163,60
1,57,2,122,60
1,58,2,127,60
1,59,2,131,60
1,60,2,129,60
1,61,2,136,60
1,62,2,123,60
1,63,2,132,60
1,64,2,126,60
1,65,2,134,60
1,66,2,119,60
1,67,2,124,60
1,68,2,148,60
1,69,2,125,60
1,70,2,22,60
1,71,2,128,60
1,72,2,153,60
1,73,2,130,60
1,74,2,143,60
1,75,2,21,60
1,76,2,160,60
1,77,2,28,60
1,78,2,32,60
1,79,2,4,60
1,80,2,7,60
1,81,2,24,60
1,82,2,1,60
1,83,2,16,60
1,84,2,13,60
1,85,2,15,60
1,86,2,20,60
1,87,2,2,60
1,88,2,19,60
1,89,2,10,60
1,90,2,11,60
1,91,2,5,60
1,92,2,9,60
1,93,2,29,60
1,94,2,30,60
1,95,2,26,60
1,96,2,31,60
1,97,2,3,60
1,98,2,12,60
1,99,2,18,60
1,100,2,25,60
1,101,2,133,60
1,102,2,27,60
1,103,2,6,60
1,104,2,14,60
1,105,2,97,60
1,106,2,108,60
1,107,2,110,60
1,108,2,105,60
1,109,2,109,60
1,110,2,95,60
1,111,2,118,60
1,112,2,106,60
1,113,2,17,60
1,114,2,111,60
1,115,2,115,60
1,116,2,113,60
1,117,2,90,60
1,118,2,100,60
1,119,2,116,60
1,120,2,102,60
1,121,2,101,60
1,122,2,94,60
1,123,2,114,60
1,124,2,8,60
1,125,2,117,60
1,126,2,98,60
1,127,2,103,60
1,128,2,44,60
1,129,2,112,60
1,130,2,93,60
1,131,2,107,60
1,132,2,99,60
1,133,2,89,60
1,134,2,91,60
1,135,2,96,60
1,136,2,92,60
1,137,2,104,60
1,138,2,48,60
1,139,2,61,60
1,140,2,23,60
1,141,2,36,60
1,142,2,50,60
1,143,2,47,60
1,144,2,43,60
1,145,2,57,60
1,146,2,33,60
1,147,2,38,60
1,148,2,45,60
1,149,2,54,60
1,150,2,46,60
1,151,2,52,60
1,152,2,37,60
1,153,2,51,60
1,154,2,41,60
1,155,2,59,60
1,156,2,39,60
1,157,2,34,60
1,158,2,53,60
1,159,2,42,60
1,160,2,40,60
1,161,2,55,60
1,162,2,35,60
1,163,2,49,60
1,164,2,60,60
1,165,2,58,60
1,166,2,56,60
5,1,3,81,37
5,2,3,87,37
5,3,3,63,37
5,4,3,68,37
5,5,3,84,37
5,6,3,85,37
5,7,3,88,37
5,8,3,70,37
5,9,3,83,37
5,10,3,75,37
5,11,3,79,37
5,12,3,66,37
5,13,3,74,37
5,14,3,65,37
5,15,3,67,37
5,16,3,76,37
5,17,3,71,37
5,18,3,82,37
5,19,3,78,37
5,20,3,69,37
5,21,3,62,37
1,22,3,147,37
1,23,3,86,37
1,24,3,72,37
1,25,3,73,37
1,26,3,142,37
1,27,3,161,37
1,28,3,145,37
1,29,3,141,37
1,30,3,64,37
1,31,3,158,37
1,32,3,166,37
1,33,3,154,37
1,34,3,165,37
1,35,3,80,37
1,36,3,77,37
1,37,3,159,37
1,38,3,157,37
1,39,3,164,37
1,40,3,156,37
1,41,3,137,37
1,42,3,144,37
1,43,3,140,37
1,44,3,138,37
1,45,3,150,37
1,46,3,146,37
1,47,3,139,37
1,48,3,162,37
1,49,3,155,37
1,50,3,151,37
1,51,3,152,37
1,52,3,149,37
1,53,3,120,37
1,54,3,121,37
1,55,3,135,37
1,56,3,163,37
1,57,3,122,37
1,58,3,127,37
1,59,3,131,37
1,60,3,129,37
1,61,3,136,37
1,62,3,123,37
1,63,3,132,37
1,64,3,126,37
1,65,3,134,37
1,66,3,119,37
1,67,3,124,37
1,68,3,148,37
1,69,3,125,37
1,70,3,22,37
1,71,3,128,37
1,72,3,153,37
1,73,3,130,37
1,74,3,143,37
1,75,3,21,37
1,76,3,160,37
1,77,3,28,37
1,78,3,32,37
1,79,3,4,37
1,80,3,7,37
1,81,3,24,37
1,82,3,1,37
1,83,3,16,37
1,84,3,13,37
1,85,3,15,37
1,86,3,20,37
1,87,3,2,37
1,88,3,19,37
1,89,3,10,37
1,90,3,11,37
1,91,3,5,37
1,92,3,9,37
1,93,3,29,37
1,94,3,30,37
1,95,3,26,37
1,96,3,31,37
1,97,3,3,37
1,98,3,12,37
1,99,3,18,37
1,100,3,25,37
1,101,3,133,37
1,102,3,27,37
1,103,3,6,37
1,104,3,14,37
1,105,3,97,37
1,106,3,108,37
1,107,3,110,37
1,108,3,105,37
1,109,3,109,37
1,110,3,95,37
1,111,3,118,37
1,112,3,106,37
1,113,3,17,37
1,114,3,111,37
1,115,3,115,37
1,116,3,113,37
1,117,3,90,37
1,118,3,100,37
1,119,3,116,37
1,120,3,102,37
1,121,3,101,37
1,122,3,94,37
1,123,3,114,37
1,124,3,8,37
1,125,3,117,37
1,126,3,98,37
1,127,3,103,37
1,128,3,44,37
1,129,3,112,37
1,130,3,93,37
1,131,3,107,37
1,132,3,99,37
1,133,3,89,37
1,134,3,91,37
1,135,3,96,37
1,136,3,92,37
1,137,3,104,37
1,138,3,48,37
1,139,3,61,37
1,140,3,23,37
1,141,3,36,37
1,142,3,50,37
1,143,3,47,37
1,144,3,43,37
1,145,3,57,37
1,146,3,33,37
1,147,3,38,37
1,148,3,45,37
1,149,3,54,37
1,150,3,46,37
1,151,3,52,37
1,152,3,37,37
1,153,3,51,37
1,154,3,41,37
1,155,3,59,37
1,156,3,39,37
1,157,3,34,37
1,158,3,53,37
1,159,3,42,37
1,160,3,40,37
1,161,3,55,37
1,162,3,35,37
1,163,3,49,37
1,164,3,60,37
1,165,3,58,37
1,166,3,56,37
5,1,4,81,82
5,2,4,87,82
5,3,4,63,82
5,4,4,68,82
5,5,4,84,82
5,6,4,85,82
5,7,4,88,82
5,8,4,70,82
5,9,4,83,82
5,10,4,75,82
5,11,4,79,82
5,12,4,66,82
5,13,4,74,82
5,14,4,65,82
5,15,4,67,82
5,16,4,76,82
5,17,4,71,82
5,18,4,82,82
5,19,4,78,82
5,20,4,69,82
5,21,4,62,82
1,22,4,147,82
1,23,4,86,82
1,24,4,72,82
1,25,4,73,82
1,26,4,142,82
1,27,4,161,82
1,28,4,145,82
1,29,4,141,82
1,30,4,64,82
1,31,4,158,82
1,32,4,166,82
1,33,4,154,82
1,34,4,165,82
1,35,4,80,82
1,36,4,77,82
1,37,4,159,82
1,38,4,157,82
1,39,4,164,82
1,40,4,156,82
1,41,4,137,82
1,42,4,144,82
1,43,4,140,82
1,44,4,138,82
1,45,4,150,82
1,46,4,146,82
1,47,4,139,82
1,48,4,162,82
1,49,4,155,82
1,50,4,151,82
1,51,4,152,82
1,52,4,149,82
1,53,4,120,82
1,54,4,121,82
1,55,4,135,82
1,56,4,163,82
1,57,4,122,82
1,58,4,127,82
1,59,4,131,82
1,60,4,129,82
1,61,4,136,82
1,62,4,123,82
1,63,4,132,82
1,64,4,126,82
1,65,4,134,82
1,66,4,119,82
1,67,4,124,82
1,68,4,148,82
1,69,4,125,82
1,70,4,22,82
1,71,4,128,82
1,72,4,153,82
1,73,4,130,82
1,74,4,143,82
1,75,4,21,82
1,76,4,160,82
1,77,4,28,82
1,78,4,32,82
1,79,4,4,82
1,80,4,7,82
1,81,4,24,82
1,82,4,1,82
1,83,4,16,82
1,84,4,13,82
1,85,4,15,82
1,86,4,20,82
1,87,4,2,82
1,88,4,19,82
1,89,4,10,82
1,90,4,11,82
1,91,4,5,82
1,92,4,9,82
1,93,4,29,82
1,94,4,30,82
1,95,4,26,82
1,96,4,31,82
1,97,4,3,82
1,98,4,12,82
1,99,4,18,82
1,100,4,25,82
1,101,4,133,82
1,102,4,27,82
1,103,4,6,82
1,104,4,14,82
1,105,4,97,82
1,106,4,108,82
1,107,4,110,82
1,108,4,105,82
1,109,4,109,82
1,110,4,95,82
1,111,4,118,82
1,112,4,106,82
1,113,4,17,82
1,114,4,111,82
1,115,4,115,82
1,116,4,113,82
1,117,4,90,82
1,118,4,100,82
1,119,4,116,82
1,120,4,102,82
1,121,4,101,82
1,122,4,94,82
1,123,4,114,82
1,124,4,8,82
1,125,4,117,82
1,126,4,98,82
1,127,4,103,82
1,128,4,44,82
1,129,4,112,82
1,130,4,93,82
1,131,4,107,82
1,132,4,99,82
1,133,4,89,82
1,134,4,91,82
1,135,4,96,82
1,136,4,92,82
1,137,4,104,82
1,138,4,48,82
1,139,4,61,82
1,140,4,23,82
1,141,4,36,82
1,142,4,50,82
1,143,4,47,82
1,144,4,43,82
1,145,4,57,82
1,146,4,33,82
1,147,4,38,82
1,148,4,45,82
1,149,4,54,82
1,150,4,46,82
1,151,4,52,82
1,152,4,37,82
1,153,4,51,82
1,154,4,41,82
1,155,4,59,82
1,156,4,39,82
1,157,4,34,82
1,158,4,53,82
1,159,4,42,82
1,160,4,40,82
1,161,4,55,82
1,162,4,35,82
1,163,4,49,82
1,164,4,60,82
1,165,4,58,82
1,166,4,56,82
5,1,5,81,36
5,2,5,87,36
5,3,5,63,36
5,4,5,68,36
5,5,5,84,36
5,6,5,85,36
5,7,5,88,36
5,8,5,70,36
5,9,5,83,36
5,10,5,75,36
5,11,5,79,36
5,12,5,66,36
5,13,5,74,36
5,14,5,65,36
5,15,5,67,36
5,16,5,76,36
5,17,5,71,36
5,18,5,82,36
5,19,5,78,36
5,20,5,69,36
5,21,5,62,36
1,22,5,147,36
1,23,5,86,36
1,24,5,72,36
1,25,5,73,36
1,26,5,142,36
1,27,5,161,36
1,28,5,145,36
1,29,5,141,36
1,30,5,64,36
1,31,5,158,36
1,32,5,166,36
1,33,5,154,36
1,34,5,165,36
1,35,5,80,36
1,36,5,77,36
1,37,5,159,36
1,38,5,157,36
1,39,5,164,36
1,40,5,156,36
1,41,5,137,36
1,42,5,144,36
1,43,5,140,36
1,44,5,138,36
1,45,5,150,36
1,46,5,146,36
1,47,5,139,36
1,48,5,162,36
1,49,5,155,36
1,50,5,151,36
1,51,5,152,36
1,52,5,149,36
1,53,5,120,36
1,54,5,121,36
1,55,5,135,36
1,56,5,163,36
1,57,5,122,36
1,58,5,127,36
1,59,5,131,36
1,60,5,129,36
1,61,5,136,36
1,62,5,123,36
1,63,5,132,36
1,64,5,126,36
1,65,5,134,36
1,66,5,119,36
1,67,5,124,36
1,68,5,148,36
1,69,5,125,36
1,70,5,22,36
1,71,5,128,36
1,72,5,153,36
1,73,5,130,36
1,74,5,143,36
1,75,5,21,36
1,76,5,160,36
1,77,5,28,36
1,78,5,32,36
1,79,5,4,36
1,80,5,7,36
1,81,5,24,36
1,82,5,1,36
1,83,5,16,36
1,84,5,13,36
1,85,5,15,36
1,86,5,20,36
1,87,5,2,36
1,88,5,19,36
1,89,5,10,36
1,90,5,11,36
1,91,5,5,36
1,92,5,9,36
1,93,5,29,36
1,94,5,30,36
1,95,5,26,36
1,96,5,31,36
1,97,5,3,36
1,98,5,12,36
1,99,5,18,36
1,100,5,25,36
1,101,5,133,36
1,102,5,27,36
1,103,5,6,36
1,104,5,14,36
1,105,5,97,36
1,106,5,108,36
1,107,5,110,36
1,108,5,105,36
1,109,5,109,36
1,110,5,95,36
1,111,5,118,36
1,112,5,106,36
1,113,5,17,36
1,114,5,111,36
1,115,5,115,36
1,116,5,113,36
1,117,5,90,36
1,118,5,100,36
1,119,5,116,36
1,120,5,102,36
1,121,5,101,36
1,122,5,94,36
1,123,5,114,36
1,124,5,8,36
1,125,5,117,36
1,126,5,98,36
1,127,5,103,36
1,128,5,44,36
1,129,5,112,36
1,130,5,93,36
1,131,5,107,36
1,132,5,99,36
1,133,5,89,36
1,134,5,91,36
1,135,5,96,36
1,136,5,92,36
1,137,5,104,36
1,138,5,48,36
1,139,5,61,36
1,140,5,23,36
1,141,5,36,36
1,142,5,50,36
1,143,5,47,36
1,144,5,43,36
1,145,5,57,36
1,146,5,33,36
1,147,5,38,36
1,148,5,45,36
1,149,5,54,36
1,150,5,46,36
1,151,5,52,36
1,152,5,37,36
1,153,5,51,36
1,154,5,41,36
1,155,5,59,36
1,156,5,39,36
1,157,5,34,36
1,158,5,53,36
1,159,5,42,36
1,160,5,40,36
1,161,5,55,36
1,162,5,35,36
1,163,5,49,36
1,164,5,60,36
1,165,5,58,36
1,166,5,56,36
5,1,6,81,58
5,2,6,87,58
5,3,6,63,58
5,4,6,68,58
5,5,6,84,58
5,6,6,85,58
5,7,6,88,58
5,8,6,70,58
5,9,6,83,58
5,10,6,75,58
5,11,6,79,58
5,12,6,66,58
5,13,6,74,58
5,14,6,65,58
5,15,6,67,58
5,16,6,76,58
5,17,6,71,58
5,18,6,82,58
5,19,6,78,58
5,20,6,69,58
5,21,6,62,58
1,22,6,147,58
1,23,6,86,58
1,24,6,72,58
1,25,6,73,58
1,26,6,142,58
1,27,6,161,58
1,28,6,145,58
1,29,6,141,58
1,30,6,64,58
1,31,6,158,58
1,32,6,166,58
1,33,6,154,58
1,34,6,165,58
1,35,6,80,58
1,36,6,77,58
1,37,6,159,58
1,38,6,157,58
1,39,6,164,58
1,40,6,156,58
1,41,6,137,58
1,42,6,144,58
1,43,6,140,58
1,44,6,138,58
1,45,6,150,58
1,46,6,146,58
1,47,6,139,58
1,48,6,162,58
1,49,6,155,58
1,50,6,151,58
1,51,6,152,58
1,52,6,149,58
1,53,6,120,58
1,54,6,121,58
1,55,6,135,58
1,56,6,163,58
1,57,6,122,58
1,58,6,127,58
1,59,6,131,58
1,60,6,129,58
1,61,6,136,58
1,62,6,123,58
1,63,6,132,58
1,64,6,126,58
1,65,6,134,58
1,66,6,119,58
1,67,6,124,58
1,68,6,148,58
1,69,6,125,58
1,70,6,22,58
1,71,6,128,58
1,72,6,153,58
1,73,6,130,58
1,74,6,143,58
1,75,6,21,58
1,76,6,160,58
1,77,6,28,58
1,78,6,32,58
1,79,6,4,58
1,80,6,7,58
1,81,6,24,58
1,82,6,1,58
1,83,6,16,58
1,84,6,13,58
1,85,6,15,58
1,86,6,20,58
1,87,6,2,58
1,88,6,19,58
1,89,6,10,58
1,90,6,11,58
1,91,6,5,58
1,92,6,9,58
1,93,6,29,58
1,94,6,30,58
1,95,6,26,58
1,96,6,31,58
1,97,6,3,58
1,98,6,12,58
1,99,6,18,58
1,100,6,25,58
1,101,6,133,58
1,102,6,27,58
1,103,6,6,58
1,104,6,14,58
1,105,6,97,58
1,106,6,108,58
1,107,6,110,58
1,108,6,105,58
1,109,6,109,58
1,110,6,95,58
1,111,6,118,58
1,112,6,106,58
1,113,6,17,58
1,114,6,111,58
1,115,6,115,58
1,116,6,113,58
1,117,6,90,58
1,118,6,100,58
1,119,6,116,58
1,120,6,102,58
1,121,6,101,58
1,122,6,94,58
1,123,6,114,58
1,124,6,8,58
1,125,6,117,58
1,126,6,98,58
1,127,6,103,58
1,128,6,44,58
1,129,6,112,58
1,130,6,93,58
1,131,6,107,58
1,132,6,99,58
1,133,6,89,58
1,134,6,91,58
1,135,6,96,58
1,136,6,92,58
1,137,6,104,58
1,138,6,48,58
1,139,6,61,58
1,140,6,23,58
1,141,6,36,58
1,142,6,50,58
1,143,6,47,58
1,144,6,43,58
1,145,6,57,58
1,146,6,33,58
1,147,6,38,58
1,148,6,45,58
1,149,6,54,58
1,150,6,46,58
1,151,6,52,58
1,152,6,37,58
1,153,6,51,58
1,154,6,41,58
1,155,6,59,58
1,156,6,39,58
1,157,6,34,58
1,158,6,53,58
1,159,6,42,58
1,160,6,40,58
1,161,6,55,58
1,162,6,35,58
1,163,6,49,58
1,164,6,60,58
1,165,6,58,58
1,166,6,56,58
5,1,7,81,124
5,2,7,87,124
5,3,7,63,124
5,4,7,68,124
5,5,7,84,124
5,6,7,85,124
5,7,7,88,124
5,8,7,70,124
5,9,7,83,124
5,10,7,75,124
5,11,7,79,124
5,12,7,66,124
5,13,7,74,124
5,14,7,65,124
5,15,7,67,124
5,16,7,76,124
5,17,7,71,124
5,18,7,82,124
5,19,7,78,124
5,20,7,69,124
5,21,7,62,124
1,22,7,147,124
1,23,7,86,124
1,24,7,72,124
1,25,7,73,124
1,26,7,142,124
1,27,7,161,124
1,28,7,145,124
1,29,7,141,124
1,30,7,64,124
1,31,7,158,124
1,32,7,166,124
1,33,7,154,124
1,34,7,165,124
1,35,7,80,124
1,36,7,77,124
1,37,7,159,124
1,38,7,157,124
1,39,7,164,124
1,40,7,156,124
1,41,7,137,124
1,42,7,144,124
1,43,7,140,124
1,44,7,138,124
1,45,7,150,124
1,46,7,146,124
1,47,7,139,124
1,48,7,162,124
1,49,7,155,124
1,50,7,151,124
1,51,7,152,124
1,52,7,149,124
1,53,7,120,124
1,54,7,121,124
1,55,7,135,124
1,56,7,163,124
1,57,7,122,124
1,58,7,127,124
1,59,7,131,124
1,60,7,129,124
1,61,7,136,124
1,62,7,123,124
1,63,7,132,124
1,64,7,126,124
1,65,7,134,124
1,66,7,119,124
1,67,7,124,124
1,68,7,148,124
1,69,7,125,124
1,70,7,22,124
1,71,7,128,124
1,72,7,153,124
1,73,7,130,124
1,74,7,143,124
1,75,7,21,124
1,76,7,160,124
1,77,7,28,124
1,78,7,32,124
1,79,7,4,124
1,80,7,7,124
1,81,7,24,124
1,82,7,1,124
1,83,7,16,124
1,84,7,13,124
1,85,7,15,124
1,86,7,20,124
1,87,7,2,124
1,88,7,19,124
1,89,7,10,124
1,90,7,11,124
1,91,7,5,124
1,92,7,9,124
1,93,7,29,124
1,94,7,30,124
1,95,7,26,124
1,96,7,31,124
1,97,7,3,124
1,98,7,12,124
1,99,7,18,124
1,100,7,25,124
1,101,7,133,124
1,102,7,27,124
1,103,7,6,124
1,104,7,14,124
1,105,7,97,124
1,106,7,108,124
1,107,7,110,124
1,108,7,105,124
1,109,7,109,124
1,110,7,95,124
1,111,7,118,124
1,112,7,106,124
1,113,7,17,124
1,114,7,111,124
1,115,7,115,124
1,116,7,113,124
1,117,7,90,124
1,118,7,100,124
1,119,7,116,124
1,120,7,102,124
1,121,7,101,124
1,122,7,94,124
1,123,7,114,124
1,124,7,8,124
1,125,7,117,124
1,126,7,98,124
1,127,7,103,124
1,128,7,44,124
1,129,7,112,124
1,130,7,93,124
1,131,7,107,124
1,132,7,99,124
1,133,7,89,124
1,134,7,91,124
1,135,7,96,124
1,136,7,92,124
1,137,7,104,124
1,138,7,48,124
1,139,7,61,124
1,140,7,23,124
1,141,7,36,124
1,142,7,50,124
1,143,7,47,124
1,144,7,43,124
1,145,7,57,124
1,146,7,33,124
1,147,7,38,124
1,148,7,45,124
1,149,7,54,124
1,150,7,46,124
1,151,7,52,124
1,152,7,37,124
1,153,7,51,124
1,154,7,41,124
1,155,7,59,124
1,156,7,39,124
1,157,7,34,124
1,158,7,53,124
1,159,7,42,124
1,160,7,40,124
1,161,7,55,124
1,162,7,35,124
1,163,7,49,124
1,164,7,60,124
1,165,7,58,124
1,166,7,56,124
5,1,8,81,129
5,2,8,87,129
5,3,8,63,129
5,4,8,68,129
5,5,8,84,129
5,6,8,85,129
5,7,8,88,129
5,8,8,70,129
5,9,8,83,129
5,10,8,75,129
5,11,8,79,129
5,12,8,66,129
5,13,8,74,129
5,14,8,65,129
5,15,8,67,129
5,16,8,76,129
5,17,8,71,129
5,18,8,82,129
5,19,8,78,129
5,20,8,69,129
5,21,8,62,129
1,22,8,147,129
1,23,8,86,129
1,24,8,72,129
1,25,8,73,129
1,26,8,142,129
1,27,8,161,129
1,28,8,145,129
1,29,8,141,129
1,30,8,64,129
1,31,8,158,129
1,32,8,166,129
1,33,8,154,129
1,34,8,165,129
1,35,8,80,129
1,36,8,77,129
1,37,8,159,129
1,38,8,157,129
1,39,8,164,129
1,40,8,156,129
1,41,8,137,129
1,42,8,144,129
1,43,8,140,129
1,44,8,138,129
1,45,8,150,129
1,46,8,146,129
1,47,8,139,129
1,48,8,162,129
1,49,8,155,129
1,50,8,151,129
1,51,8,152,129
1,52,8,149,129
1,53,8,120,129
1,54,8,121,129
1,55,8,135,129
1,56,8,163,129
1,57,8,122,129
1,58,8,127,129
1,59,8,131,129
1,60,8,129,129
1,61,8,136,129
1,62,8,123,129
1,63,8,132,129
1,64,8,126,129
1,65,8,134,129
1,66,8,119,129
1,67,8,124,129
1,68,8,148,129
1,69,8,125,129
1,70,8,22,129
1,71,8,128,129
1,72,8,153,129
1,73,8,130,129
1,74,8,143,129
1,75,8,21,129
1,76,8,160,129
1,77,8,28,129
1,78,8,32,129
1,79,8,4,129
1,80,8,7,129
1,81,8,24,129
1,82,8,1,129
1,83,8,16,129
1,84,8,13,129
1,85,8,15,129
1,86,8,20,129
1,87,8,2,129
1,88,8,19,129
1,89,8,10,129
1,90,8,11,129
1,91,8,5,129
1,92,8,9,129
1,93,8,29,129
1,94,8,30,129
1,95,8,26,129
1,96,8,31,129
1,97,8,3,129
1,98,8,12,129
1,99,8,18,129
1,100,8,25,129
1,101,8,133,129
1,102,8,27,129
1,103,8,6,129
1,104,8,14,129
1,105,8,97,129
1,106,8,108,129
1,107,8,110,129
1,108,8,105,129
1,109,8,109,129
1,110,8,95,129
1,111,8,118,129
1,112,8,106,129
1,113,8,17,129
1,114,8,111,129
1,115,8,115,129
1,116,8,113,129
1,117,8,90,129
1,118,8,100,129
1,119,8,116,129
1,120,8,102,129
1,121,8,101,129
1,122,8,94,129
1,123,8,114,129
1,124,8,8,129
1,125,8,117,129
1,126,8,98,129
1,127,8,103,129
1,128,8,44,129
1,129,8,112,129
1,130,8,93,129
1,131,8,107,129
1,132,8,99,129
1,133,8,89,129
1,134,8,91,129
1,135,8,96,129
1,136,8,92,129
1,137,8,104,129
1,138,8,48,129
1,139,8,61,129
1,140,8,23,129
1,141,8,36,129
1,142,8,50,129
1,143,8,47,129
1,144,8,43,129
1,145,8,57,129
1,146,8,33,129
1,147,8,38,129
1,148,8,45,129
1,149,8,54,129
1,150,8,46,129
1,151,8,52,129
1,152,8,37,129
1,153,8,51,129
1,154,8,41,129
1,155,8,59,129
1,156,8,39,129
1,157,8,34,129
1,158,8,53,129
1,159,8,42,129
1,160,8,40,129
1,161,8,55,129
1,162,8,35,129
1,163,8,49,129
1,164,8,60,129
1,165,8,58,129
1,166,8,56,129
5,1,9,81,52
5,2,9,87,52
5,3,9,63,52
5,4,9,68,52
5,5,9,84,52
5,6,9,85,52
5,7,9,88,52
5,8,9,70,52
5,9,9,83,52
5,10,9,75,52
5,11,9,79,52
5,12,9,66,52
5,13,9,74,52
5,14,9,65,52
5,15,9,67,52
5,16,9,76,52
5,17,9,71,52
5,18,9,82,52
5,19,9,78,52
5,20,9,69,52
5,21,9,62,52
1,22,9,147,52
1,23,9,86,52
1,24,9,72,52
1,25,9,73,52
1,26,9,142,52
1,27,9,161,52
1,28,9,145,52
1,29,9,141,52
1,30,9,64,52
1,31,9,158,52
1,32,9,166,52
1,33,9,154,52
1,34,9,165,52
1,35,9,80,52
1,36,9,77,52
1,37,9,159,52
1,38,9,157,52
1,39,9,164,52
1,40,9,156,52
1,41,9,137,52
1,42,9,144,52
1,43,9,140,52
1,44,9,138,52
1,45,9,150,52
1,46,9,146,52
1,47,9,139,52
1,48,9,162,52
1,49,9,155,52
1,50,9,151,52
1,51,9,152,52
1,52,9,149,52
1,53,9,120,52
1,54,9,121,52
1,55,9,135,52
1,56,9,163,52
1,57,9,122,52
1,58,9,127,52
1,59,9,131,52
1,60,9,129,52
1,61,9,136,52
1,62,9,123,52
1,63,9,132,52
1,64,9,126,52
1,65,9,134,52
1,66,9,119,52
1,67,9,124,52
1,68,9,148,52
1,69,9,125,52
1,70,9,22,52
1,71,9,128,52
1,72,9,153,52
1,73,9,130,52
1,74,9,143,52
1,75,9,21,52
1,76,9,160,52
1,77,9,28,52
1,78,9,32,52
1,79,9,4,52
1,80,9,7,52
1,81,9,24,52
1,82,9,1,52
1,83,9,16,52
1,84,9,13,52
1,85,9,15,52
1,86,9,20,52
1,87,9,2,52
1,88,9,19,52
1,89,9,10,52
1,90,9,11,52
1,91,9,5,52
1,92,9,9,52
1,93,9,29,52
1,94,9,30,52
1,95,9,26,52
1,96,9,31,52
1,97,9,3,52
1,98,9,12,52
1,99,9,18,52
1,100,9,25,52
1,101,9,133,52
1,102,9,27,52
1,103,9,6,52
1,104,9,14,52
1,105,9,97,52
1,106,9,108,52
1,107,9,110,52
1,108,9,105,52
1,109,9,109,52
1,110,9,95,52
1,111,9,118,52
1,112,9,106,52
1,113,9,17,52
1,114,9,111,52
1,115,9,115,52
1,116,9,113,52
1,117,9,90,52
1,118,9,100,52
1,119,9,116,52
1,120,9,102,52
1,121,9,101,52
1,122,9,94,52
1,123,9,114,52
1,124,9,8,52
1,125,9,117,52
1,126,9,98,52
1,127,9,103,52
1,128,9,44,52
1,129,9,112,52
1,130,9,93,52
1,131,9,107,52
1,132,9,99,52
1,133,9,89,52
1,134,9,91,52
1,135,9,96,52
1,136,9,92,52
1,137,9,104,52
1,138,9,48,52
1,139,9,61,52
1,140,9,23,52
1,141,9,36,52
1,142,9,50,52
1,143,9,47,52
1,144,9,43,52
1,145,9,57,52
1,146,9,33,52
1,147,9,38,52
1,148,9,45,52
1,149,9,54,52
1,150,9,46,52
1,151,9,52,52
1,152,9,37,52
1,153,9,51,52
1,154,9,41,52
1,155,9,59,52
1,156,9,39,52
1,157,9,34,52
1,158,9,53,52
1,159,9,42,52
1,160,9,40,52
1,161,9,55,52
1,162,9,35,52
1,163,9,49,52
1,164,9,60,52
1,165,9,58,52
1,166,9,56,52
5,1,10,81,40
5,2,10,87,40
5,3,10,63,40
5,4,10,68,40
5,5,10,84,40
5,6,10,85,40
5,7,10,88,40
5,8,10,70,40
5,9,10,83,40
5,10,10,75,40
5,11,10,79,40
5,12,10,66,40
5,13,10,74,40
5,14,10,65,40
5,15,10,67,40
5,16,10,76,40
5,17,10,71,40
5,18,10,82,40
5,19,10,78,40
5,20,10,69,40
5,21,10,62,40
1,22,10,147,40
1,23,10,86,40
1,24,10,72,40
1,25,10,73,40
1,26,10,142,40
1,27,10,161,40
1,28,10,145,40
1,29,10,141,40
1,30,10,64,40
1,31,10,158,40
1,32,10,166,40
1,33,10,154,40
1,34,10,165,40
1,35,10,80,40
1,36,10,77,40
1,37,10,159,40
1,38,10,157,40
1,39,10,164,40
1,40,10,156,40
1,41,10,137,40
1,42,10,144,40
1,43,10,140,40
1,44,10,138,40
1,45,10,150,40
1,46,10,146,40
1,47,10,139,40
1,48,10,162,40
1,49,10,155,40
1,50,10,151,40
1,51,10,152,40
1,52,10,149,40
1,53,10,120,40
1,54,10,121,40
1,55,10,135,40
1,56,10,163,40
1,57,10,122,40
1,58,10,127,40
1,59,10,131,40
1,60,10,129,40
1,61,10,136,40
1,62,10,123,40
1,63,10,132,40
1,64,10,126,40
1,65,10,134,40
1,66,10,119,40
1,67,10,124,40
1,68,10,148,40
1,69,10,125,40
1,70,10,22,40
1,71,10,128,40
1,72,10,153,40
1,73,10,130,40
1,74,10,143,40
1,75,10,21,40
1,76,10,160,40
1,77,10,28,40
1,78,10,32,40
1,79,10,4,40
1,80,10,7,40
1,81,10,24,40
1,82,10,1,40
1,83,10,16,40
1,84,10,13,40
1,85,10,15,40
1,86,10,20,40
1,87,10,2,40
1,88,10,19,40
1,89,10,10,40
1,90,10,11,40
1,91,10,5,40
1,92,10,9,40
1,93,10,29,40
1,94,10,30,40
1,95,10,26,40
1,96,10,31,40
1,97,10,3,40
1,98,10,12,40
1,99,10,18,40
1,100,10,25,40
1,101,10,133,40
1,102,10,27,40
1,103,10,6,40
1,104,10,14,40
1,105,10,97,40
1,106,10,108,40
1,107,10,110,40
1,108,10,105,40
1,109,10,109,40
1,110,10,95,40
1,111,10,118,40
1,112,10,106,40
1,113,10,17,40
1,114,10,111,40
1,115,10,115,40
1,116,10,113,40
1,117,10,90,40
1,118,10,100,40
1,119,10,116,40
1,120,10,102,40
1,121,10,101,40
1,122,10,94,40
1,123,10,114,40
1,124,10,8,40
1,125,10,117,40
1,126,10,98,40
1,127,10,103,40
1,128,10,44,40
1,129,10,112,40
1,130,10,93,40
1,131,10,107,40
1,132,10,99,40
1,133,10,89,40
1,134,10,91,40
1,135,10,96,40
1,136,10,92,40
1,137,10,104,40
1,138,10,48,40
1,139,10,61,40
1,140,10,23,40
1,141,10,36,40
1,142,10,50,40
1,143,10,47,40
1,144,10,43,40
1,145,10,57,40
1,146,10,33,40
1,147,10,38,40
1,148,10,45,40
1,149,10,54,40
1,150,10,46,40
1,151,10,52,40
1,152,10,37,40
1,153,10,51,40
1,154,10,41,40
1,155,10,59,40
1,156,10,39,40
1,157,10,34,40
1,158,10,53,40
1,159,10,42,40
1,160,10,40,40
1,161,10,55,40
1,162,10,35,40
1,163,10,49,40
1,164,10,60,40
1,165,10,58,40
1,166,10,56,40
5,1,11,81,84
5,2,11,87,84
5,3,11,63,84
5,4,11,68,84
5,5,11,84,84
5,6,11,85,84
5,7,11,88,84
5,8,11,70,84
5,9,11,83,84
5,10,11,75,84
5,11,11,79,84
5,12,11,66,84
5,13,11,74,84
5,14,11,65,84
5,15,11,67,84
5,16,11,76,84
5,17,11,71,84
5,18,11,82,84
5,19,11,78,84
5,20,11,69,84
5,21,11,62,84
1,22,11,147,84
1,23,11,86,84
1,24,11,72,84
1,25,11,73,84
1,26,11,142,84
1,27,11,161,84
1,28,11,145,84
1,29,11,141,84
1,30,11,64,84
1,31,11,158,84
1,32,11,166,84
1,33,11,154,84
1,34,11,165,84
1,35,11,80,84
1,36,11,77,84
1,37,11,159,84
1,38,11,157,84
1,39,11,164,84
1,40,11,156,84
1,41,11,137,84
1,42,11,144,84
1,43,11,140,84
1,44,11,138,84
1,45,11,150,84
1,46,11,146,84
1,47,11,139,84
1,48,11,162,84
1,49,11,155,84
1,50,11,151,84
1,51,11,152,84
1,52,11,149,84
1,53,11,120,84
1,54,11,121,84
1,55,11,135,84
1,56,11,163,84
1,57,11,122,84
1,58,11,127,84
1,59,11,131,84
1,60,11,129,84
1,61,11,136,84
1,62,11,123,84
1,63,11,132,84
1,64,11,126,84
1,65,11,134,84
1,66,11,119,84
1,67,11,124,84
1,68,11,148,84
1,69,11,125,84
1,70,11,22,84
1,71,11,128,84
1,72,11,153,84
1,73,11,130,84
1,74,11,143,84
1,75,11,21,84
1,76,11,160,84
1,77,11,28,84
1,78,11,32,84
1,79,11,4,84
1,80,11,7,84
1,81,11,24,84
1,82,11,1,84
1,83,11,16,84
1,84,11,13,84
1,85,11,15,84
1,86,11,20,84
1,87,11,2,84
1,88,11,19,84
1,89,11,10,84
1,90,11,11,84
1,91,11,5,84
1,92,11,9,84
1,93,11,29,84
1,94,11,30,84
1,95,11,26,84
1,96,11,31,84
1,97,11,3,84
1,98,11,12,84
1,99,11,18,84
1,100,11,25,84
1,101,11,133,84
1,102,11,27,84
1,103,11,6,84
1,104,11,14,84
1,105,11,97,84
1,106,11,108,84
1,107,11,110,84
1,108,11,105,84
1,109,11,109,84
1,110,11,95,84
1,111,11,118,84
1,112,11,106,84
1,113,11,17,84
1,114,11,111,84
1,115,11,115,84
1,116,11,113,84
1,117,11,90,84
1,118,11,100,84
1,119,11,116,84
1,120,11,102,84
1,121,11,101,84
1,122,11,94,84
1,123,11,114,84
1,124,11,8,84
1,125,11,117,84
1,126,11,98,84
1,127,11,103,84
1,128,11,44,84
1,129,11,112,84
1,130,11,93,84
1,131,11,107,84
1,132,11,99,84
1,133,11,89,84
1,134,11,91,84
1,135,11,96,84
1,136,11,92,84
1,137,11,104,84
1,138,11,48,84
1,139,11,61,84
1,140,11,23,84
1,141,11,36,84
1,142,11,50,84
1,143,11,47,84
1,144,11,43,84
1,145,11,57,84
1,146,11,33,84
1,147,11,38,84
1,148,11,45,84
1,149,11,54,84
1,150,11,46,84
1,151,11,52,84
1,152,11,37,84
1,153,11,51,84
1,154,11,41,84
1,155,11,59,84
1,156,11,39,84
1,157,11,34,84
1,158,11,53,84
1,159,11,42,84
1,160,11,40,84
1,161,11,55,84
1,162,11,35,84
1,163,11,49,84
1,164,11,60,84
1,165,11,58,84
1,166,11,56,84
5,1,12,81,86
5,2,12,87,86
5,3,12,63,86
5,4,12,68,86
5,5,12,84,86
5,6,12,85,86
5,7,12,88,86
5,8,12,70,86
5,9,12,83,86
5,10,12,75,86
5,11,12,79,86
5,12,12,66,86
5,13,12,74,86
5,14,12,65,86
5,15,12,67,86
5,16,12,76,86
5,17,12,71,86
5,18,12,82,86
5,19,12,78,86
5,20,12,69,86
5,21,12,62,86
1,22,12,147,86
1,23,12,86,86
1,24,12,72,86
1,25,12,73,86
1,26,12,142,86
1,27,12,161,86
1,28,12,145,86
1,29,12,141,86
1,30,12,64,86
1,31,12,158,86
1,32,12,166,86
1,33,12,154,86
1,34,12,165,86
1,35,12,80,86
1,36,12,77,86
1,37,12,159,86
1,38,12,157,86
1,39,12,164,86
1,40,12,156,86
1,41,12,137,86
1,42,12,144,86
1,43,12,140,86
1,44,12,138,86
1,45,12,150,86
1,46,12,146,86
1,47,12,139,86
1,48,12,162,86
1,49,12,155,86
1,50,12,151,86
1,51,12,152,86
1,52,12,149,86
1,53,12,120,86
1,54,12,121,86
1,55,12,135,86
1,56,12,163,86
1,57,12,122,86
1,58,12,127,86
1,59,12,131,86
1,60,12,129,86
1,61,12,136,86
1,62,12,123,86
1,63,12,132,86
1,64,12,126,86
1,65,12,134,86
1,66,12,119,86
1,67,12,124,86
1,68,12,148,86
1,69,12,125,86
1,70,12,22,86
1,71,12,128,86
1,72,12,153,86
1,73,12,130,86
1,74,12,143,86
1,75,12,21,86
1,76,12,160,86
1,77,12,28,86
1,78,12,32,86
1,79,12,4,86
1,80,12,7,86
1,81,12,24,86
1,82,12,1,86
1,83,12,16,86
1,84,12,13,86
1,85,12,15,86
1,86,12,20,86
1,87,12,2,86
1,88,12,19,86
1,89,12,10,86
1,90,12,11,86
1,91,12,5,86
1,92,12,9,86
1,93,12,29,86
1,94,12,30,86
1,95,12,26,86
1,96,12,31,86
1,97,12,3,86
1,98,12,12,86
1,99,12,18,86
1,100,12,25,86
1,101,12,133,86
1,102,12,27,86
1,103,12,6,86
1,104,12,14,86
1,105,12,97,86
1,106,12,108,86
1,107,12,110,86
1,108,12,105,86
1,109,12,109,86
1,110,12,95,86
1,111,12,118,86
1,112,12,106,86
1,113,12,17,86
1,114,12,111,86
1,115,12,115,86
1,116,12,113,86
1,117,12,90,86
1,118,12,100,86
1,119,12,116,86
1,120,12,102,86
1,121,12,101,86
1,122,12,94,86
1,123,12,114,86
1,124,12,8,86
1,125,12,117,86
1,126,12,98,86
1,127,12,103,86
1,128,12,44,86
1,129,12,112,86
1,130,12,93,86
1,131,12,107,86
1,132,12,99,86
1,133,12,89,86
1,134,12,91,86
1,135,12,96,86
1,136,12,92,86
1,137,12,104,86
1,138,12,48,86
1,139,12,61,86
1,140,12,23,86
1,141,12,36,86
1,142,12,50,86
1,143,12,47,86
1,144,12,43,86
1,145,12,57,86
1,146,12,33,86
1,147,12,38,86
1,148,12,45,86
1,149,12,54,86
1,150,12,46,86
1,151,12,52,86
1,152,12,37,86
1,153,12,51,86
1,154,12,41,86
1,155,12,59,86
1,156,12,39,86
1,157,12,34,86
1,158,12,53,86
1,159,12,42,86
1,160,12,40,86
1,161,12,55,86
1,162,12,35,86
1,163,12,49,86
1,164,12,60,86
1,165,12,58,86
1,166,12,56,86
5,1,13,81,95
5,2,13,87,95
5,3,13,63,95
5,4,13,68,95
5,5,13,84,95
5,6,13,85,95
5,7,13,88,95
5,8,13,70,95
5,9,13,83,95
5,10,13,75,95
5,11,13,79,95
5,12,13,66,95
5,13,13,74,95
5,14,13,65,95
5,15,13,67,95
5,16,13,76,95
5,17,13,71,95
5,18,13,82,95
5,19,13,78,95
5,20,13,69,95
5,21,13,62,95
1,22,13,147,95
1,23,13,86,95
1,24,13,72,95
1,25,13,73,95
1,26,13,142,95
1,27,13,161,95
1,28,13,145,95
1,29,13,141,95
1,30,13,64,95
1,31,13,158,95
1,32,13,166,95
1,33,13,154,95
1,34,13,165,95
1,35,13,80,95
1,36,13,77,95
1,37,13,159,95
1,38,13,157,95
1,39,13,164,95
1,40,13,156,95
1,41,13,137,95
1,42,13,144,95
1,43,13,140,95
1,44,13,138,95
1,45,13,150,95
1,46,13,146,95
1,47,13,139,95
1,48,13,162,95
1,49,13,155,95
1,50,13,151,95
1,51,13,152,95
1,52,13,149,95
1,53,13,120,95
1,54,13,121,95
1,55,13,135,95
1,56,13,163,95
1,57,13,122,95
1,58,13,127,95
1,59,13,131,95
1,60,13,129,95
1,61,13,136,95
1,62,13,123,95
1,63,13,132,95
1,64,13,126,95
1,65,13,134,95
1,66,13,119,95
1,67,13,124,95
1,68,13,148,95
1,69,13,125,95
1,70,13,22,95
1,71,13,128,95
1,72,13,153,95
1,73,13,130,95
1,74,13,143,95
1,75,13,21,95
1,76,13,160,95
1,77,13,28,95
1,78,13,32,95
1,79,13,4,95
1,80,13,7,95
1,81,13,24,95
1,82,13,1,95
1,83,13,16,95
1,84,13,13,95
1,85,13,15,95
1,86,13,20,95
1,87,13,2,95
1,88,13,19,95
1,89,13,10,95
1,90,13,11,95
1,91,13,5,95
1,92,13,9,95
1,93,13,29,95
1,94,13,30,95
1,95,13,26,95
1,96,13,31,95
1,97,13,3,95
1,98,13,12,95
1,99,13,18,95
1,100,13,25,95
1,101,13,133,95
1,102,13,27,95
1,103,13,6,95
1,104,13,14,95
1,105,13,97,95
1,106,13,108,95
1,107,13,110,95
1,108,13,105,95
1,109,13,109,95
1,110,13,95,95
1,111,13,118,95
1,112,13,106,95
1,113,13,17,95
1,114,13,111,95
1,115,13,115,95
1,116,13,113,95
1,117,13,90,95
1,118,13,100,95
1,119,13,116,95
1,120,13,102,95
1,121,13,101,95
1,122,13,94,95
1,123,13,114,95
1,124,13,8,95
1,125,13,117,95
1,126,13,98,95
1,127,13,103,95
1,128,13,44,95
1,129,13,112,95
1,130,13,93,95
1,131,13,107,95
1,132,13,99,95
1,133,13,89,95
1,134,13,91,95
1,135,13,96,95
1,136,13,92,95
1,137,13,104,95
1,138,13,48,95
1,139,13,61,95
1,140,13,23,95
1,141,13,36,95
1,142,13,50,95
1,143,13,47,95
1,144,13,43,95
1,145,13,57,95
1,146,13,33,95
1,147,13,38,95
1,148,13,45,95
1,149,13,54,95
1,150,13,46,95
1,151,13,52,95
1,152,13,37,95
1,153,13,51,95
1,154,13,41,95
1,155,13,59,95
1,156,13,39,95
1,157,13,34,95
1,158,13,53,95
1,159,13,42,95
1,160,13,40,95
1,161,13,55,95
1,162,13,35,95
1,163,13,49,95
1,164,13,60,95
1,165,13,58,95
1,166,13,56,95
1,1,14,81,101
1,2,14,87,101
1,3,14,63,101
1,4,14,68,101
1,5,14,84,101
1,6,14,85,101
1,7,14,88,101
1,8,14,70,101
1,9,14,83,101
1,10,14,75,101
1,11,14,79,101
1,12,14,66,101
1,13,14,74,101
1,14,14,65,101
1,15,14,67,101
1,16,14,76,101
1,17,14,71,101
1,18,14,82,101
1,19,14,78,101
1,20,14,69,101
1,21,14,62,101
1,22,14,147,101
1,23,14,86,101
1,24,14,72,101
1,25,14,73,101
1,26,14,142,101
1,27,14,161,101
1,28,14,145,101
1,29,14,141,101
1,30,14,64,101
1,31,14,158,101
1,32,14,166,101
1,33,14,154,101
1,34,14,165,101
1,35,14,80,101
1,36,14,77,101
1,37,14,159,101
1,38,14,157,101
1,39,14,164,101
1,40,14,156,101
1,41,14,137,101
1,42,14,144,101
1,43,14,140,101
1,44,14,138,101
1,45,14,150,101
1,46,14,146,101
1,47,14,139,101
1,48,14,162,101
1,49,14,155,101
1,50,14,151,101
1,51,14,152,101
1,52,14,149,101
1,53,14,120,101
1,54,14,121,101
1,55,14,135,101
1,56,14,163,101
1,57,14,122,101
1,58,14,127,101
1,59,14,131,101
1,60,14,129,101
1,61,14,136,101
1,62,14,123,101
1,63,14,132,101
1,64,14,126,101
1,65,14,134,101
1,66,14,119,101
1,67,14,124,101
1,68,14,148,101
1,69,14,125,101
1,70,14,22,101
1,71,14,128,101
1,72,14,153,101
1,73,14,130,101
1,74,14,143,101
1,75,14,21,101
1,76,14,160,101
1,77,14,28,101
1,78,14,32,101
1,79,14,4,101
1,80,14,7,101
1,81,14,24,101
1,82,14,1,101
1,83,14,16,101
1,84,14,13,101
1,85,14,15,101
1,86,14,20,101
1,87,14,2,101
1,88,14,19,101
1,89,14,10,101
1,90,14,11,101
1,91,14,5,101
1,92,14,9,101
1,93,14,29,101
1,94,14,30,101
1,95,14,26,101
1,96,14,31,101
1,97,14,3,101
1,98,14,12,101
1,99,14,18,101
1,100,14,25,101
1,101,14,133,101
1,102,14,27,101
1,103,14,6,101
1,104,14,14,101
1,105,14,97,101
1,106,14,108,101
1,107,14,110,101
1,108,14,105,101
1,109,14,109,101
1,110,14,95,101
1,111,14,118,101
1,112,14,106,101
1,113,14,17,101
1,114,14,111,101
1,115,14,115,101
1,116,14,113,101
1,117,14,90,101
1,118,14,100,101
1,119,14,116,101
1,120,14,102,101
1,121,14,101,101
1,122,14,94,101
1,123,14,114,101
1,124,14,8,101
1,125,14,117,101
1,126,14,98,101
1,127,14,103,101
1,128,14,44,101
1,129,14,112,101
1,130,14,93,101
1,131,14,107,101
1,132,14,99,101
1,133,14,89,101
1,134,14,91,101
1,135,14,96,101
1,136,14,92,101
1,137,14,104,101
1,138,14,48,101
1,139,14,61,101
1,140,14,23,101
1,141,14,36,101
1,142,14,50,101
1,143,14,47,101
1,144,14,43,101
1,145,14,57,101
1,146,14,33,101
1,147,14,38,101
1,148,14,45,101
1,149,14,54,101
1,150,14,46,101
1,151,14,52,101
1,152,14,37,101
1,153,14,51,101
1,154,14,41,101
1,155,14,59,101
1,156,14,39,101
1,157,14,34,101
1,158,14,53,101
1,159,14,42,101
1,160,14,40,101
1,161,14,55,101
1,162,14,35,101
1,163,14,49,101
1,164,14,60,101
1,165,14,58,101
1,166,14,56,101
1,1,15,81,145
1,2,15,87,145
1,3,15,63,145
1,4,15,68,145
1,5,15,84,145
1,6,15,85,145
1,7,15,88,145
1,8,15,70,145
1,9,15,83,145
1,10,15,75,145
1,11,15,79,145
1,12,15,66,145
1,13,15,74,145
1,14,15,65,145
1,15,15,67,145
1,16,15,76,145
1,17,15,71,145
1,18,15,82,145
1,19,15,78,145
1,20,15,69,145
1,21,15,62,145
1,22,15,147,145
1,23,15,86,145
1,24,15,72,145
1,25,15,73,145
1,26,15,142,145
1,27,15,161,145
1,28,15,145,145
1,29,15,141,145
1,30,15,64,145
1,31,15,158,145
1,32,15,166,145
1,33,15,154,145
1,34,15,165,145
1,35,15,80,145
1,36,15,77,145
1,37,15,159,145
1,38,15,157,145
1,39,15,164,145
1,40,15,156,145
1,41,15,137,145
1,42,15,144,145
1,43,15,140,145
1,44,15,138,145
1,45,15,150,145
1,46,15,146,145
1,47,15,139,145
1,48,15,162,145
1,49,15,155,145
1,50,15,151,145
1,51,15,152,145
1,52,15,149,145
1,53,15,120,145
1,54,15,121,145
1,55,15,135,145
1,56,15,163,145
1,57,15,122,145
1,58,15,127,145
1,59,15,131,145
1,60,15,129,145
1,61,15,136,145
1,62,15,123,145
1,63,15,132,145
1,64,15,126,145
1,65,15,134,145
1,66,15,119,145
1,67,15,124,145
1,68,15,148,145
1,69,15,125,145
1,70,15,22,145
1,71,15,128,145
1,72,15,153,145
1,73,15,130,145
1,74,15,143,145
1,75,15,21,145
1,76,15,160,145
1,77,15,28,145
1,78,15,32,145
1,79,15,4,145
1,80,15,7,145
1,81,15,24,145
1,82,15,1,145
1,83,15,16,145
1,84,15,13,145
1,85,15,15,145
1,86,15,20,145
1,87,15,2,145
1,88,15,19,145
1,89,15,10,145
1,90,15,11,145
1,91,15,5,145
1,92,15,9,145
1,93,15,29,145
1,94,15,30,145
1,95,15,26,145
1,96,15,31,145
1,97,15,3,145
1,98,15,12,145
1,99,15,18,145
1,100,15,25,145
1,101,15,133,145
1,102,15,27,145
1,103,15,6,145
1,104,15,14,145
1,105,15,97,145
1,106,15,108,145
1,107,15,110,145
1,108,15,105,145
1,109,15,109,145
1,110,15,95,145
1,111,15,118,145
1,112,15,106,145
1,113,15,17,145
1,114,15,111,145
1,115,15,115,145
1,116,15,113,145
1,117,15,90,145
1,118,15,100,145
1,119,15,116,145
1,120,15,102,145
1,121,15,101,145
1,122,15,94,145
1,123,15,114,145
1,124,15,8,145
1,125,15,117,145
1,126,15,98,145
1,127,15,103,145
1,128,15,44,145
1,129,15,112,145
1,130,15,93,145
1,131,15,107,145
1,132,15,99,145
1,133,15,89,145
1,134,15,91,145
1,135,15,96,145
1,136,15,92,145
1,137,15,104,145
1,138,15,48,145
1,139,15,61,145
1,140,15,23,145
1,141,15,36,145
1,142,15,50,145
1,143,15,47,145
1,144,15,43,145
1,145,15,57,145
1,146,15,33,145
1,147,15,38,145
1,148,15,45,145
1,149,15,54,145
1,150,15,46,145
1,151,15,52,145
1,152,15,37,145
1,153,15,51,145
1,154,15,41,145
1,155,15,59,145
1,156,15,39,145
1,157,15,34,145
1,158,15,53,145
1,159,15,42,145
1,160,15,40,145
1,161,15,55,145
1,162,15,35,145
1,163,15,49,145
1,164,15,60,145
1,165,15,58,145
1,166,15,56,145
1,1,16,81,136
1,2,16,87,136
1,3,16,63,136
1,4,16,68,136
1,5,16,84,136
1,6,16,85,136
1,7,16,88,136
1,8,16,70,136
1,9,16,83,136
1,10,16,75,136
1,11,16,79,136
1,12,16,66,136
1,13,16,74,136
1,14,16,65,136
1,15,16,67,136
1,16,16,76,136
1,17,16,71,136
1,18,16,82,136
1,19,16,78,136
1,20,16,69,136
1,21,16,62,136
1,22,16,147,136
1,23,16,86,136
1,24,16,72,136
1,25,16,73,136
1,26,16,142,136
1,27,16,161,136
1,28,16,145,136
1,29,16,141,136
1,30,16,64,136
1,31,16,158,136
1,32,16,166,136
1,33,16,154,136
1,34,16,165,136
1,35,16,80,136
1,36,16,77,136
1,37,16,159,136
1,38,16,157,136
1,39,16,164,136
1,40,16,156,136
1,41,16,137,136
1,42,16,144,136
1,43,16,140,136
1,44,16,138,136
1,45,16,150,136
1,46,16,146,136
1,47,16,139,136
1,48,16,162,136
1,49,16,155,136
1,50,16,151,136
1,51,16,152,136
1,52,16,149,136
1,53,16,120,136
1,54,16,121,136
1,55,16,135,136
1,56,16,163,136
1,57,16,122,136
1,58,16,127,136
1,59,16,131,136
1,60,16,129,136
1,61,16,136,136
1,62,16,123,136
1,63,16,132,136
1,64,16,126,136
1,65,16,134,136
1,66,16,119,136
1,67,16,124,136
1,68,16,148,136
1,69,16,125,136
1,70,16,22,136
1,71,16,128,136
1,72,16,153,136
1,73,16,130,136
1,74,16,143,136
1,75,16,21,136
1,76,16,160,136
1,77,16,28,136
1,78,16,32,136
1,79,16,4,136
1,80,16,7,136
1,81,16,24,136
1,82,16,1,136
1,83,16,16,136
1,84,16,13,136
1,85,16,15,136
1,86,16,20,136
1,87,16,2,136
1,88,16,19,136
1,89,16,10,136
1,90,16,11,136
1,91,16,5,136
1,92,16,9,136
1,93,16,29,136
1,94,16,30,136
1,95,16,26,136
1,96,16,31,136
1,97,16,3,136
1,98,16,12,136
1,99,16,18,136
1,100,16,25,136
1,101,16,133,136
1,102,16,27,136
1,103,16,6,136
1,104,16,14,136
1,105,16,97,136
1,106,16,108,136
1,107,16,110,136
1,108,16,105,136
1,109,16,109,136
1,110,16,95,136
1,111,16,118,136
1,112,16,106,136
1,113,16,17,136
1,114,16,111,136
1,115,16,115,136
1,116,16,113,136
1,117,16,90,136
1,118,16,100,136
1,119,16,116,136
1,120,16,102,136
1,121,16,101,136
1,122,16,94,136
1,123,16,114,136
1,124,16,8,136
1,125,16,117,136
1,126,16,98,136
1,127,16,103,136
1,128,16,44,136
1,129,16,112,136
1,130,16,93,136
1,131,16,107,136
1,132,16,99,136
1,133,16,89,136
1,134,16,91,136
1,135,16,96,136
1,136,16,92,136
1,137,16,104,136
1,138,16,48,136
1,139,16,61,136
1,140,16,23,136
1,141,16,36,136
1,142,16,50,136
1,143,16,47,136
1,144,16,43,136
1,145,16,57,136
1,146,16,33,136
1,147,16,38,136
1,148,16,45,136
1,149,16,54,136
1,150,16,46,136
1,151,16,52,136
1,152,16,37,136
1,153,16,51,136
1,154,16,41,136
1,155,16,59,136
1,156,16,39,136
1,157,16,34,136
1,158,16,53,136
1,159,16,42,136
1,160,16,40,136
1,161,16,55,136
1,162,16,35,136
1,163,16,49,136
1,164,16,60,136
1,165,16,58,136
1,166,16,56,136
1,1,17,81,31
1,2,17,87,31
1,3,17,63,31
1,4,17,68,31
1,5,17,84,31
1,6,17,85,31
1,7,17,88,31
1,8,17,70,31
1,9,17,83,31
1,10,17,75,31
1,11,17,79,31
1,12,17,66,31
1,13,17,74,31
1,14,17,65,31
1,15,17,67,31
1,16,17,76,31
1,17,17,71,31
1,18,17,82,31
1,19,17,78,31
1,20,17,69,31
1,21,17,62,31
1,22,17,147,31
1,23,17,86,31
1,24,17,72,31
1,25,17,73,31
1,26,17,142,31
1,27,17,161,31
1,28,17,145,31
1,29,17,141,31
1,30,17,64,31
1,31,17,158,31
1,32,17,166,31
1,33,17,154,31
1,34,17,165,31
1,35,17,80,31
1,36,17,77,31
1,37,17,159,31
1,38,17,157,31
1,39,17,164,31
1,40,17,156,31
1,41,17,137,31
1,42,17,144,31
1,43,17,140,31
1,44,17,138,31
1,45,17,150,31
1,46,17,146,31
1,47,17,139,31
1,48,17,162,31
1,49,17,155,31
1,50,17,151,31
1,51,17,152,31
1,52,17,149,31
1,53,17,120,31
1,54,17,121,31
1,55,17,135,31
1,56,17,163,31
1,57,17,122,31
1,58,17,127,31
1,59,17,131,31
1,60,17,129,31
1,61,17,136,31
1,62,17,123,31
1,63,17,132,31
1,64,17,126,31
1,65,17,134,31
1,66,17,119,31
1,67,17,124,31
1,68,17,148,31
1,69,17,125,31
1,70,17,22,31
1,71,17,128,31
1,72,17,153,31
1,73,17,130,31
1,74,17,143,31
1,75,17,21,31
1,76,17,160,31
1,77,17,28,31
1,78,17,32,31
1,79,17,4,31
1,80,17,7,31
1,81,17,24,31
1,82,17,1,31
1,83,17,16,31
1,84,17,13,31
1,85,17,15,31
1,86,17,20,31
1,87,17,2,31
1,88,17,19,31
1,89,17,10,31
1,90,17,11,31
1,91,17,5,31
1,92,17,9,31
1,93,17,29,31
1,94,17,30,31
1,95,17,26,31
1,96,17,31,31
1,97,17,3,31
1,98,17,12,31
1,99,17,18,31
1,100,17,25,31
1,101,17,133,31
1,102,17,27,31
1,103,17,6,31
1,104,17,14,31
1,105,17,97,31
1,106,17,108,31
1,107,17,110,31
1,108,17,105,31
1,109,17,109,31
1,110,17,95,31
1,111,17,118,31
1,112,17,106,31
1,113,17,17,31
1,114,17,111,31
1,115,17,115,31
1,116,17,113,31
1,117,17,90,31
1,118,17,100,31
1,119,17,116,31
1,120,17,102,31
1,121,17,101,31
1,122,17,94,31
1,123,17,114,31
1,124,17,8,31
1,125,17,117,31
1,126,17,98,31
1,127,17,103,31
1,128,17,44,31
1,129,17,112,31
1,130,17,93,31
1,131,17,107,31
1,132,17,99,31
1,133,17,89,31
1,134,17,91,31
1,135,17,96,31
1,136,17,92,31
1,137,17,104,31
1,138,17,48,31
1,139,17,61,31
1,140,17,23,31
1,141,17,36,31
1,142,17,50,31
1,143,17,47,31
1,144,17,43,31
1,145,17,57,31
1,146,17,33,31
1,147,17,38,31
1,148,17,45,31
1,149,17,54,31
1,150,17,46,31
1,151,17,52,31
1,152,17,37,31
1,153,17,51,31
1,154,17,41,31
1,155,17,59,31
1,156,17,39,31
1,157,17,34,31
1,158,17,53,31
1,159,17,42,31
1,160,17,40,31
1,161,17,55,31
1,162,17,35,31
1,163,17,49,31
1,164,17,60,31
1,165,17,58,31
1,166,17,56,31
1,1,18,81,49
1,2,18,87,49
1,3,18,63,49
1,4,18,68,49
1,5,18,84,49
1,6,18,85,49
1,7,18,88,49
1,8,18,70,49
1,9,18,83,49
1,10,18,75,49
1,11,18,79,49
1,12,18,66,49
1,13,18,74,49
1,14,18,65,49
1,15,18,67,49
1,16,18,76,49
1,17,18,71,49
1,18,18,82,49
1,19,18,78,49
1,20,18,69,49
1,21,18,62,49
1,22,18,147,49
1,23,18,86,49
1,24,18,72,49
1,25,18,73,49
1,26,18,142,49
1,27,18,161,49
1,28,18,145,49
1,29,18,141,49
1,30,18,64,49
1,31,18,158,49
1,32,18,166,49
1,33,18,154,49
1,34,18,165,49
1,35,18,80,49
1,36,18,77,49
1,37,18,159,49
1,38,18,157,49
1,39,18,164,49
1,40,18,156,49
1,41,18,137,49
1,42,18,144,49
1,43,18,140,49
1,44,18,138,49
1,45,18,150,49
1,46,18,146,49
1,47,18,139,49
1,48,18,162,49
1,49,18,155,49
1,50,18,151,49
1,51,18,152,49
1,52,18,149,49
1,53,18,120,49
1,54,18,121,49
1,55,18,135,49
1,56,18,163,49
1,57,18,122,49
1,58,18,127,49
1,59,18,131,49
1,60,18,129,49
1,61,18,136,49
1,62,18,123,49
1,63,18,132,49
1,64,18,126,49
1,65,18,134,49
1,66,18,119,49
1,67,18,124,49
1,68,18,148,49
1,69,18,125,49
1,70,18,22,49
1,71,18,128,49
1,72,18,153,49
1,73,18,130,49
1,74,18,143,49
1,75,18,21,49
1,76,18,160,49
1,77,18,28,49
1,78,18,32,49
1,79,18,4,49
1,80,18,7,49
1,81,18,24,49
1,82,18,1,49
1,83,18,16,49
1,84,18,13,49
1,85,18,15,49
1,86,18,20,49
1,87,18,2,49
1,88,18,19,49
1,89,18,10,49
1,90,18,11,49
1,91,18,5,49
1,92,18,9,49
1,93,18,29,49
1,94,18,30,49
1,95,18,26,49
1,96,18,31,49
1,97,18,3,49
1,98,18,12,49
1,99,18,18,49
1,100,18,25,49
1,101,18,133,49
1,102,18,27,49
1,103,18,6,49
1,104,18,14,49
1,105,18,97,49
1,106,18,108,49
1,107,18,110,49
1,108,18,105,49
1,109,18,109,49
1,110,18,95,49
1,111,18,118,49
1,112,18,106,49
1,113,18,17,49
1,114,18,111,49
1,115,18,115,49
1,116,18,113,49
1,117,18,90,49
1,118,18,100,49
1,119,18,116,49
1,120,18,102,49
1,121,18,101,49
1,122,18,94,49
1,123,18,114,49
1,124,18,8,49
1,125,18,117,49
1,126,18,98,49
1,127,18,103,49
1,128,18,44,49
1,129,18,112,49
1,130,18,93,49
1,131,18,107,49
1,132,18,99,49
1,133,18,89,49
1,134,18,91,49
1,135,18,96,49
1,136,18,92,49
1,137,18,104,49
1,138,18,48,49
1,139,18,61,49
1,140,18,23,49
1,141,18,36,49
1,142,18,50,49
1,143,18,47,49
1,144,18,43,49
1,145,18,57,49
1,146,18,33,49
1,147,18,38,49
1,148,18,45,49
1,149,18,54,49
1,150,18,46,49
1,151,18,52,49
1,152,18,37,49
1,153,18,51,49
1,154,18,41,49
1,155,18,59,49
1,156,18,39,49
1,157,18,34,49
1,158,18,53,49
1,159,18,42,49
1,160,18,40,49
1,161,18,55,49
1,162,18,35,49
1,163,18,49,49
1,164,18,60,49
1,165,18,58,49
1,166,18,56,49
1,1,19,81,65
1,2,19,87,65
1,3,19,63,65
1,4,19,68,65
1,5,19,84,65
1,6,19,85,65
1,7,19,88,65
1,8,19,70,65
1,9,19,83,65
1,10,19,75,65
1,11,19,79,65
1,12,19,66,65
1,13,19,74,65
1,14,19,65,65
1,15,19,67,65
1,16,19,76,65
1,17,19,71,65
1,18,19,82,65
1,19,19,78,65
1,20,19,69,65
1,21,19,62,65
1,22,19,147,65
1,23,19,86,65
1,24,19,72,65
1,25,19,73,65
1,26,19,142,65
1,27,19,161,65
1,28,19,145,65
1,29,19,141,65
1,30,19,64,65
1,31,19,158,65
1,32,19,166,65
1,33,19,154,65
1,34,19,165,65
1,35,19,80,65
1,36,19,77,65
1,37,19,159,65
1,38,19,157,65
1,39,19,164,65
1,40,19,156,65
1,41,19,137,65
1,42,19,144,65
1,43,19,140,65
1,44,19,138,65
1,45,19,150,65
1,46,19,146,65
1,47,19,139,65
1,48,19,162,65
1,49,19,155,65
1,50,19,151,65
1,51,19,152,65
1,52,19,149,65
1,53,19,120,65
1,54,19,121,65
1,55,19,135,65
1,56,19,163,65
1,57,19,122,65
1,58,19,127,65
1,59,19,131,65
1,60,19,129,65
1,61,19,136,65
1,62,19,123,65
1,63,19,132,65
1,64,19,126,65
1,65,19,134,65
1,66,19,119,65
1,67,19,124,65
1,68,19,148,65
1,69,19,125,65
1,70,19,22,65
1,71,19,128,65
1,72,19,153,65
1,73,19,130,65
1,74,19,143,65
1,75,19,21,65
1,76,19,160,65
1,77,19,28,65
1,78,19,32,65
1,79,19,4,65
1,80,19,7,65
1,81,19,24,65
1,82,19,1,65
1,83,19,16,65
1,84,19,13,65
1,85,19,15,65
1,86,19,20,65
1,87,19,2,65
1,88,19,19,65
1,89,19,10,65
1,90,19,11,65
1,91,19,5,65
1,92,19,9,65
1,93,19,29,65
1,94,19,30,65
1,95,19,26,65
1,96,19,31,65
1,97,19,3,65
1,98,19,12,65
1,99,19,18,65
1,100,19,25,65
1,101,19,133,65
1,102,19,27,65
1,103,19,6,65
1,104,19,14,65
1,105,19,97,65
1,106,19,108,65
1,107,19,110,65
1,108,19,105,65
1,109,19,109,65
1,110,19,95,65
1,111,19,118,65
1,112,19,106,65
1,113,19,17,65
1,114,19,111,65
1,115,19,115,65
1,116,19,113,65
1,117,19,90,65
1,118,19,100,65
1,119,19,116,65
1,120,19,102,65
1,121,19,101,65
1,122,19,94,65
1,123,19,114,65
1,124,19,8,65
1,125,19,117,65
1,126,19,98,65
1,127,19,103,65
1,128,19,44,65
1,129,19,112,65
1,130,19,93,65
1,131,19,107,65
1,132,19,99,65
1,133,19,89,65
1,134,19,91,65
1,135,19,96,65
1,136,19,92,65
1,137,19,104,65
1,138,19,48,65
1,139,19,61,65
1,140,19,23,65
1,141,19,36,65
1,142,19,50,65
1,143,19,47,65
1,144,19,43,65
1,145,19,57,65
1,146,19,33,65
1,147,19,38,65
1,148,19,45,65
1,149,19,54,65
1,150,19,46,65
1,151,19,52,65
1,152,19,37,65
1,153,19,51,65
1,154,19,41,65
1,155,19,59,65
1,156,19,39,65
1,157,19,34,65
1,158,19,53,65
1,159,19,42,65
1,160,19,40,65
1,161,19,55,65
1,162,19,35,65
1,163,19,49,65
1,164,19,60,65
1,165,19,58,65
1,166,19,56,65
1,1,20,81,125
1,2,20,87,125
1,3,20,63,125
1,4,20,68,125
1,5,20,84,125
1,6,20,85,125
1,7,20,88,125
1,8,20,70,125
1,9,20,83,125
1,10,20,75,125
1,11,20,79,125
1,12,20,66,125
1,13,20,74,125
1,14,20,65,125
1,15,20,67,125
1,16,20,76,125
1,17,20,71,125
1,18,20,82,125
1,19,20,78,125
1,20,20,69,125
1,21,20,62,125
1,22,20,147,125
1,23,20,86,125
1,24,20,72,125
1,25,20,73,125
1,26,20,142,125
1,27,20,161,125
1,28,20,145,125
1,29,20,141,125
1,30,20,64,125
1,31,20,158,125
1,32,20,166,125
1,33,20,154,125
1,34,20,165,125
1,35,20,80,125
1,36,20,77,125
1,37,20,159,125
1,38,20,157,125
1,39,20,164,125
1,40,20,156,125
1,41,20,137,125
1,42,20,144,125
1,43,20,140,125
1,44,20,138,125
1,45,20,150,125
1,46,20,146,125
1,47,20,139,125
1,48,20,162,125
1,49,20,155,125
1,50,20,151,125
1,51,20,152,125
1,52,20,149,125
1,53,20,120,125
1,54,20,121,125
1,55,20,135,125
1,56,20,163,125
1,57,20,122,125
1,58,20,127,125
1,59,20,131,125
1,60,20,129,125
1,61,20,136,125
1,62,20,123,125
1,63,20,132,125
1,64,20,126,125
1,65,20,134,125
1,66,20,119,125
1,67,20,124,125
1,68,20,148,125
1,69,20,125,125
1,70,20,22,125
1,71,20,128,125
1,72,20,153,125
1,73,20,130,125
1,74,20,143,125
1,75,20,21,125
1,76,20,160,125
1,77,20,28,125
1,78,20,32,125
1,79,20,4,125
1,80,20,7,125
1,81,20,24,125
1,82,20,1,125
1,83,20,16,125
1,84,20,13,125
1,85,20,15,125
1,86,20,20,125
1,87,20,2,125
1,88,20,19,125
1,89,20,10,125
1,90,20,11,125
1,91,20,5,125
1,92,20,9,125
1,93,20,29,125
1,94,20,30,125
1,95,20,26,125
1,96,20,31,125
1,97,20,3,125
1,98,20,12,125
1,99,20,18,125
1,100,20,25,125
1,101,20,133,125
1,102,20,27,125
1,103,20,6,125
1,104,20,14,125
1,105,20,97,125
1,106,20,108,125
1,107,20,110,125
1,108,20,105,125
1,109,20,109,125
1,110,20,95,125
1,111,20,118,125
1,112,20,106,125
1,113,20,17,125
1,114,20,111,125
1,115,20,115,125
1,116,20,113,125
1,117,20,90,125
1,118,20,100,125
1,119,20,116,125
1,120,20,102,125
1,121,20,101,125
1,122,20,94,125
1,123,20,114,125
1,124,20,8,125
1,125,20,117,125
1,126,20,98,125
1,127,20,103,125
1,128,20,44,125
1,129,20,112,125
1,130,20,93,125
1,131,20,107,125
1,132,20,99,125
1,133,20,89,125
1,134,20,91,125
1,135,20,96,125
1,136,20,92,125
1,137,20,104,125
1,138,20,48,125
1,139,20,61,125
1,140,20,23,125
1,141,20,36,125
1,142,20,50,125
1,143,20,47,125
1,144,20,43,125
1,145,20,57,125
1,146,20,33,125
1,147,20,38,125
1,148,20,45,125
1,149,20,54,125
1,150,20,46,125
1,151,20,52,125
1,152,20,37,125
1,153,20,51,125
1,154,20,41,125
1,155,20,59,125
1,156,20,39,125
1,157,20,34,125
1,158,20,53,125
1,159,20,42,125
1,160,20,40,125
1,161,20,55,125
1,162,20,35,125
1,163,20,49,125
1,164,20,60,125
1,165,20,58,125
1,166,20,56,125
1,1,21,81,53
1,2,21,87,53
1,3,21,63,53
1,4,21,68,53
1,5,21,84,53
1,6,21,85,53
1,7,21,88,53
1,8,21,70,53
1,9,21,83,53
1,10,21,75,53
1,11,21,79,53
1,12,21,66,53
1,13,21,74,53
1,14,21,65,53
1,15,21,67,53
1,16,21,76,53
1,17,21,71,53
1,18,21,82,53
1,19,21,78,53
1,20,21,69,53
1,21,21,62,53
1,22,21,147,53
1,23,21,86,53
1,24,21,72,53
1,25,21,73,53
1,26,21,142,53
1,27,21,161,53
1,28,21,145,53
1,29,21,141,53
1,30,21,64,53
1,31,21,158,53
1,32,21,166,53
1,33,21,154,53
1,34,21,165,53
1,35,21,80,53
1,36,21,77,53
1,37,21,159,53
1,38,21,157,53
1,39,21,164,53
1,40,21,156,53
1,41,21,137,53
1,42,21,144,53
1,43,21,140,53
1,44,21,138,53
1,45,21,150,53
1,46,21,146,53
1,47,21,139,53
1,48,21,162,53
1,49,21,155,53
1,50,21,151,53
1,51,21,152,53
1,52,21,149,53
1,53,21,120,53
1,54,21,121,53
1,55,21,135,53
1,56,21,163,53
1,57,21,122,53
1,58,21,127,53
1,59,21,131,53
1,60,21,129,53
1,61,21,136,53
1,62,21,123,53
1,63,21,132,53
1,64,21,126,53
1,65,21,134,53
1,66,21,119,53
1,67,21,124,53
1,68,21,148,53
1,69,21,125,53
1,70,21,22,53
1,71,21,128,53
1,72,21,153,53
1,73,21,130,53
1,74,21,143,53
1,75,21,21,53
1,76,21,160,53
1,77,21,28,53
1,78,21,32,53
1,79,21,4,53
1,80,21,7,53
1,81,21,24,53
1,82,21,1,53
1,83,21,16,53
1,84,21,13,53
1,85,21,15,53
1,86,21,20,53
1,87,21,2,53
1,88,21,19,53
1,89,21,10,53
1,90,21,11,53
1,91,21,5,53
1,92,21,9,53
1,93,21,29,53
1,94,21,30,53
1,95,21,26,53
1,96,21,31,53
1,97,21,3,53
1,98,21,12,53
1,99,21,18,53
1,100,21,25,53
1,101,21,133,53
1,102,21,27,53
1,103,21,6,53
1,104,21,14,53
1,105,21,97,53
1,106,21,108,53
1,107,21,110,53
1,108,21,105,53
1,109,21,109,53
1,110,21,95,53
1,111,21,118,53
1,112,21,106,53
1,113,21,17,53
1,114,21,111,53
1,115,21,115,53
1,116,21,113,53
1,117,21,90,53
1,118,21,100,53
1,119,21,116,53
1,120,21,102,53
1,121,21,101,53
1,122,21,94,53
1,123,21,114,53
1,124,21,8,53
1,125,21,117,53
1,126,21,98,53
1,127,21,103,53
1,128,21,44,53
1,129,21,112,53
1,130,21,93,53
1,131,21,107,53
1,132,21,99,53
1,133,21,89,53
1,134,21,91,53
1,135,21,96,53
1,136,21,92,53
1,137,21,104,53
1,138,21,48,53
1,139,21,61,53
1,140,21,23,53
1,141,21,36,53
1,142,21,50,53
1,143,21,47,53
1,144,21,43,53
1,145,21,57,53
1,146,21,33,53
1,147,21,38,53
1,148,21,45,53
1,149,21,54,53
1,150,21,46,53
1,151,21,52,53
1,152,21,37,53
1,153,21,51,53
1,154,21,41,53
1,155,21,59,53
1,156,21,39,53
1,157,21,34,53
1,158,21,53,53
1,159,21,42,53
1,160,21,40,53
1,161,21,55,53
1,162,21,35,53
1,163,21,49,53
1,164,21,60,53
1,165,21,58,53
1,166,21,56,53
1,1,22,81,76
1,2,22,87,76
1,3,22,63,76
1,4,22,68,76
1,5,22,84,76
1,6,22,85,76
1,7,22,88,76
1,8,22,70,76
1,9,22,83,76
1,10,22,75,76
1,11,22,79,76
1,12,22,66,76
1,13,22,74,76
1,14,22,65,76
1,15,22,67,76
1,16,22,76,76
1,17,22,71,76
1,18,22,82,76
1,19,22,78,76
1,20,22,69,76
1,21,22,62,76
1,22,22,147,76
1,23,22,86,76
1,24,22,72,76
1,25,22,73,76
1,26,22,142,76
1,27,22,161,76
1,28,22,145,76
1,29,22,141,76
1,30,22,64,76
1,31,22,158,76
1,32,22,166,76
1,33,22,154,76
1,34,22,165,76
1,35,22,80,76
1,36,22,77,76
1,37,22,159,76
1,38,22,157,76
1,39,22,164,76
1,40,22,156,76
1,41,22,137,76
1,42,22,144,76
1,43,22,140,76
1,44,22,138,76
1,45,22,150,76
1,46,22,146,76
1,47,22,139,76
1,48,22,162,76
1,49,22,155,76
1,50,22,151,76
1,51,22,152,76
1,52,22,149,76
1,53,22,120,76
1,54,22,121,76
1,55,22,135,76
1,56,22,163,76
1,57,22,122,76
1,58,22,127,76
1,59,22,131,76
1,60,22,129,76
1,61,22,136,76
1,62,22,123,76
1,63,22,132,76
1,64,22,126,76
1,65,22,134,76
1,66,22,119,76
1,67,22,124,76
1,68,22,148,76
1,69,22,125,76
1,70,22,22,76
1,71,22,128,76
1,72,22,153,76
1,73,22,130,76
1,74,22,143,76
1,75,22,21,76
1,76,22,160,76
1,77,22,28,76
1,78,22,32,76
1,79,22,4,76
1,80,22,7,76
1,81,22,24,76
1,82,22,1,76
1,83,22,16,76
1,84,22,13,76
1,85,22,15,76
1,86,22,20,76
1,87,22,2,76
1,88,22,19,76
1,89,22,10,76
1,90,22,11,76
1,91,22,5,76
1,92,22,9,76
1,93,22,29,76
1,94,22,30,76
1,95,22,26,76
1,96,22,31,76
1,97,22,3,76
1,98,22,12,76
1,99,22,18,76
1,100,22,25,76
1,101,22,133,76
1,102,22,27,76
1,103,22,6,76
1,104,22,14,76
1,105,22,97,76
1,106,22,108,76
1,107,22,110,76
1,108,22,105,76
1,109,22,109,76
1,110,22,95,76
1,111,22,118,76
1,112,22,106,76
1,113,22,17,76
1,114,22,111,76
1,115,22,115,76
1,116,22,113,76
1,117,22,90,76
1,118,22,100,76
1,119,22,116,76
1,120,22,102,76
1,121,22,101,76
1,122,22,94,76
1,123,22,114,76
1,124,22,8,76
1,125,22,117,76
1,126,22,98,76
1,127,22,103,76
1,128,22,44,76
1,129,22,112,76
1,130,22,93,76
1,131,22,107,76
1,132,22,99,76
1,133,22,89,76
1,134,22,91,76
1,135,22,96,76
1,136,22,92,76
1,137,22,104,76
1,138,22,48,76
1,139,22,61,76
1,140,22,23,76
1,141,22,36,76
1,142,22,50,76
1,143,22,47,76
1,144,22,43,76
1,145,22,57,76
1,146,22,33,76
1,147,22,38,76
1,148,22,45,76
1,149,22,54,76
1,150,22,46,76
1,151,22,52,76
1,152,22,37,76
1,153,22,51,76
1,154,22,41,76
1,155,22,59,76
1,156,22,39,76
1,157,22,34,76
1,158,22,53,76
1,159,22,42,76
1,160,22,40,76
1,161,22,55,76
1,162,22,35,76
1,163,22,49,76
1,164,22,60,76
1,165,22,58,76
1,166,22,56,76
1,1,23,81,7
1,2,23,87,7
1,3,23,63,7
1,4,23,68,7
1,5,23,84,7
1,6,23,85,7
1,7,23,88,7
1,8,23,70,7
1,9,23,83,7
1,10,23,75,7
1,11,23,79,7
1,12,23,66,7
1,13,23,74,7
1,14,23,65,7
1,15,23,67,7
1,16,23,76,7
1,17,23,71,7
1,18,23,82,7
1,19,23,78,7
1,20,23,69,7
1,21,23,62,7
1,22,23,147,7
1,23,23,86,7
1,24,23,72,7
1,25,23,73,7
1,26,23,142,7
1,27,23,161,7
1,28,23,145,7
1,29,23,141,7
1,30,23,64,7
1,31,23,158,7
1,32,23,166,7
1,33,23,154,7
1,34,23,165,7
1,35,23,80,7
1,36,23,77,7
1,37,23,159,7
1,38,23,157,7
1,39,23,164,7
1,40,23,156,7
1,41,23,137,7
1,42,23,144,7
1,43,23,140,7
1,44,23,138,7
1,45,23,150,7
1,46,23,146,7
1,47,23,139,7
1,48,23,162,7
1,49,23,155,7
1,50,23,151,7
1,51,23,152,7
1,52,23,149,7
1,53,23,120,7
1,54,23,121,7
1,55,23,135,7
1,56,23,163,7
1,57,23,122,7
1,58,23,127,7
1,59,23,131,7
1,60,23,129,7
1,61,23,136,7
1,62,23,123,7
1,63,23,132,7
1,64,23,126,7
1,65,23,134,7
1,66,23,119,7
1,67,23,124,7
1,68,23,148,7
1,69,23,125,7
1,70,23,22,7
1,71,23,128,7
1,72,23,153,7
1,73,23,130,7
1,74,23,143,7
1,75,23,21,7
1,76,23,160,7
1,77,23,28,7
1,78,23,32,7
1,79,23,4,7
1,80,23,7,7
1,81,23,24,7
1,82,23,1,7
1,83,23,16,7
1,84,23,13,7
1,85,23,15,7
1,86,23,20,7
1,87,23,2,7
1,88,23,19,7
1,89,23,10,7
1,90,23,11,7
1,91,23,5,7
1,92,23,9,7
1,93,23,29,7
1,94,23,30,7
1,95,23,26,7
1,96,23,31,7
1,97,23,3,7
1,98,23,12,7
1,99,23,18,7
1,100,23,25,7
1,101,23,133,7
1,102,23,27,7
1,103,23,6,7
1,104,23,14,7
1,105,23,97,7
1,106,23,108,7
1,107,23,110,7
1,108,23,105,7
1,109,23,109,7
1,110,23,95,7
1,111,23,118,7
1,112,23,106,7
1,113,23,17,7
1,114,23,111,7
1,115,23,115,7
1,116,23,113,7
1,117,23,90,7
1,118,23,100,7
1,119,23,116,7
1,120,23,102,7
1,121,23,101,7
1,122,23,94,7
1,123,23,114,7
1,124,23,8,7
1,125,23,117,7
1,126,23,98,7
1,127,23,103,7
1,128,23,44,7
1,129,23,112,7
1,130,23,93,7
1,131,23,107,7
1,132,23,99,7
1,133,23,89,7
1,134,23,91,7
1,135,23,96,7
1,136,23,92,7
1,137,23,104,7
1,138,23,48,7
1,139,23,61,7
1,140,23,23,7
1,141,23,36,7
1,142,23,50,7
1,143,23,47,7
1,144,23,43,7
1,145,23,57,7
1,146,23,33,7
1,147,23,38,7
1,148,23,45,7
1,149,23,54,7
1,150,23,46,7
1,151,23,52,7
1,152,23,37,7
1,153,23,51,7
1,154,23,41,7
1,155,23,59,7
1,156,23,39,7
1,157,23,34,7
1,158,23,53,7
1,159,23,42,7
1,160,23,40,7
1,161,23,55,7
1,162,23,35,7
1,163,23,49,7
1,164,23,60,7
1,165,23,58,7
1,166,23,56,7
1,1,24,81,41
1,2,24,87,41
1,3,24,63,41
1,4,24,68,41
1,5,24,84,41
1,6,24,85,41
1,7,24,88,41
1,8,24,70,41
1,9,24,83,41
1,10,24,75,41
1,11,24,79,41
1,12,24,66,41
1,13,24,74,41
1,14,24,65,41
1,15,24,67,41
1,16,24,76,41
1,17,24,71,41
1,18,24,82,41
1,19,24,78,41
1,20,24,69,41
1,21,24,62,41
1,22,24,147,41
1,23,24,86,41
1,24,24,72,41
1,25,24,73,41
17,26,24,142,41
17,27,24,161,41
17,28,24,145,41
17,29,24,141,41
1,30,24,64,41
20,31,24,158,41
20,32,24,166,41
1,33,24,154,41
1,34,24,165,41
1,35,24,80,41
1,36,24,77,41
22,37,24,159,41
22,38,24,157,41
22,39,24,164,41
22,40,24,156,41
22,41,24,137,41
22,42,24,144,41
22,43,24,140,41
22,44,24,138,41
22,45,24,150,41
22,46,24,146,41
22,47,24,139,41
22,48,24,162,41
22,49,24,155,41
22,50,24,151,41
22,51,24,152,41
22,52,24,149,41
22,53,24,120,41
22,54,24,121,41
22,55,24,135,41
22,56,24,163,41
22,57,24,122,41
22,58,24,127,41
22,59,24,131,41
22,60,24,129,41
22,61,24,136,41
22,62,24,123,41
22,63,24,132,41
22,64,24,126,41
22,65,24,134,41
22,66,24,119,41
22,67,24,124,41
22,68,24,148,41
22,69,24,125,41
22,70,24,22,41
22,71,24,128,41
22,72,24,153,41
22,73,24,130,41
22,74,24,143,41
1,75,24,21,41
1,76,24,160,41
1,77,24,28,41
1,78,24,32,41
1,79,24,4,41
1,80,24,7,41
1,81,24,24,41
1,82,24,1,41
1,83,24,16,41
1,84,24,13,41
1,85,24,15,41
1,86,24,20,41
1,87,24,2,41
1,88,24,19,41
1,89,24,10,41
1,90,24,11,41
1,91,24,5,41
1,92,24,9,41
1,93,24,29,41
1,94,24,30,41
1,95,24,26,41
1,96,24,31,41
1,97,24,3,41
1,98,24,12,41
1,99,24,18,41
1,100,24,25,41
1,101,24,133,41
1,102,24,27,41
1,103,24,6,41
1,104,24,14,41
1,105,24,97,41
1,106,24,108,41
1,107,24,110,41
1,108,24,105,41
1,109,24,109,41
1,110,24,95,41
1,111,24,118,41
1,112,24,106,41
1,113,24,17,41
1,114,24,111,41
1,115,24,115,41
1,116,24,113,41
1,117,24,90,41
1,118,24,100,41
1,119,24,116,41
1,120,24,102,41
1,121,24,101,41
1,122,24,94,41
1,123,24,114,41
1,124,24,8,41
1,125,24,117,41
1,126,24,98,41
1,127,24,103,41
1,128,24,44,41
1,129,24,112,41
1,130,24,93,41
1,131,24,107,41
1,132,24,99,41
1,133,24,89,41
1,134,24,91,41
1,135,24,96,41
1,136,24,92,41
1,137,24,104,41
1,138,24,48,41
1,139,24,61,41
1,140,24,23,41
1,141,24,36,41
1,142,24,50,41
1,143,24,47,41
1,144,24,43,41
1,145,24,57,41
1,146,24,33,41
1,147,24,38,41
1,148,24,45,41
1,149,24,54,41
1,150,24,46,41
1,151,24,52,41
1,152,24,37,41
1,153,24,51,41
1,154,24,41,41
1,155,24,59,41
1,156,24,39,41
1,157,24,34,41
1,158,24,53,41
1,159,24,42,41
1,160,24,40,41
1,161,24,55,41
1,162,24,35,41
1,163,24,49,41
1,164,24,60,41
1,165,24,58,41
1,166,24,56,41
1,1,25,81,29
1,2,25,87,29
1,3,25,63,29
1,4,25,68,29
1,5,25,84,29
1,6,25,85,29
1,7,25,88,29
1,8,25,70,29
1,9,25,83,29
1,10,25,75,29
1,11,25,79,29
1,12,25,66,29
1,13,25,74,29
1,14,25,65,29
1,15,25,67,29
1,16,25,76,29
1,17,25,71,29
1,18,25,82,29
1,19,25,78,29
1,20,25,69,29
1,21,25,62,29
1,22,25,147,29
1,23,25,86,29
1,24,25,72,29
1,25,25,73,29
17,26,25,142,29
17,27,25,161,29
17,28,25,145,29
17,29,25,141,29
1,30,25,64,29
20,31,25,158,29
20,32,25,166,29
1,33,25,154,29
1,34,25,165,29
1,35,25,80,29
1,36,25,77,29
22,37,25,159,29
22,38,25,157,29
22,39,25,164,29
22,40,25,156,29
22,41,25,137,29
22,42,25,144,29
22,43,25,140,29
22,44,25,138,29
22,45,25,150,29
22,46,25,146,29
22,47,25,139,29
22,48,25,162,29
22,49,25,155,29
22,50,25,151,29
22,51,25,152,29
22,52,25,149,29
22,53,25,120,29
22,54,25,121,29
22,55,25,135,29
22,56,25,163,29
22,57,25,122,29
22,58,25,127,29
22,59,25,131,29
22,60,25,129,29
22,61,25,136,29
22,62,25,123,29
22,63,25,132,29
22,64,25,126,29
22,65,25,134,29
22,66,25,119,29
22,67,25,124,29
22,68,25,148,29
22,69,25,125,29
22,70,25,22,29
22,71,25,128,29
22,72,25,153,29
22,73,25,130,29
22,74,25,143,29
1,75,25,21,29
1,76,25,160,29
1,77,25,28,29
1,78,25,32,29
1,79,25,4,29
1,80,25,7,29
1,81,25,24,29
1,82,25,1,29
1,83,25,16,29
1,84,25,13,29
1,85,25,15,29
1,86,25,20,29
1,87,25,2,29
1,88,25,19,29
1,89,25,10,29
1,90,25,11,29
1,91,25,5,29
1,92,25,9,29
1,93,25,29,29
1,94,25,30,29
1,95,25,26,29
1,96,25,31,29
1,97,25,3,29
1,98,25,12,29
1,99,25,18,29
1,100,25,25,29
1,101,25,133,29
1,102,25,27,29
1,103,25,6,29
1,104,25,14,29
1,105,25,97,29
1,106,25,108,29
1,107,25,110,29
1,108,25,105,29
1,109,25,109,29
1,110,25,95,29
1,111,25,118,29
1,112,25,106,29
1,113,25,17,29
1,114,25,111,29
1,115,25,115,29
1,116,25,113,29
1,117,25,90,29
1,118,25,100,29
1,119,25,116,29
1,120,25,102,29
1,121,25,101,29
1,122,25,94,29
1,123,25,114,29
1,124,25,8,29
1,125,25,117,29
1,126,25,98,29
1,127,25,103,29
1,128,25,44,29
1,129,25,112,29
1,130,25,93,29
1,131,25,107,29
1,132,25,99,29
1,133,25,89,29
1,134,25,91,29
1,135,25,96,29
1,136,25,92,29
1,137,25,104,29
1,138,25,48,29
1,139,25,61,29
1,140,25,23,29
1,141,25,36,29
1,142,25,50,29
1,143,25,47,29
1,144,25,43,29
1,145,25,57,29
1,146,25,33,29
1,147,25,38,29
1,148,25,45,29
1,149,25,54,29
1,150,25,46,29
1,151,25,52,29
1,152,25,37,29
1,153,25,51,29
1,154,25,41,29
1,155,25,59,29
1,156,25,39,29
1,157,25,34,29
1,158,25,53,29
1,159,25,42,29
1,160,25,40,29
1,161,25,55,29
1,162,25,35,29
1,163,25,49,29
1,164,25,60,29
1,165,25,58,29
1,166,25,56,29
1,1,26,81,42
1,2,26,87,42
1,3,26,63,42
1,4,26,68,42
1,5,26,84,42
1,6,26,85,42
1,7,26,88,42
1,8,26,70,42
1,9,26,83,42
1,10,26,75,42
1,11,26,79,42
1,12,26,66,42
1,13,26,74,42
1,14,26,65,42
1,15,26,67,42
1,16,26,76,42
1,17,26,71,42
1,18,26,82,42
1,19,26,78,42
1,20,26,69,42
1,21,26,62,42
1,22,26,147,42
1,23,26,86,42
1,24,26,72,42
1,25,26,73,42
17,26,26,142,42
17,27,26,161,42
17,28,26,145,42
17,29,26,141,42
1,30,26,64,42
20,31,26,158,42
20,32,26,166,42
1,33,26,154,42
1,34,26,165,42
1,35,26,80,42
1,36,26,77,42
22,37,26,159,42
22,38,26,157,42
22,39,26,164,42
22,40,26,156,42
22,41,26,137,42
22,42,26,144,42
22,43,26,140,42
22,44,26,138,42
22,45,26,150,42
22,46,26,146,42
22,47,26,139,42
22,48,26,162,42
22,49,26,155,42
22,50,26,151,42
22,51,26,152,42
22,52,26,149,42
22,53,26,120,42
22,54,26,121,42
22,55,26,135,42
22,56,26,163,42
22,57,26,122,42
22,58,26,127,42
22,59,26,131,42
22,60,26,129,42
22,61,26,136,42
22,62,26,123,42
22,63,26,132,42
22,64,26,126,42
22,65,26,134,42
22,66,26,119,42
22,67,26,124,42
22,68,26,148,42
22,69,26,125,42
22,70,26,22,42
22,71,26,128,42
22,72,26,153,42
22,73,26,130,42
22,74,26,143,42
1,75,26,21,42
1,76,26,160,42
1,77,26,28,42
1,78,26,32,42
1,79,26,4,42
1,80,26,7,42
1,81,26,24,42
1,82,26,1,42
1,83,26,16,42
1,84,26,13,42
1,85,26,15,42
1,86,26,20,42
1,87,26,2,42
1,88,26,19,42
1,89,26,10,42
1,90,26,11,42
1,91,26,5,42
1,92,26,9,42
1,93,26,29,42
1,94,26,30,42
1,95,26,26,42
1,96,26,31,42
1,97,26,3,42
1,98,26,12,42
1,99,26,18,42
1,100,26,25,42
1,101,26,133,42
1,102,26,27,42
1,103,26,6,42
1,104,26,14,42
1,105,26,97,42
1,106,26,108,42
1,107,26,110,42
1,108,26,105,42
1,109,26,109,42
1,110,26,95,42
1,111,26,118,42
1,112,26,106,42
1,113,26,17,42
1,114,26,111,42
1,115,26,115,42
1,116,26,113,42
1,117,26,90,42
1,118,26,100,42
1,119,26,116,42
1,120,26,102,42
1,121,26,101,42
1,122,26,94,42
1,123,26,114,42
1,124,26,8,42
1,125,26,117,42
1,126,26,98,42
1,127,26,103,42
1,128,26,44,42
1,129,26,112,42
1,130,26,93,42
1,131,26,107,42
1,132,26,99,42
1,133,26,89,42
1,134,26,91,42
1,135,26,96,42
1,136,26,92,42
1,137,26,104,42
1,138,26,48,42
1,139,26,61,42
1,140,26,23,42
1,141,26,36,42
1,142,26,50,42
1,143,26,47,42
1,144,26,43,42
1,145,26,57,42
1,146,26,33,42
1,147,26,38,42
1,148,26,45,42
1,149,26,54,42
1,150,26,46,42
1,151,26,52,42
1,152,26,37,42
1,153,26,51,42
1,154,26,41,42
1,155,26,59,42
1,156,26,39,42
1,157,26,34,42
1,158,26,53,42
1,159,26,42,42
1,160,26,40,42
1,161,26,55,42
1,162,26,35,42
1,163,26,49,42
1,164,26,60,42
1,165,26,58,42
1,166,26,56,42
1,1,27,81,96
1,2,27,87,96
1,3,27,63,96
1,4,27,68,96
1,5,27,84,96
1,6,27,85,96
1,7,27,88,96
1,8,27,70,96
1,9,27,83,96
1,10,27,75,96
1,11,27,79,96
1,12,27,66,96
1,13,27,74,96
1,14,27,65,96
1,15,27,67,96
1,16,27,76,96
1,17,27,71,96
1,18,27,82,96
1,19,27,78,96
1,20,27,69,96
1,21,27,62,96
1,22,27,147,96
1,23,27,86,96
1,24,27,72,96
1,25,27,73,96
17,26,27,142,96
17,27,27,161,96
17,28,27,145,96
17,29,27,141,96
1,30,27,64,96
20,31,27,158,96
20,32,27,166,96
1,33,27,154,96
1,34,27,165,96
1,35,27,80,96
1,36,27,77,96
22,37,27,159,96
22,38,27,157,96
22,39,27,164,96
22,40,27,156,96
22,41,27,137,96
22,42,27,144,96
22,43,27,140,96
22,44,27,138,96
22,45,27,150,96
22,46,27,146,96
22,47,27,139,96
22,48,27,162,96
22,49,27,155,96
22,50,27,151,96
22,51,27,152,96
22,52,27,149,96
22,53,27,120,96
22,54,27,121,96
22,55,27,135,96
22,56,27,163,96
22,57,27,122,96
22,58,27,127,96
22,59,27,131,96
22,60,27,129,96
22,61,27,136,96
22,62,27,123,96
22,63,27,132,96
22,64,27,126,96
22,65,27,134,96
22,66,27,119,96
22,67,27,124,96
22,68,27,148,96
22,69,27,125,96
22,70,27,22,96
22,71,27,128,96
22,72,27,153,96
22,73,27,130,96
22,74,27,143,96
1,75,27,21,96
1,76,27,160,96
1,77,27,28,96
1,78,27,32,96
1,79,27,4,96
1,80,27,7,96
1,81,27,24,96
1,82,27,1,96
1,83,27,16,96
1,84,27,13,96
1,85,27,15,96
1,86,27,20,96
1,87,27,2,96
1,88,27,19,96
1,89,27,10,96
1,90,27,11,96
1,91,27,5,96
1,92,27,9,96
1,93,27,29,96
1,94,27,30,96
1,95,27,26,96
1,96,27,31,96
1,97,27,3,96
1,98,27,12,96
1,99,27,18,96
1,100,27,25,96
1,101,27,133,96
1,102,27,27,96
1,103,27,6,96
1,104,27,14,96
1,105,27,97,96
1,106,27,108,96
1,107,27,110,96
1,108,27,105,96
1,109,27,109,96
1,110,27,95,96
1,111,27,118,96
1,112,27,106,96
1,113,27,17,96
1,114,27,111,96
1,115,27,115,96
1,116,27,113,96
1,117,27,90,96
1,118,27,100,96
1,119,27,116,96
1,120,27,102,96
1,121,27,101,96
1,122,27,94,96
1,123,27,114,96
1,124,27,8,96
1,125,27,117,96
1,126,27,98,96
1,127,27,103,96
1,128,27,44,96
1,129,27,112,96
1,130,27,93,96
1,131,27,107,96
1,132,27,99,96
1,133,27,89,96
1,134,27,91,96
1,135,27,96,96
1,136,27,92,96
1,137,27,104,96
1,138,27,48,96
1,139,27,61,96
1,140,27,23,96
1,141,27,36,96
1,142,27,50,96
1,143,27,47,96
1,144,27,43,96
1,145,27,57,96
1,146,27,33,96
1,147,27,38,96
1,148,27,45,96
1,149,27,54,96
1,150,27,46,96
1,151,27,52,96
1,152,27,37,96
1,153,27,51,96
1,154,27,41,96
1,155,27,59,96
1,156,27,39,96
1,157,27,34,96
1,158,27,53,96
1,159,27,42,96
1,160,27,40,96
1,161,27,55,96
1,162,27,35,96
1,163,27,49,96
1,164,27,60,96
1,165,27,58,96
1,166,27,56,96
1,1,28,81,78
1,2,28,87,78
1,3,28,63,78
1,4,28,68,78
1,5,28,84,78
1,6,28,85,78
1,7,28,88,78
1,8,28,70,78
1,9,28,83,78
1,10,28,75,78
1,11,28,79,78
1,12,28,66,78
1,13,28,74,78
1,14,28,65,78
1,15,28,67,78
1,16,28,76,78
1,17,28,71,78
1,18,28,82,78
1,19,28,78,78
1,20,28,69,78
1,21,28,62,78
1,22,28,147,78
1,23,28,86,78
1,24,28,72,78
1,25,28,73,78
17,26,28,142,78
17,27,28,161,78
17,28,28,145,78
17,29,28,141,78
1,30,28,64,78
20,31,28,158,78
20,32,28,166,78
1,33,28,154,78
1,34,28,165,78
1,35,28,80,78
1,36,28,77,78
22,37,28,159,78
22,38,28,157,78
22,39,28,164,78
22,40,28,156,78
22,41,28,137,78
22,42,28,144,78
22,43,28,140,78
22,44,28,138,78
22,45,28,150,78
22,46,28,146,78
22,47,28,139,78
22,48,28,162,78
22,49,28,155,78
22,50,28,151,78
22,51,28,152,78
22,52,28,149,78
22,53,28,120,78
22,54,28,121,78
22,55,28,135,78
22,56,28,163,78
22,57,28,122,78
22,58,28,127,78
22,59,28,131,78
22,60,28,129,78
22,61,28,136,78
22,62,28,123,78
22,63,28,132,78
22,64,28,126,78
22,65,28,134,78
22,66,28,119,78
22,67,28,124,78
22,68,28,148,78
22,69,28,125,78
22,70,28,22,78
22,71,28,128,78
22,72,28,153,78
22,73,28,130,78
22,74,28,143,78
1,75,28,21,78
1,76,28,160,78
1,77,28,28,78
1,78,28,32,78
1,79,28,4,78
1,80,28,7,78
1,81,28,24,78
1,82,28,1,78
1,83,28,16,78
1,84,28,13,78
1,85,28,15,78
1,86,28,20,78
1,87,28,2,78
1,88,28,19,78
1,89,28,10,78
1,90,28,11,78
1,91,28,5,78
1,92,28,9,78
1,93,28,29,78
1,94,28,30,78
1,95,28,26,78
1,96,28,31,78
1,97,28,3,78
1,98,28,12,78
1,99,28,18,78
1,100,28,25,78
1,101,28,133,78
1,102,28,27,78
1,103,28,6,78
1,104,28,14,78
1,105,28,97,78
1,106,28,108,78
1,107,28,110,78
1,108,28,105,78
1,109,28,109,78
1,110,28,95,78
1,111,28,118,78
1,112,28,106,78
1,113,28,17,78
1,114,28,111,78
1,115,28,115,78
1,116,28,113,78
1,117,28,90,78
1,118,28,100,78
1,119,28,116,78
1,120,28,102,78
1,121,28,101,78
1,122,28,94,78
1,123,28,114,78
1,124,28,8,78
1,125,28,117,78
1,126,28,98,78
1,127,28,103,78
1,128,28,44,78
1,129,28,112,78
1,130,28,93,78
1,131,28,107,78
1,132,28,99,78
1,133,28,89,78
1,134,28,91,78
1,135,28,96,78
1,136,28,92,78
1,137,28,104,78
1,138,28,48,78
1,139,28,61,78
1,140,28,23,78
1,141,28,36,78
1,142,28,50,78
1,143,28,47,78
1,144,28,43,78
1,145,28,57,78
1,146,28,33,78
1,147,28,38,78
1,148,28,45,78
1,149,28,54,78
1,150,28,46,78
1,151,28,52,78
1,152,28,37,78
1,153,28,51,78
1,154,28,41,78
1,155,28,59,78
1,156,28,39,78
1,157,28,34,78
1,158,28,53,78
1,159,28,42,78
1,160,28,40,78
1,161,28,55,78
1,162,28,35,78
1,163,28,49,78
1,164,28,60,78
1,165,28,58,78
1,166,28,56,78
1,1,29,81,25
1,2,29,87,25
1,3,29,63,25
1,4,29,68,25
1,5,29,84,25
1,6,29,85,25
1,7,29,88,25
1,8,29,70,25
1,9,29,83,25
1,10,29,75,25
1,11,29,79,25
1,12,29,66,25
1,13,29,74,25
1,14,29,65,25
1,15,29,67,25
1,16,29,76,25
1,17,29,71,25
1,18,29,82,25
1,19,29,78,25
1,20,29,69,25
1,21,29,62,25
1,22,29,147,25
1,23,29,86,25
1,24,29,72,25
1,25,29,73,25
17,26,29,142,25
17,27,29,161,25
17,28,29,145,25
17,29,29,141,25
1,30,29,64,25
20,31,29,158,25
20,32,29,166,25
1,33,29,154,25
1,34,29,165,25
1,35,29,80,25
1,36,29,77,25
22,37,29,159,25
22,38,29,157,25
22,39,29,164,25
22,40,29,156,25
22,41,29,137,25
22,42,29,144,25
22,43,29,140,25
22,44,29,138,25
22,45,29,150,25
22,46,29,146,25
22,47,29,139,25
22,48,29,162,25
22,49,29,155,25
22,50,29,151,25
22,51,29,152,25
22,52,29,149,25
22,53,29,120,25
22,54,29,121,25
22,55,29,135,25
22,56,29,163,25
22,57,29,122,25
22,58,29,127,25
22,59,29,131,25
22,60,29,129,25
22,61,29,136,25
22,62,29,123,25
22,63,29,132,25
22,64,29,126,25
22,65,29,134,25
22,66,29,119,25
22,67,29,124,25
22,68,29,148,25
22,69,29,125,25
22,70,29,22,25
22,71,29,128,25
22,72,29,153,25
22,73,29,130,25
22,74,29,143,25
1,75,29,21,25
1,76,29,160,25
1,77,29,28,25
1,78,29,32,25
1,79,29,4,25
1,80,29,7,25
1,81,29,24,25
1,82,29,1,25
1,83,29,16,25
1,84,29,13,25
1,85,29,15,25
1,86,29,20,25
1,87,29,2,25
1,88,29,19,25
1,89,29,10,25
1,90,29,11,25
1,91,29,5,25
1,92,29,9,25
1,93,29,29,25
1,94,29,30,25
1,95,29,26,25
1,96,29,31,25
1,97,29,3,25
1,98,29,12,25
1,99,29,18,25
1,100,29,25,25
1,101,29,133,25
1,102,29,27,25
1,103,29,6,25
1,104,29,14,25
1,105,29,97,25
1,106,29,108,25
1,107,29,110,25
1,108,29,105,25
1,109,29,109,25
1,110,29,95,25
1,111,29,118,25
1,112,29,106,25
1,113,29,17,25
1,114,29,111,25
1,115,29,115,25
1,116,29,113,25
1,117,29,90,25
1,118,29,100,25
1,119,29,116,25
1,120,29,102,25
1,121,29,101,25
1,122,29,94,25
1,123,29,114,25
1,124,29,8,25
1,125,29,117,25
1,126,29,98,25
1,127,29,103,25
1,128,29,44,25
1,129,29,112,25
1,130,29,93,25
1,131,29,107,25
1,132,29,99,25
1,133,29,89,25
1,134,29,91,25
1,135,29,96,25
1,136,29,92,25
1,137,29,104,25
1,138,29,48,25
1,139,29,61,25
1,140,29,23,25
1,141,29,36,25
1,142,29,50,25
1,143,29,47,25
1,144,29,43,25
1,145,29,57,25
1,146,29,33,25
1,147,29,38,25
1,148,29,45,25
1,149,29,54,25
1,150,29,46,25
1,151,29,52,25
1,152,29,37,25
1,153,29,51,25
1,154,29,41,25
1,155,29,59,25
1,156,29,39,25
1,157,29,34,25
1,158,29,53,25
1,159,29,42,25
1,160,29,40,25
1,161,29,55,25
1,162,29,35,25
1,163,29,49,25
1,164,29,60,25
1,165,29,58,25
1,166,29,56,25
1,1,30,81,71
1,2,30,87,71
1,3,30,63,71
1,4,30,68,71
1,5,30,84,71
1,6,30,85,71
1,7,30,88,71
1,8,30,70,71
1,9,30,83,71
1,10,30,75,71
1,11,30,79,71
1,12,30,66,71
1,13,30,74,71
1,14,30,65,71
1,15,30,67,71
1,16,30,76,71
1,17,30,71,71
1,18,30,82,71
1,19,30,78,71
1,20,30,69,71
1,21,30,62,71
1,22,30,147,71
1,23,30,86,71
1,24,30,72,71
1,25,30,73,71
17,26,30,142,71
17,27,30,161,71
17,28,30,145,71
17,29,30,141,71
1,30,30,64,71
20,31,30,158,71
20,32,30,166,71
1,33,30,154,71
1,34,30,165,71
1,35,30,80,71
1,36,30,77,71
22,37,30,159,71
22,38,30,157,71
22,39,30,164,71
22,40,30,156,71
22,41,30,137,71
22,42,30,144,71
22,43,30,140,71
22,44,30,138,71
22,45,30,150,71
22,46,30,146,71
22,47,30,139,71
22,48,30,162,71
22,49,30,155,71
22,50,30,151,71
22,51,30,152,71
22,52,30,149,71
22,53,30,120,71
22,54,30,121,71
22,55,30,135,71
22,56,30,163,71
22,57,30,122,71
22,58,30,127,71
22,59,30,131,71
22,60,30,129,71
22,61,30,136,71
22,62,30,123,71
22,63,30,132,71
22,64,30,126,71
22,65,30,134,71
22,66,30,119,71
22,67,30,124,71
22,68,30,148,71
22,69,30,125,71
22,70,30,22,71
22,71,30,128,71
22,72,30,153,71
22,73,30,130,71
22,74,30,143,71
1,75,30,21,71
1,76,30,160,71
1,77,30,28,71
1,78,30,32,71
1,79,30,4,71
1,80,30,7,71
1,81,30,24,71
1,82,30,1,71
1,83,30,16,71
1,84,30,13,71
1,85,30,15,71
1,86,30,20,71
1,87,30,2,71
1,88,30,19,71
1,89,30,10,71
1,90,30,11,71
1,91,30,5,71
1,92,30,9,71
1,93,30,29,71
1,94,30,30,71
1,95,30,26,71
1,96,30,31,71
1,97,30,3,71
1,98,30,12,71
1,99,30,18,71
1,100,30,25,71
1,101,30,133,71
1,102,30,27,71
1,103,30,6,71
1,104,30,14,71
1,105,30,97,71
1,106,30,108,71
1,107,30,110,71
1,108,30,105,71
1,109,30,109,71
1,110,30,95,71
1,111,30,118,71
1,112,30,106,71
1,113,30,17,71
1,114,30,111,71
1,115,30,115,71
1,116,30,113,71
1,117,30,90,71
1,118,30,100,71
1,119,30,116,71
1,120,30,102,71
1,121,30,101,71
1,122,30,94,71
1,123,30,114,71
1,124,30,8,71
1,125,30,117,71
1,126,30,98,71
1,127,30,103,71
1,128,30,44,71
1,129,30,112,71
1,130,30,93,71
1,131,30,107,71
1,132,30,99,71
1,133,30,89,71
1,134,30,91,71
1,135,30,96,71
1,136,30,92,71
1,137,30,104,71
1,138,30,48,71
1,139,30,61,71
1,140,30,23,71
1,141,30,36,71
1,142,30,50,71
1,143,30,47,71
1,144,30,43,71
1,145,30,57,71
1,146,30,33,71
1,147,30,38,71
1,148,30,45,71
1,149,30,54,71
1,150,30,46,71
1,151,30,52,71
1,152,30,37,71
1,153,30,51,71
1,154,30,41,71
1,155,30,59,71
1,156,30,39,71
1,157,30,34,71
1,158,30,53,71
1,159,30,42,71
1,160,30,40,71
1,161,30,55,71
1,162,30,35,71
1,163,30,49,71
1,164,30,60,71
1,165,30,58,71
1,166,30,56,71
1,1,31,81,137
1,2,31,87,137
1,3,31,63,137
1,4,31,68,137
1,5,31,84,137
1,6,31,85,137
1,7,31,88,137
1,8,31,70,137
1,9,31,83,137
1,10,31,75,137
1,11,31,79,137
1,12,31,66,137
1,13,31,74,137
1,14,31,65,137
1,15,31,67,137
1,16,31,76,137
1,17,31,71,137
1,18,31,82,137
1,19,31,78,137
1,20,31,69,137
1,21,31,62,137
1,22,31,147,137
1,23,31,86,137
1,24,31,72,137
1,25,31,73,137
17,26,31,142,137
17,27,31,161,137
17,28,31,145,137
17,29,31,141,137
1,30,31,64,137
20,31,31,158,137
20,32,31,166,137
1,33,31,154,137
1,34,31,165,137
1,35,31,80,137
1,36,31,77,137
22,37,31,159,137
22,38,31,157,137
22,39,31,164,137
22,40,31,156,137
22,41,31,137,137
22,42,31,144,137
22,43,31,140,137
22,44,31,138,137
22,45,31,150,137
22,46,31,146,137
22,47,31,139,137
22,48,31,162,137
22,49,31,155,137
22,50,31,151,137
22,51,31,152,137
22,52,31,149,137
22,53,31,120,137
22,54,31,121,137
22,55,31,135,137
22,56,31,163,137
22,57,31,122,137
22,58,31,127,137
22,59,31,131,137
22,60,31,129,137
22,61,31,136,137
22,62,31,123,137
22,63,31,132,137
22,64,31,126,137
22,65,31,134,137
22,66,31,119,137
22,67,31,124,137
22,68,31,148,137
22,69,31,125,137
22,70,31,22,137
22,71,31,128,137
22,72,31,153,137
22,73,31,130,137
22,74,31,143,137
1,75,31,21,137
1,76,31,160,137
1,77,31,28,137
1,78,31,32,137
1,79,31,4,137
1,80,31,7,137
1,81,31,24,137
1,82,31,1,137
10,83,31,16,137
10,84,31,13,137
10,85,31,15,137
10,86,31,20,137
10,87,31,2,137
1,88,31,19,137
1,89,31,10,137
1,90,31,11,137
1,91,31,5,137
1,92,31,9,137
1,93,31,29,137
1,94,31,30,137
1,95,31,26,137
1,96,31,31,137
1,97,31,3,137
1,98,31,12,137
1,99,31,18,137
1,100,31,25,137
1,101,31,133,137
1,102,31,27,137
1,103,31,6,137
1,104,31,14,137
1,105,31,97,137
1,106,31,108,137
1,107,31,110,137
1,108,31,105,137
1,109,31,109,137
1,110,31,95,137
1,111,31,118,137
1,112,31,106,137
1,113,31,17,137
1,114,31,111,137
1,115,31,115,137
1,116,31,113,137
1,117,31,90,137
1,118,31,100,137
1,119,31,116,137
1,120,31,102,137
1,121,31,101,137
1,122,31,94,137
1,123,31,114,137
1,124,31,8,137
1,125,31,117,137
1,126,31,98,137
1,127,31,103,137
1,128,31,44,137
1,129,31,112,137
1,130,31,93,137
1,131,31,107,137
1,132,31,99,137
1,133,31,89,137
1,134,31,91,137
1,135,31,96,137
1,136,31,92,137
1,137,31,104,137
1,138,31,48,137
1,139,31,61,137
1,140,31,23,137
1,141,31,36,137
1,142,31,50,137
1,143,31,47,137
1,144,31,43,137
1,145,31,57,137
1,146,31,33,137
1,147,31,38,137
1,148,31,45,137
1,149,31,54,137
1,150,31,46,137
1,151,31,52,137
1,152,31,37,137
1,153,31,51,137
1,154,31,41,137
1,155,31,59,137
1,156,31,39,137
1,157,31,34,137
1,158,31,53,137
1,159,31,42,137
1,160,31,40,137
1,161,31,55,137
1,162,31,35,137
1,163,31,49,137
1,164,31,60,137
1,165,31,58,137
1,166,31,56,137
1,1,32,81,105
1,2,32,87,105
1,3,32,63,105
1,4,32,68,105
1,5,32,84,105
1,6,32,85,105
1,7,32,88,105
1,8,32,70,105
1,9,32,83,105
1,10,32,75,105
1,11,32,79,105
1,12,32,66,105
1,13,32,74,105
1,14,32,65,105
1,15,32,67,105
1,16,32,76,105
1,17,32,71,105
1,18,32,82,105
1,19,32,78,105
1,20,32,69,105
1,21,32,62,105
1,22,32,147,105
1,23,32,86,105
1,24,32,72,105
1,25,32,73,105
17,26,32,142,105
17,27,32,161,105
17,28,32,145,105
17,29,32,141,105
1,30,32,64,105
20,31,32,158,105
20,32,32,166,105
1,33,32,154,105
1,34,32,165,105
1,35,32,80,105
1,36,32,77,105
22,37,32,159,105
22,38,32,157,105
22,39,32,164,105
22,40,32,156,105
22,41,32,137,105
22,42,32,144,105
22,43,32,140,105
22,44,32,138,105
22,45,32,150,105
22,46,32,146,105
22,47,32,139,105
22,48,32,162,105
22,49,32,155,105
22,50,32,151,105
22,51,32,152,105
22,52,32,149,105
22,53,32,120,105
22,54,32,121,105
22,55,32,135,105
22,56,32,163,105
22,57,32,122,105
22,58,32,127,105
22,59,32,131,105
22,60,32,129,105
22,61,32,136,105
22,62,32,123,105
22,63,32,132,105
22,64,32,126,105
22,65,32,134,105
22,66,32,119,105
22,67,32,124,105
22,68,32,148,105
22,69,32,125,105
22,70,32,22,105
22,71,32,128,105
22,72,32,153,105
22,73,32,130,105
22,74,32,143,105
1,75,32,21,105
1,76,32,160,105
1,77,32,28,105
1,78,32,32,105
1,79,32,4,105
1,80,32,7,105
1,81,32,24,105
1,82,32,1,105
1,83,32,16,105
1,84,32,13,105
1,85,32,15,105
1,86,32,20,105
1,87,32,2,105
1,88,32,19,105
1,89,32,10,105
1,90,32,11,105
1,91,32,5,105
1,92,32,9,105
1,93,32,29,105
1,94,32,30,105
1,95,32,26,105
1,96,32,31,105
1,97,32,3,105
1,98,32,12,105
1,99,32,18,105
1,100,32,25,105
1,101,32,133,105
1,102,32,27,105
1,103,32,6,105
1,104,32,14,105
1,105,32,97,105
1,106,32,108,105
1,107,32,110,105
1,108,32,105,105
1,109,32,109,105
1,110,32,95,105
1,111,32,118,105
1,112,32,106,105
1,113,32,17,105
1,114,32,111,105
1,115,32,115,105
1,116,32,113,105
1,117,32,90,105
1,118,32,100,105
1,119,32,116,105
1,120,32,102,105
1,121,32,101,105
1,122,32,94,105
1,123,32,114,105
1,124,32,8,105
1,125,32,117,105
1,126,32,98,105
1,127,32,103,105
1,128,32,44,105
1,129,32,112,105
1,130,32,93,105
1,131,32,107,105
1,132,32,99,105
1,133,32,89,105
1,134,32,91,105
1,135,32,96,105
1,136,32,92,105
1,137,32,104,105
1,138,32,48,105
1,139,32,61,105
1,140,32,23,105
1,141,32,36,105
1,142,32,50,105
1,143,32,47,105
1,144,32,43,105
1,145,32,57,105
1,146,32,33,105
1,147,32,38,105
1,148,32,45,105
1,149,32,54,105
1,150,32,46,105
1,151,32,52,105
1,152,32,37,105
1,153,32,51,105
1,154,32,41,105
1,155,32,59,105
1,156,32,39,105
1,157,32,34,105
1,158,32,53,105
1,159,32,42,105
1,160,32,40,105
1,161,32,55,105
1,162,32,35,105
1,163,32,49,105
1,164,32,60,105
1,165,32,58,105
1,166,32,56,105
1,1,33,81,12
1,2,33,87,12
1,3,33,63,12
1,4,33,68,12
1,5,33,84,12
1,6,33,85,12
1,7,33,88,12
1,8,33,70,12
1,9,33,83,12
1,10,33,75,12
1,11,33,79,12
1,12,33,66,12
1,13,33,74,12
1,14,33,65,12
1,15,33,67,12
1,16,33,76,12
1,17,33,71,12
1,18,33,82,12
1,19,33,78,12
1,20,33,69,12
1,21,33,62,12
1,22,33,147,12
1,23,33,86,12
1,24,33,72,12
1,25,33,73,12
17,26,33,142,12
17,27,33,161,12
17,28,33,145,12
17,29,33,141,12
1,30,33,64,12
20,31,33,158,12
20,32,33,166,12
1,33,33,154,12
1,34,33,165,12
1,35,33,80,12
1,36,33,77,12
22,37,33,159,12
22,38,33,157,12
22,39,33,164,12
22,40,33,156,12
22,41,33,137,12
22,42,33,144,12
22,43,33,140,12
22,44,33,138,12
22,45,33,150,12
22,46,33,146,12
22,47,33,139,12
22,48,33,162,12
22,49,33,155,12
22,50,33,151,12
22,51,33,152,12
22,52,33,149,12
22,53,33,120,12
22,54,33,121,12
22,55,33,135,12
22,56,33,163,12
22,57,33,122,12
22,58,33,127,12
22,59,33,131,12
22,60,33,129,12
22,61,33,136,12
22,62,33,123,12
22,63,33,132,12
22,64,33,126,12
22,65,33,134,12
22,66,33,119,12
22,67,33,124,12
22,68,33,148,12
22,69,33,125,12
22,70,33,22,12
22,71,33,128,12
22,72,33,153,12
22,73,33,130,12
22,74,33,143,12
1,75,33,21,12
1,76,33,160,12
1,77,33,28,12
1,78,33,32,12
1,79,33,4,12
1,80,33,7,12
1,81,33,24,12
1,82,33,1,12
1,83,33,16,12
1,84,33,13,12
1,85,33,15,12
1,86,33,20,12
1,87,33,2,12
1,88,33,19,12
1,89,33,10,12
1,90,33,11,12
1,91,33,5,12
1,92,33,9,12
1,93,33,29,12
1,94,33,30,12
1,95,33,26,12
1,96,33,31,12
1,97,33,3,12
1,98,33,12,12
1,99,33,18,12
1,100,33,25,12
1,101,33,133,12
1,102,33,27,12
1,103,33,6,12
1,104,33,14,12
1,105,33,97,12
1,106,33,108,12
1,107,33,110,12
1,108,33,105,12
1,109,33,109,12
1,110,33,95,12
1,111,33,118,12
1,112,33,106,12
1,113,33,17,12
1,114,33,111,12
1,115,33,115,12
1,116,33,113,12
1,117,33,90,12
1,118,33,100,12
1,119,33,116,12
1,120,33,102,12
1,121,33,101,12
1,122,33,94,12
1,123,33,114,12
1,124,33,8,12
1,125,33,117,12
1,126,33,98,12
1,127,33,103,12
1,128,33,44,12
1,129,33,112,12
1,130,33,93,12
1,131,33,107,12
1,132,33,99,12
1,133,33,89,12
1,134,33,91,12
1,135,33,96,12
1,136,33,92,12
1,137,33,104,12
1,138,33,48,12
1,139,33,61,12
1,140,33,23,12
1,141,33,36,12
1,142,33,50,12
1,143,33,47,12
1,144,33,43,12
1,145,33,57,12
1,146,33,33,12
1,147,33,38,12
1,148,33,45,12
1,149,33,54,12
1,150,33,46,12
1,151,33,52,12
1,152,33,37,12
1,153,33,51,12
1,154,33,41,12
1,155,33,59,12
1,156,33,39,12
1,157,33,34,12
1,158,33,53,12
1,159,33,42,12
1,160,33,40,12
1,161,33,55,12
1,162,33,35,12
1,163,33,49,12
1,164,33,60,12
1,165,33,58,12
1,166,33,56,12
1,1,34,81,13
1,2,34,87,13
1,3,34,63,13
1,4,34,68,13
1,5,34,84,13
1,6,34,85,13
1,7,34,88,13
1,8,34,70,13
1,9,34,83,13
1,10,34,75,13
1,11,34,79,13
1,12,34,66,13
1,13,34,74,13
1,14,34,65,13
1,15,34,67,13
1,16,34,76,13
1,17,34,71,13
1,18,34,82,13
1,19,34,78,13
1,20,34,69,13
1,21,34,62,13
1,22,34,147,13
1,23,34,86,13
1,24,34,72,13
1,25,34,73,13
17,26,34,142,13
17,27,34,161,13
17,28,34,145,13
17,29,34,141,13
1,30,34,64,13
20,31,34,158,13
20,32,34,166,13
1,33,34,154,13
1,34,34,165,13
1,35,34,80,13
1,36,34,77,13
1,37,34,159,13
1,38,34,157,13
1,39,34,164,13
1,40,34,156,13
1,41,34,137,13
1,42,34,144,13
1,43,34,140,13
1,44,34,138,13
1,45,34,150,13
1,46,34,146,13
1,47,34,139,13
1,48,34,162,13
1,49,34,155,13
1,50,34,151,13
1,51,34,152,13
24,52,34,149,13
1,53,34,120,13
1,54,34,121,13
1,55,34,135,13
1,56,34,163,13
1,57,34,122,13
1,58,34,127,13
1,59,34,131,13
1,60,34,129,13
1,61,34,136,13
1,62,34,123,13
1,63,34,132,13
1,64,34,126,13
1,65,34,134,13
1,66,34,119,13
1,67,34,124,13
1,68,34,148,13
1,69,34,125,13
1,70,34,22,13
1,71,34,128,13
1,72,34,153,13
1,73,34,130,13
1,74,34,143,13
1,75,34,21,13
1,76,34,160,13
1,77,34,28,13
1,78,34,32,13
1,79,34,4,13
1,80,34,7,13
1,81,34,24,13
1,82,34,1,13
1,83,34,16,13
1,84,34,13,13
1,85,34,15,13
1,86,34,20,13
1,87,34,2,13
1,88,34,19,13
1,89,34,10,13
1,90,34,11,13
1,91,34,5,13
1,92,34,9,13
1,93,34,29,13
1,94,34,30,13
1,95,34,26,13
1,96,34,31,13
1,97,34,3,13
1,98,34,12,13
1,99,34,18,13
1,100,34,25,13
1,101,34,133,13
1,102,34,27,13
1,103,34,6,13
1,104,34,14,13
1,105,34,97,13
1,106,34,108,13
1,107,34,110,13
1,108,34,105,13
1,109,34,109,13
1,110,34,95,13
1,111,34,118,13
1,112,34,106,13
1,113,34,17,13
1,114,34,111,13
1,115,34,115,13
1,116,34,113,13
1,117,34,90,13
1,118,34,100,13
1,119,34,116,13
1,120,34,102,13
1,121,34,101,13
1,122,34,94,13
1,123,34,114,13
1,124,34,8,13
1,125,34,117,13
1,126,34,98,13
1,127,34,103,13
1,128,34,44,13
1,129,34,112,13
1,130,34,93,13
1,131,34,107,13
1,132,34,99,13
1,133,34,89,13
1,134,34,91,13
1,135,34,96,13
1,136,34,92,13
1,137,34,104,13
1,138,34,48,13
1,139,34,61,13
1,140,34,23,13
1,141,34,36,13
1,142,34,50,13
1,143,34,47,13
1,144,34,43,13
1,145,34,57,13
1,146,34,33,13
1,147,34,38,13
1,148,34,45,13
1,149,34,54,13
1,150,34,46,13
1,151,34,52,13
1,152,34,37,13
1,153,34,51,13
1,154,34,41,13
1,155,34,59,13
1,156,34,39,13
1,157,34,34,13
1,158,34,53,13
1,159,34,42,13
1,160,34,40,13
1,161,34,55,13
1,162,34,35,13
1,163,34,49,13
1,164,34,60,13
1,165,34,58,13
1,166,34,56,13
1,1,35,81,110
1,2,35,87,110
1,3,35,63,110
1,4,35,68,110
1,5,35,84,110
1,6,35,85,110
1,7,35,88,110
1,8,35,70,110
1,9,35,83,110
1,10,35,75,110
1,11,35,79,110
1,12,35,66,110
1,13,35,74,110
1,14,35,65,110
1,15,35,67,110
1,16,35,76,110
1,17,35,71,110
1,18,35,82,110
1,19,35,78,110
1,20,35,69,110
1,21,35,62,110
1,22,35,147,110
1,23,35,86,110
1,24,35,72,110
1,25,35,73,110
17,26,35,142,110
17,27,35,161,110
17,28,35,145,110
17,29,35,141,110
1,30,35,64,110
20,31,35,158,110
20,32,35,166,110
1,33,35,154,110
1,34,35,165,110
1,35,35,80,110
1,36,35,77,110
1,37,35,159,110
1,38,35,157,110
1,39,35,164,110
1,40,35,156,110
1,41,35,137,110
1,42,35,144,110
1,43,35,140,110
1,44,35,138,110
1,45,35,150,110
1,46,35,146,110
1,47,35,139,110
1,48,35,162,110
1,49,35,155,110
1,50,35,151,110
1,51,35,152,110
24,52,35,149,110
1,53,35,120,110
1,54,35,121,110
1,55,35,135,110
1,56,35,163,110
1,57,35,122,110
1,58,35,127,110
1,59,35,131,110
1,60,35,129,110
1,61,35,136,110
1,62,35,123,110
1,63,35,132,110
1,64,35,126,110
1,65,35,134,110
1,66,35,119,110
1,67,35,124,110
1,68,35,148,110
1,69,35,125,110
1,70,35,22,110
1,71,35,128,110
1,72,35,153,110
1,73,35,130,110
1,74,35,143,110
1,75,35,21,110
1,76,35,160,110
1,77,35,28,110
1,78,35,32,110
1,79,35,4,110
1,80,35,7,110
1,81,35,24,110
1,82,35,1,110
1,83,35,16,110
1,84,35,13,110
1,85,35,15,110
1,86,35,20,110
1,87,35,2,110
1,88,35,19,110
1,89,35,10,110
1,90,35,11,110
1,91,35,5,110
1,92,35,9,110
1,93,35,29,110
1,94,35,30,110
1,95,35,26,110
1,96,35,31,110
1,97,35,3,110
1,98,35,12,110
1,99,35,18,110
1,100,35,25,110
1,101,35,133,110
1,102,35,27,110
1,103,35,6,110
1,104,35,14,110
1,105,35,97,110
1,106,35,108,110
1,107,35,110,110
1,108,35,105,110
1,109,35,109,110
1,110,35,95,110
1,111,35,118,110
1,112,35,106,110
1,113,35,17,110
1,114,35,111,110
1,115,35,115,110
1,116,35,113,110
1,117,35,90,110
1,118,35,100,110
1,119,35,116,110
1,120,35,102,110
1,121,35,101,110
1,122,35,94,110
1,123,35,114,110
1,124,35,8,110
1,125,35,117,110
1,126,35,98,110
1,127,35,103,110
1,128,35,44,110
1,129,35,112,110
1,130,35,93,110
1,131,35,107,110
1,132,35,99,110
1,133,35,89,110
1,134,35,91,110
1,135,35,96,110
1,136,35,92,110
1,137,35,104,110
1,138,35,48,110
1,139,35,61,110
1,140,35,23,110
1,141,35,36,110
1,142,35,50,110
1,143,35,47,110
1,144,35,43,110
1,145,35,57,110
1,146,35,33,110
1,147,35,38,110
1,148,35,45,110
1,149,35,54,110
1,150,35,46,110
1,151,35,52,110
1,152,35,37,110
1,153,35,51,110
1,154,35,41,110
1,155,35,59,110
1,156,35,39,110
1,157,35,34,110
1,158,35,53,110
1,159,35,42,110
1,160,35,40,110
1,161,35,55,110
1,162,35,35,110
1,163,35,49,110
1,164,35,60,110
1,165,35,58,110
1,166,35,56,110
1,1,36,81,21
1,2,36,87,21
1,3,36,63,21
1,4,36,68,21
1,5,36,84,21
1,6,36,85,21
1,7,36,88,21
1,8,36,70,21
1,9,36,83,21
1,10,36,75,21
1,11,36,79,21
1,12,36,66,21
1,13,36,74,21
1,14,36,65,21
1,15,36,67,21
1,16,36,76,21
1,17,36,71,21
1,18,36,82,21
1,19,36,78,21
1,20,36,69,21
1,21,36,62,21
1,22,36,147,21
1,23,36,86,21
1,24,36,72,21
1,25,36,73,21
17,26,36,142,21
17,27,36,161,21
17,28,36,145,21
17,29,36,141,21
1,30,36,64,21
20,31,36,158,21
20,32,36,166,21
1,33,36,154,21
1,34,36,165,21
1,35,36,80,21
1,36,36,77,21
1,37,36,159,21
1,38,36,157,21
1,39,36,164,21
1,40,36,156,21
1,41,36,137,21
1,42,36,144,21
1,43,36,140,21
1,44,36,138,21
1,45,36,150,21
1,46,36,146,21
1,47,36,139,21
1,48,36,162,21
1,49,36,155,21
1,50,36,151,21
1,51,36,152,21
24,52,36,149,21
1,53,36,120,21
1,54,36,121,21
1,55,36,135,21
1,56,36,163,21
1,57,36,122,21
1,58,36,127,21
1,59,36,131,21
1,60,36,129,21
1,61,36,136,21
1,62,36,123,21
1,63,36,132,21
1,64,36,126,21
1,65,36,134,21
1,66,36,119,21
1,67,36,124,21
1,68,36,148,21
1,69,36,125,21
1,70,36,22,21
1,71,36,128,21
1,72,36,153,21
1,73,36,130,21
1,74,36,143,21
1,75,36,21,21
1,76,36,160,21
1,77,36,28,21
1,78,36,32,21
1,79,36,4,21
1,80,36,7,21
1,81,36,24,21
1,82,36,1,21
1,83,36,16,21
1,84,36,13,21
1,85,36,15,21
1,86,36,20,21
1,87,36,2,21
1,88,36,19,21
1,89,36,10,21
1,90,36,11,21
1,91,36,5,21
1,92,36,9,21
1,93,36,29,21
1,94,36,30,21
1,95,36,26,21
1,96,36,31,21
1,97,36,3,21
1,98,36,12,21
1,99,36,18,21
1,100,36,25,21
1,101,36,133,21
1,102,36,27,21
1,103,36,6,21
1,104,36,14,21
1,105,36,97,21
1,106,36,108,21
1,107,36,110,21
1,108,36,105,21
1,109,36,109,21
1,110,36,95,21
1,111,36,118,21
1,112,36,106,21
1,113,36,17,21
1,114,36,111,21
1,115,36,115,21
1,116,36,113,21
1,117,36,90,21
1,118,36,100,21
1,119,36,116,21
1,120,36,102,21
1,121,36,101,21
1,122,36,94,21
1,123,36,114,21
1,124,36,8,21
1,125,36,117,21
1,126,36,98,21
1,127,36,103,21
1,128,36,44,21
1,129,36,112,21
1,130,36,93,21
1,131,36,107,21
1,132,36,99,21
1,133,36,89,21
1,134,36,91,21
1,135,36,96,21
1,136,36,92,21
1,137,36,104,21
1,138,36,48,21
1,139,36,61,21
1,140,36,23,21
1,141,36,36,21
1,142,36,50,21
1,143,36,47,21
1,144,36,43,21
1,145,36,57,21
1,146,36,33,21
1,147,36,38,21
1,148,36,45,21
1,149,36,54,21
1,150,36,46,21
1,151,36,52,21
1,152,36,37,21
1,153,36,51,21
1,154,36,41,21
1,155,36,59,21
1,156,36,39,21
1,157,36,34,21
1,158,36,53,21
1,159,36,42,21
1,160,36,40,21
1,161,36,55,21
1,162,36,35,21
1,163,36,49,21
1,164,36,60,21
1,165,36,58,21
1,166,36,56,21
1,1,37,81,146
1,2,37,87,146
1,3,37,63,146
1,4,37,68,146
1,5,37,84,146
1,6,37,85,146
1,7,37,88,146
1,8,37,70,146
1,9,37,83,146
1,10,37,75,146
1,11,37,79,146
1,12,37,66,146
1,13,37,74,146
1,14,37,65,146
1,15,37,67,146
1,16,37,76,146
1,17,37,71,146
1,18,37,82,146
1,19,37,78,146
1,20,37,69,146
1,21,37,62,146
1,22,37,147,146
1,23,37,86,146
1,24,37,72,146
1,25,37,73,146
17,26,37,142,146
17,27,37,161,146
17,28,37,145,146
17,29,37,141,146
1,30,37,64,146
20,31,37,158,146
20,32,37,166,146
1,33,37,154,146
1,34,37,165,146
1,35,37,80,146
1,36,37,77,146
1,37,37,159,146
1,38,37,157,146
1,39,37,164,146
1,40,37,156,146
1,41,37,137,146
1,42,37,144,146
1,43,37,140,146
1,44,37,138,146
1,45,37,150,146
1,46,37,146,146
1,47,37,139,146
1,48,37,162,146
1,49,37,155,146
1,50,37,151,146
1,51,37,152,146
24,52,37,149,146
1,53,37,120,146
1,54,37,121,146
1,55,37,135,146
1,56,37,163,146
1,57,37,122,146
1,58,37,127,146
1,59,37,131,146
1,60,37,129,146
1,61,37,136,146
1,62,37,123,146
1,63,37,132,146
1,64,37,126,146
1,65,37,134,146
1,66,37,119,146
1,67,37,124,146
1,68,37,148,146
1,69,37,125,146
1,70,37,22,146
1,71,37,128,146
1,72,37,153,146
1,73,37,130,146
1,74,37,143,146
1,75,37,21,146
1,76,37,160,146
1,77,37,28,146
1,78,37,32,146
1,79,37,4,146
1,80,37,7,146
1,81,37,24,146
1,82,37,1,146
1,83,37,16,146
1,84,37,13,146
1,85,37,15,146
1,86,37,20,146
1,87,37,2,146
1,88,37,19,146
1,89,37,10,146
1,90,37,11,146
1,91,37,5,146
1,92,37,9,146
1,93,37,29,146
1,94,37,30,146
1,95,37,26,146
1,96,37,31,146
1,97,37,3,146
1,98,37,12,146
1,99,37,18,146
1,100,37,25,146
1,101,37,133,146
1,102,37,27,146
1,103,37,6,146
1,104,37,14,146
1,105,37,97,146
1,106,37,108,146
1,107,37,110,146
1,108,37,105,146
1,109,37,109,146
1,110,37,95,146
1,111,37,118,146
1,112,37,106,146
1,113,37,17,146
1,114,37,111,146
1,115,37,115,146
1,116,37,113,146
1,117,37,90,146
1,118,37,100,146
1,119,37,116,146
1,120,37,102,146
1,121,37,101,146
1,122,37,94,146
1,123,37,114,146
1,124,37,8,146
1,125,37,117,146
1,126,37,98,146
1,127,37,103,146
1,128,37,44,146
1,129,37,112,146
1,130,37,93,146
1,131,37,107,146
1,132,37,99,146
1,133,37,89,146
1,134,37,91,146
1,135,37,96,146
1,136,37,92,146
1,137,37,104,146
1,138,37,48,146
1,139,37,61,146
1,140,37,23,146
1,141,37,36,146
1,142,37,50,146
1,143,37,47,146
1,144,37,43,146
1,145,37,57,146
1,146,37,33,146
1,147,37,38,146
1,148,37,45,146
1,149,37,54,146
1,150,37,46,146
1,151,37,52,146
1,152,37,37,146
1,153,37,51,146
1,154,37,41,146
1,155,37,59,146
1,156,37,39,146
1,157,37,34,146
1,158,37,53,146
1,159,37,42,146
1,160,37,40,146
1,161,37,55,146
1,162,37,35,146
1,163,37,49,146
1,164,37,60,146
1,165,37,58,146
1,166,37,56,146
1,1,38,81,19
1,2,38,87,19
1,3,38,63,19
1,4,38,68,19
1,5,38,84,19
1,6,38,85,19
1,7,38,88,19
1,8,38,70,19
1,9,38,83,19
1,10,38,75,19
1,11,38,79,19
1,12,38,66,19
1,13,38,74,19
1,14,38,65,19
1,15,38,67,19
1,16,38,76,19
1,17,38,71,19
1,18,38,82,19
1,19,38,78,19
1,20,38,69,19
1,21,38,62,19
1,22,38,147,19
1,23,38,86,19
1,24,38,72,19
1,25,38,73,19
17,26,38,142,19
17,27,38,161,19
17,28,38,145,19
17,29,38,141,19
1,30,38,64,19
20,31,38,158,19
20,32,38,166,19
1,33,38,154,19
1,34,38,165,19
1,35,38,80,19
1,36,38,77,19
1,37,38,159,19
1,38,38,157,19
1,39,38,164,19
1,40,38,156,19
1,41,38,137,19
1,42,38,144,19
1,43,38,140,19
1,44,38,138,19
1,45,38,150,19
1,46,38,146,19
1,47,38,139,19
1,48,38,162,19
1,49,38,155,19
1,50,38,151,19
1,51,38,152,19
24,52,38,149,19
1,53,38,120,19
1,54,38,121,19
1,55,38,135,19
1,56,38,163,19
1,57,38,122,19
1,58,38,127,19
1,59,38,131,19
1,60,38,129,19
1,61,38,136,19
1,62,38,123,19
1,63,38,132,19
1,64,38,126,19
1,65,38,134,19
1,66,38,119,19
1,67,38,124,19
1,68,38,148,19
1,69,38,125,19
1,70,38,22,19
1,71,38,128,19
1,72,38,153,19
1,73,38,130,19
1,74,38,143,19
1,75,38,21,19
1,76,38,160,19
1,77,38,28,19
1,78,38,32,19
1,79,38,4,19
1,80,38,7,19
1,81,38,24,19
1,82,38,1,19
1,83,38,16,19
1,84,38,13,19
1,85,38,15,19
1,86,38,20,19
1,87,38,2,19
1,88,38,19,19
1,89,38,10,19
1,90,38,11,19
1,91,38,5,19
1,92,38,9,19
1,93,38,29,19
1,94,38,30,19
1,95,38,26,19
1,96,38,31,19
1,97,38,3,19
1,98,38,12,19
1,99,38,18,19
1,100,38,25,19
1,101,38,133,19
1,102,38,27,19
1,103,38,6,19
1,104,38,14,19
1,105,38,97,19
1,106,38,108,19
1,107,38,110,19
1,108,38,105,19
1,109,38,109,19
1,110,38,95,19
1,111,38,118,19
1,112,38,106,19
1,113,38,17,19
1,114,38,111,19
1,115,38,115,19
1,116,38,113,19
1,117,38,90,19
1,118,38,100,19
1,119,38,116,19
1,120,38,102,19
1,121,38,101,19
1,122,38,94,19
1,123,38,114,19
1,124,38,8,19
1,125,38,117,19
1,126,38,98,19
1,127,38,103,19
1,128,38,44,19
1,129,38,112,19
1,130,38,93,19
1,131,38,107,19
1,132,38,99,19
1,133,38,89,19
1,134,38,91,19
1,135,38,96,19
1,136,38,92,19
1,137,38,104,19
1,138,38,48,19
1,139,38,61,19
1,140,38,23,19
1,141,38,36,19
1,142,38,50,19
1,143,38,47,19
1,144,38,43,19
1,145,38,57,19
1,146,38,33,19
1,147,38,38,19
1,148,38,45,19
1,149,38,54,19
1,150,38,46,19
1,151,38,52,19
1,152,38,37,19
1,153,38,51,19
1,154,38,41,19
1,155,38,59,19
1,156,38,39,19
1,157,38,34,19
1,158,38,53,19
1,159,38,42,19
1,160,38,40,19
1,161,38,55,19
1,162,38,35,19
1,163,38,49,19
1,164,38,60,19
1,165,38,58,19
1,166,38,56,19
1,1,39,81,149
1,2,39,87,149
1,3,39,63,149
1,4,39,68,149
1,5,39,84,149
1,6,39,85,149
1,7,39,88,149
1,8,39,70,149
1,9,39,83,149
1,10,39,75,149
1,11,39,79,149
1,12,39,66,149
1,13,39,74,149
1,14,39,65,149
1,15,39,67,149
1,16,39,76,149
1,17,39,71,149
1,18,39,82,149
1,19,39,78,149
1,20,39,69,149
1,21,39,62,149
1,22,39,147,149
1,23,39,86,149
1,24,39,72,149
1,25,39,73,149
17,26,39,142,149
17,27,39,161,149
17,28,39,145,149
17,29,39,141,149
1,30,39,64,149
20,31,39,158,149
20,32,39,166,149
1,33,39,154,149
1,34,39,165,149
1,35,39,80,149
1,36,39,77,149
1,37,39,159,149
1,38,39,157,149
1,39,39,164,149
1,40,39,156,149
1,41,39,137,149
1,42,39,144,149
1,43,39,140,149
1,44,39,138,149
1,45,39,150,149
1,46,39,146,149
1,47,39,139,149
1,48,39,162,149
1,49,39,155,149
1,50,39,151,149
1,51,39,152,149
24,52,39,149,149
1,53,39,120,149
1,54,39,121,149
1,55,39,135,149
1,56,39,163,149
1,57,39,122,149
1,58,39,127,149
1,59,39,131,149
1,60,39,129,149
1,61,39,136,149
1,62,39,123,149
1,63,39,132,149
1,64,39,126,149
1,65,39,134,149
1,66,39,119,149
1,67,39,124,149
1,68,39,148,149
1,69,39,125,149
1,70,39,22,149
1,71,39,128,149
1,72,39,153,149
1,73,39,130,149
1,74,39,143,149
1,75,39,21,149
1,76,39,160,149
1,77,39,28,149
1,78,39,32,149
1,79,39,4,149
1,80,39,7,149
1,81,39,24,149
1,82,39,1,149
1,83,39,16,149
1,84,39,13,149
1,85,39,15,149
1,86,39,20,149
1,87,39,2,149
1,88,39,19,149
1,89,39,10,149
1,90,39,11,149
1,91,39,5,149
1,92,39,9,149
1,93,39,29,149
1,94,39,30,149
1,95,39,26,149
1,96,39,31,149
1,97,39,3,149
1,98,39,12,149
1,99,39,18,149
1,100,39,25,149
1,101,39,133,149
1,102,39,27,149
1,103,39,6,149
1,104,39,14,149
1,105,39,97,149
1,106,39,108,149
1,107,39,110,149
1,108,39,105,149
1,109,39,109,149
1,110,39,95,149
1,111,39,118,149
1,112,39,106,149
1,113,39,17,149
1,114,39,111,149
1,115,39,115,149
1,116,39,113,149
1,117,39,90,149
1,118,39,100,149
1,119,39,116,149
1,120,39,102,149
1,121,39,101,149
1,122,39,94,149
1,123,39,114,149
1,124,39,8,149
1,125,39,117,149
1,126,39,98,149
1,127,39,103,149
1,128,39,44,149
1,129,39,112,149
1,130,39,93,149
1,131,39,107,149
1,132,39,99,149
1,133,39,89,149
1,134,39,91,149
1,135,39,96,149
1,136,39,92,149
1,137,39,104,149
1,138,39,48,149
1,139,39,61,149
1,140,39,23,149
1,141,39,36,149
1,142,39,50,149
1,143,39,47,149
1,144,39,43,149
1,145,39,57,149
1,146,39,33,149
1,147,39,38,149
1,148,39,45,149
1,149,39,54,149
1,150,39,46,149
1,151,39,52,149
1,152,39,37,149
1,153,39,51,149
1,154,39,41,149
1,155,39,59,149
1,156,39,39,149
1,157,39,34,149
1,158,39,53,149
1,159,39,42,149
1,160,39,40,149
1,161,39,55,149
1,162,39,35,149
1,163,39,49,149
1,164,39,60,149
1,165,39,58,149
1,166,39,56,149
1,1,40,81,100
1,2,40,87,100
1,3,40,63,100
1,4,40,68,100
1,5,40,84,100
1,6,40,85,100
1,7,40,88,100
1,8,40,70,100
1,9,40,83,100
1,10,40,75,100
1,11,40,79,100
1,12,40,66,100
1,13,40,74,100
1,14,40,65,100
1,15,40,67,100
1,16,40,76,100
1,17,40,71,100
1,18,40,82,100
1,19,40,78,100
1,20,40,69,100
1,21,40,62,100
1,22,40,147,100
1,23,40,86,100
1,24,40,72,100
1,25,40,73,100
17,26,40,142,100
17,27,40,161,100
17,28,40,145,100
17,29,40,141,100
1,30,40,64,100
20,31,40,158,100
20,32,40,166,100
1,33,40,154,100
1,34,40,165,100
1,35,40,80,100
1,36,40,77,100
1,37,40,159,100
1,38,40,157,100
1,39,40,164,100
1,40,40,156,100
1,41,40,137,100
1,42,40,144,100
1,43,40,140,100
1,44,40,138,100
1,45,40,150,100
1,46,40,146,100
1,47,40,139,100
1,48,40,162,100
1,49,40,155,100
1,50,40,151,100
1,51,40,152,100
24,52,40,149,100
1,53,40,120,100
1,54,40,121,100
1,55,40,135,100
1,56,40,163,100
1,57,40,122,100
1,58,40,127,100
1,59,40,131,100
1,60,40,129,100
1,61,40,136,100
1,62,40,123,100
1,63,40,132,100
1,64,40,126,100
1,65,40,134,100
1,66,40,119,100
1,67,40,124,100
1,68,40,148,100
1,69,40,125,100
1,70,40,22,100
1,71,40,128,100
1,72,40,153,100
1,73,40,130,100
1,74,40,143,100
1,75,40,21,100
1,76,40,160,100
1,77,40,28,100
1,78,40,32,100
1,79,40,4,100
1,80,40,7,100
1,81,40,24,100
1,82,40,1,100
1,83,40,16,100
1,84,40,13,100
1,85,40,15,100
1,86,40,20,100
1,87,40,2,100
1,88,40,19,100
1,89,40,10,100
1,90,40,11,100
1,91,40,5,100
1,92,40,9,100
1,93,40,29,100
1,94,40,30,100
1,95,40,26,100
1,96,40,31,100
1,97,40,3,100
1,98,40,12,100
1,99,40,18,100
1,100,40,25,100
1,101,40,133,100
1,102,40,27,100
1,103,40,6,100
1,104,40,14,100
1,105,40,97,100
1,106,40,108,100
1,107,40,110,100
1,108,40,105,100
1,109,40,109,100
1,110,40,95,100
1,111,40,118,100
1,112,40,106,100
1,113,40,17,100
1,114,40,111,100
1,115,40,115,100
1,116,40,113,100
1,117,40,90,100
1,118,40,100,100
1,119,40,116,100
1,120,40,102,100
1,121,40,101,100
1,122,40,94,100
1,123,40,114,100
1,124,40,8,100
1,125,40,117,100
1,126,40,98,100
1,127,40,103,100
1,128,40,44,100
1,129,40,112,100
1,130,40,93,100
1,131,40,107,100
1,132,40,99,100
1,133,40,89,100
1,134,40,91,100
1,135,40,96,100
1,136,40,92,100
1,137,40,104,100
1,138,40,48,100
1,139,40,61,100
1,140,40,23,100
1,141,40,36,100
1,142,40,50,100
1,143,40,47,100
1,144,40,43,100
1,145,40,57,100
1,146,40,33,100
1,147,40,38,100
1,148,40,45,100
1,149,40,54,100
1,150,40,46,100
1,151,40,52,100
1,152,40,37,100
1,153,40,51,100
1,154,40,41,100
1,155,40,59,100
1,156,40,39,100
1,157,40,34,100
1,158,40,53,100
1,159,40,42,100
1,160,40,40,100
1,161,40,55,100
1,162,40,35,100
1,163,40,49,100
1,164,40,60,100
1,165,40,58,100
1,166,40,56,100
1,1,41,81,45
1,2,41,87,45
1,3,41,63,45
1,4,41,68,45
1,5,41,84,45
1,6,41,85,45
1,7,41,88,45
1,8,41,70,45
1,9,41,83,45
1,10,41,75,45
1,11,41,79,45
1,12,41,66,45
1,13,41,74,45
1,14,41,65,45
1,15,41,67,45
1,16,41,76,45
1,17,41,71,45
1,18,41,82,45
1,19,41,78,45
1,20,41,69,45
1,21,41,62,45
1,22,41,147,45
1,23,41,86,45
1,24,41,72,45
1,25,41,73,45
17,26,41,142,45
17,27,41,161,45
17,28,41,145,45
17,29,41,141,45
1,30,41,64,45
20,31,41,158,45
20,32,41,166,45
1,33,41,154,45
1,34,41,165,45
1,35,41,80,45
1,36,41,77,45
1,37,41,159,45
1,38,41,157,45
1,39,41,164,45
1,40,41,156,45
1,41,41,137,45
1,42,41,144,45
1,43,41,140,45
1,44,41,138,45
1,45,41,150,45
1,46,41,146,45
1,47,41,139,45
1,48,41,162,45
1,49,41,155,45
1,50,41,151,45
1,51,41,152,45
24,52,41,149,45
1,53,41,120,45
1,54,41,121,45
1,55,41,135,45
1,56,41,163,45
1,57,41,122,45
1,58,41,127,45
1,59,41,131,45
1,60,41,129,45
1,61,41,136,45
1,62,41,123,45
1,63,41,132,45
1,64,41,126,45
1,65,41,134,45
1,66,41,119,45
1,67,41,124,45
1,68,41,148,45
1,69,41,125,45
1,70,41,22,45
1,71,41,128,45
1,72,41,153,45
1,73,41,130,45
1,74,41,143,45
1,75,41,21,45
1,76,41,160,45
1,77,41,28,45
1,78,41,32,45
1,79,41,4,45
1,80,41,7,45
1,81,41,24,45
1,82,41,1,45
1,83,41,16,45
1,84,41,13,45
1,85,41,15,45
1,86,41,20,45
1,87,41,2,45
1,88,41,19,45
1,89,41,10,45
1,90,41,11,45
1,91,41,5,45
1,92,41,9,45
1,93,41,29,45
1,94,41,30,45
1,95,41,26,45
1,96,41,31,45
1,97,41,3,45
1,98,41,12,45
1,99,41,18,45
1,100,41,25,45
1,101,41,133,45
1,102,41,27,45
1,103,41,6,45
1,104,41,14,45
1,105,41,97,45
1,106,41,108,45
1,107,41,110,45
1,108,41,105,45
1,109,41,109,45
1,110,41,95,45
1,111,41,118,45
1,112,41,106,45
1,113,41,17,45
1,114,41,111,45
1,115,41,115,45
1,116,41,113,45
1,117,41,90,45
1,118,41,100,45
1,119,41,116,45
1,120,41,102,45
1,121,41,101,45
1,122,41,94,45
1,123,41,114,45
1,124,41,8,45
1,125,41,117,45
1,126,41,98,45
1,127,41,103,45
1,128,41,44,45
1,129,41,112,45
1,130,41,93,45
1,131,41,107,45
1,132,41,99,45
1,133,41,89,45
1,134,41,91,45
1,135,41,96,45
1,136,41,92,45
1,137,41,104,45
1,138,41,48,45
1,139,41,61,45
1,140,41,23,45
1,141,41,36,45
1,142,41,50,45
1,143,41,47,45
1,144,41,43,45
1,145,41,57,45
1,146,41,33,45
1,147,41,38,45
1,148,41,45,45
1,149,41,54,45
1,150,41,46,45
1,151,41,52,45
1,152,41,37,45
1,153,41,51,45
1,154,41,41,45
1,155,41,59,45
1,156,41,39,45
1,157,41,34,45
1,158,41,53,45
1,159,41,42,45
1,160,41,40,45
1,161,41,55,45
1,162,41,35,45
1,163,41,49,45
1,164,41,60,45
1,165,41,58,45
1,166,41,56,45
1,1,42,81,135
1,2,42,87,135
1,3,42,63,135
1,4,42,68,135
1,5,42,84,135
1,6,42,85,135
1,7,42,88,135
1,8,42,70,135
1,9,42,83,135
1,10,42,75,135
1,11,42,79,135
1,12,42,66,135
1,13,42,74,135
1,14,42,65,135
1,15,42,67,135
1,16,42,76,135
1,17,42,71,135
1,18,42,82,135
1,19,42,78,135
1,20,42,69,135
1,21,42,62,135
1,22,42,147,135
1,23,42,86,135
1,24,42,72,135
1,25,42,73,135
17,26,42,142,135
17,27,42,161,135
17,28,42,145,135
17,29,42,141,135
1,30,42,64,135
20,31,42,158,135
20,32,42,166,135
1,33,42,154,135
1,34,42,165,135
1,35,42,80,135
1,36,42,77,135
1,37,42,159,135
1,38,42,157,135
1,39,42,164,135
1,40,42,156,135
1,41,42,137,135
1,42,42,144,135
1,43,42,140,135
1,44,42,138,135
1,45,42,150,135
1,46,42,146,135
1,47,42,139,135
1,48,42,162,135
1,49,42,155,135
1,50,42,151,135
1,51,42,152,135
24,52,42,149,135
1,53,42,120,135
1,54,42,121,135
1,55,42,135,135
1,56,42,163,135
1,57,42,122,135
1,58,42,127,135
1,59,42,131,135
1,60,42,129,135
1,61,42,136,135
1,62,42,123,135
1,63,42,132,135
1,64,42,126,135
1,65,42,134,135
1,66,42,119,135
1,67,42,124,135
1,68,42,148,135
1,69,42,125,135
1,70,42,22,135
1,71,42,128,135
1,72,42,153,135
1,73,42,130,135
1,74,42,143,135
1,75,42,21,135
1,76,42,160,135
1,77,42,28,135
1,78,42,32,135
1,79,42,4,135
1,80,42,7,135
1,81,42,24,135
1,82,42,1,135
1,83,42,16,135
1,84,42,13,135
1,85,42,15,135
1,86,42,20,135
1,87,42,2,135
1,88,42,19,135
1,89,42,10,135
1,90,42,11,135
1,91,42,5,135
1,92,42,9,135
1,93,42,29,135
1,94,42,30,135
1,95,42,26,135
1,96,42,31,135
1,97,42,3,135
1,98,42,12,135
1,99,42,18,135
1,100,42,25,135
1,101,42,133,135
1,102,42,27,135
1,103,42,6,135
1,104,42,14,135
1,105,42,97,135
1,106,42,108,135
1,107,42,110,135
1,108,42,105,135
1,109,42,109,135
1,110,42,95,135
1,111,42,118,135
1,112,42,106,135
1,113,42,17,135
1,114,42,111,135
1,115,42,115,135
1,116,42,113,135
1,117,42,90,135
1,118,42,100,135
1,119,42,116,135
1,120,42,102,135
1,121,42,101,135
1,122,42,94,135
1,123,42,114,135
1,124,42,8,135
1,125,42,117,135
1,126,42,98,135
1,127,42,103,135
1,128,42,44,135
1,129,42,112,135
1,130,42,93,135
1,131,42,107,135
1,132,42,99,135
1,133,42,89,135
1,134,42,91,135
1,135,42,96,135
1,136,42,92,135
1,137,42,104,135
1,138,42,48,135
1,139,42,61,135
1,140,42,23,135
1,141,42,36,135
1,142,42,50,135
1,143,42,47,135
1,144,42,43,135
1,145,42,57,135
1,146,42,33,135
1,147,42,38,135
1,148,42,45,135
1,149,42,54,135
1,150,42,46,135
1,151,42,52,135
1,152,42,37,135
1,153,42,51,135
1,154,42,41,135
1,155,42,59,135
1,156,42,39,135
1,157,42,34,135
1,158,42,53,135
1,159,42,42,135
1,160,42,40,135
1,161,42,55,135
1,162,42,35,135
1,163,42,49,135
1,164,42,60,135
1,165,42,58,135
1,166,42,56,135
1,1,43,81,2
1,2,43,87,2
1,3,43,63,2
1,4,43,68,2
1,5,43,84,2
1,6,43,85,2
1,7,43,88,2
1,8,43,70,2
1,9,43,83,2
1,10,43,75,2
1,11,43,79,2
1,12,43,66,2
1,13,43,74,2
1,14,43,65,2
1,15,43,67,2
1,16,43,76,2
1,17,43,71,2
1,18,43,82,2
1,19,43,78,2
1,20,43,69,2
1,21,43,62,2
1,22,43,147,2
1,23,43,86,2
1,24,43,72,2
1,25,43,73,2
17,26,43,142,2
17,27,43,161,2
17,28,43,145,2
17,29,43,141,2
1,30,43,64,2
20,31,43,158,2
20,32,43,166,2
1,33,43,154,2
1,34,43,165,2
1,35,43,80,2
1,36,43,77,2
1,37,43,159,2
1,38,43,157,2
1,39,43,164,2
1,40,43,156,2
1,41,43,137,2
1,42,43,144,2
1,43,43,140,2
1,44,43,138,2
1,45,43,150,2
1,46,43,146,2
1,47,43,139,2
1,48,43,162,2
1,49,43,155,2
1,50,43,151,2
1,51,43,152,2
24,52,43,149,2
1,53,43,120,2
1,54,43,121,2
1,55,43,135,2
1,56,43,163,2
1,57,43,122,2
1,58,43,127,2
1,59,43,131,2
1,60,43,129,2
1,61,43,136,2
1,62,43,123,2
1,63,43,132,2
1,64,43,126,2
1,65,43,134,2
1,66,43,119,2
1,67,43,124,2
1,68,43,148,2
1,69,43,125,2
1,70,43,22,2
1,71,43,128,2
1,72,43,153,2
1,73,43,130,2
1,74,43,143,2
1,75,43,21,2
1,76,43,160,2
1,77,43,28,2
1,78,43,32,2
1,79,43,4,2
1,80,43,7,2
1,81,43,24,2
1,82,43,1,2
1,83,43,16,2
1,84,43,13,2
1,85,43,15,2
1,86,43,20,2
1,87,43,2,2
1,88,43,19,2
1,89,43,10,2
1,90,43,11,2
1,91,43,5,2
1,92,43,9,2
1,93,43,29,2
1,94,43,30,2
1,95,43,26,2
1,96,43,31,2
1,97,43,3,2
1,98,43,12,2
1,99,43,18,2
1,100,43,25,2
1,101,43,133,2
1,102,43,27,2
1,103,43,6,2
1,104,43,14,2
1,105,43,97,2
1,106,43,108,2
1,107,43,110,2
1,108,43,105,2
1,109,43,109,2
1,110,43,95,2
1,111,43,118,2
1,112,43,106,2
1,113,43,17,2
1,114,43,111,2
1,115,43,115,2
1,116,43,113,2
1,117,43,90,2
1,118,43,100,2
1,119,43,116,2
1,120,43,102,2
1,121,43,101,2
1,122,43,94,2
1,123,43,114,2
1,124,43,8,2
1,125,43,117,2
1,126,43,98,2
1,127,43,103,2
1,128,43,44,2
1,129,43,112,2
1,130,43,93,2
1,131,43,107,2
1,132,43,99,2
1,133,43,89,2
1,134,43,91,2
1,135,43,96,2
1,136,43,92,2
1,137,43,104,2
1,138,43,48,2
1,139,43,61,2
1,140,43,23,2
1,141,43,36,2
1,142,43,50,2
1,143,43,47,2
1,144,43,43,2
1,145,43,57,2
1,146,43,33,2
1,147,43,38,2
1,148,43,45,2
1,149,43,54,2
1,150,43,46,2
1,151,43,52,2
1,152,43,37,2
1,153,43,51,2
1,154,43,41,2
1,155,43,59,2
1,156,43,39,2
1,157,43,34,2
1,158,43,53,2
1,159,43,42,2
1,160,43,40,2
1,161,43,55,2
1,162,43,35,2
1,163,43,49,2
1,164,43,60,2
1,165,43,58,2
1,166,43,56,2
1,1,44,81,144
1,2,44,87,144
1,3,44,63,144
1,4,44,68,144
1,5,44,84,144
1,6,44,85,144
1,7,44,88,144
1,8,44,70,144
1,9,44,83,144
1,10,44,75,144
1,11,44,79,144
1,12,44,66,144
1,13,44,74,144
1,14,44,65,144
1,15,44,67,144
1,16,44,76,144
1,17,44,71,144
1,18,44,82,144
1,19,44,78,144
1,20,44,69,144
1,21,44,62,144
1,22,44,147,144
1,23,44,86,144
1,24,44,72,144
1,25,44,73,144
17,26,44,142,144
17,27,44,161,144
17,28,44,145,144
17,29,44,141,144
1,30,44,64,144
20,31,44,158,144
20,32,44,166,144
1,33,44,154,144
1,34,44,165,144
1,35,44,80,144
1,36,44,77,144
1,37,44,159,144
1,38,44,157,144
1,39,44,164,144
1,40,44,156,144
1,41,44,137,144
1,42,44,144,144
1,43,44,140,144
1,44,44,138,144
1,45,44,150,144
1,46,44,146,144
1,47,44,139,144
1,48,44,162,144
1,49,44,155,144
1,50,44,151,144
1,51,44,152,144
24,52,44,149,144
1,53,44,120,144
1,54,44,121,144
1,55,44,135,144
1,56,44,163,144
1,57,44,122,144
1,58,44,127,144
1,59,44,131,144
1,60,44,129,144
1,61,44,136,144
1,62,44,123,144
1,63,44,132,144
1,64,44,126,144
1,65,44,134,144
1,66,44,119,144
1,67,44,124,144
1,68,44,148,144
1,69,44,125,144
1,70,44,22,144
1,71,44,128,144
1,72,44,153,144
1,73,44,130,144
1,74,44,143,144
1,75,44,21,144
1,76,44,160,144
1,77,44,28,144
1,78,44,32,144
1,79,44,4,144
1,80,44,7,144
1,81,44,24,144
1,82,44,1,144
1,83,44,16,144
1,84,44,13,144
1,85,44,15,144
1,86,44,20,144
1,87,44,2,144
1,88,44,19,144
1,89,44,10,144
1,90,44,11,144
1,91,44,5,144
1,92,44,9,144
1,93,44,29,144
1,94,44,30,144
1,95,44,26,144
1,96,44,31,144
1,97,44,3,144
1,98,44,12,144
1,99,44,18,144
1,100,44,25,144
1,101,44,133,144
1,102,44,27,144
1,103,44,6,144
1,104,44,14,144
1,105,44,97,144
1,106,44,108,144
1,107,44,110,144
1,108,44,105,144
1,109,44,109,144
1,110,44,95,144
1,111,44,118,144
1,112,44,106,144
1,113,44,17,144
1,114,44,111,144
1,115,44,115,144
1,116,44,113,144
1,117,44,90,144
1,118,44,100,144
1,119,44,116,144
1,120,44,102,144
1,121,44,101,144
1,122,44,94,144
1,123,44,114,144
1,124,44,8,144
1,125,44,117,144
1,126,44,98,144
1,127,44,103,144
1,128,44,44,144
1,129,44,112,144
1,130,44,93,144
1,131,44,107,144
1,132,44,99,144
1,133,44,89,144
1,134,44,91,144
1,135,44,96,144
1,136,44,92,144
1,137,44,104,144
1,138,44,48,144
1,139,44,61,144
1,140,44,23,144
1,141,44,36,144
1,142,44,50,144
1,143,44,47,144
1,144,44,43,144
1,145,44,57,144
1,146,44,33,144
1,147,44,38,144
1,148,44,45,144
1,149,44,54,144
1,150,44,46,144
1,151,44,52,144
1,152,44,37,144
1,153,44,51,144
1,154,44,41,144
1,155,44,59,144
1,156,44,39,144
1,157,44,34,144
1,158,44,53,144
1,159,44,42,144
1,160,44,40,144
1,161,44,55,144
1,162,44,35,144
1,163,44,49,144
1,164,44,60,144
1,165,44,58,144
1,166,44,56,144
1,1,45,81,103
1,2,45,87,103
1,3,45,63,103
1,4,45,68,103
1,5,45,84,103
1,6,45,85,103
1,7,45,88,103
1,8,45,70,103
1,9,45,83,103
1,10,45,75,103
1,11,45,79,103
1,12,45,66,103
1,13,45,74,103
1,14,45,65,103
1,15,45,67,103
1,16,45,76,103
1,17,45,71,103
1,18,45,82,103
1,19,45,78,103
1,20,45,69,103
1,21,45,62,103
1,22,45,147,103
1,23,45,86,103
1,24,45,72,103
1,25,45,73,103
17,26,45,142,103
17,27,45,161,103
17,28,45,145,103
17,29,45,141,103
1,30,45,64,103
20,31,45,158,103
20,32,45,166,103
1,33,45,154,103
1,34,45,165,103
1,35,45,80,103
1,36,45,77,103
1,37,45,159,103
1,38,45,157,103
1,39,45,164,103
1,40,45,156,103
1,41,45,137,103
1,42,45,144,103
1,43,45,140,103
1,44,45,138,103
1,45,45,150,103
1,46,45,146,103
1,47,45,139,103
1,48,45,162,103
1,49,45,155,103
1,50,45,151,103
1,51,45,152,103
24,52,45,149,103
1,53,45,120,103
1,54,45,121,103
1,55,45,135,103
1,56,45,163,103
1,57,45,122,103
1,58,45,127,103
1,59,45,131,103
1,60,45,129,103
1,61,45,136,103
1,62,45,123,103
1,63,45,132,103
1,64,45,126,103
1,65,45,134,103
1,66,45,119,103
1,67,45,124,103
1,68,45,148,103
1,69,45,125,103
1,70,45,22,103
1,71,45,128,103
1,72,45,153,103
1,73,45,130,103
1,74,45,143,103
1,75,45,21,103
1,76,45,160,103
1,77,45,28,103
1,78,45,32,103
1,79,45,4,103
1,80,45,7,103
1,81,45,24,103
1,82,45,1,103
1,83,45,16,103
1,84,45,13,103
1,85,45,15,103
1,86,45,20,103
1,87,45,2,103
1,88,45,19,103
1,89,45,10,103
1,90,45,11,103
1,91,45,5,103
1,92,45,9,103
1,93,45,29,103
1,94,45,30,103
1,95,45,26,103
1,96,45,31,103
1,97,45,3,103
1,98,45,12,103
1,99,45,18,103
1,100,45,25,103
1,101,45,133,103
1,102,45,27,103
1,103,45,6,103
1,104,45,14,103
1,105,45,97,103
1,106,45,108,103
1,107,45,110,103
1,108,45,105,103
1,109,45,109,103
1,110,45,95,103
1,111,45,118,103
1,112,45,106,103
1,113,45,17,103
1,114,45,111,103
1,115,45,115,103
1,116,45,113,103
1,117,45,90,103
1,118,45,100,103
1,119,45,116,103
1,120,45,102,103
1,121,45,101,103
1,122,45,94,103
1,123,45,114,103
1,124,45,8,103
1,125,45,117,103
1,126,45,98,103
1,127,45,103,103
1,128,45,44,103
1,129,45,112,103
1,130,45,93,103
1,131,45,107,103
1,132,45,99,103
1,133,45,89,103
1,134,45,91,103
1,135,45,96,103
1,136,45,92,103
1,137,45,104,103
1,138,45,48,103
1,139,45,61,103
1,140,45,23,103
1,141,45,36,103
1,142,45,50,103
1,143,45,47,103
1,144,45,43,103
1,145,45,57,103
1,146,45,33,103
1,147,45,38,103
1,148,45,45,103
1,149,45,54,103
1,150,45,46,103
1,151,45,52,103
1,152,45,37,103
1,153,45,51,103
1,154,45,41,103
1,155,45,59,103
1,156,45,39,103
1,157,45,34,103
1,158,45,53,103
1,159,45,42,103
1,160,45,40,103
1,161,45,55,103
1,162,45,35,103
1,163,45,49,103
1,164,45,60,103
1,165,45,58,103
1,166,45,56,103
1,1,46,81,50
1,2,46,87,50
1,3,46,63,50
1,4,46,68,50
1,5,46,84,50
1,6,46,85,50
1,7,46,88,50
1,8,46,70,50
1,9,46,83,50
1,10,46,75,50
1,11,46,79,50
1,12,46,66,50
1,13,46,74,50
1,14,46,65,50
1,15,46,67,50
1,16,46,76,50
1,17,46,71,50
1,18,46,82,50
1,19,46,78,50
1,20,46,69,50
1,21,46,62,50
1,22,46,147,50
1,23,46,86,50
1,24,46,72,50
1,25,46,73,50
17,26,46,142,50
17,27,46,161,50
17,28,46,145,50
17,29,46,141,50
1,30,46,64,50
20,31,46,158,50
20,32,46,166,50
1,33,46,154,50
1,34,46,165,50
1,35,46,80,50
1,36,46,77,50
1,37,46,159,50
1,38,46,157,50
1,39,46,164,50
1,40,46,156,50
1,41,46,137,50
1,42,46,144,50
1,43,46,140,50
1,44,46,138,50
1,45,46,150,50
1,46,46,146,50
1,47,46,139,50
1,48,46,162,50
1,49,46,155,50
1,50,46,151,50
1,51,46,152,50
24,52,46,149,50
1,53,46,120,50
1,54,46,121,50
1,55,46,135,50
1,56,46,163,50
1,57,46,122,50
1,58,46,127,50
1,59,46,131,50
1,60,46,129,50
1,61,46,136,50
1,62,46,123,50
1,63,46,132,50
1,64,46,126,50
1,65,46,134,50
1,66,46,119,50
1,67,46,124,50
1,68,46,148,50
1,69,46,125,50
1,70,46,22,50
1,71,46,128,50
1,72,46,153,50
1,73,46,130,50
1,74,46,143,50
1,75,46,21,50
1,76,46,160,50
1,77,46,28,50
1,78,46,32,50
1,79,46,4,50
1,80,46,7,50
1,81,46,24,50
1,82,46,1,50
1,83,46,16,50
1,84,46,13,50
1,85,46,15,50
1,86,46,20,50
1,87,46,2,50
1,88,46,19,50
1,89,46,10,50
1,90,46,11,50
1,91,46,5,50
1,92,46,9,50
1,93,46,29,50
1,94,46,30,50
1,95,46,26,50
1,96,46,31,50
1,97,46,3,50
1,98,46,12,50
1,99,46,18,50
1,100,46,25,50
1,101,46,133,50
1,102,46,27,50
1,103,46,6,50
1,104,46,14,50
1,105,46,97,50
1,106,46,108,50
1,107,46,110,50
1,108,46,105,50
1,109,46,109,50
1,110,46,95,50
1,111,46,118,50
1,112,46,106,50
1,113,46,17,50
1,114,46,111,50
1,115,46,115,50
1,116,46,113,50
1,117,46,90,50
1,118,46,100,50
1,119,46,116,50
1,120,46,102,50
1,121,46,101,50
1,122,46,94,50
1,123,46,114,50
1,124,46,8,50
1,125,46,117,50
1,126,46,98,50
1,127,46,103,50
1,128,46,44,50
1,129,46,112,50
1,130,46,93,50
1,131,46,107,50
1,132,46,99,50
1,133,46,89,50
1,134,46,91,50
1,135,46,96,50
1,136,46,92,50
1,137,46,104,50
1,138,46,48,50
1,139,46,61,50
1,140,46,23,50
1,141,46,36,50
1,142,46,50,50
1,143,46,47,50
1,144,46,43,50
1,145,46,57,50
1,146,46,33,50
1,147,46,38,50
1,148,46,45,50
1,149,46,54,50
1,150,46,46,50
1,151,46,52,50
1,152,46,37,50
1,153,46,51,50
1,154,46,41,50
1,155,46,59,50
1,156,46,39,50
1,157,46,34,50
1,158,46,53,50
1,159,46,42,50
1,160,46,40,50
1,161,46,55,50
1,162,46,35,50
1,163,46,49,50
1,164,46,60,50
1,165,46,58,50
1,166,46,56,50
1,1,47,81,150
1,2,47,87,150
1,3,47,63,150
1,4,47,68,150
1,5,47,84,150
1,6,47,85,150
1,7,47,88,150
1,8,47,70,150
1,9,47,83,150
1,10,47,75,150
1,11,47,79,150
1,12,47,66,150
1,13,47,74,150
1,14,47,65,150
1,15,47,67,150
1,16,47,76,150
1,17,47,71,150
1,18,47,82,150
1,19,47,78,150
1,20,47,69,150
1,21,47,62,150
1,22,47,147,150
1,23,47,86,150
1,24,47,72,150
1,25,47,73,150
17,26,47,142,150
17,27,47,161,150
17,28,47,145,150
17,29,47,141,150
1,30,47,64,150
20,31,47,158,150
20,32,47,166,150
1,33,47,154,150
1,34,47,165,150
1,35,47,80,150
1,36,47,77,150
1,37,47,159,150
1,38,47,157,150
1,39,47,164,150
1,40,47,156,150
1,41,47,137,150
1,42,47,144,150
1,43,47,140,150
1,44,47,138,150
1,45,47,150,150
1,46,47,146,150
1,47,47,139,150
1,48,47,162,150
1,49,47,155,150
1,50,47,151,150
1,51,47,152,150
24,52,47,149,150
1,53,47,120,150
1,54,47,121,150
1,55,47,135,150
1,56,47,163,150
1,57,47,122,150
1,58,47,127,150
1,59,47,131,150
1,60,47,129,150
1,61,47,136,150
1,62,47,123,150
1,63,47,132,150
1,64,47,126,150
1,65,47,134,150
1,66,47,119,150
1,67,47,124,150
1,68,47,148,150
1,69,47,125,150
1,70,47,22,150
1,71,47,128,150
1,72,47,153,150
1,73,47,130,150
1,74,47,143,150
1,75,47,21,150
1,76,47,160,150
1,77,47,28,150
1,78,47,32,150
1,79,47,4,150
1,80,47,7,150
1,81,47,24,150
1,82,47,1,150
1,83,47,16,150
1,84,47,13,150
1,85,47,15,150
1,86,47,20,150
1,87,47,2,150
1,88,47,19,150
1,89,47,10,150
1,90,47,11,150
1,91,47,5,150
1,92,47,9,150
1,93,47,29,150
1,94,47,30,150
1,95,47,26,150
1,96,47,31,150
1,97,47,3,150
1,98,47,12,150
1,99,47,18,150
1,100,47,25,150
1,101,47,133,150
1,102,47,27,150
1,103,47,6,150
1,104,47,14,150
1,105,47,97,150
1,106,47,108,150
1,107,47,110,150
1,108,47,105,150
1,109,47,109,150
1,110,47,95,150
1,111,47,118,150
1,112,47,106,150
1,113,47,17,150
1,114,47,111,150
1,115,47,115,150
1,116,47,113,150
1,117,47,90,150
1,118,47,100,150
1,119,47,116,150
1,120,47,102,150
1,121,47,101,150
1,122,47,94,150
1,123,47,114,150
1,124,47,8,150
1,125,47,117,150
1,126,47,98,150
1,127,47,103,150
1,128,47,44,150
1,129,47,112,150
1,130,47,93,150
1,131,47,107,150
1,132,47,99,150
1,133,47,89,150
1,134,47,91,150
1,135,47,96,150
1,136,47,92,150
1,137,47,104,150
1,138,47,48,150
1,139,47,61,150
1,140,47,23,150
1,141,47,36,150
1,142,47,50,150
1,143,47,47,150
1,144,47,43,150
1,145,47,57,150
1,146,47,33,150
1,147,47,38,150
1,148,47,45,150
1,149,47,54,150
1,150,47,46,150
1,151,47,52,150
1,152,47,37,150
1,153,47,51,150
1,154,47,41,150
1,155,47,59,150
1,156,47,39,150
1,157,47,34,150
1,158,47,53,150
1,159,47,42,150
1,160,47,40,150
1,161,47,55,150
1,162,47,35,150
1,163,47,49,150
1,164,47,60,150
1,165,47,58,150
1,166,47,56,150
1,1,48,81,73
1,2,48,87,73
1,3,48,63,73
1,4,48,68,73
1,5,48,84,73
1,6,48,85,73
1,7,48,88,73
1,8,48,70,73
1,9,48,83,73
1,10,48,75,73
1,11,48,79,73
1,12,48,66,73
1,13,48,74,73
1,14,48,65,73
1,15,48,67,73
1,16,48,76,73
1,17,48,71,73
1,18,48,82,73
1,19,48,78,73
1,20,48,69,73
1,21,48,62,73
1,22,48,147,73
1,23,48,86,73
1,24,48,72,73
1,25,48,73,73
17,26,48,142,73
17,27,48,161,73
17,28,48,145,73
17,29,48,141,73
1,30,48,64,73
20,31,48,158,73
20,32,48,166,73
1,33,48,154,73
1,34,48,165,73
1,35,48,80,73
1,36,48,77,73
1,37,48,159,73
1,38,48,157,73
1,39,48,164,73
1,40,48,156,73
1,41,48,137,73
1,42,48,144,73
1,43,48,140,73
1,44,48,138,73
1,45,48,150,73
1,46,48,146,73
1,47,48,139,73
1,48,48,162,73
1,49,48,155,73
1,50,48,151,73
1,51,48,152,73
24,52,48,149,73
1,53,48,120,73
1,54,48,121,73
1,55,48,135,73
1,56,48,163,73
1,57,48,122,73
1,58,48,127,73
1,59,48,131,73
1,60,48,129,73
1,61,48,136,73
1,62,48,123,73
1,63,48,132,73
1,64,48,126,73
1,65,48,134,73
1,66,48,119,73
1,67,48,124,73
1,68,48,148,73
1,69,48,125,73
1,70,48,22,73
1,71,48,128,73
1,72,48,153,73
1,73,48,130,73
1,74,48,143,73
1,75,48,21,73
1,76,48,160,73
1,77,48,28,73
1,78,48,32,73
1,79,48,4,73
1,80,48,7,73
1,81,48,24,73
1,82,48,1,73
1,83,48,16,73
1,84,48,13,73
1,85,48,15,73
1,86,48,20,73
1,87,48,2,73
1,88,48,19,73
1,89,48,10,73
1,90,48,11,73
1,91,48,5,73
1,92,48,9,73
1,93,48,29,73
1,94,48,30,73
1,95,48,26,73
1,96,48,31,73
1,97,48,3,73
1,98,48,12,73
1,99,48,18,73
1,100,48,25,73
1,101,48,133,73
1,102,48,27,73
1,103,48,6,73
1,104,48,14,73
1,105,48,97,73
1,106,48,108,73
1,107,48,110,73
1,108,48,105,73
1,109,48,109,73
1,110,48,95,73
1,111,48,118,73
1,112,48,106,73
1,113,48,17,73
1,114,48,111,73
1,115,48,115,73
1,116,48,113,73
1,117,48,90,73
1,118,48,100,73
1,119,48,116,73
1,120,48,102,73
1,121,48,101,73
1,122,48,94,73
1,123,48,114,73
1,124,48,8,73
1,125,48,117,73
1,126,48,98,73
1,127,48,103,73
1,128,48,44,73
1,129,48,112,73
1,130,48,93,73
1,131,48,107,73
1,132,48,99,73
1,133,48,89,73
1,134,48,91,73
1,135,48,96,73
1,136,48,92,73
1,137,48,104,73
1,138,48,48,73
1,139,48,61,73
1,140,48,23,73
1,141,48,36,73
1,142,48,50,73
1,143,48,47,73
1,144,48,43,73
1,145,48,57,73
1,146,48,33,73
1,147,48,38,73
1,148,48,45,73
1,149,48,54,73
1,150,48,46,73
1,151,48,52,73
1,152,48,37,73
1,153,48,51,73
1,154,48,41,73
1,155,48,59,73
1,156,48,39,73
1,157,48,34,73
1,158,48,53,73
1,159,48,42,73
1,160,48,40,73
1,161,48,55,73
1,162,48,35,73
1,163,48,49,73
1,164,48,60,73
1,165,48,58,73
1,166,48,56,73
1,1,49,81,72
1,2,49,87,72
1,3,49,63,72
1,4,49,68,72
1,5,49,84,72
1,6,49,85,72
1,7,49,88,72
1,8,49,70,72
1,9,49,83,72
1,10,49,75,72
1,11,49,79,72
1,12,49,66,72
1,13,49,74,72
1,14,49,65,72
1,15,49,67,72
1,16,49,76,72
1,17,49,71,72
1,18,49,82,72
1,19,49,78,72
1,20,49,69,72
1,21,49,62,72
1,22,49,147,72
1,23,49,86,72
1,24,49,72,72
1,25,49,73,72
17,26,49,142,72
17,27,49,161,72
17,28,49,145,72
17,29,49,141,72
1,30,49,64,72
20,31,49,158,72
20,32,49,166,72
1,33,49,154,72
1,34,49,165,72
1,35,49,80,72
1,36,49,77,72
1,37,49,159,72
1,38,49,157,72
1,39,49,164,72
1,40,49,156,72
1,41,49,137,72
1,42,49,144,72
1,43,49,140,72
1,44,49,138,72
1,45,49,150,72
1,46,49,146,72
1,47,49,139,72
1,48,49,162,72
1,49,49,155,72
1,50,49,151,72
1,51,49,152,72
24,52,49,149,72
1,53,49,120,72
1,54,49,121,72
1,55,49,135,72
1,56,49,163,72
1,57,49,122,72
1,58,49,127,72
1,59,49,131,72
1,60,49,129,72
1,61,49,136,72
1,62,49,123,72
1,63,49,132,72
1,64,49,126,72
1,65,49,134,72
1,66,49,119,72
1,67,49,124,72
1,68,49,148,72
1,69,49,125,72
1,70,49,22,72
1,71,49,128,72
1,72,49,153,72
1,73,49,130,72
1,74,49,143,72
1,75,49,21,72
1,76,49,160,72
1,77,49,28,72
1,78,49,32,72
1,79,49,4,72
1,80,49,7,72
1,81,49,24,72
1,82,49,1,72
1,83,49,16,72
1,84,49,13,72
1,85,49,15,72
1,86,49,20,72
1,87,49,2,72
1,88,49,19,72
1,89,49,10,72
1,90,49,11,72
1,91,49,5,72
1,92,49,9,72
1,93,49,29,72
1,94,49,30,72
1,95,49,26,72
1,96,49,31,72
1,97,49,3,72
1,98,49,12,72
1,99,49,18,72
1,100,49,25,72
1,101,49,133,72
1,102,49,27,72
1,103,49,6,72
1,104,49,14,72
1,105,49,97,72
1,106,49,108,72
1,107,49,110,72
1,108,49,105,72
1,109,49,109,72
1,110,49,95,72
1,111,49,118,72
1,112,49,106,72
1,113,49,17,72
1,114,49,111,72
1,115,49,115,72
1,116,49,113,72
1,117,49,90,72
1,118,49,100,72
1,119,49,116,72
1,120,49,102,72
1,121,49,101,72
1,122,49,94,72
1,123,49,114,72
1,124,49,8,72
1,125,49,117,72
1,126,49,98,72
1,127,49,103,72
1,128,49,44,72
1,129,49,112,72
1,130,49,93,72
1,131,49,107,72
1,132,49,99,72
1,133,49,89,72
1,134,49,91,72
1,135,49,96,72
1,136,49,92,72
1,137,49,104,72
1,138,49,48,72
1,139,49,61,72
1,140,49,23,72
1,141,49,36,72
1,142,49,50,72
1,143,49,47,72
1,144,49,43,72
1,145,49,57,72
1,146,49,33,72
1,147,49,38,72
1,148,49,45,72
1,149,49,54,72
1,150,49,46,72
1,151,49,52,72
1,152,49,37,72
1,153,49,51,72
1,154,49,41,72
1,155,49,59,72
1,156,49,39,72
1,157,49,34,72
1,158,49,53,72
1,159,49,42,72
1,160,49,40,72
1,161,49,55,72
1,162,49,35,72
1,163,49,49,72
1,164,49,60,72
1,165,49,58,72
1,166,49,56,72
1,1,50,81,28
1,2,50,87,28
1,3,50,63,28
1,4,50,68,28
1,5,50,84,28
1,6,50,85,28
1,7,50,88,28
1,8,50,70,28
1,9,50,83,28
1,10,50,75,28
1,11,50,79,28
1,12,50,66,28
1,13,50,74,28
1,14,50,65,28
1,15,50,67,28
1,16,50,76,28
1,17,50,71,28
1,18,50,82,28
1,19,50,78,28
1,20,50,69,28
1,21,50,62,28
1,22,50,147,28
1,23,50,86,28
1,24,50,72,28
1,25,50,73,28
17,26,50,142,28
17,27,50,161,28
17,28,50,145,28
17,29,50,141,28
1,30,50,64,28
20,31,50,158,28
20,32,50,166,28
1,33,50,154,28
1,34,50,165,28
1,35,50,80,28
1,36,50,77,28
1,37,50,159,28
1,38,50,157,28
1,39,50,164,28
1,40,50,156,28
1,41,50,137,28
1,42,50,144,28
1,43,50,140,28
1,44,50,138,28
1,45,50,150,28
1,46,50,146,28
1,47,50,139,28
1,48,50,162,28
1,49,50,155,28
1,50,50,151,28
1,51,50,152,28
23,52,50,149,28
23,53,50,120,28
23,54,50,121,28
23,55,50,135,28
23,56,50,163,28
23,57,50,122,28
23,58,50,127,28
23,59,50,131,28
23,60,50,129,28
23,61,50,136,28
23,62,50,123,28
23,63,50,132,28
23,64,50,126,28
23,65,50,134,28
23,66,50,119,28
23,67,50,124,28
23,68,50,148,28
23,69,50,125,28
23,70,50,22,28
23,71,50,128,28
23,72,50,153,28
23,73,50,130,28
23,74,50,143,28
1,75,50,21,28
1,76,50,160,28
1,77,50,28,28
1,78,50,32,28
1,79,50,4,28
1,80,50,7,28
1,81,50,24,28
1,82,50,1,28
1,83,50,16,28
1,84,50,13,28
1,85,50,15,28
1,86,50,20,28
1,87,50,2,28
1,88,50,19,28
1,89,50,10,28
1,90,50,11,28
1,91,50,5,28
1,92,50,9,28
1,93,50,29,28
1,94,50,30,28
1,95,50,26,28
1,96,50,31,28
1,97,50,3,28
1,98,50,12,28
1,99,50,18,28
1,100,50,25,28
1,101,50,133,28
1,102,50,27,28
1,103,50,6,28
1,104,50,14,28
1,105,50,97,28
1,106,50,108,28
1,107,50,110,28
1,108,50,105,28
1,109,50,109,28
1,110,50,95,28
1,111,50,118,28
1,112,50,106,28
1,113,50,17,28
1,114,50,111,28
1,115,50,115,28
1,116,50,113,28
1,117,50,90,28
1,118,50,100,28
1,119,50,116,28
1,120,50,102,28
1,121,50,101,28
1,122,50,94,28
1,123,50,114,28
1,124,50,8,28
1,125,50,117,28
1,126,50,98,28
1,127,50,103,28
1,128,50,44,28
1,129,50,112,28
1,130,50,93,28
1,131,50,107,28
1,132,50,99,28
1,133,50,89,28
1,134,50,91,28
1,135,50,96,28
1,136,50,92,28
1,137,50,104,28
1,138,50,48,28
1,139,50,61,28
1,140,50,23,28
1,141,50,36,28
1,142,50,50,28
1,143,50,47,28
1,144,50,43,28
1,145,50,57,28
1,146,50,33,28
1,147,50,38,28
1,148,50,45,28
1,149,50,54,28
1,150,50,46,28
1,151,50,52,28
1,152,50,37,28
1,153,50,51,28
1,154,50,41,28
1,155,50,59,28
1,156,50,39,28
1,157,50,34,28
1,158,50,53,28
1,159,50,42,28
1,160,50,40,28
1,161,50,55,28
1,162,50,35,28
1,163,50,49,28
1,164,50,60,28
1,165,50,58,28
1,166,50,56,28
1,1,51,81,39
1,2,51,87,39
1,3,51,63,39
1,4,51,68,39
1,5,51,84,39
1,6,51,85,39
1,7,51,88,39
1,8,51,70,39
1,9,51,83,39
1,10,51,75,39
1,11,51,79,39
1,12,51,66,39
1,13,51,74,39
1,14,51,65,39
1,15,51,67,39
1,16,51,76,39
1,17,51,71,39
1,18,51,82,39
1,19,51,78,39
1,20,51,69,39
1,21,51,62,39
1,22,51,147,39
1,23,51,86,39
1,24,51,72,39
1,25,51,73,39
17,26,51,142,39
17,27,51,161,39
17,28,51,145,39
17,29,51,141,39
1,30,51,64,39
20,31,51,158,39
20,32,51,166,39
1,33,51,154,39
1,34,51,165,39
1,35,51,80,39
1,36,51,77,39
1,37,51,159,39
1,38,51,157,39
1,39,51,164,39
1,40,51,156,39
1,41,51,137,39
1,42,51,144,39
1,43,51,140,39
1,44,51,138,39
1,45,51,150,39
1,46,51,146,39
1,47,51,139,39
1,48,51,162,39
1,49,51,155,39
1,50,51,151,39
1,51,51,152,39
23,52,51,149,39
23,53,51,120,39
23,54,51,121,39
23,55,51,135,39
23,56,51,163,39
23,57,51,122,39
23,58,51,127,39
23,59,51,131,39
23,60,51,129,39
23,61,51,136,39
23,62,51,123,39
23,63,51,132,39
23,64,51,126,39
23,65,51,134,39
23,66,51,119,39
23,67,51,124,39
23,68,51,148,39
23,69,51,125,39
23,70,51,22,39
23,71,51,128,39
23,72,51,153,39
23,73,51,130,39
23,74,51,143,39
1,75,51,21,39
1,76,51,160,39
1,77,51,28,39
1,78,51,32,39
1,79,51,4,39
1,80,51,7,39
1,81,51,24,39
1,82,51,1,39
1,83,51,16,39
1,84,51,13,39
1,85,51,15,39
1,86,51,20,39
1,87,51,2,39
1,88,51,19,39
1,89,51,10,39
1,90,51,11,39
1,91,51,5,39
1,92,51,9,39
1,93,51,29,39
1,94,51,30,39
1,95,51,26,39
1,96,51,31,39
1,97,51,3,39
1,98,51,12,39
1,99,51,18,39
1,100,51,25,39
1,101,51,133,39
1,102,51,27,39
1,103,51,6,39
1,104,51,14,39
1,105,51,97,39
1,106,51,108,39
1,107,51,110,39
1,108,51,105,39
1,109,51,109,39
1,110,51,95,39
1,111,51,118,39
1,112,51,106,39
1,113,51,17,39
1,114,51,111,39
1,115,51,115,39
1,116,51,113,39
1,117,51,90,39
1,118,51,100,39
1,119,51,116,39
1,120,51,102,39
1,121,51,101,39
1,122,51,94,39
1,123,51,114,39
1,124,51,8,39
1,125,51,117,39
1,126,51,98,39
1,127,51,103,39
1,128,51,44,39
1,129,51,112,39
1,130,51,93,39
1,131,51,107,39
1,132,51,99,39
1,133,51,89,39
1,134,51,91,39
1,135,51,96,39
1,136,51,92,39
1,137,51,104,39
1,138,51,48,39
1,139,51,61,39
1,140,51,23,39
1,141,51,36,39
1,142,51,50,39
1,143,51,47,39
1,144,51,43,39
1,145,51,57,39
1,146,51,33,39
1,147,51,38,39
1,148,51,45,39
1,149,51,54,39
1,150,51,46,39
1,151,51,52,39
1,152,51,37,39
1,153,51,51,39
1,154,51,41,39
1,155,51,59,39
1,156,51,39,39
1,157,51,34,39
1,158,51,53,39
1,159,51,42,39
1,160,51,40,39
1,161,51,55,39
1,162,51,35,39
1,163,51,49,39
1,164,51,60,39
1,165,51,58,39
1,166,51,56,39
1,1,52,81,59
1,2,52,87,59
1,3,52,63,59
1,4,52,68,59
1,5,52,84,59
1,6,52,85,59
1,7,52,88,59
1,8,52,70,59
1,9,52,83,59
1,10,52,75,59
1,11,52,79,59
1,12,52,66,59
1,13,52,74,59
1,14,52,65,59
1,15,52,67,59
1,16,52,76,59
1,17,52,71,59
1,18,52,82,59
1,19,52,78,59
1,20,52,69,59
1,21,52,62,59
1,22,52,147,59
1,23,52,86,59
1,24,52,72,59
1,25,52,73,59
17,26,52,142,59
17,27,52,161,59
17,28,52,145,59
17,29,52,141,59
1,30,52,64,59
20,31,52,158,59
20,32,52,166,59
21,33,52,154,59
21,34,52,165,59
21,35,52,80,59
21,36,52,77,59
21,37,52,159,59
21,38,52,157,59
21,39,52,164,59
21,40,52,156,59
21,41,52,137,59
21,42,52,144,59
21,43,52,140,59
21,44,52,138,59
21,45,52,150,59
21,46,52,146,59
21,47,52,139,59
21,48,52,162,59
21,49,52,155,59
21,50,52,151,59
21,51,52,152,59
21,52,52,149,59
21,53,52,120,59
21,54,52,121,59
21,55,52,135,59
21,56,52,163,59
21,57,52,122,59
21,58,52,127,59
21,59,52,131,59
21,60,52,129,59
21,61,52,136,59
21,62,52,123,59
21,63,52,132,59
21,64,52,126,59
21,65,52,134,59
21,66,52,119,59
21,67,52,124,59
21,68,52,148,59
21,69,52,125,59
21,70,52,22,59
21,71,52,128,59
21,72,52,153,59
21,73,52,130,59
21,74,52,143,59
1,75,52,21,59
1,76,52,160,59
1,77,52,28,59
1,78,52,32,59
1,79,52,4,59
1,80,52,7,59
1,81,52,24,59
1,82,52,1,59
11,83,52,16,59
11,84,52,13,59
11,85,52,15,59
11,86,52,20,59
11,87,52,2,59
11,88,52,19,59
11,89,52,10,59
11,90,52,11,59
11,91,52,5,59
11,92,52,9,59
11,93,52,29,59
11,94,52,30,59
11,95,52,26,59
11,96,52,31,59
11,97,52,3,59
11,98,52,12,59
11,99,52,18,59
11,100,52,25,59
11,101,52,133,59
11,102,52,27,59
11,103,52,6,59
11,104,52,14,59
11,105,52,97,59
11,106,52,108,59
11,107,52,110,59
11,108,52,105,59
11,109,52,109,59
11,110,52,95,59
11,111,52,118,59
11,112,52,106,59
11,113,52,17,59
11,114,52,111,59
11,115,52,115,59
11,116,52,113,59
11,117,52,90,59
11,118,52,100,59
11,119,52,116,59
11,120,52,102,59
11,121,52,101,59
11,122,52,94,59
11,123,52,114,59
12,124,52,8,59
12,125,52,117,59
12,126,52,98,59
12,127,52,103,59
12,128,52,44,59
12,129,52,112,59
12,130,52,93,59
12,131,52,107,59
12,132,52,99,59
12,133,52,89,59
12,134,52,91,59
12,135,52,96,59
12,136,52,92,59
1,137,52,104,59
1,138,52,48,59
1,139,52,61,59
1,140,52,23,59
1,141,52,36,59
1,142,52,50,59
1,143,52,47,59
1,144,52,43,59
1,145,52,57,59
1,146,52,33,59
1,147,52,38,59
1,148,52,45,59
1,149,52,54,59
1,150,52,46,59
1,151,52,52,59
1,152,52,37,59
1,153,52,51,59
1,154,52,41,59
1,155,52,59,59
1,156,52,39,59
1,157,52,34,59
1,158,52,53,59
1,159,52,42,59
1,160,52,40,59
1,161,52,55,59
1,162,52,35,59
1,163,52,49,59
1,164,52,60,59
1,165,52,58,59
1,166,52,56,59
1,1,53,81,14
1,2,53,87,14
1,3,53,63,14
1,4,53,68,14
1,5,53,84,14
1,6,53,85,14
1,7,53,88,14
1,8,53,70,14
1,9,53,83,14
1,10,53,75,14
1,11,53,79,14
1,12,53,66,14
1,13,53,74,14
1,14,53,65,14
1,15,53,67,14
1,16,53,76,14
1,17,53,71,14
1,18,53,82,14
1,19,53,78,14
1,20,53,69,14
1,21,53,62,14
1,22,53,147,14
1,23,53,86,14
1,24,53,72,14
1,25,53,73,14
17,26,53,142,14
17,27,53,161,14
17,28,53,145,14
17,29,53,141,14
1,30,53,64,14
20,31,53,158,14
20,32,53,166,14
21,33,53,154,14
21,34,53,165,14
21,35,53,80,14
21,36,53,77,14
21,37,53,159,14
21,38,53,157,14
21,39,53,164,14
21,40,53,156,14
21,41,53,137,14
21,42,53,144,14
21,43,53,140,14
21,44,53,138,14
21,45,53,150,14
21,46,53,146,14
21,47,53,139,14
21,48,53,162,14
21,49,53,155,14
21,50,53,151,14
21,51,53,152,14
21,52,53,149,14
21,53,53,120,14
21,54,53,121,14
21,55,53,135,14
21,56,53,163,14
21,57,53,122,14
21,58,53,127,14
21,59,53,131,14
21,60,53,129,14
21,61,53,136,14
21,62,53,123,14
21,63,53,132,14
21,64,53,126,14
21,65,53,134,14
21,66,53,119,14
21,67,53,124,14
21,68,53,148,14
21,69,53,125,14
21,70,53,22,14
21,71,53,128,14
21,72,53,153,14
21,73,53,130,14
21,74,53,143,14
1,75,53,21,14
1,76,53,160,14
1,77,53,28,14
1,78,53,32,14
1,79,53,4,14
1,80,53,7,14
1,81,53,24,14
1,82,53,1,14
11,83,53,16,14
11,84,53,13,14
11,85,53,15,14
11,86,53,20,14
11,87,53,2,14
11,88,53,19,14
11,89,53,10,14
11,90,53,11,14
11,91,53,5,14
11,92,53,9,14
11,93,53,29,14
11,94,53,30,14
11,95,53,26,14
11,96,53,31,14
11,97,53,3,14
11,98,53,12,14
11,99,53,18,14
11,100,53,25,14
11,101,53,133,14
11,102,53,27,14
11,103,53,6,14
11,104,53,14,14
11,105,53,97,14
11,106,53,108,14
11,107,53,110,14
11,108,53,105,14
11,109,53,109,14
11,110,53,95,14
11,111,53,118,14
11,112,53,106,14
11,113,53,17,14
11,114,53,111,14
11,115,53,115,14
11,116,53,113,14
11,117,53,90,14
11,118,53,100,14
11,119,53,116,14
11,120,53,102,14
11,121,53,101,14
11,122,53,94,14
11,123,53,114,14
12,124,53,8,14
12,125,53,117,14
12,126,53,98,14
12,127,53,103,14
12,128,53,44,14
12,129,53,112,14
12,130,53,93,14
12,131,53,107,14
12,132,53,99,14
12,133,53,89,14
12,134,53,91,14
12,135,53,96,14
12,136,53,92,14
1,137,53,104,14
1,138,53,48,14
1,139,53,61,14
1,140,53,23,14
1,141,53,36,14
1,142,53,50,14
1,143,53,47,14
1,144,53,43,14
1,145,53,57,14
1,146,53,33,14
1,147,53,38,14
1,148,53,45,14
1,149,53,54,14
1,150,53,46,14
1,151,53,52,14
1,152,53,37,14
1,153,53,51,14
1,154,53,41,14
1,155,53,59,14
1,156,53,39,14
1,157,53,34,14
1,158,53,53,14
1,159,53,42,14
1,160,53,40,14
1,161,53,55,14
1,162,53,35,14
1,163,53,49,14
1,164,53,60,14
1,165,53,58,14
1,166,53,56,14
1,1,54,81,61
1,2,54,87,61
1,3,54,63,61
1,4,54,68,61
1,5,54,84,61
1,6,54,85,61
1,7,54,88,61
1,8,54,70,61
1,9,54,83,61
1,10,54,75,61
1,11,54,79,61
1,12,54,66,61
1,13,54,74,61
1,14,54,65,61
1,15,54,67,61
1,16,54,76,61
1,17,54,71,61
1,18,54,82,61
1,19,54,78,61
1,20,54,69,61
1,21,54,62,61
1,22,54,147,61
1,23,54,86,61
1,24,54,72,61
1,25,54,73,61
17,26,54,142,61
17,27,54,161,61
17,28,54,145,61
17,29,54,141,61
1,30,54,64,61
20,31,54,158,61
20,32,54,166,61
21,33,54,154,61
21,34,54,165,61
21,35,54,80,61
21,36,54,77,61
21,37,54,159,61
21,38,54,157,61
21,39,54,164,61
21,40,54,156,61
21,41,54,137,61
21,42,54,144,61
21,43,54,140,61
21,44,54,138,61
21,45,54,150,61
21,46,54,146,61
21,47,54,139,61
21,48,54,162,61
21,49,54,155,61
21,50,54,151,61
21,51,54,152,61
21,52,54,149,61
21,53,54,120,61
21,54,54,121,61
21,55,54,135,61
21,56,54,163,61
21,57,54,122,61
21,58,54,127,61
21,59,54,131,61
21,60,54,129,61
21,61,54,136,61
21,62,54,123,61
21,63,54,132,61
21,64,54,126,61
21,65,54,134,61
21,66,54,119,61
21,67,54,124,61
21,68,54,148,61
21,69,54,125,61
21,70,54,22,61
21,71,54,128,61
21,72,54,153,61
21,73,54,130,61
21,74,54,143,61
1,75,54,21,61
1,76,54,160,61
1,77,54,28,61
1,78,54,32,61
1,79,54,4,61
1,80,54,7,61
1,81,54,24,61
1,82,54,1,61
11,83,54,16,61
11,84,54,13,61
11,85,54,15,61
11,86,54,20,61
11,87,54,2,61
11,88,54,19,61
11,89,54,10,61
11,90,54,11,61
11,91,54,5,61
11,92,54,9,61
11,93,54,29,61
11,94,54,30,61
11,95,54,26,61
11,96,54,31,61
11,97,54,3,61
11,98,54,12,61
11,99,54,18,61
11,100,54,25,61
11,101,54,133,61
11,102,54,27,61
11,103,54,6,61
11,104,54,14,61
11,105,54,97,61
11,106,54,108,61
11,107,54,110,61
11,108,54,105,61
11,109,54,109,61
11,110,54,95,61
11,111,54,118,61
11,112,54,106,61
11,113,54,17,61
11,114,54,111,61
11,115,54,115,61
11,116,54,113,61
11,117,54,90,61
11,118,54,100,61
11,119,54,116,61
11,120,54,102,61
11,121,54,101,61
11,122,54,94,61
11,123,54,114,61
12,124,54,8,61
12,125,54,117,61
12,126,54,98,61
12,127,54,103,61
12,128,54,44,61
12,129,54,112,61
12,130,54,93,61
12,131,54,107,61
12,132,54,99,61
12,133,54,89,61
12,134,54,91,61
12,135,54,96,61
12,136,54,92,61
1,137,54,104,61
1,138,54,48,61
1,139,54,61,61
1,140,54,23,61
1,141,54,36,61
1,142,54,50,61
1,143,54,47,61
1,144,54,43,61
1,145,54,57,61
1,146,54,33,61
1,147,54,38,61
1,148,54,45,61
1,149,54,54,61
1,150,54,46,61
1,151,54,52,61
1,152,54,37,61
1,153,54,51,61
1,154,54,41,61
1,155,54,59,61
1,156,54,39,61
1,157,54,34,61
1,158,54,53,61
1,159,54,42,61
1,160,54,40,61
1,161,54,55,61
1,162,54,35,61
1,163,54,49,61
1,164,54,60,61
1,165,54,58,61
1,166,54,56,61
1,1,55,81,92
1,2,55,87,92
1,3,55,63,92
1,4,55,68,92
1,5,55,84,92
1,6,55,85,92
1,7,55,88,92
1,8,55,70,92
1,9,55,83,92
1,10,55,75,92
1,11,55,79,92
1,12,55,66,92
1,13,55,74,92
1,14,55,65,92
1,15,55,67,92
1,16,55,76,92
1,17,55,71,92
1,18,55,82,92
1,19,55,78,92
1,20,55,69,92
1,21,55,62,92
1,22,55,147,92
1,23,55,86,92
1,24,55,72,92
1,25,55,73,92
17,26,55,142,92
17,27,55,161,92
17,28,55,145,92
17,29,55,141,92
1,30,55,64,92
20,31,55,158,92
20,32,55,166,92
21,33,55,154,92
21,34,55,165,92
21,35,55,80,92
21,36,55,77,92
21,37,55,159,92
21,38,55,157,92
21,39,55,164,92
21,40,55,156,92
21,41,55,137,92
21,42,55,144,92
21,43,55,140,92
21,44,55,138,92
21,45,55,150,92
21,46,55,146,92
21,47,55,139,92
21,48,55,162,92
21,49,55,155,92
21,50,55,151,92
21,51,55,152,92
21,52,55,149,92
21,53,55,120,92
21,54,55,121,92
21,55,55,135,92
21,56,55,163,92
21,57,55,122,92
21,58,55,127,92
21,59,55,131,92
21,60,55,129,92
21,61,55,136,92
21,62,55,123,92
21,63,55,132,92
21,64,55,126,92
21,65,55,134,92
21,66,55,119,92
21,67,55,124,92
21,68,55,148,92
21,69,55,125,92
21,70,55,22,92
21,71,55,128,92
21,72,55,153,92
21,73,55,130,92
21,74,55,143,92
1,75,55,21,92
1,76,55,160,92
1,77,55,28,92
1,78,55,32,92
1,79,55,4,92
1,80,55,7,92
1,81,55,24,92
1,82,55,1,92
11,83,55,16,92
11,84,55,13,92
11,85,55,15,92
11,86,55,20,92
11,87,55,2,92
11,88,55,19,92
11,89,55,10,92
11,90,55,11,92
11,91,55,5,92
11,92,55,9,92
11,93,55,29,92
11,94,55,30,92
11,95,55,26,92
11,96,55,31,92
11,97,55,3,92
11,98,55,12,92
11,99,55,18,92
11,100,55,25,92
11,101,55,133,92
11,102,55,27,92
11,103,55,6,92
11,104,55,14,92
11,105,55,97,92
11,106,55,108,92
11,107,55,110,92
11,108,55,105,92
11,109,55,109,92
11,110,55,95,92
11,111,55,118,92
11,112,55,106,92
11,113,55,17,92
11,114,55,111,92
11,115,55,115,92
11,116,55,113,92
11,117,55,90,92
11,118,55,100,92
11,119,55,116,92
11,120,55,102,92
11,121,55,101,92
11,122,55,94,92
11,123,55,114,92
12,124,55,8,92
12,125,55,117,92
12,126,55,98,92
12,127,55,103,92
12,128,55,44,92
12,129,55,112,92
12,130,55,93,92
12,131,55,107,92
12,132,55,99,92
12,133,55,89,92
12,134,55,91,92
12,135,55,96,92
12,136,55,92,92
1,137,55,104,92
1,138,55,48,92
1,139,55,61,92
1,140,55,23,92
1,141,55,36,92
1,142,55,50,92
1,143,55,47,92
1,144,55,43,92
1,145,55,57,92
1,146,55,33,92
1,147,55,38,92
1,148,55,45,92
1,149,55,54,92
1,150,55,46,92
1,151,55,52,92
1,152,55,37,92
1,153,55,51,92
1,154,55,41,92
1,155,55,59,92
1,156,55,39,92
1,157,55,34,92
1,158,55,53,92
1,159,55,42,92
1,160,55,40,92
1,161,55,55,92
1,162,55,35,92
1,163,55,49,92
1,164,55,60,92
1,165,55,58,92
1,166,55,56,92
1,1,56,81,112
1,2,56,87,112
1,3,56,63,112
1,4,56,68,112
1,5,56,84,112
1,6,56,85,112
1,7,56,88,112
1,8,56,70,112
1,9,56,83,112
1,10,56,75,112
1,11,56,79,112
1,12,56,66,112
1,13,56,74,112
1,14,56,65,112
1,15,56,67,112
1,16,56,76,112
1,17,56,71,112
1,18,56,82,112
1,19,56,78,112
1,20,56,69,112
1,21,56,62,112
1,22,56,147,112
1,23,56,86,112
1,24,56,72,112
1,25,56,73,112
17,26,56,142,112
17,27,56,161,112
17,28,56,145,112
17,29,56,141,112
1,30,56,64,112
20,31,56,158,112
20,32,56,166,112
21,33,56,154,112
21,34,56,165,112
21,35,56,80,112
21,36,56,77,112
21,37,56,159,112
21,38,56,157,112
21,39,56,164,112
21,40,56,156,112
21,41,56,137,112
21,42,56,144,112
21,43,56,140,112
21,44,56,138,112
21,45,56,150,112
21,46,56,146,112
21,47,56,139,112
21,48,56,162,112
21,49,56,155,112
21,50,56,151,112
21,51,56,152,112
21,52,56,149,112
21,53,56,120,112
21,54,56,121,112
21,55,56,135,112
21,56,56,163,112
21,57,56,122,112
21,58,56,127,112
21,59,56,131,112
21,60,56,129,112
21,61,56,136,112
21,62,56,123,112
21,63,56,132,112
21,64,56,126,112
21,65,56,134,112
21,66,56,119,112
21,67,56,124,112
21,68,56,148,112
21,69,56,125,112
21,70,56,22,112
21,71,56,128,112
21,72,56,153,112
21,73,56,130,112
21,74,56,143,112
1,75,56,21,112
1,76,56,160,112
1,77,56,28,112
1,78,56,32,112
1,79,56,4,112
1,80,56,7,112
1,81,56,24,112
1,82,56,1,112
1,83,56,16,112
1,84,56,13,112
1,85,56,15,112
1,86,56,20,112
1,87,56,2,112
1,88,56,19,112
1,89,56,10,112
1,90,56,11,112
1,91,56,5,112
1,92,56,9,112
1,93,56,29,112
1,94,56,30,112
1,95,56,26,112
1,96,56,31,112
1,97,56,3,112
1,98,56,12,112
1,99,56,18,112
1,100,56,25,112
1,101,56,133,112
1,102,56,27,112
1,103,56,6,112
1,104,56,14,112
1,105,56,97,112
1,106,56,108,112
1,107,56,110,112
1,108,56,105,112
1,109,56,109,112
1,110,56,95,112
1,111,56,118,112
1,112,56,106,112
1,113,56,17,112
1,114,56,111,112
1,115,56,115,112
1,116,56,113,112
1,117,56,90,112
1,118,56,100,112
1,119,56,116,112
1,120,56,102,112
1,121,56,101,112
1,122,56,94,112
1,123,56,114,112
12,124,56,8,112
12,125,56,117,112
12,126,56,98,112
12,127,56,103,112
12,128,56,44,112
12,129,56,112,112
12,130,56,93,112
12,131,56,107,112
12,132,56,99,112
12,133,56,89,112
12,134,56,91,112
12,135,56,96,112
12,136,56,92,112
1,137,56,104,112
1,138,56,48,112
1,139,56,61,112
1,140,56,23,112
1,141,56,36,112
1,142,56,50,112
1,143,56,47,112
1,144,56,43,112
1,145,56,57,112
1,146,56,33,112
1,147,56,38,112
1,148,56,45,112
1,149,56,54,112
1,150,56,46,112
1,151,56,52,112
1,152,56,37,112
1,153,56,51,112
1,154,56,41,112
1,155,56,59,112
1,156,56,39,112
1,157,56,34,112
1,158,56,53,112
1,159,56,42,112
1,160,56,40,112
1,161,56,55,112
1,162,56,35,112
1,163,56,49,112
1,164,56,60,112
1,165,56,58,112
1,166,56,56,112
1,1,57,81,38
1,2,57,87,38
1,3,57,63,38
1,4,57,68,38
1,5,57,84,38
1,6,57,85,38
1,7,57,88,38
1,8,57,70,38
1,9,57,83,38
1,10,57,75,38
1,11,57,79,38
1,12,57,66,38
1,13,57,74,38
1,14,57,65,38
1,15,57,67,38
1,16,57,76,38
1,17,57,71,38
1,18,57,82,38
1,19,57,78,38
1,20,57,69,38
1,21,57,62,38
1,22,57,147,38
1,23,57,86,38
1,24,57,72,38
1,25,57,73,38
17,26,57,142,38
17,27,57,161,38
17,28,57,145,38
17,29,57,141,38
1,30,57,64,38
20,31,57,158,38
20,32,57,166,38
21,33,57,154,38
21,34,57,165,38
21,35,57,80,38
21,36,57,77,38
21,37,57,159,38
21,38,57,157,38
21,39,57,164,38
21,40,57,156,38
21,41,57,137,38
21,42,57,144,38
21,43,57,140,38
21,44,57,138,38
21,45,57,150,38
21,46,57,146,38
21,47,57,139,38
21,48,57,162,38
21,49,57,155,38
21,50,57,151,38
21,51,57,152,38
21,52,57,149,38
21,53,57,120,38
21,54,57,121,38
21,55,57,135,38
21,56,57,163,38
21,57,57,122,38
21,58,57,127,38
21,59,57,131,38
21,60,57,129,38
21,61,57,136,38
21,62,57,123,38
21,63,57,132,38
21,64,57,126,38
21,65,57,134,38
21,66,57,119,38
21,67,57,124,38
21,68,57,148,38
21,69,57,125,38
21,70,57,22,38
21,71,57,128,38
21,72,57,153,38
21,73,57,130,38
21,74,57,143,38
1,75,57,21,38
1,76,57,160,38
1,77,57,28,38
1,78,57,32,38
1,79,57,4,38
1,80,57,7,38
1,81,57,24,38
1,82,57,1,38
1,83,57,16,38
1,84,57,13,38
1,85,57,15,38
1,86,57,20,38
1,87,57,2,38
1,88,57,19,38
1,89,57,10,38
1,90,57,11,38
1,91,57,5,38
1,92,57,9,38
1,93,57,29,38
1,94,57,30,38
1,95,57,26,38
1,96,57,31,38
1,97,57,3,38
1,98,57,12,38
1,99,57,18,38
1,100,57,25,38
1,101,57,133,38
1,102,57,27,38
1,103,57,6,38
1,104,57,14,38
1,105,57,97,38
1,106,57,108,38
1,107,57,110,38
1,108,57,105,38
1,109,57,109,38
1,110,57,95,38
1,111,57,118,38
1,112,57,106,38
1,113,57,17,38
1,114,57,111,38
1,115,57,115,38
1,116,57,113,38
1,117,57,90,38
1,118,57,100,38
1,119,57,116,38
1,120,57,102,38
1,121,57,101,38
1,122,57,94,38
1,123,57,114,38
1,124,57,8,38
1,125,57,117,38
1,126,57,98,38
1,127,57,103,38
1,128,57,44,38
1,129,57,112,38
1,130,57,93,38
1,131,57,107,38
1,132,57,99,38
1,133,57,89,38
1,134,57,91,38
1,135,57,96,38
1,136,57,92,38
1,137,57,104,38
1,138,57,48,38
1,139,57,61,38
1,140,57,23,38
1,141,57,36,38
1,142,57,50,38
1,143,57,47,38
1,144,57,43,38
1,145,57,57,38
1,146,57,33,38
1,147,57,38,38
1,148,57,45,38
1,149,57,54,38
1,150,57,46,38
1,151,57,52,38
1,152,57,37,38
1,153,57,51,38
1,154,57,41,38
1,155,57,59,38
1,156,57,39,38
1,157,57,34,38
1,158,57,53,38
1,159,57,42,38
1,160,57,40,38
1,161,57,55,38
1,162,57,35,38
1,163,57,49,38
1,164,57,60,38
1,165,57,58,38
1,166,57,56,38
1,1,58,81,132
1,2,58,87,132
1,3,58,63,132
1,4,58,68,132
1,5,58,84,132
1,6,58,85,132
1,7,58,88,132
1,8,58,70,132
1,9,58,83,132
1,10,58,75,132
1,11,58,79,132
1,12,58,66,132
1,13,58,74,132
1,14,58,65,132
1,15,58,67,132
1,16,58,76,132
1,17,58,71,132
1,18,58,82,132
1,19,58,78,132
1,20,58,69,132
1,21,58,62,132
1,22,58,147,132
1,23,58,86,132
1,24,58,72,132
1,25,58,73,132
17,26,58,142,132
17,27,58,161,132
17,28,58,145,132
17,29,58,141,132
1,30,58,64,132
20,31,58,158,132
20,32,58,166,132
21,33,58,154,132
21,34,58,165,132
21,35,58,80,132
21,36,58,77,132
21,37,58,159,132
21,38,58,157,132
21,39,58,164,132
21,40,58,156,132
21,41,58,137,132
21,42,58,144,132
21,43,58,140,132
21,44,58,138,132
21,45,58,150,132
21,46,58,146,132
21,47,58,139,132
21,48,58,162,132
21,49,58,155,132
21,50,58,151,132
21,51,58,152,132
21,52,58,149,132
21,53,58,120,132
21,54,58,121,132
21,55,58,135,132
21,56,58,163,132
21,57,58,122,132
21,58,58,127,132
21,59,58,131,132
21,60,58,129,132
21,61,58,136,132
21,62,58,123,132
21,63,58,132,132
21,64,58,126,132
21,65,58,134,132
21,66,58,119,132
21,67,58,124,132
21,68,58,148,132
21,69,58,125,132
21,70,58,22,132
21,71,58,128,132
21,72,58,153,132
21,73,58,130,132
21,74,58,143,132
1,75,58,21,132
1,76,58,160,132
1,77,58,28,132
1,78,58,32,132
1,79,58,4,132
1,80,58,7,132
1,81,58,24,132
1,82,58,1,132
1,83,58,16,132
1,84,58,13,132
1,85,58,15,132
1,86,58,20,132
1,87,58,2,132
1,88,58,19,132
1,89,58,10,132
1,90,58,11,132
1,91,58,5,132
1,92,58,9,132
1,93,58,29,132
1,94,58,30,132
1,95,58,26,132
1,96,58,31,132
1,97,58,3,132
1,98,58,12,132
1,99,58,18,132
1,100,58,25,132
1,101,58,133,132
1,102,58,27,132
1,103,58,6,132
1,104,58,14,132
1,105,58,97,132
1,106,58,108,132
1,107,58,110,132
1,108,58,105,132
1,109,58,109,132
1,110,58,95,132
1,111,58,118,132
1,112,58,106,132
1,113,58,17,132
1,114,58,111,132
1,115,58,115,132
1,116,58,113,132
1,117,58,90,132
1,118,58,100,132
1,119,58,116,132
1,120,58,102,132
1,121,58,101,132
1,122,58,94,132
1,123,58,114,132
1,124,58,8,132
1,125,58,117,132
1,126,58,98,132
1,127,58,103,132
1,128,58,44,132
1,129,58,112,132
1,130,58,93,132
1,131,58,107,132
1,132,58,99,132
1,133,58,89,132
1,134,58,91,132
1,135,58,96,132
1,136,58,92,132
1,137,58,104,132
1,138,58,48,132
1,139,58,61,132
1,140,58,23,132
1,141,58,36,132
1,142,58,50,132
1,143,58,47,132
1,144,58,43,132
1,145,58,57,132
1,146,58,33,132
1,147,58,38,132
1,148,58,45,132
1,149,58,54,132
1,150,58,46,132
1,151,58,52,132
1,152,58,37,132
1,153,58,51,132
1,154,58,41,132
1,155,58,59,132
1,156,58,39,132
1,157,58,34,132
1,158,58,53,132
1,159,58,42,132
1,160,58,40,132
1,161,58,55,132
1,162,58,35,132
1,163,58,49,132
1,164,58,60,132
1,165,58,58,132
1,166,58,56,132
1,1,59,81,91
1,2,59,87,91
1,3,59,63,91
1,4,59,68,91
1,5,59,84,91
1,6,59,85,91
1,7,59,88,91
1,8,59,70,91
1,9,59,83,91
1,10,59,75,91
1,11,59,79,91
1,12,59,66,91
1,13,59,74,91
1,14,59,65,91
1,15,59,67,91
1,16,59,76,91
1,17,59,71,91
1,18,59,82,91
1,19,59,78,91
1,20,59,69,91
1,21,59,62,91
1,22,59,147,91
1,23,59,86,91
1,24,59,72,91
1,25,59,73,91
17,26,59,142,91
17,27,59,161,91
17,28,59,145,91
17,29,59,141,91
1,30,59,64,91
20,31,59,158,91
20,32,59,166,91
21,33,59,154,91
21,34,59,165,91
21,35,59,80,91
21,36,59,77,91
21,37,59,159,91
21,38,59,157,91
21,39,59,164,91
21,40,59,156,91
21,41,59,137,91
21,42,59,144,91
21,43,59,140,91
21,44,59,138,91
21,45,59,150,91
21,46,59,146,91
21,47,59,139,91
21,48,59,162,91
21,49,59,155,91
21,50,59,151,91
21,51,59,152,91
21,52,59,149,91
21,53,59,120,91
21,54,59,121,91
21,55,59,135,91
21,56,59,163,91
21,57,59,122,91
21,58,59,127,91
21,59,59,131,91
21,60,59,129,91
21,61,59,136,91
21,62,59,123,91
21,63,59,132,91
21,64,59,126,91
21,65,59,134,91
21,66,59,119,91
21,67,59,124,91
21,68,59,148,91
21,69,59,125,91
21,70,59,22,91
21,71,59,128,91
21,72,59,153,91
21,73,59,130,91
21,74,59,143,91
1,75,59,21,91
1,76,59,160,91
1,77,59,28,91
1,78,59,32,91
1,79,59,4,91
1,80,59,7,91
1,81,59,24,91
1,82,59,1,91
1,83,59,16,91
1,84,59,13,91
1,85,59,15,91
1,86,59,20,91
1,87,59,2,91
1,88,59,19,91
1,89,59,10,91
1,90,59,11,91
1,91,59,5,91
1,92,59,9,91
1,93,59,29,91
1,94,59,30,91
1,95,59,26,91
1,96,59,31,91
1,97,59,3,91
1,98,59,12,91
1,99,59,18,91
1,100,59,25,91
1,101,59,133,91
1,102,59,27,91
1,103,59,6,91
1,104,59,14,91
1,105,59,97,91
1,106,59,108,91
1,107,59,110,91
1,108,59,105,91
1,109,59,109,91
1,110,59,95,91
1,111,59,118,91
1,112,59,106,91
1,113,59,17,91
1,114,59,111,91
1,115,59,115,91
1,116,59,113,91
1,117,59,90,91
1,118,59,100,91
1,119,59,116,91
1,120,59,102,91
1,121,59,101,91
1,122,59,94,91
1,123,59,114,91
1,124,59,8,91
1,125,59,117,91
1,126,59,98,91
1,127,59,103,91
1,128,59,44,91
1,129,59,112,91
1,130,59,93,91
1,131,59,107,91
1,132,59,99,91
1,133,59,89,91
1,134,59,91,91
1,135,59,96,91
1,136,59,92,91
1,137,59,104,91
1,138,59,48,91
1,139,59,61,91
1,140,59,23,91
1,141,59,36,91
1,142,59,50,91
1,143,59,47,91
1,144,59,43,91
1,145,59,57,91
1,146,59,33,91
1,147,59,38,91
1,148,59,45,91
1,149,59,54,91
1,150,59,46,91
1,151,59,52,91
1,152,59,37,91
1,153,59,51,91
1,154,59,41,91
1,155,59,59,91
1,156,59,39,91
1,157,59,34,91
1,158,59,53,91
1,159,59,42,91
1,160,59,40,91
1,161,59,55,91
1,162,59,35,91
1,163,59,49,91
1,164,59,60,91
1,165,59,58,91
1,166,59,56,91
1,1,60,81,48
1,2,60,87,48
1,3,60,63,48
1,4,60,68,48
1,5,60,84,48
1,6,60,85,48
1,7,60,88,48
1,8,60,70,48
1,9,60,83,48
1,10,60,75,48
1,11,60,79,48
1,12,60,66,48
1,13,60,74,48
1,14,60,65,48
1,15,60,67,48
1,16,60,76,48
1,17,60,71,48
1,18,60,82,48
1,19,60,78,48
1,20,60,69,48
1,21,60,62,48
1,22,60,147,48
1,23,60,86,48
1,24,60,72,48
1,25,60,73,48
17,26,60,142,48
17,27,60,161,48
17,28,60,145,48
17,29,60,141,48
1,30,60,64,48
20,31,60,158,48
20,32,60,166,48
21,33,60,154,48
21,34,60,165,48
21,35,60,80,48
21,36,60,77,48
21,37,60,159,48
21,38,60,157,48
21,39,60,164,48
21,40,60,156,48
21,41,60,137,48
21,42,60,144,48
21,43,60,140,48
21,44,60,138,48
21,45,60,150,48
21,46,60,146,48
21,47,60,139,48
21,48,60,162,48
21,49,60,155,48
21,50,60,151,48
21,51,60,152,48
21,52,60,149,48
21,53,60,120,48
21,54,60,121,48
21,55,60,135,48
21,56,60,163,48
21,57,60,122,48
21,58,60,127,48
21,59,60,131,48
21,60,60,129,48
21,61,60,136,48
21,62,60,123,48
21,63,60,132,48
21,64,60,126,48
21,65,60,134,48
21,66,60,119,48
21,67,60,124,48
21,68,60,148,48
21,69,60,125,48
21,70,60,22,48
21,71,60,128,48
21,72,60,153,48
21,73,60,130,48
21,74,60,143,48
1,75,60,21,48
1,76,60,160,48
1,77,60,28,48
1,78,60,32,48
1,79,60,4,48
1,80,60,7,48
1,81,60,24,48
1,82,60,1,48
1,83,60,16,48
1,84,60,13,48
1,85,60,15,48
1,86,60,20,48
1,87,60,2,48
1,88,60,19,48
1,89,60,10,48
1,90,60,11,48
1,91,60,5,48
1,92,60,9,48
1,93,60,29,48
1,94,60,30,48
1,95,60,26,48
1,96,60,31,48
1,97,60,3,48
1,98,60,12,48
1,99,60,18,48
1,100,60,25,48
1,101,60,133,48
1,102,60,27,48
1,103,60,6,48
1,104,60,14,48
1,105,60,97,48
1,106,60,108,48
1,107,60,110,48
1,108,60,105,48
1,109,60,109,48
1,110,60,95,48
1,111,60,118,48
1,112,60,106,48
1,113,60,17,48
1,114,60,111,48
1,115,60,115,48
1,116,60,113,48
1,117,60,90,48
1,118,60,100,48
1,119,60,116,48
1,120,60,102,48
1,121,60,101,48
1,122,60,94,48
1,123,60,114,48
1,124,60,8,48
1,125,60,117,48
1,126,60,98,48
1,127,60,103,48
1,128,60,44,48
1,129,60,112,48
1,130,60,93,48
1,131,60,107,48
1,132,60,99,48
1,133,60,89,48
1,134,60,91,48
1,135,60,96,48
1,136,60,92,48
1,137,60,104,48
1,138,60,48,48
1,139,60,61,48
1,140,60,23,48
1,141,60,36,48
1,142,60,50,48
1,143,60,47,48
1,144,60,43,48
1,145,60,57,48
1,146,60,33,48
1,147,60,38,48
1,148,60,45,48
1,149,60,54,48
1,150,60,46,48
1,151,60,52,48
1,152,60,37,48
1,153,60,51,48
1,154,60,41,48
1,155,60,59,48
1,156,60,39,48
1,157,60,34,48
1,158,60,53,48
1,159,60,42,48
1,160,60,40,48
1,161,60,55,48
1,162,60,35,48
1,163,60,49,48
1,164,60,60,48
1,165,60,58,48
1,166,60,56,48
1,1,61,81,24
1,2,61,87,24
1,3,61,63,24
1,4,61,68,24
1,5,61,84,24
1,6,61,85,24
1,7,61,88,24
1,8,61,70,24
1,9,61,83,24
1,10,61,75,24
1,11,61,79,24
1,12,61,66,24
1,13,61,74,24
1,14,61,65,24
1,15,61,67,24
1,16,61,76,24
1,17,61,71,24
1,18,61,82,24
1,19,61,78,24
1,20,61,69,24
1,21,61,62,24
1,22,61,147,24
1,23,61,86,24
1,24,61,72,24
1,25,61,73,24
17,26,61,142,24
17,27,61,161,24
17,28,61,145,24
17,29,61,141,24
1,30,61,64,24
1,31,61,158,24
1,32,61,166,24
1,33,61,154,24
1,34,61,165,24
1,35,61,80,24
1,36,61,77,24
1,37,61,159,24
1,38,61,157,24
1,39,61,164,24
1,40,61,156,24
1,41,61,137,24
1,42,61,144,24
1,43,61,140,24
1,44,61,138,24
1,45,61,150,24
1,46,61,146,24
1,47,61,139,24
1,48,61,162,24
1,49,61,155,24
1,50,61,151,24
1,51,61,152,24
1,52,61,149,24
1,53,61,120,24
1,54,61,121,24
1,55,61,135,24
1,56,61,163,24
1,57,61,122,24
1,58,61,127,24
1,59,61,131,24
1,60,61,129,24
1,61,61,136,24
1,62,61,123,24
1,63,61,132,24
1,64,61,126,24
1,65,61,134,24
1,66,61,119,24
1,67,61,124,24
1,68,61,148,24
1,69,61,125,24
1,70,61,22,24
1,71,61,128,24
1,72,61,153,24
1,73,61,130,24
1,74,61,143,24
1,75,61,21,24
1,76,61,160,24
1,77,61,28,24
1,78,61,32,24
1,79,61,4,24
1,80,61,7,24
1,81,61,24,24
1,82,61,1,24
1,83,61,16,24
1,84,61,13,24
1,85,61,15,24
1,86,61,20,24
1,87,61,2,24
1,88,61,19,24
1,89,61,10,24
1,90,61,11,24
1,91,61,5,24
1,92,61,9,24
1,93,61,29,24
1,94,61,30,24
1,95,61,26,24
1,96,61,31,24
1,97,61,3,24
1,98,61,12,24
1,99,61,18,24
1,100,61,25,24
1,101,61,133,24
1,102,61,27,24
1,103,61,6,24
1,104,61,14,24
1,105,61,97,24
1,106,61,108,24
1,107,61,110,24
1,108,61,105,24
1,109,61,109,24
1,110,61,95,24
1,111,61,118,24
1,112,61,106,24
1,113,61,17,24
1,114,61,111,24
1,115,61,115,24
1,116,61,113,24
1,117,61,90,24
1,118,61,100,24
1,119,61,116,24
1,120,61,102,24
1,121,61,101,24
1,122,61,94,24
1,123,61,114,24
1,124,61,8,24
1,125,61,117,24
1,126,61,98,24
1,127,61,103,24
1,128,61,44,24
1,129,61,112,24
1,130,61,93,24
1,131,61,107,24
1,132,61,99,24
1,133,61,89,24
1,134,61,91,24
1,135,61,96,24
1,136,61,92,24
1,137,61,104,24
1,138,61,48,24
1,139,61,61,24
1,140,61,23,24
1,141,61,36,24
1,142,61,50,24
1,143,61,47,24
1,144,61,43,24
1,145,61,57,24
1,146,61,33,24
1,147,61,38,24
1,148,61,45,24
1,149,61,54,24
1,150,61,46,24
1,151,61,52,24
1,152,61,37,24
1,153,61,51,24
1,154,61,41,24
1,155,61,59,24
1,156,61,39,24
1,157,61,34,24
1,158,61,53,24
1,159,61,42,24
1,160,61,40,24
1,161,61,55,24
1,162,61,35,24
1,163,61,49,24
1,164,61,60,24
1,165,61,58,24
1,166,61,56,24
1,1,62,81,68
1,2,62,87,68
1,3,62,63,68
1,4,62,68,68
1,5,62,84,68
1,6,62,85,68
1,7,62,88,68
1,8,62,70,68
1,9,62,83,68
1,10,62,75,68
1,11,62,79,68
1,12,62,66,68
1,13,62,74,68
1,14,62,65,68
1,15,62,67,68
1,16,62,76,68
1,17,62,71,68
1,18,62,82,68
1,19,62,78,68
1,20,62,69,68
1,21,62,62,68
1,22,62,147,68
1,23,62,86,68
1,24,62,72,68
1,25,62,73,68
17,26,62,142,68
17,27,62,161,68
17,28,62,145,68
17,29,62,141,68
1,30,62,64,68
1,31,62,158,68
1,32,62,166,68
1,33,62,154,68
1,34,62,165,68
1,35,62,80,68
1,36,62,77,68
1,37,62,159,68
1,38,62,157,68
1,39,62,164,68
1,40,62,156,68
1,41,62,137,68
1,42,62,144,68
1,43,62,140,68
1,44,62,138,68
1,45,62,150,68
1,46,62,146,68
1,47,62,139,68
1,48,62,162,68
1,49,62,155,68
1,50,62,151,68
1,51,62,152,68
1,52,62,149,68
1,53,62,120,68
1,54,62,121,68
1,55,62,135,68
1,56,62,163,68
1,57,62,122,68
1,58,62,127,68
1,59,62,131,68
1,60,62,129,68
1,61,62,136,68
1,62,62,123,68
1,63,62,132,68
1,64,62,126,68
1,65,62,134,68
1,66,62,119,68
1,67,62,124,68
1,68,62,148,68
1,69,62,125,68
1,70,62,22,68
1,71,62,128,68
1,72,62,153,68
1,73,62,130,68
1,74,62,143,68
1,75,62,21,68
1,76,62,160,68
1,77,62,28,68
1,78,62,32,68
1,79,62,4,68
1,80,62,7,68
1,81,62,24,68
1,82,62,1,68
1,83,62,16,68
1,84,62,13,68
1,85,62,15,68
1,86,62,20,68
1,87,62,2,68
1,88,62,19,68
1,89,62,10,68
1,90,62,11,68
1,91,62,5,68
1,92,62,9,68
1,93,62,29,68
1,94,62,30,68
1,95,62,26,68
1,96,62,31,68
1,97,62,3,68
1,98,62,12,68
1,99,62,18,68
1,100,62,25,68
1,101,62,133,68
1,102,62,27,68
1,103,62,6,68
1,104,62,14,68
1,105,62,97,68
1,106,62,108,68
1,107,62,110,68
1,108,62,105,68
1,109,62,109,68
1,110,62,95,68
1,111,62,118,68
1,112,62,106,68
1,113,62,17,68
1,114,62,111,68
1,115,62,115,68
1,116,62,113,68
1,117,62,90,68
1,118,62,100,68
1,119,62,116,68
1,120,62,102,68
1,121,62,101,68
1,122,62,94,68
1,123,62,114,68
1,124,62,8,68
1,125,62,117,68
1,126,62,98,68
1,127,62,103,68
1,128,62,44,68
1,129,62,112,68
1,130,62,93,68
1,131,62,107,68
1,132,62,99,68
1,133,62,89,68
1,134,62,91,68
1,135,62,96,68
1,136,62,92,68
1,137,62,104,68
1,138,62,48,68
1,139,62,61,68
1,140,62,23,68
1,141,62,36,68
1,142,62,50,68
1,143,62,47,68
1,144,62,43,68
1,145,62,57,68
1,146,62,33,68
1,147,62,38,68
1,148,62,45,68
1,149,62,54,68
1,150,62,46,68
1,151,62,52,68
1,152,62,37,68
1,153,62,51,68
1,154,62,41,68
1,155,62,59,68
1,156,62,39,68
1,157,62,34,68
1,158,62,53,68
1,159,62,42,68
1,160,62,40,68
1,161,62,55,68
1,162,62,35,68
1,163,62,49,68
1,164,62,60,68
1,165,62,58,68
1,166,62,56,68
1,1,63,81,97
1,2,63,87,97
1,3,63,63,97
1,4,63,68,97
1,5,63,84,97
1,6,63,85,97
1,7,63,88,97
1,8,63,70,97
1,9,63,83,97
1,10,63,75,97
1,11,63,79,97
1,12,63,66,97
1,13,63,74,97
1,14,63,65,97
1,15,63,67,97
1,16,63,76,97
1,17,63,71,97
1,18,63,82,97
1,19,63,78,97
1,20,63,69,97
1,21,63,62,97
1,22,63,147,97
1,23,63,86,97
1,24,63,72,97
1,25,63,73,97
17,26,63,142,97
17,27,63,161,97
17,28,63,145,97
17,29,63,141,97
1,30,63,64,97
1,31,63,158,97
1,32,63,166,97
1,33,63,154,97
1,34,63,165,97
1,35,63,80,97
1,36,63,77,97
1,37,63,159,97
1,38,63,157,97
1,39,63,164,97
1,40,63,156,97
1,41,63,137,97
1,42,63,144,97
1,43,63,140,97
1,44,63,138,97
1,45,63,150,97
1,46,63,146,97
1,47,63,139,97
1,48,63,162,97
1,49,63,155,97
1,50,63,151,97
1,51,63,152,97
1,52,63,149,97
1,53,63,120,97
1,54,63,121,97
1,55,63,135,97
1,56,63,163,97
1,57,63,122,97
1,58,63,127,97
1,59,63,131,97
1,60,63,129,97
1,61,63,136,97
1,62,63,123,97
1,63,63,132,97
1,64,63,126,97
1,65,63,134,97
1,66,63,119,97
1,67,63,124,97
1,68,63,148,97
1,69,63,125,97
1,70,63,22,97
1,71,63,128,97
1,72,63,153,97
1,73,63,130,97
1,74,63,143,97
1,75,63,21,97
1,76,63,160,97
1,77,63,28,97
1,78,63,32,97
1,79,63,4,97
1,80,63,7,97
1,81,63,24,97
1,82,63,1,97
1,83,63,16,97
1,84,63,13,97
1,85,63,15,97
1,86,63,20,97
1,87,63,2,97
1,88,63,19,97
1,89,63,10,97
1,90,63,11,97
1,91,63,5,97
1,92,63,9,97
1,93,63,29,97
1,94,63,30,97
1,95,63,26,97
1,96,63,31,97
1,97,63,3,97
1,98,63,12,97
1,99,63,18,97
1,100,63,25,97
1,101,63,133,97
1,102,63,27,97
1,103,63,6,97
1,104,63,14,97
1,105,63,97,97
1,106,63,108,97
1,107,63,110,97
1,108,63,105,97
1,109,63,109,97
1,110,63,95,97
1,111,63,118,97
1,112,63,106,97
1,113,63,17,97
1,114,63,111,97
1,115,63,115,97
1,116,63,113,97
1,117,63,90,97
1,118,63,100,97
1,119,63,116,97
1,120,63,102,97
1,121,63,101,97
1,122,63,94,97
1,123,63,114,97
1,124,63,8,97
1,125,63,117,97
1,126,63,98,97
1,127,63,103,97
1,128,63,44,97
1,129,63,112,97
1,130,63,93,97
1,131,63,107,97
1,132,63,99,97
1,133,63,89,97
1,134,63,91,97
1,135,63,96,97
1,136,63,92,97
1,137,63,104,97
1,138,63,48,97
1,139,63,61,97
1,140,63,23,97
1,141,63,36,97
1,142,63,50,97
1,143,63,47,97
1,144,63,43,97
1,145,63,57,97
1,146,63,33,97
1,147,63,38,97
1,148,63,45,97
1,149,63,54,97
1,150,63,46,97
1,151,63,52,97
1,152,63,37,97
1,153,63,51,97
1,154,63,41,97
1,155,63,59,97
1,156,63,39,97
1,157,63,34,97
1,158,63,53,97
1,159,63,42,97
1,160,63,40,97
1,161,63,55,97
1,162,63,35,97
1,163,63,49,97
1,164,63,60,97
1,165,63,58,97
1,166,63,56,97
1,1,64,81,140
1,2,64,87,140
1,3,64,63,140
1,4,64,68,140
1,5,64,84,140
1,6,64,85,140
1,7,64,88,140
1,8,64,70,140
1,9,64,83,140
1,10,64,75,140
1,11,64,79,140
1,12,64,66,140
1,13,64,74,140
1,14,64,65,140
1,15,64,67,140
1,16,64,76,140
1,17,64,71,140
1,18,64,82,140
1,19,64,78,140
1,20,64,69,140
1,21,64,62,140
1,22,64,147,140
1,23,64,86,140
1,24,64,72,140
1,25,64,73,140
17,26,64,142,140
17,27,64,161,140
17,28,64,145,140
17,29,64,141,140
1,30,64,64,140
1,31,64,158,140
1,32,64,166,140
1,33,64,154,140
1,34,64,165,140
1,35,64,80,140
1,36,64,77,140
1,37,64,159,140
1,38,64,157,140
1,39,64,164,140
1,40,64,156,140
1,41,64,137,140
1,42,64,144,140
1,43,64,140,140
1,44,64,138,140
1,45,64,150,140
1,46,64,146,140
1,47,64,139,140
1,48,64,162,140
1,49,64,155,140
1,50,64,151,140
1,51,64,152,140
1,52,64,149,140
1,53,64,120,140
1,54,64,121,140
1,55,64,135,140
1,56,64,163,140
1,57,64,122,140
1,58,64,127,140
1,59,64,131,140
1,60,64,129,140
1,61,64,136,140
1,62,64,123,140
1,63,64,132,140
1,64,64,126,140
1,65,64,134,140
1,66,64,119,140
1,67,64,124,140
1,68,64,148,140
1,69,64,125,140
1,70,64,22,140
1,71,64,128,140
1,72,64,153,140
1,73,64,130,140
1,74,64,143,140
1,75,64,21,140
1,76,64,160,140
1,77,64,28,140
1,78,64,32,140
1,79,64,4,140
1,80,64,7,140
1,81,64,24,140
1,82,64,1,140
1,83,64,16,140
1,84,64,13,140
1,85,64,15,140
1,86,64,20,140
1,87,64,2,140
1,88,64,19,140
1,89,64,10,140
1,90,64,11,140
1,91,64,5,140
1,92,64,9,140
1,93,64,29,140
1,94,64,30,140
1,95,64,26,140
1,96,64,31,140
1,97,64,3,140
1,98,64,12,140
1,99,64,18,140
1,100,64,25,140
1,101,64,133,140
1,102,64,27,140
1,103,64,6,140
1,104,64,14,140
1,105,64,97,140
1,106,64,108,140
1,107,64,110,140
1,108,64,105,140
1,109,64,109,140
1,110,64,95,140
1,111,64,118,140
1,112,64,106,140
1,113,64,17,140
1,114,64,111,140
1,115,64,115,140
1,116,64,113,140
1,117,64,90,140
1,118,64,100,140
1,119,64,116,140
1,120,64,102,140
1,121,64,101,140
1,122,64,94,140
1,123,64,114,140
1,124,64,8,140
1,125,64,117,140
1,126,64,98,140
1,127,64,103,140
1,128,64,44,140
1,129,64,112,140
1,130,64,93,140
1,131,64,107,140
1,132,64,99,140
1,133,64,89,140
1,134,64,91,140
1,135,64,96,140
1,136,64,92,140
1,137,64,104,140
1,138,64,48,140
1,139,64,61,140
1,140,64,23,140
1,141,64,36,140
1,142,64,50,140
1,143,64,47,140
1,144,64,43,140
1,145,64,57,140
1,146,64,33,140
1,147,64,38,140
1,148,64,45,140
1,149,64,54,140
1,150,64,46,140
1,151,64,52,140
1,152,64,37,140
1,153,64,51,140
1,154,64,41,140
1,155,64,59,140
1,156,64,39,140
1,157,64,34,140
1,158,64,53,140
1,159,64,42,140
1,160,64,40,140
1,161,64,55,140
1,162,64,35,140
1,163,64,49,140
1,164,64,60,140
1,165,64,58,140
1,166,64,56,140
1,1,65,81,18
1,2,65,87,18
1,3,65,63,18
1,4,65,68,18
1,5,65,84,18
1,6,65,85,18
1,7,65,88,18
1,8,65,70,18
1,9,65,83,18
1,10,65,75,18
1,11,65,79,18
1,12,65,66,18
1,13,65,74,18
1,14,65,65,18
1,15,65,67,18
1,16,65,76,18
1,17,65,71,18
1,18,65,82,18
1,19,65,78,18
1,20,65,69,18
1,21,65,62,18
1,22,65,147,18
1,23,65,86,18
1,24,65,72,18
1,25,65,73,18
17,26,65,142,18
17,27,65,161,18
17,28,65,145,18
17,29,65,141,18
1,30,65,64,18
1,31,65,158,18
1,32,65,166,18
1,33,65,154,18
1,34,65,165,18
1,35,65,80,18
1,36,65,77,18
1,37,65,159,18
1,38,65,157,18
1,39,65,164,18
1,40,65,156,18
1,41,65,137,18
1,42,65,144,18
1,43,65,140,18
1,44,65,138,18
1,45,65,150,18
1,46,65,146,18
1,47,65,139,18
1,48,65,162,18
1,49,65,155,18
1,50,65,151,18
1,51,65,152,18
1,52,65,149,18
1,53,65,120,18
1,54,65,121,18
1,55,65,135,18
1,56,65,163,18
1,57,65,122,18
1,58,65,127,18
1,59,65,131,18
1,60,65,129,18
1,61,65,136,18
1,62,65,123,18
1,63,65,132,18
1,64,65,126,18
1,65,65,134,18
1,66,65,119,18
1,67,65,124,18
1,68,65,148,18
1,69,65,125,18
1,70,65,22,18
1,71,65,128,18
1,72,65,153,18
1,73,65,130,18
1,74,65,143,18
1,75,65,21,18
1,76,65,160,18
1,77,65,28,18
1,78,65,32,18
1,79,65,4,18
1,80,65,7,18
1,81,65,24,18
1,82,65,1,18
1,83,65,16,18
1,84,65,13,18
1,85,65,15,18
1,86,65,20,18
1,87,65,2,18
1,88,65,19,18
1,89,65,10,18
1,90,65,11,18
1,91,65,5,18
1,92,65,9,18
1,93,65,29,18
1,94,65,30,18
1,95,65,26,18
1,96,65,31,18
1,97,65,3,18
1,98,65,12,18
1,99,65,18,18
1,100,65,25,18
1,101,65,133,18
1,102,65,27,18
1,103,65,6,18
1,104,65,14,18
1,105,65,97,18
1,106,65,108,18
1,107,65,110,18
1,108,65,105,18
1,109,65,109,18
1,110,65,95,18
1,111,65,118,18
1,112,65,106,18
1,113,65,17,18
1,114,65,111,18
1,115,65,115,18
1,116,65,113,18
1,117,65,90,18
1,118,65,100,18
1,119,65,116,18
1,120,65,102,18
1,121,65,101,18
1,122,65,94,18
1,123,65,114,18
1,124,65,8,18
1,125,65,117,18
1,126,65,98,18
1,127,65,103,18
1,128,65,44,18
1,129,65,112,18
1,130,65,93,18
1,131,65,107,18
1,132,65,99,18
1,133,65,89,18
1,134,65,91,18
1,135,65,96,18
1,136,65,92,18
1,137,65,104,18
1,138,65,48,18
1,139,65,61,18
1,140,65,23,18
1,141,65,36,18
1,142,65,50,18
1,143,65,47,18
1,144,65,43,18
1,145,65,57,18
1,146,65,33,18
1,147,65,38,18
1,148,65,45,18
1,149,65,54,18
1,150,65,46,18
1,151,65,52,18
1,152,65,37,18
1,153,65,51,18
1,154,65,41,18
1,155,65,59,18
1,156,65,39,18
1,157,65,34,18
1,158,65,53,18
1,159,65,42,18
1,160,65,40,18
1,161,65,55,18
1,162,65,35,18
1,163,65,49,18
1,164,65,60,18
1,165,65,58,18
1,166,65,56,18
1,1,66,81,63
1,2,66,87,63
1,3,66,63,63
1,4,66,68,63
1,5,66,84,63
1,6,66,85,63
1,7,66,88,63
1,8,66,70,63
1,9,66,83,63
1,10,66,75,63
1,11,66,79,63
1,12,66,66,63
1,13,66,74,63
1,14,66,65,63
1,15,66,67,63
1,16,66,76,63
1,17,66,71,63
1,18,66,82,63
1,19,66,78,63
1,20,66,69,63
1,21,66,62,63
1,22,66,147,63
1,23,66,86,63
1,24,66,72,63
1,25,66,73,63
17,26,66,142,63
17,27,66,161,63
17,28,66,145,63
17,29,66,141,63
1,30,66,64,63
1,31,66,158,63
1,32,66,166,63
1,33,66,154,63
1,34,66,165,63
1,35,66,80,63
1,36,66,77,63
1,37,66,159,63
1,38,66,157,63
1,39,66,164,63
1,40,66,156,63
1,41,66,137,63
1,42,66,144,63
1,43,66,140,63
1,44,66,138,63
1,45,66,150,63
1,46,66,146,63
1,47,66,139,63
1,48,66,162,63
1,49,66,155,63
1,50,66,151,63
1,51,66,152,63
1,52,66,149,63
1,53,66,120,63
1,54,66,121,63
1,55,66,135,63
1,56,66,163,63
1,57,66,122,63
1,58,66,127,63
1,59,66,131,63
1,60,66,129,63
1,61,66,136,63
1,62,66,123,63
1,63,66,132,63
1,64,66,126,63
1,65,66,134,63
1,66,66,119,63
1,67,66,124,63
1,68,66,148,63
1,69,66,125,63
1,70,66,22,63
1,71,66,128,63
1,72,66,153,63
1,73,66,130,63
1,74,66,143,63
1,75,66,21,63
1,76,66,160,63
1,77,66,28,63
1,78,66,32,63
1,79,66,4,63
1,80,66,7,63
1,81,66,24,63
1,82,66,1,63
1,83,66,16,63
1,84,66,13,63
1,85,66,15,63
1,86,66,20,63
1,87,66,2,63
1,88,66,19,63
1,89,66,10,63
1,90,66,11,63
1,91,66,5,63
1,92,66,9,63
1,93,66,29,63
1,94,66,30,63
1,95,66,26,63
1,96,66,31,63
1,97,66,3,63
1,98,66,12,63
1,99,66,18,63
1,100,66,25,63
1,101,66,133,63
1,102,66,27,63
1,103,66,6,63
1,104,66,14,63
1,105,66,97,63
1,106,66,108,63
1,107,66,110,63
1,108,66,105,63
1,109,66,109,63
1,110,66,95,63
1,111,66,118,63
1,112,66,106,63
1,113,66,17,63
1,114,66,111,63
1,115,66,115,63
1,116,66,113,63
1,117,66,90,63
1,118,66,100,63
1,119,66,116,63
1,120,66,102,63
1,121,66,101,63
1,122,66,94,63
1,123,66,114,63
1,124,66,8,63
1,125,66,117,63
1,126,66,98,63
1,127,66,103,63
1,128,66,44,63
1,129,66,112,63
1,130,66,93,63
1,131,66,107,63
1,132,66,99,63
1,133,66,89,63
1,134,66,91,63
1,135,66,96,63
1,136,66,92,63
1,137,66,104,63
1,138,66,48,63
1,139,66,61,63
1,140,66,23,63
1,141,66,36,63
1,142,66,50,63
1,143,66,47,63
1,144,66,43,63
1,145,66,57,63
1,146,66,33,63
1,147,66,38,63
1,148,66,45,63
1,149,66,54,63
1,150,66,46,63
1,151,66,52,63
1,152,66,37,63
1,153,66,51,63
1,154,66,41,63
1,155,66,59,63
1,156,66,39,63
1,157,66,34,63
1,158,66,53,63
1,159,66,42,63
1,160,66,40,63
1,161,66,55,63
1,162,66,35,63
1,163,66,49,63
1,164,66,60,63
1,165,66,58,63
1,166,66,56,63
1,1,67,81,122
1,2,67,87,122
1,3,67,63,122
1,4,67,68,122
1,5,67,84,122
1,6,67,85,122
1,7,67,88,122
1,8,67,70,122
1,9,67,83,122
1,10,67,75,122
1,11,67,79,122
1,12,67,66,122
1,13,67,74,122
1,14,67,65,122
1,15,67,67,122
1,16,67,76,122
1,17,67,71,122
1,18,67,82,122
1,19,67,78,122
1,20,67,69,122
1,21,67,62,122
1,22,67,147,122
1,23,67,86,122
1,24,67,72,122
1,25,67,73,122
17,26,67,142,122
17,27,67,161,122
17,28,67,145,122
17,29,67,141,122
1,30,67,64,122
1,31,67,158,122
1,32,67,166,122
1,33,67,154,122
1,34,67,165,122
1,35,67,80,122
1,36,67,77,122
1,37,67,159,122
1,38,67,157,122
1,39,67,164,122
1,40,67,156,122
1,41,67,137,122
1,42,67,144,122
1,43,67,140,122
1,44,67,138,122
1,45,67,150,122
1,46,67,146,122
1,47,67,139,122
1,48,67,162,122
1,49,67,155,122
1,50,67,151,122
1,51,67,152,122
1,52,67,149,122
1,53,67,120,122
1,54,67,121,122
1,55,67,135,122
1,56,67,163,122
1,57,67,122,122
1,58,67,127,122
1,59,67,131,122
1,60,67,129,122
1,61,67,136,122
1,62,67,123,122
1,63,67,132,122
1,64,67,126,122
1,65,67,134,122
1,66,67,119,122
1,67,67,124,122
1,68,67,148,122
1,69,67,125,122
1,70,67,22,122
1,71,67,128,122
1,72,67,153,122
1,73,67,130,122
1,74,67,143,122
1,75,67,21,122
1,76,67,160,122
1,77,67,28,122
1,78,67,32,122
1,79,67,4,122
1,80,67,7,122
1,81,67,24,122
1,82,67,1,122
1,83,67,16,122
1,84,67,13,122
1,85,67,15,122
1,86,67,20,122
1,87,67,2,122
1,88,67,19,122
1,89,67,10,122
1,90,67,11,122
1,91,67,5,122
1,92,67,9,122
1,93,67,29,122
1,94,67,30,122
1,95,67,26,122
1,96,67,31,122
1,97,67,3,122
1,98,67,12,122
1,99,67,18,122
1,100,67,25,122
1,101,67,133,122
1,102,67,27,122
1,103,67,6,122
1,104,67,14,122
1,105,67,97,122
1,106,67,108,122
1,107,67,110,122
1,108,67,105,122
1,109,67,109,122
1,110,67,95,122
1,111,67,118,122
1,112,67,106,122
1,113,67,17,122
1,114,67,111,122
1,115,67,115,122
1,116,67,113,122
1,117,67,90,122
1,118,67,100,122
1,119,67,116,122
1,120,67,102,122
1,121,67,101,122
1,122,67,94,122
1,123,67,114,122
1,124,67,8,122
1,125,67,117,122
1,126,67,98,122
1,127,67,103,122
1,128,67,44,122
1,129,67,112,122
1,130,67,93,122
1,131,67,107,122
1,132,67,99,122
1,133,67,89,122
1,134,67,91,122
1,135,67,96,122
1,136,67,92,122
1,137,67,104,122
1,138,67,48,122
1,139,67,61,122
1,140,67,23,122
1,141,67,36,122
1,142,67,50,122
1,143,67,47,122
1,144,67,43,122
1,145,67,57,122
1,146,67,33,122
1,147,67,38,122
1,148,67,45,122
1,149,67,54,122
1,150,67,46,122
1,151,67,52,122
1,152,67,37,122
1,153,67,51,122
1,154,67,41,122
1,155,67,59,122
1,156,67,39,122
1,157,67,34,122
1,158,67,53,122
1,159,67,42,122
1,160,67,40,122
1,161,67,55,122
1,162,67,35,122
1,163,67,49,122
1,164,67,60,122
1,165,67,58,122
1,166,67,56,122
1,1,68,81,127
1,2,68,87,127
1,3,68,63,127
1,4,68,68,127
1,5,68,84,127
1,6,68,85,127
1,7,68,88,127
1,8,68,70,127
1,9,68,83,127
1,10,68,75,127
1,11,68,79,127
1,12,68,66,127
1,13,68,74,127
1,14,68,65,127
1,15,68,67,127
1,16,68,76,127
1,17,68,71,127
1,18,68,82,127
1,19,68,78,127
1,20,68,69,127
1,21,68,62,127
1,22,68,147,127
1,23,68,86,127
1,24,68,72,127
1,25,68,73,127
17,26,68,142,127
17,27,68,161,127
17,28,68,145,127
17,29,68,141,127
1,30,68,64,127
1,31,68,158,127
1,32,68,166,127
1,33,68,154,127
1,34,68,165,127
1,35,68,80,127
1,36,68,77,127
1,37,68,159,127
1,38,68,157,127
1,39,68,164,127
1,40,68,156,127
1,41,68,137,127
1,42,68,144,127
1,43,68,140,127
1,44,68,138,127
1,45,68,150,127
1,46,68,146,127
1,47,68,139,127
1,48,68,162,127
1,49,68,155,127
1,50,68,151,127
1,51,68,152,127
1,52,68,149,127
1,53,68,120,127
1,54,68,121,127
1,55,68,135,127
1,56,68,163,127
1,57,68,122,127
1,58,68,127,127
1,59,68,131,127
1,60,68,129,127
1,61,68,136,127
1,62,68,123,127
1,63,68,132,127
1,64,68,126,127
1,65,68,134,127
1,66,68,119,127
1,67,68,124,127
1,68,68,148,127
1,69,68,125,127
1,70,68,22,127
1,71,68,128,127
1,72,68,153,127
1,73,68,130,127
1,74,68,143,127
1,75,68,21,127
1,76,68,160,127
1,77,68,28,127
1,78,68,32,127
1,79,68,4,127
1,80,68,7,127
1,81,68,24,127
1,82,68,1,127
1,83,68,16,127
1,84,68,13,127
1,85,68,15,127
1,86,68,20,127
1,87,68,2,127
1,88,68,19,127
1,89,68,10,127
1,90,68,11,127
1,91,68,5,127
1,92,68,9,127
1,93,68,29,127
1,94,68,30,127
1,95,68,26,127
1,96,68,31,127
1,97,68,3,127
1,98,68,12,127
1,99,68,18,127
1,100,68,25,127
1,101,68,133,127
1,102,68,27,127
1,103,68,6,127
1,104,68,14,127
1,105,68,97,127
1,106,68,108,127
1,107,68,110,127
1,108,68,105,127
1,109,68,109,127
1,110,68,95,127
1,111,68,118,127
1,112,68,106,127
1,113,68,17,127
1,114,68,111,127
1,115,68,115,127
1,116,68,113,127
1,117,68,90,127
1,118,68,100,127
1,119,68,116,127
1,120,68,102,127
1,121,68,101,127
1,122,68,94,127
1,123,68,114,127
1,124,68,8,127
1,125,68,117,127
1,126,68,98,127
1,127,68,103,127
1,128,68,44,127
1,129,68,112,127
1,130,68,93,127
1,131,68,107,127
1,132,68,99,127
1,133,68,89,127
1,134,68,91,127
1,135,68,96,127
1,136,68,92,127
1,137,68,104,127
1,138,68,48,127
1,139,68,61,127
1,140,68,23,127
1,141,68,36,127
1,142,68,50,127
1,143,68,47,127
1,144,68,43,127
1,145,68,57,127
1,146,68,33,127
1,147,68,38,127
1,148,68,45,127
1,149,68,54,127
1,150,68,46,127
1,151,68,52,127
1,152,68,37,127
1,153,68,51,127
1,154,68,41,127
1,155,68,59,127
1,156,68,39,127
1,157,68,34,127
1,158,68,53,127
1,159,68,42,127
1,160,68,40,127
1,161,68,55,127
1,162,68,35,127
1,163,68,49,127
1,164,68,60,127
1,165,68,58,127
1,166,68,56,127
1,1,69,81,74
1,2,69,87,74
1,3,69,63,74
1,4,69,68,74
1,5,69,84,74
1,6,69,85,74
1,7,69,88,74
1,8,69,70,74
1,9,69,83,74
1,10,69,75,74
1,11,69,79,74
1,12,69,66,74
1,13,69,74,74
1,14,69,65,74
1,15,69,67,74
1,16,69,76,74
1,17,69,71,74
1,18,69,82,74
1,19,69,78,74
1,20,69,69,74
1,21,69,62,74
1,22,69,147,74
1,23,69,86,74
1,24,69,72,74
1,25,69,73,74
17,26,69,142,74
17,27,69,161,74
17,28,69,145,74
17,29,69,141,74
19,30,69,64,74
19,31,69,158,74
19,32,69,166,74
19,33,69,154,74
19,34,69,165,74
19,35,69,80,74
19,36,69,77,74
19,37,69,159,74
19,38,69,157,74
19,39,69,164,74
19,40,69,156,74
19,41,69,137,74
19,42,69,144,74
19,43,69,140,74
19,44,69,138,74
19,45,69,150,74
19,46,69,146,74
19,47,69,139,74
19,48,69,162,74
19,49,69,155,74
19,50,69,151,74
19,51,69,152,74
19,52,69,149,74
19,53,69,120,74
19,54,69,121,74
19,55,69,135,74
19,56,69,163,74
19,57,69,122,74
19,58,69,127,74
19,59,69,131,74
19,60,69,129,74
19,61,69,136,74
19,62,69,123,74
19,63,69,132,74
19,64,69,126,74
19,65,69,134,74
19,66,69,119,74
19,67,69,124,74
19,68,69,148,74
19,69,69,125,74
19,70,69,22,74
19,71,69,128,74
19,72,69,153,74
19,73,69,130,74
19,74,69,143,74
1,75,69,21,74
1,76,69,160,74
1,77,69,28,74
1,78,69,32,74
1,79,69,4,74
1,80,69,7,74
1,81,69,24,74
1,82,69,1,74
13,83,69,16,74
13,84,69,13,74
13,85,69,15,74
13,86,69,20,74
13,87,69,2,74
13,88,69,19,74
13,89,69,10,74
13,90,69,11,74
13,91,69,5,74
13,92,69,9,74
13,93,69,29,74
13,94,69,30,74
13,95,69,26,74
13,96,69,31,74
13,97,69,3,74
13,98,69,12,74
13,99,69,18,74
13,100,69,25,74
13,101,69,133,74
13,102,69,27,74
13,103,69,6,74
13,104,69,14,74
14,105,69,97,74
14,106,69,108,74
14,107,69,110,74
14,108,69,105,74
14,109,69,109,74
14,110,69,95,74
14,111,69,118,74
14,112,69,106,74
14,113,69,17,74
14,114,69,111,74
14,115,69,115,74
14,116,69,113,74
14,117,69,90,74
14,118,69,100,74
14,119,69,116,74
14,120,69,102,74
14,121,69,101,74
14,122,69,94,74
14,123,69,114,74
14,124,69,8,74
14,125,69,117,74
14,126,69,98,74
14,127,69,103,74
14,128,69,44,74
14,129,69,112,74
14,130,69,93,74
14,131,69,107,74
14,132,69,99,74
14,133,69,89,74
14,134,69,91,74
14,135,69,96,74
14,136,69,92,74
1,137,69,104,74
1,138,69,48,74
1,139,69,61,74
1,140,69,23,74
1,141,69,36,74
1,142,69,50,74
1,143,69,47,74
1,144,69,43,74
1,145,69,57,74
1,146,69,33,74
1,147,69,38,74
1,148,69,45,74
1,149,69,54,74
1,150,69,46,74
1,151,69,52,74
1,152,69,37,74
1,153,69,51,74
1,154,69,41,74
1,155,69,59,74
1,156,69,39,74
1,157,69,34,74
1,158,69,53,74
1,159,69,42,74
1,160,69,40,74
1,161,69,55,74
1,162,69,35,74
1,163,69,49,74
1,164,69,60,74
1,165,69,58,74
1,166,69,56,74
1,1,70,81,119
1,2,70,87,119
1,3,70,63,119
1,4,70,68,119
1,5,70,84,119
1,6,70,85,119
1,7,70,88,119
1,8,70,70,119
1,9,70,83,119
1,10,70,75,119
1,11,70,79,119
1,12,70,66,119
1,13,70,74,119
1,14,70,65,119
1,15,70,67,119
1,16,70,76,119
1,17,70,71,119
1,18,70,82,119
1,19,70,78,119
1,20,70,69,119
1,21,70,62,119
1,22,70,147,119
1,23,70,86,119
1,24,70,72,119
1,25,70,73,119
17,26,70,142,119
17,27,70,161,119
17,28,70,145,119
17,29,70,141,119
19,30,70,64,119
19,31,70,158,119
19,32,70,166,119
19,33,70,154,119
19,34,70,165,119
19,35,70,80,119
19,36,70,77,119
19,37,70,159,119
19,38,70,157,119
19,39,70,164,119
19,40,70,156,119
19,41,70,137,119
19,42,70,144,119
19,43,70,140,119
19,44,70,138,119
19,45,70,150,119
19,46,70,146,119
19,47,70,139,119
19,48,70,162,119
19,49,70,155,119
19,50,70,151,119
19,51,70,152,119
19,52,70,149,119
19,53,70,120,119
19,54,70,121,119
19,55,70,135,119
19,56,70,163,119
19,57,70,122,119
19,58,70,127,119
19,59,70,131,119
19,60,70,129,119
19,61,70,136,119
19,62,70,123,119
19,63,70,132,119
19,64,70,126,119
19,65,70,134,119
19,66,70,119,119
19,67,70,124,119
19,68,70,148,119
19,69,70,125,119
19,70,70,22,119
19,71,70,128,119
19,72,70,153,119
19,73,70,130,119
19,74,70,143,119
1,75,70,21,119
1,76,70,160,119
1,77,70,28,119
1,78,70,32,119
1,79,70,4,119
1,80,70,7,119
1,81,70,24,119
1,82,70,1,119
13,83,70,16,119
13,84,70,13,119
13,85,70,15,119
13,86,70,20,119
13,87,70,2,119
13,88,70,19,119
13,89,70,10,119
13,90,70,11,119
13,91,70,5,119
13,92,70,9,119
13,93,70,29,119
13,94,70,30,119
13,95,70,26,119
13,96,70,31,119
13,97,70,3,119
13,98,70,12,119
13,99,70,18,119
13,100,70,25,119
13,101,70,133,119
13,102,70,27,119
13,103,70,6,119
13,104,70,14,119
14,105,70,97,119
14,106,70,108,119
14,107,70,110,119
14,108,70,105,119
14,109,70,109,119
14,110,70,95,119
14,111,70,118,119
14,112,70,106,119
14,113,70,17,119
14,114,70,111,119
14,115,70,115,119
14,116,70,113,119
14,117,70,90,119
14,118,70,100,119
14,119,70,116,119
14,120,70,102,119
14,121,70,101,119
14,122,70,94,119
14,123,70,114,119
14,124,70,8,119
14,125,70,117,119
14,126,70,98,119
14,127,70,103,119
14,128,70,44,119
14,129,70,112,119
14,130,70,93,119
14,131,70,107,119
14,132,70,99,119
14,133,70,89,119
14,134,70,91,119
14,135,70,96,119
14,136,70,92,119
1,137,70,104,119
1,138,70,48,119
1,139,70,61,119
1,140,70,23,119
1,141,70,36,119
1,142,70,50,119
1,143,70,47,119
1,144,70,43,119
1,145,70,57,119
1,146,70,33,119
1,147,70,38,119
1,148,70,45,119
1,149,70,54,119
1,150,70,46,119
1,151,70,52,119
1,152,70,37,119
1,153,70,51,119
1,154,70,41,119
1,155,70,59,119
1,156,70,39,119
1,157,70,34,119
1,158,70,53,119
1,159,70,42,119
1,160,70,40,119
1,161,70,55,119
1,162,70,35,119
1,163,70,49,119
1,164,70,60,119
1,165,70,58,119
1,166,70,56,119
1,1,71,81,26
1,2,71,87,26
1,3,71,63,26
1,4,71,68,26
1,5,71,84,26
1,6,71,85,26
1,7,71,88,26
1,8,71,70,26
1,9,71,83,26
1,10,71,75,26
1,11,71,79,26
1,12,71,66,26
1,13,71,74,26
1,14,71,65,26
1,15,71,67,26
1,16,71,76,26
1,17,71,71,26
1,18,71,82,26
1,19,71,78,26
1,20,71,69,26
1,21,71,62,26
1,22,71,147,26
1,23,71,86,26
1,24,71,72,26
1,25,71,73,26
17,26,71,142,26
17,27,71,161,26
17,28,71,145,26
17,29,71,141,26
19,30,71,64,26
19,31,71,158,26
19,32,71,166,26
19,33,71,154,26
19,34,71,165,26
19,35,71,80,26
19,36,71,77,26
19,37,71,159,26
19,38,71,157,26
19,39,71,164,26
19,40,71,156,26
19,41,71,137,26
19,42,71,144,26
19,43,71,140,26
19,44,71,138,26
19,45,71,150,26
19,46,71,146,26
19,47,71,139,26
19,48,71,162,26
19,49,71,155,26
19,50,71,151,26
19,51,71,152,26
19,52,71,149,26
19,53,71,120,26
19,54,71,121,26
19,55,71,135,26
19,56,71,163,26
19,57,71,122,26
19,58,71,127,26
19,59,71,131,26
19,60,71,129,26
19,61,71,136,26
19,62,71,123,26
19,63,71,132,26
19,64,71,126,26
19,65,71,134,26
19,66,71,119,26
19,67,71,124,26
19,68,71,148,26
19,69,71,125,26
19,70,71,22,26
19,71,71,128,26
19,72,71,153,26
19,73,71,130,26
19,74,71,143,26
1,75,71,21,26
1,76,71,160,26
1,77,71,28,26
1,78,71,32,26
1,79,71,4,26
1,80,71,7,26
1,81,71,24,26
1,82,71,1,26
13,83,71,16,26
13,84,71,13,26
13,85,71,15,26
13,86,71,20,26
13,87,71,2,26
13,88,71,19,26
13,89,71,10,26
13,90,71,11,26
13,91,71,5,26
13,92,71,9,26
13,93,71,29,26
13,94,71,30,26
13,95,71,26,26
13,96,71,31,26
13,97,71,3,26
13,98,71,12,26
13,99,71,18,26
13,100,71,25,26
13,101,71,133,26
13,102,71,27,26
13,103,71,6,26
13,104,71,14,26
14,105,71,97,26
14,106,71,108,26
14,107,71,110,26
14,108,71,105,26
14,109,71,109,26
14,110,71,95,26
14,111,71,118,26
14,112,71,106,26
14,113,71,17,26
14,114,71,111,26
14,115,71,115,26
14,116,71,113,26
14,117,71,90,26
14,118,71,100,26
14,119,71,116,26
14,120,71,102,26
14,121,71,101,26
14,122,71,94,26
14,123,71,114,26
14,124,71,8,26
14,125,71,117,26
14,126,71,98,26
14,127,71,103,26
14,128,71,44,26
14,129,71,112,26
14,130,71,93,26
14,131,71,107,26
14,132,71,99,26
14,133,71,89,26
14,134,71,91,26
14,135,71,96,26
14,136,71,92,26
1,137,71,104,26
1,138,71,48,26
1,139,71,61,26
1,140,71,23,26
1,141,71,36,26
1,142,71,50,26
1,143,71,47,26
1,144,71,43,26
1,145,71,57,26
1,146,71,33,26
1,147,71,38,26
1,148,71,45,26
1,149,71,54,26
1,150,71,46,26
1,151,71,52,26
1,152,71,37,26
1,153,71,51,26
1,154,71,41,26
1,155,71,59,26
1,156,71,39,26
1,157,71,34,26
1,158,71,53,26
1,159,71,42,26
1,160,71,40,26
1,161,71,55,26
1,162,71,35,26
1,163,71,49,26
1,164,71,60,26
1,165,71,58,26
1,166,71,56,26
1,1,72,81,64
1,2,72,87,64
1,3,72,63,64
1,4,72,68,64
1,5,72,84,64
1,6,72,85,64
1,7,72,88,64
1,8,72,70,64
1,9,72,83,64
1,10,72,75,64
1,11,72,79,64
1,12,72,66,64
1,13,72,74,64
1,14,72,65,64
1,15,72,67,64
1,16,72,76,64
1,17,72,71,64
1,18,72,82,64
1,19,72,78,64
1,20,72,69,64
1,21,72,62,64
1,22,72,147,64
1,23,72,86,64
1,24,72,72,64
1,25,72,73,64
17,26,72,142,64
17,27,72,161,64
17,28,72,145,64
17,29,72,141,64
19,30,72,64,64
19,31,72,158,64
19,32,72,166,64
19,33,72,154,64
19,34,72,165,64
19,35,72,80,64
19,36,72,77,64
19,37,72,159,64
19,38,72,157,64
19,39,72,164,64
19,40,72,156,64
19,41,72,137,64
19,42,72,144,64
19,43,72,140,64
19,44,72,138,64
19,45,72,150,64
19,46,72,146,64
19,47,72,139,64
19,48,72,162,64
19,49,72,155,64
19,50,72,151,64
19,51,72,152,64
19,52,72,149,64
19,53,72,120,64
19,54,72,121,64
19,55,72,135,64
19,56,72,163,64
19,57,72,122,64
19,58,72,127,64
19,59,72,131,64
19,60,72,129,64
19,61,72,136,64
19,62,72,123,64
19,63,72,132,64
19,64,72,126,64
19,65,72,134,64
19,66,72,119,64
19,67,72,124,64
19,68,72,148,64
19,69,72,125,64
19,70,72,22,64
19,71,72,128,64
19,72,72,153,64
19,73,72,130,64
19,74,72,143,64
1,75,72,21,64
1,76,72,160,64
1,77,72,28,64
1,78,72,32,64
1,79,72,4,64
1,80,72,7,64
1,81,72,24,64
1,82,72,1,64
13,83,72,16,64
13,84,72,13,64
13,85,72,15,64
13,86,72,20,64
13,87,72,2,64
13,88,72,19,64
13,89,72,10,64
13,90,72,11,64
13,91,72,5,64
13,92,72,9,64
13,93,72,29,64
13,94,72,30,64
13,95,72,26,64
13,96,72,31,64
13,97,72,3,64
13,98,72,12,64
13,99,72,18,64
13,100,72,25,64
13,101,72,133,64
13,102,72,27,64
13,103,72,6,64
13,104,72,14,64
14,105,72,97,64
14,106,72,108,64
14,107,72,110,64
14,108,72,105,64
14,109,72,109,64
14,110,72,95,64
14,111,72,118,64
14,112,72,106,64
14,113,72,17,64
14,114,72,111,64
14,115,72,115,64
14,116,72,113,64
14,117,72,90,64
14,118,72,100,64
14,119,72,116,64
14,120,72,102,64
14,121,72,101,64
14,122,72,94,64
14,123,72,114,64
14,124,72,8,64
14,125,72,117,64
14,126,72,98,64
14,127,72,103,64
14,128,72,44,64
14,129,72,112,64
14,130,72,93,64
14,131,72,107,64
14,132,72,99,64
14,133,72,89,64
14,134,72,91,64
14,135,72,96,64
14,136,72,92,64
1,137,72,104,64
1,138,72,48,64
1,139,72,61,64
1,140,72,23,64
1,141,72,36,64
1,142,72,50,64
1,143,72,47,64
1,144,72,43,64
1,145,72,57,64
1,146,72,33,64
1,147,72,38,64
1,148,72,45,64
1,149,72,54,64
1,150,72,46,64
1,151,72,52,64
1,152,72,37,64
1,153,72,51,64
1,154,72,41,64
1,155,72,59,64
1,156,72,39,64
1,157,72,34,64
1,158,72,53,64
1,159,72,42,64
1,160,72,40,64
1,161,72,55,64
1,162,72,35,64
1,163,72,49,64
1,164,72,60,64
1,165,72,58,64
1,166,72,56,64
1,1,73,81,99
1,2,73,87,99
1,3,73,63,99
1,4,73,68,99
1,5,73,84,99
1,6,73,85,99
1,7,73,88,99
1,8,73,70,99
1,9,73,83,99
1,10,73,75,99
1,11,73,79,99
1,12,73,66,99
1,13,73,74,99
1,14,73,65,99
1,15,73,67,99
1,16,73,76,99
1,17,73,71,99
1,18,73,82,99
1,19,73,78,99
1,20,73,69,99
1,21,73,62,99
1,22,73,147,99
1,23,73,86,99
1,24,73,72,99
1,25,73,73,99
1,26,73,142,99
1,27,73,161,99
1,28,73,145,99
1,29,73,141,99
1,30,73,64,99
1,31,73,158,99
1,32,73,166,99
1,33,73,154,99
1,34,73,165,99
1,35,73,80,99
1,36,73,77,99
1,37,73,159,99
1,38,73,157,99
1,39,73,164,99
1,40,73,156,99
1,41,73,137,99
1,42,73,144,99
1,43,73,140,99
1,44,73,138,99
1,45,73,150,99
1,46,73,146,99
1,47,73,139,99
1,48,73,162,99
1,49,73,155,99
1,50,73,151,99
1,51,73,152,99
1,52,73,149,99
1,53,73,120,99
1,54,73,121,99
1,55,73,135,99
1,56,73,163,99
1,57,73,122,99
1,58,73,127,99
1,59,73,131,99
1,60,73,129,99
1,61,73,136,99
1,62,73,123,99
1,63,73,132,99
1,64,73,126,99
1,65,73,134,99
1,66,73,119,99
1,67,73,124,99
1,68,73,148,99
1,69,73,125,99
1,70,73,22,99
1,71,73,128,99
1,72,73,153,99
1,73,73,130,99
1,74,73,143,99
1,75,73,21,99
1,76,73,160,99
1,77,73,28,99
1,78,73,32,99
1,79,73,4,99
1,80,73,7,99
1,81,73,24,99
1,82,73,1,99
13,83,73,16,99
13,84,73,13,99
13,85,73,15,99
13,86,73,20,99
13,87,73,2,99
13,88,73,19,99
13,89,73,10,99
13,90,73,11,99
13,91,73,5,99
13,92,73,9,99
13,93,73,29,99
13,94,73,30,99
13,95,73,26,99
13,96,73,31,99
13,97,73,3,99
13,98,73,12,99
13,99,73,18,99
13,100,73,25,99
13,101,73,133,99
13,102,73,27,99
13,103,73,6,99
13,104,73,14,99
14,105,73,97,99
14,106,73,108,99
14,107,73,110,99
14,108,73,105,99
14,109,73,109,99
14,110,73,95,99
14,111,73,118,99
14,112,73,106,99
14,113,73,17,99
14,114,73,111,99
14,115,73,115,99
14,116,73,113,99
14,117,73,90,99
14,118,73,100,99
14,119,73,116,99
14,120,73,102,99
14,121,73,101,99
14,122,73,94,99
14,123,73,114,99
14,124,73,8,99
14,125,73,117,99
14,126,73,98,99
14,127,73,103,99
14,128,73,44,99
14,129,73,112,99
14,130,73,93,99
14,131,73,107,99
14,132,73,99,99
14,133,73,89,99
14,134,73,91,99
14,135,73,96,99
14,136,73,92,99
1,137,73,104,99
1,138,73,48,99
1,139,73,61,99
1,140,73,23,99
1,141,73,36,99
1,142,73,50,99
1,143,73,47,99
1,144,73,43,99
1,145,73,57,99
1,146,73,33,99
1,147,73,38,99
1,148,73,45,99
1,149,73,54,99
1,150,73,46,99
1,151,73,52,99
1,152,73,37,99
1,153,73,51,99
1,154,73,41,99
1,155,73,59,99
1,156,73,39,99
1,157,73,34,99
1,158,73,53,99
1,159,73,42,99
1,160,73,40,99
1,161,73,55,99
1,162,73,35,99
1,163,73,49,99
1,164,73,60,99
1,165,73,58,99
1,166,73,56,99
1,1,74,81,15
1,2,74,87,15
1,3,74,63,15
1,4,74,68,15
1,5,74,84,15
1,6,74,85,15
1,7,74,88,15
1,8,74,70,15
1,9,74,83,15
1,10,74,75,15
1,11,74,79,15
1,12,74,66,15
1,13,74,74,15
7,14,74,65,15
7,15,74,67,15
7,16,74,76,15
7,17,74,71,15
7,18,74,82,15
7,19,74,78,15
7,20,74,69,15
7,21,74,62,15
1,22,74,147,15
1,23,74,86,15
1,24,74,72,15
1,25,74,73,15
1,26,74,142,15
1,27,74,161,15
1,28,74,145,15
1,29,74,141,15
1,30,74,64,15
1,31,74,158,15
1,32,74,166,15
1,33,74,154,15
1,34,74,165,15
1,35,74,80,15
1,36,74,77,15
1,37,74,159,15
1,38,74,157,15
1,39,74,164,15
1,40,74,156,15
1,41,74,137,15
1,42,74,144,15
1,43,74,140,15
1,44,74,138,15
1,45,74,150,15
1,46,74,146,15
1,47,74,139,15
1,48,74,162,15
1,49,74,155,15
1,50,74,151,15
1,51,74,152,15
1,52,74,149,15
1,53,74,120,15
1,54,74,121,15
1,55,74,135,15
1,56,74,163,15
1,57,74,122,15
1,58,74,127,15
1,59,74,131,15
1,60,74,129,15
1,61,74,136,15
1,62,74,123,15
1,63,74,132,15
1,64,74,126,15
1,65,74,134,15
1,66,74,119,15
1,67,74,124,15
1,68,74,148,15
1,69,74,125,15
1,70,74,22,15
1,71,74,128,15
1,72,74,153,15
1,73,74,130,15
1,74,74,143,15
1,75,74,21,15
1,76,74,160,15
1,77,74,28,15
1,78,74,32,15
1,79,74,4,15
1,80,74,7,15
1,81,74,24,15
1,82,74,1,15
13,83,74,16,15
13,84,74,13,15
13,85,74,15,15
13,86,74,20,15
13,87,74,2,15
13,88,74,19,15
13,89,74,10,15
13,90,74,11,15
13,91,74,5,15
13,92,74,9,15
13,93,74,29,15
13,94,74,30,15
13,95,74,26,15
13,96,74,31,15
13,97,74,3,15
13,98,74,12,15
13,99,74,18,15
13,100,74,25,15
13,101,74,133,15
13,102,74,27,15
13,103,74,6,15
13,104,74,14,15
14,105,74,97,15
14,106,74,108,15
14,107,74,110,15
14,108,74,105,15
14,109,74,109,15
14,110,74,95,15
14,111,74,118,15
14,112,74,106,15
14,113,74,17,15
14,114,74,111,15
14,115,74,115,15
14,116,74,113,15
14,117,74,90,15
14,118,74,100,15
14,119,74,116,15
14,120,74,102,15
14,121,74,101,15
14,122,74,94,15
14,123,74,114,15
14,124,74,8,15
14,125,74,117,15
14,126,74,98,15
14,127,74,103,15
14,128,74,44,15
14,129,74,112,15
14,130,74,93,15
14,131,74,107,15
14,132,74,99,15
14,133,74,89,15
14,134,74,91,15
14,135,74,96,15
14,136,74,92,15
1,137,74,104,15
1,138,74,48,15
1,139,74,61,15
1,140,74,23,15
1,141,74,36,15
1,142,74,50,15
1,143,74,47,15
1,144,74,43,15
1,145,74,57,15
1,146,74,33,15
1,147,74,38,15
1,148,74,45,15
1,149,74,54,15
1,150,74,46,15
1,151,74,52,15
1,152,74,37,15
1,153,74,51,15
1,154,74,41,15
1,155,74,59,15
1,156,74,39,15
1,157,74,34,15
1,158,74,53,15
1,159,74,42,15
1,160,74,40,15
1,161,74,55,15
1,162,74,35,15
1,163,74,49,15
1,164,74,60,15
1,165,74,58,15
1,166,74,56,15
1,1,75,81,43
1,2,75,87,43
1,3,75,63,43
1,4,75,68,43
1,5,75,84,43
1,6,75,85,43
1,7,75,88,43
1,8,75,70,43
1,9,75,83,43
1,10,75,75,43
1,11,75,79,43
1,12,75,66,43
1,13,75,74,43
7,14,75,65,43
7,15,75,67,43
7,16,75,76,43
7,17,75,71,43
7,18,75,82,43
7,19,75,78,43
7,20,75,69,43
7,21,75,62,43
1,22,75,147,43
1,23,75,86,43
1,24,75,72,43
1,25,75,73,43
1,26,75,142,43
1,27,75,161,43
1,28,75,145,43
1,29,75,141,43
1,30,75,64,43
1,31,75,158,43
1,32,75,166,43
1,33,75,154,43
1,34,75,165,43
1,35,75,80,43
1,36,75,77,43
1,37,75,159,43
1,38,75,157,43
1,39,75,164,43
1,40,75,156,43
1,41,75,137,43
1,42,75,144,43
1,43,75,140,43
1,44,75,138,43
1,45,75,150,43
1,46,75,146,43
1,47,75,139,43
1,48,75,162,43
1,49,75,155,43
1,50,75,151,43
1,51,75,152,43
1,52,75,149,43
1,53,75,120,43
1,54,75,121,43
1,55,75,135,43
1,56,75,163,43
1,57,75,122,43
1,58,75,127,43
1,59,75,131,43
1,60,75,129,43
1,61,75,136,43
1,62,75,123,43
1,63,75,132,43
1,64,75,126,43
1,65,75,134,43
1,66,75,119,43
1,67,75,124,43
1,68,75,148,43
1,69,75,125,43
1,70,75,22,43
1,71,75,128,43
1,72,75,153,43
1,73,75,130,43
1,74,75,143,43
1,75,75,21,43
1,76,75,160,43
1,77,75,28,43
1,78,75,32,43
1,79,75,4,43
1,80,75,7,43
1,81,75,24,43
1,82,75,1,43
13,83,75,16,43
13,84,75,13,43
13,85,75,15,43
13,86,75,20,43
13,87,75,2,43
13,88,75,19,43
13,89,75,10,43
13,90,75,11,43
13,91,75,5,43
13,92,75,9,43
13,93,75,29,43
13,94,75,30,43
13,95,75,26,43
13,96,75,31,43
13,97,75,3,43
13,98,75,12,43
13,99,75,18,43
13,100,75,25,43
13,101,75,133,43
13,102,75,27,43
13,103,75,6,43
13,104,75,14,43
14,105,75,97,43
14,106,75,108,43
14,107,75,110,43
14,108,75,105,43
14,109,75,109,43
14,110,75,95,43
14,111,75,118,43
14,112,75,106,43
14,113,75,17,43
14,114,75,111,43
14,115,75,115,43
14,116,75,113,43
14,117,75,90,43
14,118,75,100,43
14,119,75,116,43
14,120,75,102,43
14,121,75,101,43
14,122,75,94,43
14,123,75,114,43
14,124,75,8,43
14,125,75,117,43
14,126,75,98,43
14,127,75,103,43
14,128,75,44,43
14,129,75,112,43
14,130,75,93,43
14,131,75,107,43
14,132,75,99,43
14,133,75,89,43
14,134,75,91,43
14,135,75,96,43
14,136,75,92,43
1,137,75,104,43
1,138,75,48,43
1,139,75,61,43
1,140,75,23,43
1,141,75,36,43
1,142,75,50,43
1,143,75,47,43
1,144,75,43,43
1,145,75,57,43
1,146,75,33,43
1,147,75,38,43
1,148,75,45,43
1,149,75,54,43
1,150,75,46,43
1,151,75,52,43
1,152,75,37,43
1,153,75,51,43
1,154,75,41,43
1,155,75,59,43
1,156,75,39,43
1,157,75,34,43
1,158,75,53,43
1,159,75,42,43
1,160,75,40,43
1,161,75,55,43
1,162,75,35,43
1,163,75,49,43
1,164,75,60,43
1,165,75,58,43
1,166,75,56,43
1,1,76,81,1
1,2,76,87,1
1,3,76,63,1
1,4,76,68,1
1,5,76,84,1
1,6,76,85,1
1,7,76,88,1
1,8,76,70,1
1,9,76,83,1
1,10,76,75,1
1,11,76,79,1
1,12,76,66,1
1,13,76,74,1
7,14,76,65,1
7,15,76,67,1
7,16,76,76,1
7,17,76,71,1
7,18,76,82,1
7,19,76,78,1
7,20,76,69,1
7,21,76,62,1
8,22,76,147,1
8,23,76,86,1
8,24,76,72,1
8,25,76,73,1
9,26,76,142,1
9,27,76,161,1
9,28,76,145,1
9,29,76,141,1
9,30,76,64,1
9,31,76,158,1
9,32,76,166,1
9,33,76,154,1
9,34,76,165,1
9,35,76,80,1
9,36,76,77,1
9,37,76,159,1
9,38,76,157,1
9,39,76,164,1
9,40,76,156,1
9,41,76,137,1
9,42,76,144,1
9,43,76,140,1
9,44,76,138,1
9,45,76,150,1
9,46,76,146,1
9,47,76,139,1
9,48,76,162,1
9,49,76,155,1
9,50,76,151,1
9,51,76,152,1
9,52,76,149,1
9,53,76,120,1
9,54,76,121,1
9,55,76,135,1
9,56,76,163,1
9,57,76,122,1
9,58,76,127,1
9,59,76,131,1
9,60,76,129,1
9,61,76,136,1
9,62,76,123,1
9,63,76,132,1
9,64,76,126,1
9,65,76,134,1
9,66,76,119,1
9,67,76,124,1
9,68,76,148,1
9,69,76,125,1
9,70,76,22,1
9,71,76,128,1
9,72,76,153,1
9,73,76,130,1
9,74,76,143,1
9,75,76,21,1
9,76,76,160,1
9,77,76,28,1
9,78,76,32,1
9,79,76,4,1
9,80,76,7,1
9,81,76,24,1
9,82,76,1,1
13,83,76,16,1
13,84,76,13,1
13,85,76,15,1
13,86,76,20,1
13,87,76,2,1
13,88,76,19,1
13,89,76,10,1
13,90,76,11,1
13,91,76,5,1
13,92,76,9,1
13,93,76,29,1
13,94,76,30,1
13,95,76,26,1
13,96,76,31,1
13,97,76,3,1
13,98,76,12,1
13,99,76,18,1
13,100,76,25,1
13,101,76,133,1
13,102,76,27,1
13,103,76,6,1
13,104,76,14,1
14,105,76,97,1
14,106,76,108,1
14,107,76,110,1
14,108,76,105,1
14,109,76,109,1
14,110,76,95,1
14,111,76,118,1
14,112,76,106,1
14,113,76,17,1
14,114,76,111,1
14,115,76,115,1
14,116,76,113,1
14,117,76,90,1
14,118,76,100,1
14,119,76,116,1
14,120,76,102,1
14,121,76,101,1
14,122,76,94,1
14,123,76,114,1
14,124,76,8,1
14,125,76,117,1
14,126,76,98,1
14,127,76,103,1
14,128,76,44,1
14,129,76,112,1
14,130,76,93,1
14,131,76,107,1
14,132,76,99,1
14,133,76,89,1
14,134,76,91,1
14,135,76,96,1
14,136,76,92,1
1,137,76,104,1
3,138,76,48,1
3,139,76,61,1
3,140,76,23,1
3,141,76,36,1
3,142,76,50,1
3,143,76,47,1
3,144,76,43,1
3,145,76,57,1
3,146,76,33,1
3,147,76,38,1
4,148,76,45,1
4,149,76,54,1
4,150,76,46,1
4,151,76,52,1
4,152,76,37,1
4,153,76,51,1
4,154,76,41,1
4,155,76,59,1
4,156,76,39,1
4,157,76,34,1
4,158,76,53,1
4,159,76,42,1
4,160,76,40,1
4,161,76,55,1
4,162,76,35,1
4,163,76,49,1
4,164,76,60,1
4,165,76,58,1
4,166,76,56,1
1,1,77,81,9
1,2,77,87,9
1,3,77,63,9
1,4,77,68,9
1,5,77,84,9
1,6,77,85,9
1,7,77,88,9
1,8,77,70,9
1,9,77,83,9
1,10,77,75,9
1,11,77,79,9
1,12,77,66,9
1,13,77,74,9
7,14,77,65,9
7,15,77,67,9
7,16,77,76,9
7,17,77,71,9
7,18,77,82,9
7,19,77,78,9
7,20,77,69,9
7,21,77,62,9
8,22,77,147,9
8,23,77,86,9
8,24,77,72,9
8,25,77,73,9
9,26,77,142,9
9,27,77,161,9
9,28,77,145,9
9,29,77,141,9
9,30,77,64,9
9,31,77,158,9
9,32,77,166,9
9,33,77,154,9
9,34,77,165,9
9,35,77,80,9
9,36,77,77,9
9,37,77,159,9
9,38,77,157,9
9,39,77,164,9
9,40,77,156,9
9,41,77,137,9
9,42,77,144,9
9,43,77,140,9
9,44,77,138,9
9,45,77,150,9
9,46,77,146,9
9,47,77,139,9
9,48,77,162,9
9,49,77,155,9
9,50,77,151,9
9,51,77,152,9
9,52,77,149,9
9,53,77,120,9
9,54,77,121,9
9,55,77,135,9
9,56,77,163,9
9,57,77,122,9
9,58,77,127,9
9,59,77,131,9
9,60,77,129,9
9,61,77,136,9
9,62,77,123,9
9,63,77,132,9
9,64,77,126,9
9,65,77,134,9
9,66,77,119,9
9,67,77,124,9
9,68,77,148,9
9,69,77,125,9
9,70,77,22,9
9,71,77,128,9
9,72,77,153,9
9,73,77,130,9
9,74,77,143,9
9,75,77,21,9
9,76,77,160,9
9,77,77,28,9
9,78,77,32,9
9,79,77,4,9
9,80,77,7,9
9,81,77,24,9
9,82,77,1,9
13,83,77,16,9
13,84,77,13,9
13,85,77,15,9
13,86,77,20,9
13,87,77,2,9
13,88,77,19,9
13,89,77,10,9
13,90,77,11,9
13,91,77,5,9
13,92,77,9,9
13,93,77,29,9
13,94,77,30,9
13,95,77,26,9
13,96,77,31,9
13,97,77,3,9
13,98,77,12,9
13,99,77,18,9
13,100,77,25,9
13,101,77,133,9
13,102,77,27,9
13,103,77,6,9
13,104,77,14,9
14,105,77,97,9
14,106,77,108,9
14,107,77,110,9
14,108,77,105,9
14,109,77,109,9
14,110,77,95,9
14,111,77,118,9
14,112,77,106,9
14,113,77,17,9
14,114,77,111,9
14,115,77,115,9
14,116,77,113,9
14,117,77,90,9
14,118,77,100,9
14,119,77,116,9
14,120,77,102,9
14,121,77,101,9
14,122,77,94,9
14,123,77,114,9
14,124,77,8,9
14,125,77,117,9
14,126,77,98,9
14,127,77,103,9
14,128,77,44,9
14,129,77,112,9
14,130,77,93,9
14,131,77,107,9
14,132,77,99,9
14,133,77,89,9
14,134,77,91,9
14,135,77,96,9
14,136,77,92,9
1,137,77,104,9
3,138,77,48,9
3,139,77,61,9
3,140,77,23,9
3,141,77,36,9
3,142,77,50,9
3,143,77,47,9
3,144,77,43,9
3,145,77,57,9
3,146,77,33,9
3,147,77,38,9
4,148,77,45,9
4,149,77,54,9
4,150,77,46,9
4,151,77,52,9
4,152,77,37,9
4,153,77,51,9
4,154,77,41,9
4,155,77,59,9
4,156,77,39,9
4,157,77,34,9
4,158,77,53,9
4,159,77,42,9
4,160,77,40,9
4,161,77,55,9
4,162,77,35,9
4,163,77,49,9
4,164,77,60,9
4,165,77,58,9
4,166,77,56,9
1,1,78,81,70
1,2,78,87,70
1,3,78,63,70
1,4,78,68,70
1,5,78,84,70
1,6,78,85,70
1,7,78,88,70
1,8,78,70,70
1,9,78,83,70
1,10,78,75,70
1,11,78,79,70
1,12,78,66,70
1,13,78,74,70
7,14,78,65,70
7,15,78,67,70
7,16,78,76,70
7,17,78,71,70
7,18,78,82,70
7,19,78,78,70
7,20,78,69,70
7,21,78,62,70
8,22,78,147,70
8,23,78,86,70
8,24,78,72,70
8,25,78,73,70
9,26,78,142,70
9,27,78,161,70
9,28,78,145,70
9,29,78,141,70
9,30,78,64,70
9,31,78,158,70
9,32,78,166,70
9,33,78,154,70
9,34,78,165,70
9,35,78,80,70
9,36,78,77,70
9,37,78,159,70
9,38,78,157,70
9,39,78,164,70
9,40,78,156,70
9,41,78,137,70
9,42,78,144,70
9,43,78,140,70
9,44,78,138,70
9,45,78,150,70
9,46,78,146,70
9,47,78,139,70
9,48,78,162,70
9,49,78,155,70
9,50,78,151,70
9,51,78,152,70
9,52,78,149,70
9,53,78,120,70
9,54,78,121,70
9,55,78,135,70
9,56,78,163,70
9,57,78,122,70
9,58,78,127,70
9,59,78,131,70
9,60,78,129,70
9,61,78,136,70
9,62,78,123,70
9,63,78,132,70
9,64,78,126,70
9,65,78,134,70
9,66,78,119,70
9,67,78,124,70
9,68,78,148,70
9,69,78,125,70
9,70,78,22,70
9,71,78,128,70
9,72,78,153,70
9,73,78,130,70
9,74,78,143,70
9,75,78,21,70
9,76,78,160,70
9,77,78,28,70
9,78,78,32,70
9,79,78,4,70
9,80,78,7,70
9,81,78,24,70
9,82,78,1,70
13,83,78,16,70
13,84,78,13,70
13,85,78,15,70
13,86,78,20,70
13,87,78,2,70
13,88,78,19,70
13,89,78,10,70
13,90,78,11,70
13,91,78,5,70
13,92,78,9,70
13,93,78,29,70
13,94,78,30,70
13,95,78,26,70
13,96,78,31,70
13,97,78,3,70
13,98,78,12,70
13,99,78,18,70
13,100,78,25,70
13,101,78,133,70
13,102,78,27,70
13,103,78,6,70
13,104,78,14,70
14,105,78,97,70
14,106,78,108,70
14,107,78,110,70
14,108,78,105,70
14,109,78,109,70
14,110,78,95,70
14,111,78,118,70
14,112,78,106,70
14,113,78,17,70
14,114,78,111,70
14,115,78,115,70
14,116,78,113,70
14,117,78,90,70
14,118,78,100,70
14,119,78,116,70
14,120,78,102,70
14,121,78,101,70
14,122,78,94,70
14,123,78,114,70
14,124,78,8,70
14,125,78,117,70
14,126,78,98,70
14,127,78,103,70
14,128,78,44,70
14,129,78,112,70
14,130,78,93,70
14,131,78,107,70
14,132,78,99,70
14,133,78,89,70
14,134,78,91,70
14,135,78,96,70
14,136,78,92,70
1,137,78,104,70
3,138,78,48,70
3,139,78,61,70
3,140,78,23,70
3,141,78,36,70
3,142,78,50,70
3,143,78,47,70
3,144,78,43,70
3,145,78,57,70
3,146,78,33,70
3,147,78,38,70
4,148,78,45,70
4,149,78,54,70
4,150,78,46,70
4,151,78,52,70
4,152,78,37,70
4,153,78,51,70
4,154,78,41,70
4,155,78,59,70
4,156,78,39,70
4,157,78,34,70
4,158,78,53,70
4,159,78,42,70
4,160,78,40,70
4,161,78,55,70
4,162,78,35,70
4,163,78,49,70
4,164,78,60,70
4,165,78,58,70
4,166,78,56,70
1,1,79,81,81
1,2,79,87,81
1,3,79,63,81
1,4,79,68,81
1,5,79,84,81
1,6,79,85,81
1,7,79,88,81
1,8,79,70,81
1,9,79,83,81
1,10,79,75,81
1,11,79,79,81
1,12,79,66,81
1,13,79,74,81
7,14,79,65,81
7,15,79,67,81
7,16,79,76,81
7,17,79,71,81
7,18,79,82,81
7,19,79,78,81
7,20,79,69,81
7,21,79,62,81
8,22,79,147,81
8,23,79,86,81
8,24,79,72,81
8,25,79,73,81
9,26,79,142,81
9,27,79,161,81
9,28,79,145,81
9,29,79,141,81
9,30,79,64,81
9,31,79,158,81
9,32,79,166,81
9,33,79,154,81
9,34,79,165,81
9,35,79,80,81
9,36,79,77,81
9,37,79,159,81
9,38,79,157,81
9,39,79,164,81
9,40,79,156,81
9,41,79,137,81
9,42,79,144,81
9,43,79,140,81
9,44,79,138,81
9,45,79,150,81
9,46,79,146,81
9,47,79,139,81
9,48,79,162,81
9,49,79,155,81
9,50,79,151,81
9,51,79,152,81
9,52,79,149,81
9,53,79,120,81
9,54,79,121,81
9,55,79,135,81
9,56,79,163,81
9,57,79,122,81
9,58,79,127,81
9,59,79,131,81
9,60,79,129,81
9,61,79,136,81
9,62,79,123,81
9,63,79,132,81
9,64,79,126,81
9,65,79,134,81
9,66,79,119,81
9,67,79,124,81
9,68,79,148,81
9,69,79,125,81
9,70,79,22,81
9,71,79,128,81
9,72,79,153,81
9,73,79,130,81
9,74,79,143,81
9,75,79,21,81
9,76,79,160,81
9,77,79,28,81
9,78,79,32,81
9,79,79,4,81
9,80,79,7,81
9,81,79,24,81
9,82,79,1,81
13,83,79,16,81
13,84,79,13,81
13,85,79,15,81
13,86,79,20,81
13,87,79,2,81
13,88,79,19,81
13,89,79,10,81
13,90,79,11,81
13,91,79,5,81
13,92,79,9,81
13,93,79,29,81
13,94,79,30,81
13,95,79,26,81
13,96,79,31,81
13,97,79,3,81
13,98,79,12,81
13,99,79,18,81
13,100,79,25,81
13,101,79,133,81
13,102,79,27,81
13,103,79,6,81
13,104,79,14,81
14,105,79,97,81
14,106,79,108,81
14,107,79,110,81
14,108,79,105,81
14,109,79,109,81
14,110,79,95,81
14,111,79,118,81
14,112,79,106,81
14,113,79,17,81
14,114,79,111,81
14,115,79,115,81
14,116,79,113,81
14,117,79,90,81
14,118,79,100,81
14,119,79,116,81
14,120,79,102,81
14,121,79,101,81
14,122,79,94,81
14,123,79,114,81
14,124,79,8,81
14,125,79,117,81
14,126,79,98,81
14,127,79,103,81
14,128,79,44,81
14,129,79,112,81
14,130,79,93,81
14,131,79,107,81
14,132,79,99,81
14,133,79,89,81
14,134,79,91,81
14,135,79,96,81
14,136,79,92,81
1,137,79,104,81
3,138,79,48,81
3,139,79,61,81
3,140,79,23,81
3,141,79,36,81
3,142,79,50,81
3,143,79,47,81
3,144,79,43,81
3,145,79,57,81
3,146,79,33,81
3,147,79,38,81
4,148,79,45,81
4,149,79,54,81
4,150,79,46,81
4,151,79,52,81
4,152,79,37,81
4,153,79,51,81
4,154,79,41,81
4,155,79,59,81
4,156,79,39,81
4,157,79,34,81
4,158,79,53,81
4,159,79,42,81
4,160,79,40,81
4,161,79,55,81
4,162,79,35,81
4,163,79,49,81
4,164,79,60,81
4,165,79,58,81
4,166,79,56,81
1,1,80,81,93
1,2,80,87,93
1,3,80,63,93
1,4,80,68,93
1,5,80,84,93
1,6,80,85,93
1,7,80,88,93
1,8,80,70,93
1,9,80,83,93
1,10,80,75,93
1,11,80,79,93
1,12,80,66,93
1,13,80,74,93
7,14,80,65,93
7,15,80,67,93
7,16,80,76,93
7,17,80,71,93
7,18,80,82,93
7,19,80,78,93
7,20,80,69,93
7,21,80,62,93
8,22,80,147,93
8,23,80,86,93
8,24,80,72,93
8,25,80,73,93
9,26,80,142,93
9,27,80,161,93
9,28,80,145,93
9,29,80,141,93
9,30,80,64,93
9,31,80,158,93
9,32,80,166,93
9,33,80,154,93
9,34,80,165,93
9,35,80,80,93
9,36,80,77,93
9,37,80,159,93
9,38,80,157,93
9,39,80,164,93
9,40,80,156,93
9,41,80,137,93
9,42,80,144,93
9,43,80,140,93
9,44,80,138,93
9,45,80,150,93
9,46,80,146,93
9,47,80,139,93
9,48,80,162,93
9,49,80,155,93
9,50,80,151,93
9,51,80,152,93
9,52,80,149,93
9,53,80,120,93
9,54,80,121,93
9,55,80,135,93
9,56,80,163,93
9,57,80,122,93
9,58,80,127,93
9,59,80,131,93
9,60,80,129,93
9,61,80,136,93
9,62,80,123,93
9,63,80,132,93
9,64,80,126,93
9,65,80,134,93
9,66,80,119,93
9,67,80,124,93
9,68,80,148,93
9,69,80,125,93
9,70,80,22,93
9,71,80,128,93
9,72,80,153,93
9,73,80,130,93
9,74,80,143,93
9,75,80,21,93
9,76,80,160,93
9,77,80,28,93
9,78,80,32,93
9,79,80,4,93
9,80,80,7,93
9,81,80,24,93
9,82,80,1,93
13,83,80,16,93
13,84,80,13,93
13,85,80,15,93
13,86,80,20,93
13,87,80,2,93
13,88,80,19,93
13,89,80,10,93
13,90,80,11,93
13,91,80,5,93
13,92,80,9,93
13,93,80,29,93
13,94,80,30,93
13,95,80,26,93
13,96,80,31,93
13,97,80,3,93
13,98,80,12,93
13,99,80,18,93
13,100,80,25,93
13,101,80,133,93
13,102,80,27,93
13,103,80,6,93
13,104,80,14,93
14,105,80,97,93
14,106,80,108,93
14,107,80,110,93
14,108,80,105,93
14,109,80,109,93
14,110,80,95,93
14,111,80,118,93
14,112,80,106,93
14,113,80,17,93
14,114,80,111,93
14,115,80,115,93
14,116,80,113,93
14,117,80,90,93
14,118,80,100,93
14,119,80,116,93
14,120,80,102,93
14,121,80,101,93
14,122,80,94,93
14,123,80,114,93
14,124,80,8,93
14,125,80,117,93
14,126,80,98,93
14,127,80,103,93
14,128,80,44,93
14,129,80,112,93
14,130,80,93,93
14,131,80,107,93
14,132,80,99,93
14,133,80,89,93
14,134,80,91,93
14,135,80,96,93
14,136,80,92,93
1,137,80,104,93
3,138,80,48,93
3,139,80,61,93
3,140,80,23,93
3,141,80,36,93
3,142,80,50,93
3,143,80,47,93
3,144,80,43,93
3,145,80,57,93
3,146,80,33,93
3,147,80,38,93
4,148,80,45,93
4,149,80,54,93
4,150,80,46,93
4,151,80,52,93
4,152,80,37,93
4,153,80,51,93
4,154,80,41,93
4,155,80,59,93
4,156,80,39,93
4,157,80,34,93
4,158,80,53,93
4,159,80,42,93
4,160,80,40,93
4,161,80,55,93
4,162,80,35,93
4,163,80,49,93
4,164,80,60,93
4,165,80,58,93
4,166,80,56,93
1,1,81,81,142
1,2,81,87,142
1,3,81,63,142
1,4,81,68,142
1,5,81,84,142
1,6,81,85,142
1,7,81,88,142
1,8,81,70,142
1,9,81,83,142
1,10,81,75,142
1,11,81,79,142
1,12,81,66,142
1,13,81,74,142
7,14,81,65,142
7,15,81,67,142
7,16,81,76,142
7,17,81,71,142
7,18,81,82,142
7,19,81,78,142
7,20,81,69,142
7,21,81,62,142
8,22,81,147,142
8,23,81,86,142
8,24,81,72,142
8,25,81,73,142
9,26,81,142,142
9,27,81,161,142
9,28,81,145,142
9,29,81,141,142
9,30,81,64,142
9,31,81,158,142
9,32,81,166,142
9,33,81,154,142
9,34,81,165,142
9,35,81,80,142
9,36,81,77,142
9,37,81,159,142
9,38,81,157,142
9,39,81,164,142
9,40,81,156,142
9,41,81,137,142
9,42,81,144,142
9,43,81,140,142
9,44,81,138,142
9,45,81,150,142
9,46,81,146,142
9,47,81,139,142
9,48,81,162,142
9,49,81,155,142
9,50,81,151,142
9,51,81,152,142
9,52,81,149,142
9,53,81,120,142
9,54,81,121,142
9,55,81,135,142
9,56,81,163,142
9,57,81,122,142
9,58,81,127,142
9,59,81,131,142
9,60,81,129,142
9,61,81,136,142
9,62,81,123,142
9,63,81,132,142
9,64,81,126,142
9,65,81,134,142
9,66,81,119,142
9,67,81,124,142
9,68,81,148,142
9,69,81,125,142
9,70,81,22,142
9,71,81,128,142
9,72,81,153,142
9,73,81,130,142
9,74,81,143,142
9,75,81,21,142
9,76,81,160,142
9,77,81,28,142
9,78,81,32,142
9,79,81,4,142
9,80,81,7,142
9,81,81,24,142
9,82,81,1,142
13,83,81,16,142
13,84,81,13,142
13,85,81,15,142
13,86,81,20,142
13,87,81,2,142
13,88,81,19,142
13,89,81,10,142
13,90,81,11,142
13,91,81,5,142
13,92,81,9,142
13,93,81,29,142
13,94,81,30,142
13,95,81,26,142
13,96,81,31,142
13,97,81,3,142
13,98,81,12,142
13,99,81,18,142
13,100,81,25,142
13,101,81,133,142
13,102,81,27,142
13,103,81,6,142
13,104,81,14,142
14,105,81,97,142
14,106,81,108,142
14,107,81,110,142
14,108,81,105,142
14,109,81,109,142
14,110,81,95,142
14,111,81,118,142
14,112,81,106,142
14,113,81,17,142
14,114,81,111,142
14,115,81,115,142
14,116,81,113,142
14,117,81,90,142
14,118,81,100,142
14,119,81,116,142
14,120,81,102,142
14,121,81,101,142
14,122,81,94,142
14,123,81,114,142
14,124,81,8,142
14,125,81,117,142
14,126,81,98,142
14,127,81,103,142
14,128,81,44,142
14,129,81,112,142
14,130,81,93,142
14,131,81,107,142
14,132,81,99,142
14,133,81,89,142
14,134,81,91,142
14,135,81,96,142
14,136,81,92,142
1,137,81,104,142
3,138,81,48,142
3,139,81,61,142
3,140,81,23,142
3,141,81,36,142
3,142,81,50,142
3,143,81,47,142
3,144,81,43,142
3,145,81,57,142
3,146,81,33,142
3,147,81,38,142
4,148,81,45,142
4,149,81,54,142
4,150,81,46,142
4,151,81,52,142
4,152,81,37,142
4,153,81,51,142
4,154,81,41,142
4,155,81,59,142
4,156,81,39,142
4,157,81,34,142
4,158,81,53,142
4,159,81,42,142
4,160,81,40,142
4,161,81,55,142
4,162,81,35,142
4,163,81,49,142
4,164,81,60,142
4,165,81,58,142
4,166,81,56,142
1,1,82,81,11
1,2,82,87,11
1,3,82,63,11
1,4,82,68,11
1,5,82,84,11
1,6,82,85,11
1,7,82,88,11
1,8,82,70,11
1,9,82,83,11
1,10,82,75,11
1,11,82,79,11
1,12,82,66,11
1,13,82,74,11
7,14,82,65,11
7,15,82,67,11
7,16,82,76,11
7,17,82,71,11
7,18,82,82,11
7,19,82,78,11
7,20,82,69,11
7,21,82,62,11
8,22,82,147,11
8,23,82,86,11
8,24,82,72,11
8,25,82,73,11
9,26,82,142,11
9,27,82,161,11
9,28,82,145,11
9,29,82,141,11
9,30,82,64,11
9,31,82,158,11
9,32,82,166,11
9,33,82,154,11
9,34,82,165,11
9,35,82,80,11
9,36,82,77,11
9,37,82,159,11
9,38,82,157,11
9,39,82,164,11
9,40,82,156,11
9,41,82,137,11
9,42,82,144,11
9,43,82,140,11
9,44,82,138,11
9,45,82,150,11
9,46,82,146,11
9,47,82,139,11
9,48,82,162,11
9,49,82,155,11
9,50,82,151,11
9,51,82,152,11
9,52,82,149,11
9,53,82,120,11
9,54,82,121,11
9,55,82,135,11
9,56,82,163,11
9,57,82,122,11
9,58,82,127,11
9,59,82,131,11
9,60,82,129,11
9,61,82,136,11
9,62,82,123,11
9,63,82,132,11
9,64,82,126,11
9,65,82,134,11
9,66,82,119,11
9,67,82,124,11
9,68,82,148,11
9,69,82,125,11
9,70,82,22,11
9,71,82,128,11
9,72,82,153,11
9,73,82,130,11
9,74,82,143,11
9,75,82,21,11
9,76,82,160,11
9,77,82,28,11
9,78,82,32,11
9,79,82,4,11
9,80,82,7,11
9,81,82,24,11
9,82,82,1,11
13,83,82,16,11
13,84,82,13,11
13,85,82,15,11
13,86,82,20,11
13,87,82,2,11
13,88,82,19,11
13,89,82,10,11
13,90,82,11,11
13,91,82,5,11
13,92,82,9,11
13,93,82,29,11
13,94,82,30,11
13,95,82,26,11
13,96,82,31,11
13,97,82,3,11
13,98,82,12,11
13,99,82,18,11
13,100,82,25,11
13,101,82,133,11
13,102,82,27,11
13,103,82,6,11
13,104,82,14,11
14,105,82,97,11
14,106,82,108,11
14,107,82,110,11
14,108,82,105,11
14,109,82,109,11
14,110,82,95,11
14,111,82,118,11
14,112,82,106,11
14,113,82,17,11
14,114,82,111,11
14,115,82,115,11
14,116,82,113,11
14,117,82,90,11
14,118,82,100,11
14,119,82,116,11
14,120,82,102,11
14,121,82,101,11
14,122,82,94,11
14,123,82,114,11
14,124,82,8,11
14,125,82,117,11
14,126,82,98,11
14,127,82,103,11
14,128,82,44,11
14,129,82,112,11
14,130,82,93,11
14,131,82,107,11
14,132,82,99,11
14,133,82,89,11
14,134,82,91,11
14,135,82,96,11
14,136,82,92,11
1,137,82,104,11
3,138,82,48,11
3,139,82,61,11
3,140,82,23,11
3,141,82,36,11
3,142,82,50,11
3,143,82,47,11
3,144,82,43,11
3,145,82,57,11
3,146,82,33,11
3,147,82,38,11
4,148,82,45,11
4,149,82,54,11
4,150,82,46,11
4,151,82,52,11
4,152,82,37,11
4,153,82,51,11
4,154,82,41,11
4,155,82,59,11
4,156,82,39,11
4,157,82,34,11
4,158,82,53,11
4,159,82,42,11
4,160,82,40,11
4,161,82,55,11
4,162,82,35,11
4,163,82,49,11
4,164,82,60,11
4,165,82,58,11
4,166,82,56,11
1,1,83,81,62
1,2,83,87,62
1,3,83,63,62
1,4,83,68,62
1,5,83,84,62
1,6,83,85,62
1,7,83,88,62
1,8,83,70,62
1,9,83,83,62
1,10,83,75,62
1,11,83,79,62
1,12,83,66,62
1,13,83,74,62
7,14,83,65,62
7,15,83,67,62
7,16,83,76,62
7,17,83,71,62
7,18,83,82,62
7,19,83,78,62
7,20,83,69,62
7,21,83,62,62
8,22,83,147,62
8,23,83,86,62
8,24,83,72,62
8,25,83,73,62
9,26,83,142,62
9,27,83,161,62
9,28,83,145,62
9,29,83,141,62
9,30,83,64,62
9,31,83,158,62
9,32,83,166,62
9,33,83,154,62
9,34,83,165,62
9,35,83,80,62
9,36,83,77,62
9,37,83,159,62
9,38,83,157,62
9,39,83,164,62
9,40,83,156,62
9,41,83,137,62
9,42,83,144,62
9,43,83,140,62
9,44,83,138,62
9,45,83,150,62
9,46,83,146,62
9,47,83,139,62
9,48,83,162,62
9,49,83,155,62
9,50,83,151,62
9,51,83,152,62
9,52,83,149,62
9,53,83,120,62
9,54,83,121,62
9,55,83,135,62
9,56,83,163,62
9,57,83,122,62
9,58,83,127,62
9,59,83,131,62
9,60,83,129,62
9,61,83,136,62
9,62,83,123,62
9,63,83,132,62
9,64,83,126,62
9,65,83,134,62
9,66,83,119,62
9,67,83,124,62
9,68,83,148,62
9,69,83,125,62
9,70,83,22,62
9,71,83,128,62
9,72,83,153,62
9,73,83,130,62
9,74,83,143,62
9,75,83,21,62
9,76,83,160,62
9,77,83,28,62
9,78,83,32,62
9,79,83,4,62
9,80,83,7,62
9,81,83,24,62
9,82,83,1,62
1,83,83,16,62
1,84,83,13,62
1,85,83,15,62
1,86,83,20,62
1,87,83,2,62
1,88,83,19,62
1,89,83,10,62
1,90,83,11,62
1,91,83,5,62
1,92,83,9,62
1,93,83,29,62
1,94,83,30,62
1,95,83,26,62
1,96,83,31,62
1,97,83,3,62
1,98,83,12,62
1,99,83,18,62
1,100,83,25,62
1,101,83,133,62
1,102,83,27,62
1,103,83,6,62
1,104,83,14,62
1,105,83,97,62
1,106,83,108,62
1,107,83,110,62
1,108,83,105,62
1,109,83,109,62
1,110,83,95,62
1,111,83,118,62
1,112,83,106,62
1,113,83,17,62
1,114,83,111,62
1,115,83,115,62
1,116,83,113,62
1,117,83,90,62
1,118,83,100,62
1,119,83,116,62
1,120,83,102,62
1,121,83,101,62
1,122,83,94,62
1,123,83,114,62
1,124,83,8,62
1,125,83,117,62
1,126,83,98,62
1,127,83,103,62
1,128,83,44,62
1,129,83,112,62
1,130,83,93,62
1,131,83,107,62
1,132,83,99,62
1,133,83,89,62
1,134,83,91,62
1,135,83,96,62
1,136,83,92,62
1,137,83,104,62
1,138,83,48,62
1,139,83,61,62
1,140,83,23,62
1,141,83,36,62
1,142,83,50,62
1,143,83,47,62
1,144,83,43,62
1,145,83,57,62
1,146,83,33,62
1,147,83,38,62
1,148,83,45,62
1,149,83,54,62
1,150,83,46,62
1,151,83,52,62
1,152,83,37,62
1,153,83,51,62
1,154,83,41,62
1,155,83,59,62
1,156,83,39,62
1,157,83,34,62
1,158,83,53,62
1,159,83,42,62
1,160,83,40,62
1,161,83,55,62
1,162,83,35,62
1,163,83,49,62
1,164,83,60,62
1,165,83,58,62
1,166,83,56,62
1,1,84,81,113
1,2,84,87,113
1,3,84,63,113
1,4,84,68,113
1,5,84,84,113
1,6,84,85,113
1,7,84,88,113
1,8,84,70,113
1,9,84,83,113
1,10,84,75,113
1,11,84,79,113
1,12,84,66,113
1,13,84,74,113
7,14,84,65,113
7,15,84,67,113
7,16,84,76,113
7,17,84,71,113
7,18,84,82,113
7,19,84,78,113
7,20,84,69,113
7,21,84,62,113
8,22,84,147,113
8,23,84,86,113
8,24,84,72,113
8,25,84,73,113
9,26,84,142,113
9,27,84,161,113
9,28,84,145,113
9,29,84,141,113
9,30,84,64,113
9,31,84,158,113
9,32,84,166,113
9,33,84,154,113
9,34,84,165,113
9,35,84,80,113
9,36,84,77,113
9,37,84,159,113
9,38,84,157,113
9,39,84,164,113
9,40,84,156,113
9,41,84,137,113
9,42,84,144,113
9,43,84,140,113
9,44,84,138,113
9,45,84,150,113
9,46,84,146,113
9,47,84,139,113
9,48,84,162,113
9,49,84,155,113
9,50,84,151,113
9,51,84,152,113
9,52,84,149,113
9,53,84,120,113
9,54,84,121,113
9,55,84,135,113
9,56,84,163,113
9,57,84,122,113
9,58,84,127,113
9,59,84,131,113
9,60,84,129,113
9,61,84,136,113
9,62,84,123,113
9,63,84,132,113
9,64,84,126,113
9,65,84,134,113
9,66,84,119,113
9,67,84,124,113
9,68,84,148,113
9,69,84,125,113
9,70,84,22,113
9,71,84,128,113
9,72,84,153,113
9,73,84,130,113
9,74,84,143,113
9,75,84,21,113
9,76,84,160,113
9,77,84,28,113
9,78,84,32,113
9,79,84,4,113
9,80,84,7,113
9,81,84,24,113
9,82,84,1,113
1,83,84,16,113
1,84,84,13,113
1,85,84,15,113
1,86,84,20,113
1,87,84,2,113
1,88,84,19,113
1,89,84,10,113
1,90,84,11,113
1,91,84,5,113
1,92,84,9,113
1,93,84,29,113
1,94,84,30,113
1,95,84,26,113
1,96,84,31,113
1,97,84,3,113
1,98,84,12,113
1,99,84,18,113
1,100,84,25,113
1,101,84,133,113
1,102,84,27,113
1,103,84,6,113
1,104,84,14,113
1,105,84,97,113
1,106,84,108,113
1,107,84,110,113
1,108,84,105,113
1,109,84,109,113
1,110,84,95,113
1,111,84,118,113
1,112,84,106,113
1,113,84,17,113
1,114,84,111,113
1,115,84,115,113
1,116,84,113,113
1,117,84,90,113
1,118,84,100,113
1,119,84,116,113
1,120,84,102,113
1,121,84,101,113
1,122,84,94,113
1,123,84,114,113
1,124,84,8,113
1,125,84,117,113
1,126,84,98,113
1,127,84,103,113
1,128,84,44,113
1,129,84,112,113
1,130,84,93,113
1,131,84,107,113
1,132,84,99,113
1,133,84,89,113
1,134,84,91,113
1,135,84,96,113
1,136,84,92,113
1,137,84,104,113
1,138,84,48,113
1,139,84,61,113
1,140,84,23,113
1,141,84,36,113
1,142,84,50,113
1,143,84,47,113
1,144,84,43,113
1,145,84,57,113
1,146,84,33,113
1,147,84,38,113
1,148,84,45,113
1,149,84,54,113
1,150,84,46,113
1,151,84,52,113
1,152,84,37,113
1,153,84,51,113
1,154,84,41,113
1,155,84,59,113
1,156,84,39,113
1,157,84,34,113
1,158,84,53,113
1,159,84,42,113
1,160,84,40,113
1,161,84,55,113
1,162,84,35,113
1,163,84,49,113
1,164,84,60,113
1,165,84,58,113
1,166,84,56,113
1,1,85,81,30
1,2,85,87,30
1,3,85,63,30
1,4,85,68,30
1,5,85,84,30
1,6,85,85,30
1,7,85,88,30
1,8,85,70,30
1,9,85,83,30
1,10,85,75,30
1,11,85,79,30
1,12,85,66,30
1,13,85,74,30
7,14,85,65,30
7,15,85,67,30
7,16,85,76,30
7,17,85,71,30
7,18,85,82,30
7,19,85,78,30
7,20,85,69,30
7,21,85,62,30
8,22,85,147,30
8,23,85,86,30
8,24,85,72,30
8,25,85,73,30
9,26,85,142,30
9,27,85,161,30
9,28,85,145,30
9,29,85,141,30
9,30,85,64,30
9,31,85,158,30
9,32,85,166,30
9,33,85,154,30
9,34,85,165,30
9,35,85,80,30
9,36,85,77,30
9,37,85,159,30
9,38,85,157,30
9,39,85,164,30
9,40,85,156,30
9,41,85,137,30
9,42,85,144,30
9,43,85,140,30
9,44,85,138,30
9,45,85,150,30
9,46,85,146,30
9,47,85,139,30
9,48,85,162,30
9,49,85,155,30
9,50,85,151,30
9,51,85,152,30
9,52,85,149,30
9,53,85,120,30
9,54,85,121,30
9,55,85,135,30
9,56,85,163,30
9,57,85,122,30
9,58,85,127,30
9,59,85,131,30
9,60,85,129,30
9,61,85,136,30
9,62,85,123,30
9,63,85,132,30
9,64,85,126,30
9,65,85,134,30
9,66,85,119,30
9,67,85,124,30
9,68,85,148,30
9,69,85,125,30
9,70,85,22,30
9,71,85,128,30
9,72,85,153,30
9,73,85,130,30
9,74,85,143,30
9,75,85,21,30
9,76,85,160,30
9,77,85,28,30
9,78,85,32,30
9,79,85,4,30
9,80,85,7,30
9,81,85,24,30
9,82,85,1,30
1,83,85,16,30
1,84,85,13,30
1,85,85,15,30
1,86,85,20,30
1,87,85,2,30
1,88,85,19,30
1,89,85,10,30
1,90,85,11,30
1,91,85,5,30
1,92,85,9,30
1,93,85,29,30
1,94,85,30,30
1,95,85,26,30
1,96,85,31,30
1,97,85,3,30
1,98,85,12,30
1,99,85,18,30
1,100,85,25,30
1,101,85,133,30
1,102,85,27,30
1,103,85,6,30
1,104,85,14,30
1,105,85,97,30
1,106,85,108,30
1,107,85,110,30
1,108,85,105,30
1,109,85,109,30
1,110,85,95,30
1,111,85,118,30
1,112,85,106,30
1,113,85,17,30
1,114,85,111,30
1,115,85,115,30
1,116,85,113,30
1,117,85,90,30
1,118,85,100,30
1,119,85,116,30
1,120,85,102,30
1,121,85,101,30
1,122,85,94,30
1,123,85,114,30
1,124,85,8,30
1,125,85,117,30
1,126,85,98,30
1,127,85,103,30
1,128,85,44,30
1,129,85,112,30
1,130,85,93,30
1,131,85,107,30
1,132,85,99,30
1,133,85,89,30
1,134,85,91,30
1,135,85,96,30
1,136,85,92,30
1,137,85,104,30
1,138,85,48,30
1,139,85,61,30
1,140,85,23,30
1,141,85,36,30
1,142,85,50,30
1,143,85,47,30
1,144,85,43,30
1,145,85,57,30
1,146,85,33,30
1,147,85,38,30
1,148,85,45,30
1,149,85,54,30
1,150,85,46,30
1,151,85,52,30
1,152,85,37,30
1,153,85,51,30
1,154,85,41,30
1,155,85,59,30
1,156,85,39,30
1,157,85,34,30
1,158,85,53,30
1,159,85,42,30
1,160,85,40,30
1,161,85,55,30
1,162,85,35,30
1,163,85,49,30
1,164,85,60,30
1,165,85,58,30
1,166,85,56,30
1,1,86,81,66
1,2,86,87,66
1,3,86,63,66
1,4,86,68,66
1,5,86,84,66
1,6,86,85,66
1,7,86,88,66
1,8,86,70,66
1,9,86,83,66
1,10,86,75,66
1,11,86,79,66
1,12,86,66,66
1,13,86,74,66
7,14,86,65,66
7,15,86,67,66
7,16,86,76,66
7,17,86,71,66
7,18,86,82,66
7,19,86,78,66
7,20,86,69,66
7,21,86,62,66
8,22,86,147,66
8,23,86,86,66
8,24,86,72,66
8,25,86,73,66
9,26,86,142,66
9,27,86,161,66
9,28,86,145,66
9,29,86,141,66
9,30,86,64,66
9,31,86,158,66
9,32,86,166,66
9,33,86,154,66
9,34,86,165,66
9,35,86,80,66
9,36,86,77,66
9,37,86,159,66
9,38,86,157,66
9,39,86,164,66
9,40,86,156,66
9,41,86,137,66
9,42,86,144,66
9,43,86,140,66
9,44,86,138,66
9,45,86,150,66
9,46,86,146,66
9,47,86,139,66
9,48,86,162,66
9,49,86,155,66
9,50,86,151,66
9,51,86,152,66
9,52,86,149,66
9,53,86,120,66
9,54,86,121,66
9,55,86,135,66
9,56,86,163,66
9,57,86,122,66
9,58,86,127,66
9,59,86,131,66
9,60,86,129,66
9,61,86,136,66
9,62,86,123,66
9,63,86,132,66
9,64,86,126,66
9,65,86,134,66
9,66,86,119,66
9,67,86,124,66
9,68,86,148,66
9,69,86,125,66
9,70,86,22,66
9,71,86,128,66
9,72,86,153,66
9,73,86,130,66
9,74,86,143,66
9,75,86,21,66
9,76,86,160,66
9,77,86,28,66
9,78,86,32,66
9,79,86,4,66
9,80,86,7,66
9,81,86,24,66
9,82,86,1,66
1,83,86,16,66
1,84,86,13,66
1,85,86,15,66
1,86,86,20,66
1,87,86,2,66
1,88,86,19,66
1,89,86,10,66
1,90,86,11,66
1,91,86,5,66
1,92,86,9,66
1,93,86,29,66
1,94,86,30,66
1,95,86,26,66
1,96,86,31,66
1,97,86,3,66
1,98,86,12,66
1,99,86,18,66
1,100,86,25,66
1,101,86,133,66
1,102,86,27,66
1,103,86,6,66
1,104,86,14,66
1,105,86,97,66
1,106,86,108,66
1,107,86,110,66
1,108,86,105,66
1,109,86,109,66
1,110,86,95,66
1,111,86,118,66
1,112,86,106,66
1,113,86,17,66
1,114,86,111,66
1,115,86,115,66
1,116,86,113,66
1,117,86,90,66
1,118,86,100,66
1,119,86,116,66
1,120,86,102,66
1,121,86,101,66
1,122,86,94,66
1,123,86,114,66
1,124,86,8,66
1,125,86,117,66
1,126,86,98,66
1,127,86,103,66
1,128,86,44,66
1,129,86,112,66
1,130,86,93,66
1,131,86,107,66
1,132,86,99,66
1,133,86,89,66
1,134,86,91,66
1,135,86,96,66
1,136,86,92,66
1,137,86,104,66
1,138,86,48,66
1,139,86,61,66
1,140,86,23,66
1,141,86,36,66
1,142,86,50,66
1,143,86,47,66
1,144,86,43,66
1,145,86,57,66
1,146,86,33,66
1,147,86,38,66
1,148,86,45,66
1,149,86,54,66
1,150,86,46,66
1,151,86,52,66
1,152,86,37,66
1,153,86,51,66
1,154,86,41,66
1,155,86,59,66
1,156,86,39,66
1,157,86,34,66
1,158,86,53,66
1,159,86,42,66
1,160,86,40,66
1,161,86,55,66
1,162,86,35,66
1,163,86,49,66
1,164,86,60,66
1,165,86,58,66
1,166,86,56,66
1,1,87,81,120
1,2,87,87,120
1,3,87,63,120
1,4,87,68,120
1,5,87,84,120
1,6,87,85,120
1,7,87,88,120
1,8,87,70,120
1,9,87,83,120
1,10,87,75,120
1,11,87,79,120
1,12,87,66,120
1,13,87,74,120
7,14,87,65,120
7,15,87,67,120
7,16,87,76,120
7,17,87,71,120
7,18,87,82,120
7,19,87,78,120
7,20,87,69,120
7,21,87,62,120
8,22,87,147,120
8,23,87,86,120
8,24,87,72,120
8,25,87,73,120
9,26,87,142,120
9,27,87,161,120
9,28,87,145,120
9,29,87,141,120
9,30,87,64,120
9,31,87,158,120
9,32,87,166,120
9,33,87,154,120
9,34,87,165,120
9,35,87,80,120
9,36,87,77,120
9,37,87,159,120
9,38,87,157,120
9,39,87,164,120
9,40,87,156,120
9,41,87,137,120
9,42,87,144,120
9,43,87,140,120
9,44,87,138,120
9,45,87,150,120
9,46,87,146,120
9,47,87,139,120
9,48,87,162,120
9,49,87,155,120
9,50,87,151,120
9,51,87,152,120
9,52,87,149,120
9,53,87,120,120
9,54,87,121,120
9,55,87,135,120
9,56,87,163,120
9,57,87,122,120
9,58,87,127,120
9,59,87,131,120
9,60,87,129,120
9,61,87,136,120
9,62,87,123,120
9,63,87,132,120
9,64,87,126,120
9,65,87,134,120
9,66,87,119,120
9,67,87,124,120
9,68,87,148,120
9,69,87,125,120
9,70,87,22,120
9,71,87,128,120
9,72,87,153,120
9,73,87,130,120
9,74,87,143,120
9,75,87,21,120
9,76,87,160,120
9,77,87,28,120
9,78,87,32,120
9,79,87,4,120
9,80,87,7,120
9,81,87,24,120
9,82,87,1,120
1,83,87,16,120
1,84,87,13,120
1,85,87,15,120
1,86,87,20,120
1,87,87,2,120
1,88,87,19,120
1,89,87,10,120
1,90,87,11,120
1,91,87,5,120
1,92,87,9,120
1,93,87,29,120
1,94,87,30,120
1,95,87,26,120
1,96,87,31,120
1,97,87,3,120
1,98,87,12,120
1,99,87,18,120
1,100,87,25,120
1,101,87,133,120
1,102,87,27,120
1,103,87,6,120
1,104,87,14,120
1,105,87,97,120
1,106,87,108,120
1,107,87,110,120
1,108,87,105,120
1,109,87,109,120
1,110,87,95,120
1,111,87,118,120
1,112,87,106,120
1,113,87,17,120
1,114,87,111,120
1,115,87,115,120
1,116,87,113,120
1,117,87,90,120
1,118,87,100,120
1,119,87,116,120
1,120,87,102,120
1,121,87,101,120
1,122,87,94,120
1,123,87,114,120
1,124,87,8,120
1,125,87,117,120
1,126,87,98,120
1,127,87,103,120
1,128,87,44,120
1,129,87,112,120
1,130,87,93,120
1,131,87,107,120
1,132,87,99,120
1,133,87,89,120
1,134,87,91,120
1,135,87,96,120
1,136,87,92,120
1,137,87,104,120
1,138,87,48,120
1,139,87,61,120
1,140,87,23,120
1,141,87,36,120
1,142,87,50,120
1,143,87,47,120
1,144,87,43,120
1,145,87,57,120
1,146,87,33,120
1,147,87,38,120
1,148,87,45,120
1,149,87,54,120
1,150,87,46,120
1,151,87,52,120
1,152,87,37,120
1,153,87,51,120
1,154,87,41,120
1,155,87,59,120
1,156,87,39,120
1,157,87,34,120
1,158,87,53,120
1,159,87,42,120
1,160,87,40,120
1,161,87,55,120
1,162,87,35,120
1,163,87,49,120
1,164,87,60,120
1,165,87,58,120
1,166,87,56,120
1,1,88,81,79
1,2,88,87,79
1,3,88,63,79
1,4,88,68,79
1,5,88,84,79
1,6,88,85,79
1,7,88,88,79
1,8,88,70,79
1,9,88,83,79
1,10,88,75,79
1,11,88,79,79
1,12,88,66,79
1,13,88,74,79
7,14,88,65,79
7,15,88,67,79
7,16,88,76,79
7,17,88,71,79
7,18,88,82,79
7,19,88,78,79
7,20,88,69,79
7,21,88,62,79
8,22,88,147,79
8,23,88,86,79
8,24,88,72,79
8,25,88,73,79
9,26,88,142,79
9,27,88,161,79
9,28,88,145,79
9,29,88,141,79
9,30,88,64,79
9,31,88,158,79
9,32,88,166,79
9,33,88,154,79
9,34,88,165,79
9,35,88,80,79
9,36,88,77,79
9,37,88,159,79
9,38,88,157,79
9,39,88,164,79
9,40,88,156,79
9,41,88,137,79
9,42,88,144,79
9,43,88,140,79
9,44,88,138,79
9,45,88,150,79
9,46,88,146,79
9,47,88,139,79
9,48,88,162,79
9,49,88,155,79
9,50,88,151,79
9,51,88,152,79
9,52,88,149,79
9,53,88,120,79
9,54,88,121,79
9,55,88,135,79
9,56,88,163,79
9,57,88,122,79
9,58,88,127,79
9,59,88,131,79
9,60,88,129,79
9,61,88,136,79
9,62,88,123,79
9,63,88,132,79
9,64,88,126,79
9,65,88,134,79
9,66,88,119,79
9,67,88,124,79
9,68,88,148,79
9,69,88,125,79
9,70,88,22,79
9,71,88,128,79
9,72,88,153,79
9,73,88,130,79
9,74,88,143,79
9,75,88,21,79
9,76,88,160,79
9,77,88,28,79
9,78,88,32,79
9,79,88,4,79
9,80,88,7,79
9,81,88,24,79
9,82,88,1,79
1,83,88,16,79
1,84,88,13,79
1,85,88,15,79
1,86,88,20,79
1,87,88,2,79
1,88,88,19,79
1,89,88,10,79
1,90,88,11,79
1,91,88,5,79
1,92,88,9,79
1,93,88,29,79
1,94,88,30,79
1,95,88,26,79
1,96,88,31,79
1,97,88,3,79
1,98,88,12,79
1,99,88,18,79
1,100,88,25,79
1,101,88,133,79
1,102,88,27,79
1,103,88,6,79
1,104,88,14,79
1,105,88,97,79
1,106,88,108,79
1,107,88,110,79
1,108,88,105,79
1,109,88,109,79
1,110,88,95,79
1,111,88,118,79
1,112,88,106,79
1,113,88,17,79
1,114,88,111,79
1,115,88,115,79
1,116,88,113,79
1,117,88,90,79
1,118,88,100,79
1,119,88,116,79
1,120,88,102,79
1,121,88,101,79
1,122,88,94,79
1,123,88,114,79
1,124,88,8,79
1,125,88,117,79
1,126,88,98,79
1,127,88,103,79
1,128,88,44,79
1,129,88,112,79
1,130,88,93,79
1,131,88,107,79
1,132,88,99,79
1,133,88,89,79
1,134,88,91,79
1,135,88,96,79
1,136,88,92,79
1,137,88,104,79
1,138,88,48,79
1,139,88,61,79
1,140,88,23,79
1,141,88,36,79
1,142,88,50,79
1,143,88,47,79
1,144,88,43,79
1,145,88,57,79
1,146,88,33,79
1,147,88,38,79
1,148,88,45,79
1,149,88,54,79
1,150,88,46,79
1,151,88,52,79
1,152,88,37,79
1,153,88,51,79
1,154,88,41,79
1,155,88,59,79
1,156,88,39,79
1,157,88,34,79
1,158,88,53,79
1,159,88,42,79
1,160,88,40,79
1,161,88,55,79
1,162,88,35,79
1,163,88,49,79
1,164,88,60,79
1,165,88,58,79
1,166,88,56,79
1,1,89,81,88
1,2,89,87,88
1,3,89,63,88
1,4,89,68,88
1,5,89,84,88
1,6,89,85,88
1,7,89,88,88
1,8,89,70,88
1,9,89,83,88
1,10,89,75,88
1,11,89,79,88
1,12,89,66,88
1,13,89,74,88
7,14,89,65,88
7,15,89,67,88
7,16,89,76,88
7,17,89,71,88
7,18,89,82,88
7,19,89,78,88
7,20,89,69,88
7,21,89,62,88
8,22,89,147,88
8,23,89,86,88
8,24,89,72,88
8,25,89,73,88
9,26,89,142,88
9,27,89,161,88
9,28,89,145,88
9,29,89,141,88
9,30,89,64,88
9,31,89,158,88
9,32,89,166,88
9,33,89,154,88
9,34,89,165,88
9,35,89,80,88
9,36,89,77,88
9,37,89,159,88
9,38,89,157,88
9,39,89,164,88
9,40,89,156,88
9,41,89,137,88
9,42,89,144,88
9,43,89,140,88
9,44,89,138,88
9,45,89,150,88
9,46,89,146,88
9,47,89,139,88
9,48,89,162,88
9,49,89,155,88
9,50,89,151,88
9,51,89,152,88
9,52,89,149,88
9,53,89,120,88
9,54,89,121,88
9,55,89,135,88
9,56,89,163,88
9,57,89,122,88
9,58,89,127,88
9,59,89,131,88
9,60,89,129,88
9,61,89,136,88
9,62,89,123,88
9,63,89,132,88
9,64,89,126,88
9,65,89,134,88
9,66,89,119,88
9,67,89,124,88
9,68,89,148,88
9,69,89,125,88
9,70,89,22,88
9,71,89,128,88
9,72,89,153,88
9,73,89,130,88
9,74,89,143,88
9,75,89,21,88
9,76,89,160,88
9,77,89,28,88
9,78,89,32,88
9,79,89,4,88
9,80,89,7,88
9,81,89,24,88
9,82,89,1,88
1,83,89,16,88
1,84,89,13,88
1,85,89,15,88
1,86,89,20,88
1,87,89,2,88
1,88,89,19,88
1,89,89,10,88
1,90,89,11,88
1,91,89,5,88
1,92,89,9,88
1,93,89,29,88
1,94,89,30,88
1,95,89,26,88
1,96,89,31,88
1,97,89,3,88
1,98,89,12,88
1,99,89,18,88
1,100,89,25,88
1,101,89,133,88
1,102,89,27,88
1,103,89,6,88
1,104,89,14,88
1,105,89,97,88
1,106,89,108,88
1,107,89,110,88
1,108,89,105,88
1,109,89,109,88
1,110,89,95,88
1,111,89,118,88
1,112,89,106,88
1,113,89,17,88
1,114,89,111,88
1,115,89,115,88
1,116,89,113,88
1,117,89,90,88
1,118,89,100,88
1,119,89,116,88
1,120,89,102,88
1,121,89,101,88
1,122,89,94,88
1,123,89,114,88
1,124,89,8,88
1,125,89,117,88
1,126,89,98,88
1,127,89,103,88
1,128,89,44,88
1,129,89,112,88
1,130,89,93,88
1,131,89,107,88
1,132,89,99,88
1,133,89,89,88
1,134,89,91,88
1,135,89,96,88
1,136,89,92,88
1,137,89,104,88
1,138,89,48,88
1,139,89,61,88
1,140,89,23,88
1,141,89,36,88
1,142,89,50,88
1,143,89,47,88
1,144,89,43,88
1,145,89,57,88
1,146,89,33,88
1,147,89,38,88
1,148,89,45,88
1,149,89,54,88
1,150,89,46,88
1,151,89,52,88
1,152,89,37,88
1,153,89,51,88
1,154,89,41,88
1,155,89,59,88
1,156,89,39,88
1,157,89,34,88
1,158,89,53,88
1,159,89,42,88
1,160,89,40,88
1,161,89,55,88
1,162,89,35,88
1,163,89,49,88
1,164,89,60,88
1,165,89,58,88
1,166,89,56,88
1,1,90,81,54
1,2,90,87,54
1,3,90,63,54
1,4,90,68,54
1,5,90,84,54
1,6,90,85,54
1,7,90,88,54
1,8,90,70,54
1,9,90,83,54
1,10,90,75,54
1,11,90,79,54
1,12,90,66,54
1,13,90,74,54
7,14,90,65,54
7,15,90,67,54
7,16,90,76,54
7,17,90,71,54
7,18,90,82,54
7,19,90,78,54
7,20,90,69,54
7,21,90,62,54
8,22,90,147,54
8,23,90,86,54
8,24,90,72,54
8,25,90,73,54
9,26,90,142,54
9,27,90,161,54
9,28,90,145,54
9,29,90,141,54
9,30,90,64,54
9,31,90,158,54
9,32,90,166,54
9,33,90,154,54
9,34,90,165,54
9,35,90,80,54
9,36,90,77,54
9,37,90,159,54
9,38,90,157,54
9,39,90,164,54
9,40,90,156,54
9,41,90,137,54
9,42,90,144,54
9,43,90,140,54
9,44,90,138,54
9,45,90,150,54
9,46,90,146,54
9,47,90,139,54
9,48,90,162,54
9,49,90,155,54
9,50,90,151,54
9,51,90,152,54
9,52,90,149,54
9,53,90,120,54
9,54,90,121,54
9,55,90,135,54
9,56,90,163,54
9,57,90,122,54
9,58,90,127,54
9,59,90,131,54
9,60,90,129,54
9,61,90,136,54
9,62,90,123,54
9,63,90,132,54
9,64,90,126,54
9,65,90,134,54
9,66,90,119,54
9,67,90,124,54
9,68,90,148,54
9,69,90,125,54
9,70,90,22,54
9,71,90,128,54
9,72,90,153,54
9,73,90,130,54
9,74,90,143,54
9,75,90,21,54
9,76,90,160,54
9,77,90,28,54
9,78,90,32,54
9,79,90,4,54
9,80,90,7,54
9,81,90,24,54
9,82,90,1,54
1,83,90,16,54
1,84,90,13,54
1,85,90,15,54
1,86,90,20,54
1,87,90,2,54
1,88,90,19,54
1,89,90,10,54
1,90,90,11,54
1,91,90,5,54
1,92,90,9,54
1,93,90,29,54
1,94,90,30,54
1,95,90,26,54
1,96,90,31,54
1,97,90,3,54
1,98,90,12,54
1,99,90,18,54
1,100,90,25,54
1,101,90,133,54
1,102,90,27,54
1,103,90,6,54
1,104,90,14,54
1,105,90,97,54
1,106,90,108,54
1,107,90,110,54
1,108,90,105,54
1,109,90,109,54
1,110,90,95,54
1,111,90,118,54
1,112,90,106,54
1,113,90,17,54
1,114,90,111,54
1,115,90,115,54
1,116,90,113,54
1,117,90,90,54
1,118,90,100,54
1,119,90,116,54
1,120,90,102,54
1,121,90,101,54
1,122,90,94,54
1,123,90,114,54
1,124,90,8,54
1,125,90,117,54
1,126,90,98,54
1,127,90,103,54
1,128,90,44,54
1,129,90,112,54
1,130,90,93,54
1,131,90,107,54
1,132,90,99,54
1,133,90,89,54
1,134,90,91,54
1,135,90,96,54
1,136,90,92,54
1,137,90,104,54
1,138,90,48,54
1,139,90,61,54
1,140,90,23,54
1,141,90,36,54
1,142,90,50,54
1,143,90,47,54
1,144,90,43,54
1,145,90,57,54
1,146,90,33,54
1,147,90,38,54
1,148,90,45,54
1,149,90,54,54
1,150,90,46,54
1,151,90,52,54
1,152,90,37,54
1,153,90,51,54
1,154,90,41,54
1,155,90,59,54
1,156,90,39,54
1,157,90,34,54
1,158,90,53,54
1,159,90,42,54
1,160,90,40,54
1,161,90,55,54
1,162,90,35,54
1,163,90,49,54
1,164,90,60,54
1,165,90,58,54
1,166,90,56,54
1,1,91,81,134
1,2,91,87,134
1,3,91,63,134
1,4,91,68,134
1,5,91,84,134
1,6,91,85,134
1,7,91,88,134
1,8,91,70,134
1,9,91,83,134
1,10,91,75,134
1,11,91,79,134
1,12,91,66,134
1,13,91,74,134
7,14,91,65,134
7,15,91,67,134
7,16,91,76,134
7,17,91,71,134
7,18,91,82,134
7,19,91,78,134
7,20,91,69,134
7,21,91,62,134
8,22,91,147,134
8,23,91,86,134
8,24,91,72,134
8,25,91,73,134
9,26,91,142,134
9,27,91,161,134
9,28,91,145,134
9,29,91,141,134
9,30,91,64,134
9,31,91,158,134
9,32,91,166,134
9,33,91,154,134
9,34,91,165,134
9,35,91,80,134
9,36,91,77,134
9,37,91,159,134
9,38,91,157,134
9,39,91,164,134
9,40,91,156,134
9,41,91,137,134
9,42,91,144,134
9,43,91,140,134
9,44,91,138,134
9,45,91,150,134
9,46,91,146,134
9,47,91,139,134
9,48,91,162,134
9,49,91,155,134
9,50,91,151,134
9,51,91,152,134
9,52,91,149,134
9,53,91,120,134
9,54,91,121,134
9,55,91,135,134
9,56,91,163,134
9,57,91,122,134
9,58,91,127,134
9,59,91,131,134
9,60,91,129,134
9,61,91,136,134
9,62,91,123,134
9,63,91,132,134
9,64,91,126,134
9,65,91,134,134
9,66,91,119,134
9,67,91,124,134
9,68,91,148,134
9,69,91,125,134
9,70,91,22,134
9,71,91,128,134
9,72,91,153,134
9,73,91,130,134
9,74,91,143,134
9,75,91,21,134
9,76,91,160,134
9,77,91,28,134
9,78,91,32,134
9,79,91,4,134
9,80,91,7,134
9,81,91,24,134
9,82,91,1,134
1,83,91,16,134
1,84,91,13,134
1,85,91,15,134
1,86,91,20,134
1,87,91,2,134
1,88,91,19,134
1,89,91,10,134
1,90,91,11,134
1,91,91,5,134
1,92,91,9,134
1,93,91,29,134
1,94,91,30,134
1,95,91,26,134
1,96,91,31,134
1,97,91,3,134
1,98,91,12,134
1,99,91,18,134
1,100,91,25,134
1,101,91,133,134
1,102,91,27,134
1,103,91,6,134
1,104,91,14,134
1,105,91,97,134
1,106,91,108,134
1,107,91,110,134
1,108,91,105,134
1,109,91,109,134
1,110,91,95,134
1,111,91,118,134
1,112,91,106,134
1,113,91,17,134
1,114,91,111,134
1,115,91,115,134
1,116,91,113,134
1,117,91,90,134
1,118,91,100,134
1,119,91,116,134
1,120,91,102,134
1,121,91,101,134
1,122,91,94,134
1,123,91,114,134
1,124,91,8,134
1,125,91,117,134
1,126,91,98,134
1,127,91,103,134
1,128,91,44,134
1,129,91,112,134
1,130,91,93,134
1,131,91,107,134
1,132,91,99,134
1,133,91,89,134
1,134,91,91,134
1,135,91,96,134
1,136,91,92,134
1,137,91,104,134
1,138,91,48,134
1,139,91,61,134
1,140,91,23,134
1,141,91,36,134
1,142,91,50,134
1,143,91,47,134
1,144,91,43,134
1,145,91,57,134
1,146,91,33,134
1,147,91,38,134
1,148,91,45,134
1,149,91,54,134
1,150,91,46,134
1,151,91,52,134
1,152,91,37,134
1,153,91,51,134
1,154,91,41,134
1,155,91,59,134
1,156,91,39,134
1,157,91,34,134
1,158,91,53,134
1,159,91,42,134
1,160,91,40,134
1,161,91,55,134
1,162,91,35,134
1,163,91,49,134
1,164,91,60,134
1,165,91,58,134
1,166,91,56,134
1,1,92,81,108
1,2,92,87,108
1,3,92,63,108
1,4,92,68,108
1,5,92,84,108
1,6,92,85,108
1,7,92,88,108
1,8,92,70,108
1,9,92,83,108
1,10,92,75,108
1,11,92,79,108
1,12,92,66,108
1,13,92,74,108
7,14,92,65,108
7,15,92,67,108
7,16,92,76,108
7,17,92,71,108
7,18,92,82,108
7,19,92,78,108
7,20,92,69,108
7,21,92,62,108
8,22,92,147,108
8,23,92,86,108
8,24,92,72,108
8,25,92,73,108
9,26,92,142,108
9,27,92,161,108
9,28,92,145,108
9,29,92,141,108
9,30,92,64,108
9,31,92,158,108
9,32,92,166,108
9,33,92,154,108
9,34,92,165,108
9,35,92,80,108
9,36,92,77,108
9,37,92,159,108
9,38,92,157,108
9,39,92,164,108
9,40,92,156,108
9,41,92,137,108
9,42,92,144,108
9,43,92,140,108
9,44,92,138,108
9,45,92,150,108
9,46,92,146,108
9,47,92,139,108
9,48,92,162,108
9,49,92,155,108
9,50,92,151,108
9,51,92,152,108
9,52,92,149,108
9,53,92,120,108
9,54,92,121,108
9,55,92,135,108
9,56,92,163,108
9,57,92,122,108
9,58,92,127,108
9,59,92,131,108
9,60,92,129,108
9,61,92,136,108
9,62,92,123,108
9,63,92,132,108
9,64,92,126,108
9,65,92,134,108
9,66,92,119,108
9,67,92,124,108
9,68,92,148,108
9,69,92,125,108
9,70,92,22,108
9,71,92,128,108
9,72,92,153,108
9,73,92,130,108
9,74,92,143,108
9,75,92,21,108
9,76,92,160,108
9,77,92,28,108
9,78,92,32,108
9,79,92,4,108
9,80,92,7,108
9,81,92,24,108
9,82,92,1,108
1,83,92,16,108
1,84,92,13,108
1,85,92,15,108
1,86,92,20,108
1,87,92,2,108
1,88,92,19,108
1,89,92,10,108
1,90,92,11,108
1,91,92,5,108
1,92,92,9,108
1,93,92,29,108
1,94,92,30,108
1,95,92,26,108
1,96,92,31,108
1,97,92,3,108
1,98,92,12,108
1,99,92,18,108
1,100,92,25,108
1,101,92,133,108
1,102,92,27,108
1,103,92,6,108
1,104,92,14,108
1,105,92,97,108
1,106,92,108,108
1,107,92,110,108
1,108,92,105,108
1,109,92,109,108
1,110,92,95,108
1,111,92,118,108
1,112,92,106,108
1,113,92,17,108
1,114,92,111,108
1,115,92,115,108
1,116,92,113,108
1,117,92,90,108
1,118,92,100,108
1,119,92,116,108
1,120,92,102,108
1,121,92,101,108
1,122,92,94,108
1,123,92,114,108
1,124,92,8,108
1,125,92,117,108
1,126,92,98,108
1,127,92,103,108
1,128,92,44,108
1,129,92,112,108
1,130,92,93,108
1,131,92,107,108
1,132,92,99,108
1,133,92,89,108
1,134,92,91,108
1,135,92,96,108
1,136,92,92,108
1,137,92,104,108
1,138,92,48,108
1,139,92,61,108
1,140,92,23,108
1,141,92,36,108
1,142,92,50,108
1,143,92,47,108
1,144,92,43,108
1,145,92,57,108
1,146,92,33,108
1,147,92,38,108
1,148,92,45,108
1,149,92,54,108
1,150,92,46,108
1,151,92,52,108
1,152,92,37,108
1,153,92,51,108
1,154,92,41,108
1,155,92,59,108
1,156,92,39,108
1,157,92,34,108
1,158,92,53,108
1,159,92,42,108
1,160,92,40,108
1,161,92,55,108
1,162,92,35,108
1,163,92,49,108
1,164,92,60,108
1,165,92,58,108
1,166,92,56,108
1,1,93,81,5
1,2,93,87,5
1,3,93,63,5
1,4,93,68,5
1,5,93,84,5
1,6,93,85,5
1,7,93,88,5
1,8,93,70,5
1,9,93,83,5
1,10,93,75,5
1,11,93,79,5
1,12,93,66,5
1,13,93,74,5
1,14,93,65,5
1,15,93,67,5
1,16,93,76,5
1,17,93,71,5
1,18,93,82,5
1,19,93,78,5
1,20,93,69,5
1,21,93,62,5
1,22,93,147,5
1,23,93,86,5
1,24,93,72,5
1,25,93,73,5
1,26,93,142,5
1,27,93,161,5
1,28,93,145,5
1,29,93,141,5
1,30,93,64,5
1,31,93,158,5
1,32,93,166,5
1,33,93,154,5
1,34,93,165,5
1,35,93,80,5
1,36,93,77,5
1,37,93,159,5
1,38,93,157,5
1,39,93,164,5
1,40,93,156,5
1,41,93,137,5
1,42,93,144,5
1,43,93,140,5
1,44,93,138,5
1,45,93,150,5
1,46,93,146,5
1,47,93,139,5
1,48,93,162,5
1,49,93,155,5
1,50,93,151,5
1,51,93,152,5
1,52,93,149,5
1,53,93,120,5
1,54,93,121,5
1,55,93,135,5
1,56,93,163,5
1,57,93,122,5
1,58,93,127,5
1,59,93,131,5
1,60,93,129,5
1,61,93,136,5
1,62,93,123,5
1,63,93,132,5
1,64,93,126,5
1,65,93,134,5
1,66,93,119,5
1,67,93,124,5
1,68,93,148,5
1,69,93,125,5
1,70,93,22,5
1,71,93,128,5
1,72,93,153,5
1,73,93,130,5
1,74,93,143,5
1,75,93,21,5
1,76,93,160,5
1,77,93,28,5
1,78,93,32,5
1,79,93,4,5
1,80,93,7,5
1,81,93,24,5
1,82,93,1,5
1,83,93,16,5
1,84,93,13,5
1,85,93,15,5
1,86,93,20,5
1,87,93,2,5
1,88,93,19,5
1,89,93,10,5
1,90,93,11,5
1,91,93,5,5
1,92,93,9,5
1,93,93,29,5
1,94,93,30,5
1,95,93,26,5
1,96,93,31,5
1,97,93,3,5
1,98,93,12,5
1,99,93,18,5
1,100,93,25,5
1,101,93,133,5
1,102,93,27,5
1,103,93,6,5
1,104,93,14,5
1,105,93,97,5
1,106,93,108,5
1,107,93,110,5
1,108,93,105,5
1,109,93,109,5
1,110,93,95,5
1,111,93,118,5
1,112,93,106,5
1,113,93,17,5
1,114,93,111,5
1,115,93,115,5
1,116,93,113,5
1,117,93,90,5
1,118,93,100,5
1,119,93,116,5
1,120,93,102,5
1,121,93,101,5
1,122,93,94,5
1,123,93,114,5
1,124,93,8,5
1,125,93,117,5
1,126,93,98,5
1,127,93,103,5
1,128,93,44,5
1,129,93,112,5
1,130,93,93,5
1,131,93,107,5
1,132,93,99,5
1,133,93,89,5
1,134,93,91,5
1,135,93,96,5
1,136,93,92,5
1,137,93,104,5
1,138,93,48,5
1,139,93,61,5
1,140,93,23,5
1,141,93,36,5
1,142,93,50,5
1,143,93,47,5
1,144,93,43,5
1,145,93,57,5
1,146,93,33,5
1,147,93,38,5
1,148,93,45,5
1,149,93,54,5
1,150,93,46,5
1,151,93,52,5
1,152,93,37,5
1,153,93,51,5
1,154,93,41,5
1,155,93,59,5
1,156,93,39,5
1,157,93,34,5
1,158,93,53,5
1,159,93,42,5
1,160,93,40,5
1,161,93,55,5
1,162,93,35,5
1,163,93,49,5
1,164,93,60,5
1,165,93,58,5
1,166,93,56,5
1,1,94,81,111
1,2,94,87,111
1,3,94,63,111
1,4,94,68,111
1,5,94,84,111
1,6,94,85,111
1,7,94,88,111
1,8,94,70,111
1,9,94,83,111
1,10,94,75,111
1,11,94,79,111
1,12,94,66,111
1,13,94,74,111
1,14,94,65,111
1,15,94,67,111
1,16,94,76,111
1,17,94,71,111
1,18,94,82,111
1,19,94,78,111
1,20,94,69,111
1,21,94,62,111
1,22,94,147,111
1,23,94,86,111
1,24,94,72,111
1,25,94,73,111
1,26,94,142,111
1,27,94,161,111
1,28,94,145,111
1,29,94,141,111
1,30,94,64,111
1,31,94,158,111
1,32,94,166,111
1,33,94,154,111
1,34,94,165,111
1,35,94,80,111
1,36,94,77,111
1,37,94,159,111
1,38,94,157,111
1,39,94,164,111
1,40,94,156,111
1,41,94,137,111
1,42,94,144,111
1,43,94,140,111
1,44,94,138,111
1,45,94,150,111
1,46,94,146,111
1,47,94,139,111
1,48,94,162,111
1,49,94,155,111
1,50,94,151,111
1,51,94,152,111
1,52,94,149,111
1,53,94,120,111
1,54,94,121,111
1,55,94,135,111
1,56,94,163,111
1,57,94,122,111
1,58,94,127,111
1,59,94,131,111
1,60,94,129,111
1,61,94,136,111
1,62,94,123,111
1,63,94,132,111
1,64,94,126,111
1,65,94,134,111
1,66,94,119,111
1,67,94,124,111
1,68,94,148,111
1,69,94,125,111
1,70,94,22,111
1,71,94,128,111
1,72,94,153,111
1,73,94,130,111
1,74,94,143,111
1,75,94,21,111
1,76,94,160,111
1,77,94,28,111
1,78,94,32,111
1,79,94,4,111
1,80,94,7,111
1,81,94,24,111
1,82,94,1,111
1,83,94,16,111
1,84,94,13,111
1,85,94,15,111
1,86,94,20,111
1,87,94,2,111
1,88,94,19,111
1,89,94,10,111
1,90,94,11,111
1,91,94,5,111
1,92,94,9,111
1,93,94,29,111
1,94,94,30,111
1,95,94,26,111
1,96,94,31,111
1,97,94,3,111
1,98,94,12,111
1,99,94,18,111
1,100,94,25,111
1,101,94,133,111
1,102,94,27,111
1,103,94,6,111
1,104,94,14,111
1,105,94,97,111
1,106,94,108,111
1,107,94,110,111
1,108,94,105,111
1,109,94,109,111
1,110,94,95,111
1,111,94,118,111
1,112,94,106,111
1,113,94,17,111
1,114,94,111,111
1,115,94,115,111
1,116,94,113,111
1,117,94,90,111
1,118,94,100,111
1,119,94,116,111
1,120,94,102,111
1,121,94,101,111
1,122,94,94,111
1,123,94,114,111
1,124,94,8,111
1,125,94,117,111
1,126,94,98,111
1,127,94,103,111
1,128,94,44,111
1,129,94,112,111
1,130,94,93,111
1,131,94,107,111
1,132,94,99,111
1,133,94,89,111
1,134,94,91,111
1,135,94,96,111
1,136,94,92,111
1,137,94,104,111
1,138,94,48,111
1,139,94,61,111
1,140,94,23,111
1,141,94,36,111
1,142,94,50,111
1,143,94,47,111
1,144,94,43,111
1,145,94,57,111
1,146,94,33,111
1,147,94,38,111
1,148,94,45,111
1,149,94,54,111
1,150,94,46,111
1,151,94,52,111
1,152,94,37,111
1,153,94,51,111
1,154,94,41,111
1,155,94,59,111
1,156,94,39,111
1,157,94,34,111
1,158,94,53,111
1,159,94,42,111
1,160,94,40,111
1,161,94,55,111
1,162,94,35,111
1,163,94,49,111
1,164,94,60,111
1,165,94,58,111
1,166,94,56,111
1,1,95,81,69
1,2,95,87,69
1,3,95,63,69
1,4,95,68,69
1,5,95,84,69
1,6,95,85,69
1,7,95,88,69
1,8,95,70,69
1,9,95,83,69
1,10,95,75,69
1,11,95,79,69
1,12,95,66,69
1,13,95,74,69
1,14,95,65,69
1,15,95,67,69
1,16,95,76,69
1,17,95,71,69
1,18,95,82,69
1,19,95,78,69
1,20,95,69,69
1,21,95,62,69
1,22,95,147,69
1,23,95,86,69
1,24,95,72,69
1,25,95,73,69
1,26,95,142,69
1,27,95,161,69
1,28,95,145,69
1,29,95,141,69
1,30,95,64,69
1,31,95,158,69
1,32,95,166,69
1,33,95,154,69
1,34,95,165,69
1,35,95,80,69
1,36,95,77,69
1,37,95,159,69
1,38,95,157,69
1,39,95,164,69
1,40,95,156,69
1,41,95,137,69
1,42,95,144,69
1,43,95,140,69
1,44,95,138,69
1,45,95,150,69
1,46,95,146,69
1,47,95,139,69
1,48,95,162,69
1,49,95,155,69
1,50,95,151,69
1,51,95,152,69
1,52,95,149,69
1,53,95,120,69
1,54,95,121,69
1,55,95,135,69
1,56,95,163,69
1,57,95,122,69
1,58,95,127,69
1,59,95,131,69
1,60,95,129,69
1,61,95,136,69
1,62,95,123,69
1,63,95,132,69
1,64,95,126,69
1,65,95,134,69
1,66,95,119,69
1,67,95,124,69
1,68,95,148,69
1,69,95,125,69
1,70,95,22,69
1,71,95,128,69
1,72,95,153,69
1,73,95,130,69
1,74,95,143,69
1,75,95,21,69
1,76,95,160,69
1,77,95,28,69
1,78,95,32,69
1,79,95,4,69
1,80,95,7,69
1,81,95,24,69
1,82,95,1,69
1,83,95,16,69
1,84,95,13,69
1,85,95,15,69
1,86,95,20,69
1,87,95,2,69
1,88,95,19,69
1,89,95,10,69
1,90,95,11,69
1,91,95,5,69
1,92,95,9,69
1,93,95,29,69
1,94,95,30,69
1,95,95,26,69
1,96,95,31,69
1,97,95,3,69
1,98,95,12,69
1,99,95,18,69
1,100,95,25,69
1,101,95,133,69
1,102,95,27,69
1,103,95,6,69
1,104,95,14,69
1,105,95,97,69
1,106,95,108,69
1,107,95,110,69
1,108,95,105,69
1,109,95,109,69
1,110,95,95,69
1,111,95,118,69
1,112,95,106,69
1,113,95,17,69
1,114,95,111,69
1,115,95,115,69
1,116,95,113,69
1,117,95,90,69
1,118,95,100,69
1,119,95,116,69
1,120,95,102,69
1,121,95,101,69
1,122,95,94,69
1,123,95,114,69
1,124,95,8,69
1,125,95,117,69
1,126,95,98,69
1,127,95,103,69
1,128,95,44,69
1,129,95,112,69
1,130,95,93,69
1,131,95,107,69
1,132,95,99,69
1,133,95,89,69
1,134,95,91,69
1,135,95,96,69
1,136,95,92,69
1,137,95,104,69
1,138,95,48,69
1,139,95,61,69
1,140,95,23,69
1,141,95,36,69
1,142,95,50,69
1,143,95,47,69
1,144,95,43,69
1,145,95,57,69
1,146,95,33,69
1,147,95,38,69
1,148,95,45,69
1,149,95,54,69
1,150,95,46,69
1,151,95,52,69
1,152,95,37,69
1,153,95,51,69
1,154,95,41,69
1,155,95,59,69
1,156,95,39,69
1,157,95,34,69
1,158,95,53,69
1,159,95,42,69
1,160,95,40,69
1,161,95,55,69
1,162,95,35,69
1,163,95,49,69
1,164,95,60,69
1,165,95,58,69
1,166,95,56,69
1,1,96,81,35
1,2,96,87,35
1,3,96,63,35
1,4,96,68,35
1,5,96,84,35
1,6,96,85,35
1,7,96,88,35
1,8,96,70,35
1,9,96,83,35
1,10,96,75,35
1,11,96,79,35
1,12,96,66,35
1,13,96,74,35
1,14,96,65,35
1,15,96,67,35
1,16,96,76,35
1,17,96,71,35
1,18,96,82,35
1,19,96,78,35
1,20,96,69,35
1,21,96,62,35
1,22,96,147,35
1,23,96,86,35
1,24,96,72,35
1,25,96,73,35
1,26,96,142,35
1,27,96,161,35
1,28,96,145,35
1,29,96,141,35
1,30,96,64,35
1,31,96,158,35
1,32,96,166,35
1,33,96,154,35
1,34,96,165,35
1,35,96,80,35
1,36,96,77,35
1,37,96,159,35
1,38,96,157,35
1,39,96,164,35
1,40,96,156,35
1,41,96,137,35
1,42,96,144,35
1,43,96,140,35
1,44,96,138,35
1,45,96,150,35
1,46,96,146,35
1,47,96,139,35
1,48,96,162,35
1,49,96,155,35
1,50,96,151,35
1,51,96,152,35
1,52,96,149,35
1,53,96,120,35
1,54,96,121,35
1,55,96,135,35
1,56,96,163,35
1,57,96,122,35
1,58,96,127,35
1,59,96,131,35
1,60,96,129,35
1,61,96,136,35
1,62,96,123,35
1,63,96,132,35
1,64,96,126,35
1,65,96,134,35
1,66,96,119,35
1,67,96,124,35
1,68,96,148,35
1,69,96,125,35
1,70,96,22,35
1,71,96,128,35
1,72,96,153,35
1,73,96,130,35
1,74,96,143,35
1,75,96,21,35
1,76,96,160,35
1,77,96,28,35
1,78,96,32,35
1,79,96,4,35
1,80,96,7,35
1,81,96,24,35
1,82,96,1,35
1,83,96,16,35
1,84,96,13,35
1,85,96,15,35
1,86,96,20,35
1,87,96,2,35
1,88,96,19,35
1,89,96,10,35
1,90,96,11,35
1,91,96,5,35
1,92,96,9,35
1,93,96,29,35
1,94,96,30,35
1,95,96,26,35
1,96,96,31,35
1,97,96,3,35
1,98,96,12,35
1,99,96,18,35
1,100,96,25,35
1,101,96,133,35
1,102,96,27,35
1,103,96,6,35
1,104,96,14,35
1,105,96,97,35
1,106,96,108,35
1,107,96,110,35
1,108,96,105,35
1,109,96,109,35
1,110,96,95,35
1,111,96,118,35
1,112,96,106,35
1,113,96,17,35
1,114,96,111,35
1,115,96,115,35
1,116,96,113,35
1,117,96,90,35
1,118,96,100,35
1,119,96,116,35
1,120,96,102,35
1,121,96,101,35
1,122,96,94,35
1,123,96,114,35
1,124,96,8,35
1,125,96,117,35
1,126,96,98,35
1,127,96,103,35
1,128,96,44,35
1,129,96,112,35
1,130,96,93,35
1,131,96,107,35
1,132,96,99,35
1,133,96,89,35
1,134,96,91,35
1,135,96,96,35
1,136,96,92,35
1,137,96,104,35
1,138,96,48,35
1,139,96,61,35
1,140,96,23,35
1,141,96,36,35
1,142,96,50,35
1,143,96,47,35
1,144,96,43,35
1,145,96,57,35
1,146,96,33,35
1,147,96,38,35
1,148,96,45,35
1,149,96,54,35
1,150,96,46,35
1,151,96,52,35
1,152,96,37,35
1,153,96,51,35
1,154,96,41,35
1,155,96,59,35
1,156,96,39,35
1,157,96,34,35
1,158,96,53,35
1,159,96,42,35
1,160,96,40,35
1,161,96,55,35
1,162,96,35,35
1,163,96,49,35
1,164,96,60,35
1,165,96,58,35
1,166,96,56,35
1,1,97,81,131
1,2,97,87,131
1,3,97,63,131
1,4,97,68,131
1,5,97,84,131
1,6,97,85,131
1,7,97,88,131
1,8,97,70,131
1,9,97,83,131
1,10,97,75,131
1,11,97,79,131
1,12,97,66,131
1,13,97,74,131
1,14,97,65,131
1,15,97,67,131
1,16,97,76,131
1,17,97,71,131
1,18,97,82,131
1,19,97,78,131
1,20,97,69,131
1,21,97,62,131
1,22,97,147,131
1,23,97,86,131
1,24,97,72,131
1,25,97,73,131
1,26,97,142,131
1,27,97,161,131
1,28,97,145,131
1,29,97,141,131
1,30,97,64,131
1,31,97,158,131
1,32,97,166,131
1,33,97,154,131
1,34,97,165,131
1,35,97,80,131
1,36,97,77,131
1,37,97,159,131
1,38,97,157,131
1,39,97,164,131
1,40,97,156,131
1,41,97,137,131
1,42,97,144,131
1,43,97,140,131
1,44,97,138,131
1,45,97,150,131
1,46,97,146,131
1,47,97,139,131
1,48,97,162,131
1,49,97,155,131
1,50,97,151,131
1,51,97,152,131
1,52,97,149,131
1,53,97,120,131
1,54,97,121,131
1,55,97,135,131
1,56,97,163,131
1,57,97,122,131
1,58,97,127,131
1,59,97,131,131
1,60,97,129,131
1,61,97,136,131
1,62,97,123,131
1,63,97,132,131
1,64,97,126,131
1,65,97,134,131
1,66,97,119,131
1,67,97,124,131
1,68,97,148,131
1,69,97,125,131
1,70,97,22,131
1,71,97,128,131
1,72,97,153,131
1,73,97,130,131
1,74,97,143,131
1,75,97,21,131
1,76,97,160,131
1,77,97,28,131
1,78,97,32,131
1,79,97,4,131
1,80,97,7,131
1,81,97,24,131
1,82,97,1,131
1,83,97,16,131
1,84,97,13,131
1,85,97,15,131
1,86,97,20,131
1,87,97,2,131
1,88,97,19,131
1,89,97,10,131
1,90,97,11,131
1,91,97,5,131
1,92,97,9,131
1,93,97,29,131
1,94,97,30,131
1,95,97,26,131
1,96,97,31,131
1,97,97,3,131
1,98,97,12,131
1,99,97,18,131
1,100,97,25,131
1,101,97,133,131
1,102,97,27,131
1,103,97,6,131
1,104,97,14,131
1,105,97,97,131
1,106,97,108,131
1,107,97,110,131
1,108,97,105,131
1,109,97,109,131
1,110,97,95,131
1,111,97,118,131
1,112,97,106,131
1,113,97,17,131
1,114,97,111,131
1,115,97,115,131
1,116,97,113,131
1,117,97,90,131
1,118,97,100,131
1,119,97,116,131
1,120,97,102,131
1,121,97,101,131
1,122,97,94,131
1,123,97,114,131
1,124,97,8,131
1,125,97,117,131
1,126,97,98,131
1,127,97,103,131
1,128,97,44,131
1,129,97,112,131
1,130,97,93,131
1,131,97,107,131
1,132,97,99,131
1,133,97,89,131
1,134,97,91,131
1,135,97,96,131
1,136,97,92,131
1,137,97,104,131
1,138,97,48,131
1,139,97,61,131
1,140,97,23,131
1,141,97,36,131
1,142,97,50,131
1,143,97,47,131
1,144,97,43,131
1,145,97,57,131
1,146,97,33,131
1,147,97,38,131
1,148,97,45,131
1,149,97,54,131
1,150,97,46,131
1,151,97,52,131
1,152,97,37,131
1,153,97,51,131
1,154,97,41,131
1,155,97,59,131
1,156,97,39,131
1,157,97,34,131
1,158,97,53,131
1,159,97,42,131
1,160,97,40,131
1,161,97,55,131
1,162,97,35,131
1,163,97,49,131
1,164,97,60,131
1,165,97,58,131
1,166,97,56,131
1,1,98,81,85
1,2,98,87,85
1,3,98,63,85
1,4,98,68,85
1,5,98,84,85
1,6,98,85,85
1,7,98,88,85
1,8,98,70,85
1,9,98,83,85
1,10,98,75,85
1,11,98,79,85
1,12,98,66,85
1,13,98,74,85
1,14,98,65,85
1,15,98,67,85
1,16,98,76,85
1,17,98,71,85
1,18,98,82,85
1,19,98,78,85
1,20,98,69,85
1,21,98,62,85
1,22,98,147,85
1,23,98,86,85
1,24,98,72,85
1,25,98,73,85
1,26,98,142,85
1,27,98,161,85
1,28,98,145,85
1,29,98,141,85
1,30,98,64,85
1,31,98,158,85
1,32,98,166,85
1,33,98,154,85
1,34,98,165,85
1,35,98,80,85
1,36,98,77,85
1,37,98,159,85
1,38,98,157,85
1,39,98,164,85
1,40,98,156,85
1,41,98,137,85
1,42,98,144,85
1,43,98,140,85
1,44,98,138,85
1,45,98,150,85
1,46,98,146,85
1,47,98,139,85
1,48,98,162,85
1,49,98,155,85
1,50,98,151,85
1,51,98,152,85
1,52,98,149,85
1,53,98,120,85
1,54,98,121,85
1,55,98,135,85
1,56,98,163,85
1,57,98,122,85
1,58,98,127,85
1,59,98,131,85
1,60,98,129,85
1,61,98,136,85
1,62,98,123,85
1,63,98,132,85
1,64,98,126,85
1,65,98,134,85
1,66,98,119,85
1,67,98,124,85
1,68,98,148,85
1,69,98,125,85
1,70,98,22,85
1,71,98,128,85
1,72,98,153,85
1,73,98,130,85
1,74,98,143,85
1,75,98,21,85
1,76,98,160,85
1,77,98,28,85
1,78,98,32,85
1,79,98,4,85
1,80,98,7,85
1,81,98,24,85
1,82,98,1,85
1,83,98,16,85
1,84,98,13,85
1,85,98,15,85
1,86,98,20,85
1,87,98,2,85
1,88,98,19,85
1,89,98,10,85
1,90,98,11,85
1,91,98,5,85
1,92,98,9,85
1,93,98,29,85
1,94,98,30,85
1,95,98,26,85
1,96,98,31,85
1,97,98,3,85
1,98,98,12,85
1,99,98,18,85
1,100,98,25,85
1,101,98,133,85
1,102,98,27,85
1,103,98,6,85
1,104,98,14,85
1,105,98,97,85
1,106,98,108,85
1,107,98,110,85
1,108,98,105,85
1,109,98,109,85
1,110,98,95,85
1,111,98,118,85
1,112,98,106,85
1,113,98,17,85
1,114,98,111,85
1,115,98,115,85
1,116,98,113,85
1,117,98,90,85
1,118,98,100,85
1,119,98,116,85
1,120,98,102,85
1,121,98,101,85
1,122,98,94,85
1,123,98,114,85
1,124,98,8,85
1,125,98,117,85
1,126,98,98,85
1,127,98,103,85
1,128,98,44,85
1,129,98,112,85
1,130,98,93,85
1,131,98,107,85
1,132,98,99,85
1,133,98,89,85
1,134,98,91,85
1,135,98,96,85
1,136,98,92,85
1,137,98,104,85
1,138,98,48,85
1,139,98,61,85
1,140,98,23,85
1,141,98,36,85
1,142,98,50,85
1,143,98,47,85
1,144,98,43,85
1,145,98,57,85
1,146,98,33,85
1,147,98,38,85
1,148,98,45,85
1,149,98,54,85
1,150,98,46,85
1,151,98,52,85
1,152,98,37,85
1,153,98,51,85
1,154,98,41,85
1,155,98,59,85
1,156,98,39,85
1,157,98,34,85
1,158,98,53,85
1,159,98,42,85
1,160,98,40,85
1,161,98,55,85
1,162,98,35,85
1,163,98,49,85
1,164,98,60,85
1,165,98,58,85
1,166,98,56,85
1,1,99,81,22
1,2,99,87,22
1,3,99,63,22
1,4,99,68,22
1,5,99,84,22
1,6,99,85,22
1,7,99,88,22
1,8,99,70,22
1,9,99,83,22
1,10,99,75,22
1,11,99,79,22
1,12,99,66,22
1,13,99,74,22
1,14,99,65,22
1,15,99,67,22
1,16,99,76,22
1,17,99,71,22
1,18,99,82,22
1,19,99,78,22
1,20,99,69,22
1,21,99,62,22
1,22,99,147,22
1,23,99,86,22
1,24,99,72,22
1,25,99,73,22
1,26,99,142,22
1,27,99,161,22
1,28,99,145,22
1,29,99,141,22
1,30,99,64,22
1,31,99,158,22
1,32,99,166,22
1,33,99,154,22
1,34,99,165,22
1,35,99,80,22
1,36,99,77,22
1,37,99,159,22
1,38,99,157,22
1,39,99,164,22
1,40,99,156,22
1,41,99,137,22
1,42,99,144,22
1,43,99,140,22
1,44,99,138,22
1,45,99,150,22
1,46,99,146,22
1,47,99,139,22
1,48,99,162,22
1,49,99,155,22
1,50,99,151,22
1,51,99,152,22
1,52,99,149,22
1,53,99,120,22
1,54,99,121,22
1,55,99,135,22
1,56,99,163,22
1,57,99,122,22
1,58,99,127,22
1,59,99,131,22
1,60,99,129,22
1,61,99,136,22
1,62,99,123,22
1,63,99,132,22
1,64,99,126,22
1,65,99,134,22
1,66,99,119,22
1,67,99,124,22
1,68,99,148,22
1,69,99,125,22
1,70,99,22,22
1,71,99,128,22
1,72,99,153,22
1,73,99,130,22
1,74,99,143,22
1,75,99,21,22
1,76,99,160,22
1,77,99,28,22
1,78,99,32,22
1,79,99,4,22
1,80,99,7,22
1,81,99,24,22
1,82,99,1,22
1,83,99,16,22
1,84,99,13,22
1,85,99,15,22
1,86,99,20,22
1,87,99,2,22
1,88,99,19,22
1,89,99,10,22
1,90,99,11,22
1,91,99,5,22
1,92,99,9,22
1,93,99,29,22
1,94,99,30,22
1,95,99,26,22
1,96,99,31,22
1,97,99,3,22
1,98,99,12,22
1,99,99,18,22
1,100,99,25,22
1,101,99,133,22
1,102,99,27,22
1,103,99,6,22
1,104,99,14,22
1,105,99,97,22
1,106,99,108,22
1,107,99,110,22
1,108,99,105,22
1,109,99,109,22
1,110,99,95,22
1,111,99,118,22
1,112,99,106,22
1,113,99,17,22
1,114,99,111,22
1,115,99,115,22
1,116,99,113,22
1,117,99,90,22
1,118,99,100,22
1,119,99,116,22
1,120,99,102,22
1,121,99,101,22
1,122,99,94,22
1,123,99,114,22
1,124,99,8,22
1,125,99,117,22
1,126,99,98,22
1,127,99,103,22
1,128,99,44,22
1,129,99,112,22
1,130,99,93,22
1,131,99,107,22
1,132,99,99,22
1,133,99,89,22
1,134,99,91,22
1,135,99,96,22
1,136,99,92,22
1,137,99,104,22
1,138,99,48,22
1,139,99,61,22
1,140,99,23,22
1,141,99,36,22
1,142,99,50,22
1,143,99,47,22
1,144,99,43,22
1,145,99,57,22
1,146,99,33,22
1,147,99,38,22
1,148,99,45,22
1,149,99,54,22
1,150,99,46,22
1,151,99,52,22
1,152,99,37,22
1,153,99,51,22
1,154,99,41,22
1,155,99,59,22
1,156,99,39,22
1,157,99,34,22
1,158,99,53,22
1,159,99,42,22
1,160,99,40,22
1,161,99,55,22
1,162,99,35,22
1,163,99,49,22
1,164,99,60,22
1,165,99,58,22
1,166,99,56,22
1,1,100,81,33
1,2,100,87,33
1,3,100,63,33
1,4,100,68,33
1,5,100,84,33
1,6,100,85,33
1,7,100,88,33
1,8,100,70,33
1,9,100,83,33
1,10,100,75,33
1,11,100,79,33
1,12,100,66,33
1,13,100,74,33
1,14,100,65,33
1,15,100,67,33
1,16,100,76,33
1,17,100,71,33
1,18,100,82,33
1,19,100,78,33
1,20,100,69,33
1,21,100,62,33
1,22,100,147,33
1,23,100,86,33
1,24,100,72,33
1,25,100,73,33
1,26,100,142,33
1,27,100,161,33
1,28,100,145,33
1,29,100,141,33
1,30,100,64,33
1,31,100,158,33
1,32,100,166,33
1,33,100,154,33
1,34,100,165,33
1,35,100,80,33
1,36,100,77,33
1,37,100,159,33
1,38,100,157,33
1,39,100,164,33
1,40,100,156,33
1,41,100,137,33
1,42,100,144,33
1,43,100,140,33
1,44,100,138,33
1,45,100,150,33
1,46,100,146,33
1,47,100,139,33
1,48,100,162,33
1,49,100,155,33
1,50,100,151,33
1,51,100,152,33
1,52,100,149,33
1,53,100,120,33
1,54,100,121,33
1,55,100,135,33
1,56,100,163,33
1,57,100,122,33
1,58,100,127,33
1,59,100,131,33
1,60,100,129,33
1,61,100,136,33
1,62,100,123,33
1,63,100,132,33
1,64,100,126,33
1,65,100,134,33
1,66,100,119,33
1,67,100,124,33
1,68,100,148,33
1,69,100,125,33
1,70,100,22,33
1,71,100,128,33
1,72,100,153,33
1,73,100,130,33
1,74,100,143,33
1,75,100,21,33
1,76,100,160,33
1,77,100,28,33
1,78,100,32,33
1,79,100,4,33
1,80,100,7,33
1,81,100,24,33
1,82,100,1,33
1,83,100,16,33
1,84,100,13,33
1,85,100,15,33
1,86,100,20,33
1,87,100,2,33
1,88,100,19,33
1,89,100,10,33
1,90,100,11,33
1,91,100,5,33
1,92,100,9,33
1,93,100,29,33
1,94,100,30,33
1,95,100,26,33
1,96,100,31,33
1,97,100,3,33
1,98,100,12,33
1,99,100,18,33
1,100,100,25,33
1,101,100,133,33
1,102,100,27,33
1,103,100,6,33
1,104,100,14,33
1,105,100,97,33
1,106,100,108,33
1,107,100,110,33
1,108,100,105,33
1,109,100,109,33
1,110,100,95,33
1,111,100,118,33
1,112,100,106,33
1,113,100,17,33
1,114,100,111,33
1,115,100,115,33
1,116,100,113,33
1,117,100,90,33
1,118,100,100,33
1,119,100,116,33
1,120,100,102,33
1,121,100,101,33
1,122,100,94,33
1,123,100,114,33
1,124,100,8,33
1,125,100,117,33
1,126,100,98,33
1,127,100,103,33
1,128,100,44,33
1,129,100,112,33
1,130,100,93,33
1,131,100,107,33
1,132,100,99,33
1,133,100,89,33
1,134,100,91,33
1,135,100,96,33
1,136,100,92,33
1,137,100,104,33
1,138,100,48,33
1,139,100,61,33
1,140,100,23,33
1,141,100,36,33
1,142,100,50,33
1,143,100,47,33
1,144,100,43,33
1,145,100,57,33
1,146,100,33,33
1,147,100,38,33
1,148,100,45,33
1,149,100,54,33
1,150,100,46,33
1,151,100,52,33
1,152,100,37,33
1,153,100,51,33
1,154,100,41,33
1,155,100,59,33
1,156,100,39,33
1,157,100,34,33
1,158,100,53,33
1,159,100,42,33
1,160,100,40,33
1,161,100,55,33
1,162,100,35,33
1,163,100,49,33
1,164,100,60,33
1,165,100,58,33
1,166,100,56,33
1,1,101,81,44
1,2,101,87,44
1,3,101,63,44
1,4,101,68,44
1,5,101,84,44
1,6,101,85,44
1,7,101,88,44
1,8,101,70,44
1,9,101,83,44
1,10,101,75,44
1,11,101,79,44
1,12,101,66,44
1,13,101,74,44
1,14,101,65,44
1,15,101,67,44
1,16,101,76,44
1,17,101,71,44
1,18,101,82,44
1,19,101,78,44
1,20,101,69,44
1,21,101,62,44
1,22,101,147,44
1,23,101,86,44
1,24,101,72,44
1,25,101,73,44
1,26,101,142,44
1,27,101,161,44
1,28,101,145,44
1,29,101,141,44
1,30,101,64,44
1,31,101,158,44
1,32,101,166,44
1,33,101,154,44
1,34,101,165,44
1,35,101,80,44
1,36,101,77,44
1,37,101,159,44
1,38,101,157,44
1,39,101,164,44
1,40,101,156,44
1,41,101,137,44
1,42,101,144,44
1,43,101,140,44
1,44,101,138,44
1,45,101,150,44
1,46,101,146,44
1,47,101,139,44
1,48,101,162,44
1,49,101,155,44
1,50,101,151,44
1,51,101,152,44
1,52,101,149,44
1,53,101,120,44
1,54,101,121,44
1,55,101,135,44
1,56,101,163,44
1,57,101,122,44
1,58,101,127,44
1,59,101,131,44
1,60,101,129,44
1,61,101,136,44
1,62,101,123,44
1,63,101,132,44
1,64,101,126,44
1,65,101,134,44
1,66,101,119,44
1,67,101,124,44
1,68,101,148,44
1,69,101,125,44
1,70,101,22,44
1,71,101,128,44
1,72,101,153,44
1,73,101,130,44
1,74,101,143,44
1,75,101,21,44
1,76,101,160,44
1,77,101,28,44
1,78,101,32,44
1,79,101,4,44
1,80,101,7,44
1,81,101,24,44
1,82,101,1,44
1,83,101,16,44
1,84,101,13,44
1,85,101,15,44
1,86,101,20,44
1,87,101,2,44
1,88,101,19,44
1,89,101,10,44
1,90,101,11,44
1,91,101,5,44
1,92,101,9,44
1,93,101,29,44
1,94,101,30,44
1,95,101,26,44
1,96,101,31,44
1,97,101,3,44
1,98,101,12,44
1,99,101,18,44
1,100,101,25,44
1,101,101,133,44
1,102,101,27,44
1,103,101,6,44
1,104,101,14,44
1,105,101,97,44
1,106,101,108,44
1,107,101,110,44
1,108,101,105,44
1,109,101,109,44
1,110,101,95,44
1,111,101,118,44
1,112,101,106,44
1,113,101,17,44
1,114,101,111,44
1,115,101,115,44
1,116,101,113,44
1,117,101,90,44
1,118,101,100,44
1,119,101,116,44
1,120,101,102,44
1,121,101,101,44
1,122,101,94,44
1,123,101,114,44
1,124,101,8,44
1,125,101,117,44
1,126,101,98,44
1,127,101,103,44
1,128,101,44,44
1,129,101,112,44
1,130,101,93,44
1,131,101,107,44
1,132,101,99,44
1,133,101,89,44
1,134,101,91,44
1,135,101,96,44
1,136,101,92,44
1,137,101,104,44
1,138,101,48,44
1,139,101,61,44
1,140,101,23,44
1,141,101,36,44
1,142,101,50,44
1,143,101,47,44
1,144,101,43,44
1,145,101,57,44
1,146,101,33,44
1,147,101,38,44
1,148,101,45,44
1,149,101,54,44
1,150,101,46,44
1,151,101,52,44
1,152,101,37,44
1,153,101,51,44
1,154,101,41,44
1,155,101,59,44
1,156,101,39,44
1,157,101,34,44
1,158,101,53,44
1,159,101,42,44
1,160,101,40,44
1,161,101,55,44
1,162,101,35,44
1,163,101,49,44
1,164,101,60,44
1,165,101,58,44
1,166,101,56,44
1,1,102,81,4
1,2,102,87,4
1,3,102,63,4
1,4,102,68,4
1,5,102,84,4
1,6,102,85,4
1,7,102,88,4
1,8,102,70,4
1,9,102,83,4
1,10,102,75,4
1,11,102,79,4
1,12,102,66,4
1,13,102,74,4
1,14,102,65,4
1,15,102,67,4
1,16,102,76,4
1,17,102,71,4
1,18,102,82,4
1,19,102,78,4
1,20,102,69,4
1,21,102,62,4
1,22,102,147,4
1,23,102,86,4
1,24,102,72,4
1,25,102,73,4
1,26,102,142,4
1,27,102,161,4
1,28,102,145,4
1,29,102,141,4
1,30,102,64,4
1,31,102,158,4
1,32,102,166,4
1,33,102,154,4
1,34,102,165,4
1,35,102,80,4
1,36,102,77,4
1,37,102,159,4
1,38,102,157,4
1,39,102,164,4
1,40,102,156,4
1,41,102,137,4
1,42,102,144,4
1,43,102,140,4
1,44,102,138,4
1,45,102,150,4
1,46,102,146,4
1,47,102,139,4
1,48,102,162,4
1,49,102,155,4
1,50,102,151,4
1,51,102,152,4
1,52,102,149,4
1,53,102,120,4
1,54,102,121,4
1,55,102,135,4
1,56,102,163,4
1,57,102,122,4
1,58,102,127,4
1,59,102,131,4
1,60,102,129,4
1,61,102,136,4
1,62,102,123,4
1,63,102,132,4
1,64,102,126,4
1,65,102,134,4
1,66,102,119,4
1,67,102,124,4
1,68,102,148,4
1,69,102,125,4
1,70,102,22,4
1,71,102,128,4
1,72,102,153,4
1,73,102,130,4
1,74,102,143,4
1,75,102,21,4
1,76,102,160,4
1,77,102,28,4
1,78,102,32,4
1,79,102,4,4
1,80,102,7,4
1,81,102,24,4
1,82,102,1,4
1,83,102,16,4
1,84,102,13,4
1,85,102,15,4
1,86,102,20,4
1,87,102,2,4
1,88,102,19,4
1,89,102,10,4
1,90,102,11,4
1,91,102,5,4
1,92,102,9,4
1,93,102,29,4
1,94,102,30,4
1,95,102,26,4
1,96,102,31,4
1,97,102,3,4
1,98,102,12,4
1,99,102,18,4
1,100,102,25,4
1,101,102,133,4
1,102,102,27,4
1,103,102,6,4
1,104,102,14,4
1,105,102,97,4
1,106,102,108,4
1,107,102,110,4
1,108,102,105,4
1,109,102,109,4
1,110,102,95,4
1,111,102,118,4
1,112,102,106,4
1,113,102,17,4
1,114,102,111,4
1,115,102,115,4
1,116,102,113,4
1,117,102,90,4
1,118,102,100,4
1,119,102,116,4
1,120,102,102,4
1,121,102,101,4
1,122,102,94,4
1,123,102,114,4
1,124,102,8,4
1,125,102,117,4
1,126,102,98,4
1,127,102,103,4
1,128,102,44,4
1,129,102,112,4
1,130,102,93,4
1,131,102,107,4
1,132,102,99,4
1,133,102,89,4
1,134,102,91,4
1,135,102,96,4
1,136,102,92,4
1,137,102,104,4
1,138,102,48,4
1,139,102,61,4
1,140,102,23,4
1,141,102,36,4
1,142,102,50,4
1,143,102,47,4
1,144,102,43,4
1,145,102,57,4
1,146,102,33,4
1,147,102,38,4
1,148,102,45,4
1,149,102,54,4
1,150,102,46,4
1,151,102,52,4
1,152,102,37,4
1,153,102,51,4
1,154,102,41,4
1,155,102,59,4
1,156,102,39,4
1,157,102,34,4
1,158,102,53,4
1,159,102,42,4
1,160,102,40,4
1,161,102,55,4
1,162,102,35,4
1,163,102,49,4
1,164,102,60,4
1,165,102,58,4
1,166,102,56,4
1,1,103,81,102
1,2,103,87,102
1,3,103,63,102
1,4,103,68,102
1,5,103,84,102
1,6,103,85,102
1,7,103,88,102
1,8,103,70,102
1,9,103,83,102
1,10,103,75,102
1,11,103,79,102
1,12,103,66,102
1,13,103,74,102
1,14,103,65,102
1,15,103,67,102
1,16,103,76,102
1,17,103,71,102
1,18,103,82,102
1,19,103,78,102
1,20,103,69,102
1,21,103,62,102
1,22,103,147,102
1,23,103,86,102
1,24,103,72,102
1,25,103,73,102
1,26,103,142,102
1,27,103,161,102
1,28,103,145,102
1,29,103,141,102
1,30,103,64,102
1,31,103,158,102
1,32,103,166,102
1,33,103,154,102
1,34,103,165,102
1,35,103,80,102
1,36,103,77,102
1,37,103,159,102
1,38,103,157,102
1,39,103,164,102
1,40,103,156,102
1,41,103,137,102
1,42,103,144,102
1,43,103,140,102
1,44,103,138,102
1,45,103,150,102
1,46,103,146,102
1,47,103,139,102
1,48,103,162,102
1,49,103,155,102
1,50,103,151,102
1,51,103,152,102
1,52,103,149,102
1,53,103,120,102
1,54,103,121,102
1,55,103,135,102
1,56,103,163,102
1,57,103,122,102
1,58,103,127,102
1,59,103,131,102
1,60,103,129,102
1,61,103,136,102
1,62,103,123,102
1,63,103,132,102
1,64,103,126,102
1,65,103,134,102
1,66,103,119,102
1,67,103,124,102
1,68,103,148,102
1,69,103,125,102
1,70,103,22,102
1,71,103,128,102
1,72,103,153,102
1,73,103,130,102
1,74,103,143,102
1,75,103,21,102
1,76,103,160,102
1,77,103,28,102
1,78,103,32,102
1,79,103,4,102
1,80,103,7,102
1,81,103,24,102
1,82,103,1,102
1,83,103,16,102
1,84,103,13,102
1,85,103,15,102
1,86,103,20,102
1,87,103,2,102
1,88,103,19,102
1,89,103,10,102
1,90,103,11,102
1,91,103,5,102
1,92,103,9,102
1,93,103,29,102
1,94,103,30,102
1,95,103,26,102
1,96,103,31,102
1,97,103,3,102
1,98,103,12,102
1,99,103,18,102
1,100,103,25,102
1,101,103,133,102
1,102,103,27,102
1,103,103,6,102
1,104,103,14,102
1,105,103,97,102
1,106,103,108,102
1,107,103,110,102
1,108,103,105,102
1,109,103,109,102
1,110,103,95,102
1,111,103,118,102
1,112,103,106,102
1,113,103,17,102
1,114,103,111,102
1,115,103,115,102
1,116,103,113,102
1,117,103,90,102
1,118,103,100,102
1,119,103,116,102
1,120,103,102,102
1,121,103,101,102
1,122,103,94,102
1,123,103,114,102
1,124,103,8,102
1,125,103,117,102
1,126,103,98,102
1,127,103,103,102
1,128,103,44,102
1,129,103,112,102
18,130,103,93,102
18,131,103,107,102
18,132,103,99,102
18,133,103,89,102
18,134,103,91,102
18,135,103,96,102
18,136,103,92,102
1,137,103,104,102
1,138,103,48,102
1,139,103,61,102
1,140,103,23,102
1,141,103,36,102
1,142,103,50,102
1,143,103,47,102
1,144,103,43,102
1,145,103,57,102
1,146,103,33,102
1,147,103,38,102
1,148,103,45,102
1,149,103,54,102
1,150,103,46,102
1,151,103,52,102
1,152,103,37,102
1,153,103,51,102
1,154,103,41,102
1,155,103,59,102
1,156,103,39,102
1,157,103,34,102
1,158,103,53,102
1,159,103,42,102
1,160,103,40,102
1,161,103,55,102
1,162,103,35,102
1,163,103,49,102
1,164,103,60,102
1,165,103,58,102
1,166,103,56,102
1,1,104,81,23
1,2,104,87,23
1,3,104,63,23
1,4,104,68,23
1,5,104,84,23
1,6,104,85,23
1,7,104,88,23
1,8,104,70,23
1,9,104,83,23
1,10,104,75,23
1,11,104,79,23
1,12,104,66,23
1,13,104,74,23
1,14,104,65,23
1,15,104,67,23
1,16,104,76,23
1,17,104,71,23
1,18,104,82,23
1,19,104,78,23
1,20,104,69,23
1,21,104,62,23
1,22,104,147,23
1,23,104,86,23
1,24,104,72,23
1,25,104,73,23
1,26,104,142,23
1,27,104,161,23
1,28,104,145,23
1,29,104,141,23
1,30,104,64,23
1,31,104,158,23
1,32,104,166,23
1,33,104,154,23
1,34,104,165,23
1,35,104,80,23
1,36,104,77,23
1,37,104,159,23
1,38,104,157,23
1,39,104,164,23
1,40,104,156,23
1,41,104,137,23
1,42,104,144,23
1,43,104,140,23
1,44,104,138,23
1,45,104,150,23
1,46,104,146,23
1,47,104,139,23
1,48,104,162,23
1,49,104,155,23
1,50,104,151,23
1,51,104,152,23
1,52,104,149,23
1,53,104,120,23
1,54,104,121,23
1,55,104,135,23
1,56,104,163,23
1,57,104,122,23
1,58,104,127,23
1,59,104,131,23
1,60,104,129,23
1,61,104,136,23
1,62,104,123,23
1,63,104,132,23
1,64,104,126,23
1,65,104,134,23
1,66,104,119,23
1,67,104,124,23
1,68,104,148,23
1,69,104,125,23
1,70,104,22,23
1,71,104,128,23
1,72,104,153,23
1,73,104,130,23
1,74,104,143,23
1,75,104,21,23
1,76,104,160,23
1,77,104,28,23
1,78,104,32,23
1,79,104,4,23
1,80,104,7,23
1,81,104,24,23
1,82,104,1,23
1,83,104,16,23
1,84,104,13,23
1,85,104,15,23
1,86,104,20,23
1,87,104,2,23
1,88,104,19,23
1,89,104,10,23
1,90,104,11,23
1,91,104,5,23
1,92,104,9,23
1,93,104,29,23
1,94,104,30,23
1,95,104,26,23
1,96,104,31,23
1,97,104,3,23
1,98,104,12,23
1,99,104,18,23
1,100,104,25,23
1,101,104,133,23
1,102,104,27,23
1,103,104,6,23
1,104,104,14,23
1,105,104,97,23
1,106,104,108,23
1,107,104,110,23
1,108,104,105,23
1,109,104,109,23
1,110,104,95,23
1,111,104,118,23
1,112,104,106,23
1,113,104,17,23
1,114,104,111,23
1,115,104,115,23
1,116,104,113,23
1,117,104,90,23
1,118,104,100,23
1,119,104,116,23
1,120,104,102,23
1,121,104,101,23
1,122,104,94,23
1,123,104,114,23
1,124,104,8,23
1,125,104,117,23
1,126,104,98,23
1,127,104,103,23
1,128,104,44,23
1,129,104,112,23
18,130,104,93,23
18,131,104,107,23
18,132,104,99,23
18,133,104,89,23
18,134,104,91,23
18,135,104,96,23
18,136,104,92,23
1,137,104,104,23
1,138,104,48,23
1,139,104,61,23
1,140,104,23,23
1,141,104,36,23
1,142,104,50,23
1,143,104,47,23
1,144,104,43,23
1,145,104,57,23
1,146,104,33,23
1,147,104,38,23
1,148,104,45,23
1,149,104,54,23
1,150,104,46,23
1,151,104,52,23
1,152,104,37,23
1,153,104,51,23
1,154,104,41,23
1,155,104,59,23
1,156,104,39,23
1,157,104,34,23
1,158,104,53,23
1,159,104,42,23
1,160,104,40,23
1,161,104,55,23
1,162,104,35,23
1,163,104,49,23
1,164,104,60,23
1,165,104,58,23
1,166,104,56,23
1,1,105,81,47
1,2,105,87,47
1,3,105,63,47
1,4,105,68,47
1,5,105,84,47
1,6,105,85,47
1,7,105,88,47
1,8,105,70,47
1,9,105,83,47
1,10,105,75,47
1,11,105,79,47
1,12,105,66,47
1,13,105,74,47
1,14,105,65,47
1,15,105,67,47
1,16,105,76,47
1,17,105,71,47
1,18,105,82,47
1,19,105,78,47
1,20,105,69,47
1,21,105,62,47
1,22,105,147,47
1,23,105,86,47
1,24,105,72,47
1,25,105,73,47
1,26,105,142,47
1,27,105,161,47
1,28,105,145,47
1,29,105,141,47
1,30,105,64,47
1,31,105,158,47
1,32,105,166,47
1,33,105,154,47
1,34,105,165,47
1,35,105,80,47
1,36,105,77,47
1,37,105,159,47
1,38,105,157,47
1,39,105,164,47
1,40,105,156,47
1,41,105,137,47
1,42,105,144,47
1,43,105,140,47
1,44,105,138,47
1,45,105,150,47
1,46,105,146,47
1,47,105,139,47
1,48,105,162,47
1,49,105,155,47
1,50,105,151,47
1,51,105,152,47
1,52,105,149,47
1,53,105,120,47
1,54,105,121,47
1,55,105,135,47
1,56,105,163,47
1,57,105,122,47
1,58,105,127,47
1,59,105,131,47
1,60,105,129,47
1,61,105,136,47
1,62,105,123,47
1,63,105,132,47
1,64,105,126,47
1,65,105,134,47
1,66,105,119,47
1,67,105,124,47
1,68,105,148,47
1,69,105,125,47
1,70,105,22,47
1,71,105,128,47
1,72,105,153,47
1,73,105,130,47
1,74,105,143,47
1,75,105,21,47
1,76,105,160,47
1,77,105,28,47
1,78,105,32,47
1,79,105,4,47
1,80,105,7,47
1,81,105,24,47
1,82,105,1,47
1,83,105,16,47
1,84,105,13,47
1,85,105,15,47
1,86,105,20,47
1,87,105,2,47
1,88,105,19,47
1,89,105,10,47
1,90,105,11,47
1,91,105,5,47
1,92,105,9,47
1,93,105,29,47
1,94,105,30,47
1,95,105,26,47
1,96,105,31,47
1,97,105,3,47
1,98,105,12,47
1,99,105,18,47
1,100,105,25,47
1,101,105,133,47
1,102,105,27,47
1,103,105,6,47
1,104,105,14,47
1,105,105,97,47
1,106,105,108,47
1,107,105,110,47
1,108,105,105,47
1,109,105,109,47
1,110,105,95,47
1,111,105,118,47
1,112,105,106,47
1,113,105,17,47
1,114,105,111,47
1,115,105,115,47
1,116,105,113,47
1,117,105,90,47
1,118,105,100,47
1,119,105,116,47
1,120,105,102,47
1,121,105,101,47
1,122,105,94,47
1,123,105,114,47
1,124,105,8,47
1,125,105,117,47
1,126,105,98,47
1,127,105,103,47
1,128,105,44,47
1,129,105,112,47
18,130,105,93,47
18,131,105,107,47
18,132,105,99,47
18,133,105,89,47
18,134,105,91,47
18,135,105,96,47
18,136,105,92,47
1,137,105,104,47
1,138,105,48,47
1,139,105,61,47
1,140,105,23,47
1,141,105,36,47
1,142,105,50,47
1,143,105,47,47
1,144,105,43,47
1,145,105,57,47
1,146,105,33,47
1,147,105,38,47
1,148,105,45,47
1,149,105,54,47
1,150,105,46,47
1,151,105,52,47
1,152,105,37,47
1,153,105,51,47
1,154,105,41,47
1,155,105,59,47
1,156,105,39,47
1,157,105,34,47
1,158,105,53,47
1,159,105,42,47
1,160,105,40,47
1,161,105,55,47
1,162,105,35,47
1,163,105,49,47
1,164,105,60,47
1,165,105,58,47
1,166,105,56,47
1,1,106,81,148
1,2,106,87,148
1,3,106,63,148
1,4,106,68,148
1,5,106,84,148
1,6,106,85,148
1,7,106,88,148
1,8,106,70,148
1,9,106,83,148
1,10,106,75,148
1,11,106,79,148
1,12,106,66,148
1,13,106,74,148
1,14,106,65,148
1,15,106,67,148
1,16,106,76,148
1,17,106,71,148
1,18,106,82,148
1,19,106,78,148
1,20,106,69,148
1,21,106,62,148
1,22,106,147,148
1,23,106,86,148
1,24,106,72,148
1,25,106,73,148
1,26,106,142,148
1,27,106,161,148
1,28,106,145,148
1,29,106,141,148
1,30,106,64,148
1,31,106,158,148
1,32,106,166,148
1,33,106,154,148
1,34,106,165,148
1,35,106,80,148
1,36,106,77,148
1,37,106,159,148
1,38,106,157,148
1,39,106,164,148
1,40,106,156,148
1,41,106,137,148
1,42,106,144,148
1,43,106,140,148
1,44,106,138,148
1,45,106,150,148
1,46,106,146,148
1,47,106,139,148
1,48,106,162,148
1,49,106,155,148
1,50,106,151,148
1,51,106,152,148
1,52,106,149,148
1,53,106,120,148
1,54,106,121,148
1,55,106,135,148
1,56,106,163,148
1,57,106,122,148
1,58,106,127,148
1,59,106,131,148
1,60,106,129,148
1,61,106,136,148
1,62,106,123,148
1,63,106,132,148
1,64,106,126,148
1,65,106,134,148
1,66,106,119,148
1,67,106,124,148
1,68,106,148,148
1,69,106,125,148
1,70,106,22,148
1,71,106,128,148
1,72,106,153,148
1,73,106,130,148
1,74,106,143,148
1,75,106,21,148
1,76,106,160,148
1,77,106,28,148
1,78,106,32,148
1,79,106,4,148
1,80,106,7,148
1,81,106,24,148
1,82,106,1,148
1,83,106,16,148
1,84,106,13,148
1,85,106,15,148
1,86,106,20,148
1,87,106,2,148
1,88,106,19,148
1,89,106,10,148
1,90,106,11,148
1,91,106,5,148
1,92,106,9,148
1,93,106,29,148
1,94,106,30,148
1,95,106,26,148
1,96,106,31,148
1,97,106,3,148
1,98,106,12,148
1,99,106,18,148
1,100,106,25,148
1,101,106,133,148
1,102,106,27,148
1,103,106,6,148
1,104,106,14,148
1,105,106,97,148
1,106,106,108,148
1,107,106,110,148
1,108,106,105,148
1,109,106,109,148
1,110,106,95,148
1,111,106,118,148
1,112,106,106,148
1,113,106,17,148
1,114,106,111,148
1,115,106,115,148
1,116,106,113,148
1,117,106,90,148
1,118,106,100,148
1,119,106,116,148
1,120,106,102,148
1,121,106,101,148
1,122,106,94,148
1,123,106,114,148
1,124,106,8,148
1,125,106,117,148
1,126,106,98,148
1,127,106,103,148
1,128,106,44,148
1,129,106,112,148
18,130,106,93,148
18,131,106,107,148
18,132,106,99,148
18,133,106,89,148
18,134,106,91,148
18,135,106,96,148
18,136,106,92,148
1,137,106,104,148
1,138,106,48,148
1,139,106,61,148
1,140,106,23,148
1,141,106,36,148
1,142,106,50,148
1,143,106,47,148
1,144,106,43,148
1,145,106,57,148
1,146,106,33,148
1,147,106,38,148
1,148,106,45,148
1,149,106,54,148
1,150,106,46,148
1,151,106,52,148
1,152,106,37,148
1,153,106,51,148
1,154,106,41,148
1,155,106,59,148
1,156,106,39,148
1,157,106,34,148
1,158,106,53,148
1,159,106,42,148
1,160,106,40,148
1,161,106,55,148
1,162,106,35,148
1,163,106,49,148
1,164,106,60,148
1,165,106,58,148
1,166,106,56,148
1,1,107,81,104
1,2,107,87,104
1,3,107,63,104
1,4,107,68,104
1,5,107,84,104
1,6,107,85,104
1,7,107,88,104
1,8,107,70,104
1,9,107,83,104
1,10,107,75,104
1,11,107,79,104
1,12,107,66,104
1,13,107,74,104
1,14,107,65,104
1,15,107,67,104
1,16,107,76,104
1,17,107,71,104
1,18,107,82,104
1,19,107,78,104
1,20,107,69,104
1,21,107,62,104
1,22,107,147,104
1,23,107,86,104
1,24,107,72,104
1,25,107,73,104
1,26,107,142,104
1,27,107,161,104
1,28,107,145,104
1,29,107,141,104
1,30,107,64,104
1,31,107,158,104
1,32,107,166,104
1,33,107,154,104
1,34,107,165,104
1,35,107,80,104
1,36,107,77,104
1,37,107,159,104
1,38,107,157,104
1,39,107,164,104
1,40,107,156,104
1,41,107,137,104
1,42,107,144,104
1,43,107,140,104
1,44,107,138,104
1,45,107,150,104
1,46,107,146,104
1,47,107,139,104
1,48,107,162,104
1,49,107,155,104
1,50,107,151,104
1,51,107,152,104
1,52,107,149,104
1,53,107,120,104
1,54,107,121,104
1,55,107,135,104
1,56,107,163,104
1,57,107,122,104
1,58,107,127,104
1,59,107,131,104
1,60,107,129,104
1,61,107,136,104
1,62,107,123,104
1,63,107,132,104
1,64,107,126,104
1,65,107,134,104
1,66,107,119,104
1,67,107,124,104
1,68,107,148,104
1,69,107,125,104
1,70,107,22,104
1,71,107,128,104
1,72,107,153,104
1,73,107,130,104
1,74,107,143,104
1,75,107,21,104
1,76,107,160,104
1,77,107,28,104
1,78,107,32,104
1,79,107,4,104
1,80,107,7,104
1,81,107,24,104
1,82,107,1,104
1,83,107,16,104
1,84,107,13,104
1,85,107,15,104
1,86,107,20,104
1,87,107,2,104
1,88,107,19,104
1,89,107,10,104
1,90,107,11,104
1,91,107,5,104
1,92,107,9,104
1,93,107,29,104
1,94,107,30,104
1,95,107,26,104
1,96,107,31,104
1,97,107,3,104
1,98,107,12,104
1,99,107,18,104
1,100,107,25,104
1,101,107,133,104
1,102,107,27,104
1,103,107,6,104
1,104,107,14,104
1,105,107,97,104
1,106,107,108,104
1,107,107,110,104
1,108,107,105,104
1,109,107,109,104
1,110,107,95,104
1,111,107,118,104
1,112,107,106,104
1,113,107,17,104
1,114,107,111,104
1,115,107,115,104
1,116,107,113,104
1,117,107,90,104
1,118,107,100,104
1,119,107,116,104
1,120,107,102,104
1,121,107,101,104
1,122,107,94,104
1,123,107,114,104
1,124,107,8,104
1,125,107,117,104
1,126,107,98,104
1,127,107,103,104
1,128,107,44,104
1,129,107,112,104
18,130,107,93,104
18,131,107,107,104
18,132,107,99,104
18,133,107,89,104
18,134,107,91,104
18,135,107,96,104
18,136,107,92,104
1,137,107,104,104
1,138,107,48,104
1,139,107,61,104
1,140,107,23,104
1,141,107,36,104
1,142,107,50,104
1,143,107,47,104
1,144,107,43,104
1,145,107,57,104
1,146,107,33,104
1,147,107,38,104
1,148,107,45,104
1,149,107,54,104
1,150,107,46,104
1,151,107,52,104
1,152,107,37,104
1,153,107,51,104
1,154,107,41,104
1,155,107,59,104
1,156,107,39,104
1,157,107,34,104
1,158,107,53,104
1,159,107,42,104
1,160,107,40,104
1,161,107,55,104
1,162,107,35,104
1,163,107,49,104
1,164,107,60,104
1,165,107,58,104
1,166,107,56,104
1,1,108,81,83
1,2,108,87,83
1,3,108,63,83
1,4,108,68,83
1,5,108,84,83
1,6,108,85,83
1,7,108,88,83
1,8,108,70,83
1,9,108,83,83
1,10,108,75,83
1,11,108,79,83
1,12,108,66,83
1,13,108,74,83
1,14,108,65,83
1,15,108,67,83
1,16,108,76,83
1,17,108,71,83
1,18,108,82,83
1,19,108,78,83
1,20,108,69,83
1,21,108,62,83
1,22,108,147,83
1,23,108,86,83
1,24,108,72,83
1,25,108,73,83
1,26,108,142,83
1,27,108,161,83
1,28,108,145,83
1,29,108,141,83
1,30,108,64,83
1,31,108,158,83
1,32,108,166,83
1,33,108,154,83
1,34,108,165,83
1,35,108,80,83
1,36,108,77,83
1,37,108,159,83
1,38,108,157,83
1,39,108,164,83
1,40,108,156,83
1,41,108,137,83
1,42,108,144,83
1,43,108,140,83
1,44,108,138,83
1,45,108,150,83
1,46,108,146,83
1,47,108,139,83
1,48,108,162,83
1,49,108,155,83
1,50,108,151,83
1,51,108,152,83
1,52,108,149,83
1,53,108,120,83
1,54,108,121,83
1,55,108,135,83
1,56,108,163,83
1,57,108,122,83
1,58,108,127,83
1,59,108,131,83
1,60,108,129,83
1,61,108,136,83
1,62,108,123,83
1,63,108,132,83
1,64,108,126,83
1,65,108,134,83
1,66,108,119,83
1,67,108,124,83
1,68,108,148,83
1,69,108,125,83
1,70,108,22,83
1,71,108,128,83
1,72,108,153,83
1,73,108,130,83
1,74,108,143,83
1,75,108,21,83
1,76,108,160,83
1,77,108,28,83
1,78,108,32,83
1,79,108,4,83
1,80,108,7,83
1,81,108,24,83
1,82,108,1,83
1,83,108,16,83
1,84,108,13,83
1,85,108,15,83
1,86,108,20,83
1,87,108,2,83
1,88,108,19,83
1,89,108,10,83
1,90,108,11,83
1,91,108,5,83
1,92,108,9,83
1,93,108,29,83
1,94,108,30,83
1,95,108,26,83
1,96,108,31,83
1,97,108,3,83
1,98,108,12,83
1,99,108,18,83
1,100,108,25,83
1,101,108,133,83
1,102,108,27,83
1,103,108,6,83
1,104,108,14,83
1,105,108,97,83
1,106,108,108,83
1,107,108,110,83
1,108,108,105,83
1,109,108,109,83
1,110,108,95,83
1,111,108,118,83
1,112,108,106,83
1,113,108,17,83
1,114,108,111,83
1,115,108,115,83
1,116,108,113,83
1,117,108,90,83
1,118,108,100,83
1,119,108,116,83
1,120,108,102,83
1,121,108,101,83
1,122,108,94,83
1,123,108,114,83
1,124,108,8,83
1,125,108,117,83
1,126,108,98,83
1,127,108,103,83
1,128,108,44,83
1,129,108,112,83
18,130,108,93,83
18,131,108,107,83
18,132,108,99,83
18,133,108,89,83
18,134,108,91,83
18,135,108,96,83
18,136,108,92,83
1,137,108,104,83
1,138,108,48,83
1,139,108,61,83
1,140,108,23,83
1,141,108,36,83
1,142,108,50,83
1,143,108,47,83
1,144,108,43,83
1,145,108,57,83
1,146,108,33,83
1,147,108,38,83
1,148,108,45,83
1,149,108,54,83
1,150,108,46,83
1,151,108,52,83
1,152,108,37,83
1,153,108,51,83
1,154,108,41,83
1,155,108,59,83
1,156,108,39,83
1,157,108,34,83
1,158,108,53,83
1,159,108,42,83
1,160,108,40,83
1,161,108,55,83
1,162,108,35,83
1,163,108,49,83
1,164,108,60,83
1,165,108,58,83
1,166,108,56,83
1,1,109,81,106
1,2,109,87,106
1,3,109,63,106
1,4,109,68,106
1,5,109,84,106
1,6,109,85,106
1,7,109,88,106
1,8,109,70,106
1,9,109,83,106
1,10,109,75,106
1,11,109,79,106
1,12,109,66,106
1,13,109,74,106
1,14,109,65,106
1,15,109,67,106
1,16,109,76,106
1,17,109,71,106
1,18,109,82,106
1,19,109,78,106
1,20,109,69,106
1,21,109,62,106
1,22,109,147,106
1,23,109,86,106
1,24,109,72,106
1,25,109,73,106
1,26,109,142,106
1,27,109,161,106
1,28,109,145,106
1,29,109,141,106
1,30,109,64,106
1,31,109,158,106
1,32,109,166,106
1,33,109,154,106
1,34,109,165,106
1,35,109,80,106
1,36,109,77,106
1,37,109,159,106
1,38,109,157,106
1,39,109,164,106
1,40,109,156,106
1,41,109,137,106
1,42,109,144,106
1,43,109,140,106
1,44,109,138,106
1,45,109,150,106
1,46,109,146,106
1,47,109,139,106
1,48,109,162,106
1,49,109,155,106
1,50,109,151,106
1,51,109,152,106
1,52,109,149,106
1,53,109,120,106
1,54,109,121,106
1,55,109,135,106
1,56,109,163,106
1,57,109,122,106
1,58,109,127,106
1,59,109,131,106
1,60,109,129,106
1,61,109,136,106
1,62,109,123,106
1,63,109,132,106
1,64,109,126,106
1,65,109,134,106
1,66,109,119,106
1,67,109,124,106
1,68,109,148,106
1,69,109,125,106
1,70,109,22,106
1,71,109,128,106
1,72,109,153,106
1,73,109,130,106
1,74,109,143,106
1,75,109,21,106
1,76,109,160,106
1,77,109,28,106
1,78,109,32,106
1,79,109,4,106
1,80,109,7,106
1,81,109,24,106
1,82,109,1,106
1,83,109,16,106
1,84,109,13,106
1,85,109,15,106
1,86,109,20,106
1,87,109,2,106
1,88,109,19,106
1,89,109,10,106
1,90,109,11,106
1,91,109,5,106
1,92,109,9,106
1,93,109,29,106
1,94,109,30,106
1,95,109,26,106
1,96,109,31,106
1,97,109,3,106
1,98,109,12,106
1,99,109,18,106
1,100,109,25,106
1,101,109,133,106
1,102,109,27,106
1,103,109,6,106
1,104,109,14,106
1,105,109,97,106
1,106,109,108,106
1,107,109,110,106
1,108,109,105,106
1,109,109,109,106
1,110,109,95,106
1,111,109,118,106
1,112,109,106,106
1,113,109,17,106
1,114,109,111,106
1,115,109,115,106
1,116,109,113,106
1,117,109,90,106
1,118,109,100,106
1,119,109,116,106
1,120,109,102,106
1,121,109,101,106
1,122,109,94,106
1,123,109,114,106
1,124,109,8,106
1,125,109,117,106
1,126,109,98,106
1,127,109,103,106
1,128,109,44,106
1,129,109,112,106
18,130,109,93,106
18,131,109,107,106
18,132,109,99,106
18,133,109,89,106
18,134,109,91,106
18,135,109,96,106
18,136,109,92,106
1,137,109,104,106
1,138,109,48,106
1,139,109,61,106
1,140,109,23,106
1,141,109,36,106
1,142,109,50,106
1,143,109,47,106
1,144,109,43,106
1,145,109,57,106
1,146,109,33,106
1,147,109,38,106
1,148,109,45,106
1,149,109,54,106
1,150,109,46,106
1,151,109,52,106
1,152,109,37,106
1,153,109,51,106
1,154,109,41,106
1,155,109,59,106
1,156,109,39,106
1,157,109,34,106
1,158,109,53,106
1,159,109,42,106
1,160,109,40,106
1,161,109,55,106
1,162,109,35,106
1,163,109,49,106
1,164,109,60,106
1,165,109,58,106
1,166,109,56,106
1,1,110,81,67
1,2,110,87,67
1,3,110,63,67
1,4,110,68,67
1,5,110,84,67
1,6,110,85,67
1,7,110,88,67
1,8,110,70,67
1,9,110,83,67
1,10,110,75,67
1,11,110,79,67
1,12,110,66,67
1,13,110,74,67
1,14,110,65,67
1,15,110,67,67
1,16,110,76,67
1,17,110,71,67
1,18,110,82,67
1,19,110,78,67
1,20,110,69,67
1,21,110,62,67
1,22,110,147,67
1,23,110,86,67
1,24,110,72,67
1,25,110,73,67
1,26,110,142,67
1,27,110,161,67
1,28,110,145,67
1,29,110,141,67
1,30,110,64,67
1,31,110,158,67
1,32,110,166,67
1,33,110,154,67
1,34,110,165,67
1,35,110,80,67
1,36,110,77,67
1,37,110,159,67
1,38,110,157,67
1,39,110,164,67
1,40,110,156,67
1,41,110,137,67
1,42,110,144,67
1,43,110,140,67
1,44,110,138,67
1,45,110,150,67
1,46,110,146,67
1,47,110,139,67
1,48,110,162,67
1,49,110,155,67
1,50,110,151,67
1,51,110,152,67
1,52,110,149,67
1,53,110,120,67
1,54,110,121,67
1,55,110,135,67
1,56,110,163,67
1,57,110,122,67
1,58,110,127,67
1,59,110,131,67
1,60,110,129,67
1,61,110,136,67
1,62,110,123,67
1,63,110,132,67
1,64,110,126,67
1,65,110,134,67
1,66,110,119,67
1,67,110,124,67
1,68,110,148,67
1,69,110,125,67
1,70,110,22,67
1,71,110,128,67
1,72,110,153,67
1,73,110,130,67
6,74,110,143,67
6,75,110,21,67
6,76,110,160,67
6,77,110,28,67
6,78,110,32,67
6,79,110,4,67
6,80,110,7,67
6,81,110,24,67
6,82,110,1,67
15,83,110,16,67
16,84,110,13,67
16,85,110,15,67
16,86,110,20,67
16,87,110,2,67
16,88,110,19,67
16,89,110,10,67
16,90,110,11,67
16,91,110,5,67
16,92,110,9,67
16,93,110,29,67
16,94,110,30,67
16,95,110,26,67
16,96,110,31,67
16,97,110,3,67
16,98,110,12,67
16,99,110,18,67
16,100,110,25,67
16,101,110,133,67
16,102,110,27,67
16,103,110,6,67
16,104,110,14,67
1,105,110,97,67
1,106,110,108,67
1,107,110,110,67
1,108,110,105,67
1,109,110,109,67
1,110,110,95,67
1,111,110,118,67
1,112,110,106,67
1,113,110,17,67
1,114,110,111,67
1,115,110,115,67
1,116,110,113,67
1,117,110,90,67
1,118,110,100,67
1,119,110,116,67
1,120,110,102,67
1,121,110,101,67
1,122,110,94,67
1,123,110,114,67
1,124,110,8,67
1,125,110,117,67
1,126,110,98,67
1,127,110,103,67
1,128,110,44,67
1,129,110,112,67
18,130,110,93,67
18,131,110,107,67
18,132,110,99,67
18,133,110,89,67
18,134,110,91,67
18,135,110,96,67
18,136,110,92,67
1,137,110,104,67
1,138,110,48,67
1,139,110,61,67
1,140,110,23,67
1,141,110,36,67
1,142,110,50,67
1,143,110,47,67
1,144,110,43,67
1,145,110,57,67
1,146,110,33,67
1,147,110,38,67
1,148,110,45,67
1,149,110,54,67
1,150,110,46,67
1,151,110,52,67
1,152,110,37,67
1,153,110,51,67
1,154,110,41,67
1,155,110,59,67
1,156,110,39,67
1,157,110,34,67
1,158,110,53,67
1,159,110,42,67
1,160,110,40,67
1,161,110,55,67
1,162,110,35,67
1,163,110,49,67
1,164,110,60,67
1,165,110,58,67
1,166,110,56,67
1,1,111,81,10
1,2,111,87,10
1,3,111,63,10
1,4,111,68,10
1,5,111,84,10
1,6,111,85,10
1,7,111,88,10
1,8,111,70,10
1,9,111,83,10
1,10,111,75,10
1,11,111,79,10
1,12,111,66,10
1,13,111,74,10
1,14,111,65,10
1,15,111,67,10
1,16,111,76,10
1,17,111,71,10
1,18,111,82,10
1,19,111,78,10
1,20,111,69,10
1,21,111,62,10
1,22,111,147,10
1,23,111,86,10
1,24,111,72,10
1,25,111,73,10
1,26,111,142,10
1,27,111,161,10
1,28,111,145,10
1,29,111,141,10
1,30,111,64,10
1,31,111,158,10
1,32,111,166,10
1,33,111,154,10
1,34,111,165,10
1,35,111,80,10
1,36,111,77,10
1,37,111,159,10
1,38,111,157,10
1,39,111,164,10
1,40,111,156,10
1,41,111,137,10
1,42,111,144,10
1,43,111,140,10
1,44,111,138,10
1,45,111,150,10
1,46,111,146,10
1,47,111,139,10
1,48,111,162,10
1,49,111,155,10
1,50,111,151,10
1,51,111,152,10
1,52,111,149,10
1,53,111,120,10
1,54,111,121,10
1,55,111,135,10
1,56,111,163,10
1,57,111,122,10
1,58,111,127,10
1,59,111,131,10
1,60,111,129,10
1,61,111,136,10
1,62,111,123,10
1,63,111,132,10
1,64,111,126,10
1,65,111,134,10
1,66,111,119,10
1,67,111,124,10
1,68,111,148,10
1,69,111,125,10
1,70,111,22,10
1,71,111,128,10
1,72,111,153,10
1,73,111,130,10
1,74,111,143,10
1,75,111,21,10
1,76,111,160,10
1,77,111,28,10
1,78,111,32,10
1,79,111,4,10
1,80,111,7,10
1,81,111,24,10
1,82,111,1,10
1,83,111,16,10
1,84,111,13,10
1,85,111,15,10
1,86,111,20,10
1,87,111,2,10
1,88,111,19,10
1,89,111,10,10
1,90,111,11,10
1,91,111,5,10
1,92,111,9,10
1,93,111,29,10
1,94,111,30,10
1,95,111,26,10
1,96,111,31,10
1,97,111,3,10
1,98,111,12,10
1,99,111,18,10
1,100,111,25,10
1,101,111,133,10
1,102,111,27,10
1,103,111,6,10
1,104,111,14,10
2,105,111,97,10
2,106,111,108,10
2,107,111,110,10
2,108,111,105,10
2,109,111,109,10
2,110,111,95,10
2,111,111,118,10
2,112,111,106,10
2,113,111,17,10
2,114,111,111,10
2,115,111,115,10
2,116,111,113,10
2,117,111,90,10
2,118,111,100,10
2,119,111,116,10
2,120,111,102,10
2,121,111,101,10
2,122,111,94,10
2,123,111,114,10
2,124,111,8,10
2,125,111,117,10
2,126,111,98,10
2,127,111,103,10
2,128,111,44,10
2,129,111,112,10
2,130,111,93,10
2,131,111,107,10
2,132,111,99,10
2,133,111,89,10
2,134,111,91,10
2,135,111,96,10
2,136,111,92,10
2,137,111,104,10
1,138,111,48,10
1,139,111,61,10
1,140,111,23,10
1,141,111,36,10
1,142,111,50,10
1,143,111,47,10
1,144,111,43,10
1,145,111,57,10
1,146,111,33,10
1,147,111,38,10
1,148,111,45,10
1,149,111,54,10
1,150,111,46,10
1,151,111,52,10
1,152,111,37,10
1,153,111,51,10
1,154,111,41,10
1,155,111,59,10
1,156,111,39,10
1,157,111,34,10
1,158,111,53,10
1,159,111,42,10
1,160,111,40,10
1,161,111,55,10
1,162,111,35,10
1,163,111,49,10
1,164,111,60,10
1,165,111,58,10
1,166,111,56,10
1,1,112,81,20
1,2,112,87,20
1,3,112,63,20
1,4,112,68,20
1,5,112,84,20
1,6,112,85,20
1,7,112,88,20
1,8,112,70,20
1,9,112,83,20
1,10,112,75,20
1,11,112,79,20
1,12,112,66,20
1,13,112,74,20
1,14,112,65,20
1,15,112,67,20
1,16,112,76,20
1,17,112,71,20
1,18,112,82,20
1,19,112,78,20
1,20,112,69,20
1,21,112,62,20
1,22,112,147,20
1,23,112,86,20
1,24,112,72,20
1,25,112,73,20
1,26,112,142,20
1,27,112,161,20
1,28,112,145,20
1,29,112,141,20
1,30,112,64,20
1,31,112,158,20
1,32,112,166,20
1,33,112,154,20
1,34,112,165,20
1,35,112,80,20
1,36,112,77,20
1,37,112,159,20
1,38,112,157,20
1,39,112,164,20
1,40,112,156,20
1,41,112,137,20
1,42,112,144,20
1,43,112,140,20
1,44,112,138,20
1,45,112,150,20
1,46,112,146,20
1,47,112,139,20
1,48,112,162,20
1,49,112,155,20
1,50,112,151,20
1,51,112,152,20
1,52,112,149,20
1,53,112,120,20
1,54,112,121,20
1,55,112,135,20
1,56,112,163,20
1,57,112,122,20
1,58,112,127,20
1,59,112,131,20
1,60,112,129,20
1,61,112,136,20
1,62,112,123,20
1,63,112,132,20
1,64,112,126,20
1,65,112,134,20
1,66,112,119,20
1,67,112,124,20
1,68,112,148,20
1,69,112,125,20
1,70,112,22,20
1,71,112,128,20
1,72,112,153,20
1,73,112,130,20
1,74,112,143,20
1,75,112,21,20
1,76,112,160,20
1,77,112,28,20
1,78,112,32,20
1,79,112,4,20
1,80,112,7,20
1,81,112,24,20
1,82,112,1,20
1,83,112,16,20
1,84,112,13,20
1,85,112,15,20
1,86,112,20,20
1,87,112,2,20
1,88,112,19,20
1,89,112,10,20
1,90,112,11,20
1,91,112,5,20
1,92,112,9,20
1,93,112,29,20
1,94,112,30,20
1,95,112,26,20
1,96,112,31,20
1,97,112,3,20
1,98,112,12,20
1,99,112,18,20
1,100,112,25,20
1,101,112,133,20
1,102,112,27,20
1,103,112,6,20
1,104,112,14,20
2,105,112,97,20
2,106,112,108,20
2,107,112,110,20
2,108,112,105,20
2,109,112,109,20
2,110,112,95,20
2,111,112,118,20
2,112,112,106,20
2,113,112,17,20
2,114,112,111,20
2,115,112,115,20
2,116,112,113,20
2,117,112,90,20
2,118,112,100,20
2,119,112,116,20
2,120,112,102,20
2,121,112,101,20
2,122,112,94,20
2,123,112,114,20
2,124,112,8,20
2,125,112,117,20
2,126,112,98,20
2,127,112,103,20
2,128,112,44,20
2,129,112,112,20
2,130,112,93,20
2,131,112,107,20
2,132,112,99,20
2,133,112,89,20
2,134,112,91,20
2,135,112,96,20
2,136,112,92,20
2,137,112,104,20
1,138,112,48,20
1,139,112,61,20
1,140,112,23,20
1,141,112,36,20
1,142,112,50,20
1,143,112,47,20
1,144,112,43,20
1,145,112,57,20
1,146,112,33,20
1,147,112,38,20
1,148,112,45,20
1,149,112,54,20
1,150,112,46,20
1,151,112,52,20
1,152,112,37,20
1,153,112,51,20
1,154,112,41,20
1,155,112,59,20
1,156,112,39,20
1,157,112,34,20
1,158,112,53,20
1,159,112,42,20
1,160,112,40,20
1,161,112,55,20
1,162,112,35,20
1,163,112,49,20
1,164,112,60,20
1,165,112,58,20
1,166,112,56,20
1,1,113,81,87
1,2,113,87,87
1,3,113,63,87
1,4,113,68,87
1,5,113,84,87
1,6,113,85,87
1,7,113,88,87
1,8,113,70,87
1,9,113,83,87
1,10,113,75,87
1,11,113,79,87
1,12,113,66,87
1,13,113,74,87
1,14,113,65,87
1,15,113,67,87
1,16,113,76,87
1,17,113,71,87
1,18,113,82,87
1,19,113,78,87
1,20,113,69,87
1,21,113,62,87
1,22,113,147,87
1,23,113,86,87
1,24,113,72,87
1,25,113,73,87
1,26,113,142,87
1,27,113,161,87
1,28,113,145,87
1,29,113,141,87
1,30,113,64,87
1,31,113,158,87
1,32,113,166,87
1,33,113,154,87
1,34,113,165,87
1,35,113,80,87
1,36,113,77,87
1,37,113,159,87
1,38,113,157,87
1,39,113,164,87
1,40,113,156,87
1,41,113,137,87
1,42,113,144,87
1,43,113,140,87
1,44,113,138,87
1,45,113,150,87
1,46,113,146,87
1,47,113,139,87
1,48,113,162,87
1,49,113,155,87
1,50,113,151,87
1,51,113,152,87
1,52,113,149,87
1,53,113,120,87
1,54,113,121,87
1,55,113,135,87
1,56,113,163,87
1,57,113,122,87
1,58,113,127,87
1,59,113,131,87
1,60,113,129,87
1,61,113,136,87
1,62,113,123,87
1,63,113,132,87
1,64,113,126,87
1,65,113,134,87
1,66,113,119,87
1,67,113,124,87
1,68,113,148,87
1,69,113,125,87
1,70,113,22,87
1,71,113,128,87
1,72,113,153,87
1,73,113,130,87
1,74,113,143,87
1,75,113,21,87
1,76,113,160,87
1,77,113,28,87
1,78,113,32,87
1,79,113,4,87
1,80,113,7,87
1,81,113,24,87
1,82,113,1,87
1,83,113,16,87
1,84,113,13,87
1,85,113,15,87
1,86,113,20,87
1,87,113,2,87
1,88,113,19,87
1,89,113,10,87
1,90,113,11,87
1,91,113,5,87
1,92,113,9,87
1,93,113,29,87
1,94,113,30,87
1,95,113,26,87
1,96,113,31,87
1,97,113,3,87
1,98,113,12,87
1,99,113,18,87
1,100,113,25,87
1,101,113,133,87
1,102,113,27,87
1,103,113,6,87
1,104,113,14,87
2,105,113,97,87
2,106,113,108,87
2,107,113,110,87
2,108,113,105,87
2,109,113,109,87
2,110,113,95,87
2,111,113,118,87
2,112,113,106,87
2,113,113,17,87
2,114,113,111,87
2,115,113,115,87
2,116,113,113,87
2,117,113,90,87
2,118,113,100,87
2,119,113,116,87
2,120,113,102,87
2,121,113,101,87
2,122,113,94,87
2,123,113,114,87
2,124,113,8,87
2,125,113,117,87
2,126,113,98,87
2,127,113,103,87
2,128,113,44,87
2,129,113,112,87
2,130,113,93,87
2,131,113,107,87
2,132,113,99,87
2,133,113,89,87
2,134,113,91,87
2,135,113,96,87
2,136,113,92,87
2,137,113,104,87
1,138,113,48,87
1,139,113,61,87
1,140,113,23,87
1,141,113,36,87
1,142,113,50,87
1,143,113,47,87
1,144,113,43,87
1,145,113,57,87
1,146,113,33,87
1,147,113,38,87
1,148,113,45,87
1,149,113,54,87
1,150,113,46,87
1,151,113,52,87
1,152,113,37,87
1,153,113,51,87
1,154,113,41,87
1,155,113,59,87
1,156,113,39,87
1,157,113,34,87
1,158,113,53,87
1,159,113,42,87
1,160,113,40,87
1,161,113,55,87
1,162,113,35,87
1,163,113,49,87
1,164,113,60,87
1,165,113,58,87
1,166,113,56,87
1,1,114,81,3
1,2,114,87,3
1,3,114,63,3
1,4,114,68,3
1,5,114,84,3
1,6,114,85,3
1,7,114,88,3
1,8,114,70,3
1,9,114,83,3
1,10,114,75,3
1,11,114,79,3
1,12,114,66,3
1,13,114,74,3
1,14,114,65,3
1,15,114,67,3
1,16,114,76,3
1,17,114,71,3
1,18,114,82,3
1,19,114,78,3
1,20,114,69,3
1,21,114,62,3
1,22,114,147,3
1,23,114,86,3
1,24,114,72,3
1,25,114,73,3
1,26,114,142,3
1,27,114,161,3
1,28,114,145,3
1,29,114,141,3
1,30,114,64,3
1,31,114,158,3
1,32,114,166,3
1,33,114,154,3
1,34,114,165,3
1,35,114,80,3
1,36,114,77,3
1,37,114,159,3
1,38,114,157,3
1,39,114,164,3
1,40,114,156,3
1,41,114,137,3
1,42,114,144,3
1,43,114,140,3
1,44,114,138,3
1,45,114,150,3
1,46,114,146,3
1,47,114,139,3
1,48,114,162,3
1,49,114,155,3
1,50,114,151,3
1,51,114,152,3
1,52,114,149,3
1,53,114,120,3
1,54,114,121,3
1,55,114,135,3
1,56,114,163,3
1,57,114,122,3
1,58,114,127,3
1,59,114,131,3
1,60,114,129,3
1,61,114,136,3
1,62,114,123,3
1,63,114,132,3
1,64,114,126,3
1,65,114,134,3
1,66,114,119,3
1,67,114,124,3
1,68,114,148,3
1,69,114,125,3
1,70,114,22,3
1,71,114,128,3
1,72,114,153,3
1,73,114,130,3
1,74,114,143,3
1,75,114,21,3
1,76,114,160,3
1,77,114,28,3
1,78,114,32,3
1,79,114,4,3
1,80,114,7,3
1,81,114,24,3
1,82,114,1,3
1,83,114,16,3
1,84,114,13,3
1,85,114,15,3
1,86,114,20,3
1,87,114,2,3
1,88,114,19,3
1,89,114,10,3
1,90,114,11,3
1,91,114,5,3
1,92,114,9,3
1,93,114,29,3
1,94,114,30,3
1,95,114,26,3
1,96,114,31,3
1,97,114,3,3
1,98,114,12,3
1,99,114,18,3
1,100,114,25,3
1,101,114,133,3
1,102,114,27,3
1,103,114,6,3
1,104,114,14,3
2,105,114,97,3
2,106,114,108,3
2,107,114,110,3
2,108,114,105,3
2,109,114,109,3
2,110,114,95,3
2,111,114,118,3
2,112,114,106,3
2,113,114,17,3
2,114,114,111,3
2,115,114,115,3
2,116,114,113,3
2,117,114,90,3
2,118,114,100,3
2,119,114,116,3
2,120,114,102,3
2,121,114,101,3
2,122,114,94,3
2,123,114,114,3
2,124,114,8,3
2,125,114,117,3
2,126,114,98,3
2,127,114,103,3
2,128,114,44,3
2,129,114,112,3
2,130,114,93,3
2,131,114,107,3
2,132,114,99,3
2,133,114,89,3
2,134,114,91,3
2,135,114,96,3
2,136,114,92,3
2,137,114,104,3
1,138,114,48,3
1,139,114,61,3
1,140,114,23,3
1,141,114,36,3
1,142,114,50,3
1,143,114,47,3
1,144,114,43,3
1,145,114,57,3
1,146,114,33,3
1,147,114,38,3
1,148,114,45,3
1,149,114,54,3
1,150,114,46,3
1,151,114,52,3
1,152,114,37,3
1,153,114,51,3
1,154,114,41,3
1,155,114,59,3
1,156,114,39,3
1,157,114,34,3
1,158,114,53,3
1,159,114,42,3
1,160,114,40,3
1,161,114,55,3
1,162,114,35,3
1,163,114,49,3
1,164,114,60,3
1,165,114,58,3
1,166,114,56,3
1,1,115,81,107
1,2,115,87,107
1,3,115,63,107
1,4,115,68,107
1,5,115,84,107
1,6,115,85,107
1,7,115,88,107
1,8,115,70,107
1,9,115,83,107
1,10,115,75,107
1,11,115,79,107
1,12,115,66,107
1,13,115,74,107
1,14,115,65,107
1,15,115,67,107
1,16,115,76,107
1,17,115,71,107
1,18,115,82,107
1,19,115,78,107
1,20,115,69,107
1,21,115,62,107
1,22,115,147,107
1,23,115,86,107
1,24,115,72,107
1,25,115,73,107
1,26,115,142,107
1,27,115,161,107
1,28,115,145,107
1,29,115,141,107
1,30,115,64,107
1,31,115,158,107
1,32,115,166,107
1,33,115,154,107
1,34,115,165,107
1,35,115,80,107
1,36,115,77,107
1,37,115,159,107
1,38,115,157,107
1,39,115,164,107
1,40,115,156,107
1,41,115,137,107
1,42,115,144,107
1,43,115,140,107
1,44,115,138,107
1,45,115,150,107
1,46,115,146,107
1,47,115,139,107
1,48,115,162,107
1,49,115,155,107
1,50,115,151,107
1,51,115,152,107
1,52,115,149,107
1,53,115,120,107
1,54,115,121,107
1,55,115,135,107
1,56,115,163,107
1,57,115,122,107
1,58,115,127,107
1,59,115,131,107
1,60,115,129,107
1,61,115,136,107
1,62,115,123,107
1,63,115,132,107
1,64,115,126,107
1,65,115,134,107
1,66,115,119,107
1,67,115,124,107
1,68,115,148,107
1,69,115,125,107
1,70,115,22,107
1,71,115,128,107
1,72,115,153,107
1,73,115,130,107
1,74,115,143,107
1,75,115,21,107
1,76,115,160,107
1,77,115,28,107
1,78,115,32,107
1,79,115,4,107
1,80,115,7,107
1,81,115,24,107
1,82,115,1,107
1,83,115,16,107
1,84,115,13,107
1,85,115,15,107
1,86,115,20,107
1,87,115,2,107
1,88,115,19,107
1,89,115,10,107
1,90,115,11,107
1,91,115,5,107
1,92,115,9,107
1,93,115,29,107
1,94,115,30,107
1,95,115,26,107
1,96,115,31,107
1,97,115,3,107
1,98,115,12,107
1,99,115,18,107
1,100,115,25,107
1,101,115,133,107
1,102,115,27,107
1,103,115,6,107
1,104,115,14,107
2,105,115,97,107
2,106,115,108,107
2,107,115,110,107
2,108,115,105,107
2,109,115,109,107
2,110,115,95,107
2,111,115,118,107
2,112,115,106,107
2,113,115,17,107
2,114,115,111,107
2,115,115,115,107
2,116,115,113,107
2,117,115,90,107
2,118,115,100,107
2,119,115,116,107
2,120,115,102,107
2,121,115,101,107
2,122,115,94,107
2,123,115,114,107
2,124,115,8,107
2,125,115,117,107
2,126,115,98,107
2,127,115,103,107
2,128,115,44,107
2,129,115,112,107
2,130,115,93,107
2,131,115,107,107
2,132,115,99,107
2,133,115,89,107
2,134,115,91,107
2,135,115,96,107
2,136,115,92,107
2,137,115,104,107
1,138,115,48,107
1,139,115,61,107
1,140,115,23,107
1,141,115,36,107
1,142,115,50,107
1,143,115,47,107
1,144,115,43,107
1,145,115,57,107
1,146,115,33,107
1,147,115,38,107
1,148,115,45,107
1,149,115,54,107
1,150,115,46,107
1,151,115,52,107
1,152,115,37,107
1,153,115,51,107
1,154,115,41,107
1,155,115,59,107
1,156,115,39,107
1,157,115,34,107
1,158,115,53,107
1,159,115,42,107
1,160,115,40,107
1,161,115,55,107
1,162,115,35,107
1,163,115,49,107
1,164,115,60,107
1,165,115,58,107
1,166,115,56,107
1,1,116,81,130
1,2,116,87,130
1,3,116,63,130
1,4,116,68,130
1,5,116,84,130
1,6,116,85,130
1,7,116,88,130
1,8,116,70,130
1,9,116,83,130
1,10,116,75,130
1,11,116,79,130
1,12,116,66,130
1,13,116,74,130
1,14,116,65,130
1,15,116,67,130
1,16,116,76,130
1,17,116,71,130
1,18,116,82,130
1,19,116,78,130
1,20,116,69,130
1,21,116,62,130
1,22,116,147,130
1,23,116,86,130
1,24,116,72,130
1,25,116,73,130
1,26,116,142,130
1,27,116,161,130
1,28,116,145,130
1,29,116,141,130
1,30,116,64,130
1,31,116,158,130
1,32,116,166,130
1,33,116,154,130
1,34,116,165,130
1,35,116,80,130
1,36,116,77,130
1,37,116,159,130
1,38,116,157,130
1,39,116,164,130
1,40,116,156,130
1,41,116,137,130
1,42,116,144,130
1,43,116,140,130
1,44,116,138,130
1,45,116,150,130
1,46,116,146,130
1,47,116,139,130
1,48,116,162,130
1,49,116,155,130
1,50,116,151,130
1,51,116,152,130
1,52,116,149,130
1,53,116,120,130
1,54,116,121,130
1,55,116,135,130
1,56,116,163,130
1,57,116,122,130
1,58,116,127,130
1,59,116,131,130
1,60,116,129,130
1,61,116,136,130
1,62,116,123,130
1,63,116,132,130
1,64,116,126,130
1,65,116,134,130
1,66,116,119,130
1,67,116,124,130
1,68,116,148,130
1,69,116,125,130
1,70,116,22,130
1,71,116,128,130
1,72,116,153,130
1,73,116,130,130
1,74,116,143,130
1,75,116,21,130
1,76,116,160,130
1,77,116,28,130
1,78,116,32,130
1,79,116,4,130
1,80,116,7,130
1,81,116,24,130
1,82,116,1,130
1,83,116,16,130
1,84,116,13,130
1,85,116,15,130
1,86,116,20,130
1,87,116,2,130
1,88,116,19,130
1,89,116,10,130
1,90,116,11,130
1,91,116,5,130
1,92,116,9,130
1,93,116,29,130
1,94,116,30,130
1,95,116,26,130
1,96,116,31,130
1,97,116,3,130
1,98,116,12,130
1,99,116,18,130
1,100,116,25,130
1,101,116,133,130
1,102,116,27,130
1,103,116,6,130
1,104,116,14,130
2,105,116,97,130
2,106,116,108,130
2,107,116,110,130
2,108,116,105,130
2,109,116,109,130
2,110,116,95,130
2,111,116,118,130
2,112,116,106,130
2,113,116,17,130
2,114,116,111,130
2,115,116,115,130
2,116,116,113,130
2,117,116,90,130
2,118,116,100,130
2,119,116,116,130
2,120,116,102,130
2,121,116,101,130
2,122,116,94,130
2,123,116,114,130
2,124,116,8,130
2,125,116,117,130
2,126,116,98,130
2,127,116,103,130
2,128,116,44,130
2,129,116,112,130
2,130,116,93,130
2,131,116,107,130
2,132,116,99,130
2,133,116,89,130
2,134,116,91,130
2,135,116,96,130
2,136,116,92,130
2,137,116,104,130
1,138,116,48,130
1,139,116,61,130
1,140,116,23,130
1,141,116,36,130
1,142,116,50,130
1,143,116,47,130
1,144,116,43,130
1,145,116,57,130
1,146,116,33,130
1,147,116,38,130
1,148,116,45,130
1,149,116,54,130
1,150,116,46,130
1,151,116,52,130
1,152,116,37,130
1,153,116,51,130
1,154,116,41,130
1,155,116,59,130
1,156,116,39,130
1,157,116,34,130
1,158,116,53,130
1,159,116,42,130
1,160,116,40,130
1,161,116,55,130
1,162,116,35,130
1,163,116,49,130
1,164,116,60,130
1,165,116,58,130
1,166,116,56,130
1,1,117,81,152
1,2,117,87,152
1,3,117,63,152
1,4,117,68,152
1,5,117,84,152
1,6,117,85,152
1,7,117,88,152
1,8,117,70,152
1,9,117,83,152
1,10,117,75,152
1,11,117,79,152
1,12,117,66,152
1,13,117,74,152
1,14,117,65,152
1,15,117,67,152
1,16,117,76,152
1,17,117,71,152
1,18,117,82,152
1,19,117,78,152
1,20,117,69,152
1,21,117,62,152
1,22,117,147,152
1,23,117,86,152
1,24,117,72,152
1,25,117,73,152
1,26,117,142,152
1,27,117,161,152
1,28,117,145,152
1,29,117,141,152
1,30,117,64,152
1,31,117,158,152
1,32,117,166,152
1,33,117,154,152
1,34,117,165,152
1,35,117,80,152
1,36,117,77,152
1,37,117,159,152
1,38,117,157,152
1,39,117,164,152
1,40,117,156,152
1,41,117,137,152
1,42,117,144,152
1,43,117,140,152
1,44,117,138,152
1,45,117,150,152
1,46,117,146,152
1,47,117,139,152
1,48,117,162,152
1,49,117,155,152
1,50,117,151,152
1,51,117,152,152
1,52,117,149,152
1,53,117,120,152
1,54,117,121,152
1,55,117,135,152
1,56,117,163,152
1,57,117,122,152
1,58,117,127,152
1,59,117,131,152
1,60,117,129,152
1,61,117,136,152
1,62,117,123,152
1,63,117,132,152
1,64,117,126,152
1,65,117,134,152
1,66,117,119,152
1,67,117,124,152
1,68,117,148,152
1,69,117,125,152
1,70,117,22,152
1,71,117,128,152
1,72,117,153,152
1,73,117,130,152
1,74,117,143,152
1,75,117,21,152
1,76,117,160,152
1,77,117,28,152
1,78,117,32,152
1,79,117,4,152
1,80,117,7,152
1,81,117,24,152
1,82,117,1,152
1,83,117,16,152
1,84,117,13,152
1,85,117,15,152
1,86,117,20,152
1,87,117,2,152
1,88,117,19,152
1,89,117,10,152
1,90,117,11,152
1,91,117,5,152
1,92,117,9,152
1,93,117,29,152
1,94,117,30,152
1,95,117,26,152
1,96,117,31,152
1,97,117,3,152
1,98,117,12,152
1,99,117,18,152
1,100,117,25,152
1,101,117,133,152
1,102,117,27,152
1,103,117,6,152
1,104,117,14,152
2,105,117,97,152
2,106,117,108,152
2,107,117,110,152
2,108,117,105,152
2,109,117,109,152
2,110,117,95,152
2,111,117,118,152
2,112,117,106,152
2,113,117,17,152
2,114,117,111,152
2,115,117,115,152
2,116,117,113,152
2,117,117,90,152
2,118,117,100,152
2,119,117,116,152
2,120,117,102,152
2,121,117,101,152
2,122,117,94,152
2,123,117,114,152
2,124,117,8,152
2,125,117,117,152
2,126,117,98,152
2,127,117,103,152
2,128,117,44,152
2,129,117,112,152
2,130,117,93,152
2,131,117,107,152
2,132,117,99,152
2,133,117,89,152
2,134,117,91,152
2,135,117,96,152
2,136,117,92,152
2,137,117,104,152
1,138,117,48,152
1,139,117,61,152
1,140,117,23,152
1,141,117,36,152
1,142,117,50,152
1,143,117,47,152
1,144,117,43,152
1,145,117,57,152
1,146,117,33,152
1,147,117,38,152
1,148,117,45,152
1,149,117,54,152
1,150,117,46,152
1,151,117,52,152
1,152,117,37,152
1,153,117,51,152
1,154,117,41,152
1,155,117,59,152
1,156,117,39,152
1,157,117,34,152
1,158,117,53,152
1,159,117,42,152
1,160,117,40,152
1,161,117,55,152
1,162,117,35,152
1,163,117,49,152
1,164,117,60,152
1,165,117,58,152
1,166,117,56,152
1,1,118,81,143
1,2,118,87,143
1,3,118,63,143
1,4,118,68,143
1,5,118,84,143
1,6,118,85,143
1,7,118,88,143
1,8,118,70,143
1,9,118,83,143
1,10,118,75,143
1,11,118,79,143
1,12,118,66,143
1,13,118,74,143
1,14,118,65,143
1,15,118,67,143
1,16,118,76,143
1,17,118,71,143
1,18,118,82,143
1,19,118,78,143
1,20,118,69,143
1,21,118,62,143
1,22,118,147,143
1,23,118,86,143
1,24,118,72,143
1,25,118,73,143
1,26,118,142,143
1,27,118,161,143
1,28,118,145,143
1,29,118,141,143
1,30,118,64,143
1,31,118,158,143
1,32,118,166,143
1,33,118,154,143
1,34,118,165,143
1,35,118,80,143
1,36,118,77,143
1,37,118,159,143
1,38,118,157,143
1,39,118,164,143
1,40,118,156,143
1,41,118,137,143
1,42,118,144,143
1,43,118,140,143
1,44,118,138,143
1,45,118,150,143
1,46,118,146,143
1,47,118,139,143
1,48,118,162,143
1,49,118,155,143
1,50,118,151,143
1,51,118,152,143
1,52,118,149,143
1,53,118,120,143
1,54,118,121,143
1,55,118,135,143
1,56,118,163,143
1,57,118,122,143
1,58,118,127,143
1,59,118,131,143
1,60,118,129,143
1,61,118,136,143
1,62,118,123,143
1,63,118,132,143
1,64,118,126,143
1,65,118,134,143
1,66,118,119,143
1,67,118,124,143
1,68,118,148,143
1,69,118,125,143
1,70,118,22,143
1,71,118,128,143
1,72,118,153,143
1,73,118,130,143
1,74,118,143,143
1,75,118,21,143
1,76,118,160,143
1,77,118,28,143
1,78,118,32,143
1,79,118,4,143
1,80,118,7,143
1,81,118,24,143
1,82,118,1,143
1,83,118,16,143
1,84,118,13,143
1,85,118,15,143
1,86,118,20,143
1,87,118,2,143
1,88,118,19,143
1,89,118,10,143
1,90,118,11,143
1,91,118,5,143
1,92,118,9,143
1,93,118,29,143
1,94,118,30,143
1,95,118,26,143
1,96,118,31,143
1,97,118,3,143
1,98,118,12,143
1,99,118,18,143
1,100,118,25,143
1,101,118,133,143
1,102,118,27,143
1,103,118,6,143
1,104,118,14,143
2,105,118,97,143
2,106,118,108,143
2,107,118,110,143
2,108,118,105,143
2,109,118,109,143
2,110,118,95,143
2,111,118,118,143
2,112,118,106,143
2,113,118,17,143
2,114,118,111,143
2,115,118,115,143
2,116,118,113,143
2,117,118,90,143
2,118,118,100,143
2,119,118,116,143
2,120,118,102,143
2,121,118,101,143
2,122,118,94,143
2,123,118,114,143
2,124,118,8,143
2,125,118,117,143
2,126,118,98,143
2,127,118,103,143
2,128,118,44,143
2,129,118,112,143
2,130,118,93,143
2,131,118,107,143
2,132,118,99,143
2,133,118,89,143
2,134,118,91,143
2,135,118,96,143
2,136,118,92,143
2,137,118,104,143
1,138,118,48,143
1,139,118,61,143
1,140,118,23,143
1,141,118,36,143
1,142,118,50,143
1,143,118,47,143
1,144,118,43,143
1,145,118,57,143
1,146,118,33,143
1,147,118,38,143
1,148,118,45,143
1,149,118,54,143
1,150,118,46,143
1,151,118,52,143
1,152,118,37,143
1,153,118,51,143
1,154,118,41,143
1,155,118,59,143
1,156,118,39,143
1,157,118,34,143
1,158,118,53,143
1,159,118,42,143
1,160,118,40,143
1,161,118,55,143
1,162,118,35,143
1,163,118,49,143
1,164,118,60,143
1,165,118,58,143
1,166,118,56,143
1,1,119,81,56
1,2,119,87,56
1,3,119,63,56
1,4,119,68,56
1,5,119,84,56
1,6,119,85,56
1,7,119,88,56
1,8,119,70,56
1,9,119,83,56
1,10,119,75,56
1,11,119,79,56
1,12,119,66,56
1,13,119,74,56
1,14,119,65,56
1,15,119,67,56
1,16,119,76,56
1,17,119,71,56
1,18,119,82,56
1,19,119,78,56
1,20,119,69,56
1,21,119,62,56
1,22,119,147,56
1,23,119,86,56
1,24,119,72,56
1,25,119,73,56
1,26,119,142,56
1,27,119,161,56
1,28,119,145,56
1,29,119,141,56
1,30,119,64,56
1,31,119,158,56
1,32,119,166,56
1,33,119,154,56
1,34,119,165,56
1,35,119,80,56
1,36,119,77,56
1,37,119,159,56
1,38,119,157,56
1,39,119,164,56
1,40,119,156,56
1,41,119,137,56
1,42,119,144,56
1,43,119,140,56
1,44,119,138,56
1,45,119,150,56
1,46,119,146,56
1,47,119,139,56
1,48,119,162,56
1,49,119,155,56
1,50,119,151,56
1,51,119,152,56
1,52,119,149,56
1,53,119,120,56
1,54,119,121,56
1,55,119,135,56
1,56,119,163,56
1,57,119,122,56
1,58,119,127,56
1,59,119,131,56
1,60,119,129,56
1,61,119,136,56
1,62,119,123,56
1,63,119,132,56
1,64,119,126,56
1,65,119,134,56
1,66,119,119,56
1,67,119,124,56
1,68,119,148,56
1,69,119,125,56
1,70,119,22,56
1,71,119,128,56
1,72,119,153,56
1,73,119,130,56
1,74,119,143,56
1,75,119,21,56
1,76,119,160,56
1,77,119,28,56
1,78,119,32,56
1,79,119,4,56
1,80,119,7,56
1,81,119,24,56
1,82,119,1,56
1,83,119,16,56
1,84,119,13,56
1,85,119,15,56
1,86,119,20,56
1,87,119,2,56
1,88,119,19,56
1,89,119,10,56
1,90,119,11,56
1,91,119,5,56
1,92,119,9,56
1,93,119,29,56
1,94,119,30,56
1,95,119,26,56
1,96,119,31,56
1,97,119,3,56
1,98,119,12,56
1,99,119,18,56
1,100,119,25,56
1,101,119,133,56
1,102,119,27,56
1,103,119,6,56
1,104,119,14,56
2,105,119,97,56
2,106,119,108,56
2,107,119,110,56
2,108,119,105,56
2,109,119,109,56
2,110,119,95,56
2,111,119,118,56
2,112,119,106,56
2,113,119,17,56
2,114,119,111,56
2,115,119,115,56
2,116,119,113,56
2,117,119,90,56
2,118,119,100,56
2,119,119,116,56
2,120,119,102,56
2,121,119,101,56
2,122,119,94,56
2,123,119,114,56
2,124,119,8,56
2,125,119,117,56
2,126,119,98,56
2,127,119,103,56
2,128,119,44,56
2,129,119,112,56
2,130,119,93,56
2,131,119,107,56
2,132,119,99,56
2,133,119,89,56
2,134,119,91,56
2,135,119,96,56
2,136,119,92,56
2,137,119,104,56
1,138,119,48,56
1,139,119,61,56
1,140,119,23,56
1,141,119,36,56
1,142,119,50,56
1,143,119,47,56
1,144,119,43,56
1,145,119,57,56
1,146,119,33,56
1,147,119,38,56
1,148,119,45,56
1,149,119,54,56
1,150,119,46,56
1,151,119,52,56
1,152,119,37,56
1,153,119,51,56
1,154,119,41,56
1,155,119,59,56
1,156,119,39,56
1,157,119,34,56
1,158,119,53,56
1,159,119,42,56
1,160,119,40,56
1,161,119,55,56
1,162,119,35,56
1,163,119,49,56
1,164,119,60,56
1,165,119,58,56
1,166,119,56,56
1,1,120,81,141
1,2,120,87,141
1,3,120,63,141
1,4,120,68,141
1,5,120,84,141
1,6,120,85,141
1,7,120,88,141
1,8,120,70,141
1,9,120,83,141
1,10,120,75,141
1,11,120,79,141
1,12,120,66,141
1,13,120,74,141
1,14,120,65,141
1,15,120,67,141
1,16,120,76,141
1,17,120,71,141
1,18,120,82,141
1,19,120,78,141
1,20,120,69,141
1,21,120,62,141
1,22,120,147,141
1,23,120,86,141
1,24,120,72,141
1,25,120,73,141
1,26,120,142,141
1,27,120,161,141
1,28,120,145,141
1,29,120,141,141
1,30,120,64,141
1,31,120,158,141
1,32,120,166,141
1,33,120,154,141
1,34,120,165,141
1,35,120,80,141
1,36,120,77,141
1,37,120,159,141
1,38,120,157,141
1,39,120,164,141
1,40,120,156,141
1,41,120,137,141
1,42,120,144,141
1,43,120,140,141
1,44,120,138,141
1,45,120,150,141
1,46,120,146,141
1,47,120,139,141
1,48,120,162,141
1,49,120,155,141
1,50,120,151,141
1,51,120,152,141
1,52,120,149,141
1,53,120,120,141
1,54,120,121,141
1,55,120,135,141
1,56,120,163,141
1,57,120,122,141
1,58,120,127,141
1,59,120,131,141
1,60,120,129,141
1,61,120,136,141
1,62,120,123,141
1,63,120,132,141
1,64,120,126,141
1,65,120,134,141
1,66,120,119,141
1,67,120,124,141
1,68,120,148,141
1,69,120,125,141
1,70,120,22,141
1,71,120,128,141
1,72,120,153,141
1,73,120,130,141
1,74,120,143,141
1,75,120,21,141
1,76,120,160,141
1,77,120,28,141
1,78,120,32,141
1,79,120,4,141
1,80,120,7,141
1,81,120,24,141
1,82,120,1,141
1,83,120,16,141
1,84,120,13,141
1,85,120,15,141
1,86,120,20,141
1,87,120,2,141
1,88,120,19,141
1,89,120,10,141
1,90,120,11,141
1,91,120,5,141
1,92,120,9,141
1,93,120,29,141
1,94,120,30,141
1,95,120,26,141
1,96,120,31,141
1,97,120,3,141
1,98,120,12,141
1,99,120,18,141
1,100,120,25,141
1,101,120,133,141
1,102,120,27,141
1,103,120,6,141
1,104,120,14,141
2,105,120,97,141
2,106,120,108,141
2,107,120,110,141
2,108,120,105,141
2,109,120,109,141
2,110,120,95,141
2,111,120,118,141
2,112,120,106,141
2,113,120,17,141
2,114,120,111,141
2,115,120,115,141
2,116,120,113,141
2,117,120,90,141
2,118,120,100,141
2,119,120,116,141
2,120,120,102,141
2,121,120,101,141
2,122,120,94,141
2,123,120,114,141
2,124,120,8,141
2,125,120,117,141
2,126,120,98,141
2,127,120,103,141
2,128,120,44,141
2,129,120,112,141
2,130,120,93,141
2,131,120,107,141
2,132,120,99,141
2,133,120,89,141
2,134,120,91,141
2,135,120,96,141
2,136,120,92,141
2,137,120,104,141
1,138,120,48,141
1,139,120,61,141
1,140,120,23,141
1,141,120,36,141
1,142,120,50,141
1,143,120,47,141
1,144,120,43,141
1,145,120,57,141
1,146,120,33,141
1,147,120,38,141
1,148,120,45,141
1,149,120,54,141
1,150,120,46,141
1,151,120,52,141
1,152,120,37,141
1,153,120,51,141
1,154,120,41,141
1,155,120,59,141
1,156,120,39,141
1,157,120,34,141
1,158,120,53,141
1,159,120,42,141
1,160,120,40,141
1,161,120,55,141
1,162,120,35,141
1,163,120,49,141
1,164,120,60,141
1,165,120,58,141
1,166,120,56,141
1,1,121,81,138
1,2,121,87,138
1,3,121,63,138
1,4,121,68,138
1,5,121,84,138
1,6,121,85,138
1,7,121,88,138
1,8,121,70,138
1,9,121,83,138
1,10,121,75,138
1,11,121,79,138
1,12,121,66,138
1,13,121,74,138
1,14,121,65,138
1,15,121,67,138
1,16,121,76,138
1,17,121,71,138
1,18,121,82,138
1,19,121,78,138
1,20,121,69,138
1,21,121,62,138
1,22,121,147,138
1,23,121,86,138
1,24,121,72,138
1,25,121,73,138
1,26,121,142,138
1,27,121,161,138
1,28,121,145,138
1,29,121,141,138
1,30,121,64,138
1,31,121,158,138
1,32,121,166,138
1,33,121,154,138
1,34,121,165,138
1,35,121,80,138
1,36,121,77,138
1,37,121,159,138
1,38,121,157,138
1,39,121,164,138
1,40,121,156,138
1,41,121,137,138
1,42,121,144,138
1,43,121,140,138
1,44,121,138,138
1,45,121,150,138
1,46,121,146,138
1,47,121,139,138
1,48,121,162,138
1,49,121,155,138
1,50,121,151,138
1,51,121,152,138
1,52,121,149,138
1,53,121,120,138
1,54,121,121,138
1,55,121,135,138
1,56,121,163,138
1,57,121,122,138
1,58,121,127,138
1,59,121,131,138
1,60,121,129,138
1,61,121,136,138
1,62,121,123,138
1,63,121,132,138
1,64,121,126,138
1,65,121,134,138
1,66,121,119,138
1,67,121,124,138
1,68,121,148,138
1,69,121,125,138
1,70,121,22,138
1,71,121,128,138
1,72,121,153,138
1,73,121,130,138
1,74,121,143,138
1,75,121,21,138
1,76,121,160,138
1,77,121,28,138
1,78,121,32,138
1,79,121,4,138
1,80,121,7,138
1,81,121,24,138
1,82,121,1,138
1,83,121,16,138
1,84,121,13,138
1,85,121,15,138
1,86,121,20,138
1,87,121,2,138
1,88,121,19,138
1,89,121,10,138
1,90,121,11,138
1,91,121,5,138
1,92,121,9,138
1,93,121,29,138
1,94,121,30,138
1,95,121,26,138
1,96,121,31,138
1,97,121,3,138
1,98,121,12,138
1,99,121,18,138
1,100,121,25,138
1,101,121,133,138
1,102,121,27,138
1,103,121,6,138
1,104,121,14,138
2,105,121,97,138
2,106,121,108,138
2,107,121,110,138
2,108,121,105,138
2,109,121,109,138
2,110,121,95,138
2,111,121,118,138
2,112,121,106,138
2,113,121,17,138
2,114,121,111,138
2,115,121,115,138
2,116,121,113,138
2,117,121,90,138
2,118,121,100,138
2,119,121,116,138
2,120,121,102,138
2,121,121,101,138
2,122,121,94,138
2,123,121,114,138
2,124,121,8,138
2,125,121,117,138
2,126,121,98,138
2,127,121,103,138
2,128,121,44,138
2,129,121,112,138
2,130,121,93,138
2,131,121,107,138
2,132,121,99,138
2,133,121,89,138
2,134,121,91,138
2,135,121,96,138
2,136,121,92,138
2,137,121,104,138
1,138,121,48,138
1,139,121,61,138
1,140,121,23,138
1,141,121,36,138
1,142,121,50,138
1,143,121,47,138
1,144,121,43,138
1,145,121,57,138
1,146,121,33,138
1,147,121,38,138
1,148,121,45,138
1,149,121,54,138
1,150,121,46,138
1,151,121,52,138
1,152,121,37,138
1,153,121,51,138
1,154,121,41,138
1,155,121,59,138
1,156,121,39,138
1,157,121,34,138
1,158,121,53,138
1,159,121,42,138
1,160,121,40,138
1,161,121,55,138
1,162,121,35,138
1,163,121,49,138
1,164,121,60,138
1,165,121,58,138
1,166,121,56,138
1,1,122,81,89
1,2,122,87,89
1,3,122,63,89
1,4,122,68,89
1,5,122,84,89
1,6,122,85,89
1,7,122,88,89
1,8,122,70,89
1,9,122,83,89
1,10,122,75,89
1,11,122,79,89
1,12,122,66,89
1,13,122,74,89
1,14,122,65,89
1,15,122,67,89
1,16,122,76,89
1,17,122,71,89
1,18,122,82,89
1,19,122,78,89
1,20,122,69,89
1,21,122,62,89
1,22,122,147,89
1,23,122,86,89
1,24,122,72,89
1,25,122,73,89
1,26,122,142,89
1,27,122,161,89
1,28,122,145,89
1,29,122,141,89
1,30,122,64,89
1,31,122,158,89
1,32,122,166,89
1,33,122,154,89
1,34,122,165,89
1,35,122,80,89
1,36,122,77,89
1,37,122,159,89
1,38,122,157,89
1,39,122,164,89
1,40,122,156,89
1,41,122,137,89
1,42,122,144,89
1,43,122,140,89
1,44,122,138,89
1,45,122,150,89
1,46,122,146,89
1,47,122,139,89
1,48,122,162,89
1,49,122,155,89
1,50,122,151,89
1,51,122,152,89
1,52,122,149,89
1,53,122,120,89
1,54,122,121,89
1,55,122,135,89
1,56,122,163,89
1,57,122,122,89
1,58,122,127,89
1,59,122,131,89
1,60,122,129,89
1,61,122,136,89
1,62,122,123,89
1,63,122,132,89
1,64,122,126,89
1,65,122,134,89
1,66,122,119,89
1,67,122,124,89
1,68,122,148,89
1,69,122,125,89
1,70,122,22,89
1,71,122,128,89
1,72,122,153,89
1,73,122,130,89
1,74,122,143,89
1,75,122,21,89
1,76,122,160,89
1,77,122,28,89
1,78,122,32,89
1,79,122,4,89
1,80,122,7,89
1,81,122,24,89
1,82,122,1,89
1,83,122,16,89
1,84,122,13,89
1,85,122,15,89
1,86,122,20,89
1,87,122,2,89
1,88,122,19,89
1,89,122,10,89
1,90,122,11,89
1,91,122,5,89
1,92,122,9,89
1,93,122,29,89
1,94,122,30,89
1,95,122,26,89
1,96,122,31,89
1,97,122,3,89
1,98,122,12,89
1,99,122,18,89
1,100,122,25,89
1,101,122,133,89
1,102,122,27,89
1,103,122,6,89
1,104,122,14,89
2,105,122,97,89
2,106,122,108,89
2,107,122,110,89
2,108,122,105,89
2,109,122,109,89
2,110,122,95,89
2,111,122,118,89
2,112,122,106,89
2,113,122,17,89
2,114,122,111,89
2,115,122,115,89
2,116,122,113,89
2,117,122,90,89
2,118,122,100,89
2,119,122,116,89
2,120,122,102,89
2,121,122,101,89
2,122,122,94,89
2,123,122,114,89
2,124,122,8,89
2,125,122,117,89
2,126,122,98,89
2,127,122,103,89
2,128,122,44,89
2,129,122,112,89
2,130,122,93,89
2,131,122,107,89
2,132,122,99,89
2,133,122,89,89
2,134,122,91,89
2,135,122,96,89
2,136,122,92,89
2,137,122,104,89
1,138,122,48,89
1,139,122,61,89
1,140,122,23,89
1,141,122,36,89
1,142,122,50,89
1,143,122,47,89
1,144,122,43,89
1,145,122,57,89
1,146,122,33,89
1,147,122,38,89
1,148,122,45,89
1,149,122,54,89
1,150,122,46,89
1,151,122,52,89
1,152,122,37,89
1,153,122,51,89
1,154,122,41,89
1,155,122,59,89
1,156,122,39,89
1,157,122,34,89
1,158,122,53,89
1,159,122,42,89
1,160,122,40,89
1,161,122,55,89
1,162,122,35,89
1,163,122,49,89
1,164,122,60,89
1,165,122,58,89
1,166,122,56,89
1,1,123,81,153
1,2,123,87,153
1,3,123,63,153
1,4,123,68,153
1,5,123,84,153
1,6,123,85,153
1,7,123,88,153
1,8,123,70,153
1,9,123,83,153
1,10,123,75,153
1,11,123,79,153
1,12,123,66,153
1,13,123,74,153
1,14,123,65,153
1,15,123,67,153
1,16,123,76,153
1,17,123,71,153
1,18,123,82,153
1,19,123,78,153
1,20,123,69,153
1,21,123,62,153
1,22,123,147,153
1,23,123,86,153
1,24,123,72,153
1,25,123,73,153
1,26,123,142,153
1,27,123,161,153
1,28,123,145,153
1,29,123,141,153
1,30,123,64,153
1,31,123,158,153
1,32,123,166,153
1,33,123,154,153
1,34,123,165,153
1,35,123,80,153
1,36,123,77,153
1,37,123,159,153
1,38,123,157,153
1,39,123,164,153
1,40,123,156,153
1,41,123,137,153
1,42,123,144,153
1,43,123,140,153
1,44,123,138,153
1,45,123,150,153
1,46,123,146,153
1,47,123,139,153
1,48,123,162,153
1,49,123,155,153
1,50,123,151,153
1,51,123,152,153
1,52,123,149,153
1,53,123,120,153
1,54,123,121,153
1,55,123,135,153
1,56,123,163,153
1,57,123,122,153
1,58,123,127,153
1,59,123,131,153
1,60,123,129,153
1,61,123,136,153
1,62,123,123,153
1,63,123,132,153
1,64,123,126,153
1,65,123,134,153
1,66,123,119,153
1,67,123,124,153
1,68,123,148,153
1,69,123,125,153
1,70,123,22,153
1,71,123,128,153
1,72,123,153,153
1,73,123,130,153
1,74,123,143,153
1,75,123,21,153
1,76,123,160,153
1,77,123,28,153
1,78,123,32,153
1,79,123,4,153
1,80,123,7,153
1,81,123,24,153
1,82,123,1,153
1,83,123,16,153
1,84,123,13,153
1,85,123,15,153
1,86,123,20,153
1,87,123,2,153
1,88,123,19,153
1,89,123,10,153
1,90,123,11,153
1,91,123,5,153
1,92,123,9,153
1,93,123,29,153
1,94,123,30,153
1,95,123,26,153
1,96,123,31,153
1,97,123,3,153
1,98,123,12,153
1,99,123,18,153
1,100,123,25,153
1,101,123,133,153
1,102,123,27,153
1,103,123,6,153
1,104,123,14,153
2,105,123,97,153
2,106,123,108,153
2,107,123,110,153
2,108,123,105,153
2,109,123,109,153
2,110,123,95,153
2,111,123,118,153
2,112,123,106,153
2,113,123,17,153
2,114,123,111,153
2,115,123,115,153
2,116,123,113,153
2,117,123,90,153
2,118,123,100,153
2,119,123,116,153
2,120,123,102,153
2,121,123,101,153
2,122,123,94,153
2,123,123,114,153
2,124,123,8,153
2,125,123,117,153
2,126,123,98,153
2,127,123,103,153
2,128,123,44,153
2,129,123,112,153
2,130,123,93,153
2,131,123,107,153
2,132,123,99,153
2,133,123,89,153
2,134,123,91,153
2,135,123,96,153
2,136,123,92,153
2,137,123,104,153
1,138,123,48,153
1,139,123,61,153
1,140,123,23,153
1,141,123,36,153
1,142,123,50,153
1,143,123,47,153
1,144,123,43,153
1,145,123,57,153
1,146,123,33,153
1,147,123,38,153
1,148,123,45,153
1,149,123,54,153
1,150,123,46,153
1,151,123,52,153
1,152,123,37,153
1,153,123,51,153
1,154,123,41,153
1,155,123,59,153
1,156,123,39,153
1,157,123,34,153
1,158,123,53,153
1,159,123,42,153
1,160,123,40,153
1,161,123,55,153
1,162,123,35,153
1,163,123,49,153
1,164,123,60,153
1,165,123,58,153
1,166,123,56,153
1,1,124,81,17
1,2,124,87,17
1,3,124,63,17
1,4,124,68,17
1,5,124,84,17
1,6,124,85,17
1,7,124,88,17
1,8,124,70,17
1,9,124,83,17
1,10,124,75,17
1,11,124,79,17
1,12,124,66,17
1,13,124,74,17
1,14,124,65,17
1,15,124,67,17
1,16,124,76,17
1,17,124,71,17
1,18,124,82,17
1,19,124,78,17
1,20,124,69,17
1,21,124,62,17
1,22,124,147,17
1,23,124,86,17
1,24,124,72,17
1,25,124,73,17
1,26,124,142,17
1,27,124,161,17
1,28,124,145,17
1,29,124,141,17
1,30,124,64,17
1,31,124,158,17
1,32,124,166,17
1,33,124,154,17
1,34,124,165,17
1,35,124,80,17
1,36,124,77,17
1,37,124,159,17
1,38,124,157,17
1,39,124,164,17
1,40,124,156,17
1,41,124,137,17
1,42,124,144,17
1,43,124,140,17
1,44,124,138,17
1,45,124,150,17
1,46,124,146,17
1,47,124,139,17
1,48,124,162,17
1,49,124,155,17
1,50,124,151,17
1,51,124,152,17
1,52,124,149,17
1,53,124,120,17
1,54,124,121,17
1,55,124,135,17
1,56,124,163,17
1,57,124,122,17
1,58,124,127,17
1,59,124,131,17
1,60,124,129,17
1,61,124,136,17
1,62,124,123,17
1,63,124,132,17
1,64,124,126,17
1,65,124,134,17
1,66,124,119,17
1,67,124,124,17
1,68,124,148,17
1,69,124,125,17
1,70,124,22,17
1,71,124,128,17
1,72,124,153,17
1,73,124,130,17
1,74,124,143,17
1,75,124,21,17
1,76,124,160,17
1,77,124,28,17
1,78,124,32,17
1,79,124,4,17
1,80,124,7,17
1,81,124,24,17
1,82,124,1,17
1,83,124,16,17
1,84,124,13,17
1,85,124,15,17
1,86,124,20,17
1,87,124,2,17
1,88,124,19,17
1,89,124,10,17
1,90,124,11,17
1,91,124,5,17
1,92,124,9,17
1,93,124,29,17
1,94,124,30,17
1,95,124,26,17
1,96,124,31,17
1,97,124,3,17
1,98,124,12,17
1,99,124,18,17
1,100,124,25,17
1,101,124,133,17
1,102,124,27,17
1,103,124,6,17
1,104,124,14,17
2,105,124,97,17
2,106,124,108,17
2,107,124,110,17
2,108,124,105,17
2,109,124,109,17
2,110,124,95,17
2,111,124,118,17
2,112,124,106,17
2,113,124,17,17
2,114,124,111,17
2,115,124,115,17
2,116,124,113,17
2,117,124,90,17
2,118,124,100,17
2,119,124,116,17
2,120,124,102,17
2,121,124,101,17
2,122,124,94,17
2,123,124,114,17
2,124,124,8,17
2,125,124,117,17
2,126,124,98,17
2,127,124,103,17
2,128,124,44,17
2,129,124,112,17
2,130,124,93,17
2,131,124,107,17
2,132,124,99,17
2,133,124,89,17
2,134,124,91,17
2,135,124,96,17
2,136,124,92,17
2,137,124,104,17
1,138,124,48,17
1,139,124,61,17
1,140,124,23,17
1,141,124,36,17
1,142,124,50,17
1,143,124,47,17
1,144,124,43,17
1,145,124,57,17
1,146,124,33,17
1,147,124,38,17
1,148,124,45,17
1,149,124,54,17
1,150,124,46,17
1,151,124,52,17
1,152,124,37,17
1,153,124,51,17
1,154,124,41,17
1,155,124,59,17
1,156,124,39,17
1,157,124,34,17
1,158,124,53,17
1,159,124,42,17
1,160,124,40,17
1,161,124,55,17
1,162,124,35,17
1,163,124,49,17
1,164,124,60,17
1,165,124,58,17
1,166,124,56,17
1,1,125,81,94
1,2,125,87,94
1,3,125,63,94
1,4,125,68,94
1,5,125,84,94
1,6,125,85,94
1,7,125,88,94
1,8,125,70,94
1,9,125,83,94
1,10,125,75,94
1,11,125,79,94
1,12,125,66,94
1,13,125,74,94
1,14,125,65,94
1,15,125,67,94
1,16,125,76,94
1,17,125,71,94
1,18,125,82,94
1,19,125,78,94
1,20,125,69,94
1,21,125,62,94
1,22,125,147,94
1,23,125,86,94
1,24,125,72,94
1,25,125,73,94
1,26,125,142,94
1,27,125,161,94
1,28,125,145,94
1,29,125,141,94
1,30,125,64,94
1,31,125,158,94
1,32,125,166,94
1,33,125,154,94
1,34,125,165,94
1,35,125,80,94
1,36,125,77,94
1,37,125,159,94
1,38,125,157,94
1,39,125,164,94
1,40,125,156,94
1,41,125,137,94
1,42,125,144,94
1,43,125,140,94
1,44,125,138,94
1,45,125,150,94
1,46,125,146,94
1,47,125,139,94
1,48,125,162,94
1,49,125,155,94
1,50,125,151,94
1,51,125,152,94
1,52,125,149,94
1,53,125,120,94
1,54,125,121,94
1,55,125,135,94
1,56,125,163,94
1,57,125,122,94
1,58,125,127,94
1,59,125,131,94
1,60,125,129,94
1,61,125,136,94
1,62,125,123,94
1,63,125,132,94
1,64,125,126,94
1,65,125,134,94
1,66,125,119,94
1,67,125,124,94
1,68,125,148,94
1,69,125,125,94
1,70,125,22,94
1,71,125,128,94
1,72,125,153,94
1,73,125,130,94
1,74,125,143,94
1,75,125,21,94
1,76,125,160,94
1,77,125,28,94
1,78,125,32,94
1,79,125,4,94
1,80,125,7,94
1,81,125,24,94
1,82,125,1,94
1,83,125,16,94
1,84,125,13,94
1,85,125,15,94
1,86,125,20,94
1,87,125,2,94
1,88,125,19,94
1,89,125,10,94
1,90,125,11,94
1,91,125,5,94
1,92,125,9,94
1,93,125,29,94
1,94,125,30,94
1,95,125,26,94
1,96,125,31,94
1,97,125,3,94
1,98,125,12,94
1,99,125,18,94
1,100,125,25,94
1,101,125,133,94
1,102,125,27,94
1,103,125,6,94
1,104,125,14,94
2,105,125,97,94
2,106,125,108,94
2,107,125,110,94
2,108,125,105,94
2,109,125,109,94
2,110,125,95,94
2,111,125,118,94
2,112,125,106,94
2,113,125,17,94
2,114,125,111,94
2,115,125,115,94
2,116,125,113,94
2,117,125,90,94
2,118,125,100,94
2,119,125,116,94
2,120,125,102,94
2,121,125,101,94
2,122,125,94,94
2,123,125,114,94
2,124,125,8,94
2,125,125,117,94
2,126,125,98,94
2,127,125,103,94
2,128,125,44,94
2,129,125,112,94
2,130,125,93,94
2,131,125,107,94
2,132,125,99,94
2,133,125,89,94
2,134,125,91,94
2,135,125,96,94
2,136,125,92,94
2,137,125,104,94
1,138,125,48,94
1,139,125,61,94
1,140,125,23,94
1,141,125,36,94
1,142,125,50,94
1,143,125,47,94
1,144,125,43,94
1,145,125,57,94
1,146,125,33,94
1,147,125,38,94
1,148,125,45,94
1,149,125,54,94
1,150,125,46,94
1,151,125,52,94
1,152,125,37,94
1,153,125,51,94
1,154,125,41,94
1,155,125,59,94
1,156,125,39,94
1,157,125,34,94
1,158,125,53,94
1,159,125,42,94
1,160,125,40,94
1,161,125,55,94
1,162,125,35,94
1,163,125,49,94
1,164,125,60,94
1,165,125,58,94
1,166,125,56,94
1,1,126,81,27
1,2,126,87,27
1,3,126,63,27
1,4,126,68,27
1,5,126,84,27
1,6,126,85,27
1,7,126,88,27
1,8,126,70,27
1,9,126,83,27
1,10,126,75,27
1,11,126,79,27
1,12,126,66,27
1,13,126,74,27
1,14,126,65,27
1,15,126,67,27
1,16,126,76,27
1,17,126,71,27
1,18,126,82,27
1,19,126,78,27
1,20,126,69,27
1,21,126,62,27
1,22,126,147,27
1,23,126,86,27
1,24,126,72,27
1,25,126,73,27
1,26,126,142,27
1,27,126,161,27
1,28,126,145,27
1,29,126,141,27
1,30,126,64,27
1,31,126,158,27
1,32,126,166,27
1,33,126,154,27
1,34,126,165,27
1,35,126,80,27
1,36,126,77,27
1,37,126,159,27
1,38,126,157,27
1,39,126,164,27
1,40,126,156,27
1,41,126,137,27
1,42,126,144,27
1,43,126,140,27
1,44,126,138,27
1,45,126,150,27
1,46,126,146,27
1,47,126,139,27
1,48,126,162,27
1,49,126,155,27
1,50,126,151,27
1,51,126,152,27
1,52,126,149,27
1,53,126,120,27
1,54,126,121,27
1,55,126,135,27
1,56,126,163,27
1,57,126,122,27
1,58,126,127,27
1,59,126,131,27
1,60,126,129,27
1,61,126,136,27
1,62,126,123,27
1,63,126,132,27
1,64,126,126,27
1,65,126,134,27
1,66,126,119,27
1,67,126,124,27
1,68,126,148,27
1,69,126,125,27
1,70,126,22,27
1,71,126,128,27
1,72,126,153,27
1,73,126,130,27
1,74,126,143,27
1,75,126,21,27
1,76,126,160,27
1,77,126,28,27
1,78,126,32,27
1,79,126,4,27
1,80,126,7,27
1,81,126,24,27
1,82,126,1,27
1,83,126,16,27
1,84,126,13,27
1,85,126,15,27
1,86,126,20,27
1,87,126,2,27
1,88,126,19,27
1,89,126,10,27
1,90,126,11,27
1,91,126,5,27
1,92,126,9,27
1,93,126,29,27
1,94,126,30,27
1,95,126,26,27
1,96,126,31,27
1,97,126,3,27
1,98,126,12,27
1,99,126,18,27
1,100,126,25,27
1,101,126,133,27
1,102,126,27,27
1,103,126,6,27
1,104,126,14,27
2,105,126,97,27
2,106,126,108,27
2,107,126,110,27
2,108,126,105,27
2,109,126,109,27
2,110,126,95,27
2,111,126,118,27
2,112,126,106,27
2,113,126,17,27
2,114,126,111,27
2,115,126,115,27
2,116,126,113,27
2,117,126,90,27
2,118,126,100,27
2,119,126,116,27
2,120,126,102,27
2,121,126,101,27
2,122,126,94,27
2,123,126,114,27
2,124,126,8,27
2,125,126,117,27
2,126,126,98,27
2,127,126,103,27
2,128,126,44,27
2,129,126,112,27
2,130,126,93,27
2,131,126,107,27
2,132,126,99,27
2,133,126,89,27
2,134,126,91,27
2,135,126,96,27
2,136,126,92,27
2,137,126,104,27
1,138,126,48,27
1,139,126,61,27
1,140,126,23,27
1,141,126,36,27
1,142,126,50,27
1,143,126,47,27
1,144,126,43,27
1,145,126,57,27
1,146,126,33,27
1,147,126,38,27
1,148,126,45,27
1,149,126,54,27
1,150,126,46,27
1,151,126,52,27
1,152,126,37,27
1,153,126,51,27
1,154,126,41,27
1,155,126,59,27
1,156,126,39,27
1,157,126,34,27
1,158,126,53,27
1,159,126,42,27
1,160,126,40,27
1,161,126,55,27
1,162,126,35,27
1,163,126,49,27
1,164,126,60,27
1,165,126,58,27
1,166,126,56,27
1,1,127,81,121
1,2,127,87,121
1,3,127,63,121
1,4,127,68,121
1,5,127,84,121
1,6,127,85,121
1,7,127,88,121
1,8,127,70,121
1,9,127,83,121
1,10,127,75,121
1,11,127,79,121
1,12,127,66,121
1,13,127,74,121
1,14,127,65,121
1,15,127,67,121
1,16,127,76,121
1,17,127,71,121
1,18,127,82,121
1,19,127,78,121
1,20,127,69,121
1,21,127,62,121
1,22,127,147,121
1,23,127,86,121
1,24,127,72,121
1,25,127,73,121
1,26,127,142,121
1,27,127,161,121
1,28,127,145,121
1,29,127,141,121
1,30,127,64,121
1,31,127,158,121
1,32,127,166,121
1,33,127,154,121
1,34,127,165,121
1,35,127,80,121
1,36,127,77,121
1,37,127,159,121
1,38,127,157,121
1,39,127,164,121
1,40,127,156,121
1,41,127,137,121
1,42,127,144,121
1,43,127,140,121
1,44,127,138,121
1,45,127,150,121
1,46,127,146,121
1,47,127,139,121
1,48,127,162,121
1,49,127,155,121
1,50,127,151,121
1,51,127,152,121
1,52,127,149,121
1,53,127,120,121
1,54,127,121,121
1,55,127,135,121
1,56,127,163,121
1,57,127,122,121
1,58,127,127,121
1,59,127,131,121
1,60,127,129,121
1,61,127,136,121
1,62,127,123,121
1,63,127,132,121
1,64,127,126,121
1,65,127,134,121
1,66,127,119,121
1,67,127,124,121
1,68,127,148,121
1,69,127,125,121
1,70,127,22,121
1,71,127,128,121
1,72,127,153,121
1,73,127,130,121
1,74,127,143,121
1,75,127,21,121
1,76,127,160,121
1,77,127,28,121
1,78,127,32,121
1,79,127,4,121
1,80,127,7,121
1,81,127,24,121
1,82,127,1,121
1,83,127,16,121
1,84,127,13,121
1,85,127,15,121
1,86,127,20,121
1,87,127,2,121
1,88,127,19,121
1,89,127,10,121
1,90,127,11,121
1,91,127,5,121
1,92,127,9,121
1,93,127,29,121
1,94,127,30,121
1,95,127,26,121
1,96,127,31,121
1,97,127,3,121
1,98,127,12,121
1,99,127,18,121
1,100,127,25,121
1,101,127,133,121
1,102,127,27,121
1,103,127,6,121
1,104,127,14,121
2,105,127,97,121
2,106,127,108,121
2,107,127,110,121
2,108,127,105,121
2,109,127,109,121
2,110,127,95,121
2,111,127,118,121
2,112,127,106,121
2,113,127,17,121
2,114,127,111,121
2,115,127,115,121
2,116,127,113,121
2,117,127,90,121
2,118,127,100,121
2,119,127,116,121
2,120,127,102,121
2,121,127,101,121
2,122,127,94,121
2,123,127,114,121
2,124,127,8,121
2,125,127,117,121
2,126,127,98,121
2,127,127,103,121
2,128,127,44,121
2,129,127,112,121
2,130,127,93,121
2,131,127,107,121
2,132,127,99,121
2,133,127,89,121
2,134,127,91,121
2,135,127,96,121
2,136,127,92,121
2,137,127,104,121
1,138,127,48,121
1,139,127,61,121
1,140,127,23,121
1,141,127,36,121
1,142,127,50,121
1,143,127,47,121
1,144,127,43,121
1,145,127,57,121
1,146,127,33,121
1,147,127,38,121
1,148,127,45,121
1,149,127,54,121
1,150,127,46,121
1,151,127,52,121
1,152,127,37,121
1,153,127,51,121
1,154,127,41,121
1,155,127,59,121
1,156,127,39,121
1,157,127,34,121
1,158,127,53,121
1,159,127,42,121
1,160,127,40,121
1,161,127,55,121
1,162,127,35,121
1,163,127,49,121
1,164,127,60,121
1,165,127,58,121
1,166,127,56,121
1,1,128,81,77
1,2,128,87,77
1,3,128,63,77
1,4,128,68,77
1,5,128,84,77
1,6,128,85,77
1,7,128,88,77
1,8,128,70,77
1,9,128,83,77
1,10,128,75,77
1,11,128,79,77
1,12,128,66,77
1,13,128,74,77
1,14,128,65,77
1,15,128,67,77
1,16,128,76,77
1,17,128,71,77
1,18,128,82,77
1,19,128,78,77
1,20,128,69,77
1,21,128,62,77
1,22,128,147,77
1,23,128,86,77
1,24,128,72,77
1,25,128,73,77
1,26,128,142,77
1,27,128,161,77
1,28,128,145,77
1,29,128,141,77
1,30,128,64,77
1,31,128,158,77
1,32,128,166,77
1,33,128,154,77
1,34,128,165,77
1,35,128,80,77
1,36,128,77,77
1,37,128,159,77
1,38,128,157,77
1,39,128,164,77
1,40,128,156,77
1,41,128,137,77
1,42,128,144,77
1,43,128,140,77
1,44,128,138,77
1,45,128,150,77
1,46,128,146,77
1,47,128,139,77
1,48,128,162,77
1,49,128,155,77
1,50,128,151,77
1,51,128,152,77
1,52,128,149,77
1,53,128,120,77
1,54,128,121,77
1,55,128,135,77
1,56,128,163,77
1,57,128,122,77
1,58,128,127,77
1,59,128,131,77
1,60,128,129,77
1,61,128,136,77
1,62,128,123,77
1,63,128,132,77
1,64,128,126,77
1,65,128,134,77
1,66,128,119,77
1,67,128,124,77
1,68,128,148,77
1,69,128,125,77
1,70,128,22,77
1,71,128,128,77
1,72,128,153,77
1,73,128,130,77
1,74,128,143,77
1,75,128,21,77
1,76,128,160,77
1,77,128,28,77
1,78,128,32,77
1,79,128,4,77
1,80,128,7,77
1,81,128,24,77
1,82,128,1,77
1,83,128,16,77
1,84,128,13,77
1,85,128,15,77
1,86,128,20,77
1,87,128,2,77
1,88,128,19,77
1,89,128,10,77
1,90,128,11,77
1,91,128,5,77
1,92,128,9,77
1,93,128,29,77
1,94,128,30,77
1,95,128,26,77
1,96,128,31,77
1,97,128,3,77
1,98,128,12,77
1,99,128,18,77
1,100,128,25,77
1,101,128,133,77
1,102,128,27,77
1,103,128,6,77
1,104,128,14,77
2,105,128,97,77
2,106,128,108,77
2,107,128,110,77
2,108,128,105,77
2,109,128,109,77
2,110,128,95,77
2,111,128,118,77
2,112,128,106,77
2,113,128,17,77
2,114,128,111,77
2,115,128,115,77
2,116,128,113,77
2,117,128,90,77
2,118,128,100,77
2,119,128,116,77
2,120,128,102,77
2,121,128,101,77
2,122,128,94,77
2,123,128,114,77
2,124,128,8,77
2,125,128,117,77
2,126,128,98,77
2,127,128,103,77
2,128,128,44,77
2,129,128,112,77
2,130,128,93,77
2,131,128,107,77
2,132,128,99,77
2,133,128,89,77
2,134,128,91,77
2,135,128,96,77
2,136,128,92,77
2,137,128,104,77
1,138,128,48,77
1,139,128,61,77
1,140,128,23,77
1,141,128,36,77
1,142,128,50,77
1,143,128,47,77
1,144,128,43,77
1,145,128,57,77
1,146,128,33,77
1,147,128,38,77
1,148,128,45,77
1,149,128,54,77
1,150,128,46,77
1,151,128,52,77
1,152,128,37,77
1,153,128,51,77
1,154,128,41,77
1,155,128,59,77
1,156,128,39,77
1,157,128,34,77
1,158,128,53,77
1,159,128,42,77
1,160,128,40,77
1,161,128,55,77
1,162,128,35,77
1,163,128,49,77
1,164,128,60,77
1,165,128,58,77
1,166,128,56,77
1,1,129,81,75
1,2,129,87,75
1,3,129,63,75
1,4,129,68,75
1,5,129,84,75
1,6,129,85,75
1,7,129,88,75
1,8,129,70,75
1,9,129,83,75
1,10,129,75,75
1,11,129,79,75
1,12,129,66,75
1,13,129,74,75
1,14,129,65,75
1,15,129,67,75
1,16,129,76,75
1,17,129,71,75
1,18,129,82,75
1,19,129,78,75
1,20,129,69,75
1,21,129,62,75
1,22,129,147,75
1,23,129,86,75
1,24,129,72,75
1,25,129,73,75
1,26,129,142,75
1,27,129,161,75
1,28,129,145,75
1,29,129,141,75
1,30,129,64,75
1,31,129,158,75
1,32,129,166,75
1,33,129,154,75
1,34,129,165,75
1,35,129,80,75
1,36,129,77,75
1,37,129,159,75
1,38,129,157,75
1,39,129,164,75
1,40,129,156,75
1,41,129,137,75
1,42,129,144,75
1,43,129,140,75
1,44,129,138,75
1,45,129,150,75
1,46,129,146,75
1,47,129,139,75
1,48,129,162,75
1,49,129,155,75
1,50,129,151,75
1,51,129,152,75
1,52,129,149,75
1,53,129,120,75
1,54,129,121,75
1,55,129,135,75
1,56,129,163,75
1,57,129,122,75
1,58,129,127,75
1,59,129,131,75
1,60,129,129,75
1,61,129,136,75
1,62,129,123,75
1,63,129,132,75
1,64,129,126,75
1,65,129,134,75
1,66,129,119,75
1,67,129,124,75
1,68,129,148,75
1,69,129,125,75
1,70,129,22,75
1,71,129,128,75
1,72,129,153,75
1,73,129,130,75
1,74,129,143,75
1,75,129,21,75
1,76,129,160,75
1,77,129,28,75
1,78,129,32,75
1,79,129,4,75
1,80,129,7,75
1,81,129,24,75
1,82,129,1,75
1,83,129,16,75
1,84,129,13,75
1,85,129,15,75
1,86,129,20,75
1,87,129,2,75
1,88,129,19,75
1,89,129,10,75
1,90,129,11,75
1,91,129,5,75
1,92,129,9,75
1,93,129,29,75
1,94,129,30,75
1,95,129,26,75
1,96,129,31,75
1,97,129,3,75
1,98,129,12,75
1,99,129,18,75
1,100,129,25,75
1,101,129,133,75
1,102,129,27,75
1,103,129,6,75
1,104,129,14,75
2,105,129,97,75
2,106,129,108,75
2,107,129,110,75
2,108,129,105,75
2,109,129,109,75
2,110,129,95,75
2,111,129,118,75
2,112,129,106,75
2,113,129,17,75
2,114,129,111,75
2,115,129,115,75
2,116,129,113,75
2,117,129,90,75
2,118,129,100,75
2,119,129,116,75
2,120,129,102,75
2,121,129,101,75
2,122,129,94,75
2,123,129,114,75
2,124,129,8,75
2,125,129,117,75
2,126,129,98,75
2,127,129,103,75
2,128,129,44,75
2,129,129,112,75
2,130,129,93,75
2,131,129,107,75
2,132,129,99,75
2,133,129,89,75
2,134,129,91,75
2,135,129,96,75
2,136,129,92,75
2,137,129,104,75
1,138,129,48,75
1,139,129,61,75
1,140,129,23,75
1,141,129,36,75
1,142,129,50,75
1,143,129,47,75
1,144,129,43,75
1,145,129,57,75
1,146,129,33,75
1,147,129,38,75
1,148,129,45,75
1,149,129,54,75
1,150,129,46,75
1,151,129,52,75
1,152,129,37,75
1,153,129,51,75
1,154,129,41,75
1,155,129,59,75
1,156,129,39,75
1,157,129,34,75
1,158,129,53,75
1,159,129,42,75
1,160,129,40,75
1,161,129,55,75
1,162,129,35,75
1,163,129,49,75
1,164,129,60,75
1,165,129,58,75
1,166,129,56,75
1,1,130,81,34
1,2,130,87,34
1,3,130,63,34
1,4,130,68,34
1,5,130,84,34
1,6,130,85,34
1,7,130,88,34
1,8,130,70,34
1,9,130,83,34
1,10,130,75,34
1,11,130,79,34
1,12,130,66,34
1,13,130,74,34
1,14,130,65,34
1,15,130,67,34
1,16,130,76,34
1,17,130,71,34
1,18,130,82,34
1,19,130,78,34
1,20,130,69,34
1,21,130,62,34
1,22,130,147,34
1,23,130,86,34
1,24,130,72,34
1,25,130,73,34
1,26,130,142,34
1,27,130,161,34
1,28,130,145,34
1,29,130,141,34
1,30,130,64,34
1,31,130,158,34
1,32,130,166,34
1,33,130,154,34
1,34,130,165,34
1,35,130,80,34
1,36,130,77,34
1,37,130,159,34
1,38,130,157,34
1,39,130,164,34
1,40,130,156,34
1,41,130,137,34
1,42,130,144,34
1,43,130,140,34
1,44,130,138,34
1,45,130,150,34
1,46,130,146,34
1,47,130,139,34
1,48,130,162,34
1,49,130,155,34
1,50,130,151,34
1,51,130,152,34
1,52,130,149,34
1,53,130,120,34
1,54,130,121,34
1,55,130,135,34
1,56,130,163,34
1,57,130,122,34
1,58,130,127,34
1,59,130,131,34
1,60,130,129,34
1,61,130,136,34
1,62,130,123,34
1,63,130,132,34
1,64,130,126,34
1,65,130,134,34
1,66,130,119,34
1,67,130,124,34
1,68,130,148,34
1,69,130,125,34
1,70,130,22,34
1,71,130,128,34
1,72,130,153,34
1,73,130,130,34
1,74,130,143,34
1,75,130,21,34
1,76,130,160,34
1,77,130,28,34
1,78,130,32,34
1,79,130,4,34
1,80,130,7,34
1,81,130,24,34
1,82,130,1,34
1,83,130,16,34
1,84,130,13,34
1,85,130,15,34
1,86,130,20,34
1,87,130,2,34
1,88,130,19,34
1,89,130,10,34
1,90,130,11,34
1,91,130,5,34
1,92,130,9,34
1,93,130,29,34
1,94,130,30,34
1,95,130,26,34
1,96,130,31,34
1,97,130,3,34
1,98,130,12,34
1,99,130,18,34
1,100,130,25,34
1,101,130,133,34
1,102,130,27,34
1,103,130,6,34
1,104,130,14,34
2,105,130,97,34
2,106,130,108,34
2,107,130,110,34
2,108,130,105,34
2,109,130,109,34
2,110,130,95,34
2,111,130,118,34
2,112,130,106,34
2,113,130,17,34
2,114,130,111,34
2,115,130,115,34
2,116,130,113,34
2,117,130,90,34
2,118,130,100,34
2,119,130,116,34
2,120,130,102,34
2,121,130,101,34
2,122,130,94,34
2,123,130,114,34
2,124,130,8,34
2,125,130,117,34
2,126,130,98,34
2,127,130,103,34
2,128,130,44,34
2,129,130,112,34
2,130,130,93,34
2,131,130,107,34
2,132,130,99,34
2,133,130,89,34
2,134,130,91,34
2,135,130,96,34
2,136,130,92,34
2,137,130,104,34
1,138,130,48,34
1,139,130,61,34
1,140,130,23,34
1,141,130,36,34
1,142,130,50,34
1,143,130,47,34
1,144,130,43,34
1,145,130,57,34
1,146,130,33,34
1,147,130,38,34
1,148,130,45,34
1,149,130,54,34
1,150,130,46,34
1,151,130,52,34
1,152,130,37,34
1,153,130,51,34
1,154,130,41,34
1,155,130,59,34
1,156,130,39,34
1,157,130,34,34
1,158,130,53,34
1,159,130,42,34
1,160,130,40,34
1,161,130,55,34
1,162,130,35,34
1,163,130,49,34
1,164,130,60,34
1,165,130,58,34
1,166,130,56,34
1,1,131,81,126
1,2,131,87,126
1,3,131,63,126
1,4,131,68,126
1,5,131,84,126
1,6,131,85,126
1,7,131,88,126
1,8,131,70,126
1,9,131,83,126
1,10,131,75,126
1,11,131,79,126
1,12,131,66,126
1,13,131,74,126
1,14,131,65,126
1,15,131,67,126
1,16,131,76,126
1,17,131,71,126
1,18,131,82,126
1,19,131,78,126
1,20,131,69,126
1,21,131,62,126
1,22,131,147,126
1,23,131,86,126
1,24,131,72,126
1,25,131,73,126
1,26,131,142,126
1,27,131,161,126
1,28,131,145,126
1,29,131,141,126
1,30,131,64,126
1,31,131,158,126
1,32,131,166,126
1,33,131,154,126
1,34,131,165,126
1,35,131,80,126
1,36,131,77,126
1,37,131,159,126
1,38,131,157,126
1,39,131,164,126
1,40,131,156,126
1,41,131,137,126
1,42,131,144,126
1,43,131,140,126
1,44,131,138,126
1,45,131,150,126
1,46,131,146,126
1,47,131,139,126
1,48,131,162,126
1,49,131,155,126
1,50,131,151,126
1,51,131,152,126
1,52,131,149,126
1,53,131,120,126
1,54,131,121,126
1,55,131,135,126
1,56,131,163,126
1,57,131,122,126
1,58,131,127,126
1,59,131,131,126
1,60,131,129,126
1,61,131,136,126
1,62,131,123,126
1,63,131,132,126
1,64,131,126,126
1,65,131,134,126
1,66,131,119,126
1,67,131,124,126
1,68,131,148,126
1,69,131,125,126
1,70,131,22,126
1,71,131,128,126
1,72,131,153,126
1,73,131,130,126
1,74,131,143,126
1,75,131,21,126
1,76,131,160,126
1,77,131,28,126
1,78,131,32,126
1,79,131,4,126
1,80,131,7,126
1,81,131,24,126
1,82,131,1,126
1,83,131,16,126
1,84,131,13,126
1,85,131,15,126
1,86,131,20,126
1,87,131,2,126
1,88,131,19,126
1,89,131,10,126
1,90,131,11,126
1,91,131,5,126
1,92,131,9,126
1,93,131,29,126
1,94,131,30,126
1,95,131,26,126
1,96,131,31,126
1,97,131,3,126
1,98,131,12,126
1,99,131,18,126
1,100,131,25,126
1,101,131,133,126
1,102,131,27,126
1,103,131,6,126
1,104,131,14,126
2,105,131,97,126
2,106,131,108,126
2,107,131,110,126
2,108,131,105,126
2,109,131,109,126
2,110,131,95,126
2,111,131,118,126
2,112,131,106,126
2,113,131,17,126
2,114,131,111,126
2,115,131,115,126
2,116,131,113,126
2,117,131,90,126
2,118,131,100,126
2,119,131,116,126
2,120,131,102,126
2,121,131,101,126
2,122,131,94,126
2,123,131,114,126
2,124,131,8,126
2,125,131,117,126
2,126,131,98,126
2,127,131,103,126
2,128,131,44,126
2,129,131,112,126
2,130,131,93,126
2,131,131,107,126
2,132,131,99,126
2,133,131,89,126
2,134,131,91,126
2,135,131,96,126
2,136,131,92,126
2,137,131,104,126
1,138,131,48,126
1,139,131,61,126
1,140,131,23,126
1,141,131,36,126
1,142,131,50,126
1,143,131,47,126
1,144,131,43,126
1,145,131,57,126
1,146,131,33,126
1,147,131,38,126
1,148,131,45,126
1,149,131,54,126
1,150,131,46,126
1,151,131,52,126
1,152,131,37,126
1,153,131,51,126
1,154,131,41,126
1,155,131,59,126
1,156,131,39,126
1,157,131,34,126
1,158,131,53,126
1,159,131,42,126
1,160,131,40,126
1,161,131,55,126
1,162,131,35,126
1,163,131,49,126
1,164,131,60,126
1,165,131,58,126
1,166,131,56,126
1,1,132,81,115
1,2,132,87,115
1,3,132,63,115
1,4,132,68,115
1,5,132,84,115
1,6,132,85,115
1,7,132,88,115
1,8,132,70,115
1,9,132,83,115
1,10,132,75,115
1,11,132,79,115
1,12,132,66,115
1,13,132,74,115
1,14,132,65,115
1,15,132,67,115
1,16,132,76,115
1,17,132,71,115
1,18,132,82,115
1,19,132,78,115
1,20,132,69,115
1,21,132,62,115
1,22,132,147,115
1,23,132,86,115
1,24,132,72,115
1,25,132,73,115
1,26,132,142,115
1,27,132,161,115
1,28,132,145,115
1,29,132,141,115
1,30,132,64,115
1,31,132,158,115
1,32,132,166,115
1,33,132,154,115
1,34,132,165,115
1,35,132,80,115
1,36,132,77,115
1,37,132,159,115
1,38,132,157,115
1,39,132,164,115
1,40,132,156,115
1,41,132,137,115
1,42,132,144,115
1,43,132,140,115
1,44,132,138,115
1,45,132,150,115
1,46,132,146,115
1,47,132,139,115
1,48,132,162,115
1,49,132,155,115
1,50,132,151,115
1,51,132,152,115
1,52,132,149,115
1,53,132,120,115
1,54,132,121,115
1,55,132,135,115
1,56,132,163,115
1,57,132,122,115
1,58,132,127,115
1,59,132,131,115
1,60,132,129,115
1,61,132,136,115
1,62,132,123,115
1,63,132,132,115
1,64,132,126,115
1,65,132,134,115
1,66,132,119,115
1,67,132,124,115
1,68,132,148,115
1,69,132,125,115
1,70,132,22,115
1,71,132,128,115
1,72,132,153,115
1,73,132,130,115
1,74,132,143,115
1,75,132,21,115
1,76,132,160,115
1,77,132,28,115
1,78,132,32,115
1,79,132,4,115
1,80,132,7,115
1,81,132,24,115
1,82,132,1,115
1,83,132,16,115
1,84,132,13,115
1,85,132,15,115
1,86,132,20,115
1,87,132,2,115
1,88,132,19,115
1,89,132,10,115
1,90,132,11,115
1,91,132,5,115
1,92,132,9,115
1,93,132,29,115
1,94,132,30,115
1,95,132,26,115
1,96,132,31,115
1,97,132,3,115
1,98,132,12,115
1,99,132,18,115
1,100,132,25,115
1,101,132,133,115
1,102,132,27,115
1,103,132,6,115
1,104,132,14,115
2,105,132,97,115
2,106,132,108,115
2,107,132,110,115
2,108,132,105,115
2,109,132,109,115
2,110,132,95,115
2,111,132,118,115
2,112,132,106,115
2,113,132,17,115
2,114,132,111,115
2,115,132,115,115
2,116,132,113,115
2,117,132,90,115
2,118,132,100,115
2,119,132,116,115
2,120,132,102,115
2,121,132,101,115
2,122,132,94,115
2,123,132,114,115
2,124,132,8,115
2,125,132,117,115
2,126,132,98,115
2,127,132,103,115
2,128,132,44,115
2,129,132,112,115
2,130,132,93,115
2,131,132,107,115
2,132,132,99,115
2,133,132,89,115
2,134,132,91,115
2,135,132,96,115
2,136,132,92,115
2,137,132,104,115
1,138,132,48,115
1,139,132,61,115
1,140,132,23,115
1,141,132,36,115
1,142,132,50,115
1,143,132,47,115
1,144,132,43,115
1,145,132,57,115
1,146,132,33,115
1,147,132,38,115
1,148,132,45,115
1,149,132,54,115
1,150,132,46,115
1,151,132,52,115
1,152,132,37,115
1,153,132,51,115
1,154,132,41,115
1,155,132,59,115
1,156,132,39,115
1,157,132,34,115
1,158,132,53,115
1,159,132,42,115
1,160,132,40,115
1,161,132,55,115
1,162,132,35,115
1,163,132,49,115
1,164,132,60,115
1,165,132,58,115
1,166,132,56,115
1,1,133,81,128
1,2,133,87,128
1,3,133,63,128
1,4,133,68,128
1,5,133,84,128
1,6,133,85,128
1,7,133,88,128
1,8,133,70,128
1,9,133,83,128
1,10,133,75,128
1,11,133,79,128
1,12,133,66,128
1,13,133,74,128
1,14,133,65,128
1,15,133,67,128
1,16,133,76,128
1,17,133,71,128
1,18,133,82,128
1,19,133,78,128
1,20,133,69,128
1,21,133,62,128
1,22,133,147,128
1,23,133,86,128
1,24,133,72,128
1,25,133,73,128
1,26,133,142,128
1,27,133,161,128
1,28,133,145,128
1,29,133,141,128
1,30,133,64,128
1,31,133,158,128
1,32,133,166,128
1,33,133,154,128
1,34,133,165,128
1,35,133,80,128
1,36,133,77,128
1,37,133,159,128
1,38,133,157,128
1,39,133,164,128
1,40,133,156,128
1,41,133,137,128
1,42,133,144,128
1,43,133,140,128
1,44,133,138,128
1,45,133,150,128
1,46,133,146,128
1,47,133,139,128
1,48,133,162,128
1,49,133,155,128
1,50,133,151,128
1,51,133,152,128
1,52,133,149,128
1,53,133,120,128
1,54,133,121,128
1,55,133,135,128
1,56,133,163,128
1,57,133,122,128
1,58,133,127,128
1,59,133,131,128
1,60,133,129,128
1,61,133,136,128
1,62,133,123,128
1,63,133,132,128
1,64,133,126,128
1,65,133,134,128
1,66,133,119,128
1,67,133,124,128
1,68,133,148,128
1,69,133,125,128
1,70,133,22,128
1,71,133,128,128
1,72,133,153,128
1,73,133,130,128
1,74,133,143,128
1,75,133,21,128
1,76,133,160,128
1,77,133,28,128
1,78,133,32,128
1,79,133,4,128
1,80,133,7,128
1,81,133,24,128
1,82,133,1,128
1,83,133,16,128
1,84,133,13,128
1,85,133,15,128
1,86,133,20,128
1,87,133,2,128
1,88,133,19,128
1,89,133,10,128
1,90,133,11,128
1,91,133,5,128
1,92,133,9,128
1,93,133,29,128
1,94,133,30,128
1,95,133,26,128
1,96,133,31,128
1,97,133,3,128
1,98,133,12,128
1,99,133,18,128
1,100,133,25,128
1,101,133,133,128
1,102,133,27,128
1,103,133,6,128
1,104,133,14,128
2,105,133,97,128
2,106,133,108,128
2,107,133,110,128
2,108,133,105,128
2,109,133,109,128
2,110,133,95,128
2,111,133,118,128
2,112,133,106,128
2,113,133,17,128
2,114,133,111,128
2,115,133,115,128
2,116,133,113,128
2,117,133,90,128
2,118,133,100,128
2,119,133,116,128
2,120,133,102,128
2,121,133,101,128
2,122,133,94,128
2,123,133,114,128
2,124,133,8,128
2,125,133,117,128
2,126,133,98,128
2,127,133,103,128
2,128,133,44,128
2,129,133,112,128
2,130,133,93,128
2,131,133,107,128
2,132,133,99,128
2,133,133,89,128
2,134,133,91,128
2,135,133,96,128
2,136,133,92,128
2,137,133,104,128
1,138,133,48,128
1,139,133,61,128
1,140,133,23,128
1,141,133,36,128
1,142,133,50,128
1,143,133,47,128
1,144,133,43,128
1,145,133,57,128
1,146,133,33,128
1,147,133,38,128
1,148,133,45,128
1,149,133,54,128
1,150,133,46,128
1,151,133,52,128
1,152,133,37,128
1,153,133,51,128
1,154,133,41,128
1,155,133,59,128
1,156,133,39,128
1,157,133,34,128
1,158,133,53,128
1,159,133,42,128
1,160,133,40,128
1,161,133,55,128
1,162,133,35,128
1,163,133,49,128
1,164,133,60,128
1,165,133,58,128
1,166,133,56,128
1,1,134,81,46
1,2,134,87,46
1,3,134,63,46
1,4,134,68,46
1,5,134,84,46
1,6,134,85,46
1,7,134,88,46
1,8,134,70,46
1,9,134,83,46
1,10,134,75,46
1,11,134,79,46
1,12,134,66,46
1,13,134,74,46
1,14,134,65,46
1,15,134,67,46
1,16,134,76,46
1,17,134,71,46
1,18,134,82,46
1,19,134,78,46
1,20,134,69,46
1,21,134,62,46
1,22,134,147,46
1,23,134,86,46
1,24,134,72,46
1,25,134,73,46
1,26,134,142,46
1,27,134,161,46
1,28,134,145,46
1,29,134,141,46
1,30,134,64,46
1,31,134,158,46
1,32,134,166,46
1,33,134,154,46
1,34,134,165,46
1,35,134,80,46
1,36,134,77,46
1,37,134,159,46
1,38,134,157,46
1,39,134,164,46
1,40,134,156,46
1,41,134,137,46
1,42,134,144,46
1,43,134,140,46
1,44,134,138,46
1,45,134,150,46
1,46,134,146,46
1,47,134,139,46
1,48,134,162,46
1,49,134,155,46
1,50,134,151,46
1,51,134,152,46
1,52,134,149,46
1,53,134,120,46
1,54,134,121,46
1,55,134,135,46
1,56,134,163,46
1,57,134,122,46
1,58,134,127,46
1,59,134,131,46
1,60,134,129,46
1,61,134,136,46
1,62,134,123,46
1,63,134,132,46
1,64,134,126,46
1,65,134,134,46
1,66,134,119,46
1,67,134,124,46
1,68,134,148,46
1,69,134,125,46
1,70,134,22,46
1,71,134,128,46
1,72,134,153,46
1,73,134,130,46
1,74,134,143,46
1,75,134,21,46
1,76,134,160,46
1,77,134,28,46
1,78,134,32,46
1,79,134,4,46
1,80,134,7,46
1,81,134,24,46
1,82,134,1,46
1,83,134,16,46
1,84,134,13,46
1,85,134,15,46
1,86,134,20,46
1,87,134,2,46
1,88,134,19,46
1,89,134,10,46
1,90,134,11,46
1,91,134,5,46
1,92,134,9,46
1,93,134,29,46
1,94,134,30,46
1,95,134,26,46
1,96,134,31,46
1,97,134,3,46
1,98,134,12,46
1,99,134,18,46
1,100,134,25,46
1,101,134,133,46
1,102,134,27,46
1,103,134,6,46
1,104,134,14,46
2,105,134,97,46
2,106,134,108,46
2,107,134,110,46
2,108,134,105,46
2,109,134,109,46
2,110,134,95,46
2,111,134,118,46
2,112,134,106,46
2,113,134,17,46
2,114,134,111,46
2,115,134,115,46
2,116,134,113,46
2,117,134,90,46
2,118,134,100,46
2,119,134,116,46
2,120,134,102,46
2,121,134,101,46
2,122,134,94,46
2,123,134,114,46
2,124,134,8,46
2,125,134,117,46
2,126,134,98,46
2,127,134,103,46
2,128,134,44,46
2,129,134,112,46
2,130,134,93,46
2,131,134,107,46
2,132,134,99,46
2,133,134,89,46
2,134,134,91,46
2,135,134,96,46
2,136,134,92,46
2,137,134,104,46
1,138,134,48,46
1,139,134,61,46
1,140,134,23,46
1,141,134,36,46
1,142,134,50,46
1,143,134,47,46
1,144,134,43,46
1,145,134,57,46
1,146,134,33,46
1,147,134,38,46
1,148,134,45,46
1,149,134,54,46
1,150,134,46,46
1,151,134,52,46
1,152,134,37,46
1,153,134,51,46
1,154,134,41,46
1,155,134,59,46
1,156,134,39,46
1,157,134,34,46
1,158,134,53,46
1,159,134,42,46
1,160,134,40,46
1,161,134,55,46
1,162,134,35,46
1,163,134,49,46
1,164,134,60,46
1,165,134,58,46
1,166,134,56,46
1,1,135,81,147
1,2,135,87,147
1,3,135,63,147
1,4,135,68,147
1,5,135,84,147
1,6,135,85,147
1,7,135,88,147
1,8,135,70,147
1,9,135,83,147
1,10,135,75,147
1,11,135,79,147
1,12,135,66,147
1,13,135,74,147
1,14,135,65,147
1,15,135,67,147
1,16,135,76,147
1,17,135,71,147
1,18,135,82,147
1,19,135,78,147
1,20,135,69,147
1,21,135,62,147
1,22,135,147,147
1,23,135,86,147
1,24,135,72,147
1,25,135,73,147
1,26,135,142,147
1,27,135,161,147
1,28,135,145,147
1,29,135,141,147
1,30,135,64,147
1,31,135,158,147
1,32,135,166,147
1,33,135,154,147
1,34,135,165,147
1,35,135,80,147
1,36,135,77,147
1,37,135,159,147
1,38,135,157,147
1,39,135,164,147
1,40,135,156,147
1,41,135,137,147
1,42,135,144,147
1,43,135,140,147
1,44,135,138,147
1,45,135,150,147
1,46,135,146,147
1,47,135,139,147
1,48,135,162,147
1,49,135,155,147
1,50,135,151,147
1,51,135,152,147
1,52,135,149,147
1,53,135,120,147
1,54,135,121,147
1,55,135,135,147
1,56,135,163,147
1,57,135,122,147
1,58,135,127,147
1,59,135,131,147
1,60,135,129,147
1,61,135,136,147
1,62,135,123,147
1,63,135,132,147
1,64,135,126,147
1,65,135,134,147
1,66,135,119,147
1,67,135,124,147
1,68,135,148,147
1,69,135,125,147
1,70,135,22,147
1,71,135,128,147
1,72,135,153,147
1,73,135,130,147
1,74,135,143,147
1,75,135,21,147
1,76,135,160,147
1,77,135,28,147
1,78,135,32,147
1,79,135,4,147
1,80,135,7,147
1,81,135,24,147
1,82,135,1,147
1,83,135,16,147
1,84,135,13,147
1,85,135,15,147
1,86,135,20,147
1,87,135,2,147
1,88,135,19,147
1,89,135,10,147
1,90,135,11,147
1,91,135,5,147
1,92,135,9,147
1,93,135,29,147
1,94,135,30,147
1,95,135,26,147
1,96,135,31,147
1,97,135,3,147
1,98,135,12,147
1,99,135,18,147
1,100,135,25,147
1,101,135,133,147
1,102,135,27,147
1,103,135,6,147
1,104,135,14,147
2,105,135,97,147
2,106,135,108,147
2,107,135,110,147
2,108,135,105,147
2,109,135,109,147
2,110,135,95,147
2,111,135,118,147
2,112,135,106,147
2,113,135,17,147
2,114,135,111,147
2,115,135,115,147
2,116,135,113,147
2,117,135,90,147
2,118,135,100,147
2,119,135,116,147
2,120,135,102,147
2,121,135,101,147
2,122,135,94,147
2,123,135,114,147
2,124,135,8,147
2,125,135,117,147
2,126,135,98,147
2,127,135,103,147
2,128,135,44,147
2,129,135,112,147
2,130,135,93,147
2,131,135,107,147
2,132,135,99,147
2,133,135,89,147
2,134,135,91,147
2,135,135,96,147
2,136,135,92,147
2,137,135,104,147
1,138,135,48,147
1,139,135,61,147
1,140,135,23,147
1,141,135,36,147
1,142,135,50,147
1,143,135,47,147
1,144,135,43,147
1,145,135,57,147
1,146,135,33,147
1,147,135,38,147
1,148,135,45,147
1,149,135,54,147
1,150,135,46,147
1,151,135,52,147
1,152,135,37,147
1,153,135,51,147
1,154,135,41,147
1,155,135,59,147
1,156,135,39,147
1,157,135,34,147
1,158,135,53,147
1,159,135,42,147
1,160,135,40,147
1,161,135,55,147
1,162,135,35,147
1,163,135,49,147
1,164,135,60,147
1,165,135,58,147
1,166,135,56,147
1,1,136,81,80
1,2,136,87,80
1,3,136,63,80
1,4,136,68,80
1,5,136,84,80
1,6,136,85,80
1,7,136,88,80
1,8,136,70,80
1,9,136,83,80
1,10,136,75,80
1,11,136,79,80
1,12,136,66,80
1,13,136,74,80
1,14,136,65,80
1,15,136,67,80
1,16,136,76,80
1,17,136,71,80
1,18,136,82,80
1,19,136,78,80
1,20,136,69,80
1,21,136,62,80
1,22,136,147,80
1,23,136,86,80
1,24,136,72,80
1,25,136,73,80
1,26,136,142,80
1,27,136,161,80
1,28,136,145,80
1,29,136,141,80
1,30,136,64,80
1,31,136,158,80
1,32,136,166,80
1,33,136,154,80
1,34,136,165,80
1,35,136,80,80
1,36,136,77,80
1,37,136,159,80
1,38,136,157,80
1,39,136,164,80
1,40,136,156,80
1,41,136,137,80
1,42,136,144,80
1,43,136,140,80
1,44,136,138,80
1,45,136,150,80
1,46,136,146,80
1,47,136,139,80
1,48,136,162,80
1,49,136,155,80
1,50,136,151,80
1,51,136,152,80
1,52,136,149,80
1,53,136,120,80
1,54,136,121,80
1,55,136,135,80
1,56,136,163,80
1,57,136,122,80
1,58,136,127,80
1,59,136,131,80
1,60,136,129,80
1,61,136,136,80
1,62,136,123,80
1,63,136,132,80
1,64,136,126,80
1,65,136,134,80
1,66,136,119,80
1,67,136,124,80
1,68,136,148,80
1,69,136,125,80
1,70,136,22,80
1,71,136,128,80
1,72,136,153,80
1,73,136,130,80
1,74,136,143,80
1,75,136,21,80
1,76,136,160,80
1,77,136,28,80
1,78,136,32,80
1,79,136,4,80
1,80,136,7,80
1,81,136,24,80
1,82,136,1,80
1,83,136,16,80
1,84,136,13,80
1,85,136,15,80
1,86,136,20,80
1,87,136,2,80
1,88,136,19,80
1,89,136,10,80
1,90,136,11,80
1,91,136,5,80
1,92,136,9,80
1,93,136,29,80
1,94,136,30,80
1,95,136,26,80
1,96,136,31,80
1,97,136,3,80
1,98,136,12,80
1,99,136,18,80
1,100,136,25,80
1,101,136,133,80
1,102,136,27,80
1,103,136,6,80
1,104,136,14,80
2,105,136,97,80
2,106,136,108,80
2,107,136,110,80
2,108,136,105,80
2,109,136,109,80
2,110,136,95,80
2,111,136,118,80
2,112,136,106,80
2,113,136,17,80
2,114,136,111,80
2,115,136,115,80
2,116,136,113,80
2,117,136,90,80
2,118,136,100,80
2,119,136,116,80
2,120,136,102,80
2,121,136,101,80
2,122,136,94,80
2,123,136,114,80
2,124,136,8,80
2,125,136,117,80
2,126,136,98,80
2,127,136,103,80
2,128,136,44,80
2,129,136,112,80
2,130,136,93,80
2,131,136,107,80
2,132,136,99,80
2,133,136,89,80
2,134,136,91,80
2,135,136,96,80
2,136,136,92,80
2,137,136,104,80
1,138,136,48,80
1,139,136,61,80
1,140,136,23,80
1,141,136,36,80
1,142,136,50,80
1,143,136,47,80
1,144,136,43,80
1,145,136,57,80
1,146,136,33,80
1,147,136,38,80
1,148,136,45,80
1,149,136,54,80
1,150,136,46,80
1,151,136,52,80
1,152,136,37,80
1,153,136,51,80
1,154,136,41,80
1,155,136,59,80
1,156,136,39,80
1,157,136,34,80
1,158,136,53,80
1,159,136,42,80
1,160,136,40,80
1,161,136,55,80
1,162,136,35,80
1,163,136,49,80
1,164,136,60,80
1,165,136,58,80
1,166,136,56,80
1,1,137,81,51
1,2,137,87,51
1,3,137,63,51
1,4,137,68,51
1,5,137,84,51
1,6,137,85,51
1,7,137,88,51
1,8,137,70,51
1,9,137,83,51
1,10,137,75,51
1,11,137,79,51
1,12,137,66,51
1,13,137,74,51
1,14,137,65,51
1,15,137,67,51
1,16,137,76,51
1,17,137,71,51
1,18,137,82,51
1,19,137,78,51
1,20,137,69,51
1,21,137,62,51
1,22,137,147,51
1,23,137,86,51
1,24,137,72,51
1,25,137,73,51
1,26,137,142,51
1,27,137,161,51
1,28,137,145,51
1,29,137,141,51
1,30,137,64,51
1,31,137,158,51
1,32,137,166,51
1,33,137,154,51
1,34,137,165,51
1,35,137,80,51
1,36,137,77,51
1,37,137,159,51
1,38,137,157,51
1,39,137,164,51
1,40,137,156,51
1,41,137,137,51
1,42,137,144,51
1,43,137,140,51
1,44,137,138,51
1,45,137,150,51
1,46,137,146,51
1,47,137,139,51
1,48,137,162,51
1,49,137,155,51
1,50,137,151,51
1,51,137,152,51
1,52,137,149,51
1,53,137,120,51
1,54,137,121,51
1,55,137,135,51
1,56,137,163,51
1,57,137,122,51
1,58,137,127,51
1,59,137,131,51
1,60,137,129,51
1,61,137,136,51
1,62,137,123,51
1,63,137,132,51
1,64,137,126,51
1,65,137,134,51
1,66,137,119,51
1,67,137,124,51
1,68,137,148,51
1,69,137,125,51
1,70,137,22,51
1,71,137,128,51
1,72,137,153,51
1,73,137,130,51
1,74,137,143,51
1,75,137,21,51
1,76,137,160,51
1,77,137,28,51
1,78,137,32,51
1,79,137,4,51
1,80,137,7,51
1,81,137,24,51
1,82,137,1,51
1,83,137,16,51
1,84,137,13,51
1,85,137,15,51
1,86,137,20,51
1,87,137,2,51
1,88,137,19,51
1,89,137,10,51
1,90,137,11,51
1,91,137,5,51
1,92,137,9,51
1,93,137,29,51
1,94,137,30,51
1,95,137,26,51
1,96,137,31,51
1,97,137,3,51
1,98,137,12,51
1,99,137,18,51
1,100,137,25,51
1,101,137,133,51
1,102,137,27,51
1,103,137,6,51
1,104,137,14,51
2,105,137,97,51
2,106,137,108,51
2,107,137,110,51
2,108,137,105,51
2,109,137,109,51
2,110,137,95,51
2,111,137,118,51
2,112,137,106,51
2,113,137,17,51
2,114,137,111,51
2,115,137,115,51
2,116,137,113,51
2,117,137,90,51
2,118,137,100,51
2,119,137,116,51
2,120,137,102,51
2,121,137,101,51
2,122,137,94,51
2,123,137,114,51
2,124,137,8,51
2,125,137,117,51
2,126,137,98,51
2,127,137,103,51
2,128,137,44,51
2,129,137,112,51
2,130,137,93,51
2,131,137,107,51
2,132,137,99,51
2,133,137,89,51
2,134,137,91,51
2,135,137,96,51
2,136,137,92,51
2,137,137,104,51
1,138,137,48,51
1,139,137,61,51
1,140,137,23,51
1,141,137,36,51
1,142,137,50,51
1,143,137,47,51
1,144,137,43,51
1,145,137,57,51
1,146,137,33,51
1,147,137,38,51
1,148,137,45,51
1,149,137,54,51
1,150,137,46,51
1,151,137,52,51
1,152,137,37,51
1,153,137,51,51
1,154,137,41,51
1,155,137,59,51
1,156,137,39,51
1,157,137,34,51
1,158,137,53,51
1,159,137,42,51
1,160,137,40,51
1,161,137,55,51
1,162,137,35,51
1,163,137,49,51
1,164,137,60,51
1,165,137,58,51
1,166,137,56,51
1,1,138,81,118
1,2,138,87,118
1,3,138,63,118
1,4,138,68,118
1,5,138,84,118
1,6,138,85,118
1,7,138,88,118
1,8,138,70,118
1,9,138,83,118
1,10,138,75,118
1,11,138,79,118
1,12,138,66,118
1,13,138,74,118
1,14,138,65,118
1,15,138,67,118
1,16,138,76,118
1,17,138,71,118
1,18,138,82,118
1,19,138,78,118
1,20,138,69,118
1,21,138,62,118
1,22,138,147,118
1,23,138,86,118
1,24,138,72,118
1,25,138,73,118
1,26,138,142,118
1,27,138,161,118
1,28,138,145,118
1,29,138,141,118
1,30,138,64,118
1,31,138,158,118
1,32,138,166,118
1,33,138,154,118
1,34,138,165,118
1,35,138,80,118
1,36,138,77,118
1,37,138,159,118
1,38,138,157,118
1,39,138,164,118
1,40,138,156,118
1,41,138,137,118
1,42,138,144,118
1,43,138,140,118
1,44,138,138,118
1,45,138,150,118
1,46,138,146,118
1,47,138,139,118
1,48,138,162,118
1,49,138,155,118
1,50,138,151,118
1,51,138,152,118
1,52,138,149,118
1,53,138,120,118
1,54,138,121,118
1,55,138,135,118
1,56,138,163,118
1,57,138,122,118
1,58,138,127,118
1,59,138,131,118
1,60,138,129,118
1,61,138,136,118
1,62,138,123,118
1,63,138,132,118
1,64,138,126,118
1,65,138,134,118
1,66,138,119,118
1,67,138,124,118
1,68,138,148,118
1,69,138,125,118
1,70,138,22,118
1,71,138,128,118
1,72,138,153,118
1,73,138,130,118
1,74,138,143,118
1,75,138,21,118
1,76,138,160,118
1,77,138,28,118
1,78,138,32,118
1,79,138,4,118
1,80,138,7,118
1,81,138,24,118
1,82,138,1,118
1,83,138,16,118
1,84,138,13,118
1,85,138,15,118
1,86,138,20,118
1,87,138,2,118
1,88,138,19,118
1,89,138,10,118
1,90,138,11,118
1,91,138,5,118
1,92,138,9,118
1,93,138,29,118
1,94,138,30,118
1,95,138,26,118
1,96,138,31,118
1,97,138,3,118
1,98,138,12,118
1,99,138,18,118
1,100,138,25,118
1,101,138,133,118
1,102,138,27,118
1,103,138,6,118
1,104,138,14,118
1,105,138,97,118
1,106,138,108,118
1,107,138,110,118
1,108,138,105,118
1,109,138,109,118
1,110,138,95,118
1,111,138,118,118
1,112,138,106,118
1,113,138,17,118
1,114,138,111,118
1,115,138,115,118
1,116,138,113,118
1,117,138,90,118
1,118,138,100,118
1,119,138,116,118
1,120,138,102,118
1,121,138,101,118
1,122,138,94,118
1,123,138,114,118
1,124,138,8,118
1,125,138,117,118
1,126,138,98,118
1,127,138,103,118
1,128,138,44,118
1,129,138,112,118
1,130,138,93,118
1,131,138,107,118
1,132,138,99,118
1,133,138,89,118
1,134,138,91,118
1,135,138,96,118
1,136,138,92,118
1,137,138,104,118
1,138,138,48,118
1,139,138,61,118
1,140,138,23,118
1,141,138,36,118
1,142,138,50,118
1,143,138,47,118
1,144,138,43,118
1,145,138,57,118
1,146,138,33,118
1,147,138,38,118
1,148,138,45,118
1,149,138,54,118
1,150,138,46,118
1,151,138,52,118
1,152,138,37,118
1,153,138,51,118
1,154,138,41,118
1,155,138,59,118
1,156,138,39,118
1,157,138,34,118
1,158,138,53,118
1,159,138,42,118
1,160,138,40,118
1,161,138,55,118
1,162,138,35,118
1,163,138,49,118
1,164,138,60,118
1,165,138,58,118
1,166,138,56,118
1,1,139,81,123
1,2,139,87,123
1,3,139,63,123
1,4,139,68,123
1,5,139,84,123
1,6,139,85,123
1,7,139,88,123
1,8,139,70,123
1,9,139,83,123
1,10,139,75,123
1,11,139,79,123
1,12,139,66,123
1,13,139,74,123
1,14,139,65,123
1,15,139,67,123
1,16,139,76,123
1,17,139,71,123
1,18,139,82,123
1,19,139,78,123
1,20,139,69,123
1,21,139,62,123
1,22,139,147,123
1,23,139,86,123
1,24,139,72,123
1,25,139,73,123
1,26,139,142,123
1,27,139,161,123
1,28,139,145,123
1,29,139,141,123
1,30,139,64,123
1,31,139,158,123
1,32,139,166,123
1,33,139,154,123
1,34,139,165,123
1,35,139,80,123
1,36,139,77,123
1,37,139,159,123
1,38,139,157,123
1,39,139,164,123
1,40,139,156,123
1,41,139,137,123
1,42,139,144,123
1,43,139,140,123
1,44,139,138,123
1,45,139,150,123
1,46,139,146,123
1,47,139,139,123
1,48,139,162,123
1,49,139,155,123
1,50,139,151,123
1,51,139,152,123
1,52,139,149,123
1,53,139,120,123
1,54,139,121,123
1,55,139,135,123
1,56,139,163,123
1,57,139,122,123
1,58,139,127,123
1,59,139,131,123
1,60,139,129,123
1,61,139,136,123
1,62,139,123,123
1,63,139,132,123
1,64,139,126,123
1,65,139,134,123
1,66,139,119,123
1,67,139,124,123
1,68,139,148,123
1,69,139,125,123
1,70,139,22,123
1,71,139,128,123
1,72,139,153,123
1,73,139,130,123
1,74,139,143,123
1,75,139,21,123
1,76,139,160,123
1,77,139,28,123
1,78,139,32,123
1,79,139,4,123
1,80,139,7,123
1,81,139,24,123
1,82,139,1,123
1,83,139,16,123
1,84,139,13,123
1,85,139,15,123
1,86,139,20,123
1,87,139,2,123
1,88,139,19,123
1,89,139,10,123
1,90,139,11,123
1,91,139,5,123
1,92,139,9,123
1,93,139,29,123
1,94,139,30,123
1,95,139,26,123
1,96,139,31,123
1,97,139,3,123
1,98,139,12,123
1,99,139,18,123
1,100,139,25,123
1,101,139,133,123
1,102,139,27,123
1,103,139,6,123
1,104,139,14,123
1,105,139,97,123
1,106,139,108,123
1,107,139,110,123
1,108,139,105,123
1,109,139,109,123
1,110,139,95,123
1,111,139,118,123
1,112,139,106,123
1,113,139,17,123
1,114,139,111,123
1,115,139,115,123
1,116,139,113,123
1,117,139,90,123
1,118,139,100,123
1,119,139,116,123
1,120,139,102,123
1,121,139,101,123
1,122,139,94,123
1,123,139,114,123
1,124,139,8,123
1,125,139,117,123
1,126,139,98,123
1,127,139,103,123
1,128,139,44,123
1,129,139,112,123
1,130,139,93,123
1,131,139,107,123
1,132,139,99,123
1,133,139,89,123
1,134,139,91,123
1,135,139,96,123
1,136,139,92,123
1,137,139,104,123
1,138,139,48,123
1,139,139,61,123
1,140,139,23,123
1,141,139,36,123
1,142,139,50,123
1,143,139,47,123
1,144,139,43,123
1,145,139,57,123
1,146,139,33,123
1,147,139,38,123
1,148,139,45,123
1,149,139,54,123
1,150,139,46,123
1,151,139,52,123
1,152,139,37,123
1,153,139,51,123
1,154,139,41,123
1,155,139,59,123
1,156,139,39,123
1,157,139,34,123
1,158,139,53,123
1,159,139,42,123
1,160,139,40,123
1,161,139,55,123
1,162,139,35,123
1,163,139,49,123
1,164,139,60,123
1,165,139,58,123
1,166,139,56,123
1,1,140,81,133
1,2,140,87,133
1,3,140,63,133
1,4,140,68,133
1,5,140,84,133
1,6,140,85,133
1,7,140,88,133
1,8,140,70,133
1,9,140,83,133
1,10,140,75,133
1,11,140,79,133
1,12,140,66,133
1,13,140,74,133
1,14,140,65,133
1,15,140,67,133
1,16,140,76,133
1,17,140,71,133
1,18,140,82,133
1,19,140,78,133
1,20,140,69,133
1,21,140,62,133
1,22,140,147,133
1,23,140,86,133
1,24,140,72,133
1,25,140,73,133
1,26,140,142,133
1,27,140,161,133
1,28,140,145,133
1,29,140,141,133
1,30,140,64,133
1,31,140,158,133
1,32,140,166,133
1,33,140,154,133
1,34,140,165,133
1,35,140,80,133
1,36,140,77,133
1,37,140,159,133
1,38,140,157,133
1,39,140,164,133
1,40,140,156,133
1,41,140,137,133
1,42,140,144,133
1,43,140,140,133
1,44,140,138,133
1,45,140,150,133
1,46,140,146,133
1,47,140,139,133
1,48,140,162,133
1,49,140,155,133
1,50,140,151,133
1,51,140,152,133
1,52,140,149,133
1,53,140,120,133
1,54,140,121,133
1,55,140,135,133
1,56,140,163,133
1,57,140,122,133
1,58,140,127,133
1,59,140,131,133
1,60,140,129,133
1,61,140,136,133
1,62,140,123,133
1,63,140,132,133
1,64,140,126,133
1,65,140,134,133
1,66,140,119,133
1,67,140,124,133
1,68,140,148,133
1,69,140,125,133
1,70,140,22,133
1,71,140,128,133
1,72,140,153,133
1,73,140,130,133
1,74,140,143,133
1,75,140,21,133
1,76,140,160,133
1,77,140,28,133
1,78,140,32,133
1,79,140,4,133
1,80,140,7,133
1,81,140,24,133
1,82,140,1,133
1,83,140,16,133
1,84,140,13,133
1,85,140,15,133
1,86,140,20,133
1,87,140,2,133
1,88,140,19,133
1,89,140,10,133
1,90,140,11,133
1,91,140,5,133
1,92,140,9,133
1,93,140,29,133
1,94,140,30,133
1,95,140,26,133
1,96,140,31,133
1,97,140,3,133
1,98,140,12,133
1,99,140,18,133
1,100,140,25,133
1,101,140,133,133
1,102,140,27,133
1,103,140,6,133
1,104,140,14,133
1,105,140,97,133
1,106,140,108,133
1,107,140,110,133
1,108,140,105,133
1,109,140,109,133
1,110,140,95,133
1,111,140,118,133
1,112,140,106,133
1,113,140,17,133
1,114,140,111,133
1,115,140,115,133
1,116,140,113,133
1,117,140,90,133
1,118,140,100,133
1,119,140,116,133
1,120,140,102,133
1,121,140,101,133
1,122,140,94,133
1,123,140,114,133
1,124,140,8,133
1,125,140,117,133
1,126,140,98,133
1,127,140,103,133
1,128,140,44,133
1,129,140,112,133
1,130,140,93,133
1,131,140,107,133
1,132,140,99,133
1,133,140,89,133
1,134,140,91,133
1,135,140,96,133
1,136,140,92,133
1,137,140,104,133
1,138,140,48,133
1,139,140,61,133
1,140,140,23,133
1,141,140,36,133
1,142,140,50,133
1,143,140,47,133
1,144,140,43,133
1,145,140,57,133
1,146,140,33,133
1,147,140,38,133
1,148,140,45,133
1,149,140,54,133
1,150,140,46,133
1,151,140,52,133
1,152,140,37,133
1,153,140,51,133
1,154,140,41,133
1,155,140,59,133
1,156,140,39,133
1,157,140,34,133
1,158,140,53,133
1,159,140,42,133
1,160,140,40,133
1,161,140,55,133
1,162,140,35,133
1,163,140,49,133
1,164,140,60,133
1,165,140,58,133
1,166,140,56,133
1,1,141,81,117
1,2,141,87,117
1,3,141,63,117
1,4,141,68,117
1,5,141,84,117
1,6,141,85,117
1,7,141,88,117
1,8,141,70,117
1,9,141,83,117
1,10,141,75,117
1,11,141,79,117
1,12,141,66,117
1,13,141,74,117
1,14,141,65,117
1,15,141,67,117
1,16,141,76,117
1,17,141,71,117
1,18,141,82,117
1,19,141,78,117
1,20,141,69,117
1,21,141,62,117
1,22,141,147,117
1,23,141,86,117
1,24,141,72,117
1,25,141,73,117
1,26,141,142,117
1,27,141,161,117
1,28,141,145,117
1,29,141,141,117
1,30,141,64,117
1,31,141,158,117
1,32,141,166,117
1,33,141,154,117
1,34,141,165,117
1,35,141,80,117
1,36,141,77,117
1,37,141,159,117
1,38,141,157,117
1,39,141,164,117
1,40,141,156,117
1,41,141,137,117
1,42,141,144,117
1,43,141,140,117
1,44,141,138,117
1,45,141,150,117
1,46,141,146,117
1,47,141,139,117
1,48,141,162,117
1,49,141,155,117
1,50,141,151,117
1,51,141,152,117
1,52,141,149,117
1,53,141,120,117
1,54,141,121,117
1,55,141,135,117
1,56,141,163,117
1,57,141,122,117
1,58,141,127,117
1,59,141,131,117
1,60,141,129,117
1,61,141,136,117
1,62,141,123,117
1,63,141,132,117
1,64,141,126,117
1,65,141,134,117
1,66,141,119,117
1,67,141,124,117
1,68,141,148,117
1,69,141,125,117
1,70,141,22,117
1,71,141,128,117
1,72,141,153,117
1,73,141,130,117
1,74,141,143,117
1,75,141,21,117
1,76,141,160,117
1,77,141,28,117
1,78,141,32,117
1,79,141,4,117
1,80,141,7,117
1,81,141,24,117
1,82,141,1,117
1,83,141,16,117
1,84,141,13,117
1,85,141,15,117
1,86,141,20,117
1,87,141,2,117
1,88,141,19,117
1,89,141,10,117
1,90,141,11,117
1,91,141,5,117
1,92,141,9,117
1,93,141,29,117
1,94,141,30,117
1,95,141,26,117
1,96,141,31,117
1,97,141,3,117
1,98,141,12,117
1,99,141,18,117
1,100,141,25,117
1,101,141,133,117
1,102,141,27,117
1,103,141,6,117
1,104,141,14,117
1,105,141,97,117
1,106,141,108,117
1,107,141,110,117
1,108,141,105,117
1,109,141,109,117
1,110,141,95,117
1,111,141,118,117
1,112,141,106,117
1,113,141,17,117
1,114,141,111,117
1,115,141,115,117
1,116,141,113,117
1,117,141,90,117
1,118,141,100,117
1,119,141,116,117
1,120,141,102,117
1,121,141,101,117
1,122,141,94,117
1,123,141,114,117
1,124,141,8,117
1,125,141,117,117
1,126,141,98,117
1,127,141,103,117
1,128,141,44,117
1,129,141,112,117
1,130,141,93,117
1,131,141,107,117
1,132,141,99,117
1,133,141,89,117
1,134,141,91,117
1,135,141,96,117
1,136,141,92,117
1,137,141,104,117
1,138,141,48,117
1,139,141,61,117
1,140,141,23,117
1,141,141,36,117
1,142,141,50,117
1,143,141,47,117
1,144,141,43,117
1,145,141,57,117
1,146,141,33,117
1,147,141,38,117
1,148,141,45,117
1,149,141,54,117
1,150,141,46,117
1,151,141,52,117
1,152,141,37,117
1,153,141,51,117
1,154,141,41,117
1,155,141,59,117
1,156,141,39,117
1,157,141,34,117
1,158,141,53,117
1,159,141,42,117
1,160,141,40,117
1,161,141,55,117
1,162,141,35,117
1,163,141,49,117
1,164,141,60,117
1,165,141,58,117
1,166,141,56,117
1,1,142,81,55
1,2,142,87,55
1,3,142,63,55
1,4,142,68,55
1,5,142,84,55
1,6,142,85,55
1,7,142,88,55
1,8,142,70,55
1,9,142,83,55
1,10,142,75,55
1,11,142,79,55
1,12,142,66,55
1,13,142,74,55
1,14,142,65,55
1,15,142,67,55
1,16,142,76,55
1,17,142,71,55
1,18,142,82,55
1,19,142,78,55
1,20,142,69,55
1,21,142,62,55
1,22,142,147,55
1,23,142,86,55
1,24,142,72,55
1,25,142,73,55
1,26,142,142,55
1,27,142,161,55
1,28,142,145,55
1,29,142,141,55
1,30,142,64,55
1,31,142,158,55
1,32,142,166,55
1,33,142,154,55
1,34,142,165,55
1,35,142,80,55
1,36,142,77,55
1,37,142,159,55
1,38,142,157,55
1,39,142,164,55
1,40,142,156,55
1,41,142,137,55
1,42,142,144,55
1,43,142,140,55
1,44,142,138,55
1,45,142,150,55
1,46,142,146,55
1,47,142,139,55
1,48,142,162,55
1,49,142,155,55
1,50,142,151,55
1,51,142,152,55
1,52,142,149,55
1,53,142,120,55
1,54,142,121,55
1,55,142,135,55
1,56,142,163,55
1,57,142,122,55
1,58,142,127,55
1,59,142,131,55
1,60,142,129,55
1,61,142,136,55
1,62,142,123,55
1,63,142,132,55
1,64,142,126,55
1,65,142,134,55
1,66,142,119,55
1,67,142,124,55
1,68,142,148,55
1,69,142,125,55
1,70,142,22,55
1,71,142,128,55
1,72,142,153,55
1,73,142,130,55
1,74,142,143,55
1,75,142,21,55
1,76,142,160,55
1,77,142,28,55
1,78,142,32,55
1,79,142,4,55
1,80,142,7,55
1,81,142,24,55
1,82,142,1,55
1,83,142,16,55
1,84,142,13,55
1,85,142,15,55
1,86,142,20,55
1,87,142,2,55
1,88,142,19,55
1,89,142,10,55
1,90,142,11,55
1,91,142,5,55
1,92,142,9,55
1,93,142,29,55
1,94,142,30,55
1,95,142,26,55
1,96,142,31,55
1,97,142,3,55
1,98,142,12,55
1,99,142,18,55
1,100,142,25,55
1,101,142,133,55
1,102,142,27,55
1,103,142,6,55
1,104,142,14,55
1,105,142,97,55
1,106,142,108,55
1,107,142,110,55
1,108,142,105,55
1,109,142,109,55
1,110,142,95,55
1,111,142,118,55
1,112,142,106,55
1,113,142,17,55
1,114,142,111,55
1,115,142,115,55
1,116,142,113,55
1,117,142,90,55
1,118,142,100,55
1,119,142,116,55
1,120,142,102,55
1,121,142,101,55
1,122,142,94,55
1,123,142,114,55
1,124,142,8,55
1,125,142,117,55
1,126,142,98,55
1,127,142,103,55
1,128,142,44,55
1,129,142,112,55
1,130,142,93,55
1,131,142,107,55
1,132,142,99,55
1,133,142,89,55
1,134,142,91,55
1,135,142,96,55
1,136,142,92,55
1,137,142,104,55
1,138,142,48,55
1,139,142,61,55
1,140,142,23,55
1,141,142,36,55
1,142,142,50,55
1,143,142,47,55
1,144,142,43,55
1,145,142,57,55
1,146,142,33,55
1,147,142,38,55
1,148,142,45,55
1,149,142,54,55
1,150,142,46,55
1,151,142,52,55
1,152,142,37,55
1,153,142,51,55
1,154,142,41,55
1,155,142,59,55
1,156,142,39,55
1,157,142,34,55
1,158,142,53,55
1,159,142,42,55
1,160,142,40,55
1,161,142,55,55
1,162,142,35,55
1,163,142,49,55
1,164,142,60,55
1,165,142,58,55
1,166,142,56,55
1,1,143,81,8
1,2,143,87,8
1,3,143,63,8
1,4,143,68,8
1,5,143,84,8
1,6,143,85,8
1,7,143,88,8
1,8,143,70,8
1,9,143,83,8
1,10,143,75,8
1,11,143,79,8
1,12,143,66,8
1,13,143,74,8
1,14,143,65,8
1,15,143,67,8
1,16,143,76,8
1,17,143,71,8
1,18,143,82,8
1,19,143,78,8
1,20,143,69,8
1,21,143,62,8
1,22,143,147,8
1,23,143,86,8
1,24,143,72,8
1,25,143,73,8
1,26,143,142,8
1,27,143,161,8
1,28,143,145,8
1,29,143,141,8
1,30,143,64,8
1,31,143,158,8
1,32,143,166,8
1,33,143,154,8
1,34,143,165,8
1,35,143,80,8
1,36,143,77,8
1,37,143,159,8
1,38,143,157,8
1,39,143,164,8
1,40,143,156,8
1,41,143,137,8
1,42,143,144,8
1,43,143,140,8
1,44,143,138,8
1,45,143,150,8
1,46,143,146,8
1,47,143,139,8
1,48,143,162,8
1,49,143,155,8
1,50,143,151,8
1,51,143,152,8
1,52,143,149,8
1,53,143,120,8
1,54,143,121,8
1,55,143,135,8
1,56,143,163,8
1,57,143,122,8
1,58,143,127,8
1,59,143,131,8
1,60,143,129,8
1,61,143,136,8
1,62,143,123,8
1,63,143,132,8
1,64,143,126,8
1,65,143,134,8
1,66,143,119,8
1,67,143,124,8
1,68,143,148,8
1,69,143,125,8
1,70,143,22,8
1,71,143,128,8
1,72,143,153,8
1,73,143,130,8
1,74,143,143,8
1,75,143,21,8
1,76,143,160,8
1,77,143,28,8
1,78,143,32,8
1,79,143,4,8
1,80,143,7,8
1,81,143,24,8
1,82,143,1,8
1,83,143,16,8
1,84,143,13,8
1,85,143,15,8
1,86,143,20,8
1,87,143,2,8
1,88,143,19,8
1,89,143,10,8
1,90,143,11,8
1,91,143,5,8
1,92,143,9,8
1,93,143,29,8
1,94,143,30,8
1,95,143,26,8
1,96,143,31,8
1,97,143,3,8
1,98,143,12,8
1,99,143,18,8
1,100,143,25,8
1,101,143,133,8
1,102,143,27,8
1,103,143,6,8
1,104,143,14,8
1,105,143,97,8
1,106,143,108,8
1,107,143,110,8
1,108,143,105,8
1,109,143,109,8
1,110,143,95,8
1,111,143,118,8
1,112,143,106,8
1,113,143,17,8
1,114,143,111,8
1,115,143,115,8
1,116,143,113,8
1,117,143,90,8
1,118,143,100,8
1,119,143,116,8
1,120,143,102,8
1,121,143,101,8
1,122,143,94,8
1,123,143,114,8
1,124,143,8,8
1,125,143,117,8
1,126,143,98,8
1,127,143,103,8
1,128,143,44,8
1,129,143,112,8
1,130,143,93,8
1,131,143,107,8
1,132,143,99,8
1,133,143,89,8
1,134,143,91,8
1,135,143,96,8
1,136,143,92,8
1,137,143,104,8
1,138,143,48,8
1,139,143,61,8
1,140,143,23,8
1,141,143,36,8
1,142,143,50,8
1,143,143,47,8
1,144,143,43,8
1,145,143,57,8
1,146,143,33,8
1,147,143,38,8
1,148,143,45,8
1,149,143,54,8
1,150,143,46,8
1,151,143,52,8
1,152,143,37,8
1,153,143,51,8
1,154,143,41,8
1,155,143,59,8
1,156,143,39,8
1,157,143,34,8
1,158,143,53,8
1,159,143,42,8
1,160,143,40,8
1,161,143,55,8
1,162,143,35,8
1,163,143,49,8
1,164,143,60,8
1,165,143,58,8
1,166,143,56,8
1,1,144,81,151
1,2,144,87,151
1,3,144,63,151
1,4,144,68,151
1,5,144,84,151
1,6,144,85,151
1,7,144,88,151
1,8,144,70,151
1,9,144,83,151
1,10,144,75,151
1,11,144,79,151
1,12,144,66,151
1,13,144,74,151
1,14,144,65,151
1,15,144,67,151
1,16,144,76,151
1,17,144,71,151
1,18,144,82,151
1,19,144,78,151
1,20,144,69,151
1,21,144,62,151
1,22,144,147,151
1,23,144,86,151
1,24,144,72,151
1,25,144,73,151
1,26,144,142,151
1,27,144,161,151
1,28,144,145,151
1,29,144,141,151
1,30,144,64,151
1,31,144,158,151
1,32,144,166,151
1,33,144,154,151
1,34,144,165,151
1,35,144,80,151
1,36,144,77,151
1,37,144,159,151
1,38,144,157,151
1,39,144,164,151
1,40,144,156,151
1,41,144,137,151
1,42,144,144,151
1,43,144,140,151
1,44,144,138,151
1,45,144,150,151
1,46,144,146,151
1,47,144,139,151
1,48,144,162,151
1,49,144,155,151
1,50,144,151,151
1,51,144,152,151
1,52,144,149,151
1,53,144,120,151
1,54,144,121,151
1,55,144,135,151
1,56,144,163,151
1,57,144,122,151
1,58,144,127,151
1,59,144,131,151
1,60,144,129,151
1,61,144,136,151
1,62,144,123,151
1,63,144,132,151
1,64,144,126,151
1,65,144,134,151
1,66,144,119,151
1,67,144,124,151
1,68,144,148,151
1,69,144,125,151
1,70,144,22,151
1,71,144,128,151
1,72,144,153,151
1,73,144,130,151
1,74,144,143,151
1,75,144,21,151
1,76,144,160,151
1,77,144,28,151
1,78,144,32,151
1,79,144,4,151
1,80,144,7,151
1,81,144,24,151
1,82,144,1,151
1,83,144,16,151
1,84,144,13,151
1,85,144,15,151
1,86,144,20,151
1,87,144,2,151
1,88,144,19,151
1,89,144,10,151
1,90,144,11,151
1,91,144,5,151
1,92,144,9,151
1,93,144,29,151
1,94,144,30,151
1,95,144,26,151
1,96,144,31,151
1,97,144,3,151
1,98,144,12,151
1,99,144,18,151
1,100,144,25,151
1,101,144,133,151
1,102,144,27,151
1,103,144,6,151
1,104,144,14,151
1,105,144,97,151
1,106,144,108,151
1,107,144,110,151
1,108,144,105,151
1,109,144,109,151
1,110,144,95,151
1,111,144,118,151
1,112,144,106,151
1,113,144,17,151
1,114,144,111,151
1,115,144,115,151
1,116,144,113,151
1,117,144,90,151
1,118,144,100,151
1,119,144,116,151
1,120,144,102,151
1,121,144,101,151
1,122,144,94,151
1,123,144,114,151
1,124,144,8,151
1,125,144,117,151
1,126,144,98,151
1,127,144,103,151
1,128,144,44,151
1,129,144,112,151
1,130,144,93,151
1,131,144,107,151
1,132,144,99,151
1,133,144,89,151
1,134,144,91,151
1,135,144,96,151
1,136,144,92,151
1,137,144,104,151
1,138,144,48,151
1,139,144,61,151
1,140,144,23,151
1,141,144,36,151
1,142,144,50,151
1,143,144,47,151
1,144,144,43,151
1,145,144,57,151
1,146,144,33,151
1,147,144,38,151
1,148,144,45,151
1,149,144,54,151
1,150,144,46,151
1,151,144,52,151
1,152,144,37,151
1,153,144,51,151
1,154,144,41,151
1,155,144,59,151
1,156,144,39,151
1,157,144,34,151
1,158,144,53,151
1,159,144,42,151
1,160,144,40,151
1,161,144,55,151
1,162,144,35,151
1,163,144,49,151
1,164,144,60,151
1,165,144,58,151
1,166,144,56,151
1,1,145,81,116
1,2,145,87,116
1,3,145,63,116
1,4,145,68,116
1,5,145,84,116
1,6,145,85,116
1,7,145,88,116
1,8,145,70,116
1,9,145,83,116
1,10,145,75,116
1,11,145,79,116
1,12,145,66,116
1,13,145,74,116
1,14,145,65,116
1,15,145,67,116
1,16,145,76,116
1,17,145,71,116
1,18,145,82,116
1,19,145,78,116
1,20,145,69,116
1,21,145,62,116
1,22,145,147,116
1,23,145,86,116
1,24,145,72,116
1,25,145,73,116
1,26,145,142,116
1,27,145,161,116
1,28,145,145,116
1,29,145,141,116
1,30,145,64,116
1,31,145,158,116
1,32,145,166,116
1,33,145,154,116
1,34,145,165,116
1,35,145,80,116
1,36,145,77,116
1,37,145,159,116
1,38,145,157,116
1,39,145,164,116
1,40,145,156,116
1,41,145,137,116
1,42,145,144,116
1,43,145,140,116
1,44,145,138,116
1,45,145,150,116
1,46,145,146,116
1,47,145,139,116
1,48,145,162,116
1,49,145,155,116
1,50,145,151,116
1,51,145,152,116
1,52,145,149,116
1,53,145,120,116
1,54,145,121,116
1,55,145,135,116
1,56,145,163,116
1,57,145,122,116
1,58,145,127,116
1,59,145,131,116
1,60,145,129,116
1,61,145,136,116
1,62,145,123,116
1,63,145,132,116
1,64,145,126,116
1,65,145,134,116
1,66,145,119,116
1,67,145,124,116
1,68,145,148,116
1,69,145,125,116
1,70,145,22,116
1,71,145,128,116
1,72,145,153,116
1,73,145,130,116
1,74,145,143,116
1,75,145,21,116
1,76,145,160,116
1,77,145,28,116
1,78,145,32,116
1,79,145,4,116
1,80,145,7,116
1,81,145,24,116
1,82,145,1,116
1,83,145,16,116
1,84,145,13,116
1,85,145,15,116
1,86,145,20,116
1,87,145,2,116
1,88,145,19,116
1,89,145,10,116
1,90,145,11,116
1,91,145,5,116
1,92,145,9,116
1,93,145,29,116
1,94,145,30,116
1,95,145,26,116
1,96,145,31,116
1,97,145,3,116
1,98,145,12,116
1,99,145,18,116
1,100,145,25,116
1,101,145,133,116
1,102,145,27,116
1,103,145,6,116
1,104,145,14,116
1,105,145,97,116
1,106,145,108,116
1,107,145,110,116
1,108,145,105,116
1,109,145,109,116
1,110,145,95,116
1,111,145,118,116
1,112,145,106,116
1,113,145,17,116
1,114,145,111,116
1,115,145,115,116
1,116,145,113,116
1,117,145,90,116
1,118,145,100,116
1,119,145,116,116
1,120,145,102,116
1,121,145,101,116
1,122,145,94,116
1,123,145,114,116
1,124,145,8,116
1,125,145,117,116
1,126,145,98,116
1,127,145,103,116
1,128,145,44,116
1,129,145,112,116
1,130,145,93,116
1,131,145,107,116
1,132,145,99,116
1,133,145,89,116
1,134,145,91,116
1,135,145,96,116
1,136,145,92,116
1,137,145,104,116
1,138,145,48,116
1,139,145,61,116
1,140,145,23,116
1,141,145,36,116
1,142,145,50,116
1,143,145,47,116
1,144,145,43,116
1,145,145,57,116
1,146,145,33,116
1,147,145,38,116
1,148,145,45,116
1,149,145,54,116
1,150,145,46,116
1,151,145,52,116
1,152,145,37,116
1,153,145,51,116
1,154,145,41,116
1,155,145,59,116
1,156,145,39,116
1,157,145,34,116
1,158,145,53,116
1,159,145,42,116
1,160,145,40,116
1,161,145,55,116
1,162,145,35,116
1,163,145,49,116
1,164,145,60,116
1,165,145,58,116
1,166,145,56,116
1,1,146,81,139
1,2,146,87,139
1,3,146,63,139
1,4,146,68,139
1,5,146,84,139
1,6,146,85,139
1,7,146,88,139
1,8,146,70,139
1,9,146,83,139
1,10,146,75,139
1,11,146,79,139
1,12,146,66,139
1,13,146,74,139
1,14,146,65,139
1,15,146,67,139
1,16,146,76,139
1,17,146,71,139
1,18,146,82,139
1,19,146,78,139
1,20,146,69,139
1,21,146,62,139
1,22,146,147,139
1,23,146,86,139
1,24,146,72,139
1,25,146,73,139
1,26,146,142,139
1,27,146,161,139
1,28,146,145,139
1,29,146,141,139
1,30,146,64,139
1,31,146,158,139
1,32,146,166,139
1,33,146,154,139
1,34,146,165,139
1,35,146,80,139
1,36,146,77,139
1,37,146,159,139
1,38,146,157,139
1,39,146,164,139
1,40,146,156,139
1,41,146,137,139
1,42,146,144,139
1,43,146,140,139
1,44,146,138,139
1,45,146,150,139
1,46,146,146,139
1,47,146,139,139
1,48,146,162,139
1,49,146,155,139
1,50,146,151,139
1,51,146,152,139
1,52,146,149,139
1,53,146,120,139
1,54,146,121,139
1,55,146,135,139
1,56,146,163,139
1,57,146,122,139
1,58,146,127,139
1,59,146,131,139
1,60,146,129,139
1,61,146,136,139
1,62,146,123,139
1,63,146,132,139
1,64,146,126,139
1,65,146,134,139
1,66,146,119,139
1,67,146,124,139
1,68,146,148,139
1,69,146,125,139
1,70,146,22,139
1,71,146,128,139
1,72,146,153,139
1,73,146,130,139
1,74,146,143,139
1,75,146,21,139
1,76,146,160,139
1,77,146,28,139
1,78,146,32,139
1,79,146,4,139
1,80,146,7,139
1,81,146,24,139
1,82,146,1,139
1,83,146,16,139
1,84,146,13,139
1,85,146,15,139
1,86,146,20,139
1,87,146,2,139
1,88,146,19,139
1,89,146,10,139
1,90,146,11,139
1,91,146,5,139
1,92,146,9,139
1,93,146,29,139
1,94,146,30,139
1,95,146,26,139
1,96,146,31,139
1,97,146,3,139
1,98,146,12,139
1,99,146,18,139
1,100,146,25,139
1,101,146,133,139
1,102,146,27,139
1,103,146,6,139
1,104,146,14,139
1,105,146,97,139
1,106,146,108,139
1,107,146,110,139
1,108,146,105,139
1,109,146,109,139
1,110,146,95,139
1,111,146,118,139
1,112,146,106,139
1,113,146,17,139
1,114,146,111,139
1,115,146,115,139
1,116,146,113,139
1,117,146,90,139
1,118,146,100,139
1,119,146,116,139
1,120,146,102,139
1,121,146,101,139
1,122,146,94,139
1,123,146,114,139
1,124,146,8,139
1,125,146,117,139
1,126,146,98,139
1,127,146,103,139
1,128,146,44,139
1,129,146,112,139
1,130,146,93,139
1,131,146,107,139
1,132,146,99,139
1,133,146,89,139
1,134,146,91,139
1,135,146,96,139
1,136,146,92,139
1,137,146,104,139
1,138,146,48,139
1,139,146,61,139
1,140,146,23,139
1,141,146,36,139
1,142,146,50,139
1,143,146,47,139
1,144,146,43,139
1,145,146,57,139
1,146,146,33,139
1,147,146,38,139
1,148,146,45,139
1,149,146,54,139
1,150,146,46,139
1,151,146,52,139
1,152,146,37,139
1,153,146,51,139
1,154,146,41,139
1,155,146,59,139
1,156,146,39,139
1,157,146,34,139
1,158,146,53,139
1,159,146,42,139
1,160,146,40,139
1,161,146,55,139
1,162,146,35,139
1,163,146,49,139
1,164,146,60,139
1,165,146,58,139
1,166,146,56,139
1,1,147,81,32
1,2,147,87,32
1,3,147,63,32
1,4,147,68,32
1,5,147,84,32
1,6,147,85,32
1,7,147,88,32
1,8,147,70,32
1,9,147,83,32
1,10,147,75,32
1,11,147,79,32
1,12,147,66,32
1,13,147,74,32
1,14,147,65,32
1,15,147,67,32
1,16,147,76,32
1,17,147,71,32
1,18,147,82,32
1,19,147,78,32
1,20,147,69,32
1,21,147,62,32
1,22,147,147,32
1,23,147,86,32
1,24,147,72,32
1,25,147,73,32
1,26,147,142,32
1,27,147,161,32
1,28,147,145,32
1,29,147,141,32
1,30,147,64,32
1,31,147,158,32
1,32,147,166,32
1,33,147,154,32
1,34,147,165,32
1,35,147,80,32
1,36,147,77,32
1,37,147,159,32
1,38,147,157,32
1,39,147,164,32
1,40,147,156,32
1,41,147,137,32
1,42,147,144,32
1,43,147,140,32
1,44,147,138,32
1,45,147,150,32
1,46,147,146,32
1,47,147,139,32
1,48,147,162,32
1,49,147,155,32
1,50,147,151,32
1,51,147,152,32
1,52,147,149,32
1,53,147,120,32
1,54,147,121,32
1,55,147,135,32
1,56,147,163,32
1,57,147,122,32
1,58,147,127,32
1,59,147,131,32
1,60,147,129,32
1,61,147,136,32
1,62,147,123,32
1,63,147,132,32
1,64,147,126,32
1,65,147,134,32
1,66,147,119,32
1,67,147,124,32
1,68,147,148,32
1,69,147,125,32
1,70,147,22,32
1,71,147,128,32
1,72,147,153,32
1,73,147,130,32
1,74,147,143,32
1,75,147,21,32
1,76,147,160,32
1,77,147,28,32
1,78,147,32,32
1,79,147,4,32
1,80,147,7,32
1,81,147,24,32
1,82,147,1,32
1,83,147,16,32
1,84,147,13,32
1,85,147,15,32
1,86,147,20,32
1,87,147,2,32
1,88,147,19,32
1,89,147,10,32
1,90,147,11,32
1,91,147,5,32
1,92,147,9,32
1,93,147,29,32
1,94,147,30,32
1,95,147,26,32
1,96,147,31,32
1,97,147,3,32
1,98,147,12,32
1,99,147,18,32
1,100,147,25,32
1,101,147,133,32
1,102,147,27,32
1,103,147,6,32
1,104,147,14,32
1,105,147,97,32
1,106,147,108,32
1,107,147,110,32
1,108,147,105,32
1,109,147,109,32
1,110,147,95,32
1,111,147,118,32
1,112,147,106,32
1,113,147,17,32
1,114,147,111,32
1,115,147,115,32
1,116,147,113,32
1,117,147,90,32
1,118,147,100,32
1,119,147,116,32
1,120,147,102,32
1,121,147,101,32
1,122,147,94,32
1,123,147,114,32
1,124,147,8,32
1,125,147,117,32
1,126,147,98,32
1,127,147,103,32
1,128,147,44,32
1,129,147,112,32
1,130,147,93,32
1,131,147,107,32
1,132,147,99,32
1,133,147,89,32
1,134,147,91,32
1,135,147,96,32
1,136,147,92,32
1,137,147,104,32
1,138,147,48,32
1,139,147,61,32
1,140,147,23,32
1,141,147,36,32
1,142,147,50,32
1,143,147,47,32
1,144,147,43,32
1,145,147,57,32
1,146,147,33,32
1,147,147,38,32
1,148,147,45,32
1,149,147,54,32
1,150,147,46,32
1,151,147,52,32
1,152,147,37,32
1,153,147,51,32
1,154,147,41,32
1,155,147,59,32
1,156,147,39,32
1,157,147,34,32
1,158,147,53,32
1,159,147,42,32
1,160,147,40,32
1,161,147,55,32
1,162,147,35,32
1,163,147,49,32
1,164,147,60,32
1,165,147,58,32
1,166,147,56,32
1,1,148,81,114
1,2,148,87,114
1,3,148,63,114
1,4,148,68,114
1,5,148,84,114
1,6,148,85,114
1,7,148,88,114
1,8,148,70,114
1,9,148,83,114
1,10,148,75,114
1,11,148,79,114
1,12,148,66,114
1,13,148,74,114
1,14,148,65,114
1,15,148,67,114
1,16,148,76,114
1,17,148,71,114
1,18,148,82,114
1,19,148,78,114
1,20,148,69,114
1,21,148,62,114
1,22,148,147,114
1,23,148,86,114
1,24,148,72,114
1,25,148,73,114
1,26,148,142,114
1,27,148,161,114
1,28,148,145,114
1,29,148,141,114
1,30,148,64,114
1,31,148,158,114
1,32,148,166,114
1,33,148,154,114
1,34,148,165,114
1,35,148,80,114
1,36,148,77,114
1,37,148,159,114
1,38,148,157,114
1,39,148,164,114
1,40,148,156,114
1,41,148,137,114
1,42,148,144,114
1,43,148,140,114
1,44,148,138,114
1,45,148,150,114
1,46,148,146,114
1,47,148,139,114
1,48,148,162,114
1,49,148,155,114
1,50,148,151,114
1,51,148,152,114
1,52,148,149,114
1,53,148,120,114
1,54,148,121,114
1,55,148,135,114
1,56,148,163,114
1,57,148,122,114
1,58,148,127,114
1,59,148,131,114
1,60,148,129,114
1,61,148,136,114
1,62,148,123,114
1,63,148,132,114
1,64,148,126,114
1,65,148,134,114
1,66,148,119,114
1,67,148,124,114
1,68,148,148,114
1,69,148,125,114
1,70,148,22,114
1,71,148,128,114
1,72,148,153,114
1,73,148,130,114
1,74,148,143,114
1,75,148,21,114
1,76,148,160,114
1,77,148,28,114
1,78,148,32,114
1,79,148,4,114
1,80,148,7,114
1,81,148,24,114
1,82,148,1,114
1,83,148,16,114
1,84,148,13,114
1,85,148,15,114
1,86,148,20,114
1,87,148,2,114
1,88,148,19,114
1,89,148,10,114
1,90,148,11,114
1,91,148,5,114
1,92,148,9,114
1,93,148,29,114
1,94,148,30,114
1,95,148,26,114
1,96,148,31,114
1,97,148,3,114
1,98,148,12,114
1,99,148,18,114
1,100,148,25,114
1,101,148,133,114
1,102,148,27,114
1,103,148,6,114
1,104,148,14,114
1,105,148,97,114
1,106,148,108,114
1,107,148,110,114
1,108,148,105,114
1,109,148,109,114
1,110,148,95,114
1,111,148,118,114
1,112,148,106,114
1,113,148,17,114
1,114,148,111,114
1,115,148,115,114
1,116,148,113,114
1,117,148,90,114
1,118,148,100,114
1,119,148,116,114
1,120,148,102,114
1,121,148,101,114
1,122,148,94,114
1,123,148,114,114
1,124,148,8,114
1,125,148,117,114
1,126,148,98,114
1,127,148,103,114
1,128,148,44,114
1,129,148,112,114
1,130,148,93,114
1,131,148,107,114
1,132,148,99,114
1,133,148,89,114
1,134,148,91,114
1,135,148,96,114
1,136,148,92,114
1,137,148,104,114
1,138,148,48,114
1,139,148,61,114
1,140,148,23,114
1,141,148,36,114
1,142,148,50,114
1,143,148,47,114
1,144,148,43,114
1,145,148,57,114
1,146,148,33,114
1,147,148,38,114
1,148,148,45,114
1,149,148,54,114
1,150,148,46,114
1,151,148,52,114
1,152,148,37,114
1,153,148,51,114
1,154,148,41,114
1,155,148,59,114
1,156,148,39,114
1,157,148,34,114
1,158,148,53,114
1,159,148,42,114
1,160,148,40,114
1,161,148,55,114
1,162,148,35,114
1,163,148,49,114
1,164,148,60,114
1,165,148,58,114
1,166,148,56,114
1,1,149,81,90
1,2,149,87,90
1,3,149,63,90
1,4,149,68,90
1,5,149,84,90
1,6,149,85,90
1,7,149,88,90
1,8,149,70,90
1,9,149,83,90
1,10,149,75,90
1,11,149,79,90
1,12,149,66,90
1,13,149,74,90
1,14,149,65,90
1,15,149,67,90
1,16,149,76,90
1,17,149,71,90
1,18,149,82,90
1,19,149,78,90
1,20,149,69,90
1,21,149,62,90
1,22,149,147,90
1,23,149,86,90
1,24,149,72,90
1,25,149,73,90
1,26,149,142,90
1,27,149,161,90
1,28,149,145,90
1,29,149,141,90
1,30,149,64,90
1,31,149,158,90
1,32,149,166,90
1,33,149,154,90
1,34,149,165,90
1,35,149,80,90
1,36,149,77,90
1,37,149,159,90
1,38,149,157,90
1,39,149,164,90
1,40,149,156,90
1,41,149,137,90
1,42,149,144,90
1,43,149,140,90
1,44,149,138,90
1,45,149,150,90
1,46,149,146,90
1,47,149,139,90
1,48,149,162,90
1,49,149,155,90
1,50,149,151,90
1,51,149,152,90
1,52,149,149,90
1,53,149,120,90
1,54,149,121,90
1,55,149,135,90
1,56,149,163,90
1,57,149,122,90
1,58,149,127,90
1,59,149,131,90
1,60,149,129,90
1,61,149,136,90
1,62,149,123,90
1,63,149,132,90
1,64,149,126,90
1,65,149,134,90
1,66,149,119,90
1,67,149,124,90
1,68,149,148,90
1,69,149,125,90
1,70,149,22,90
1,71,149,128,90
1,72,149,153,90
1,73,149,130,90
1,74,149,143,90
1,75,149,21,90
1,76,149,160,90
1,77,149,28,90
1,78,149,32,90
1,79,149,4,90
1,80,149,7,90
1,81,149,24,90
1,82,149,1,90
1,83,149,16,90
1,84,149,13,90
1,85,149,15,90
1,86,149,20,90
1,87,149,2,90
1,88,149,19,90
1,89,149,10,90
1,90,149,11,90
1,91,149,5,90
1,92,149,9,90
1,93,149,29,90
1,94,149,30,90
1,95,149,26,90
1,96,149,31,90
1,97,149,3,90
1,98,149,12,90
1,99,149,18,90
1,100,149,25,90
1,101,149,133,90
1,102,149,27,90
1,103,149,6,90
1,104,149,14,90
1,105,149,97,90
1,106,149,108,90
1,107,149,110,90
1,108,149,105,90
1,109,149,109,90
1,110,149,95,90
1,111,149,118,90
1,112,149,106,90
1,113,149,17,90
1,114,149,111,90
1,115,149,115,90
1,116,149,113,90
1,117,149,90,90
1,118,149,100,90
1,119,149,116,90
1,120,149,102,90
1,121,149,101,90
1,122,149,94,90
1,123,149,114,90
1,124,149,8,90
1,125,149,117,90
1,126,149,98,90
1,127,149,103,90
1,128,149,44,90
1,129,149,112,90
1,130,149,93,90
1,131,149,107,90
1,132,149,99,90
1,133,149,89,90
1,134,149,91,90
1,135,149,96,90
1,136,149,92,90
1,137,149,104,90
1,138,149,48,90
1,139,149,61,90
1,140,149,23,90
1,141,149,36,90
1,142,149,50,90
1,143,149,47,90
1,144,149,43,90
1,145,149,57,90
1,146,149,33,90
1,147,149,38,90
1,148,149,45,90
1,149,149,54,90
1,150,149,46,90
1,151,149,52,90
1,152,149,37,90
1,153,149,51,90
1,154,149,41,90
1,155,149,59,90
1,156,149,39,90
1,157,149,34,90
1,158,149,53,90
1,159,149,42,90
1,160,149,40,90
1,161,149,55,90
1,162,149,35,90
1,163,149,49,90
1,164,149,60,90
1,165,149,58,90
1,166,149,56,90
1,1,150,81,16
1,2,150,87,16
1,3,150,63,16
1,4,150,68,16
1,5,150,84,16
1,6,150,85,16
1,7,150,88,16
1,8,150,70,16
1,9,150,83,16
1,10,150,75,16
1,11,150,79,16
1,12,150,66,16
1,13,150,74,16
1,14,150,65,16
1,15,150,67,16
1,16,150,76,16
1,17,150,71,16
1,18,150,82,16
1,19,150,78,16
1,20,150,69,16
1,21,150,62,16
1,22,150,147,16
1,23,150,86,16
1,24,150,72,16
1,25,150,73,16
1,26,150,142,16
1,27,150,161,16
1,28,150,145,16
1,29,150,141,16
1,30,150,64,16
1,31,150,158,16
1,32,150,166,16
1,33,150,154,16
1,34,150,165,16
1,35,150,80,16
1,36,150,77,16
1,37,150,159,16
1,38,150,157,16
1,39,150,164,16
1,40,150,156,16
1,41,150,137,16
1,42,150,144,16
1,43,150,140,16
1,44,150,138,16
1,45,150,150,16
1,46,150,146,16
1,47,150,139,16
1,48,150,162,16
1,49,150,155,16
1,50,150,151,16
1,51,150,152,16
1,52,150,149,16
1,53,150,120,16
1,54,150,121,16
1,55,150,135,16
1,56,150,163,16
1,57,150,122,16
1,58,150,127,16
1,59,150,131,16
1,60,150,129,16
1,61,150,136,16
1,62,150,123,16
1,63,150,132,16
1,64,150,126,16
1,65,150,134,16
1,66,150,119,16
1,67,150,124,16
1,68,150,148,16
1,69,150,125,16
1,70,150,22,16
1,71,150,128,16
1,72,150,153,16
1,73,150,130,16
1,74,150,143,16
1,75,150,21,16
1,76,150,160,16
1,77,150,28,16
1,78,150,32,16
1,79,150,4,16
1,80,150,7,16
1,81,150,24,16
1,82,150,1,16
1,83,150,16,16
1,84,150,13,16
1,85,150,15,16
1,86,150,20,16
1,87,150,2,16
1,88,150,19,16
1,89,150,10,16
1,90,150,11,16
1,91,150,5,16
1,92,150,9,16
1,93,150,29,16
1,94,150,30,16
1,95,150,26,16
1,96,150,31,16
1,97,150,3,16
1,98,150,12,16
1,99,150,18,16
1,100,150,25,16
1,101,150,133,16
1,102,150,27,16
1,103,150,6,16
1,104,150,14,16
1,105,150,97,16
1,106,150,108,16
1,107,150,110,16
1,108,150,105,16
1,109,150,109,16
1,110,150,95,16
1,111,150,118,16
1,112,150,106,16
1,113,150,17,16
1,114,150,111,16
1,115,150,115,16
1,116,150,113,16
1,117,150,90,16
1,118,150,100,16
1,119,150,116,16
1,120,150,102,16
1,121,150,101,16
1,122,150,94,16
1,123,150,114,16
1,124,150,8,16
1,125,150,117,16
1,126,150,98,16
1,127,150,103,16
1,128,150,44,16
1,129,150,112,16
1,130,150,93,16
1,131,150,107,16
1,132,150,99,16
1,133,150,89,16
1,134,150,91,16
1,135,150,96,16
1,136,150,92,16
1,137,150,104,16
1,138,150,48,16
1,139,150,61,16
1,140,150,23,16
1,141,150,36,16
1,142,150,50,16
1,143,150,47,16
1,144,150,43,16
1,145,150,57,16
1,146,150,33,16
1,147,150,38,16
1,148,150,45,16
1,149,150,54,16
1,150,150,46,16
1,151,150,52,16
1,152,150,37,16
1,153,150,51,16
1,154,150,41,16
1,155,150,59,16
1,156,150,39,16
1,157,150,34,16
1,158,150,53,16
1,159,150,42,16
1,160,150,40,16
1,161,150,55,16
1,162,150,35,16
1,163,150,49,16
1,164,150,60,16
1,165,150,58,16
1,166,150,56,16
1,1,151,81,57
1,2,151,87,57
1,3,151,63,57
1,4,151,68,57
1,5,151,84,57
1,6,151,85,57
1,7,151,88,57
1,8,151,70,57
1,9,151,83,57
1,10,151,75,57
1,11,151,79,57
1,12,151,66,57
1,13,151,74,57
1,14,151,65,57
1,15,151,67,57
1,16,151,76,57
1,17,151,71,57
1,18,151,82,57
1,19,151,78,57
1,20,151,69,57
1,21,151,62,57
1,22,151,147,57
1,23,151,86,57
1,24,151,72,57
1,25,151,73,57
1,26,151,142,57
1,27,151,161,57
1,28,151,145,57
1,29,151,141,57
1,30,151,64,57
1,31,151,158,57
1,32,151,166,57
1,33,151,154,57
1,34,151,165,57
1,35,151,80,57
1,36,151,77,57
1,37,151,159,57
1,38,151,157,57
1,39,151,164,57
1,40,151,156,57
1,41,151,137,57
1,42,151,144,57
1,43,151,140,57
1,44,151,138,57
1,45,151,150,57
1,46,151,146,57
1,47,151,139,57
1,48,151,162,57
1,49,151,155,57
1,50,151,151,57
1,51,151,152,57
1,52,151,149,57
1,53,151,120,57
1,54,151,121,57
1,55,151,135,57
1,56,151,163,57
1,57,151,122,57
1,58,151,127,57
1,59,151,131,57
1,60,151,129,57
1,61,151,136,57
1,62,151,123,57
1,63,151,132,57
1,64,151,126,57
1,65,151,134,57
1,66,151,119,57
1,67,151,124,57
1,68,151,148,57
1,69,151,125,57
1,70,151,22,57
1,71,151,128,57
1,72,151,153,57
1,73,151,130,57
1,74,151,143,57
1,75,151,21,57
1,76,151,160,57
1,77,151,28,57
1,78,151,32,57
1,79,151,4,57
1,80,151,7,57
1,81,151,24,57
1,82,151,1,57
1,83,151,16,57
1,84,151,13,57
1,85,151,15,57
1,86,151,20,57
1,87,151,2,57
1,88,151,19,57
1,89,151,10,57
1,90,151,11,57
1,91,151,5,57
1,92,151,9,57
1,93,151,29,57
1,94,151,30,57
1,95,151,26,57
1,96,151,31,57
1,97,151,3,57
1,98,151,12,57
1,99,151,18,57
1,100,151,25,57
1,101,151,133,57
1,102,151,27,57
1,103,151,6,57
1,104,151,14,57
1,105,151,97,57
1,106,151,108,57
1,107,151,110,57
1,108,151,105,57
1,109,151,109,57
1,110,151,95,57
1,111,151,118,57
1,112,151,106,57
1,113,151,17,57
1,114,151,111,57
1,115,151,115,57
1,116,151,113,57
1,117,151,90,57
1,118,151,100,57
1,119,151,116,57
1,120,151,102,57
1,121,151,101,57
1,122,151,94,57
1,123,151,114,57
1,124,151,8,57
1,125,151,117,57
1,126,151,98,57
1,127,151,103,57
1,128,151,44,57
1,129,151,112,57
1,130,151,93,57
1,131,151,107,57
1,132,151,99,57
1,133,151,89,57
1,134,151,91,57
1,135,151,96,57
1,136,151,92,57
1,137,151,104,57
1,138,151,48,57
1,139,151,61,57
1,140,151,23,57
1,141,151,36,57
1,142,151,50,57
1,143,151,47,57
1,144,151,43,57
1,145,151,57,57
1,146,151,33,57
1,147,151,38,57
1,148,151,45,57
1,149,151,54,57
1,150,151,46,57
1,151,151,52,57
1,152,151,37,57
1,153,151,51,57
1,154,151,41,57
1,155,151,59,57
1,156,151,39,57
1,157,151,34,57
1,158,151,53,57
1,159,151,42,57
1,160,151,40,57
1,161,151,55,57
1,162,151,35,57
1,163,151,49,57
1,164,151,60,57
1,165,151,58,57
1,166,151,56,57
1,1,152,81,98
1,2,152,87,98
1,3,152,63,98
1,4,152,68,98
1,5,152,84,98
1,6,152,85,98
1,7,152,88,98
1,8,152,70,98
1,9,152,83,98
1,10,152,75,98
1,11,152,79,98
1,12,152,66,98
1,13,152,74,98
1,14,152,65,98
1,15,152,67,98
1,16,152,76,98
1,17,152,71,98
1,18,152,82,98
1,19,152,78,98
1,20,152,69,98
1,21,152,62,98
1,22,152,147,98
1,23,152,86,98
1,24,152,72,98
1,25,152,73,98
1,26,152,142,98
1,27,152,161,98
1,28,152,145,98
1,29,152,141,98
1,30,152,64,98
1,31,152,158,98
1,32,152,166,98
1,33,152,154,98
1,34,152,165,98
1,35,152,80,98
1,36,152,77,98
1,37,152,159,98
1,38,152,157,98
1,39,152,164,98
1,40,152,156,98
1,41,152,137,98
1,42,152,144,98
1,43,152,140,98
1,44,152,138,98
1,45,152,150,98
1,46,152,146,98
1,47,152,139,98
1,48,152,162,98
1,49,152,155,98
1,50,152,151,98
1,51,152,152,98
1,52,152,149,98
1,53,152,120,98
1,54,152,121,98
1,55,152,135,98
1,56,152,163,98
1,57,152,122,98
1,58,152,127,98
1,59,152,131,98
1,60,152,129,98
1,61,152,136,98
1,62,152,123,98
1,63,152,132,98
1,64,152,126,98
1,65,152,134,98
1,66,152,119,98
1,67,152,124,98
1,68,152,148,98
1,69,152,125,98
1,70,152,22,98
1,71,152,128,98
1,72,152,153,98
1,73,152,130,98
1,74,152,143,98
1,75,152,21,98
1,76,152,160,98
1,77,152,28,98
1,78,152,32,98
1,79,152,4,98
1,80,152,7,98
1,81,152,24,98
1,82,152,1,98
1,83,152,16,98
1,84,152,13,98
1,85,152,15,98
1,86,152,20,98
1,87,152,2,98
1,88,152,19,98
1,89,152,10,98
1,90,152,11,98
1,91,152,5,98
1,92,152,9,98
1,93,152,29,98
1,94,152,30,98
1,95,152,26,98
1,96,152,31,98
1,97,152,3,98
1,98,152,12,98
1,99,152,18,98
1,100,152,25,98
1,101,152,133,98
1,102,152,27,98
1,103,152,6,98
1,104,152,14,98
1,105,152,97,98
1,106,152,108,98
1,107,152,110,98
1,108,152,105,98
1,109,152,109,98
1,110,152,95,98
1,111,152,118,98
1,112,152,106,98
1,113,152,17,98
1,114,152,111,98
1,115,152,115,98
1,116,152,113,98
1,117,152,90,98
1,118,152,100,98
1,119,152,116,98
1,120,152,102,98
1,121,152,101,98
1,122,152,94,98
1,123,152,114,98
1,124,152,8,98
1,125,152,117,98
1,126,152,98,98
1,127,152,103,98
1,128,152,44,98
1,129,152,112,98
1,130,152,93,98
1,131,152,107,98
1,132,152,99,98
1,133,152,89,98
1,134,152,91,98
1,135,152,96,98
1,136,152,92,98
1,137,152,104,98
1,138,152,48,98
1,139,152,61,98
1,140,152,23,98
1,141,152,36,98
1,142,152,50,98
1,143,152,47,98
1,144,152,43,98
1,145,152,57,98
1,146,152,33,98
1,147,152,38,98
1,148,152,45,98
1,149,152,54,98
1,150,152,46,98
1,151,152,52,98
1,152,152,37,98
1,153,152,51,98
1,154,152,41,98
1,155,152,59,98
1,156,152,39,98
1,157,152,34,98
1,158,152,53,98
1,159,152,42,98
1,160,152,40,98
1,161,152,55,98
1,162,152,35,98
1,163,152,49,98
1,164,152,60,98
1,165,152,58,98
1,166,152,56,98
1,1,153,81,109
1,2,153,87,109
1,3,153,63,109
1,4,153,68,109
1,5,153,84,109
1,6,153,85,109
1,7,153,88,109
1,8,153,70,109
1,9,153,83,109
1,10,153,75,109
1,11,153,79,109
1,12,153,66,109
1,13,153,74,109
1,14,153,65,109
1,15,153,67,109
1,16,153,76,109
1,17,153,71,109
1,18,153,82,109
1,19,153,78,109
1,20,153,69,109
1,21,153,62,109
1,22,153,147,109
1,23,153,86,109
1,24,153,72,109
1,25,153,73,109
1,26,153,142,109
1,27,153,161,109
1,28,153,145,109
1,29,153,141,109
1,30,153,64,109
1,31,153,158,109
1,32,153,166,109
1,33,153,154,109
1,34,153,165,109
1,35,153,80,109
1,36,153,77,109
1,37,153,159,109
1,38,153,157,109
1,39,153,164,109
1,40,153,156,109
1,41,153,137,109
1,42,153,144,109
1,43,153,140,109
1,44,153,138,109
1,45,153,150,109
1,46,153,146,109
1,47,153,139,109
1,48,153,162,109
1,49,153,155,109
1,50,153,151,109
1,51,153,152,109
1,52,153,149,109
1,53,153,120,109
1,54,153,121,109
1,55,153,135,109
1,56,153,163,109
1,57,153,122,109
1,58,153,127,109
1,59,153,131,109
1,60,153,129,109
1,61,153,136,109
1,62,153,123,109
1,63,153,132,109
1,64,153,126,109
1,65,153,134,109
1,66,153,119,109
1,67,153,124,109
1,68,153,148,109
1,69,153,125,109
1,70,153,22,109
1,71,153,128,109
1,72,153,153,109
1,73,153,130,109
1,74,153,143,109
1,75,153,21,109
1,76,153,160,109
1,77,153,28,109
1,78,153,32,109
1,79,153,4,109
1,80,153,7,109
1,81,153,24,109
1,82,153,1,109
1,83,153,16,109
1,84,153,13,109
1,85,153,15,109
1,86,153,20,109
1,87,153,2,109
1,88,153,19,109
1,89,153,10,109
1,90,153,11,109
1,91,153,5,109
1,92,153,9,109
1,93,153,29,109
1,94,153,30,109
1,95,153,26,109
1,96,153,31,109
1,97,153,3,109
1,98,153,12,109
1,99,153,18,109
1,100,153,25,109
1,101,153,133,109
1,102,153,27,109
1,103,153,6,109
1,104,153,14,109
1,105,153,97,109
1,106,153,108,109
1,107,153,110,109
1,108,153,105,109
1,109,153,109,109
1,110,153,95,109
1,111,153,118,109
1,112,153,106,109
1,113,153,17,109
1,114,153,111,109
1,115,153,115,109
1,116,153,113,109
1,117,153,90,109
1,118,153,100,109
1,119,153,116,109
1,120,153,102,109
1,121,153,101,109
1,122,153,94,109
1,123,153,114,109
1,124,153,8,109
1,125,153,117,109
1,126,153,98,109
1,127,153,103,109
1,128,153,44,109
1,129,153,112,109
1,130,153,93,109
1,131,153,107,109
1,132,153,99,109
1,133,153,89,109
1,134,153,91,109
1,135,153,96,109
1,136,153,92,109
1,137,153,104,109
1,138,153,48,109
1,139,153,61,109
1,140,153,23,109
1,141,153,36,109
1,142,153,50,109
1,143,153,47,109
1,144,153,43,109
1,145,153,57,109
1,146,153,33,109
1,147,153,38,109
1,148,153,45,109
1,149,153,54,109
1,150,153,46,109
1,151,153,52,109
1,152,153,37,109
1,153,153,51,109
1,154,153,41,109
1,155,153,59,109
1,156,153,39,109
1,157,153,34,109
1,158,153,53,109
1,159,153,42,109
1,160,153,40,109
1,161,153,55,109
1,162,153,35,109
1,163,153,49,109
1,164,153,60,109
1,165,153,58,109
1,166,153,56,109
