label,row_new,col_new,row_orig,col_orig
1,1,1,146,272
1,2,1,141,272
1,3,1,155,272
1,4,1,147,272
1,5,1,139,272
1,6,1,134,272
1,7,1,166,272
1,8,1,152,272
1,9,1,138,272
1,10,1,144,272
1,11,1,124,272
1,12,1,122,272
1,13,1,149,272
1,14,1,128,272
1,15,1,129,272
1,16,1,119,272
1,17,1,123,272
1,18,1,161,272
1,19,1,154,272
1,20,1,145,272
1,21,1,125,272
1,22,1,150,272
1,23,1,156,272
1,24,1,142,272
1,25,1,165,272
1,26,1,159,272
1,27,1,158,272
1,28,1,153,272
1,29,1,135,272
1,30,1,137,272
1,31,1,164,272
1,32,1,148,272
1,33,1,151,272
1,34,1,157,272
1,35,1,22,272
1,36,1,127,272
1,37,1,1,272
1,38,1,131,272
1,39,1,136,272
1,40,1,140,272
1,41,1,120,272
1,42,1,21,272
1,43,1,121,272
1,44,1,16,272
1,45,1,32,272
1,46,1,10,272
1,47,1,126,272
1,48,1,19,272
1,49,1,31,272
1,50,1,27,272
1,51,1,163,272
1,52,1,133,272
1,53,1,28,272
1,54,1,9,272
1,55,1,13,272
1,56,1,20,272
1,57,1,30,272
1,58,1,143,272
1,59,1,15,272
1,60,1,26,272
1,61,1,24,272
1,62,1,162,272
1,63,1,5,272
1,64,1,3,272
1,65,1,130,272
1,66,1,18,272
1,67,1,12,272
1,68,1,160,272
1,69,1,108,272
1,70,1,6,272
1,71,1,14,272
1,72,1,29,272
1,73,1,132,272
1,74,1,4,272
1,75,1,2,272
1,76,1,7,272
1,77,1,11,272
1,78,1,97,272
1,79,1,102,272
1,80,1,113,272
1,81,1,95,272
1,82,1,94,272
1,83,1,117,272
1,84,1,114,272
1,85,1,106,272
1,86,1,25,272
1,87,1,115,272
1,88,1,93,272
1,89,1,92,272
1,90,1,107,272
1,91,1,101,272
1,92,1,91,272
1,93,1,100,272
1,94,1,116,272
1,95,1,89,272
1,96,1,103,272
1,97,1,112,272
1,98,1,17,272
1,99,1,96,272
1,100,1,118,272
1,101,1,90,272
1,102,1,111,272
1,103,1,110,272
1,104,1,99,272
1,105,1,98,272
1,106,1,104,272
1,107,1,109,272
1,108,1,8,272
1,109,1,105,272
1,110,1,84,272
1,111,1,66,272
1,112,1,23,272
1,113,1,69,272
1,114,1,85,272
1,115,1,77,272
1,116,1,87,272
1,117,1,70,272
1,118,1,72,272
1,119,1,83,272
1,120,1,79,272
1,121,1,82,272
1,122,1,81,272
1,123,1,78,272
1,124,1,76,272
1,125,1,86,272
1,126,1,64,272
1,127,1,71,272
1,128,1,80,272
1,129,1,88,272
1,130,1,48,272
1,131,1,75,272
1,132,1,67,272
1,133,1,73,272
1,134,1,44,272
1,135,1,63,272
1,136,1,74,272
1,137,1,65,272
1,138,1,62,272
1,139,1,68,272
1,140,1,51,272
1,141,1,36,272
1,142,1,54,272
1,143,1,41,272
1,144,1,33,272
1,145,1,61,272
1,146,1,55,272
1,147,1,43,272
1,148,1,46,272
1,149,1,40,272
1,150,1,37,272
1,151,1,60,272
1,152,1,50,272
1,153,1,47,272
1,154,1,53,272
1,155,1,39,272
1,156,1,58,272
1,157,1,35,272
1,158,1,59,272
1,159,1,45,272
1,160,1,42,272
1,161,1,49,272
1,162,1,56,272
1,163,1,38,272
1,164,1,34,272
1,165,1,57,272
1,166,1,52,272
1,1,2,146,204
1,2,2,141,204
1,3,2,155,204
1,4,2,147,204
1,5,2,139,204
1,6,2,134,204
1,7,2,166,204
1,8,2,152,204
1,9,2,138,204
1,10,2,144,204
1,11,2,124,204
1,12,2,122,204
1,13,2,149,204
1,14,2,128,204
1,15,2,129,204
1,16,2,119,204
1,17,2,123,204
1,18,2,161,204
1,19,2,154,204
1,20,2,145,204
1,21,2,125,204
1,22,2,150,204
1,23,2,156,204
1,24,2,142,204
1,25,2,165,204
1,26,2,159,204
1,27,2,158,204
1,28,2,153,204
1,29,2,135,204
1,30,2,137,204
1,31,2,164,204
1,32,2,148,204
1,33,2,151,204
1,34,2,157,204
1,35,2,22,204
1,36,2,127,204
1,37,2,1,204
1,38,2,131,204
1,39,2,136,204
1,40,2,140,204
1,41,2,120,204
1,42,2,21,204
1,43,2,121,204
1,44,2,16,204
1,45,2,32,204
1,46,2,10,204
1,47,2,126,204
1,48,2,19,204
1,49,2,31,204
1,50,2,27,204
1,51,2,163,204
1,52,2,133,204
1,53,2,28,204
1,54,2,9,204
1,55,2,13,204
1,56,2,20,204
1,57,2,30,204
1,58,2,143,204
1,59,2,15,204
1,60,2,26,204
1,61,2,24,204
1,62,2,162,204
1,63,2,5,204
1,64,2,3,204
1,65,2,130,204
1,66,2,18,204
1,67,2,12,204
1,68,2,160,204
1,69,2,108,204
1,70,2,6,204
1,71,2,14,204
1,72,2,29,204
1,73,2,132,204
1,74,2,4,204
1,75,2,2,204
1,76,2,7,204
1,77,2,11,204
1,78,2,97,204
1,79,2,102,204
1,80,2,113,204
1,81,2,95,204
1,82,2,94,204
1,83,2,117,204
1,84,2,114,204
1,85,2,106,204
1,86,2,25,204
1,87,2,115,204
1,88,2,93,204
1,89,2,92,204
1,90,2,107,204
1,91,2,101,204
1,92,2,91,204
1,93,2,100,204
1,94,2,116,204
1,95,2,89,204
1,96,2,103,204
1,97,2,112,204
1,98,2,17,204
1,99,2,96,204
1,100,2,118,204
1,101,2,90,204
1,102,2,111,204
1,103,2,110,204
1,104,2,99,204
1,105,2,98,204
1,106,2,104,204
1,107,2,109,204
1,108,2,8,204
1,109,2,105,204
1,110,2,84,204
1,111,2,66,204
1,112,2,23,204
1,113,2,69,204
1,114,2,85,204
1,115,2,77,204
1,116,2,87,204
1,117,2,70,204
1,118,2,72,204
1,119,2,83,204
1,120,2,79,204
1,121,2,82,204
1,122,2,81,204
1,123,2,78,204
1,124,2,76,204
1,125,2,86,204
1,126,2,64,204
1,127,2,71,204
1,128,2,80,204
1,129,2,88,204
1,130,2,48,204
1,131,2,75,204
1,132,2,67,204
1,133,2,73,204
1,134,2,44,204
1,135,2,63,204
1,136,2,74,204
1,137,2,65,204
1,138,2,62,204
1,139,2,68,204
1,140,2,51,204
1,141,2,36,204
1,142,2,54,204
1,143,2,41,204
1,144,2,33,204
1,145,2,61,204
1,146,2,55,204
1,147,2,43,204
1,148,2,46,204
1,149,2,40,204
1,150,2,37,204
1,151,2,60,204
1,152,2,50,204
1,153,2,47,204
1,154,2,53,204
1,155,2,39,204
1,156,2,58,204
1,157,2,35,204
1,158,2,59,204
1,159,2,45,204
1,160,2,42,204
1,161,2,49,204
1,162,2,56,204
1,163,2,38,204
1,164,2,34,204
1,165,2,57,204
1,166,2,52,204
1,1,3,146,58
1,2,3,141,58
1,3,3,155,58
1,4,3,147,58
1,5,3,139,58
1,6,3,134,58
1,7,3,166,58
1,8,3,152,58
1,9,3,138,58
1,10,3,144,58
1,11,3,124,58
1,12,3,122,58
1,13,3,149,58
1,14,3,128,58
1,15,3,129,58
1,16,3,119,58
1,17,3,123,58
1,18,3,161,58
1,19,3,154,58
1,20,3,145,58
1,21,3,125,58
1,22,3,150,58
1,23,3,156,58
1,24,3,142,58
1,25,3,165,58
1,26,3,159,58
1,27,3,158,58
1,28,3,153,58
1,29,3,135,58
1,30,3,137,58
1,31,3,164,58
1,32,3,148,58
1,33,3,151,58
1,34,3,157,58
1,35,3,22,58
1,36,3,127,58
1,37,3,1,58
1,38,3,131,58
1,39,3,136,58
1,40,3,140,58
1,41,3,120,58
1,42,3,21,58
1,43,3,121,58
1,44,3,16,58
1,45,3,32,58
1,46,3,10,58
1,47,3,126,58
1,48,3,19,58
1,49,3,31,58
1,50,3,27,58
1,51,3,163,58
1,52,3,133,58
1,53,3,28,58
1,54,3,9,58
1,55,3,13,58
1,56,3,20,58
1,57,3,30,58
1,58,3,143,58
1,59,3,15,58
1,60,3,26,58
1,61,3,24,58
1,62,3,162,58
1,63,3,5,58
1,64,3,3,58
1,65,3,130,58
1,66,3,18,58
1,67,3,12,58
1,68,3,160,58
1,69,3,108,58
1,70,3,6,58
1,71,3,14,58
1,72,3,29,58
1,73,3,132,58
1,74,3,4,58
1,75,3,2,58
1,76,3,7,58
1,77,3,11,58
1,78,3,97,58
1,79,3,102,58
1,80,3,113,58
1,81,3,95,58
1,82,3,94,58
1,83,3,117,58
1,84,3,114,58
1,85,3,106,58
1,86,3,25,58
1,87,3,115,58
1,88,3,93,58
1,89,3,92,58
1,90,3,107,58
1,91,3,101,58
1,92,3,91,58
1,93,3,100,58
1,94,3,116,58
1,95,3,89,58
1,96,3,103,58
1,97,3,112,58
1,98,3,17,58
1,99,3,96,58
1,100,3,118,58
1,101,3,90,58
1,102,3,111,58
1,103,3,110,58
1,104,3,99,58
1,105,3,98,58
1,106,3,104,58
1,107,3,109,58
1,108,3,8,58
1,109,3,105,58
1,110,3,84,58
1,111,3,66,58
1,112,3,23,58
1,113,3,69,58
1,114,3,85,58
1,115,3,77,58
1,116,3,87,58
1,117,3,70,58
1,118,3,72,58
1,119,3,83,58
1,120,3,79,58
1,121,3,82,58
1,122,3,81,58
1,123,3,78,58
1,124,3,76,58
1,125,3,86,58
1,126,3,64,58
1,127,3,71,58
1,128,3,80,58
1,129,3,88,58
1,130,3,48,58
1,131,3,75,58
1,132,3,67,58
1,133,3,73,58
1,134,3,44,58
1,135,3,63,58
1,136,3,74,58
1,137,3,65,58
1,138,3,62,58
1,139,3,68,58
1,140,3,51,58
1,141,3,36,58
1,142,3,54,58
1,143,3,41,58
1,144,3,33,58
1,145,3,61,58
1,146,3,55,58
1,147,3,43,58
1,148,3,46,58
1,149,3,40,58
1,150,3,37,58
1,151,3,60,58
1,152,3,50,58
1,153,3,47,58
1,154,3,53,58
1,155,3,39,58
1,156,3,58,58
1,157,3,35,58
1,158,3,59,58
1,159,3,45,58
1,160,3,42,58
1,161,3,49,58
1,162,3,56,58
1,163,3,38,58
1,164,3,34,58
1,165,3,57,58
1,166,3,52,58
1,1,4,146,158
1,2,4,141,158
1,3,4,155,158
1,4,4,147,158
1,5,4,139,158
1,6,4,134,158
1,7,4,166,158
1,8,4,152,158
1,9,4,138,158
1,10,4,144,158
1,11,4,124,158
1,12,4,122,158
1,13,4,149,158
1,14,4,128,158
1,15,4,129,158
1,16,4,119,158
1,17,4,123,158
1,18,4,161,158
1,19,4,154,158
1,20,4,145,158
1,21,4,125,158
1,22,4,150,158
1,23,4,156,158
1,24,4,142,158
1,25,4,165,158
1,26,4,159,158
1,27,4,158,158
1,28,4,153,158
1,29,4,135,158
1,30,4,137,158
1,31,4,164,158
1,32,4,148,158
1,33,4,151,158
1,34,4,157,158
1,35,4,22,158
1,36,4,127,158
1,37,4,1,158
1,38,4,131,158
1,39,4,136,158
1,40,4,140,158
1,41,4,120,158
1,42,4,21,158
1,43,4,121,158
1,44,4,16,158
1,45,4,32,158
1,46,4,10,158
1,47,4,126,158
1,48,4,19,158
1,49,4,31,158
1,50,4,27,158
1,51,4,163,158
1,52,4,133,158
1,53,4,28,158
1,54,4,9,158
1,55,4,13,158
1,56,4,20,158
1,57,4,30,158
1,58,4,143,158
1,59,4,15,158
1,60,4,26,158
1,61,4,24,158
1,62,4,162,158
1,63,4,5,158
1,64,4,3,158
1,65,4,130,158
1,66,4,18,158
1,67,4,12,158
1,68,4,160,158
1,69,4,108,158
1,70,4,6,158
1,71,4,14,158
1,72,4,29,158
1,73,4,132,158
1,74,4,4,158
1,75,4,2,158
1,76,4,7,158
1,77,4,11,158
1,78,4,97,158
1,79,4,102,158
1,80,4,113,158
1,81,4,95,158
1,82,4,94,158
1,83,4,117,158
1,84,4,114,158
1,85,4,106,158
1,86,4,25,158
1,87,4,115,158
1,88,4,93,158
1,89,4,92,158
1,90,4,107,158
1,91,4,101,158
1,92,4,91,158
1,93,4,100,158
1,94,4,116,158
1,95,4,89,158
1,96,4,103,158
1,97,4,112,158
1,98,4,17,158
1,99,4,96,158
1,100,4,118,158
1,101,4,90,158
1,102,4,111,158
1,103,4,110,158
1,104,4,99,158
1,105,4,98,158
1,106,4,104,158
1,107,4,109,158
1,108,4,8,158
1,109,4,105,158
1,110,4,84,158
1,111,4,66,158
1,112,4,23,158
1,113,4,69,158
1,114,4,85,158
1,115,4,77,158
1,116,4,87,158
1,117,4,70,158
1,118,4,72,158
1,119,4,83,158
1,120,4,79,158
1,121,4,82,158
1,122,4,81,158
1,123,4,78,158
1,124,4,76,158
1,125,4,86,158
1,126,4,64,158
1,127,4,71,158
1,128,4,80,158
1,129,4,88,158
1,130,4,48,158
1,131,4,75,158
1,132,4,67,158
1,133,4,73,158
1,134,4,44,158
1,135,4,63,158
1,136,4,74,158
1,137,4,65,158
1,138,4,62,158
1,139,4,68,158
1,140,4,51,158
1,141,4,36,158
1,142,4,54,158
1,143,4,41,158
1,144,4,33,158
1,145,4,61,158
1,146,4,55,158
1,147,4,43,158
1,148,4,46,158
1,149,4,40,158
1,150,4,37,158
1,151,4,60,158
1,152,4,50,158
1,153,4,47,158
1,154,4,53,158
1,155,4,39,158
1,156,4,58,158
1,157,4,35,158
1,158,4,59,158
1,159,4,45,158
1,160,4,42,158
1,161,4,49,158
1,162,4,56,158
1,163,4,38,158
1,164,4,34,158
1,165,4,57,158
1,166,4,52,158
1,1,5,146,105
1,2,5,141,105
1,3,5,155,105
1,4,5,147,105
1,5,5,139,105
1,6,5,134,105
1,7,5,166,105
1,8,5,152,105
1,9,5,138,105
1,10,5,144,105
1,11,5,124,105
1,12,5,122,105
1,13,5,149,105
1,14,5,128,105
1,15,5,129,105
1,16,5,119,105
1,17,5,123,105
1,18,5,161,105
1,19,5,154,105
1,20,5,145,105
1,21,5,125,105
1,22,5,150,105
1,23,5,156,105
1,24,5,142,105
1,25,5,165,105
1,26,5,159,105
1,27,5,158,105
1,28,5,153,105
1,29,5,135,105
1,30,5,137,105
1,31,5,164,105
1,32,5,148,105
1,33,5,151,105
1,34,5,157,105
1,35,5,22,105
1,36,5,127,105
1,37,5,1,105
1,38,5,131,105
1,39,5,136,105
1,40,5,140,105
1,41,5,120,105
1,42,5,21,105
1,43,5,121,105
1,44,5,16,105
1,45,5,32,105
1,46,5,10,105
1,47,5,126,105
1,48,5,19,105
1,49,5,31,105
1,50,5,27,105
1,51,5,163,105
1,52,5,133,105
1,53,5,28,105
1,54,5,9,105
1,55,5,13,105
1,56,5,20,105
1,57,5,30,105
1,58,5,143,105
1,59,5,15,105
1,60,5,26,105
1,61,5,24,105
1,62,5,162,105
1,63,5,5,105
1,64,5,3,105
1,65,5,130,105
1,66,5,18,105
1,67,5,12,105
1,68,5,160,105
1,69,5,108,105
1,70,5,6,105
1,71,5,14,105
1,72,5,29,105
1,73,5,132,105
1,74,5,4,105
1,75,5,2,105
1,76,5,7,105
1,77,5,11,105
1,78,5,97,105
1,79,5,102,105
1,80,5,113,105
1,81,5,95,105
1,82,5,94,105
1,83,5,117,105
1,84,5,114,105
1,85,5,106,105
1,86,5,25,105
1,87,5,115,105
1,88,5,93,105
1,89,5,92,105
1,90,5,107,105
1,91,5,101,105
1,92,5,91,105
1,93,5,100,105
1,94,5,116,105
1,95,5,89,105
1,96,5,103,105
1,97,5,112,105
1,98,5,17,105
1,99,5,96,105
1,100,5,118,105
1,101,5,90,105
1,102,5,111,105
1,103,5,110,105
1,104,5,99,105
1,105,5,98,105
1,106,5,104,105
1,107,5,109,105
1,108,5,8,105
1,109,5,105,105
1,110,5,84,105
1,111,5,66,105
1,112,5,23,105
1,113,5,69,105
1,114,5,85,105
1,115,5,77,105
1,116,5,87,105
1,117,5,70,105
1,118,5,72,105
1,119,5,83,105
1,120,5,79,105
1,121,5,82,105
1,122,5,81,105
1,123,5,78,105
1,124,5,76,105
1,125,5,86,105
1,126,5,64,105
1,127,5,71,105
1,128,5,80,105
1,129,5,88,105
1,130,5,48,105
1,131,5,75,105
1,132,5,67,105
1,133,5,73,105
1,134,5,44,105
1,135,5,63,105
1,136,5,74,105
1,137,5,65,105
1,138,5,62,105
1,139,5,68,105
1,140,5,51,105
1,141,5,36,105
1,142,5,54,105
1,143,5,41,105
1,144,5,33,105
1,145,5,61,105
1,146,5,55,105
1,147,5,43,105
1,148,5,46,105
1,149,5,40,105
1,150,5,37,105
1,151,5,60,105
1,152,5,50,105
1,153,5,47,105
1,154,5,53,105
1,155,5,39,105
1,156,5,58,105
1,157,5,35,105
1,158,5,59,105
1,159,5,45,105
1,160,5,42,105
1,161,5,49,105
1,162,5,56,105
1,163,5,38,105
1,164,5,34,105
1,165,5,57,105
1,166,5,52,105
1,1,6,146,53
1,2,6,141,53
1,3,6,155,53
1,4,6,147,53
1,5,6,139,53
1,6,6,134,53
1,7,6,166,53
1,8,6,152,53
1,9,6,138,53
1,10,6,144,53
1,11,6,124,53
1,12,6,122,53
1,13,6,149,53
1,14,6,128,53
1,15,6,129,53
1,16,6,119,53
1,17,6,123,53
1,18,6,161,53
1,19,6,154,53
1,20,6,145,53
1,21,6,125,53
1,22,6,150,53
1,23,6,156,53
1,24,6,142,53
1,25,6,165,53
1,26,6,159,53
1,27,6,158,53
1,28,6,153,53
1,29,6,135,53
1,30,6,137,53
1,31,6,164,53
1,32,6,148,53
1,33,6,151,53
1,34,6,157,53
1,35,6,22,53
1,36,6,127,53
1,37,6,1,53
1,38,6,131,53
1,39,6,136,53
1,40,6,140,53
1,41,6,120,53
1,42,6,21,53
1,43,6,121,53
1,44,6,16,53
1,45,6,32,53
1,46,6,10,53
1,47,6,126,53
1,48,6,19,53
1,49,6,31,53
1,50,6,27,53
1,51,6,163,53
1,52,6,133,53
1,53,6,28,53
1,54,6,9,53
1,55,6,13,53
1,56,6,20,53
1,57,6,30,53
1,58,6,143,53
1,59,6,15,53
1,60,6,26,53
1,61,6,24,53
1,62,6,162,53
1,63,6,5,53
1,64,6,3,53
1,65,6,130,53
1,66,6,18,53
1,67,6,12,53
1,68,6,160,53
1,69,6,108,53
1,70,6,6,53
1,71,6,14,53
1,72,6,29,53
1,73,6,132,53
1,74,6,4,53
1,75,6,2,53
1,76,6,7,53
1,77,6,11,53
1,78,6,97,53
1,79,6,102,53
1,80,6,113,53
1,81,6,95,53
1,82,6,94,53
1,83,6,117,53
1,84,6,114,53
1,85,6,106,53
1,86,6,25,53
1,87,6,115,53
1,88,6,93,53
1,89,6,92,53
1,90,6,107,53
1,91,6,101,53
1,92,6,91,53
1,93,6,100,53
1,94,6,116,53
1,95,6,89,53
1,96,6,103,53
1,97,6,112,53
1,98,6,17,53
1,99,6,96,53
1,100,6,118,53
1,101,6,90,53
1,102,6,111,53
1,103,6,110,53
1,104,6,99,53
1,105,6,98,53
1,106,6,104,53
1,107,6,109,53
1,108,6,8,53
1,109,6,105,53
1,110,6,84,53
1,111,6,66,53
1,112,6,23,53
1,113,6,69,53
1,114,6,85,53
1,115,6,77,53
1,116,6,87,53
1,117,6,70,53
1,118,6,72,53
1,119,6,83,53
1,120,6,79,53
1,121,6,82,53
1,122,6,81,53
1,123,6,78,53
1,124,6,76,53
1,125,6,86,53
1,126,6,64,53
1,127,6,71,53
1,128,6,80,53
1,129,6,88,53
1,130,6,48,53
1,131,6,75,53
1,132,6,67,53
1,133,6,73,53
1,134,6,44,53
1,135,6,63,53
1,136,6,74,53
1,137,6,65,53
1,138,6,62,53
1,139,6,68,53
1,140,6,51,53
1,141,6,36,53
1,142,6,54,53
1,143,6,41,53
1,144,6,33,53
1,145,6,61,53
1,146,6,55,53
1,147,6,43,53
1,148,6,46,53
1,149,6,40,53
1,150,6,37,53
1,151,6,60,53
1,152,6,50,53
1,153,6,47,53
1,154,6,53,53
1,155,6,39,53
1,156,6,58,53
1,157,6,35,53
1,158,6,59,53
1,159,6,45,53
1,160,6,42,53
1,161,6,49,53
1,162,6,56,53
1,163,6,38,53
1,164,6,34,53
1,165,6,57,53
1,166,6,52,53
1,1,7,146,14
1,2,7,141,14
1,3,7,155,14
1,4,7,147,14
1,5,7,139,14
1,6,7,134,14
1,7,7,166,14
1,8,7,152,14
1,9,7,138,14
1,10,7,144,14
1,11,7,124,14
1,12,7,122,14
1,13,7,149,14
1,14,7,128,14
1,15,7,129,14
1,16,7,119,14
1,17,7,123,14
1,18,7,161,14
1,19,7,154,14
1,20,7,145,14
1,21,7,125,14
1,22,7,150,14
1,23,7,156,14
1,24,7,142,14
1,25,7,165,14
1,26,7,159,14
1,27,7,158,14
1,28,7,153,14
1,29,7,135,14
1,30,7,137,14
1,31,7,164,14
1,32,7,148,14
1,33,7,151,14
1,34,7,157,14
1,35,7,22,14
1,36,7,127,14
1,37,7,1,14
1,38,7,131,14
1,39,7,136,14
1,40,7,140,14
1,41,7,120,14
1,42,7,21,14
1,43,7,121,14
1,44,7,16,14
1,45,7,32,14
1,46,7,10,14
1,47,7,126,14
1,48,7,19,14
1,49,7,31,14
1,50,7,27,14
1,51,7,163,14
1,52,7,133,14
1,53,7,28,14
1,54,7,9,14
1,55,7,13,14
1,56,7,20,14
1,57,7,30,14
1,58,7,143,14
1,59,7,15,14
1,60,7,26,14
1,61,7,24,14
1,62,7,162,14
1,63,7,5,14
1,64,7,3,14
1,65,7,130,14
1,66,7,18,14
1,67,7,12,14
1,68,7,160,14
1,69,7,108,14
1,70,7,6,14
1,71,7,14,14
1,72,7,29,14
1,73,7,132,14
1,74,7,4,14
1,75,7,2,14
1,76,7,7,14
1,77,7,11,14
1,78,7,97,14
1,79,7,102,14
1,80,7,113,14
1,81,7,95,14
1,82,7,94,14
1,83,7,117,14
1,84,7,114,14
1,85,7,106,14
1,86,7,25,14
1,87,7,115,14
1,88,7,93,14
1,89,7,92,14
1,90,7,107,14
1,91,7,101,14
1,92,7,91,14
1,93,7,100,14
1,94,7,116,14
1,95,7,89,14
1,96,7,103,14
1,97,7,112,14
1,98,7,17,14
1,99,7,96,14
1,100,7,118,14
1,101,7,90,14
1,102,7,111,14
1,103,7,110,14
1,104,7,99,14
1,105,7,98,14
1,106,7,104,14
1,107,7,109,14
1,108,7,8,14
1,109,7,105,14
1,110,7,84,14
1,111,7,66,14
1,112,7,23,14
1,113,7,69,14
1,114,7,85,14
1,115,7,77,14
1,116,7,87,14
1,117,7,70,14
1,118,7,72,14
1,119,7,83,14
1,120,7,79,14
1,121,7,82,14
1,122,7,81,14
1,123,7,78,14
1,124,7,76,14
1,125,7,86,14
1,126,7,64,14
1,127,7,71,14
1,128,7,80,14
1,129,7,88,14
1,130,7,48,14
1,131,7,75,14
1,132,7,67,14
1,133,7,73,14
1,134,7,44,14
1,135,7,63,14
1,136,7,74,14
1,137,7,65,14
1,138,7,62,14
1,139,7,68,14
1,140,7,51,14
1,141,7,36,14
1,142,7,54,14
1,143,7,41,14
1,144,7,33,14
1,145,7,61,14
1,146,7,55,14
1,147,7,43,14
1,148,7,46,14
1,149,7,40,14
1,150,7,37,14
1,151,7,60,14
1,152,7,50,14
1,153,7,47,14
1,154,7,53,14
1,155,7,39,14
1,156,7,58,14
1,157,7,35,14
1,158,7,59,14
1,159,7,45,14
1,160,7,42,14
1,161,7,49,14
1,162,7,56,14
1,163,7,38,14
1,164,7,34,14
1,165,7,57,14
1,166,7,52,14
1,1,8,146,35
1,2,8,141,35
1,3,8,155,35
1,4,8,147,35
1,5,8,139,35
1,6,8,134,35
1,7,8,166,35
1,8,8,152,35
1,9,8,138,35
1,10,8,144,35
1,11,8,124,35
1,12,8,122,35
1,13,8,149,35
1,14,8,128,35
1,15,8,129,35
1,16,8,119,35
1,17,8,123,35
1,18,8,161,35
1,19,8,154,35
1,20,8,145,35
1,21,8,125,35
1,22,8,150,35
1,23,8,156,35
1,24,8,142,35
1,25,8,165,35
1,26,8,159,35
1,27,8,158,35
1,28,8,153,35
1,29,8,135,35
1,30,8,137,35
1,31,8,164,35
1,32,8,148,35
1,33,8,151,35
1,34,8,157,35
1,35,8,22,35
1,36,8,127,35
1,37,8,1,35
1,38,8,131,35
1,39,8,136,35
1,40,8,140,35
1,41,8,120,35
1,42,8,21,35
1,43,8,121,35
1,44,8,16,35
1,45,8,32,35
1,46,8,10,35
1,47,8,126,35
1,48,8,19,35
1,49,8,31,35
1,50,8,27,35
1,51,8,163,35
1,52,8,133,35
1,53,8,28,35
1,54,8,9,35
1,55,8,13,35
1,56,8,20,35
1,57,8,30,35
1,58,8,143,35
1,59,8,15,35
1,60,8,26,35
1,61,8,24,35
1,62,8,162,35
1,63,8,5,35
1,64,8,3,35
1,65,8,130,35
1,66,8,18,35
1,67,8,12,35
1,68,8,160,35
1,69,8,108,35
1,70,8,6,35
1,71,8,14,35
1,72,8,29,35
1,73,8,132,35
1,74,8,4,35
1,75,8,2,35
1,76,8,7,35
1,77,8,11,35
1,78,8,97,35
1,79,8,102,35
1,80,8,113,35
1,81,8,95,35
1,82,8,94,35
1,83,8,117,35
1,84,8,114,35
1,85,8,106,35
1,86,8,25,35
1,87,8,115,35
1,88,8,93,35
1,89,8,92,35
1,90,8,107,35
1,91,8,101,35
1,92,8,91,35
1,93,8,100,35
1,94,8,116,35
1,95,8,89,35
1,96,8,103,35
1,97,8,112,35
1,98,8,17,35
1,99,8,96,35
1,100,8,118,35
1,101,8,90,35
1,102,8,111,35
1,103,8,110,35
1,104,8,99,35
1,105,8,98,35
1,106,8,104,35
1,107,8,109,35
1,108,8,8,35
1,109,8,105,35
1,110,8,84,35
1,111,8,66,35
1,112,8,23,35
1,113,8,69,35
1,114,8,85,35
1,115,8,77,35
1,116,8,87,35
1,117,8,70,35
1,118,8,72,35
1,119,8,83,35
1,120,8,79,35
1,121,8,82,35
1,122,8,81,35
1,123,8,78,35
1,124,8,76,35
1,125,8,86,35
1,126,8,64,35
1,127,8,71,35
1,128,8,80,35
1,129,8,88,35
1,130,8,48,35
1,131,8,75,35
1,132,8,67,35
1,133,8,73,35
1,134,8,44,35
1,135,8,63,35
1,136,8,74,35
1,137,8,65,35
1,138,8,62,35
1,139,8,68,35
1,140,8,51,35
1,141,8,36,35
1,142,8,54,35
1,143,8,41,35
1,144,8,33,35
1,145,8,61,35
1,146,8,55,35
1,147,8,43,35
1,148,8,46,35
1,149,8,40,35
1,150,8,37,35
1,151,8,60,35
1,152,8,50,35
1,153,8,47,35
1,154,8,53,35
1,155,8,39,35
1,156,8,58,35
1,157,8,35,35
1,158,8,59,35
1,159,8,45,35
1,160,8,42,35
1,161,8,49,35
1,162,8,56,35
1,163,8,38,35
1,164,8,34,35
1,165,8,57,35
1,166,8,52,35
1,1,9,146,55
1,2,9,141,55
1,3,9,155,55
1,4,9,147,55
1,5,9,139,55
1,6,9,134,55
1,7,9,166,55
1,8,9,152,55
1,9,9,138,55
1,10,9,144,55
1,11,9,124,55
1,12,9,122,55
1,13,9,149,55
1,14,9,128,55
1,15,9,129,55
1,16,9,119,55
1,17,9,123,55
1,18,9,161,55
1,19,9,154,55
1,20,9,145,55
1,21,9,125,55
1,22,9,150,55
1,23,9,156,55
1,24,9,142,55
1,25,9,165,55
1,26,9,159,55
1,27,9,158,55
1,28,9,153,55
1,29,9,135,55
1,30,9,137,55
1,31,9,164,55
1,32,9,148,55
1,33,9,151,55
1,34,9,157,55
1,35,9,22,55
1,36,9,127,55
1,37,9,1,55
1,38,9,131,55
1,39,9,136,55
1,40,9,140,55
1,41,9,120,55
1,42,9,21,55
1,43,9,121,55
1,44,9,16,55
1,45,9,32,55
1,46,9,10,55
1,47,9,126,55
1,48,9,19,55
1,49,9,31,55
1,50,9,27,55
1,51,9,163,55
1,52,9,133,55
1,53,9,28,55
1,54,9,9,55
1,55,9,13,55
1,56,9,20,55
1,57,9,30,55
1,58,9,143,55
1,59,9,15,55
1,60,9,26,55
1,61,9,24,55
1,62,9,162,55
1,63,9,5,55
1,64,9,3,55
1,65,9,130,55
1,66,9,18,55
1,67,9,12,55
1,68,9,160,55
1,69,9,108,55
1,70,9,6,55
1,71,9,14,55
1,72,9,29,55
1,73,9,132,55
1,74,9,4,55
1,75,9,2,55
1,76,9,7,55
1,77,9,11,55
1,78,9,97,55
1,79,9,102,55
1,80,9,113,55
1,81,9,95,55
1,82,9,94,55
1,83,9,117,55
1,84,9,114,55
1,85,9,106,55
1,86,9,25,55
1,87,9,115,55
1,88,9,93,55
1,89,9,92,55
1,90,9,107,55
1,91,9,101,55
1,92,9,91,55
1,93,9,100,55
1,94,9,116,55
1,95,9,89,55
1,96,9,103,55
1,97,9,112,55
1,98,9,17,55
1,99,9,96,55
1,100,9,118,55
1,101,9,90,55
1,102,9,111,55
1,103,9,110,55
1,104,9,99,55
1,105,9,98,55
1,106,9,104,55
1,107,9,109,55
1,108,9,8,55
1,109,9,105,55
1,110,9,84,55
1,111,9,66,55
1,112,9,23,55
1,113,9,69,55
1,114,9,85,55
1,115,9,77,55
1,116,9,87,55
1,117,9,70,55
1,118,9,72,55
1,119,9,83,55
1,120,9,79,55
1,121,9,82,55
1,122,9,81,55
1,123,9,78,55
1,124,9,76,55
1,125,9,86,55
1,126,9,64,55
1,127,9,71,55
1,128,9,80,55
1,129,9,88,55
1,130,9,48,55
1,131,9,75,55
1,132,9,67,55
1,133,9,73,55
1,134,9,44,55
1,135,9,63,55
1,136,9,74,55
1,137,9,65,55
1,138,9,62,55
1,139,9,68,55
1,140,9,51,55
1,141,9,36,55
1,142,9,54,55
1,143,9,41,55
1,144,9,33,55
1,145,9,61,55
1,146,9,55,55
1,147,9,43,55
1,148,9,46,55
1,149,9,40,55
1,150,9,37,55
1,151,9,60,55
1,152,9,50,55
1,153,9,47,55
1,154,9,53,55
1,155,9,39,55
1,156,9,58,55
1,157,9,35,55
1,158,9,59,55
1,159,9,45,55
1,160,9,42,55
1,161,9,49,55
1,162,9,56,55
1,163,9,38,55
1,164,9,34,55
1,165,9,57,55
1,166,9,52,55
10,1,10,146,175
23,2,10,141,175
1,3,10,155,175
1,4,10,147,175
1,5,10,139,175
1,6,10,134,175
1,7,10,166,175
1,8,10,152,175
1,9,10,138,175
1,10,10,144,175
1,11,10,124,175
1,12,10,122,175
1,13,10,149,175
1,14,10,128,175
1,15,10,129,175
1,16,10,119,175
1,17,10,123,175
1,18,10,161,175
15,19,10,154,175
15,20,10,145,175
15,21,10,125,175
15,22,10,150,175
15,23,10,156,175
15,24,10,142,175
15,25,10,165,175
15,26,10,159,175
15,27,10,158,175
15,28,10,153,175
15,29,10,135,175
15,30,10,137,175
15,31,10,164,175
15,32,10,148,175
15,33,10,151,175
15,34,10,157,175
15,35,10,22,175
1,36,10,127,175
1,37,10,1,175
1,38,10,131,175
1,39,10,136,175
1,40,10,140,175
1,41,10,120,175
1,42,10,21,175
1,43,10,121,175
1,44,10,16,175
1,45,10,32,175
1,46,10,10,175
1,47,10,126,175
1,48,10,19,175
1,49,10,31,175
1,50,10,27,175
1,51,10,163,175
1,52,10,133,175
1,53,10,28,175
1,54,10,9,175
1,55,10,13,175
1,56,10,20,175
1,57,10,30,175
1,58,10,143,175
1,59,10,15,175
1,60,10,26,175
1,61,10,24,175
1,62,10,162,175
1,63,10,5,175
1,64,10,3,175
1,65,10,130,175
1,66,10,18,175
1,67,10,12,175
1,68,10,160,175
1,69,10,108,175
1,70,10,6,175
1,71,10,14,175
1,72,10,29,175
1,73,10,132,175
1,74,10,4,175
1,75,10,2,175
1,76,10,7,175
1,77,10,11,175
1,78,10,97,175
1,79,10,102,175
1,80,10,113,175
1,81,10,95,175
1,82,10,94,175
1,83,10,117,175
1,84,10,114,175
1,85,10,106,175
1,86,10,25,175
1,87,10,115,175
1,88,10,93,175
1,89,10,92,175
1,90,10,107,175
1,91,10,101,175
1,92,10,91,175
1,93,10,100,175
1,94,10,116,175
1,95,10,89,175
1,96,10,103,175
1,97,10,112,175
1,98,10,17,175
1,99,10,96,175
1,100,10,118,175
1,101,10,90,175
1,102,10,111,175
1,103,10,110,175
1,104,10,99,175
1,105,10,98,175
1,106,10,104,175
1,107,10,109,175
1,108,10,8,175
1,109,10,105,175
1,110,10,84,175
1,111,10,66,175
1,112,10,23,175
1,113,10,69,175
1,114,10,85,175
1,115,10,77,175
1,116,10,87,175
1,117,10,70,175
1,118,10,72,175
1,119,10,83,175
1,120,10,79,175
1,121,10,82,175
1,122,10,81,175
1,123,10,78,175
1,124,10,76,175
1,125,10,86,175
1,126,10,64,175
1,127,10,71,175
1,128,10,80,175
1,129,10,88,175
1,130,10,48,175
1,131,10,75,175
1,132,10,67,175
1,133,10,73,175
1,134,10,44,175
1,135,10,63,175
1,136,10,74,175
1,137,10,65,175
1,138,10,62,175
1,139,10,68,175
1,140,10,51,175
1,141,10,36,175
1,142,10,54,175
1,143,10,41,175
1,144,10,33,175
1,145,10,61,175
1,146,10,55,175
1,147,10,43,175
1,148,10,46,175
1,149,10,40,175
1,150,10,37,175
1,151,10,60,175
1,152,10,50,175
1,153,10,47,175
1,154,10,53,175
1,155,10,39,175
1,156,10,58,175
1,157,10,35,175
1,158,10,59,175
1,159,10,45,175
1,160,10,42,175
1,161,10,49,175
1,162,10,56,175
1,163,10,38,175
1,164,10,34,175
1,165,10,57,175
1,166,10,52,175
10,1,11,146,157
23,2,11,141,157
1,3,11,155,157
1,4,11,147,157
1,5,11,139,157
1,6,11,134,157
1,7,11,166,157
1,8,11,152,157
1,9,11,138,157
1,10,11,144,157
1,11,11,124,157
1,12,11,122,157
1,13,11,149,157
1,14,11,128,157
1,15,11,129,157
1,16,11,119,157
1,17,11,123,157
1,18,11,161,157
15,19,11,154,157
15,20,11,145,157
15,21,11,125,157
15,22,11,150,157
15,23,11,156,157
15,24,11,142,157
15,25,11,165,157
15,26,11,159,157
15,27,11,158,157
15,28,11,153,157
15,29,11,135,157
15,30,11,137,157
15,31,11,164,157
15,32,11,148,157
15,33,11,151,157
15,34,11,157,157
15,35,11,22,157
1,36,11,127,157
1,37,11,1,157
1,38,11,131,157
1,39,11,136,157
1,40,11,140,157
1,41,11,120,157
1,42,11,21,157
1,43,11,121,157
1,44,11,16,157
1,45,11,32,157
1,46,11,10,157
1,47,11,126,157
1,48,11,19,157
1,49,11,31,157
1,50,11,27,157
1,51,11,163,157
1,52,11,133,157
1,53,11,28,157
1,54,11,9,157
1,55,11,13,157
1,56,11,20,157
1,57,11,30,157
1,58,11,143,157
1,59,11,15,157
1,60,11,26,157
1,61,11,24,157
1,62,11,162,157
1,63,11,5,157
1,64,11,3,157
1,65,11,130,157
1,66,11,18,157
1,67,11,12,157
1,68,11,160,157
1,69,11,108,157
1,70,11,6,157
1,71,11,14,157
1,72,11,29,157
1,73,11,132,157
1,74,11,4,157
1,75,11,2,157
1,76,11,7,157
1,77,11,11,157
1,78,11,97,157
1,79,11,102,157
1,80,11,113,157
1,81,11,95,157
1,82,11,94,157
1,83,11,117,157
1,84,11,114,157
1,85,11,106,157
1,86,11,25,157
1,87,11,115,157
1,88,11,93,157
1,89,11,92,157
1,90,11,107,157
1,91,11,101,157
1,92,11,91,157
1,93,11,100,157
1,94,11,116,157
1,95,11,89,157
1,96,11,103,157
1,97,11,112,157
1,98,11,17,157
1,99,11,96,157
1,100,11,118,157
1,101,11,90,157
1,102,11,111,157
1,103,11,110,157
1,104,11,99,157
1,105,11,98,157
1,106,11,104,157
1,107,11,109,157
1,108,11,8,157
1,109,11,105,157
1,110,11,84,157
1,111,11,66,157
1,112,11,23,157
1,113,11,69,157
1,114,11,85,157
1,115,11,77,157
1,116,11,87,157
1,117,11,70,157
1,118,11,72,157
1,119,11,83,157
1,120,11,79,157
1,121,11,82,157
1,122,11,81,157
1,123,11,78,157
1,124,11,76,157
1,125,11,86,157
1,126,11,64,157
1,127,11,71,157
1,128,11,80,157
1,129,11,88,157
1,130,11,48,157
1,131,11,75,157
1,132,11,67,157
1,133,11,73,157
1,134,11,44,157
1,135,11,63,157
1,136,11,74,157
1,137,11,65,157
1,138,11,62,157
1,139,11,68,157
1,140,11,51,157
1,141,11,36,157
1,142,11,54,157
1,143,11,41,157
1,144,11,33,157
1,145,11,61,157
1,146,11,55,157
1,147,11,43,157
1,148,11,46,157
1,149,11,40,157
1,150,11,37,157
1,151,11,60,157
1,152,11,50,157
1,153,11,47,157
1,154,11,53,157
1,155,11,39,157
1,156,11,58,157
1,157,11,35,157
1,158,11,59,157
1,159,11,45,157
1,160,11,42,157
1,161,11,49,157
1,162,11,56,157
1,163,11,38,157
1,164,11,34,157
1,165,11,57,157
1,166,11,52,157
10,1,12,146,194
23,2,12,141,194
1,3,12,155,194
1,4,12,147,194
1,5,12,139,194
1,6,12,134,194
1,7,12,166,194
1,8,12,152,194
1,9,12,138,194
1,10,12,144,194
1,11,12,124,194
1,12,12,122,194
1,13,12,149,194
1,14,12,128,194
1,15,12,129,194
1,16,12,119,194
1,17,12,123,194
1,18,12,161,194
15,19,12,154,194
15,20,12,145,194
15,21,12,125,194
15,22,12,150,194
15,23,12,156,194
15,24,12,142,194
15,25,12,165,194
15,26,12,159,194
15,27,12,158,194
15,28,12,153,194
15,29,12,135,194
15,30,12,137,194
15,31,12,164,194
15,32,12,148,194
15,33,12,151,194
15,34,12,157,194
15,35,12,22,194
1,36,12,127,194
1,37,12,1,194
1,38,12,131,194
1,39,12,136,194
1,40,12,140,194
1,41,12,120,194
1,42,12,21,194
1,43,12,121,194
1,44,12,16,194
1,45,12,32,194
1,46,12,10,194
1,47,12,126,194
1,48,12,19,194
1,49,12,31,194
1,50,12,27,194
1,51,12,163,194
1,52,12,133,194
1,53,12,28,194
1,54,12,9,194
1,55,12,13,194
1,56,12,20,194
1,57,12,30,194
1,58,12,143,194
1,59,12,15,194
1,60,12,26,194
1,61,12,24,194
1,62,12,162,194
1,63,12,5,194
1,64,12,3,194
1,65,12,130,194
1,66,12,18,194
1,67,12,12,194
1,68,12,160,194
1,69,12,108,194
1,70,12,6,194
1,71,12,14,194
1,72,12,29,194
1,73,12,132,194
1,74,12,4,194
1,75,12,2,194
1,76,12,7,194
1,77,12,11,194
1,78,12,97,194
1,79,12,102,194
1,80,12,113,194
1,81,12,95,194
1,82,12,94,194
1,83,12,117,194
1,84,12,114,194
1,85,12,106,194
1,86,12,25,194
1,87,12,115,194
1,88,12,93,194
1,89,12,92,194
1,90,12,107,194
1,91,12,101,194
1,92,12,91,194
1,93,12,100,194
1,94,12,116,194
1,95,12,89,194
1,96,12,103,194
1,97,12,112,194
1,98,12,17,194
1,99,12,96,194
1,100,12,118,194
1,101,12,90,194
1,102,12,111,194
1,103,12,110,194
1,104,12,99,194
1,105,12,98,194
1,106,12,104,194
1,107,12,109,194
1,108,12,8,194
1,109,12,105,194
1,110,12,84,194
1,111,12,66,194
1,112,12,23,194
1,113,12,69,194
1,114,12,85,194
1,115,12,77,194
1,116,12,87,194
1,117,12,70,194
1,118,12,72,194
1,119,12,83,194
1,120,12,79,194
1,121,12,82,194
1,122,12,81,194
1,123,12,78,194
1,124,12,76,194
1,125,12,86,194
1,126,12,64,194
1,127,12,71,194
1,128,12,80,194
1,129,12,88,194
1,130,12,48,194
1,131,12,75,194
1,132,12,67,194
1,133,12,73,194
1,134,12,44,194
1,135,12,63,194
1,136,12,74,194
1,137,12,65,194
1,138,12,62,194
1,139,12,68,194
1,140,12,51,194
1,141,12,36,194
1,142,12,54,194
1,143,12,41,194
1,144,12,33,194
1,145,12,61,194
1,146,12,55,194
1,147,12,43,194
1,148,12,46,194
1,149,12,40,194
1,150,12,37,194
1,151,12,60,194
1,152,12,50,194
1,153,12,47,194
1,154,12,53,194
1,155,12,39,194
1,156,12,58,194
1,157,12,35,194
1,158,12,59,194
1,159,12,45,194
1,160,12,42,194
1,161,12,49,194
1,162,12,56,194
1,163,12,38,194
1,164,12,34,194
1,165,12,57,194
1,166,12,52,194
10,1,13,146,253
1,2,13,141,253
1,3,13,155,253
1,4,13,147,253
1,5,13,139,253
1,6,13,134,253
1,7,13,166,253
1,8,13,152,253
1,9,13,138,253
1,10,13,144,253
1,11,13,124,253
1,12,13,122,253
1,13,13,149,253
1,14,13,128,253
1,15,13,129,253
1,16,13,119,253
1,17,13,123,253
1,18,13,161,253
1,19,13,154,253
1,20,13,145,253
1,21,13,125,253
1,22,13,150,253
1,23,13,156,253
1,24,13,142,253
1,25,13,165,253
1,26,13,159,253
1,27,13,158,253
1,28,13,153,253
1,29,13,135,253
1,30,13,137,253
1,31,13,164,253
1,32,13,148,253
1,33,13,151,253
1,34,13,157,253
1,35,13,22,253
1,36,13,127,253
1,37,13,1,253
1,38,13,131,253
1,39,13,136,253
1,40,13,140,253
1,41,13,120,253
1,42,13,21,253
1,43,13,121,253
1,44,13,16,253
1,45,13,32,253
1,46,13,10,253
1,47,13,126,253
1,48,13,19,253
1,49,13,31,253
1,50,13,27,253
1,51,13,163,253
1,52,13,133,253
1,53,13,28,253
1,54,13,9,253
1,55,13,13,253
1,56,13,20,253
1,57,13,30,253
1,58,13,143,253
1,59,13,15,253
1,60,13,26,253
1,61,13,24,253
1,62,13,162,253
1,63,13,5,253
1,64,13,3,253
1,65,13,130,253
1,66,13,18,253
1,67,13,12,253
1,68,13,160,253
1,69,13,108,253
1,70,13,6,253
1,71,13,14,253
1,72,13,29,253
1,73,13,132,253
1,74,13,4,253
1,75,13,2,253
1,76,13,7,253
1,77,13,11,253
1,78,13,97,253
1,79,13,102,253
1,80,13,113,253
1,81,13,95,253
1,82,13,94,253
1,83,13,117,253
1,84,13,114,253
1,85,13,106,253
1,86,13,25,253
1,87,13,115,253
1,88,13,93,253
1,89,13,92,253
1,90,13,107,253
1,91,13,101,253
1,92,13,91,253
1,93,13,100,253
1,94,13,116,253
1,95,13,89,253
1,96,13,103,253
1,97,13,112,253
1,98,13,17,253
1,99,13,96,253
1,100,13,118,253
1,101,13,90,253
1,102,13,111,253
1,103,13,110,253
1,104,13,99,253
1,105,13,98,253
1,106,13,104,253
1,107,13,109,253
1,108,13,8,253
1,109,13,105,253
1,110,13,84,253
1,111,13,66,253
1,112,13,23,253
1,113,13,69,253
1,114,13,85,253
1,115,13,77,253
1,116,13,87,253
1,117,13,70,253
1,118,13,72,253
1,119,13,83,253
1,120,13,79,253
1,121,13,82,253
1,122,13,81,253
1,123,13,78,253
1,124,13,76,253
1,125,13,86,253
1,126,13,64,253
1,127,13,71,253
1,128,13,80,253
1,129,13,88,253
1,130,13,48,253
1,131,13,75,253
1,132,13,67,253
1,133,13,73,253
1,134,13,44,253
1,135,13,63,253
1,136,13,74,253
1,137,13,65,253
1,138,13,62,253
1,139,13,68,253
1,140,13,51,253
1,141,13,36,253
1,142,13,54,253
1,143,13,41,253
1,144,13,33,253
1,145,13,61,253
1,146,13,55,253
1,147,13,43,253
1,148,13,46,253
1,149,13,40,253
1,150,13,37,253
1,151,13,60,253
1,152,13,50,253
1,153,13,47,253
1,154,13,53,253
1,155,13,39,253
1,156,13,58,253
1,157,13,35,253
1,158,13,59,253
1,159,13,45,253
1,160,13,42,253
1,161,13,49,253
1,162,13,56,253
1,163,13,38,253
1,164,13,34,253
1,165,13,57,253
1,166,13,52,253
10,1,14,146,127
1,2,14,141,127
1,3,14,155,127
1,4,14,147,127
1,5,14,139,127
1,6,14,134,127
1,7,14,166,127
1,8,14,152,127
1,9,14,138,127
1,10,14,144,127
1,11,14,124,127
1,12,14,122,127
1,13,14,149,127
1,14,14,128,127
1,15,14,129,127
1,16,14,119,127
1,17,14,123,127
1,18,14,161,127
1,19,14,154,127
1,20,14,145,127
1,21,14,125,127
1,22,14,150,127
1,23,14,156,127
1,24,14,142,127
1,25,14,165,127
1,26,14,159,127
1,27,14,158,127
1,28,14,153,127
1,29,14,135,127
1,30,14,137,127
1,31,14,164,127
1,32,14,148,127
1,33,14,151,127
1,34,14,157,127
1,35,14,22,127
1,36,14,127,127
1,37,14,1,127
1,38,14,131,127
1,39,14,136,127
1,40,14,140,127
1,41,14,120,127
1,42,14,21,127
1,43,14,121,127
1,44,14,16,127
1,45,14,32,127
1,46,14,10,127
1,47,14,126,127
1,48,14,19,127
1,49,14,31,127
1,50,14,27,127
1,51,14,163,127
1,52,14,133,127
1,53,14,28,127
1,54,14,9,127
1,55,14,13,127
1,56,14,20,127
1,57,14,30,127
1,58,14,143,127
1,59,14,15,127
1,60,14,26,127
1,61,14,24,127
1,62,14,162,127
1,63,14,5,127
1,64,14,3,127
1,65,14,130,127
1,66,14,18,127
1,67,14,12,127
1,68,14,160,127
1,69,14,108,127
1,70,14,6,127
1,71,14,14,127
1,72,14,29,127
1,73,14,132,127
1,74,14,4,127
1,75,14,2,127
1,76,14,7,127
1,77,14,11,127
1,78,14,97,127
1,79,14,102,127
1,80,14,113,127
1,81,14,95,127
1,82,14,94,127
1,83,14,117,127
1,84,14,114,127
1,85,14,106,127
1,86,14,25,127
1,87,14,115,127
1,88,14,93,127
1,89,14,92,127
1,90,14,107,127
1,91,14,101,127
1,92,14,91,127
1,93,14,100,127
1,94,14,116,127
1,95,14,89,127
1,96,14,103,127
1,97,14,112,127
1,98,14,17,127
1,99,14,96,127
1,100,14,118,127
1,101,14,90,127
1,102,14,111,127
1,103,14,110,127
1,104,14,99,127
1,105,14,98,127
1,106,14,104,127
1,107,14,109,127
1,108,14,8,127
1,109,14,105,127
1,110,14,84,127
1,111,14,66,127
1,112,14,23,127
1,113,14,69,127
1,114,14,85,127
1,115,14,77,127
1,116,14,87,127
1,117,14,70,127
1,118,14,72,127
1,119,14,83,127
1,120,14,79,127
1,121,14,82,127
1,122,14,81,127
1,123,14,78,127
1,124,14,76,127
1,125,14,86,127
1,126,14,64,127
1,127,14,71,127
1,128,14,80,127
1,129,14,88,127
1,130,14,48,127
1,131,14,75,127
1,132,14,67,127
1,133,14,73,127
1,134,14,44,127
1,135,14,63,127
1,136,14,74,127
1,137,14,65,127
1,138,14,62,127
1,139,14,68,127
1,140,14,51,127
1,141,14,36,127
1,142,14,54,127
1,143,14,41,127
1,144,14,33,127
1,145,14,61,127
1,146,14,55,127
1,147,14,43,127
1,148,14,46,127
1,149,14,40,127
1,150,14,37,127
1,151,14,60,127
1,152,14,50,127
1,153,14,47,127
1,154,14,53,127
1,155,14,39,127
1,156,14,58,127
1,157,14,35,127
1,158,14,59,127
1,159,14,45,127
1,160,14,42,127
1,161,14,49,127
1,162,14,56,127
1,163,14,38,127
1,164,14,34,127
1,165,14,57,127
1,166,14,52,127
10,1,15,146,25
1,2,15,141,25
1,3,15,155,25
1,4,15,147,25
1,5,15,139,25
1,6,15,134,25
1,7,15,166,25
1,8,15,152,25
1,9,15,138,25
1,10,15,144,25
1,11,15,124,25
1,12,15,122,25
1,13,15,149,25
1,14,15,128,25
1,15,15,129,25
1,16,15,119,25
1,17,15,123,25
1,18,15,161,25
1,19,15,154,25
1,20,15,145,25
1,21,15,125,25
1,22,15,150,25
1,23,15,156,25
1,24,15,142,25
1,25,15,165,25
1,26,15,159,25
1,27,15,158,25
1,28,15,153,25
1,29,15,135,25
1,30,15,137,25
1,31,15,164,25
1,32,15,148,25
1,33,15,151,25
1,34,15,157,25
1,35,15,22,25
1,36,15,127,25
1,37,15,1,25
1,38,15,131,25
1,39,15,136,25
1,40,15,140,25
1,41,15,120,25
1,42,15,21,25
1,43,15,121,25
1,44,15,16,25
1,45,15,32,25
1,46,15,10,25
1,47,15,126,25
1,48,15,19,25
1,49,15,31,25
1,50,15,27,25
1,51,15,163,25
1,52,15,133,25
1,53,15,28,25
1,54,15,9,25
1,55,15,13,25
1,56,15,20,25
1,57,15,30,25
1,58,15,143,25
1,59,15,15,25
1,60,15,26,25
1,61,15,24,25
1,62,15,162,25
1,63,15,5,25
1,64,15,3,25
1,65,15,130,25
1,66,15,18,25
1,67,15,12,25
1,68,15,160,25
1,69,15,108,25
1,70,15,6,25
1,71,15,14,25
1,72,15,29,25
1,73,15,132,25
1,74,15,4,25
1,75,15,2,25
1,76,15,7,25
1,77,15,11,25
1,78,15,97,25
1,79,15,102,25
1,80,15,113,25
1,81,15,95,25
1,82,15,94,25
1,83,15,117,25
1,84,15,114,25
1,85,15,106,25
1,86,15,25,25
1,87,15,115,25
1,88,15,93,25
1,89,15,92,25
1,90,15,107,25
1,91,15,101,25
1,92,15,91,25
1,93,15,100,25
1,94,15,116,25
1,95,15,89,25
1,96,15,103,25
1,97,15,112,25
1,98,15,17,25
1,99,15,96,25
1,100,15,118,25
1,101,15,90,25
1,102,15,111,25
1,103,15,110,25
1,104,15,99,25
1,105,15,98,25
1,106,15,104,25
1,107,15,109,25
1,108,15,8,25
1,109,15,105,25
1,110,15,84,25
1,111,15,66,25
1,112,15,23,25
1,113,15,69,25
1,114,15,85,25
1,115,15,77,25
1,116,15,87,25
1,117,15,70,25
1,118,15,72,25
1,119,15,83,25
1,120,15,79,25
1,121,15,82,25
1,122,15,81,25
1,123,15,78,25
1,124,15,76,25
1,125,15,86,25
1,126,15,64,25
1,127,15,71,25
1,128,15,80,25
1,129,15,88,25
1,130,15,48,25
1,131,15,75,25
1,132,15,67,25
1,133,15,73,25
1,134,15,44,25
1,135,15,63,25
1,136,15,74,25
1,137,15,65,25
1,138,15,62,25
1,139,15,68,25
1,140,15,51,25
1,141,15,36,25
1,142,15,54,25
1,143,15,41,25
1,144,15,33,25
1,145,15,61,25
1,146,15,55,25
1,147,15,43,25
1,148,15,46,25
1,149,15,40,25
1,150,15,37,25
1,151,15,60,25
1,152,15,50,25
1,153,15,47,25
1,154,15,53,25
1,155,15,39,25
1,156,15,58,25
1,157,15,35,25
1,158,15,59,25
1,159,15,45,25
1,160,15,42,25
1,161,15,49,25
1,162,15,56,25
1,163,15,38,25
1,164,15,34,25
1,165,15,57,25
1,166,15,52,25
10,1,16,146,285
1,2,16,141,285
1,3,16,155,285
1,4,16,147,285
1,5,16,139,285
1,6,16,134,285
1,7,16,166,285
1,8,16,152,285
1,9,16,138,285
1,10,16,144,285
1,11,16,124,285
1,12,16,122,285
1,13,16,149,285
1,14,16,128,285
1,15,16,129,285
1,16,16,119,285
1,17,16,123,285
1,18,16,161,285
1,19,16,154,285
1,20,16,145,285
1,21,16,125,285
1,22,16,150,285
1,23,16,156,285
1,24,16,142,285
1,25,16,165,285
1,26,16,159,285
1,27,16,158,285
1,28,16,153,285
1,29,16,135,285
1,30,16,137,285
1,31,16,164,285
1,32,16,148,285
1,33,16,151,285
1,34,16,157,285
1,35,16,22,285
1,36,16,127,285
1,37,16,1,285
1,38,16,131,285
1,39,16,136,285
1,40,16,140,285
1,41,16,120,285
1,42,16,21,285
1,43,16,121,285
1,44,16,16,285
1,45,16,32,285
1,46,16,10,285
1,47,16,126,285
1,48,16,19,285
1,49,16,31,285
1,50,16,27,285
1,51,16,163,285
1,52,16,133,285
1,53,16,28,285
1,54,16,9,285
1,55,16,13,285
1,56,16,20,285
1,57,16,30,285
1,58,16,143,285
1,59,16,15,285
1,60,16,26,285
1,61,16,24,285
1,62,16,162,285
1,63,16,5,285
1,64,16,3,285
1,65,16,130,285
1,66,16,18,285
1,67,16,12,285
1,68,16,160,285
1,69,16,108,285
1,70,16,6,285
1,71,16,14,285
1,72,16,29,285
1,73,16,132,285
1,74,16,4,285
1,75,16,2,285
1,76,16,7,285
1,77,16,11,285
1,78,16,97,285
1,79,16,102,285
1,80,16,113,285
1,81,16,95,285
1,82,16,94,285
1,83,16,117,285
1,84,16,114,285
1,85,16,106,285
1,86,16,25,285
1,87,16,115,285
1,88,16,93,285
1,89,16,92,285
1,90,16,107,285
1,91,16,101,285
1,92,16,91,285
1,93,16,100,285
1,94,16,116,285
1,95,16,89,285
1,96,16,103,285
1,97,16,112,285
1,98,16,17,285
1,99,16,96,285
1,100,16,118,285
1,101,16,90,285
1,102,16,111,285
1,103,16,110,285
1,104,16,99,285
1,105,16,98,285
1,106,16,104,285
1,107,16,109,285
1,108,16,8,285
1,109,16,105,285
1,110,16,84,285
1,111,16,66,285
1,112,16,23,285
1,113,16,69,285
1,114,16,85,285
1,115,16,77,285
1,116,16,87,285
1,117,16,70,285
1,118,16,72,285
1,119,16,83,285
1,120,16,79,285
1,121,16,82,285
1,122,16,81,285
1,123,16,78,285
1,124,16,76,285
1,125,16,86,285
1,126,16,64,285
1,127,16,71,285
1,128,16,80,285
1,129,16,88,285
1,130,16,48,285
1,131,16,75,285
1,132,16,67,285
1,133,16,73,285
1,134,16,44,285
1,135,16,63,285
1,136,16,74,285
1,137,16,65,285
1,138,16,62,285
1,139,16,68,285
1,140,16,51,285
1,141,16,36,285
1,142,16,54,285
1,143,16,41,285
1,144,16,33,285
1,145,16,61,285
1,146,16,55,285
1,147,16,43,285
1,148,16,46,285
1,149,16,40,285
1,150,16,37,285
1,151,16,60,285
1,152,16,50,285
1,153,16,47,285
1,154,16,53,285
1,155,16,39,285
1,156,16,58,285
1,157,16,35,285
1,158,16,59,285
1,159,16,45,285
1,160,16,42,285
1,161,16,49,285
1,162,16,56,285
1,163,16,38,285
1,164,16,34,285
1,165,16,57,285
1,166,16,52,285
10,1,17,146,242
1,2,17,141,242
1,3,17,155,242
1,4,17,147,242
1,5,17,139,242
1,6,17,134,242
1,7,17,166,242
1,8,17,152,242
1,9,17,138,242
1,10,17,144,242
1,11,17,124,242
1,12,17,122,242
1,13,17,149,242
1,14,17,128,242
1,15,17,129,242
1,16,17,119,242
1,17,17,123,242
1,18,17,161,242
1,19,17,154,242
1,20,17,145,242
1,21,17,125,242
1,22,17,150,242
1,23,17,156,242
1,24,17,142,242
1,25,17,165,242
1,26,17,159,242
1,27,17,158,242
1,28,17,153,242
1,29,17,135,242
1,30,17,137,242
1,31,17,164,242
1,32,17,148,242
1,33,17,151,242
1,34,17,157,242
1,35,17,22,242
1,36,17,127,242
1,37,17,1,242
1,38,17,131,242
1,39,17,136,242
1,40,17,140,242
1,41,17,120,242
1,42,17,21,242
1,43,17,121,242
1,44,17,16,242
1,45,17,32,242
1,46,17,10,242
1,47,17,126,242
1,48,17,19,242
1,49,17,31,242
1,50,17,27,242
1,51,17,163,242
1,52,17,133,242
1,53,17,28,242
1,54,17,9,242
1,55,17,13,242
1,56,17,20,242
1,57,17,30,242
1,58,17,143,242
1,59,17,15,242
1,60,17,26,242
1,61,17,24,242
1,62,17,162,242
1,63,17,5,242
1,64,17,3,242
1,65,17,130,242
1,66,17,18,242
1,67,17,12,242
1,68,17,160,242
1,69,17,108,242
1,70,17,6,242
1,71,17,14,242
1,72,17,29,242
1,73,17,132,242
1,74,17,4,242
1,75,17,2,242
1,76,17,7,242
1,77,17,11,242
1,78,17,97,242
1,79,17,102,242
1,80,17,113,242
1,81,17,95,242
1,82,17,94,242
1,83,17,117,242
1,84,17,114,242
1,85,17,106,242
1,86,17,25,242
1,87,17,115,242
1,88,17,93,242
1,89,17,92,242
1,90,17,107,242
1,91,17,101,242
1,92,17,91,242
1,93,17,100,242
1,94,17,116,242
1,95,17,89,242
1,96,17,103,242
1,97,17,112,242
1,98,17,17,242
1,99,17,96,242
1,100,17,118,242
1,101,17,90,242
1,102,17,111,242
1,103,17,110,242
1,104,17,99,242
1,105,17,98,242
1,106,17,104,242
1,107,17,109,242
1,108,17,8,242
1,109,17,105,242
1,110,17,84,242
1,111,17,66,242
1,112,17,23,242
1,113,17,69,242
1,114,17,85,242
1,115,17,77,242
1,116,17,87,242
1,117,17,70,242
1,118,17,72,242
1,119,17,83,242
1,120,17,79,242
1,121,17,82,242
1,122,17,81,242
1,123,17,78,242
1,124,17,76,242
1,125,17,86,242
1,126,17,64,242
1,127,17,71,242
1,128,17,80,242
1,129,17,88,242
1,130,17,48,242
1,131,17,75,242
1,132,17,67,242
1,133,17,73,242
1,134,17,44,242
1,135,17,63,242
1,136,17,74,242
1,137,17,65,242
1,138,17,62,242
1,139,17,68,242
1,140,17,51,242
1,141,17,36,242
1,142,17,54,242
1,143,17,41,242
1,144,17,33,242
1,145,17,61,242
1,146,17,55,242
1,147,17,43,242
1,148,17,46,242
1,149,17,40,242
1,150,17,37,242
1,151,17,60,242
1,152,17,50,242
1,153,17,47,242
1,154,17,53,242
1,155,17,39,242
1,156,17,58,242
1,157,17,35,242
1,158,17,59,242
1,159,17,45,242
1,160,17,42,242
1,161,17,49,242
1,162,17,56,242
1,163,17,38,242
1,164,17,34,242
1,165,17,57,242
1,166,17,52,242
10,1,18,146,148
1,2,18,141,148
1,3,18,155,148
1,4,18,147,148
1,5,18,139,148
1,6,18,134,148
1,7,18,166,148
1,8,18,152,148
1,9,18,138,148
1,10,18,144,148
1,11,18,124,148
1,12,18,122,148
1,13,18,149,148
1,14,18,128,148
1,15,18,129,148
1,16,18,119,148
1,17,18,123,148
1,18,18,161,148
1,19,18,154,148
1,20,18,145,148
1,21,18,125,148
1,22,18,150,148
1,23,18,156,148
1,24,18,142,148
1,25,18,165,148
1,26,18,159,148
1,27,18,158,148
1,28,18,153,148
1,29,18,135,148
1,30,18,137,148
1,31,18,164,148
1,32,18,148,148
1,33,18,151,148
1,34,18,157,148
1,35,18,22,148
1,36,18,127,148
1,37,18,1,148
1,38,18,131,148
1,39,18,136,148
1,40,18,140,148
1,41,18,120,148
1,42,18,21,148
1,43,18,121,148
1,44,18,16,148
1,45,18,32,148
1,46,18,10,148
1,47,18,126,148
1,48,18,19,148
1,49,18,31,148
1,50,18,27,148
1,51,18,163,148
1,52,18,133,148
1,53,18,28,148
1,54,18,9,148
1,55,18,13,148
1,56,18,20,148
1,57,18,30,148
1,58,18,143,148
1,59,18,15,148
1,60,18,26,148
1,61,18,24,148
1,62,18,162,148
1,63,18,5,148
1,64,18,3,148
1,65,18,130,148
1,66,18,18,148
1,67,18,12,148
1,68,18,160,148
1,69,18,108,148
1,70,18,6,148
1,71,18,14,148
1,72,18,29,148
1,73,18,132,148
1,74,18,4,148
1,75,18,2,148
1,76,18,7,148
1,77,18,11,148
1,78,18,97,148
1,79,18,102,148
1,80,18,113,148
1,81,18,95,148
1,82,18,94,148
1,83,18,117,148
1,84,18,114,148
1,85,18,106,148
1,86,18,25,148
1,87,18,115,148
1,88,18,93,148
1,89,18,92,148
1,90,18,107,148
1,91,18,101,148
1,92,18,91,148
1,93,18,100,148
1,94,18,116,148
1,95,18,89,148
1,96,18,103,148
1,97,18,112,148
1,98,18,17,148
1,99,18,96,148
1,100,18,118,148
1,101,18,90,148
1,102,18,111,148
1,103,18,110,148
1,104,18,99,148
1,105,18,98,148
1,106,18,104,148
1,107,18,109,148
1,108,18,8,148
1,109,18,105,148
1,110,18,84,148
1,111,18,66,148
1,112,18,23,148
1,113,18,69,148
1,114,18,85,148
1,115,18,77,148
1,116,18,87,148
1,117,18,70,148
1,118,18,72,148
1,119,18,83,148
1,120,18,79,148
1,121,18,82,148
1,122,18,81,148
1,123,18,78,148
1,124,18,76,148
1,125,18,86,148
1,126,18,64,148
1,127,18,71,148
1,128,18,80,148
1,129,18,88,148
1,130,18,48,148
1,131,18,75,148
1,132,18,67,148
1,133,18,73,148
1,134,18,44,148
1,135,18,63,148
1,136,18,74,148
1,137,18,65,148
1,138,18,62,148
1,139,18,68,148
1,140,18,51,148
1,141,18,36,148
1,142,18,54,148
1,143,18,41,148
1,144,18,33,148
1,145,18,61,148
1,146,18,55,148
1,147,18,43,148
1,148,18,46,148
1,149,18,40,148
1,150,18,37,148
1,151,18,60,148
1,152,18,50,148
1,153,18,47,148
1,154,18,53,148
1,155,18,39,148
1,156,18,58,148
1,157,18,35,148
1,158,18,59,148
1,159,18,45,148
1,160,18,42,148
1,161,18,49,148
1,162,18,56,148
1,163,18,38,148
1,164,18,34,148
1,165,18,57,148
1,166,18,52,148
10,1,19,146,19
1,2,19,141,19
1,3,19,155,19
1,4,19,147,19
1,5,19,139,19
1,6,19,134,19
1,7,19,166,19
1,8,19,152,19
1,9,19,138,19
1,10,19,144,19
1,11,19,124,19
1,12,19,122,19
1,13,19,149,19
1,14,19,128,19
1,15,19,129,19
1,16,19,119,19
1,17,19,123,19
1,18,19,161,19
1,19,19,154,19
1,20,19,145,19
1,21,19,125,19
1,22,19,150,19
1,23,19,156,19
1,24,19,142,19
1,25,19,165,19
1,26,19,159,19
1,27,19,158,19
1,28,19,153,19
1,29,19,135,19
1,30,19,137,19
1,31,19,164,19
1,32,19,148,19
1,33,19,151,19
1,34,19,157,19
1,35,19,22,19
1,36,19,127,19
1,37,19,1,19
1,38,19,131,19
1,39,19,136,19
1,40,19,140,19
1,41,19,120,19
1,42,19,21,19
1,43,19,121,19
1,44,19,16,19
1,45,19,32,19
1,46,19,10,19
1,47,19,126,19
1,48,19,19,19
1,49,19,31,19
1,50,19,27,19
1,51,19,163,19
1,52,19,133,19
1,53,19,28,19
1,54,19,9,19
1,55,19,13,19
1,56,19,20,19
1,57,19,30,19
1,58,19,143,19
1,59,19,15,19
1,60,19,26,19
1,61,19,24,19
1,62,19,162,19
1,63,19,5,19
1,64,19,3,19
1,65,19,130,19
1,66,19,18,19
1,67,19,12,19
1,68,19,160,19
1,69,19,108,19
1,70,19,6,19
1,71,19,14,19
1,72,19,29,19
1,73,19,132,19
1,74,19,4,19
1,75,19,2,19
1,76,19,7,19
1,77,19,11,19
1,78,19,97,19
1,79,19,102,19
1,80,19,113,19
1,81,19,95,19
1,82,19,94,19
1,83,19,117,19
1,84,19,114,19
1,85,19,106,19
1,86,19,25,19
1,87,19,115,19
1,88,19,93,19
1,89,19,92,19
1,90,19,107,19
1,91,19,101,19
1,92,19,91,19
1,93,19,100,19
1,94,19,116,19
1,95,19,89,19
1,96,19,103,19
1,97,19,112,19
1,98,19,17,19
1,99,19,96,19
1,100,19,118,19
1,101,19,90,19
1,102,19,111,19
1,103,19,110,19
1,104,19,99,19
1,105,19,98,19
1,106,19,104,19
1,107,19,109,19
1,108,19,8,19
1,109,19,105,19
1,110,19,84,19
1,111,19,66,19
1,112,19,23,19
1,113,19,69,19
1,114,19,85,19
1,115,19,77,19
1,116,19,87,19
1,117,19,70,19
1,118,19,72,19
1,119,19,83,19
1,120,19,79,19
1,121,19,82,19
1,122,19,81,19
1,123,19,78,19
1,124,19,76,19
1,125,19,86,19
1,126,19,64,19
1,127,19,71,19
1,128,19,80,19
1,129,19,88,19
1,130,19,48,19
1,131,19,75,19
1,132,19,67,19
1,133,19,73,19
1,134,19,44,19
1,135,19,63,19
1,136,19,74,19
1,137,19,65,19
1,138,19,62,19
1,139,19,68,19
1,140,19,51,19
1,141,19,36,19
1,142,19,54,19
1,143,19,41,19
1,144,19,33,19
1,145,19,61,19
1,146,19,55,19
1,147,19,43,19
1,148,19,46,19
1,149,19,40,19
1,150,19,37,19
1,151,19,60,19
1,152,19,50,19
1,153,19,47,19
1,154,19,53,19
1,155,19,39,19
1,156,19,58,19
1,157,19,35,19
1,158,19,59,19
1,159,19,45,19
1,160,19,42,19
1,161,19,49,19
1,162,19,56,19
1,163,19,38,19
1,164,19,34,19
1,165,19,57,19
1,166,19,52,19
10,1,20,146,164
1,2,20,141,164
1,3,20,155,164
1,4,20,147,164
1,5,20,139,164
1,6,20,134,164
1,7,20,166,164
1,8,20,152,164
1,9,20,138,164
1,10,20,144,164
1,11,20,124,164
1,12,20,122,164
1,13,20,149,164
1,14,20,128,164
1,15,20,129,164
1,16,20,119,164
1,17,20,123,164
1,18,20,161,164
1,19,20,154,164
1,20,20,145,164
1,21,20,125,164
1,22,20,150,164
1,23,20,156,164
1,24,20,142,164
1,25,20,165,164
1,26,20,159,164
1,27,20,158,164
1,28,20,153,164
1,29,20,135,164
1,30,20,137,164
1,31,20,164,164
1,32,20,148,164
1,33,20,151,164
1,34,20,157,164
1,35,20,22,164
1,36,20,127,164
1,37,20,1,164
1,38,20,131,164
1,39,20,136,164
1,40,20,140,164
1,41,20,120,164
1,42,20,21,164
1,43,20,121,164
1,44,20,16,164
1,45,20,32,164
1,46,20,10,164
1,47,20,126,164
1,48,20,19,164
1,49,20,31,164
1,50,20,27,164
1,51,20,163,164
1,52,20,133,164
1,53,20,28,164
1,54,20,9,164
1,55,20,13,164
1,56,20,20,164
1,57,20,30,164
1,58,20,143,164
1,59,20,15,164
1,60,20,26,164
1,61,20,24,164
1,62,20,162,164
1,63,20,5,164
1,64,20,3,164
1,65,20,130,164
1,66,20,18,164
1,67,20,12,164
1,68,20,160,164
1,69,20,108,164
1,70,20,6,164
1,71,20,14,164
1,72,20,29,164
1,73,20,132,164
1,74,20,4,164
1,75,20,2,164
1,76,20,7,164
1,77,20,11,164
1,78,20,97,164
1,79,20,102,164
1,80,20,113,164
1,81,20,95,164
1,82,20,94,164
1,83,20,117,164
1,84,20,114,164
1,85,20,106,164
1,86,20,25,164
1,87,20,115,164
1,88,20,93,164
1,89,20,92,164
1,90,20,107,164
1,91,20,101,164
1,92,20,91,164
1,93,20,100,164
1,94,20,116,164
1,95,20,89,164
1,96,20,103,164
1,97,20,112,164
1,98,20,17,164
1,99,20,96,164
1,100,20,118,164
1,101,20,90,164
1,102,20,111,164
1,103,20,110,164
1,104,20,99,164
1,105,20,98,164
1,106,20,104,164
1,107,20,109,164
1,108,20,8,164
1,109,20,105,164
1,110,20,84,164
1,111,20,66,164
1,112,20,23,164
1,113,20,69,164
1,114,20,85,164
1,115,20,77,164
1,116,20,87,164
1,117,20,70,164
1,118,20,72,164
1,119,20,83,164
1,120,20,79,164
1,121,20,82,164
1,122,20,81,164
1,123,20,78,164
1,124,20,76,164
1,125,20,86,164
1,126,20,64,164
1,127,20,71,164
1,128,20,80,164
1,129,20,88,164
1,130,20,48,164
1,131,20,75,164
1,132,20,67,164
1,133,20,73,164
1,134,20,44,164
1,135,20,63,164
1,136,20,74,164
1,137,20,65,164
1,138,20,62,164
1,139,20,68,164
1,140,20,51,164
1,141,20,36,164
1,142,20,54,164
1,143,20,41,164
1,144,20,33,164
1,145,20,61,164
1,146,20,55,164
1,147,20,43,164
1,148,20,46,164
1,149,20,40,164
1,150,20,37,164
1,151,20,60,164
1,152,20,50,164
1,153,20,47,164
1,154,20,53,164
1,155,20,39,164
1,156,20,58,164
1,157,20,35,164
1,158,20,59,164
1,159,20,45,164
1,160,20,42,164
1,161,20,49,164
1,162,20,56,164
1,163,20,38,164
1,164,20,34,164
1,165,20,57,164
1,166,20,52,164
10,1,21,146,94
1,2,21,141,94
1,3,21,155,94
1,4,21,147,94
1,5,21,139,94
1,6,21,134,94
1,7,21,166,94
1,8,21,152,94
1,9,21,138,94
1,10,21,144,94
1,11,21,124,94
1,12,21,122,94
1,13,21,149,94
1,14,21,128,94
1,15,21,129,94
1,16,21,119,94
1,17,21,123,94
1,18,21,161,94
1,19,21,154,94
1,20,21,145,94
1,21,21,125,94
1,22,21,150,94
1,23,21,156,94
1,24,21,142,94
1,25,21,165,94
1,26,21,159,94
1,27,21,158,94
1,28,21,153,94
1,29,21,135,94
1,30,21,137,94
1,31,21,164,94
1,32,21,148,94
1,33,21,151,94
1,34,21,157,94
1,35,21,22,94
1,36,21,127,94
1,37,21,1,94
1,38,21,131,94
1,39,21,136,94
1,40,21,140,94
1,41,21,120,94
1,42,21,21,94
1,43,21,121,94
1,44,21,16,94
1,45,21,32,94
1,46,21,10,94
1,47,21,126,94
1,48,21,19,94
1,49,21,31,94
1,50,21,27,94
1,51,21,163,94
1,52,21,133,94
1,53,21,28,94
1,54,21,9,94
1,55,21,13,94
1,56,21,20,94
1,57,21,30,94
1,58,21,143,94
1,59,21,15,94
1,60,21,26,94
1,61,21,24,94
1,62,21,162,94
1,63,21,5,94
1,64,21,3,94
1,65,21,130,94
1,66,21,18,94
1,67,21,12,94
1,68,21,160,94
1,69,21,108,94
1,70,21,6,94
1,71,21,14,94
1,72,21,29,94
1,73,21,132,94
1,74,21,4,94
1,75,21,2,94
1,76,21,7,94
1,77,21,11,94
1,78,21,97,94
1,79,21,102,94
1,80,21,113,94
1,81,21,95,94
1,82,21,94,94
1,83,21,117,94
1,84,21,114,94
1,85,21,106,94
1,86,21,25,94
1,87,21,115,94
1,88,21,93,94
1,89,21,92,94
1,90,21,107,94
1,91,21,101,94
1,92,21,91,94
1,93,21,100,94
1,94,21,116,94
1,95,21,89,94
1,96,21,103,94
1,97,21,112,94
1,98,21,17,94
1,99,21,96,94
1,100,21,118,94
1,101,21,90,94
1,102,21,111,94
1,103,21,110,94
1,104,21,99,94
1,105,21,98,94
1,106,21,104,94
1,107,21,109,94
1,108,21,8,94
1,109,21,105,94
1,110,21,84,94
1,111,21,66,94
1,112,21,23,94
1,113,21,69,94
1,114,21,85,94
1,115,21,77,94
1,116,21,87,94
1,117,21,70,94
1,118,21,72,94
1,119,21,83,94
1,120,21,79,94
1,121,21,82,94
1,122,21,81,94
1,123,21,78,94
1,124,21,76,94
1,125,21,86,94
1,126,21,64,94
1,127,21,71,94
1,128,21,80,94
1,129,21,88,94
1,130,21,48,94
1,131,21,75,94
1,132,21,67,94
1,133,21,73,94
1,134,21,44,94
1,135,21,63,94
1,136,21,74,94
1,137,21,65,94
1,138,21,62,94
1,139,21,68,94
1,140,21,51,94
1,141,21,36,94
1,142,21,54,94
1,143,21,41,94
1,144,21,33,94
1,145,21,61,94
1,146,21,55,94
1,147,21,43,94
1,148,21,46,94
1,149,21,40,94
1,150,21,37,94
1,151,21,60,94
1,152,21,50,94
1,153,21,47,94
1,154,21,53,94
1,155,21,39,94
1,156,21,58,94
1,157,21,35,94
1,158,21,59,94
1,159,21,45,94
1,160,21,42,94
1,161,21,49,94
1,162,21,56,94
1,163,21,38,94
1,164,21,34,94
1,165,21,57,94
1,166,21,52,94
10,1,22,146,54
1,2,22,141,54
1,3,22,155,54
1,4,22,147,54
1,5,22,139,54
1,6,22,134,54
1,7,22,166,54
1,8,22,152,54
1,9,22,138,54
1,10,22,144,54
1,11,22,124,54
1,12,22,122,54
1,13,22,149,54
1,14,22,128,54
1,15,22,129,54
1,16,22,119,54
1,17,22,123,54
1,18,22,161,54
1,19,22,154,54
1,20,22,145,54
1,21,22,125,54
1,22,22,150,54
1,23,22,156,54
1,24,22,142,54
1,25,22,165,54
1,26,22,159,54
1,27,22,158,54
1,28,22,153,54
1,29,22,135,54
1,30,22,137,54
1,31,22,164,54
1,32,22,148,54
1,33,22,151,54
1,34,22,157,54
1,35,22,22,54
1,36,22,127,54
1,37,22,1,54
1,38,22,131,54
1,39,22,136,54
1,40,22,140,54
1,41,22,120,54
1,42,22,21,54
1,43,22,121,54
1,44,22,16,54
1,45,22,32,54
1,46,22,10,54
1,47,22,126,54
1,48,22,19,54
1,49,22,31,54
1,50,22,27,54
1,51,22,163,54
1,52,22,133,54
1,53,22,28,54
1,54,22,9,54
1,55,22,13,54
1,56,22,20,54
1,57,22,30,54
1,58,22,143,54
1,59,22,15,54
1,60,22,26,54
1,61,22,24,54
1,62,22,162,54
1,63,22,5,54
1,64,22,3,54
1,65,22,130,54
1,66,22,18,54
1,67,22,12,54
1,68,22,160,54
1,69,22,108,54
1,70,22,6,54
1,71,22,14,54
1,72,22,29,54
1,73,22,132,54
1,74,22,4,54
1,75,22,2,54
1,76,22,7,54
1,77,22,11,54
1,78,22,97,54
1,79,22,102,54
1,80,22,113,54
1,81,22,95,54
1,82,22,94,54
1,83,22,117,54
1,84,22,114,54
1,85,22,106,54
1,86,22,25,54
1,87,22,115,54
1,88,22,93,54
1,89,22,92,54
1,90,22,107,54
1,91,22,101,54
1,92,22,91,54
1,93,22,100,54
1,94,22,116,54
1,95,22,89,54
1,96,22,103,54
1,97,22,112,54
1,98,22,17,54
1,99,22,96,54
1,100,22,118,54
1,101,22,90,54
1,102,22,111,54
1,103,22,110,54
1,104,22,99,54
1,105,22,98,54
1,106,22,104,54
1,107,22,109,54
1,108,22,8,54
1,109,22,105,54
1,110,22,84,54
1,111,22,66,54
1,112,22,23,54
1,113,22,69,54
1,114,22,85,54
1,115,22,77,54
1,116,22,87,54
1,117,22,70,54
1,118,22,72,54
1,119,22,83,54
1,120,22,79,54
1,121,22,82,54
1,122,22,81,54
1,123,22,78,54
1,124,22,76,54
1,125,22,86,54
1,126,22,64,54
1,127,22,71,54
1,128,22,80,54
1,129,22,88,54
1,130,22,48,54
1,131,22,75,54
1,132,22,67,54
1,133,22,73,54
1,134,22,44,54
1,135,22,63,54
1,136,22,74,54
1,137,22,65,54
1,138,22,62,54
1,139,22,68,54
1,140,22,51,54
1,141,22,36,54
1,142,22,54,54
1,143,22,41,54
1,144,22,33,54
1,145,22,61,54
1,146,22,55,54
1,147,22,43,54
1,148,22,46,54
1,149,22,40,54
1,150,22,37,54
1,151,22,60,54
1,152,22,50,54
1,153,22,47,54
1,154,22,53,54
1,155,22,39,54
1,156,22,58,54
1,157,22,35,54
1,158,22,59,54
1,159,22,45,54
1,160,22,42,54
1,161,22,49,54
1,162,22,56,54
1,163,22,38,54
1,164,22,34,54
1,165,22,57,54
1,166,22,52,54
10,1,23,146,145
1,2,23,141,145
1,3,23,155,145
1,4,23,147,145
1,5,23,139,145
1,6,23,134,145
1,7,23,166,145
1,8,23,152,145
1,9,23,138,145
1,10,23,144,145
1,11,23,124,145
1,12,23,122,145
1,13,23,149,145
1,14,23,128,145
1,15,23,129,145
1,16,23,119,145
1,17,23,123,145
1,18,23,161,145
1,19,23,154,145
1,20,23,145,145
1,21,23,125,145
1,22,23,150,145
1,23,23,156,145
1,24,23,142,145
1,25,23,165,145
1,26,23,159,145
1,27,23,158,145
1,28,23,153,145
1,29,23,135,145
1,30,23,137,145
1,31,23,164,145
1,32,23,148,145
1,33,23,151,145
1,34,23,157,145
1,35,23,22,145
1,36,23,127,145
1,37,23,1,145
1,38,23,131,145
1,39,23,136,145
1,40,23,140,145
1,41,23,120,145
1,42,23,21,145
1,43,23,121,145
1,44,23,16,145
1,45,23,32,145
1,46,23,10,145
1,47,23,126,145
1,48,23,19,145
1,49,23,31,145
1,50,23,27,145
1,51,23,163,145
1,52,23,133,145
1,53,23,28,145
1,54,23,9,145
1,55,23,13,145
1,56,23,20,145
1,57,23,30,145
1,58,23,143,145
1,59,23,15,145
1,60,23,26,145
1,61,23,24,145
1,62,23,162,145
1,63,23,5,145
1,64,23,3,145
1,65,23,130,145
1,66,23,18,145
1,67,23,12,145
1,68,23,160,145
1,69,23,108,145
1,70,23,6,145
1,71,23,14,145
1,72,23,29,145
1,73,23,132,145
1,74,23,4,145
1,75,23,2,145
1,76,23,7,145
1,77,23,11,145
1,78,23,97,145
1,79,23,102,145
1,80,23,113,145
1,81,23,95,145
1,82,23,94,145
1,83,23,117,145
1,84,23,114,145
1,85,23,106,145
1,86,23,25,145
1,87,23,115,145
1,88,23,93,145
1,89,23,92,145
1,90,23,107,145
1,91,23,101,145
1,92,23,91,145
1,93,23,100,145
1,94,23,116,145
1,95,23,89,145
1,96,23,103,145
1,97,23,112,145
1,98,23,17,145
1,99,23,96,145
1,100,23,118,145
1,101,23,90,145
1,102,23,111,145
1,103,23,110,145
1,104,23,99,145
1,105,23,98,145
1,106,23,104,145
1,107,23,109,145
1,108,23,8,145
1,109,23,105,145
1,110,23,84,145
1,111,23,66,145
1,112,23,23,145
1,113,23,69,145
1,114,23,85,145
1,115,23,77,145
1,116,23,87,145
1,117,23,70,145
1,118,23,72,145
1,119,23,83,145
1,120,23,79,145
1,121,23,82,145
1,122,23,81,145
1,123,23,78,145
1,124,23,76,145
1,125,23,86,145
1,126,23,64,145
1,127,23,71,145
1,128,23,80,145
1,129,23,88,145
1,130,23,48,145
1,131,23,75,145
1,132,23,67,145
1,133,23,73,145
1,134,23,44,145
1,135,23,63,145
1,136,23,74,145
1,137,23,65,145
1,138,23,62,145
1,139,23,68,145
1,140,23,51,145
1,141,23,36,145
1,142,23,54,145
1,143,23,41,145
1,144,23,33,145
1,145,23,61,145
1,146,23,55,145
1,147,23,43,145
1,148,23,46,145
1,149,23,40,145
1,150,23,37,145
1,151,23,60,145
1,152,23,50,145
1,153,23,47,145
1,154,23,53,145
1,155,23,39,145
1,156,23,58,145
1,157,23,35,145
1,158,23,59,145
1,159,23,45,145
1,160,23,42,145
1,161,23,49,145
1,162,23,56,145
1,163,23,38,145
1,164,23,34,145
1,165,23,57,145
1,166,23,52,145
10,1,24,146,163
1,2,24,141,163
1,3,24,155,163
1,4,24,147,163
1,5,24,139,163
1,6,24,134,163
1,7,24,166,163
1,8,24,152,163
1,9,24,138,163
1,10,24,144,163
1,11,24,124,163
1,12,24,122,163
1,13,24,149,163
1,14,24,128,163
1,15,24,129,163
1,16,24,119,163
1,17,24,123,163
1,18,24,161,163
1,19,24,154,163
1,20,24,145,163
1,21,24,125,163
1,22,24,150,163
1,23,24,156,163
1,24,24,142,163
1,25,24,165,163
1,26,24,159,163
1,27,24,158,163
1,28,24,153,163
1,29,24,135,163
1,30,24,137,163
1,31,24,164,163
1,32,24,148,163
1,33,24,151,163
1,34,24,157,163
1,35,24,22,163
1,36,24,127,163
1,37,24,1,163
1,38,24,131,163
1,39,24,136,163
1,40,24,140,163
1,41,24,120,163
1,42,24,21,163
1,43,24,121,163
1,44,24,16,163
1,45,24,32,163
1,46,24,10,163
1,47,24,126,163
1,48,24,19,163
1,49,24,31,163
1,50,24,27,163
1,51,24,163,163
1,52,24,133,163
1,53,24,28,163
1,54,24,9,163
1,55,24,13,163
1,56,24,20,163
1,57,24,30,163
1,58,24,143,163
1,59,24,15,163
1,60,24,26,163
1,61,24,24,163
1,62,24,162,163
1,63,24,5,163
1,64,24,3,163
1,65,24,130,163
1,66,24,18,163
1,67,24,12,163
1,68,24,160,163
1,69,24,108,163
1,70,24,6,163
1,71,24,14,163
1,72,24,29,163
1,73,24,132,163
1,74,24,4,163
1,75,24,2,163
1,76,24,7,163
1,77,24,11,163
1,78,24,97,163
1,79,24,102,163
1,80,24,113,163
1,81,24,95,163
1,82,24,94,163
1,83,24,117,163
1,84,24,114,163
1,85,24,106,163
1,86,24,25,163
1,87,24,115,163
1,88,24,93,163
1,89,24,92,163
1,90,24,107,163
1,91,24,101,163
1,92,24,91,163
1,93,24,100,163
1,94,24,116,163
1,95,24,89,163
1,96,24,103,163
1,97,24,112,163
1,98,24,17,163
1,99,24,96,163
1,100,24,118,163
1,101,24,90,163
1,102,24,111,163
1,103,24,110,163
1,104,24,99,163
1,105,24,98,163
1,106,24,104,163
1,107,24,109,163
1,108,24,8,163
1,109,24,105,163
1,110,24,84,163
1,111,24,66,163
1,112,24,23,163
1,113,24,69,163
1,114,24,85,163
1,115,24,77,163
1,116,24,87,163
1,117,24,70,163
1,118,24,72,163
1,119,24,83,163
1,120,24,79,163
1,121,24,82,163
1,122,24,81,163
1,123,24,78,163
1,124,24,76,163
1,125,24,86,163
1,126,24,64,163
1,127,24,71,163
1,128,24,80,163
1,129,24,88,163
1,130,24,48,163
1,131,24,75,163
1,132,24,67,163
1,133,24,73,163
1,134,24,44,163
1,135,24,63,163
1,136,24,74,163
1,137,24,65,163
1,138,24,62,163
1,139,24,68,163
1,140,24,51,163
1,141,24,36,163
1,142,24,54,163
1,143,24,41,163
1,144,24,33,163
1,145,24,61,163
1,146,24,55,163
1,147,24,43,163
1,148,24,46,163
1,149,24,40,163
1,150,24,37,163
1,151,24,60,163
1,152,24,50,163
1,153,24,47,163
1,154,24,53,163
1,155,24,39,163
1,156,24,58,163
1,157,24,35,163
1,158,24,59,163
1,159,24,45,163
1,160,24,42,163
1,161,24,49,163
1,162,24,56,163
1,163,24,38,163
1,164,24,34,163
1,165,24,57,163
1,166,24,52,163
10,1,25,146,193
1,2,25,141,193
1,3,25,155,193
1,4,25,147,193
1,5,25,139,193
1,6,25,134,193
1,7,25,166,193
1,8,25,152,193
1,9,25,138,193
1,10,25,144,193
1,11,25,124,193
1,12,25,122,193
1,13,25,149,193
1,14,25,128,193
1,15,25,129,193
1,16,25,119,193
1,17,25,123,193
1,18,25,161,193
1,19,25,154,193
1,20,25,145,193
1,21,25,125,193
1,22,25,150,193
1,23,25,156,193
1,24,25,142,193
1,25,25,165,193
1,26,25,159,193
1,27,25,158,193
1,28,25,153,193
1,29,25,135,193
1,30,25,137,193
1,31,25,164,193
1,32,25,148,193
1,33,25,151,193
1,34,25,157,193
1,35,25,22,193
1,36,25,127,193
1,37,25,1,193
1,38,25,131,193
1,39,25,136,193
1,40,25,140,193
1,41,25,120,193
1,42,25,21,193
1,43,25,121,193
1,44,25,16,193
1,45,25,32,193
1,46,25,10,193
1,47,25,126,193
1,48,25,19,193
1,49,25,31,193
1,50,25,27,193
1,51,25,163,193
1,52,25,133,193
1,53,25,28,193
1,54,25,9,193
1,55,25,13,193
1,56,25,20,193
1,57,25,30,193
1,58,25,143,193
1,59,25,15,193
1,60,25,26,193
1,61,25,24,193
1,62,25,162,193
1,63,25,5,193
1,64,25,3,193
1,65,25,130,193
1,66,25,18,193
1,67,25,12,193
1,68,25,160,193
1,69,25,108,193
1,70,25,6,193
1,71,25,14,193
1,72,25,29,193
1,73,25,132,193
1,74,25,4,193
1,75,25,2,193
1,76,25,7,193
1,77,25,11,193
1,78,25,97,193
1,79,25,102,193
1,80,25,113,193
1,81,25,95,193
1,82,25,94,193
1,83,25,117,193
1,84,25,114,193
1,85,25,106,193
1,86,25,25,193
1,87,25,115,193
1,88,25,93,193
1,89,25,92,193
1,90,25,107,193
1,91,25,101,193
1,92,25,91,193
1,93,25,100,193
1,94,25,116,193
1,95,25,89,193
1,96,25,103,193
1,97,25,112,193
1,98,25,17,193
1,99,25,96,193
1,100,25,118,193
1,101,25,90,193
1,102,25,111,193
1,103,25,110,193
1,104,25,99,193
1,105,25,98,193
1,106,25,104,193
1,107,25,109,193
1,108,25,8,193
1,109,25,105,193
1,110,25,84,193
1,111,25,66,193
1,112,25,23,193
1,113,25,69,193
1,114,25,85,193
1,115,25,77,193
1,116,25,87,193
1,117,25,70,193
1,118,25,72,193
1,119,25,83,193
1,120,25,79,193
1,121,25,82,193
1,122,25,81,193
1,123,25,78,193
1,124,25,76,193
1,125,25,86,193
1,126,25,64,193
1,127,25,71,193
1,128,25,80,193
1,129,25,88,193
1,130,25,48,193
1,131,25,75,193
1,132,25,67,193
1,133,25,73,193
1,134,25,44,193
1,135,25,63,193
1,136,25,74,193
1,137,25,65,193
1,138,25,62,193
1,139,25,68,193
1,140,25,51,193
1,141,25,36,193
1,142,25,54,193
1,143,25,41,193
1,144,25,33,193
1,145,25,61,193
1,146,25,55,193
1,147,25,43,193
1,148,25,46,193
1,149,25,40,193
1,150,25,37,193
1,151,25,60,193
1,152,25,50,193
1,153,25,47,193
1,154,25,53,193
1,155,25,39,193
1,156,25,58,193
1,157,25,35,193
1,158,25,59,193
1,159,25,45,193
1,160,25,42,193
1,161,25,49,193
1,162,25,56,193
1,163,25,38,193
1,164,25,34,193
1,165,25,57,193
1,166,25,52,193
10,1,26,146,63
1,2,26,141,63
1,3,26,155,63
1,4,26,147,63
1,5,26,139,63
1,6,26,134,63
1,7,26,166,63
1,8,26,152,63
1,9,26,138,63
1,10,26,144,63
1,11,26,124,63
1,12,26,122,63
1,13,26,149,63
1,14,26,128,63
1,15,26,129,63
1,16,26,119,63
1,17,26,123,63
1,18,26,161,63
1,19,26,154,63
1,20,26,145,63
1,21,26,125,63
1,22,26,150,63
1,23,26,156,63
1,24,26,142,63
1,25,26,165,63
1,26,26,159,63
1,27,26,158,63
1,28,26,153,63
1,29,26,135,63
1,30,26,137,63
1,31,26,164,63
1,32,26,148,63
1,33,26,151,63
1,34,26,157,63
1,35,26,22,63
1,36,26,127,63
1,37,26,1,63
1,38,26,131,63
1,39,26,136,63
1,40,26,140,63
1,41,26,120,63
1,42,26,21,63
1,43,26,121,63
1,44,26,16,63
1,45,26,32,63
1,46,26,10,63
1,47,26,126,63
1,48,26,19,63
1,49,26,31,63
1,50,26,27,63
1,51,26,163,63
1,52,26,133,63
1,53,26,28,63
1,54,26,9,63
1,55,26,13,63
1,56,26,20,63
1,57,26,30,63
1,58,26,143,63
1,59,26,15,63
1,60,26,26,63
1,61,26,24,63
1,62,26,162,63
1,63,26,5,63
1,64,26,3,63
1,65,26,130,63
1,66,26,18,63
1,67,26,12,63
1,68,26,160,63
1,69,26,108,63
1,70,26,6,63
1,71,26,14,63
1,72,26,29,63
1,73,26,132,63
1,74,26,4,63
1,75,26,2,63
1,76,26,7,63
1,77,26,11,63
1,78,26,97,63
1,79,26,102,63
1,80,26,113,63
1,81,26,95,63
1,82,26,94,63
1,83,26,117,63
1,84,26,114,63
1,85,26,106,63
1,86,26,25,63
1,87,26,115,63
1,88,26,93,63
1,89,26,92,63
1,90,26,107,63
1,91,26,101,63
1,92,26,91,63
1,93,26,100,63
1,94,26,116,63
1,95,26,89,63
1,96,26,103,63
1,97,26,112,63
1,98,26,17,63
1,99,26,96,63
1,100,26,118,63
1,101,26,90,63
1,102,26,111,63
1,103,26,110,63
1,104,26,99,63
1,105,26,98,63
1,106,26,104,63
1,107,26,109,63
1,108,26,8,63
1,109,26,105,63
1,110,26,84,63
1,111,26,66,63
1,112,26,23,63
1,113,26,69,63
1,114,26,85,63
1,115,26,77,63
1,116,26,87,63
1,117,26,70,63
1,118,26,72,63
1,119,26,83,63
1,120,26,79,63
1,121,26,82,63
1,122,26,81,63
1,123,26,78,63
1,124,26,76,63
1,125,26,86,63
1,126,26,64,63
1,127,26,71,63
1,128,26,80,63
1,129,26,88,63
1,130,26,48,63
1,131,26,75,63
1,132,26,67,63
1,133,26,73,63
1,134,26,44,63
1,135,26,63,63
1,136,26,74,63
1,137,26,65,63
1,138,26,62,63
1,139,26,68,63
1,140,26,51,63
1,141,26,36,63
1,142,26,54,63
1,143,26,41,63
1,144,26,33,63
1,145,26,61,63
1,146,26,55,63
1,147,26,43,63
1,148,26,46,63
1,149,26,40,63
1,150,26,37,63
1,151,26,60,63
1,152,26,50,63
1,153,26,47,63
1,154,26,53,63
1,155,26,39,63
1,156,26,58,63
1,157,26,35,63
1,158,26,59,63
1,159,26,45,63
1,160,26,42,63
1,161,26,49,63
1,162,26,56,63
1,163,26,38,63
1,164,26,34,63
1,165,26,57,63
1,166,26,52,63
10,1,27,146,117
1,2,27,141,117
1,3,27,155,117
1,4,27,147,117
1,5,27,139,117
1,6,27,134,117
1,7,27,166,117
1,8,27,152,117
1,9,27,138,117
1,10,27,144,117
1,11,27,124,117
1,12,27,122,117
1,13,27,149,117
1,14,27,128,117
1,15,27,129,117
1,16,27,119,117
1,17,27,123,117
1,18,27,161,117
1,19,27,154,117
1,20,27,145,117
1,21,27,125,117
1,22,27,150,117
1,23,27,156,117
1,24,27,142,117
1,25,27,165,117
1,26,27,159,117
1,27,27,158,117
1,28,27,153,117
1,29,27,135,117
1,30,27,137,117
1,31,27,164,117
1,32,27,148,117
1,33,27,151,117
1,34,27,157,117
1,35,27,22,117
1,36,27,127,117
1,37,27,1,117
1,38,27,131,117
1,39,27,136,117
1,40,27,140,117
1,41,27,120,117
1,42,27,21,117
1,43,27,121,117
1,44,27,16,117
1,45,27,32,117
1,46,27,10,117
1,47,27,126,117
1,48,27,19,117
1,49,27,31,117
1,50,27,27,117
1,51,27,163,117
1,52,27,133,117
1,53,27,28,117
1,54,27,9,117
1,55,27,13,117
1,56,27,20,117
1,57,27,30,117
1,58,27,143,117
1,59,27,15,117
1,60,27,26,117
1,61,27,24,117
1,62,27,162,117
1,63,27,5,117
1,64,27,3,117
1,65,27,130,117
1,66,27,18,117
1,67,27,12,117
1,68,27,160,117
1,69,27,108,117
1,70,27,6,117
1,71,27,14,117
1,72,27,29,117
1,73,27,132,117
1,74,27,4,117
1,75,27,2,117
1,76,27,7,117
1,77,27,11,117
1,78,27,97,117
1,79,27,102,117
1,80,27,113,117
1,81,27,95,117
1,82,27,94,117
1,83,27,117,117
1,84,27,114,117
1,85,27,106,117
1,86,27,25,117
1,87,27,115,117
1,88,27,93,117
1,89,27,92,117
1,90,27,107,117
1,91,27,101,117
1,92,27,91,117
1,93,27,100,117
1,94,27,116,117
1,95,27,89,117
1,96,27,103,117
1,97,27,112,117
1,98,27,17,117
1,99,27,96,117
1,100,27,118,117
1,101,27,90,117
1,102,27,111,117
1,103,27,110,117
1,104,27,99,117
1,105,27,98,117
1,106,27,104,117
1,107,27,109,117
1,108,27,8,117
1,109,27,105,117
1,110,27,84,117
1,111,27,66,117
1,112,27,23,117
1,113,27,69,117
1,114,27,85,117
1,115,27,77,117
1,116,27,87,117
1,117,27,70,117
1,118,27,72,117
1,119,27,83,117
1,120,27,79,117
1,121,27,82,117
1,122,27,81,117
1,123,27,78,117
1,124,27,76,117
1,125,27,86,117
1,126,27,64,117
1,127,27,71,117
1,128,27,80,117
1,129,27,88,117
1,130,27,48,117
1,131,27,75,117
1,132,27,67,117
1,133,27,73,117
1,134,27,44,117
1,135,27,63,117
1,136,27,74,117
1,137,27,65,117
1,138,27,62,117
1,139,27,68,117
1,140,27,51,117
1,141,27,36,117
1,142,27,54,117
1,143,27,41,117
1,144,27,33,117
1,145,27,61,117
1,146,27,55,117
1,147,27,43,117
1,148,27,46,117
1,149,27,40,117
1,150,27,37,117
1,151,27,60,117
1,152,27,50,117
1,153,27,47,117
1,154,27,53,117
1,155,27,39,117
1,156,27,58,117
1,157,27,35,117
1,158,27,59,117
1,159,27,45,117
1,160,27,42,117
1,161,27,49,117
1,162,27,56,117
1,163,27,38,117
1,164,27,34,117
1,165,27,57,117
1,166,27,52,117
10,1,28,146,167
1,2,28,141,167
1,3,28,155,167
1,4,28,147,167
1,5,28,139,167
1,6,28,134,167
1,7,28,166,167
1,8,28,152,167
1,9,28,138,167
1,10,28,144,167
1,11,28,124,167
1,12,28,122,167
1,13,28,149,167
1,14,28,128,167
1,15,28,129,167
1,16,28,119,167
1,17,28,123,167
1,18,28,161,167
1,19,28,154,167
1,20,28,145,167
1,21,28,125,167
1,22,28,150,167
1,23,28,156,167
1,24,28,142,167
1,25,28,165,167
1,26,28,159,167
1,27,28,158,167
1,28,28,153,167
1,29,28,135,167
1,30,28,137,167
1,31,28,164,167
1,32,28,148,167
1,33,28,151,167
1,34,28,157,167
1,35,28,22,167
1,36,28,127,167
1,37,28,1,167
1,38,28,131,167
1,39,28,136,167
1,40,28,140,167
1,41,28,120,167
1,42,28,21,167
1,43,28,121,167
1,44,28,16,167
1,45,28,32,167
1,46,28,10,167
1,47,28,126,167
1,48,28,19,167
1,49,28,31,167
1,50,28,27,167
1,51,28,163,167
1,52,28,133,167
1,53,28,28,167
1,54,28,9,167
1,55,28,13,167
1,56,28,20,167
1,57,28,30,167
1,58,28,143,167
1,59,28,15,167
1,60,28,26,167
1,61,28,24,167
1,62,28,162,167
1,63,28,5,167
1,64,28,3,167
1,65,28,130,167
1,66,28,18,167
1,67,28,12,167
1,68,28,160,167
1,69,28,108,167
1,70,28,6,167
1,71,28,14,167
1,72,28,29,167
1,73,28,132,167
1,74,28,4,167
1,75,28,2,167
1,76,28,7,167
1,77,28,11,167
1,78,28,97,167
1,79,28,102,167
1,80,28,113,167
1,81,28,95,167
1,82,28,94,167
1,83,28,117,167
1,84,28,114,167
1,85,28,106,167
1,86,28,25,167
1,87,28,115,167
1,88,28,93,167
1,89,28,92,167
1,90,28,107,167
1,91,28,101,167
1,92,28,91,167
1,93,28,100,167
1,94,28,116,167
1,95,28,89,167
1,96,28,103,167
1,97,28,112,167
1,98,28,17,167
1,99,28,96,167
1,100,28,118,167
1,101,28,90,167
1,102,28,111,167
1,103,28,110,167
1,104,28,99,167
1,105,28,98,167
1,106,28,104,167
1,107,28,109,167
1,108,28,8,167
1,109,28,105,167
1,110,28,84,167
1,111,28,66,167
1,112,28,23,167
1,113,28,69,167
1,114,28,85,167
1,115,28,77,167
1,116,28,87,167
1,117,28,70,167
1,118,28,72,167
1,119,28,83,167
1,120,28,79,167
1,121,28,82,167
1,122,28,81,167
1,123,28,78,167
1,124,28,76,167
1,125,28,86,167
1,126,28,64,167
1,127,28,71,167
1,128,28,80,167
1,129,28,88,167
1,130,28,48,167
1,131,28,75,167
1,132,28,67,167
1,133,28,73,167
1,134,28,44,167
1,135,28,63,167
1,136,28,74,167
1,137,28,65,167
1,138,28,62,167
1,139,28,68,167
1,140,28,51,167
1,141,28,36,167
1,142,28,54,167
1,143,28,41,167
1,144,28,33,167
1,145,28,61,167
1,146,28,55,167
1,147,28,43,167
1,148,28,46,167
1,149,28,40,167
1,150,28,37,167
1,151,28,60,167
1,152,28,50,167
1,153,28,47,167
1,154,28,53,167
1,155,28,39,167
1,156,28,58,167
1,157,28,35,167
1,158,28,59,167
1,159,28,45,167
1,160,28,42,167
1,161,28,49,167
1,162,28,56,167
1,163,28,38,167
1,164,28,34,167
1,165,28,57,167
1,166,28,52,167
10,1,29,146,59
1,2,29,141,59
1,3,29,155,59
1,4,29,147,59
1,5,29,139,59
1,6,29,134,59
1,7,29,166,59
1,8,29,152,59
1,9,29,138,59
1,10,29,144,59
1,11,29,124,59
1,12,29,122,59
1,13,29,149,59
1,14,29,128,59
1,15,29,129,59
1,16,29,119,59
1,17,29,123,59
1,18,29,161,59
1,19,29,154,59
1,20,29,145,59
1,21,29,125,59
1,22,29,150,59
1,23,29,156,59
1,24,29,142,59
1,25,29,165,59
1,26,29,159,59
1,27,29,158,59
1,28,29,153,59
1,29,29,135,59
1,30,29,137,59
1,31,29,164,59
1,32,29,148,59
1,33,29,151,59
1,34,29,157,59
1,35,29,22,59
1,36,29,127,59
1,37,29,1,59
1,38,29,131,59
1,39,29,136,59
1,40,29,140,59
1,41,29,120,59
1,42,29,21,59
1,43,29,121,59
1,44,29,16,59
1,45,29,32,59
1,46,29,10,59
1,47,29,126,59
1,48,29,19,59
1,49,29,31,59
1,50,29,27,59
1,51,29,163,59
1,52,29,133,59
1,53,29,28,59
1,54,29,9,59
1,55,29,13,59
1,56,29,20,59
1,57,29,30,59
1,58,29,143,59
1,59,29,15,59
1,60,29,26,59
1,61,29,24,59
1,62,29,162,59
1,63,29,5,59
1,64,29,3,59
1,65,29,130,59
1,66,29,18,59
1,67,29,12,59
1,68,29,160,59
1,69,29,108,59
1,70,29,6,59
1,71,29,14,59
1,72,29,29,59
1,73,29,132,59
1,74,29,4,59
1,75,29,2,59
1,76,29,7,59
1,77,29,11,59
1,78,29,97,59
1,79,29,102,59
1,80,29,113,59
1,81,29,95,59
1,82,29,94,59
1,83,29,117,59
1,84,29,114,59
1,85,29,106,59
1,86,29,25,59
1,87,29,115,59
1,88,29,93,59
1,89,29,92,59
1,90,29,107,59
1,91,29,101,59
1,92,29,91,59
1,93,29,100,59
1,94,29,116,59
1,95,29,89,59
1,96,29,103,59
1,97,29,112,59
1,98,29,17,59
1,99,29,96,59
1,100,29,118,59
1,101,29,90,59
1,102,29,111,59
1,103,29,110,59
1,104,29,99,59
1,105,29,98,59
1,106,29,104,59
1,107,29,109,59
1,108,29,8,59
1,109,29,105,59
1,110,29,84,59
1,111,29,66,59
1,112,29,23,59
1,113,29,69,59
1,114,29,85,59
1,115,29,77,59
1,116,29,87,59
1,117,29,70,59
1,118,29,72,59
1,119,29,83,59
1,120,29,79,59
1,121,29,82,59
1,122,29,81,59
1,123,29,78,59
1,124,29,76,59
1,125,29,86,59
1,126,29,64,59
1,127,29,71,59
1,128,29,80,59
1,129,29,88,59
1,130,29,48,59
1,131,29,75,59
1,132,29,67,59
1,133,29,73,59
1,134,29,44,59
1,135,29,63,59
1,136,29,74,59
1,137,29,65,59
1,138,29,62,59
1,139,29,68,59
1,140,29,51,59
1,141,29,36,59
1,142,29,54,59
1,143,29,41,59
1,144,29,33,59
1,145,29,61,59
1,146,29,55,59
1,147,29,43,59
1,148,29,46,59
1,149,29,40,59
1,150,29,37,59
1,151,29,60,59
1,152,29,50,59
1,153,29,47,59
1,154,29,53,59
1,155,29,39,59
1,156,29,58,59
1,157,29,35,59
1,158,29,59,59
1,159,29,45,59
1,160,29,42,59
1,161,29,49,59
1,162,29,56,59
1,163,29,38,59
1,164,29,34,59
1,165,29,57,59
1,166,29,52,59
10,1,30,146,99
1,2,30,141,99
1,3,30,155,99
1,4,30,147,99
1,5,30,139,99
1,6,30,134,99
1,7,30,166,99
1,8,30,152,99
1,9,30,138,99
1,10,30,144,99
1,11,30,124,99
1,12,30,122,99
1,13,30,149,99
1,14,30,128,99
1,15,30,129,99
1,16,30,119,99
1,17,30,123,99
1,18,30,161,99
1,19,30,154,99
1,20,30,145,99
1,21,30,125,99
1,22,30,150,99
1,23,30,156,99
1,24,30,142,99
1,25,30,165,99
1,26,30,159,99
1,27,30,158,99
1,28,30,153,99
1,29,30,135,99
1,30,30,137,99
1,31,30,164,99
1,32,30,148,99
1,33,30,151,99
1,34,30,157,99
1,35,30,22,99
1,36,30,127,99
1,37,30,1,99
1,38,30,131,99
1,39,30,136,99
1,40,30,140,99
1,41,30,120,99
1,42,30,21,99
1,43,30,121,99
1,44,30,16,99
1,45,30,32,99
1,46,30,10,99
1,47,30,126,99
1,48,30,19,99
1,49,30,31,99
1,50,30,27,99
1,51,30,163,99
1,52,30,133,99
1,53,30,28,99
1,54,30,9,99
1,55,30,13,99
1,56,30,20,99
1,57,30,30,99
1,58,30,143,99
1,59,30,15,99
1,60,30,26,99
1,61,30,24,99
1,62,30,162,99
1,63,30,5,99
1,64,30,3,99
1,65,30,130,99
1,66,30,18,99
1,67,30,12,99
1,68,30,160,99
1,69,30,108,99
1,70,30,6,99
1,71,30,14,99
1,72,30,29,99
1,73,30,132,99
1,74,30,4,99
1,75,30,2,99
1,76,30,7,99
1,77,30,11,99
1,78,30,97,99
1,79,30,102,99
1,80,30,113,99
1,81,30,95,99
1,82,30,94,99
1,83,30,117,99
1,84,30,114,99
1,85,30,106,99
1,86,30,25,99
1,87,30,115,99
1,88,30,93,99
1,89,30,92,99
1,90,30,107,99
1,91,30,101,99
1,92,30,91,99
1,93,30,100,99
1,94,30,116,99
1,95,30,89,99
1,96,30,103,99
1,97,30,112,99
1,98,30,17,99
1,99,30,96,99
1,100,30,118,99
1,101,30,90,99
1,102,30,111,99
1,103,30,110,99
1,104,30,99,99
1,105,30,98,99
1,106,30,104,99
1,107,30,109,99
1,108,30,8,99
1,109,30,105,99
1,110,30,84,99
1,111,30,66,99
1,112,30,23,99
1,113,30,69,99
1,114,30,85,99
1,115,30,77,99
1,116,30,87,99
1,117,30,70,99
1,118,30,72,99
1,119,30,83,99
1,120,30,79,99
1,121,30,82,99
1,122,30,81,99
1,123,30,78,99
1,124,30,76,99
1,125,30,86,99
1,126,30,64,99
1,127,30,71,99
1,128,30,80,99
1,129,30,88,99
1,130,30,48,99
1,131,30,75,99
1,132,30,67,99
1,133,30,73,99
1,134,30,44,99
1,135,30,63,99
1,136,30,74,99
1,137,30,65,99
1,138,30,62,99
1,139,30,68,99
1,140,30,51,99
1,141,30,36,99
1,142,30,54,99
1,143,30,41,99
1,144,30,33,99
1,145,30,61,99
1,146,30,55,99
1,147,30,43,99
1,148,30,46,99
1,149,30,40,99
1,150,30,37,99
1,151,30,60,99
1,152,30,50,99
1,153,30,47,99
1,154,30,53,99
1,155,30,39,99
1,156,30,58,99
1,157,30,35,99
1,158,30,59,99
1,159,30,45,99
1,160,30,42,99
1,161,30,49,99
1,162,30,56,99
1,163,30,38,99
1,164,30,34,99
1,165,30,57,99
1,166,30,52,99
10,1,31,146,66
1,2,31,141,66
1,3,31,155,66
1,4,31,147,66
1,5,31,139,66
1,6,31,134,66
1,7,31,166,66
1,8,31,152,66
1,9,31,138,66
1,10,31,144,66
1,11,31,124,66
1,12,31,122,66
1,13,31,149,66
1,14,31,128,66
1,15,31,129,66
1,16,31,119,66
1,17,31,123,66
1,18,31,161,66
1,19,31,154,66
1,20,31,145,66
1,21,31,125,66
1,22,31,150,66
1,23,31,156,66
1,24,31,142,66
1,25,31,165,66
1,26,31,159,66
1,27,31,158,66
1,28,31,153,66
1,29,31,135,66
1,30,31,137,66
1,31,31,164,66
1,32,31,148,66
1,33,31,151,66
1,34,31,157,66
1,35,31,22,66
1,36,31,127,66
1,37,31,1,66
1,38,31,131,66
1,39,31,136,66
1,40,31,140,66
1,41,31,120,66
1,42,31,21,66
1,43,31,121,66
1,44,31,16,66
1,45,31,32,66
1,46,31,10,66
1,47,31,126,66
1,48,31,19,66
1,49,31,31,66
1,50,31,27,66
1,51,31,163,66
1,52,31,133,66
1,53,31,28,66
1,54,31,9,66
1,55,31,13,66
1,56,31,20,66
1,57,31,30,66
1,58,31,143,66
1,59,31,15,66
1,60,31,26,66
1,61,31,24,66
1,62,31,162,66
1,63,31,5,66
1,64,31,3,66
1,65,31,130,66
1,66,31,18,66
1,67,31,12,66
1,68,31,160,66
1,69,31,108,66
1,70,31,6,66
1,71,31,14,66
1,72,31,29,66
1,73,31,132,66
1,74,31,4,66
1,75,31,2,66
1,76,31,7,66
1,77,31,11,66
1,78,31,97,66
1,79,31,102,66
1,80,31,113,66
1,81,31,95,66
1,82,31,94,66
1,83,31,117,66
1,84,31,114,66
1,85,31,106,66
1,86,31,25,66
1,87,31,115,66
1,88,31,93,66
1,89,31,92,66
1,90,31,107,66
1,91,31,101,66
1,92,31,91,66
1,93,31,100,66
1,94,31,116,66
1,95,31,89,66
1,96,31,103,66
1,97,31,112,66
1,98,31,17,66
1,99,31,96,66
1,100,31,118,66
1,101,31,90,66
1,102,31,111,66
1,103,31,110,66
1,104,31,99,66
1,105,31,98,66
1,106,31,104,66
1,107,31,109,66
1,108,31,8,66
1,109,31,105,66
1,110,31,84,66
1,111,31,66,66
1,112,31,23,66
1,113,31,69,66
1,114,31,85,66
1,115,31,77,66
1,116,31,87,66
1,117,31,70,66
1,118,31,72,66
1,119,31,83,66
1,120,31,79,66
1,121,31,82,66
1,122,31,81,66
1,123,31,78,66
1,124,31,76,66
1,125,31,86,66
1,126,31,64,66
1,127,31,71,66
1,128,31,80,66
1,129,31,88,66
1,130,31,48,66
1,131,31,75,66
1,132,31,67,66
1,133,31,73,66
1,134,31,44,66
1,135,31,63,66
1,136,31,74,66
1,137,31,65,66
1,138,31,62,66
1,139,31,68,66
1,140,31,51,66
1,141,31,36,66
1,142,31,54,66
1,143,31,41,66
1,144,31,33,66
1,145,31,61,66
1,146,31,55,66
1,147,31,43,66
1,148,31,46,66
1,149,31,40,66
1,150,31,37,66
1,151,31,60,66
1,152,31,50,66
1,153,31,47,66
1,154,31,53,66
1,155,31,39,66
1,156,31,58,66
1,157,31,35,66
1,158,31,59,66
1,159,31,45,66
1,160,31,42,66
1,161,31,49,66
1,162,31,56,66
1,163,31,38,66
1,164,31,34,66
1,165,31,57,66
1,166,31,52,66
10,1,32,146,64
1,2,32,141,64
1,3,32,155,64
1,4,32,147,64
1,5,32,139,64
1,6,32,134,64
1,7,32,166,64
1,8,32,152,64
1,9,32,138,64
1,10,32,144,64
1,11,32,124,64
1,12,32,122,64
1,13,32,149,64
1,14,32,128,64
1,15,32,129,64
1,16,32,119,64
1,17,32,123,64
1,18,32,161,64
1,19,32,154,64
1,20,32,145,64
1,21,32,125,64
1,22,32,150,64
1,23,32,156,64
1,24,32,142,64
1,25,32,165,64
1,26,32,159,64
1,27,32,158,64
1,28,32,153,64
1,29,32,135,64
1,30,32,137,64
1,31,32,164,64
1,32,32,148,64
1,33,32,151,64
1,34,32,157,64
1,35,32,22,64
1,36,32,127,64
1,37,32,1,64
1,38,32,131,64
1,39,32,136,64
1,40,32,140,64
1,41,32,120,64
1,42,32,21,64
1,43,32,121,64
1,44,32,16,64
1,45,32,32,64
1,46,32,10,64
1,47,32,126,64
1,48,32,19,64
1,49,32,31,64
1,50,32,27,64
1,51,32,163,64
1,52,32,133,64
1,53,32,28,64
1,54,32,9,64
1,55,32,13,64
1,56,32,20,64
1,57,32,30,64
1,58,32,143,64
1,59,32,15,64
1,60,32,26,64
1,61,32,24,64
1,62,32,162,64
1,63,32,5,64
1,64,32,3,64
1,65,32,130,64
1,66,32,18,64
1,67,32,12,64
1,68,32,160,64
1,69,32,108,64
1,70,32,6,64
1,71,32,14,64
1,72,32,29,64
1,73,32,132,64
1,74,32,4,64
1,75,32,2,64
1,76,32,7,64
1,77,32,11,64
1,78,32,97,64
1,79,32,102,64
1,80,32,113,64
1,81,32,95,64
1,82,32,94,64
1,83,32,117,64
1,84,32,114,64
1,85,32,106,64
1,86,32,25,64
1,87,32,115,64
1,88,32,93,64
1,89,32,92,64
1,90,32,107,64
1,91,32,101,64
1,92,32,91,64
1,93,32,100,64
1,94,32,116,64
1,95,32,89,64
1,96,32,103,64
1,97,32,112,64
1,98,32,17,64
1,99,32,96,64
1,100,32,118,64
1,101,32,90,64
1,102,32,111,64
1,103,32,110,64
1,104,32,99,64
1,105,32,98,64
1,106,32,104,64
1,107,32,109,64
1,108,32,8,64
1,109,32,105,64
1,110,32,84,64
1,111,32,66,64
1,112,32,23,64
1,113,32,69,64
1,114,32,85,64
1,115,32,77,64
1,116,32,87,64
1,117,32,70,64
1,118,32,72,64
1,119,32,83,64
1,120,32,79,64
1,121,32,82,64
1,122,32,81,64
1,123,32,78,64
1,124,32,76,64
1,125,32,86,64
1,126,32,64,64
1,127,32,71,64
1,128,32,80,64
1,129,32,88,64
1,130,32,48,64
1,131,32,75,64
1,132,32,67,64
1,133,32,73,64
1,134,32,44,64
1,135,32,63,64
1,136,32,74,64
1,137,32,65,64
1,138,32,62,64
1,139,32,68,64
1,140,32,51,64
1,141,32,36,64
1,142,32,54,64
1,143,32,41,64
1,144,32,33,64
1,145,32,61,64
1,146,32,55,64
1,147,32,43,64
1,148,32,46,64
1,149,32,40,64
1,150,32,37,64
1,151,32,60,64
1,152,32,50,64
1,153,32,47,64
1,154,32,53,64
1,155,32,39,64
1,156,32,58,64
1,157,32,35,64
1,158,32,59,64
1,159,32,45,64
1,160,32,42,64
1,161,32,49,64
1,162,32,56,64
1,163,32,38,64
1,164,32,34,64
1,165,32,57,64
1,166,32,52,64
10,1,33,146,241
1,2,33,141,241
1,3,33,155,241
1,4,33,147,241
1,5,33,139,241
1,6,33,134,241
1,7,33,166,241
1,8,33,152,241
1,9,33,138,241
1,10,33,144,241
1,11,33,124,241
1,12,33,122,241
1,13,33,149,241
1,14,33,128,241
1,15,33,129,241
1,16,33,119,241
1,17,33,123,241
1,18,33,161,241
1,19,33,154,241
1,20,33,145,241
1,21,33,125,241
1,22,33,150,241
1,23,33,156,241
1,24,33,142,241
1,25,33,165,241
1,26,33,159,241
1,27,33,158,241
1,28,33,153,241
1,29,33,135,241
1,30,33,137,241
1,31,33,164,241
1,32,33,148,241
1,33,33,151,241
1,34,33,157,241
1,35,33,22,241
1,36,33,127,241
1,37,33,1,241
1,38,33,131,241
1,39,33,136,241
1,40,33,140,241
1,41,33,120,241
1,42,33,21,241
1,43,33,121,241
1,44,33,16,241
1,45,33,32,241
1,46,33,10,241
1,47,33,126,241
1,48,33,19,241
1,49,33,31,241
1,50,33,27,241
1,51,33,163,241
1,52,33,133,241
1,53,33,28,241
1,54,33,9,241
1,55,33,13,241
1,56,33,20,241
1,57,33,30,241
1,58,33,143,241
1,59,33,15,241
1,60,33,26,241
1,61,33,24,241
1,62,33,162,241
1,63,33,5,241
1,64,33,3,241
1,65,33,130,241
1,66,33,18,241
1,67,33,12,241
1,68,33,160,241
1,69,33,108,241
1,70,33,6,241
1,71,33,14,241
1,72,33,29,241
1,73,33,132,241
1,74,33,4,241
1,75,33,2,241
1,76,33,7,241
1,77,33,11,241
1,78,33,97,241
1,79,33,102,241
1,80,33,113,241
1,81,33,95,241
1,82,33,94,241
1,83,33,117,241
1,84,33,114,241
1,85,33,106,241
1,86,33,25,241
1,87,33,115,241
1,88,33,93,241
1,89,33,92,241
1,90,33,107,241
1,91,33,101,241
1,92,33,91,241
1,93,33,100,241
1,94,33,116,241
1,95,33,89,241
1,96,33,103,241
1,97,33,112,241
1,98,33,17,241
1,99,33,96,241
1,100,33,118,241
1,101,33,90,241
1,102,33,111,241
1,103,33,110,241
1,104,33,99,241
1,105,33,98,241
1,106,33,104,241
1,107,33,109,241
1,108,33,8,241
1,109,33,105,241
1,110,33,84,241
1,111,33,66,241
1,112,33,23,241
1,113,33,69,241
1,114,33,85,241
1,115,33,77,241
1,116,33,87,241
1,117,33,70,241
1,118,33,72,241
1,119,33,83,241
1,120,33,79,241
1,121,33,82,241
1,122,33,81,241
1,123,33,78,241
1,124,33,76,241
1,125,33,86,241
1,126,33,64,241
1,127,33,71,241
1,128,33,80,241
1,129,33,88,241
1,130,33,48,241
1,131,33,75,241
1,132,33,67,241
1,133,33,73,241
1,134,33,44,241
1,135,33,63,241
1,136,33,74,241
1,137,33,65,241
1,138,33,62,241
1,139,33,68,241
1,140,33,51,241
1,141,33,36,241
1,142,33,54,241
1,143,33,41,241
1,144,33,33,241
1,145,33,61,241
1,146,33,55,241
1,147,33,43,241
1,148,33,46,241
1,149,33,40,241
1,150,33,37,241
1,151,33,60,241
1,152,33,50,241
1,153,33,47,241
1,154,33,53,241
1,155,33,39,241
1,156,33,58,241
1,157,33,35,241
1,158,33,59,241
1,159,33,45,241
1,160,33,42,241
1,161,33,49,241
1,162,33,56,241
1,163,33,38,241
1,164,33,34,241
1,165,33,57,241
1,166,33,52,241
10,1,34,146,70
1,2,34,141,70
32,3,34,155,70
32,4,34,147,70
32,5,34,139,70
32,6,34,134,70
32,7,34,166,70
32,8,34,152,70
32,9,34,138,70
32,10,34,144,70
32,11,34,124,70
32,12,34,122,70
32,13,34,149,70
1,14,34,128,70
1,15,34,129,70
1,16,34,119,70
1,17,34,123,70
1,18,34,161,70
1,19,34,154,70
1,20,34,145,70
1,21,34,125,70
1,22,34,150,70
1,23,34,156,70
1,24,34,142,70
1,25,34,165,70
1,26,34,159,70
1,27,34,158,70
1,28,34,153,70
1,29,34,135,70
1,30,34,137,70
1,31,34,164,70
1,32,34,148,70
1,33,34,151,70
1,34,34,157,70
1,35,34,22,70
1,36,34,127,70
1,37,34,1,70
1,38,34,131,70
1,39,34,136,70
1,40,34,140,70
1,41,34,120,70
1,42,34,21,70
1,43,34,121,70
1,44,34,16,70
1,45,34,32,70
1,46,34,10,70
1,47,34,126,70
1,48,34,19,70
1,49,34,31,70
1,50,34,27,70
1,51,34,163,70
1,52,34,133,70
1,53,34,28,70
1,54,34,9,70
1,55,34,13,70
1,56,34,20,70
1,57,34,30,70
1,58,34,143,70
1,59,34,15,70
1,60,34,26,70
1,61,34,24,70
1,62,34,162,70
1,63,34,5,70
1,64,34,3,70
1,65,34,130,70
1,66,34,18,70
1,67,34,12,70
1,68,34,160,70
1,69,34,108,70
1,70,34,6,70
1,71,34,14,70
1,72,34,29,70
1,73,34,132,70
1,74,34,4,70
1,75,34,2,70
1,76,34,7,70
1,77,34,11,70
1,78,34,97,70
1,79,34,102,70
1,80,34,113,70
1,81,34,95,70
1,82,34,94,70
1,83,34,117,70
1,84,34,114,70
1,85,34,106,70
1,86,34,25,70
1,87,34,115,70
1,88,34,93,70
1,89,34,92,70
1,90,34,107,70
1,91,34,101,70
1,92,34,91,70
1,93,34,100,70
1,94,34,116,70
1,95,34,89,70
1,96,34,103,70
1,97,34,112,70
1,98,34,17,70
1,99,34,96,70
1,100,34,118,70
1,101,34,90,70
1,102,34,111,70
1,103,34,110,70
1,104,34,99,70
1,105,34,98,70
1,106,34,104,70
1,107,34,109,70
1,108,34,8,70
1,109,34,105,70
1,110,34,84,70
1,111,34,66,70
1,112,34,23,70
1,113,34,69,70
1,114,34,85,70
1,115,34,77,70
1,116,34,87,70
1,117,34,70,70
1,118,34,72,70
1,119,34,83,70
1,120,34,79,70
1,121,34,82,70
1,122,34,81,70
1,123,34,78,70
1,124,34,76,70
1,125,34,86,70
1,126,34,64,70
1,127,34,71,70
1,128,34,80,70
1,129,34,88,70
1,130,34,48,70
1,131,34,75,70
1,132,34,67,70
1,133,34,73,70
1,134,34,44,70
1,135,34,63,70
1,136,34,74,70
1,137,34,65,70
1,138,34,62,70
1,139,34,68,70
1,140,34,51,70
1,141,34,36,70
1,142,34,54,70
1,143,34,41,70
1,144,34,33,70
1,145,34,61,70
1,146,34,55,70
1,147,34,43,70
1,148,34,46,70
1,149,34,40,70
1,150,34,37,70
1,151,34,60,70
1,152,34,50,70
1,153,34,47,70
1,154,34,53,70
1,155,34,39,70
1,156,34,58,70
1,157,34,35,70
1,158,34,59,70
1,159,34,45,70
1,160,34,42,70
1,161,34,49,70
1,162,34,56,70
1,163,34,38,70
1,164,34,34,70
1,165,34,57,70
1,166,34,52,70
10,1,35,146,277
1,2,35,141,277
32,3,35,155,277
32,4,35,147,277
32,5,35,139,277
32,6,35,134,277
32,7,35,166,277
32,8,35,152,277
32,9,35,138,277
32,10,35,144,277
32,11,35,124,277
32,12,35,122,277
32,13,35,149,277
1,14,35,128,277
1,15,35,129,277
1,16,35,119,277
1,17,35,123,277
1,18,35,161,277
1,19,35,154,277
1,20,35,145,277
1,21,35,125,277
1,22,35,150,277
1,23,35,156,277
1,24,35,142,277
1,25,35,165,277
1,26,35,159,277
1,27,35,158,277
1,28,35,153,277
1,29,35,135,277
1,30,35,137,277
1,31,35,164,277
1,32,35,148,277
1,33,35,151,277
1,34,35,157,277
1,35,35,22,277
1,36,35,127,277
1,37,35,1,277
1,38,35,131,277
1,39,35,136,277
1,40,35,140,277
1,41,35,120,277
1,42,35,21,277
1,43,35,121,277
1,44,35,16,277
1,45,35,32,277
1,46,35,10,277
1,47,35,126,277
1,48,35,19,277
1,49,35,31,277
1,50,35,27,277
1,51,35,163,277
1,52,35,133,277
1,53,35,28,277
1,54,35,9,277
1,55,35,13,277
1,56,35,20,277
1,57,35,30,277
1,58,35,143,277
1,59,35,15,277
1,60,35,26,277
1,61,35,24,277
1,62,35,162,277
1,63,35,5,277
1,64,35,3,277
1,65,35,130,277
1,66,35,18,277
1,67,35,12,277
1,68,35,160,277
1,69,35,108,277
1,70,35,6,277
1,71,35,14,277
1,72,35,29,277
1,73,35,132,277
1,74,35,4,277
1,75,35,2,277
1,76,35,7,277
1,77,35,11,277
1,78,35,97,277
1,79,35,102,277
1,80,35,113,277
1,81,35,95,277
1,82,35,94,277
1,83,35,117,277
1,84,35,114,277
1,85,35,106,277
1,86,35,25,277
1,87,35,115,277
1,88,35,93,277
1,89,35,92,277
1,90,35,107,277
1,91,35,101,277
1,92,35,91,277
1,93,35,100,277
1,94,35,116,277
1,95,35,89,277
1,96,35,103,277
1,97,35,112,277
1,98,35,17,277
1,99,35,96,277
1,100,35,118,277
1,101,35,90,277
1,102,35,111,277
1,103,35,110,277
1,104,35,99,277
1,105,35,98,277
1,106,35,104,277
1,107,35,109,277
1,108,35,8,277
1,109,35,105,277
1,110,35,84,277
1,111,35,66,277
1,112,35,23,277
1,113,35,69,277
1,114,35,85,277
1,115,35,77,277
1,116,35,87,277
1,117,35,70,277
1,118,35,72,277
1,119,35,83,277
1,120,35,79,277
1,121,35,82,277
1,122,35,81,277
1,123,35,78,277
1,124,35,76,277
1,125,35,86,277
1,126,35,64,277
1,127,35,71,277
1,128,35,80,277
1,129,35,88,277
1,130,35,48,277
1,131,35,75,277
1,132,35,67,277
1,133,35,73,277
1,134,35,44,277
1,135,35,63,277
1,136,35,74,277
1,137,35,65,277
1,138,35,62,277
1,139,35,68,277
1,140,35,51,277
1,141,35,36,277
1,142,35,54,277
1,143,35,41,277
1,144,35,33,277
1,145,35,61,277
1,146,35,55,277
1,147,35,43,277
1,148,35,46,277
1,149,35,40,277
1,150,35,37,277
1,151,35,60,277
1,152,35,50,277
1,153,35,47,277
1,154,35,53,277
1,155,35,39,277
1,156,35,58,277
1,157,35,35,277
1,158,35,59,277
1,159,35,45,277
1,160,35,42,277
1,161,35,49,277
1,162,35,56,277
1,163,35,38,277
1,164,35,34,277
1,165,35,57,277
1,166,35,52,277
10,1,36,146,257
1,2,36,141,257
32,3,36,155,257
32,4,36,147,257
32,5,36,139,257
32,6,36,134,257
32,7,36,166,257
32,8,36,152,257
32,9,36,138,257
32,10,36,144,257
32,11,36,124,257
32,12,36,122,257
32,13,36,149,257
1,14,36,128,257
1,15,36,129,257
1,16,36,119,257
1,17,36,123,257
1,18,36,161,257
1,19,36,154,257
1,20,36,145,257
1,21,36,125,257
1,22,36,150,257
1,23,36,156,257
1,24,36,142,257
1,25,36,165,257
1,26,36,159,257
1,27,36,158,257
1,28,36,153,257
1,29,36,135,257
1,30,36,137,257
1,31,36,164,257
1,32,36,148,257
1,33,36,151,257
1,34,36,157,257
1,35,36,22,257
1,36,36,127,257
1,37,36,1,257
1,38,36,131,257
1,39,36,136,257
1,40,36,140,257
1,41,36,120,257
1,42,36,21,257
1,43,36,121,257
1,44,36,16,257
1,45,36,32,257
1,46,36,10,257
1,47,36,126,257
1,48,36,19,257
1,49,36,31,257
1,50,36,27,257
1,51,36,163,257
1,52,36,133,257
1,53,36,28,257
1,54,36,9,257
1,55,36,13,257
1,56,36,20,257
1,57,36,30,257
1,58,36,143,257
1,59,36,15,257
1,60,36,26,257
1,61,36,24,257
1,62,36,162,257
1,63,36,5,257
1,64,36,3,257
1,65,36,130,257
1,66,36,18,257
1,67,36,12,257
1,68,36,160,257
1,69,36,108,257
1,70,36,6,257
1,71,36,14,257
1,72,36,29,257
1,73,36,132,257
1,74,36,4,257
1,75,36,2,257
1,76,36,7,257
1,77,36,11,257
1,78,36,97,257
1,79,36,102,257
1,80,36,113,257
1,81,36,95,257
1,82,36,94,257
1,83,36,117,257
1,84,36,114,257
1,85,36,106,257
1,86,36,25,257
1,87,36,115,257
1,88,36,93,257
1,89,36,92,257
1,90,36,107,257
1,91,36,101,257
1,92,36,91,257
1,93,36,100,257
1,94,36,116,257
1,95,36,89,257
1,96,36,103,257
1,97,36,112,257
1,98,36,17,257
1,99,36,96,257
1,100,36,118,257
1,101,36,90,257
1,102,36,111,257
1,103,36,110,257
1,104,36,99,257
1,105,36,98,257
1,106,36,104,257
1,107,36,109,257
1,108,36,8,257
1,109,36,105,257
1,110,36,84,257
1,111,36,66,257
1,112,36,23,257
1,113,36,69,257
1,114,36,85,257
1,115,36,77,257
1,116,36,87,257
1,117,36,70,257
1,118,36,72,257
1,119,36,83,257
1,120,36,79,257
1,121,36,82,257
1,122,36,81,257
1,123,36,78,257
1,124,36,76,257
1,125,36,86,257
1,126,36,64,257
1,127,36,71,257
1,128,36,80,257
1,129,36,88,257
1,130,36,48,257
1,131,36,75,257
1,132,36,67,257
1,133,36,73,257
1,134,36,44,257
1,135,36,63,257
1,136,36,74,257
1,137,36,65,257
1,138,36,62,257
1,139,36,68,257
1,140,36,51,257
1,141,36,36,257
1,142,36,54,257
1,143,36,41,257
1,144,36,33,257
1,145,36,61,257
1,146,36,55,257
1,147,36,43,257
1,148,36,46,257
1,149,36,40,257
1,150,36,37,257
1,151,36,60,257
1,152,36,50,257
1,153,36,47,257
1,154,36,53,257
1,155,36,39,257
1,156,36,58,257
1,157,36,35,257
1,158,36,59,257
1,159,36,45,257
1,160,36,42,257
1,161,36,49,257
1,162,36,56,257
1,163,36,38,257
1,164,36,34,257
1,165,36,57,257
1,166,36,52,257
10,1,37,146,165
1,2,37,141,165
32,3,37,155,165
32,4,37,147,165
32,5,37,139,165
32,6,37,134,165
32,7,37,166,165
32,8,37,152,165
32,9,37,138,165
32,10,37,144,165
32,11,37,124,165
32,12,37,122,165
32,13,37,149,165
1,14,37,128,165
1,15,37,129,165
1,16,37,119,165
1,17,37,123,165
1,18,37,161,165
1,19,37,154,165
1,20,37,145,165
1,21,37,125,165
1,22,37,150,165
1,23,37,156,165
1,24,37,142,165
1,25,37,165,165
1,26,37,159,165
1,27,37,158,165
1,28,37,153,165
1,29,37,135,165
1,30,37,137,165
1,31,37,164,165
1,32,37,148,165
1,33,37,151,165
1,34,37,157,165
1,35,37,22,165
1,36,37,127,165
1,37,37,1,165
1,38,37,131,165
1,39,37,136,165
1,40,37,140,165
1,41,37,120,165
1,42,37,21,165
1,43,37,121,165
1,44,37,16,165
1,45,37,32,165
1,46,37,10,165
1,47,37,126,165
1,48,37,19,165
1,49,37,31,165
1,50,37,27,165
1,51,37,163,165
1,52,37,133,165
1,53,37,28,165
1,54,37,9,165
1,55,37,13,165
1,56,37,20,165
1,57,37,30,165
1,58,37,143,165
1,59,37,15,165
1,60,37,26,165
1,61,37,24,165
1,62,37,162,165
1,63,37,5,165
1,64,37,3,165
1,65,37,130,165
1,66,37,18,165
1,67,37,12,165
1,68,37,160,165
1,69,37,108,165
1,70,37,6,165
1,71,37,14,165
1,72,37,29,165
1,73,37,132,165
1,74,37,4,165
1,75,37,2,165
1,76,37,7,165
1,77,37,11,165
1,78,37,97,165
1,79,37,102,165
1,80,37,113,165
1,81,37,95,165
1,82,37,94,165
1,83,37,117,165
1,84,37,114,165
1,85,37,106,165
1,86,37,25,165
1,87,37,115,165
1,88,37,93,165
1,89,37,92,165
1,90,37,107,165
1,91,37,101,165
1,92,37,91,165
1,93,37,100,165
1,94,37,116,165
1,95,37,89,165
1,96,37,103,165
1,97,37,112,165
1,98,37,17,165
1,99,37,96,165
1,100,37,118,165
1,101,37,90,165
1,102,37,111,165
1,103,37,110,165
1,104,37,99,165
1,105,37,98,165
1,106,37,104,165
1,107,37,109,165
1,108,37,8,165
1,109,37,105,165
1,110,37,84,165
1,111,37,66,165
1,112,37,23,165
1,113,37,69,165
1,114,37,85,165
1,115,37,77,165
1,116,37,87,165
1,117,37,70,165
1,118,37,72,165
1,119,37,83,165
1,120,37,79,165
1,121,37,82,165
1,122,37,81,165
1,123,37,78,165
1,124,37,76,165
1,125,37,86,165
1,126,37,64,165
1,127,37,71,165
1,128,37,80,165
1,129,37,88,165
1,130,37,48,165
1,131,37,75,165
1,132,37,67,165
1,133,37,73,165
29,134,37,44,165
1,135,37,63,165
1,136,37,74,165
1,137,37,65,165
1,138,37,62,165
1,139,37,68,165
1,140,37,51,165
1,141,37,36,165
1,142,37,54,165
1,143,37,41,165
1,144,37,33,165
1,145,37,61,165
1,146,37,55,165
1,147,37,43,165
1,148,37,46,165
1,149,37,40,165
1,150,37,37,165
1,151,37,60,165
1,152,37,50,165
1,153,37,47,165
1,154,37,53,165
1,155,37,39,165
1,156,37,58,165
1,157,37,35,165
1,158,37,59,165
1,159,37,45,165
1,160,37,42,165
1,161,37,49,165
1,162,37,56,165
1,163,37,38,165
1,164,37,34,165
1,165,37,57,165
1,166,37,52,165
10,1,38,146,109
1,2,38,141,109
32,3,38,155,109
32,4,38,147,109
32,5,38,139,109
32,6,38,134,109
32,7,38,166,109
32,8,38,152,109
32,9,38,138,109
32,10,38,144,109
32,11,38,124,109
32,12,38,122,109
32,13,38,149,109
1,14,38,128,109
1,15,38,129,109
1,16,38,119,109
1,17,38,123,109
1,18,38,161,109
1,19,38,154,109
1,20,38,145,109
1,21,38,125,109
1,22,38,150,109
1,23,38,156,109
1,24,38,142,109
1,25,38,165,109
1,26,38,159,109
1,27,38,158,109
1,28,38,153,109
1,29,38,135,109
1,30,38,137,109
1,31,38,164,109
1,32,38,148,109
1,33,38,151,109
1,34,38,157,109
1,35,38,22,109
1,36,38,127,109
1,37,38,1,109
1,38,38,131,109
1,39,38,136,109
1,40,38,140,109
1,41,38,120,109
1,42,38,21,109
1,43,38,121,109
1,44,38,16,109
1,45,38,32,109
1,46,38,10,109
1,47,38,126,109
1,48,38,19,109
1,49,38,31,109
1,50,38,27,109
1,51,38,163,109
1,52,38,133,109
1,53,38,28,109
1,54,38,9,109
1,55,38,13,109
1,56,38,20,109
1,57,38,30,109
1,58,38,143,109
1,59,38,15,109
1,60,38,26,109
1,61,38,24,109
1,62,38,162,109
1,63,38,5,109
1,64,38,3,109
1,65,38,130,109
1,66,38,18,109
1,67,38,12,109
1,68,38,160,109
1,69,38,108,109
1,70,38,6,109
1,71,38,14,109
1,72,38,29,109
1,73,38,132,109
1,74,38,4,109
1,75,38,2,109
1,76,38,7,109
1,77,38,11,109
1,78,38,97,109
1,79,38,102,109
1,80,38,113,109
1,81,38,95,109
1,82,38,94,109
1,83,38,117,109
1,84,38,114,109
1,85,38,106,109
1,86,38,25,109
1,87,38,115,109
1,88,38,93,109
1,89,38,92,109
1,90,38,107,109
1,91,38,101,109
1,92,38,91,109
1,93,38,100,109
1,94,38,116,109
1,95,38,89,109
1,96,38,103,109
1,97,38,112,109
1,98,38,17,109
1,99,38,96,109
1,100,38,118,109
1,101,38,90,109
1,102,38,111,109
1,103,38,110,109
1,104,38,99,109
1,105,38,98,109
1,106,38,104,109
1,107,38,109,109
1,108,38,8,109
1,109,38,105,109
1,110,38,84,109
1,111,38,66,109
1,112,38,23,109
1,113,38,69,109
1,114,38,85,109
1,115,38,77,109
1,116,38,87,109
1,117,38,70,109
1,118,38,72,109
1,119,38,83,109
1,120,38,79,109
1,121,38,82,109
1,122,38,81,109
1,123,38,78,109
1,124,38,76,109
1,125,38,86,109
1,126,38,64,109
1,127,38,71,109
1,128,38,80,109
1,129,38,88,109
1,130,38,48,109
1,131,38,75,109
1,132,38,67,109
1,133,38,73,109
1,134,38,44,109
1,135,38,63,109
1,136,38,74,109
1,137,38,65,109
1,138,38,62,109
1,139,38,68,109
1,140,38,51,109
1,141,38,36,109
1,142,38,54,109
1,143,38,41,109
1,144,38,33,109
1,145,38,61,109
1,146,38,55,109
1,147,38,43,109
1,148,38,46,109
1,149,38,40,109
1,150,38,37,109
1,151,38,60,109
1,152,38,50,109
1,153,38,47,109
1,154,38,53,109
1,155,38,39,109
1,156,38,58,109
1,157,38,35,109
1,158,38,59,109
1,159,38,45,109
1,160,38,42,109
1,161,38,49,109
1,162,38,56,109
1,163,38,38,109
1,164,38,34,109
1,165,38,57,109
1,166,38,52,109
10,1,39,146,280
1,2,39,141,280
32,3,39,155,280
32,4,39,147,280
32,5,39,139,280
32,6,39,134,280
32,7,39,166,280
32,8,39,152,280
32,9,39,138,280
32,10,39,144,280
32,11,39,124,280
32,12,39,122,280
32,13,39,149,280
1,14,39,128,280
1,15,39,129,280
1,16,39,119,280
1,17,39,123,280
1,18,39,161,280
1,19,39,154,280
1,20,39,145,280
1,21,39,125,280
1,22,39,150,280
1,23,39,156,280
1,24,39,142,280
1,25,39,165,280
1,26,39,159,280
1,27,39,158,280
1,28,39,153,280
1,29,39,135,280
1,30,39,137,280
1,31,39,164,280
1,32,39,148,280
1,33,39,151,280
1,34,39,157,280
1,35,39,22,280
1,36,39,127,280
1,37,39,1,280
1,38,39,131,280
1,39,39,136,280
1,40,39,140,280
1,41,39,120,280
1,42,39,21,280
1,43,39,121,280
1,44,39,16,280
1,45,39,32,280
1,46,39,10,280
1,47,39,126,280
1,48,39,19,280
1,49,39,31,280
1,50,39,27,280
1,51,39,163,280
1,52,39,133,280
1,53,39,28,280
1,54,39,9,280
1,55,39,13,280
1,56,39,20,280
1,57,39,30,280
1,58,39,143,280
1,59,39,15,280
1,60,39,26,280
1,61,39,24,280
1,62,39,162,280
1,63,39,5,280
1,64,39,3,280
1,65,39,130,280
1,66,39,18,280
1,67,39,12,280
1,68,39,160,280
1,69,39,108,280
1,70,39,6,280
1,71,39,14,280
1,72,39,29,280
1,73,39,132,280
1,74,39,4,280
1,75,39,2,280
1,76,39,7,280
1,77,39,11,280
1,78,39,97,280
1,79,39,102,280
1,80,39,113,280
1,81,39,95,280
1,82,39,94,280
1,83,39,117,280
1,84,39,114,280
1,85,39,106,280
1,86,39,25,280
1,87,39,115,280
1,88,39,93,280
1,89,39,92,280
1,90,39,107,280
1,91,39,101,280
1,92,39,91,280
1,93,39,100,280
1,94,39,116,280
1,95,39,89,280
1,96,39,103,280
1,97,39,112,280
1,98,39,17,280
1,99,39,96,280
1,100,39,118,280
1,101,39,90,280
1,102,39,111,280
1,103,39,110,280
1,104,39,99,280
1,105,39,98,280
1,106,39,104,280
1,107,39,109,280
1,108,39,8,280
1,109,39,105,280
1,110,39,84,280
1,111,39,66,280
1,112,39,23,280
1,113,39,69,280
1,114,39,85,280
1,115,39,77,280
1,116,39,87,280
1,117,39,70,280
1,118,39,72,280
1,119,39,83,280
1,120,39,79,280
1,121,39,82,280
1,122,39,81,280
1,123,39,78,280
1,124,39,76,280
1,125,39,86,280
1,126,39,64,280
1,127,39,71,280
1,128,39,80,280
1,129,39,88,280
1,130,39,48,280
1,131,39,75,280
1,132,39,67,280
1,133,39,73,280
1,134,39,44,280
1,135,39,63,280
1,136,39,74,280
1,137,39,65,280
1,138,39,62,280
1,139,39,68,280
1,140,39,51,280
1,141,39,36,280
1,142,39,54,280
1,143,39,41,280
1,144,39,33,280
1,145,39,61,280
1,146,39,55,280
1,147,39,43,280
1,148,39,46,280
1,149,39,40,280
1,150,39,37,280
1,151,39,60,280
1,152,39,50,280
1,153,39,47,280
1,154,39,53,280
1,155,39,39,280
1,156,39,58,280
1,157,39,35,280
1,158,39,59,280
1,159,39,45,280
1,160,39,42,280
1,161,39,49,280
1,162,39,56,280
1,163,39,38,280
1,164,39,34,280
1,165,39,57,280
1,166,39,52,280
10,1,40,146,261
1,2,40,141,261
32,3,40,155,261
32,4,40,147,261
32,5,40,139,261
32,6,40,134,261
32,7,40,166,261
32,8,40,152,261
32,9,40,138,261
32,10,40,144,261
32,11,40,124,261
32,12,40,122,261
32,13,40,149,261
1,14,40,128,261
1,15,40,129,261
1,16,40,119,261
1,17,40,123,261
1,18,40,161,261
1,19,40,154,261
1,20,40,145,261
1,21,40,125,261
1,22,40,150,261
1,23,40,156,261
1,24,40,142,261
1,25,40,165,261
1,26,40,159,261
1,27,40,158,261
1,28,40,153,261
1,29,40,135,261
1,30,40,137,261
1,31,40,164,261
1,32,40,148,261
1,33,40,151,261
1,34,40,157,261
1,35,40,22,261
1,36,40,127,261
1,37,40,1,261
1,38,40,131,261
1,39,40,136,261
1,40,40,140,261
1,41,40,120,261
1,42,40,21,261
1,43,40,121,261
1,44,40,16,261
1,45,40,32,261
1,46,40,10,261
1,47,40,126,261
1,48,40,19,261
1,49,40,31,261
1,50,40,27,261
1,51,40,163,261
1,52,40,133,261
1,53,40,28,261
1,54,40,9,261
1,55,40,13,261
1,56,40,20,261
1,57,40,30,261
1,58,40,143,261
1,59,40,15,261
1,60,40,26,261
1,61,40,24,261
1,62,40,162,261
1,63,40,5,261
1,64,40,3,261
1,65,40,130,261
1,66,40,18,261
1,67,40,12,261
1,68,40,160,261
1,69,40,108,261
1,70,40,6,261
1,71,40,14,261
1,72,40,29,261
1,73,40,132,261
1,74,40,4,261
1,75,40,2,261
1,76,40,7,261
1,77,40,11,261
1,78,40,97,261
1,79,40,102,261
1,80,40,113,261
1,81,40,95,261
1,82,40,94,261
1,83,40,117,261
1,84,40,114,261
1,85,40,106,261
1,86,40,25,261
1,87,40,115,261
1,88,40,93,261
1,89,40,92,261
1,90,40,107,261
1,91,40,101,261
1,92,40,91,261
1,93,40,100,261
1,94,40,116,261
1,95,40,89,261
1,96,40,103,261
1,97,40,112,261
1,98,40,17,261
1,99,40,96,261
1,100,40,118,261
1,101,40,90,261
1,102,40,111,261
1,103,40,110,261
1,104,40,99,261
1,105,40,98,261
1,106,40,104,261
1,107,40,109,261
1,108,40,8,261
1,109,40,105,261
1,110,40,84,261
1,111,40,66,261
1,112,40,23,261
1,113,40,69,261
1,114,40,85,261
1,115,40,77,261
1,116,40,87,261
1,117,40,70,261
1,118,40,72,261
1,119,40,83,261
1,120,40,79,261
1,121,40,82,261
1,122,40,81,261
1,123,40,78,261
1,124,40,76,261
1,125,40,86,261
1,126,40,64,261
1,127,40,71,261
1,128,40,80,261
1,129,40,88,261
1,130,40,48,261
1,131,40,75,261
1,132,40,67,261
1,133,40,73,261
1,134,40,44,261
1,135,40,63,261
1,136,40,74,261
1,137,40,65,261
1,138,40,62,261
1,139,40,68,261
1,140,40,51,261
1,141,40,36,261
1,142,40,54,261
1,143,40,41,261
1,144,40,33,261
1,145,40,61,261
1,146,40,55,261
1,147,40,43,261
1,148,40,46,261
1,149,40,40,261
1,150,40,37,261
1,151,40,60,261
1,152,40,50,261
1,153,40,47,261
1,154,40,53,261
1,155,40,39,261
1,156,40,58,261
1,157,40,35,261
1,158,40,59,261
1,159,40,45,261
1,160,40,42,261
1,161,40,49,261
1,162,40,56,261
1,163,40,38,261
1,164,40,34,261
1,165,40,57,261
1,166,40,52,261
10,1,41,146,281
1,2,41,141,281
32,3,41,155,281
32,4,41,147,281
32,5,41,139,281
32,6,41,134,281
32,7,41,166,281
32,8,41,152,281
32,9,41,138,281
32,10,41,144,281
32,11,41,124,281
32,12,41,122,281
32,13,41,149,281
1,14,41,128,281
1,15,41,129,281
1,16,41,119,281
1,17,41,123,281
1,18,41,161,281
1,19,41,154,281
1,20,41,145,281
1,21,41,125,281
1,22,41,150,281
1,23,41,156,281
1,24,41,142,281
1,25,41,165,281
1,26,41,159,281
1,27,41,158,281
1,28,41,153,281
1,29,41,135,281
1,30,41,137,281
1,31,41,164,281
1,32,41,148,281
1,33,41,151,281
1,34,41,157,281
1,35,41,22,281
1,36,41,127,281
1,37,41,1,281
1,38,41,131,281
1,39,41,136,281
1,40,41,140,281
1,41,41,120,281
1,42,41,21,281
1,43,41,121,281
1,44,41,16,281
1,45,41,32,281
1,46,41,10,281
1,47,41,126,281
1,48,41,19,281
1,49,41,31,281
1,50,41,27,281
1,51,41,163,281
1,52,41,133,281
1,53,41,28,281
1,54,41,9,281
1,55,41,13,281
1,56,41,20,281
1,57,41,30,281
1,58,41,143,281
1,59,41,15,281
1,60,41,26,281
1,61,41,24,281
1,62,41,162,281
1,63,41,5,281
1,64,41,3,281
1,65,41,130,281
1,66,41,18,281
1,67,41,12,281
1,68,41,160,281
1,69,41,108,281
1,70,41,6,281
1,71,41,14,281
1,72,41,29,281
1,73,41,132,281
1,74,41,4,281
1,75,41,2,281
1,76,41,7,281
1,77,41,11,281
1,78,41,97,281
1,79,41,102,281
1,80,41,113,281
1,81,41,95,281
1,82,41,94,281
1,83,41,117,281
1,84,41,114,281
1,85,41,106,281
1,86,41,25,281
1,87,41,115,281
1,88,41,93,281
1,89,41,92,281
1,90,41,107,281
1,91,41,101,281
1,92,41,91,281
1,93,41,100,281
1,94,41,116,281
1,95,41,89,281
1,96,41,103,281
1,97,41,112,281
1,98,41,17,281
1,99,41,96,281
1,100,41,118,281
1,101,41,90,281
1,102,41,111,281
1,103,41,110,281
1,104,41,99,281
1,105,41,98,281
1,106,41,104,281
1,107,41,109,281
1,108,41,8,281
1,109,41,105,281
1,110,41,84,281
1,111,41,66,281
1,112,41,23,281
1,113,41,69,281
1,114,41,85,281
1,115,41,77,281
1,116,41,87,281
1,117,41,70,281
1,118,41,72,281
1,119,41,83,281
1,120,41,79,281
1,121,41,82,281
1,122,41,81,281
1,123,41,78,281
1,124,41,76,281
1,125,41,86,281
1,126,41,64,281
1,127,41,71,281
1,128,41,80,281
1,129,41,88,281
1,130,41,48,281
1,131,41,75,281
1,132,41,67,281
1,133,41,73,281
1,134,41,44,281
1,135,41,63,281
1,136,41,74,281
1,137,41,65,281
1,138,41,62,281
1,139,41,68,281
1,140,41,51,281
1,141,41,36,281
1,142,41,54,281
1,143,41,41,281
1,144,41,33,281
1,145,41,61,281
1,146,41,55,281
1,147,41,43,281
1,148,41,46,281
1,149,41,40,281
1,150,41,37,281
1,151,41,60,281
1,152,41,50,281
1,153,41,47,281
1,154,41,53,281
1,155,41,39,281
1,156,41,58,281
1,157,41,35,281
1,158,41,59,281
1,159,41,45,281
1,160,41,42,281
1,161,41,49,281
1,162,41,56,281
1,163,41,38,281
1,164,41,34,281
1,165,41,57,281
1,166,41,52,281
10,1,42,146,166
1,2,42,141,166
1,3,42,155,166
1,4,42,147,166
1,5,42,139,166
1,6,42,134,166
1,7,42,166,166
1,8,42,152,166
1,9,42,138,166
1,10,42,144,166
1,11,42,124,166
1,12,42,122,166
1,13,42,149,166
1,14,42,128,166
1,15,42,129,166
1,16,42,119,166
1,17,42,123,166
1,18,42,161,166
1,19,42,154,166
1,20,42,145,166
1,21,42,125,166
1,22,42,150,166
1,23,42,156,166
1,24,42,142,166
1,25,42,165,166
1,26,42,159,166
1,27,42,158,166
1,28,42,153,166
1,29,42,135,166
1,30,42,137,166
1,31,42,164,166
1,32,42,148,166
1,33,42,151,166
1,34,42,157,166
1,35,42,22,166
1,36,42,127,166
1,37,42,1,166
1,38,42,131,166
1,39,42,136,166
1,40,42,140,166
1,41,42,120,166
1,42,42,21,166
1,43,42,121,166
1,44,42,16,166
1,45,42,32,166
1,46,42,10,166
1,47,42,126,166
1,48,42,19,166
1,49,42,31,166
1,50,42,27,166
1,51,42,163,166
1,52,42,133,166
1,53,42,28,166
1,54,42,9,166
1,55,42,13,166
1,56,42,20,166
1,57,42,30,166
1,58,42,143,166
1,59,42,15,166
1,60,42,26,166
1,61,42,24,166
1,62,42,162,166
1,63,42,5,166
1,64,42,3,166
1,65,42,130,166
1,66,42,18,166
1,67,42,12,166
1,68,42,160,166
1,69,42,108,166
1,70,42,6,166
1,71,42,14,166
1,72,42,29,166
1,73,42,132,166
1,74,42,4,166
1,75,42,2,166
1,76,42,7,166
1,77,42,11,166
1,78,42,97,166
1,79,42,102,166
1,80,42,113,166
1,81,42,95,166
1,82,42,94,166
1,83,42,117,166
1,84,42,114,166
1,85,42,106,166
1,86,42,25,166
1,87,42,115,166
1,88,42,93,166
1,89,42,92,166
1,90,42,107,166
1,91,42,101,166
1,92,42,91,166
1,93,42,100,166
1,94,42,116,166
1,95,42,89,166
1,96,42,103,166
1,97,42,112,166
1,98,42,17,166
1,99,42,96,166
1,100,42,118,166
1,101,42,90,166
1,102,42,111,166
1,103,42,110,166
1,104,42,99,166
1,105,42,98,166
1,106,42,104,166
1,107,42,109,166
1,108,42,8,166
1,109,42,105,166
1,110,42,84,166
1,111,42,66,166
1,112,42,23,166
1,113,42,69,166
1,114,42,85,166
1,115,42,77,166
1,116,42,87,166
1,117,42,70,166
1,118,42,72,166
1,119,42,83,166
1,120,42,79,166
1,121,42,82,166
1,122,42,81,166
1,123,42,78,166
1,124,42,76,166
1,125,42,86,166
1,126,42,64,166
1,127,42,71,166
1,128,42,80,166
1,129,42,88,166
1,130,42,48,166
1,131,42,75,166
1,132,42,67,166
1,133,42,73,166
1,134,42,44,166
1,135,42,63,166
1,136,42,74,166
1,137,42,65,166
1,138,42,62,166
1,139,42,68,166
1,140,42,51,166
1,141,42,36,166
1,142,42,54,166
1,143,42,41,166
1,144,42,33,166
1,145,42,61,166
1,146,42,55,166
1,147,42,43,166
1,148,42,46,166
1,149,42,40,166
1,150,42,37,166
1,151,42,60,166
1,152,42,50,166
1,153,42,47,166
1,154,42,53,166
1,155,42,39,166
1,156,42,58,166
1,157,42,35,166
1,158,42,59,166
1,159,42,45,166
1,160,42,42,166
1,161,42,49,166
1,162,42,56,166
1,163,42,38,166
1,164,42,34,166
1,165,42,57,166
1,166,42,52,166
10,1,43,146,151
1,2,43,141,151
1,3,43,155,151
1,4,43,147,151
1,5,43,139,151
1,6,43,134,151
1,7,43,166,151
1,8,43,152,151
1,9,43,138,151
1,10,43,144,151
1,11,43,124,151
1,12,43,122,151
1,13,43,149,151
1,14,43,128,151
1,15,43,129,151
1,16,43,119,151
1,17,43,123,151
1,18,43,161,151
1,19,43,154,151
1,20,43,145,151
1,21,43,125,151
1,22,43,150,151
1,23,43,156,151
1,24,43,142,151
1,25,43,165,151
1,26,43,159,151
1,27,43,158,151
1,28,43,153,151
1,29,43,135,151
1,30,43,137,151
1,31,43,164,151
1,32,43,148,151
1,33,43,151,151
1,34,43,157,151
1,35,43,22,151
1,36,43,127,151
1,37,43,1,151
1,38,43,131,151
1,39,43,136,151
1,40,43,140,151
1,41,43,120,151
1,42,43,21,151
1,43,43,121,151
1,44,43,16,151
1,45,43,32,151
1,46,43,10,151
1,47,43,126,151
1,48,43,19,151
1,49,43,31,151
1,50,43,27,151
1,51,43,163,151
1,52,43,133,151
1,53,43,28,151
1,54,43,9,151
1,55,43,13,151
1,56,43,20,151
1,57,43,30,151
1,58,43,143,151
1,59,43,15,151
1,60,43,26,151
1,61,43,24,151
1,62,43,162,151
1,63,43,5,151
1,64,43,3,151
1,65,43,130,151
1,66,43,18,151
1,67,43,12,151
1,68,43,160,151
1,69,43,108,151
1,70,43,6,151
1,71,43,14,151
1,72,43,29,151
1,73,43,132,151
1,74,43,4,151
1,75,43,2,151
1,76,43,7,151
1,77,43,11,151
1,78,43,97,151
1,79,43,102,151
1,80,43,113,151
1,81,43,95,151
1,82,43,94,151
1,83,43,117,151
1,84,43,114,151
1,85,43,106,151
1,86,43,25,151
1,87,43,115,151
1,88,43,93,151
1,89,43,92,151
1,90,43,107,151
1,91,43,101,151
1,92,43,91,151
1,93,43,100,151
1,94,43,116,151
1,95,43,89,151
1,96,43,103,151
1,97,43,112,151
1,98,43,17,151
1,99,43,96,151
1,100,43,118,151
1,101,43,90,151
1,102,43,111,151
1,103,43,110,151
1,104,43,99,151
1,105,43,98,151
1,106,43,104,151
1,107,43,109,151
1,108,43,8,151
1,109,43,105,151
1,110,43,84,151
1,111,43,66,151
1,112,43,23,151
1,113,43,69,151
1,114,43,85,151
1,115,43,77,151
1,116,43,87,151
1,117,43,70,151
1,118,43,72,151
1,119,43,83,151
1,120,43,79,151
1,121,43,82,151
1,122,43,81,151
1,123,43,78,151
1,124,43,76,151
1,125,43,86,151
1,126,43,64,151
1,127,43,71,151
1,128,43,80,151
1,129,43,88,151
1,130,43,48,151
1,131,43,75,151
1,132,43,67,151
1,133,43,73,151
1,134,43,44,151
1,135,43,63,151
1,136,43,74,151
1,137,43,65,151
1,138,43,62,151
1,139,43,68,151
1,140,43,51,151
1,141,43,36,151
1,142,43,54,151
1,143,43,41,151
1,144,43,33,151
1,145,43,61,151
1,146,43,55,151
1,147,43,43,151
1,148,43,46,151
1,149,43,40,151
1,150,43,37,151
1,151,43,60,151
1,152,43,50,151
1,153,43,47,151
1,154,43,53,151
1,155,43,39,151
1,156,43,58,151
1,157,43,35,151
1,158,43,59,151
1,159,43,45,151
1,160,43,42,151
1,161,43,49,151
1,162,43,56,151
1,163,43,38,151
1,164,43,34,151
1,165,43,57,151
1,166,43,52,151
10,1,44,146,183
1,2,44,141,183
1,3,44,155,183
1,4,44,147,183
1,5,44,139,183
1,6,44,134,183
1,7,44,166,183
1,8,44,152,183
1,9,44,138,183
1,10,44,144,183
1,11,44,124,183
1,12,44,122,183
1,13,44,149,183
1,14,44,128,183
1,15,44,129,183
1,16,44,119,183
1,17,44,123,183
1,18,44,161,183
1,19,44,154,183
1,20,44,145,183
1,21,44,125,183
1,22,44,150,183
1,23,44,156,183
1,24,44,142,183
1,25,44,165,183
1,26,44,159,183
1,27,44,158,183
1,28,44,153,183
1,29,44,135,183
1,30,44,137,183
1,31,44,164,183
1,32,44,148,183
1,33,44,151,183
1,34,44,157,183
1,35,44,22,183
1,36,44,127,183
1,37,44,1,183
1,38,44,131,183
1,39,44,136,183
1,40,44,140,183
1,41,44,120,183
1,42,44,21,183
1,43,44,121,183
1,44,44,16,183
1,45,44,32,183
1,46,44,10,183
1,47,44,126,183
1,48,44,19,183
1,49,44,31,183
1,50,44,27,183
1,51,44,163,183
1,52,44,133,183
1,53,44,28,183
1,54,44,9,183
1,55,44,13,183
1,56,44,20,183
1,57,44,30,183
1,58,44,143,183
1,59,44,15,183
1,60,44,26,183
1,61,44,24,183
1,62,44,162,183
1,63,44,5,183
1,64,44,3,183
1,65,44,130,183
1,66,44,18,183
1,67,44,12,183
1,68,44,160,183
1,69,44,108,183
1,70,44,6,183
1,71,44,14,183
1,72,44,29,183
1,73,44,132,183
1,74,44,4,183
1,75,44,2,183
1,76,44,7,183
1,77,44,11,183
1,78,44,97,183
1,79,44,102,183
1,80,44,113,183
1,81,44,95,183
1,82,44,94,183
1,83,44,117,183
1,84,44,114,183
1,85,44,106,183
1,86,44,25,183
1,87,44,115,183
1,88,44,93,183
1,89,44,92,183
1,90,44,107,183
1,91,44,101,183
1,92,44,91,183
1,93,44,100,183
1,94,44,116,183
1,95,44,89,183
1,96,44,103,183
1,97,44,112,183
1,98,44,17,183
1,99,44,96,183
1,100,44,118,183
1,101,44,90,183
1,102,44,111,183
1,103,44,110,183
1,104,44,99,183
1,105,44,98,183
1,106,44,104,183
1,107,44,109,183
1,108,44,8,183
1,109,44,105,183
1,110,44,84,183
1,111,44,66,183
1,112,44,23,183
1,113,44,69,183
1,114,44,85,183
1,115,44,77,183
1,116,44,87,183
1,117,44,70,183
1,118,44,72,183
1,119,44,83,183
1,120,44,79,183
1,121,44,82,183
1,122,44,81,183
1,123,44,78,183
1,124,44,76,183
1,125,44,86,183
1,126,44,64,183
1,127,44,71,183
1,128,44,80,183
1,129,44,88,183
1,130,44,48,183
1,131,44,75,183
1,132,44,67,183
1,133,44,73,183
1,134,44,44,183
1,135,44,63,183
1,136,44,74,183
1,137,44,65,183
1,138,44,62,183
1,139,44,68,183
1,140,44,51,183
1,141,44,36,183
1,142,44,54,183
1,143,44,41,183
1,144,44,33,183
1,145,44,61,183
1,146,44,55,183
1,147,44,43,183
1,148,44,46,183
1,149,44,40,183
1,150,44,37,183
1,151,44,60,183
1,152,44,50,183
1,153,44,47,183
1,154,44,53,183
1,155,44,39,183
1,156,44,58,183
1,157,44,35,183
1,158,44,59,183
1,159,44,45,183
1,160,44,42,183
1,161,44,49,183
1,162,44,56,183
1,163,44,38,183
1,164,44,34,183
1,165,44,57,183
1,166,44,52,183
10,1,45,146,33
14,2,45,141,33
14,3,45,155,33
14,4,45,147,33
14,5,45,139,33
14,6,45,134,33
14,7,45,166,33
14,8,45,152,33
14,9,45,138,33
14,10,45,144,33
14,11,45,124,33
14,12,45,122,33
14,13,45,149,33
14,14,45,128,33
14,15,45,129,33
14,16,45,119,33
14,17,45,123,33
14,18,45,161,33
1,19,45,154,33
1,20,45,145,33
1,21,45,125,33
1,22,45,150,33
1,23,45,156,33
1,24,45,142,33
1,25,45,165,33
1,26,45,159,33
1,27,45,158,33
1,28,45,153,33
1,29,45,135,33
1,30,45,137,33
1,31,45,164,33
1,32,45,148,33
1,33,45,151,33
1,34,45,157,33
1,35,45,22,33
16,36,45,127,33
16,37,45,1,33
16,38,45,131,33
16,39,45,136,33
16,40,45,140,33
1,41,45,120,33
1,42,45,21,33
1,43,45,121,33
1,44,45,16,33
1,45,45,32,33
1,46,45,10,33
1,47,45,126,33
1,48,45,19,33
1,49,45,31,33
1,50,45,27,33
1,51,45,163,33
1,52,45,133,33
1,53,45,28,33
1,54,45,9,33
1,55,45,13,33
1,56,45,20,33
1,57,45,30,33
1,58,45,143,33
1,59,45,15,33
1,60,45,26,33
1,61,45,24,33
1,62,45,162,33
1,63,45,5,33
1,64,45,3,33
1,65,45,130,33
1,66,45,18,33
1,67,45,12,33
1,68,45,160,33
1,69,45,108,33
1,70,45,6,33
1,71,45,14,33
1,72,45,29,33
1,73,45,132,33
1,74,45,4,33
1,75,45,2,33
1,76,45,7,33
1,77,45,11,33
1,78,45,97,33
1,79,45,102,33
1,80,45,113,33
1,81,45,95,33
1,82,45,94,33
1,83,45,117,33
1,84,45,114,33
1,85,45,106,33
1,86,45,25,33
1,87,45,115,33
1,88,45,93,33
1,89,45,92,33
1,90,45,107,33
1,91,45,101,33
1,92,45,91,33
1,93,45,100,33
1,94,45,116,33
1,95,45,89,33
1,96,45,103,33
1,97,45,112,33
1,98,45,17,33
1,99,45,96,33
1,100,45,118,33
1,101,45,90,33
1,102,45,111,33
1,103,45,110,33
1,104,45,99,33
1,105,45,98,33
1,106,45,104,33
1,107,45,109,33
1,108,45,8,33
1,109,45,105,33
1,110,45,84,33
1,111,45,66,33
1,112,45,23,33
1,113,45,69,33
1,114,45,85,33
1,115,45,77,33
1,116,45,87,33
1,117,45,70,33
1,118,45,72,33
1,119,45,83,33
1,120,45,79,33
1,121,45,82,33
1,122,45,81,33
1,123,45,78,33
1,124,45,76,33
1,125,45,86,33
1,126,45,64,33
1,127,45,71,33
1,128,45,80,33
1,129,45,88,33
1,130,45,48,33
1,131,45,75,33
1,132,45,67,33
1,133,45,73,33
1,134,45,44,33
1,135,45,63,33
1,136,45,74,33
1,137,45,65,33
1,138,45,62,33
1,139,45,68,33
1,140,45,51,33
1,141,45,36,33
1,142,45,54,33
1,143,45,41,33
1,144,45,33,33
1,145,45,61,33
1,146,45,55,33
1,147,45,43,33
1,148,45,46,33
1,149,45,40,33
1,150,45,37,33
1,151,45,60,33
1,152,45,50,33
1,153,45,47,33
1,154,45,53,33
1,155,45,39,33
1,156,45,58,33
1,157,45,35,33
1,158,45,59,33
1,159,45,45,33
1,160,45,42,33
1,161,45,49,33
1,162,45,56,33
1,163,45,38,33
1,164,45,34,33
1,165,45,57,33
1,166,45,52,33
10,1,46,146,23
14,2,46,141,23
14,3,46,155,23
14,4,46,147,23
14,5,46,139,23
14,6,46,134,23
14,7,46,166,23
14,8,46,152,23
14,9,46,138,23
14,10,46,144,23
14,11,46,124,23
14,12,46,122,23
14,13,46,149,23
14,14,46,128,23
14,15,46,129,23
14,16,46,119,23
14,17,46,123,23
14,18,46,161,23
1,19,46,154,23
1,20,46,145,23
1,21,46,125,23
1,22,46,150,23
1,23,46,156,23
1,24,46,142,23
1,25,46,165,23
1,26,46,159,23
1,27,46,158,23
1,28,46,153,23
1,29,46,135,23
1,30,46,137,23
1,31,46,164,23
1,32,46,148,23
1,33,46,151,23
24,34,46,157,23
24,35,46,22,23
16,36,46,127,23
16,37,46,1,23
16,38,46,131,23
16,39,46,136,23
16,40,46,140,23
1,41,46,120,23
1,42,46,21,23
1,43,46,121,23
1,44,46,16,23
1,45,46,32,23
1,46,46,10,23
1,47,46,126,23
1,48,46,19,23
1,49,46,31,23
1,50,46,27,23
1,51,46,163,23
1,52,46,133,23
1,53,46,28,23
1,54,46,9,23
1,55,46,13,23
1,56,46,20,23
1,57,46,30,23
1,58,46,143,23
1,59,46,15,23
1,60,46,26,23
1,61,46,24,23
1,62,46,162,23
1,63,46,5,23
1,64,46,3,23
1,65,46,130,23
1,66,46,18,23
1,67,46,12,23
1,68,46,160,23
1,69,46,108,23
1,70,46,6,23
1,71,46,14,23
1,72,46,29,23
1,73,46,132,23
1,74,46,4,23
1,75,46,2,23
1,76,46,7,23
1,77,46,11,23
1,78,46,97,23
1,79,46,102,23
1,80,46,113,23
1,81,46,95,23
1,82,46,94,23
1,83,46,117,23
1,84,46,114,23
1,85,46,106,23
1,86,46,25,23
1,87,46,115,23
1,88,46,93,23
1,89,46,92,23
1,90,46,107,23
1,91,46,101,23
1,92,46,91,23
1,93,46,100,23
1,94,46,116,23
1,95,46,89,23
1,96,46,103,23
1,97,46,112,23
1,98,46,17,23
1,99,46,96,23
1,100,46,118,23
1,101,46,90,23
1,102,46,111,23
1,103,46,110,23
1,104,46,99,23
1,105,46,98,23
1,106,46,104,23
1,107,46,109,23
1,108,46,8,23
1,109,46,105,23
1,110,46,84,23
1,111,46,66,23
1,112,46,23,23
1,113,46,69,23
1,114,46,85,23
1,115,46,77,23
1,116,46,87,23
1,117,46,70,23
1,118,46,72,23
1,119,46,83,23
1,120,46,79,23
1,121,46,82,23
1,122,46,81,23
1,123,46,78,23
1,124,46,76,23
1,125,46,86,23
1,126,46,64,23
1,127,46,71,23
1,128,46,80,23
1,129,46,88,23
1,130,46,48,23
1,131,46,75,23
1,132,46,67,23
1,133,46,73,23
1,134,46,44,23
1,135,46,63,23
1,136,46,74,23
1,137,46,65,23
1,138,46,62,23
1,139,46,68,23
1,140,46,51,23
1,141,46,36,23
1,142,46,54,23
1,143,46,41,23
1,144,46,33,23
1,145,46,61,23
1,146,46,55,23
1,147,46,43,23
1,148,46,46,23
1,149,46,40,23
1,150,46,37,23
1,151,46,60,23
1,152,46,50,23
1,153,46,47,23
1,154,46,53,23
1,155,46,39,23
1,156,46,58,23
1,157,46,35,23
1,158,46,59,23
1,159,46,45,23
1,160,46,42,23
1,161,46,49,23
1,162,46,56,23
1,163,46,38,23
1,164,46,34,23
1,165,46,57,23
1,166,46,52,23
10,1,47,146,114
14,2,47,141,114
14,3,47,155,114
14,4,47,147,114
14,5,47,139,114
14,6,47,134,114
14,7,47,166,114
14,8,47,152,114
14,9,47,138,114
14,10,47,144,114
14,11,47,124,114
14,12,47,122,114
14,13,47,149,114
14,14,47,128,114
14,15,47,129,114
14,16,47,119,114
14,17,47,123,114
14,18,47,161,114
1,19,47,154,114
1,20,47,145,114
1,21,47,125,114
1,22,47,150,114
1,23,47,156,114
1,24,47,142,114
1,25,47,165,114
1,26,47,159,114
1,27,47,158,114
1,28,47,153,114
1,29,47,135,114
1,30,47,137,114
1,31,47,164,114
1,32,47,148,114
1,33,47,151,114
24,34,47,157,114
24,35,47,22,114
16,36,47,127,114
16,37,47,1,114
16,38,47,131,114
16,39,47,136,114
16,40,47,140,114
1,41,47,120,114
1,42,47,21,114
1,43,47,121,114
1,44,47,16,114
1,45,47,32,114
1,46,47,10,114
1,47,47,126,114
1,48,47,19,114
1,49,47,31,114
1,50,47,27,114
1,51,47,163,114
1,52,47,133,114
1,53,47,28,114
1,54,47,9,114
1,55,47,13,114
1,56,47,20,114
1,57,47,30,114
1,58,47,143,114
1,59,47,15,114
1,60,47,26,114
1,61,47,24,114
1,62,47,162,114
1,63,47,5,114
1,64,47,3,114
1,65,47,130,114
1,66,47,18,114
1,67,47,12,114
1,68,47,160,114
1,69,47,108,114
1,70,47,6,114
1,71,47,14,114
1,72,47,29,114
1,73,47,132,114
1,74,47,4,114
1,75,47,2,114
1,76,47,7,114
1,77,47,11,114
1,78,47,97,114
1,79,47,102,114
1,80,47,113,114
1,81,47,95,114
1,82,47,94,114
1,83,47,117,114
1,84,47,114,114
1,85,47,106,114
1,86,47,25,114
1,87,47,115,114
1,88,47,93,114
1,89,47,92,114
1,90,47,107,114
1,91,47,101,114
1,92,47,91,114
1,93,47,100,114
1,94,47,116,114
1,95,47,89,114
1,96,47,103,114
1,97,47,112,114
1,98,47,17,114
1,99,47,96,114
1,100,47,118,114
1,101,47,90,114
1,102,47,111,114
1,103,47,110,114
1,104,47,99,114
1,105,47,98,114
1,106,47,104,114
1,107,47,109,114
1,108,47,8,114
1,109,47,105,114
1,110,47,84,114
1,111,47,66,114
1,112,47,23,114
1,113,47,69,114
1,114,47,85,114
1,115,47,77,114
1,116,47,87,114
1,117,47,70,114
1,118,47,72,114
1,119,47,83,114
1,120,47,79,114
1,121,47,82,114
1,122,47,81,114
1,123,47,78,114
1,124,47,76,114
1,125,47,86,114
1,126,47,64,114
1,127,47,71,114
1,128,47,80,114
1,129,47,88,114
1,130,47,48,114
1,131,47,75,114
1,132,47,67,114
1,133,47,73,114
1,134,47,44,114
1,135,47,63,114
1,136,47,74,114
1,137,47,65,114
1,138,47,62,114
1,139,47,68,114
1,140,47,51,114
1,141,47,36,114
1,142,47,54,114
1,143,47,41,114
1,144,47,33,114
1,145,47,61,114
1,146,47,55,114
1,147,47,43,114
1,148,47,46,114
1,149,47,40,114
1,150,47,37,114
1,151,47,60,114
1,152,47,50,114
1,153,47,47,114
1,154,47,53,114
1,155,47,39,114
1,156,47,58,114
1,157,47,35,114
1,158,47,59,114
1,159,47,45,114
1,160,47,42,114
1,161,47,49,114
1,162,47,56,114
1,163,47,38,114
1,164,47,34,114
1,165,47,57,114
1,166,47,52,114
1,1,48,146,20
1,2,48,141,20
1,3,48,155,20
1,4,48,147,20
1,5,48,139,20
1,6,48,134,20
1,7,48,166,20
1,8,48,152,20
1,9,48,138,20
1,10,48,144,20
1,11,48,124,20
1,12,48,122,20
1,13,48,149,20
1,14,48,128,20
1,15,48,129,20
1,16,48,119,20
1,17,48,123,20
1,18,48,161,20
1,19,48,154,20
1,20,48,145,20
1,21,48,125,20
1,22,48,150,20
1,23,48,156,20
1,24,48,142,20
1,25,48,165,20
1,26,48,159,20
1,27,48,158,20
1,28,48,153,20
1,29,48,135,20
1,30,48,137,20
1,31,48,164,20
1,32,48,148,20
1,33,48,151,20
1,34,48,157,20
1,35,48,22,20
1,36,48,127,20
1,37,48,1,20
1,38,48,131,20
1,39,48,136,20
1,40,48,140,20
1,41,48,120,20
1,42,48,21,20
1,43,48,121,20
1,44,48,16,20
1,45,48,32,20
1,46,48,10,20
1,47,48,126,20
1,48,48,19,20
1,49,48,31,20
1,50,48,27,20
1,51,48,163,20
1,52,48,133,20
1,53,48,28,20
1,54,48,9,20
1,55,48,13,20
1,56,48,20,20
1,57,48,30,20
1,58,48,143,20
1,59,48,15,20
1,60,48,26,20
1,61,48,24,20
1,62,48,162,20
1,63,48,5,20
1,64,48,3,20
1,65,48,130,20
1,66,48,18,20
1,67,48,12,20
1,68,48,160,20
1,69,48,108,20
1,70,48,6,20
1,71,48,14,20
1,72,48,29,20
1,73,48,132,20
1,74,48,4,20
1,75,48,2,20
1,76,48,7,20
1,77,48,11,20
1,78,48,97,20
1,79,48,102,20
1,80,48,113,20
1,81,48,95,20
1,82,48,94,20
1,83,48,117,20
1,84,48,114,20
1,85,48,106,20
1,86,48,25,20
1,87,48,115,20
1,88,48,93,20
1,89,48,92,20
1,90,48,107,20
1,91,48,101,20
1,92,48,91,20
1,93,48,100,20
1,94,48,116,20
1,95,48,89,20
1,96,48,103,20
1,97,48,112,20
1,98,48,17,20
1,99,48,96,20
1,100,48,118,20
1,101,48,90,20
1,102,48,111,20
1,103,48,110,20
1,104,48,99,20
1,105,48,98,20
1,106,48,104,20
1,107,48,109,20
1,108,48,8,20
1,109,48,105,20
1,110,48,84,20
1,111,48,66,20
1,112,48,23,20
1,113,48,69,20
1,114,48,85,20
1,115,48,77,20
1,116,48,87,20
1,117,48,70,20
1,118,48,72,20
1,119,48,83,20
1,120,48,79,20
1,121,48,82,20
1,122,48,81,20
1,123,48,78,20
1,124,48,76,20
1,125,48,86,20
1,126,48,64,20
1,127,48,71,20
1,128,48,80,20
1,129,48,88,20
1,130,48,48,20
1,131,48,75,20
1,132,48,67,20
1,133,48,73,20
1,134,48,44,20
1,135,48,63,20
1,136,48,74,20
1,137,48,65,20
1,138,48,62,20
1,139,48,68,20
1,140,48,51,20
1,141,48,36,20
1,142,48,54,20
1,143,48,41,20
1,144,48,33,20
1,145,48,61,20
1,146,48,55,20
1,147,48,43,20
1,148,48,46,20
1,149,48,40,20
1,150,48,37,20
1,151,48,60,20
1,152,48,50,20
1,153,48,47,20
1,154,48,53,20
1,155,48,39,20
1,156,48,58,20
1,157,48,35,20
1,158,48,59,20
1,159,48,45,20
1,160,48,42,20
1,161,48,49,20
1,162,48,56,20
1,163,48,38,20
1,164,48,34,20
1,165,48,57,20
1,166,48,52,20
1,1,49,146,62
1,2,49,141,62
1,3,49,155,62
1,4,49,147,62
1,5,49,139,62
1,6,49,134,62
1,7,49,166,62
1,8,49,152,62
1,9,49,138,62
1,10,49,144,62
1,11,49,124,62
1,12,49,122,62
1,13,49,149,62
1,14,49,128,62
1,15,49,129,62
1,16,49,119,62
1,17,49,123,62
1,18,49,161,62
1,19,49,154,62
1,20,49,145,62
1,21,49,125,62
1,22,49,150,62
1,23,49,156,62
1,24,49,142,62
1,25,49,165,62
1,26,49,159,62
1,27,49,158,62
1,28,49,153,62
1,29,49,135,62
1,30,49,137,62
1,31,49,164,62
1,32,49,148,62
1,33,49,151,62
1,34,49,157,62
1,35,49,22,62
1,36,49,127,62
1,37,49,1,62
1,38,49,131,62
1,39,49,136,62
1,40,49,140,62
1,41,49,120,62
1,42,49,21,62
1,43,49,121,62
1,44,49,16,62
1,45,49,32,62
1,46,49,10,62
1,47,49,126,62
1,48,49,19,62
1,49,49,31,62
1,50,49,27,62
1,51,49,163,62
1,52,49,133,62
1,53,49,28,62
1,54,49,9,62
1,55,49,13,62
1,56,49,20,62
1,57,49,30,62
1,58,49,143,62
1,59,49,15,62
1,60,49,26,62
1,61,49,24,62
1,62,49,162,62
1,63,49,5,62
1,64,49,3,62
1,65,49,130,62
1,66,49,18,62
1,67,49,12,62
1,68,49,160,62
1,69,49,108,62
1,70,49,6,62
1,71,49,14,62
1,72,49,29,62
1,73,49,132,62
1,74,49,4,62
1,75,49,2,62
1,76,49,7,62
1,77,49,11,62
1,78,49,97,62
1,79,49,102,62
1,80,49,113,62
1,81,49,95,62
1,82,49,94,62
1,83,49,117,62
1,84,49,114,62
1,85,49,106,62
1,86,49,25,62
1,87,49,115,62
1,88,49,93,62
1,89,49,92,62
1,90,49,107,62
1,91,49,101,62
1,92,49,91,62
1,93,49,100,62
1,94,49,116,62
1,95,49,89,62
1,96,49,103,62
1,97,49,112,62
1,98,49,17,62
1,99,49,96,62
1,100,49,118,62
1,101,49,90,62
1,102,49,111,62
1,103,49,110,62
1,104,49,99,62
1,105,49,98,62
1,106,49,104,62
1,107,49,109,62
1,108,49,8,62
1,109,49,105,62
1,110,49,84,62
1,111,49,66,62
1,112,49,23,62
1,113,49,69,62
1,114,49,85,62
1,115,49,77,62
1,116,49,87,62
1,117,49,70,62
1,118,49,72,62
1,119,49,83,62
1,120,49,79,62
1,121,49,82,62
1,122,49,81,62
1,123,49,78,62
1,124,49,76,62
1,125,49,86,62
1,126,49,64,62
1,127,49,71,62
1,128,49,80,62
1,129,49,88,62
1,130,49,48,62
1,131,49,75,62
1,132,49,67,62
1,133,49,73,62
1,134,49,44,62
1,135,49,63,62
1,136,49,74,62
1,137,49,65,62
1,138,49,62,62
1,139,49,68,62
1,140,49,51,62
1,141,49,36,62
1,142,49,54,62
1,143,49,41,62
1,144,49,33,62
1,145,49,61,62
1,146,49,55,62
1,147,49,43,62
1,148,49,46,62
1,149,49,40,62
1,150,49,37,62
1,151,49,60,62
1,152,49,50,62
1,153,49,47,62
1,154,49,53,62
1,155,49,39,62
1,156,49,58,62
1,157,49,35,62
1,158,49,59,62
1,159,49,45,62
1,160,49,42,62
1,161,49,49,62
1,162,49,56,62
1,163,49,38,62
1,164,49,34,62
1,165,49,57,62
1,166,49,52,62
1,1,50,146,240
1,2,50,141,240
1,3,50,155,240
1,4,50,147,240
1,5,50,139,240
1,6,50,134,240
1,7,50,166,240
1,8,50,152,240
1,9,50,138,240
1,10,50,144,240
1,11,50,124,240
1,12,50,122,240
1,13,50,149,240
1,14,50,128,240
1,15,50,129,240
1,16,50,119,240
1,17,50,123,240
1,18,50,161,240
1,19,50,154,240
1,20,50,145,240
1,21,50,125,240
1,22,50,150,240
1,23,50,156,240
1,24,50,142,240
1,25,50,165,240
1,26,50,159,240
1,27,50,158,240
1,28,50,153,240
1,29,50,135,240
1,30,50,137,240
1,31,50,164,240
1,32,50,148,240
1,33,50,151,240
1,34,50,157,240
1,35,50,22,240
1,36,50,127,240
1,37,50,1,240
1,38,50,131,240
1,39,50,136,240
1,40,50,140,240
1,41,50,120,240
1,42,50,21,240
1,43,50,121,240
1,44,50,16,240
1,45,50,32,240
1,46,50,10,240
1,47,50,126,240
1,48,50,19,240
1,49,50,31,240
1,50,50,27,240
1,51,50,163,240
1,52,50,133,240
1,53,50,28,240
1,54,50,9,240
1,55,50,13,240
1,56,50,20,240
1,57,50,30,240
1,58,50,143,240
1,59,50,15,240
1,60,50,26,240
1,61,50,24,240
1,62,50,162,240
1,63,50,5,240
1,64,50,3,240
1,65,50,130,240
1,66,50,18,240
1,67,50,12,240
1,68,50,160,240
1,69,50,108,240
1,70,50,6,240
1,71,50,14,240
1,72,50,29,240
1,73,50,132,240
1,74,50,4,240
1,75,50,2,240
1,76,50,7,240
1,77,50,11,240
1,78,50,97,240
1,79,50,102,240
1,80,50,113,240
1,81,50,95,240
1,82,50,94,240
1,83,50,117,240
1,84,50,114,240
1,85,50,106,240
1,86,50,25,240
1,87,50,115,240
1,88,50,93,240
1,89,50,92,240
1,90,50,107,240
1,91,50,101,240
1,92,50,91,240
1,93,50,100,240
1,94,50,116,240
1,95,50,89,240
1,96,50,103,240
1,97,50,112,240
1,98,50,17,240
1,99,50,96,240
1,100,50,118,240
1,101,50,90,240
1,102,50,111,240
1,103,50,110,240
1,104,50,99,240
1,105,50,98,240
1,106,50,104,240
1,107,50,109,240
1,108,50,8,240
1,109,50,105,240
1,110,50,84,240
1,111,50,66,240
1,112,50,23,240
1,113,50,69,240
1,114,50,85,240
1,115,50,77,240
1,116,50,87,240
1,117,50,70,240
1,118,50,72,240
1,119,50,83,240
1,120,50,79,240
1,121,50,82,240
1,122,50,81,240
1,123,50,78,240
1,124,50,76,240
1,125,50,86,240
1,126,50,64,240
1,127,50,71,240
1,128,50,80,240
1,129,50,88,240
1,130,50,48,240
1,131,50,75,240
1,132,50,67,240
1,133,50,73,240
1,134,50,44,240
1,135,50,63,240
1,136,50,74,240
1,137,50,65,240
1,138,50,62,240
1,139,50,68,240
1,140,50,51,240
1,141,50,36,240
1,142,50,54,240
1,143,50,41,240
1,144,50,33,240
1,145,50,61,240
1,146,50,55,240
1,147,50,43,240
1,148,50,46,240
1,149,50,40,240
1,150,50,37,240
1,151,50,60,240
1,152,50,50,240
1,153,50,47,240
1,154,50,53,240
1,155,50,39,240
1,156,50,58,240
1,157,50,35,240
1,158,50,59,240
1,159,50,45,240
1,160,50,42,240
1,161,50,49,240
1,162,50,56,240
1,163,50,38,240
1,164,50,34,240
1,165,50,57,240
1,166,50,52,240
1,1,51,146,118
1,2,51,141,118
1,3,51,155,118
1,4,51,147,118
1,5,51,139,118
1,6,51,134,118
1,7,51,166,118
1,8,51,152,118
1,9,51,138,118
1,10,51,144,118
1,11,51,124,118
1,12,51,122,118
1,13,51,149,118
1,14,51,128,118
1,15,51,129,118
1,16,51,119,118
1,17,51,123,118
1,18,51,161,118
1,19,51,154,118
1,20,51,145,118
1,21,51,125,118
1,22,51,150,118
1,23,51,156,118
1,24,51,142,118
1,25,51,165,118
1,26,51,159,118
1,27,51,158,118
1,28,51,153,118
1,29,51,135,118
1,30,51,137,118
1,31,51,164,118
1,32,51,148,118
1,33,51,151,118
1,34,51,157,118
1,35,51,22,118
1,36,51,127,118
1,37,51,1,118
1,38,51,131,118
1,39,51,136,118
1,40,51,140,118
1,41,51,120,118
1,42,51,21,118
1,43,51,121,118
1,44,51,16,118
1,45,51,32,118
1,46,51,10,118
1,47,51,126,118
1,48,51,19,118
1,49,51,31,118
1,50,51,27,118
1,51,51,163,118
1,52,51,133,118
1,53,51,28,118
1,54,51,9,118
1,55,51,13,118
1,56,51,20,118
1,57,51,30,118
1,58,51,143,118
1,59,51,15,118
1,60,51,26,118
1,61,51,24,118
1,62,51,162,118
1,63,51,5,118
1,64,51,3,118
1,65,51,130,118
1,66,51,18,118
1,67,51,12,118
1,68,51,160,118
1,69,51,108,118
1,70,51,6,118
1,71,51,14,118
1,72,51,29,118
1,73,51,132,118
1,74,51,4,118
1,75,51,2,118
1,76,51,7,118
1,77,51,11,118
1,78,51,97,118
1,79,51,102,118
1,80,51,113,118
1,81,51,95,118
1,82,51,94,118
1,83,51,117,118
1,84,51,114,118
1,85,51,106,118
1,86,51,25,118
1,87,51,115,118
1,88,51,93,118
1,89,51,92,118
1,90,51,107,118
1,91,51,101,118
1,92,51,91,118
1,93,51,100,118
1,94,51,116,118
1,95,51,89,118
1,96,51,103,118
1,97,51,112,118
1,98,51,17,118
1,99,51,96,118
1,100,51,118,118
1,101,51,90,118
1,102,51,111,118
1,103,51,110,118
1,104,51,99,118
1,105,51,98,118
1,106,51,104,118
1,107,51,109,118
1,108,51,8,118
1,109,51,105,118
1,110,51,84,118
1,111,51,66,118
1,112,51,23,118
1,113,51,69,118
1,114,51,85,118
1,115,51,77,118
1,116,51,87,118
1,117,51,70,118
1,118,51,72,118
1,119,51,83,118
1,120,51,79,118
1,121,51,82,118
1,122,51,81,118
1,123,51,78,118
1,124,51,76,118
1,125,51,86,118
1,126,51,64,118
1,127,51,71,118
1,128,51,80,118
1,129,51,88,118
1,130,51,48,118
1,131,51,75,118
1,132,51,67,118
1,133,51,73,118
1,134,51,44,118
1,135,51,63,118
1,136,51,74,118
1,137,51,65,118
1,138,51,62,118
1,139,51,68,118
1,140,51,51,118
1,141,51,36,118
1,142,51,54,118
1,143,51,41,118
1,144,51,33,118
1,145,51,61,118
1,146,51,55,118
1,147,51,43,118
1,148,51,46,118
1,149,51,40,118
1,150,51,37,118
1,151,51,60,118
1,152,51,50,118
1,153,51,47,118
1,154,51,53,118
1,155,51,39,118
1,156,51,58,118
1,157,51,35,118
1,158,51,59,118
1,159,51,45,118
1,160,51,42,118
1,161,51,49,118
1,162,51,56,118
1,163,51,38,118
1,164,51,34,118
1,165,51,57,118
1,166,51,52,118
1,1,52,146,22
1,2,52,141,22
1,3,52,155,22
1,4,52,147,22
1,5,52,139,22
1,6,52,134,22
1,7,52,166,22
1,8,52,152,22
1,9,52,138,22
1,10,52,144,22
1,11,52,124,22
1,12,52,122,22
1,13,52,149,22
1,14,52,128,22
1,15,52,129,22
1,16,52,119,22
1,17,52,123,22
1,18,52,161,22
1,19,52,154,22
1,20,52,145,22
1,21,52,125,22
1,22,52,150,22
1,23,52,156,22
1,24,52,142,22
1,25,52,165,22
1,26,52,159,22
1,27,52,158,22
1,28,52,153,22
1,29,52,135,22
1,30,52,137,22
1,31,52,164,22
1,32,52,148,22
1,33,52,151,22
1,34,52,157,22
1,35,52,22,22
1,36,52,127,22
1,37,52,1,22
1,38,52,131,22
1,39,52,136,22
1,40,52,140,22
1,41,52,120,22
1,42,52,21,22
1,43,52,121,22
1,44,52,16,22
1,45,52,32,22
1,46,52,10,22
1,47,52,126,22
1,48,52,19,22
1,49,52,31,22
1,50,52,27,22
1,51,52,163,22
1,52,52,133,22
1,53,52,28,22
1,54,52,9,22
1,55,52,13,22
1,56,52,20,22
1,57,52,30,22
1,58,52,143,22
1,59,52,15,22
1,60,52,26,22
1,61,52,24,22
1,62,52,162,22
1,63,52,5,22
1,64,52,3,22
1,65,52,130,22
1,66,52,18,22
1,67,52,12,22
1,68,52,160,22
1,69,52,108,22
1,70,52,6,22
1,71,52,14,22
1,72,52,29,22
1,73,52,132,22
1,74,52,4,22
1,75,52,2,22
1,76,52,7,22
1,77,52,11,22
1,78,52,97,22
1,79,52,102,22
1,80,52,113,22
1,81,52,95,22
1,82,52,94,22
1,83,52,117,22
1,84,52,114,22
1,85,52,106,22
1,86,52,25,22
1,87,52,115,22
1,88,52,93,22
1,89,52,92,22
1,90,52,107,22
1,91,52,101,22
1,92,52,91,22
1,93,52,100,22
1,94,52,116,22
1,95,52,89,22
1,96,52,103,22
1,97,52,112,22
1,98,52,17,22
1,99,52,96,22
1,100,52,118,22
1,101,52,90,22
1,102,52,111,22
1,103,52,110,22
1,104,52,99,22
1,105,52,98,22
1,106,52,104,22
1,107,52,109,22
1,108,52,8,22
1,109,52,105,22
1,110,52,84,22
1,111,52,66,22
1,112,52,23,22
1,113,52,69,22
1,114,52,85,22
1,115,52,77,22
1,116,52,87,22
1,117,52,70,22
1,118,52,72,22
1,119,52,83,22
1,120,52,79,22
1,121,52,82,22
1,122,52,81,22
1,123,52,78,22
1,124,52,76,22
1,125,52,86,22
1,126,52,64,22
1,127,52,71,22
1,128,52,80,22
1,129,52,88,22
1,130,52,48,22
1,131,52,75,22
1,132,52,67,22
1,133,52,73,22
1,134,52,44,22
1,135,52,63,22
1,136,52,74,22
1,137,52,65,22
1,138,52,62,22
1,139,52,68,22
1,140,52,51,22
1,141,52,36,22
1,142,52,54,22
1,143,52,41,22
1,144,52,33,22
1,145,52,61,22
1,146,52,55,22
1,147,52,43,22
1,148,52,46,22
1,149,52,40,22
1,150,52,37,22
1,151,52,60,22
1,152,52,50,22
1,153,52,47,22
1,154,52,53,22
1,155,52,39,22
1,156,52,58,22
1,157,52,35,22
1,158,52,59,22
1,159,52,45,22
1,160,52,42,22
1,161,52,49,22
1,162,52,56,22
1,163,52,38,22
1,164,52,34,22
1,165,52,57,22
1,166,52,52,22
1,1,53,146,162
1,2,53,141,162
1,3,53,155,162
1,4,53,147,162
1,5,53,139,162
1,6,53,134,162
1,7,53,166,162
1,8,53,152,162
1,9,53,138,162
1,10,53,144,162
1,11,53,124,162
1,12,53,122,162
1,13,53,149,162
1,14,53,128,162
1,15,53,129,162
1,16,53,119,162
1,17,53,123,162
1,18,53,161,162
1,19,53,154,162
1,20,53,145,162
1,21,53,125,162
1,22,53,150,162
1,23,53,156,162
1,24,53,142,162
1,25,53,165,162
1,26,53,159,162
1,27,53,158,162
1,28,53,153,162
1,29,53,135,162
1,30,53,137,162
1,31,53,164,162
1,32,53,148,162
1,33,53,151,162
1,34,53,157,162
1,35,53,22,162
1,36,53,127,162
1,37,53,1,162
1,38,53,131,162
1,39,53,136,162
1,40,53,140,162
1,41,53,120,162
1,42,53,21,162
1,43,53,121,162
1,44,53,16,162
1,45,53,32,162
1,46,53,10,162
1,47,53,126,162
1,48,53,19,162
1,49,53,31,162
1,50,53,27,162
1,51,53,163,162
1,52,53,133,162
1,53,53,28,162
1,54,53,9,162
1,55,53,13,162
1,56,53,20,162
1,57,53,30,162
1,58,53,143,162
1,59,53,15,162
1,60,53,26,162
1,61,53,24,162
1,62,53,162,162
1,63,53,5,162
1,64,53,3,162
1,65,53,130,162
1,66,53,18,162
1,67,53,12,162
1,68,53,160,162
1,69,53,108,162
1,70,53,6,162
1,71,53,14,162
1,72,53,29,162
1,73,53,132,162
1,74,53,4,162
1,75,53,2,162
1,76,53,7,162
1,77,53,11,162
1,78,53,97,162
1,79,53,102,162
1,80,53,113,162
1,81,53,95,162
1,82,53,94,162
1,83,53,117,162
1,84,53,114,162
1,85,53,106,162
1,86,53,25,162
1,87,53,115,162
1,88,53,93,162
1,89,53,92,162
1,90,53,107,162
1,91,53,101,162
1,92,53,91,162
1,93,53,100,162
1,94,53,116,162
1,95,53,89,162
1,96,53,103,162
1,97,53,112,162
1,98,53,17,162
1,99,53,96,162
1,100,53,118,162
1,101,53,90,162
1,102,53,111,162
1,103,53,110,162
1,104,53,99,162
1,105,53,98,162
1,106,53,104,162
1,107,53,109,162
1,108,53,8,162
1,109,53,105,162
1,110,53,84,162
1,111,53,66,162
1,112,53,23,162
1,113,53,69,162
1,114,53,85,162
1,115,53,77,162
1,116,53,87,162
1,117,53,70,162
1,118,53,72,162
1,119,53,83,162
1,120,53,79,162
1,121,53,82,162
1,122,53,81,162
1,123,53,78,162
1,124,53,76,162
1,125,53,86,162
1,126,53,64,162
1,127,53,71,162
1,128,53,80,162
1,129,53,88,162
1,130,53,48,162
1,131,53,75,162
1,132,53,67,162
1,133,53,73,162
1,134,53,44,162
1,135,53,63,162
1,136,53,74,162
1,137,53,65,162
1,138,53,62,162
1,139,53,68,162
1,140,53,51,162
1,141,53,36,162
1,142,53,54,162
1,143,53,41,162
1,144,53,33,162
1,145,53,61,162
1,146,53,55,162
1,147,53,43,162
1,148,53,46,162
1,149,53,40,162
1,150,53,37,162
1,151,53,60,162
1,152,53,50,162
1,153,53,47,162
1,154,53,53,162
1,155,53,39,162
1,156,53,58,162
1,157,53,35,162
1,158,53,59,162
1,159,53,45,162
1,160,53,42,162
1,161,53,49,162
1,162,53,56,162
1,163,53,38,162
1,164,53,34,162
1,165,53,57,162
1,166,53,52,162
21,1,54,146,84
21,2,54,141,84
21,3,54,155,84
21,4,54,147,84
21,5,54,139,84
21,6,54,134,84
21,7,54,166,84
21,8,54,152,84
21,9,54,138,84
21,10,54,144,84
21,11,54,124,84
21,12,54,122,84
21,13,54,149,84
1,14,54,128,84
1,15,54,129,84
1,16,54,119,84
1,17,54,123,84
1,18,54,161,84
1,19,54,154,84
1,20,54,145,84
1,21,54,125,84
1,22,54,150,84
1,23,54,156,84
1,24,54,142,84
1,25,54,165,84
1,26,54,159,84
1,27,54,158,84
1,28,54,153,84
1,29,54,135,84
1,30,54,137,84
1,31,54,164,84
1,32,54,148,84
1,33,54,151,84
1,34,54,157,84
1,35,54,22,84
1,36,54,127,84
1,37,54,1,84
1,38,54,131,84
1,39,54,136,84
1,40,54,140,84
1,41,54,120,84
1,42,54,21,84
1,43,54,121,84
1,44,54,16,84
1,45,54,32,84
1,46,54,10,84
1,47,54,126,84
22,48,54,19,84
22,49,54,31,84
1,50,54,27,84
1,51,54,163,84
1,52,54,133,84
1,53,54,28,84
1,54,54,9,84
1,55,54,13,84
1,56,54,20,84
1,57,54,30,84
1,58,54,143,84
1,59,54,15,84
1,60,54,26,84
1,61,54,24,84
1,62,54,162,84
1,63,54,5,84
1,64,54,3,84
1,65,54,130,84
1,66,54,18,84
1,67,54,12,84
1,68,54,160,84
1,69,54,108,84
1,70,54,6,84
1,71,54,14,84
1,72,54,29,84
1,73,54,132,84
1,74,54,4,84
1,75,54,2,84
1,76,54,7,84
1,77,54,11,84
12,78,54,97,84
12,79,54,102,84
12,80,54,113,84
12,81,54,95,84
12,82,54,94,84
12,83,54,117,84
1,84,54,114,84
1,85,54,106,84
1,86,54,25,84
1,87,54,115,84
1,88,54,93,84
1,89,54,92,84
1,90,54,107,84
1,91,54,101,84
1,92,54,91,84
1,93,54,100,84
1,94,54,116,84
1,95,54,89,84
1,96,54,103,84
1,97,54,112,84
1,98,54,17,84
1,99,54,96,84
1,100,54,118,84
1,101,54,90,84
1,102,54,111,84
1,103,54,110,84
1,104,54,99,84
1,105,54,98,84
1,106,54,104,84
1,107,54,109,84
1,108,54,8,84
1,109,54,105,84
1,110,54,84,84
1,111,54,66,84
1,112,54,23,84
1,113,54,69,84
1,114,54,85,84
1,115,54,77,84
1,116,54,87,84
1,117,54,70,84
1,118,54,72,84
1,119,54,83,84
1,120,54,79,84
1,121,54,82,84
1,122,54,81,84
1,123,54,78,84
1,124,54,76,84
1,125,54,86,84
1,126,54,64,84
1,127,54,71,84
1,128,54,80,84
1,129,54,88,84
1,130,54,48,84
1,131,54,75,84
1,132,54,67,84
1,133,54,73,84
1,134,54,44,84
1,135,54,63,84
1,136,54,74,84
1,137,54,65,84
1,138,54,62,84
1,139,54,68,84
1,140,54,51,84
1,141,54,36,84
1,142,54,54,84
1,143,54,41,84
1,144,54,33,84
1,145,54,61,84
1,146,54,55,84
1,147,54,43,84
1,148,54,46,84
1,149,54,40,84
1,150,54,37,84
1,151,54,60,84
1,152,54,50,84
1,153,54,47,84
1,154,54,53,84
1,155,54,39,84
1,156,54,58,84
1,157,54,35,84
1,158,54,59,84
1,159,54,45,84
1,160,54,42,84
1,161,54,49,84
1,162,54,56,84
1,163,54,38,84
1,164,54,34,84
1,165,54,57,84
1,166,54,52,84
21,1,55,146,36
21,2,55,141,36
21,3,55,155,36
21,4,55,147,36
21,5,55,139,36
21,6,55,134,36
21,7,55,166,36
21,8,55,152,36
21,9,55,138,36
21,10,55,144,36
21,11,55,124,36
21,12,55,122,36
21,13,55,149,36
1,14,55,128,36
1,15,55,129,36
1,16,55,119,36
1,17,55,123,36
1,18,55,161,36
1,19,55,154,36
1,20,55,145,36
1,21,55,125,36
1,22,55,150,36
1,23,55,156,36
1,24,55,142,36
1,25,55,165,36
1,26,55,159,36
1,27,55,158,36
1,28,55,153,36
1,29,55,135,36
1,30,55,137,36
1,31,55,164,36
1,32,55,148,36
1,33,55,151,36
1,34,55,157,36
1,35,55,22,36
1,36,55,127,36
1,37,55,1,36
1,38,55,131,36
1,39,55,136,36
1,40,55,140,36
1,41,55,120,36
1,42,55,21,36
1,43,55,121,36
1,44,55,16,36
1,45,55,32,36
1,46,55,10,36
1,47,55,126,36
22,48,55,19,36
22,49,55,31,36
1,50,55,27,36
1,51,55,163,36
1,52,55,133,36
1,53,55,28,36
1,54,55,9,36
1,55,55,13,36
1,56,55,20,36
1,57,55,30,36
1,58,55,143,36
1,59,55,15,36
1,60,55,26,36
1,61,55,24,36
1,62,55,162,36
1,63,55,5,36
1,64,55,3,36
1,65,55,130,36
1,66,55,18,36
1,67,55,12,36
1,68,55,160,36
1,69,55,108,36
1,70,55,6,36
1,71,55,14,36
1,72,55,29,36
1,73,55,132,36
1,74,55,4,36
1,75,55,2,36
1,76,55,7,36
1,77,55,11,36
12,78,55,97,36
12,79,55,102,36
12,80,55,113,36
12,81,55,95,36
12,82,55,94,36
12,83,55,117,36
1,84,55,114,36
1,85,55,106,36
1,86,55,25,36
1,87,55,115,36
1,88,55,93,36
1,89,55,92,36
1,90,55,107,36
1,91,55,101,36
1,92,55,91,36
1,93,55,100,36
1,94,55,116,36
1,95,55,89,36
1,96,55,103,36
1,97,55,112,36
1,98,55,17,36
1,99,55,96,36
1,100,55,118,36
1,101,55,90,36
1,102,55,111,36
1,103,55,110,36
1,104,55,99,36
1,105,55,98,36
1,106,55,104,36
1,107,55,109,36
1,108,55,8,36
1,109,55,105,36
1,110,55,84,36
1,111,55,66,36
1,112,55,23,36
1,113,55,69,36
1,114,55,85,36
1,115,55,77,36
1,116,55,87,36
1,117,55,70,36
1,118,55,72,36
1,119,55,83,36
1,120,55,79,36
1,121,55,82,36
1,122,55,81,36
1,123,55,78,36
1,124,55,76,36
1,125,55,86,36
1,126,55,64,36
1,127,55,71,36
1,128,55,80,36
1,129,55,88,36
1,130,55,48,36
1,131,55,75,36
1,132,55,67,36
1,133,55,73,36
1,134,55,44,36
1,135,55,63,36
1,136,55,74,36
1,137,55,65,36
1,138,55,62,36
1,139,55,68,36
1,140,55,51,36
1,141,55,36,36
1,142,55,54,36
1,143,55,41,36
1,144,55,33,36
1,145,55,61,36
1,146,55,55,36
1,147,55,43,36
1,148,55,46,36
1,149,55,40,36
1,150,55,37,36
1,151,55,60,36
1,152,55,50,36
1,153,55,47,36
1,154,55,53,36
1,155,55,39,36
1,156,55,58,36
1,157,55,35,36
1,158,55,59,36
1,159,55,45,36
1,160,55,42,36
1,161,55,49,36
1,162,55,56,36
1,163,55,38,36
1,164,55,34,36
1,165,55,57,36
1,166,55,52,36
21,1,56,146,113
21,2,56,141,113
21,3,56,155,113
21,4,56,147,113
21,5,56,139,113
21,6,56,134,113
21,7,56,166,113
21,8,56,152,113
21,9,56,138,113
21,10,56,144,113
21,11,56,124,113
21,12,56,122,113
21,13,56,149,113
1,14,56,128,113
1,15,56,129,113
1,16,56,119,113
1,17,56,123,113
1,18,56,161,113
1,19,56,154,113
1,20,56,145,113
1,21,56,125,113
1,22,56,150,113
1,23,56,156,113
1,24,56,142,113
1,25,56,165,113
1,26,56,159,113
1,27,56,158,113
1,28,56,153,113
1,29,56,135,113
1,30,56,137,113
1,31,56,164,113
1,32,56,148,113
1,33,56,151,113
1,34,56,157,113
1,35,56,22,113
1,36,56,127,113
1,37,56,1,113
1,38,56,131,113
1,39,56,136,113
1,40,56,140,113
1,41,56,120,113
1,42,56,21,113
1,43,56,121,113
1,44,56,16,113
1,45,56,32,113
1,46,56,10,113
1,47,56,126,113
22,48,56,19,113
22,49,56,31,113
1,50,56,27,113
1,51,56,163,113
1,52,56,133,113
1,53,56,28,113
1,54,56,9,113
1,55,56,13,113
1,56,56,20,113
1,57,56,30,113
1,58,56,143,113
1,59,56,15,113
1,60,56,26,113
1,61,56,24,113
1,62,56,162,113
1,63,56,5,113
1,64,56,3,113
1,65,56,130,113
1,66,56,18,113
1,67,56,12,113
1,68,56,160,113
1,69,56,108,113
1,70,56,6,113
1,71,56,14,113
1,72,56,29,113
1,73,56,132,113
1,74,56,4,113
1,75,56,2,113
1,76,56,7,113
1,77,56,11,113
12,78,56,97,113
12,79,56,102,113
12,80,56,113,113
12,81,56,95,113
12,82,56,94,113
12,83,56,117,113
1,84,56,114,113
1,85,56,106,113
1,86,56,25,113
1,87,56,115,113
1,88,56,93,113
1,89,56,92,113
1,90,56,107,113
1,91,56,101,113
1,92,56,91,113
1,93,56,100,113
1,94,56,116,113
1,95,56,89,113
1,96,56,103,113
1,97,56,112,113
1,98,56,17,113
1,99,56,96,113
1,100,56,118,113
1,101,56,90,113
1,102,56,111,113
1,103,56,110,113
1,104,56,99,113
1,105,56,98,113
1,106,56,104,113
1,107,56,109,113
1,108,56,8,113
1,109,56,105,113
1,110,56,84,113
1,111,56,66,113
1,112,56,23,113
1,113,56,69,113
1,114,56,85,113
1,115,56,77,113
1,116,56,87,113
1,117,56,70,113
1,118,56,72,113
1,119,56,83,113
1,120,56,79,113
1,121,56,82,113
1,122,56,81,113
1,123,56,78,113
1,124,56,76,113
1,125,56,86,113
1,126,56,64,113
1,127,56,71,113
1,128,56,80,113
1,129,56,88,113
1,130,56,48,113
1,131,56,75,113
1,132,56,67,113
1,133,56,73,113
1,134,56,44,113
1,135,56,63,113
1,136,56,74,113
1,137,56,65,113
1,138,56,62,113
1,139,56,68,113
1,140,56,51,113
1,141,56,36,113
1,142,56,54,113
1,143,56,41,113
1,144,56,33,113
1,145,56,61,113
1,146,56,55,113
1,147,56,43,113
1,148,56,46,113
1,149,56,40,113
1,150,56,37,113
1,151,56,60,113
1,152,56,50,113
1,153,56,47,113
1,154,56,53,113
1,155,56,39,113
1,156,56,58,113
1,157,56,35,113
1,158,56,59,113
1,159,56,45,113
1,160,56,42,113
1,161,56,49,113
1,162,56,56,113
1,163,56,38,113
1,164,56,34,113
1,165,56,57,113
1,166,56,52,113
21,1,57,146,262
21,2,57,141,262
21,3,57,155,262
21,4,57,147,262
21,5,57,139,262
21,6,57,134,262
21,7,57,166,262
21,8,57,152,262
21,9,57,138,262
21,10,57,144,262
21,11,57,124,262
21,12,57,122,262
21,13,57,149,262
1,14,57,128,262
1,15,57,129,262
1,16,57,119,262
1,17,57,123,262
1,18,57,161,262
1,19,57,154,262
1,20,57,145,262
1,21,57,125,262
1,22,57,150,262
1,23,57,156,262
1,24,57,142,262
1,25,57,165,262
1,26,57,159,262
1,27,57,158,262
1,28,57,153,262
1,29,57,135,262
1,30,57,137,262
1,31,57,164,262
1,32,57,148,262
1,33,57,151,262
1,34,57,157,262
1,35,57,22,262
1,36,57,127,262
1,37,57,1,262
1,38,57,131,262
1,39,57,136,262
1,40,57,140,262
1,41,57,120,262
1,42,57,21,262
1,43,57,121,262
1,44,57,16,262
1,45,57,32,262
1,46,57,10,262
1,47,57,126,262
22,48,57,19,262
22,49,57,31,262
1,50,57,27,262
1,51,57,163,262
1,52,57,133,262
1,53,57,28,262
1,54,57,9,262
1,55,57,13,262
1,56,57,20,262
1,57,57,30,262
1,58,57,143,262
1,59,57,15,262
1,60,57,26,262
1,61,57,24,262
1,62,57,162,262
1,63,57,5,262
1,64,57,3,262
1,65,57,130,262
1,66,57,18,262
1,67,57,12,262
1,68,57,160,262
1,69,57,108,262
1,70,57,6,262
1,71,57,14,262
1,72,57,29,262
1,73,57,132,262
1,74,57,4,262
1,75,57,2,262
1,76,57,7,262
1,77,57,11,262
12,78,57,97,262
12,79,57,102,262
12,80,57,113,262
12,81,57,95,262
12,82,57,94,262
12,83,57,117,262
1,84,57,114,262
1,85,57,106,262
1,86,57,25,262
1,87,57,115,262
1,88,57,93,262
1,89,57,92,262
1,90,57,107,262
1,91,57,101,262
1,92,57,91,262
1,93,57,100,262
1,94,57,116,262
1,95,57,89,262
1,96,57,103,262
1,97,57,112,262
1,98,57,17,262
1,99,57,96,262
1,100,57,118,262
1,101,57,90,262
1,102,57,111,262
1,103,57,110,262
1,104,57,99,262
1,105,57,98,262
1,106,57,104,262
1,107,57,109,262
1,108,57,8,262
1,109,57,105,262
1,110,57,84,262
1,111,57,66,262
1,112,57,23,262
1,113,57,69,262
1,114,57,85,262
1,115,57,77,262
1,116,57,87,262
1,117,57,70,262
1,118,57,72,262
1,119,57,83,262
1,120,57,79,262
1,121,57,82,262
1,122,57,81,262
1,123,57,78,262
1,124,57,76,262
1,125,57,86,262
1,126,57,64,262
1,127,57,71,262
1,128,57,80,262
1,129,57,88,262
1,130,57,48,262
1,131,57,75,262
1,132,57,67,262
1,133,57,73,262
1,134,57,44,262
1,135,57,63,262
1,136,57,74,262
1,137,57,65,262
1,138,57,62,262
1,139,57,68,262
1,140,57,51,262
1,141,57,36,262
1,142,57,54,262
1,143,57,41,262
1,144,57,33,262
1,145,57,61,262
1,146,57,55,262
1,147,57,43,262
1,148,57,46,262
1,149,57,40,262
1,150,57,37,262
1,151,57,60,262
1,152,57,50,262
1,153,57,47,262
1,154,57,53,262
1,155,57,39,262
1,156,57,58,262
1,157,57,35,262
1,158,57,59,262
1,159,57,45,262
1,160,57,42,262
1,161,57,49,262
1,162,57,56,262
1,163,57,38,262
1,164,57,34,262
1,165,57,57,262
1,166,57,52,262
21,1,58,146,71
21,2,58,141,71
21,3,58,155,71
21,4,58,147,71
21,5,58,139,71
21,6,58,134,71
21,7,58,166,71
21,8,58,152,71
21,9,58,138,71
21,10,58,144,71
21,11,58,124,71
21,12,58,122,71
21,13,58,149,71
1,14,58,128,71
1,15,58,129,71
1,16,58,119,71
1,17,58,123,71
1,18,58,161,71
1,19,58,154,71
1,20,58,145,71
1,21,58,125,71
1,22,58,150,71
1,23,58,156,71
1,24,58,142,71
1,25,58,165,71
1,26,58,159,71
1,27,58,158,71
1,28,58,153,71
1,29,58,135,71
1,30,58,137,71
1,31,58,164,71
1,32,58,148,71
1,33,58,151,71
1,34,58,157,71
1,35,58,22,71
1,36,58,127,71
1,37,58,1,71
1,38,58,131,71
1,39,58,136,71
1,40,58,140,71
1,41,58,120,71
1,42,58,21,71
1,43,58,121,71
1,44,58,16,71
1,45,58,32,71
1,46,58,10,71
1,47,58,126,71
22,48,58,19,71
22,49,58,31,71
1,50,58,27,71
1,51,58,163,71
1,52,58,133,71
1,53,58,28,71
1,54,58,9,71
1,55,58,13,71
1,56,58,20,71
1,57,58,30,71
1,58,58,143,71
1,59,58,15,71
1,60,58,26,71
1,61,58,24,71
1,62,58,162,71
1,63,58,5,71
1,64,58,3,71
1,65,58,130,71
1,66,58,18,71
1,67,58,12,71
1,68,58,160,71
1,69,58,108,71
1,70,58,6,71
1,71,58,14,71
1,72,58,29,71
1,73,58,132,71
1,74,58,4,71
1,75,58,2,71
1,76,58,7,71
1,77,58,11,71
12,78,58,97,71
12,79,58,102,71
12,80,58,113,71
12,81,58,95,71
12,82,58,94,71
12,83,58,117,71
1,84,58,114,71
1,85,58,106,71
1,86,58,25,71
1,87,58,115,71
1,88,58,93,71
1,89,58,92,71
1,90,58,107,71
1,91,58,101,71
1,92,58,91,71
1,93,58,100,71
1,94,58,116,71
1,95,58,89,71
1,96,58,103,71
1,97,58,112,71
1,98,58,17,71
1,99,58,96,71
1,100,58,118,71
1,101,58,90,71
1,102,58,111,71
1,103,58,110,71
1,104,58,99,71
1,105,58,98,71
1,106,58,104,71
1,107,58,109,71
1,108,58,8,71
1,109,58,105,71
1,110,58,84,71
1,111,58,66,71
1,112,58,23,71
1,113,58,69,71
1,114,58,85,71
1,115,58,77,71
1,116,58,87,71
1,117,58,70,71
1,118,58,72,71
1,119,58,83,71
1,120,58,79,71
1,121,58,82,71
1,122,58,81,71
1,123,58,78,71
1,124,58,76,71
1,125,58,86,71
1,126,58,64,71
1,127,58,71,71
1,128,58,80,71
1,129,58,88,71
1,130,58,48,71
1,131,58,75,71
1,132,58,67,71
1,133,58,73,71
1,134,58,44,71
1,135,58,63,71
1,136,58,74,71
1,137,58,65,71
1,138,58,62,71
1,139,58,68,71
1,140,58,51,71
1,141,58,36,71
1,142,58,54,71
1,143,58,41,71
1,144,58,33,71
1,145,58,61,71
1,146,58,55,71
1,147,58,43,71
1,148,58,46,71
1,149,58,40,71
1,150,58,37,71
1,151,58,60,71
1,152,58,50,71
1,153,58,47,71
1,154,58,53,71
1,155,58,39,71
1,156,58,58,71
1,157,58,35,71
1,158,58,59,71
1,159,58,45,71
1,160,58,42,71
1,161,58,49,71
1,162,58,56,71
1,163,58,38,71
1,164,58,34,71
1,165,58,57,71
1,166,58,52,71
21,1,59,146,90
21,2,59,141,90
21,3,59,155,90
21,4,59,147,90
21,5,59,139,90
21,6,59,134,90
21,7,59,166,90
21,8,59,152,90
21,9,59,138,90
21,10,59,144,90
21,11,59,124,90
21,12,59,122,90
21,13,59,149,90
1,14,59,128,90
1,15,59,129,90
1,16,59,119,90
1,17,59,123,90
1,18,59,161,90
1,19,59,154,90
1,20,59,145,90
1,21,59,125,90
1,22,59,150,90
1,23,59,156,90
1,24,59,142,90
1,25,59,165,90
1,26,59,159,90
1,27,59,158,90
1,28,59,153,90
1,29,59,135,90
1,30,59,137,90
1,31,59,164,90
1,32,59,148,90
1,33,59,151,90
1,34,59,157,90
1,35,59,22,90
1,36,59,127,90
1,37,59,1,90
1,38,59,131,90
1,39,59,136,90
1,40,59,140,90
1,41,59,120,90
1,42,59,21,90
1,43,59,121,90
1,44,59,16,90
1,45,59,32,90
1,46,59,10,90
1,47,59,126,90
22,48,59,19,90
22,49,59,31,90
1,50,59,27,90
1,51,59,163,90
1,52,59,133,90
1,53,59,28,90
1,54,59,9,90
1,55,59,13,90
1,56,59,20,90
1,57,59,30,90
1,58,59,143,90
1,59,59,15,90
1,60,59,26,90
1,61,59,24,90
1,62,59,162,90
1,63,59,5,90
1,64,59,3,90
1,65,59,130,90
1,66,59,18,90
1,67,59,12,90
1,68,59,160,90
1,69,59,108,90
1,70,59,6,90
1,71,59,14,90
1,72,59,29,90
1,73,59,132,90
1,74,59,4,90
1,75,59,2,90
1,76,59,7,90
1,77,59,11,90
12,78,59,97,90
12,79,59,102,90
12,80,59,113,90
12,81,59,95,90
12,82,59,94,90
12,83,59,117,90
20,84,59,114,90
20,85,59,106,90
20,86,59,25,90
20,87,59,115,90
20,88,59,93,90
20,89,59,92,90
20,90,59,107,90
20,91,59,101,90
20,92,59,91,90
20,93,59,100,90
20,94,59,116,90
20,95,59,89,90
1,96,59,103,90
1,97,59,112,90
1,98,59,17,90
1,99,59,96,90
1,100,59,118,90
1,101,59,90,90
1,102,59,111,90
1,103,59,110,90
1,104,59,99,90
1,105,59,98,90
1,106,59,104,90
1,107,59,109,90
1,108,59,8,90
1,109,59,105,90
1,110,59,84,90
1,111,59,66,90
1,112,59,23,90
1,113,59,69,90
1,114,59,85,90
1,115,59,77,90
1,116,59,87,90
1,117,59,70,90
1,118,59,72,90
1,119,59,83,90
1,120,59,79,90
1,121,59,82,90
1,122,59,81,90
1,123,59,78,90
1,124,59,76,90
1,125,59,86,90
1,126,59,64,90
1,127,59,71,90
1,128,59,80,90
1,129,59,88,90
1,130,59,48,90
1,131,59,75,90
1,132,59,67,90
1,133,59,73,90
1,134,59,44,90
1,135,59,63,90
1,136,59,74,90
1,137,59,65,90
1,138,59,62,90
1,139,59,68,90
1,140,59,51,90
1,141,59,36,90
1,142,59,54,90
1,143,59,41,90
1,144,59,33,90
1,145,59,61,90
1,146,59,55,90
1,147,59,43,90
1,148,59,46,90
1,149,59,40,90
1,150,59,37,90
1,151,59,60,90
1,152,59,50,90
1,153,59,47,90
1,154,59,53,90
1,155,59,39,90
1,156,59,58,90
1,157,59,35,90
1,158,59,59,90
1,159,59,45,90
1,160,59,42,90
1,161,59,49,90
1,162,59,56,90
1,163,59,38,90
1,164,59,34,90
1,165,59,57,90
1,166,59,52,90
21,1,60,146,65
21,2,60,141,65
21,3,60,155,65
21,4,60,147,65
21,5,60,139,65
21,6,60,134,65
21,7,60,166,65
21,8,60,152,65
21,9,60,138,65
21,10,60,144,65
21,11,60,124,65
21,12,60,122,65
21,13,60,149,65
1,14,60,128,65
1,15,60,129,65
1,16,60,119,65
1,17,60,123,65
1,18,60,161,65
1,19,60,154,65
1,20,60,145,65
1,21,60,125,65
1,22,60,150,65
1,23,60,156,65
1,24,60,142,65
1,25,60,165,65
1,26,60,159,65
1,27,60,158,65
1,28,60,153,65
1,29,60,135,65
1,30,60,137,65
1,31,60,164,65
1,32,60,148,65
1,33,60,151,65
1,34,60,157,65
1,35,60,22,65
1,36,60,127,65
1,37,60,1,65
1,38,60,131,65
1,39,60,136,65
1,40,60,140,65
1,41,60,120,65
1,42,60,21,65
1,43,60,121,65
1,44,60,16,65
1,45,60,32,65
1,46,60,10,65
1,47,60,126,65
22,48,60,19,65
22,49,60,31,65
1,50,60,27,65
1,51,60,163,65
1,52,60,133,65
1,53,60,28,65
1,54,60,9,65
1,55,60,13,65
1,56,60,20,65
1,57,60,30,65
1,58,60,143,65
1,59,60,15,65
1,60,60,26,65
1,61,60,24,65
1,62,60,162,65
1,63,60,5,65
1,64,60,3,65
1,65,60,130,65
1,66,60,18,65
1,67,60,12,65
1,68,60,160,65
1,69,60,108,65
1,70,60,6,65
1,71,60,14,65
1,72,60,29,65
1,73,60,132,65
1,74,60,4,65
1,75,60,2,65
1,76,60,7,65
1,77,60,11,65
12,78,60,97,65
12,79,60,102,65
12,80,60,113,65
12,81,60,95,65
12,82,60,94,65
12,83,60,117,65
20,84,60,114,65
20,85,60,106,65
20,86,60,25,65
20,87,60,115,65
20,88,60,93,65
20,89,60,92,65
20,90,60,107,65
20,91,60,101,65
20,92,60,91,65
20,93,60,100,65
20,94,60,116,65
20,95,60,89,65
1,96,60,103,65
1,97,60,112,65
1,98,60,17,65
1,99,60,96,65
1,100,60,118,65
1,101,60,90,65
1,102,60,111,65
1,103,60,110,65
1,104,60,99,65
1,105,60,98,65
1,106,60,104,65
1,107,60,109,65
1,108,60,8,65
1,109,60,105,65
1,110,60,84,65
1,111,60,66,65
1,112,60,23,65
1,113,60,69,65
1,114,60,85,65
1,115,60,77,65
1,116,60,87,65
1,117,60,70,65
1,118,60,72,65
1,119,60,83,65
1,120,60,79,65
1,121,60,82,65
1,122,60,81,65
1,123,60,78,65
1,124,60,76,65
1,125,60,86,65
1,126,60,64,65
1,127,60,71,65
1,128,60,80,65
1,129,60,88,65
1,130,60,48,65
1,131,60,75,65
1,132,60,67,65
1,133,60,73,65
1,134,60,44,65
1,135,60,63,65
1,136,60,74,65
1,137,60,65,65
1,138,60,62,65
1,139,60,68,65
1,140,60,51,65
1,141,60,36,65
1,142,60,54,65
1,143,60,41,65
1,144,60,33,65
1,145,60,61,65
1,146,60,55,65
1,147,60,43,65
1,148,60,46,65
1,149,60,40,65
1,150,60,37,65
1,151,60,60,65
1,152,60,50,65
1,153,60,47,65
1,154,60,53,65
1,155,60,39,65
1,156,60,58,65
1,157,60,35,65
1,158,60,59,65
1,159,60,45,65
1,160,60,42,65
1,161,60,49,65
1,162,60,56,65
1,163,60,38,65
1,164,60,34,65
1,165,60,57,65
1,166,60,52,65
21,1,61,146,120
21,2,61,141,120
21,3,61,155,120
21,4,61,147,120
21,5,61,139,120
21,6,61,134,120
21,7,61,166,120
21,8,61,152,120
21,9,61,138,120
21,10,61,144,120
21,11,61,124,120
21,12,61,122,120
21,13,61,149,120
1,14,61,128,120
1,15,61,129,120
1,16,61,119,120
1,17,61,123,120
1,18,61,161,120
1,19,61,154,120
1,20,61,145,120
1,21,61,125,120
1,22,61,150,120
1,23,61,156,120
1,24,61,142,120
1,25,61,165,120
1,26,61,159,120
1,27,61,158,120
1,28,61,153,120
1,29,61,135,120
1,30,61,137,120
1,31,61,164,120
1,32,61,148,120
1,33,61,151,120
1,34,61,157,120
1,35,61,22,120
1,36,61,127,120
1,37,61,1,120
1,38,61,131,120
1,39,61,136,120
1,40,61,140,120
1,41,61,120,120
1,42,61,21,120
1,43,61,121,120
1,44,61,16,120
1,45,61,32,120
1,46,61,10,120
1,47,61,126,120
22,48,61,19,120
22,49,61,31,120
1,50,61,27,120
1,51,61,163,120
1,52,61,133,120
1,53,61,28,120
1,54,61,9,120
1,55,61,13,120
1,56,61,20,120
1,57,61,30,120
1,58,61,143,120
1,59,61,15,120
1,60,61,26,120
1,61,61,24,120
1,62,61,162,120
1,63,61,5,120
1,64,61,3,120
1,65,61,130,120
1,66,61,18,120
1,67,61,12,120
1,68,61,160,120
1,69,61,108,120
1,70,61,6,120
1,71,61,14,120
1,72,61,29,120
1,73,61,132,120
1,74,61,4,120
1,75,61,2,120
1,76,61,7,120
1,77,61,11,120
12,78,61,97,120
12,79,61,102,120
12,80,61,113,120
12,81,61,95,120
12,82,61,94,120
12,83,61,117,120
20,84,61,114,120
20,85,61,106,120
20,86,61,25,120
20,87,61,115,120
20,88,61,93,120
20,89,61,92,120
20,90,61,107,120
20,91,61,101,120
20,92,61,91,120
20,93,61,100,120
20,94,61,116,120
20,95,61,89,120
1,96,61,103,120
1,97,61,112,120
1,98,61,17,120
1,99,61,96,120
1,100,61,118,120
1,101,61,90,120
1,102,61,111,120
1,103,61,110,120
1,104,61,99,120
1,105,61,98,120
1,106,61,104,120
1,107,61,109,120
1,108,61,8,120
1,109,61,105,120
1,110,61,84,120
1,111,61,66,120
1,112,61,23,120
1,113,61,69,120
1,114,61,85,120
1,115,61,77,120
1,116,61,87,120
1,117,61,70,120
1,118,61,72,120
1,119,61,83,120
1,120,61,79,120
1,121,61,82,120
1,122,61,81,120
1,123,61,78,120
1,124,61,76,120
1,125,61,86,120
1,126,61,64,120
1,127,61,71,120
1,128,61,80,120
1,129,61,88,120
1,130,61,48,120
1,131,61,75,120
1,132,61,67,120
1,133,61,73,120
1,134,61,44,120
1,135,61,63,120
1,136,61,74,120
1,137,61,65,120
1,138,61,62,120
1,139,61,68,120
1,140,61,51,120
1,141,61,36,120
1,142,61,54,120
1,143,61,41,120
1,144,61,33,120
1,145,61,61,120
1,146,61,55,120
1,147,61,43,120
1,148,61,46,120
1,149,61,40,120
1,150,61,37,120
1,151,61,60,120
1,152,61,50,120
1,153,61,47,120
1,154,61,53,120
1,155,61,39,120
1,156,61,58,120
1,157,61,35,120
1,158,61,59,120
1,159,61,45,120
1,160,61,42,120
1,161,61,49,120
1,162,61,56,120
1,163,61,38,120
1,164,61,34,120
1,165,61,57,120
1,166,61,52,120
21,1,62,146,270
21,2,62,141,270
21,3,62,155,270
21,4,62,147,270
21,5,62,139,270
21,6,62,134,270
21,7,62,166,270
21,8,62,152,270
21,9,62,138,270
21,10,62,144,270
21,11,62,124,270
21,12,62,122,270
21,13,62,149,270
1,14,62,128,270
1,15,62,129,270
1,16,62,119,270
1,17,62,123,270
1,18,62,161,270
1,19,62,154,270
1,20,62,145,270
1,21,62,125,270
1,22,62,150,270
1,23,62,156,270
1,24,62,142,270
1,25,62,165,270
1,26,62,159,270
1,27,62,158,270
1,28,62,153,270
1,29,62,135,270
1,30,62,137,270
1,31,62,164,270
1,32,62,148,270
1,33,62,151,270
1,34,62,157,270
1,35,62,22,270
1,36,62,127,270
1,37,62,1,270
1,38,62,131,270
1,39,62,136,270
1,40,62,140,270
1,41,62,120,270
1,42,62,21,270
1,43,62,121,270
1,44,62,16,270
1,45,62,32,270
1,46,62,10,270
1,47,62,126,270
22,48,62,19,270
22,49,62,31,270
1,50,62,27,270
1,51,62,163,270
1,52,62,133,270
1,53,62,28,270
1,54,62,9,270
1,55,62,13,270
1,56,62,20,270
1,57,62,30,270
1,58,62,143,270
1,59,62,15,270
1,60,62,26,270
1,61,62,24,270
1,62,62,162,270
1,63,62,5,270
1,64,62,3,270
1,65,62,130,270
1,66,62,18,270
1,67,62,12,270
1,68,62,160,270
1,69,62,108,270
1,70,62,6,270
1,71,62,14,270
1,72,62,29,270
1,73,62,132,270
1,74,62,4,270
1,75,62,2,270
1,76,62,7,270
1,77,62,11,270
12,78,62,97,270
12,79,62,102,270
12,80,62,113,270
12,81,62,95,270
12,82,62,94,270
12,83,62,117,270
20,84,62,114,270
20,85,62,106,270
20,86,62,25,270
20,87,62,115,270
20,88,62,93,270
20,89,62,92,270
20,90,62,107,270
20,91,62,101,270
20,92,62,91,270
20,93,62,100,270
20,94,62,116,270
20,95,62,89,270
1,96,62,103,270
1,97,62,112,270
1,98,62,17,270
1,99,62,96,270
1,100,62,118,270
1,101,62,90,270
1,102,62,111,270
1,103,62,110,270
1,104,62,99,270
1,105,62,98,270
1,106,62,104,270
1,107,62,109,270
1,108,62,8,270
1,109,62,105,270
1,110,62,84,270
1,111,62,66,270
1,112,62,23,270
1,113,62,69,270
1,114,62,85,270
1,115,62,77,270
1,116,62,87,270
1,117,62,70,270
1,118,62,72,270
1,119,62,83,270
1,120,62,79,270
1,121,62,82,270
1,122,62,81,270
1,123,62,78,270
1,124,62,76,270
1,125,62,86,270
1,126,62,64,270
1,127,62,71,270
1,128,62,80,270
1,129,62,88,270
1,130,62,48,270
1,131,62,75,270
1,132,62,67,270
1,133,62,73,270
1,134,62,44,270
1,135,62,63,270
1,136,62,74,270
1,137,62,65,270
1,138,62,62,270
1,139,62,68,270
1,140,62,51,270
1,141,62,36,270
1,142,62,54,270
1,143,62,41,270
1,144,62,33,270
1,145,62,61,270
1,146,62,55,270
1,147,62,43,270
1,148,62,46,270
1,149,62,40,270
1,150,62,37,270
1,151,62,60,270
1,152,62,50,270
1,153,62,47,270
1,154,62,53,270
1,155,62,39,270
1,156,62,58,270
1,157,62,35,270
1,158,62,59,270
1,159,62,45,270
1,160,62,42,270
1,161,62,49,270
1,162,62,56,270
1,163,62,38,270
1,164,62,34,270
1,165,62,57,270
1,166,62,52,270
21,1,63,146,96
21,2,63,141,96
21,3,63,155,96
21,4,63,147,96
21,5,63,139,96
21,6,63,134,96
21,7,63,166,96
21,8,63,152,96
21,9,63,138,96
21,10,63,144,96
21,11,63,124,96
21,12,63,122,96
21,13,63,149,96
1,14,63,128,96
1,15,63,129,96
1,16,63,119,96
1,17,63,123,96
1,18,63,161,96
1,19,63,154,96
1,20,63,145,96
1,21,63,125,96
1,22,63,150,96
1,23,63,156,96
1,24,63,142,96
1,25,63,165,96
1,26,63,159,96
1,27,63,158,96
1,28,63,153,96
1,29,63,135,96
1,30,63,137,96
1,31,63,164,96
1,32,63,148,96
1,33,63,151,96
1,34,63,157,96
1,35,63,22,96
1,36,63,127,96
1,37,63,1,96
1,38,63,131,96
1,39,63,136,96
1,40,63,140,96
1,41,63,120,96
1,42,63,21,96
1,43,63,121,96
1,44,63,16,96
1,45,63,32,96
1,46,63,10,96
1,47,63,126,96
22,48,63,19,96
22,49,63,31,96
1,50,63,27,96
1,51,63,163,96
1,52,63,133,96
1,53,63,28,96
1,54,63,9,96
1,55,63,13,96
1,56,63,20,96
1,57,63,30,96
1,58,63,143,96
1,59,63,15,96
1,60,63,26,96
1,61,63,24,96
1,62,63,162,96
1,63,63,5,96
1,64,63,3,96
1,65,63,130,96
1,66,63,18,96
1,67,63,12,96
1,68,63,160,96
1,69,63,108,96
1,70,63,6,96
1,71,63,14,96
1,72,63,29,96
1,73,63,132,96
1,74,63,4,96
1,75,63,2,96
1,76,63,7,96
1,77,63,11,96
12,78,63,97,96
12,79,63,102,96
12,80,63,113,96
12,81,63,95,96
12,82,63,94,96
12,83,63,117,96
20,84,63,114,96
20,85,63,106,96
20,86,63,25,96
20,87,63,115,96
20,88,63,93,96
20,89,63,92,96
20,90,63,107,96
20,91,63,101,96
20,92,63,91,96
20,93,63,100,96
20,94,63,116,96
20,95,63,89,96
1,96,63,103,96
1,97,63,112,96
1,98,63,17,96
1,99,63,96,96
1,100,63,118,96
1,101,63,90,96
1,102,63,111,96
1,103,63,110,96
1,104,63,99,96
1,105,63,98,96
1,106,63,104,96
1,107,63,109,96
1,108,63,8,96
1,109,63,105,96
1,110,63,84,96
1,111,63,66,96
1,112,63,23,96
1,113,63,69,96
1,114,63,85,96
1,115,63,77,96
1,116,63,87,96
1,117,63,70,96
1,118,63,72,96
1,119,63,83,96
1,120,63,79,96
1,121,63,82,96
1,122,63,81,96
1,123,63,78,96
1,124,63,76,96
1,125,63,86,96
1,126,63,64,96
1,127,63,71,96
1,128,63,80,96
1,129,63,88,96
1,130,63,48,96
1,131,63,75,96
1,132,63,67,96
1,133,63,73,96
1,134,63,44,96
1,135,63,63,96
1,136,63,74,96
1,137,63,65,96
1,138,63,62,96
1,139,63,68,96
1,140,63,51,96
1,141,63,36,96
1,142,63,54,96
1,143,63,41,96
1,144,63,33,96
1,145,63,61,96
1,146,63,55,96
1,147,63,43,96
1,148,63,46,96
1,149,63,40,96
1,150,63,37,96
1,151,63,60,96
1,152,63,50,96
1,153,63,47,96
1,154,63,53,96
1,155,63,39,96
1,156,63,58,96
1,157,63,35,96
1,158,63,59,96
1,159,63,45,96
1,160,63,42,96
1,161,63,49,96
1,162,63,56,96
1,163,63,38,96
1,164,63,34,96
1,165,63,57,96
1,166,63,52,96
21,1,64,146,155
21,2,64,141,155
21,3,64,155,155
21,4,64,147,155
21,5,64,139,155
21,6,64,134,155
21,7,64,166,155
21,8,64,152,155
21,9,64,138,155
21,10,64,144,155
21,11,64,124,155
21,12,64,122,155
21,13,64,149,155
1,14,64,128,155
1,15,64,129,155
1,16,64,119,155
1,17,64,123,155
1,18,64,161,155
1,19,64,154,155
1,20,64,145,155
1,21,64,125,155
1,22,64,150,155
1,23,64,156,155
1,24,64,142,155
1,25,64,165,155
1,26,64,159,155
1,27,64,158,155
1,28,64,153,155
1,29,64,135,155
1,30,64,137,155
1,31,64,164,155
1,32,64,148,155
1,33,64,151,155
1,34,64,157,155
1,35,64,22,155
1,36,64,127,155
1,37,64,1,155
1,38,64,131,155
1,39,64,136,155
1,40,64,140,155
1,41,64,120,155
1,42,64,21,155
1,43,64,121,155
1,44,64,16,155
1,45,64,32,155
1,46,64,10,155
1,47,64,126,155
22,48,64,19,155
22,49,64,31,155
1,50,64,27,155
1,51,64,163,155
1,52,64,133,155
1,53,64,28,155
1,54,64,9,155
1,55,64,13,155
1,56,64,20,155
1,57,64,30,155
1,58,64,143,155
1,59,64,15,155
1,60,64,26,155
1,61,64,24,155
1,62,64,162,155
1,63,64,5,155
1,64,64,3,155
1,65,64,130,155
1,66,64,18,155
1,67,64,12,155
1,68,64,160,155
1,69,64,108,155
1,70,64,6,155
1,71,64,14,155
1,72,64,29,155
1,73,64,132,155
1,74,64,4,155
1,75,64,2,155
1,76,64,7,155
1,77,64,11,155
12,78,64,97,155
12,79,64,102,155
12,80,64,113,155
12,81,64,95,155
12,82,64,94,155
12,83,64,117,155
20,84,64,114,155
20,85,64,106,155
20,86,64,25,155
20,87,64,115,155
20,88,64,93,155
20,89,64,92,155
20,90,64,107,155
20,91,64,101,155
20,92,64,91,155
20,93,64,100,155
20,94,64,116,155
20,95,64,89,155
1,96,64,103,155
1,97,64,112,155
1,98,64,17,155
1,99,64,96,155
1,100,64,118,155
1,101,64,90,155
1,102,64,111,155
1,103,64,110,155
1,104,64,99,155
1,105,64,98,155
1,106,64,104,155
1,107,64,109,155
1,108,64,8,155
1,109,64,105,155
1,110,64,84,155
1,111,64,66,155
1,112,64,23,155
1,113,64,69,155
1,114,64,85,155
1,115,64,77,155
1,116,64,87,155
1,117,64,70,155
1,118,64,72,155
1,119,64,83,155
1,120,64,79,155
1,121,64,82,155
1,122,64,81,155
1,123,64,78,155
1,124,64,76,155
1,125,64,86,155
1,126,64,64,155
1,127,64,71,155
1,128,64,80,155
1,129,64,88,155
1,130,64,48,155
1,131,64,75,155
1,132,64,67,155
1,133,64,73,155
1,134,64,44,155
1,135,64,63,155
1,136,64,74,155
1,137,64,65,155
1,138,64,62,155
1,139,64,68,155
1,140,64,51,155
1,141,64,36,155
1,142,64,54,155
1,143,64,41,155
1,144,64,33,155
1,145,64,61,155
1,146,64,55,155
1,147,64,43,155
1,148,64,46,155
1,149,64,40,155
1,150,64,37,155
1,151,64,60,155
1,152,64,50,155
1,153,64,47,155
1,154,64,53,155
1,155,64,39,155
1,156,64,58,155
1,157,64,35,155
1,158,64,59,155
1,159,64,45,155
1,160,64,42,155
1,161,64,49,155
1,162,64,56,155
1,163,64,38,155
1,164,64,34,155
1,165,64,57,155
1,166,64,52,155
21,1,65,146,299
21,2,65,141,299
21,3,65,155,299
21,4,65,147,299
21,5,65,139,299
21,6,65,134,299
21,7,65,166,299
21,8,65,152,299
21,9,65,138,299
21,10,65,144,299
21,11,65,124,299
21,12,65,122,299
21,13,65,149,299
25,14,65,128,299
25,15,65,129,299
25,16,65,119,299
25,17,65,123,299
25,18,65,161,299
25,19,65,154,299
25,20,65,145,299
25,21,65,125,299
25,22,65,150,299
25,23,65,156,299
25,24,65,142,299
25,25,65,165,299
25,26,65,159,299
25,27,65,158,299
25,28,65,153,299
25,29,65,135,299
25,30,65,137,299
25,31,65,164,299
25,32,65,148,299
25,33,65,151,299
25,34,65,157,299
25,35,65,22,299
25,36,65,127,299
25,37,65,1,299
25,38,65,131,299
25,39,65,136,299
25,40,65,140,299
25,41,65,120,299
25,42,65,21,299
25,43,65,121,299
25,44,65,16,299
25,45,65,32,299
25,46,65,10,299
1,47,65,126,299
22,48,65,19,299
22,49,65,31,299
1,50,65,27,299
1,51,65,163,299
1,52,65,133,299
1,53,65,28,299
1,54,65,9,299
1,55,65,13,299
1,56,65,20,299
1,57,65,30,299
1,58,65,143,299
1,59,65,15,299
1,60,65,26,299
1,61,65,24,299
1,62,65,162,299
1,63,65,5,299
1,64,65,3,299
1,65,65,130,299
1,66,65,18,299
1,67,65,12,299
1,68,65,160,299
1,69,65,108,299
1,70,65,6,299
1,71,65,14,299
1,72,65,29,299
1,73,65,132,299
1,74,65,4,299
1,75,65,2,299
1,76,65,7,299
1,77,65,11,299
12,78,65,97,299
12,79,65,102,299
12,80,65,113,299
12,81,65,95,299
12,82,65,94,299
12,83,65,117,299
20,84,65,114,299
20,85,65,106,299
20,86,65,25,299
20,87,65,115,299
20,88,65,93,299
20,89,65,92,299
20,90,65,107,299
20,91,65,101,299
20,92,65,91,299
20,93,65,100,299
20,94,65,116,299
20,95,65,89,299
1,96,65,103,299
1,97,65,112,299
1,98,65,17,299
1,99,65,96,299
1,100,65,118,299
1,101,65,90,299
1,102,65,111,299
1,103,65,110,299
1,104,65,99,299
1,105,65,98,299
1,106,65,104,299
1,107,65,109,299
1,108,65,8,299
1,109,65,105,299
1,110,65,84,299
1,111,65,66,299
1,112,65,23,299
1,113,65,69,299
1,114,65,85,299
1,115,65,77,299
1,116,65,87,299
1,117,65,70,299
1,118,65,72,299
1,119,65,83,299
1,120,65,79,299
1,121,65,82,299
1,122,65,81,299
1,123,65,78,299
1,124,65,76,299
1,125,65,86,299
1,126,65,64,299
1,127,65,71,299
1,128,65,80,299
1,129,65,88,299
1,130,65,48,299
1,131,65,75,299
1,132,65,67,299
1,133,65,73,299
1,134,65,44,299
1,135,65,63,299
1,136,65,74,299
1,137,65,65,299
1,138,65,62,299
1,139,65,68,299
1,140,65,51,299
1,141,65,36,299
1,142,65,54,299
1,143,65,41,299
1,144,65,33,299
1,145,65,61,299
1,146,65,55,299
1,147,65,43,299
1,148,65,46,299
1,149,65,40,299
1,150,65,37,299
1,151,65,60,299
1,152,65,50,299
1,153,65,47,299
1,154,65,53,299
1,155,65,39,299
1,156,65,58,299
1,157,65,35,299
1,158,65,59,299
1,159,65,45,299
1,160,65,42,299
1,161,65,49,299
1,162,65,56,299
1,163,65,38,299
1,164,65,34,299
1,165,65,57,299
1,166,65,52,299
21,1,66,146,238
21,2,66,141,238
21,3,66,155,238
21,4,66,147,238
21,5,66,139,238
21,6,66,134,238
21,7,66,166,238
21,8,66,152,238
21,9,66,138,238
21,10,66,144,238
21,11,66,124,238
21,12,66,122,238
21,13,66,149,238
25,14,66,128,238
25,15,66,129,238
25,16,66,119,238
25,17,66,123,238
25,18,66,161,238
25,19,66,154,238
25,20,66,145,238
25,21,66,125,238
25,22,66,150,238
25,23,66,156,238
25,24,66,142,238
25,25,66,165,238
25,26,66,159,238
25,27,66,158,238
25,28,66,153,238
25,29,66,135,238
25,30,66,137,238
25,31,66,164,238
25,32,66,148,238
25,33,66,151,238
25,34,66,157,238
25,35,66,22,238
25,36,66,127,238
25,37,66,1,238
25,38,66,131,238
25,39,66,136,238
25,40,66,140,238
25,41,66,120,238
25,42,66,21,238
25,43,66,121,238
25,44,66,16,238
25,45,66,32,238
25,46,66,10,238
1,47,66,126,238
22,48,66,19,238
22,49,66,31,238
1,50,66,27,238
1,51,66,163,238
1,52,66,133,238
1,53,66,28,238
1,54,66,9,238
1,55,66,13,238
1,56,66,20,238
1,57,66,30,238
1,58,66,143,238
1,59,66,15,238
1,60,66,26,238
1,61,66,24,238
1,62,66,162,238
1,63,66,5,238
1,64,66,3,238
1,65,66,130,238
1,66,66,18,238
1,67,66,12,238
1,68,66,160,238
1,69,66,108,238
1,70,66,6,238
1,71,66,14,238
1,72,66,29,238
1,73,66,132,238
1,74,66,4,238
1,75,66,2,238
1,76,66,7,238
1,77,66,11,238
12,78,66,97,238
12,79,66,102,238
12,80,66,113,238
12,81,66,95,238
12,82,66,94,238
12,83,66,117,238
20,84,66,114,238
20,85,66,106,238
20,86,66,25,238
20,87,66,115,238
20,88,66,93,238
20,89,66,92,238
20,90,66,107,238
20,91,66,101,238
20,92,66,91,238
20,93,66,100,238
20,94,66,116,238
20,95,66,89,238
1,96,66,103,238
1,97,66,112,238
1,98,66,17,238
1,99,66,96,238
1,100,66,118,238
1,101,66,90,238
1,102,66,111,238
1,103,66,110,238
1,104,66,99,238
1,105,66,98,238
1,106,66,104,238
1,107,66,109,238
1,108,66,8,238
1,109,66,105,238
1,110,66,84,238
1,111,66,66,238
1,112,66,23,238
1,113,66,69,238
1,114,66,85,238
1,115,66,77,238
1,116,66,87,238
1,117,66,70,238
1,118,66,72,238
1,119,66,83,238
1,120,66,79,238
1,121,66,82,238
1,122,66,81,238
1,123,66,78,238
1,124,66,76,238
1,125,66,86,238
1,126,66,64,238
1,127,66,71,238
1,128,66,80,238
1,129,66,88,238
1,130,66,48,238
1,131,66,75,238
1,132,66,67,238
1,133,66,73,238
1,134,66,44,238
1,135,66,63,238
1,136,66,74,238
1,137,66,65,238
1,138,66,62,238
1,139,66,68,238
1,140,66,51,238
1,141,66,36,238
1,142,66,54,238
1,143,66,41,238
1,144,66,33,238
1,145,66,61,238
1,146,66,55,238
1,147,66,43,238
1,148,66,46,238
1,149,66,40,238
1,150,66,37,238
1,151,66,60,238
1,152,66,50,238
1,153,66,47,238
1,154,66,53,238
1,155,66,39,238
1,156,66,58,238
1,157,66,35,238
1,158,66,59,238
1,159,66,45,238
1,160,66,42,238
1,161,66,49,238
1,162,66,56,238
1,163,66,38,238
1,164,66,34,238
1,165,66,57,238
1,166,66,52,238
21,1,67,146,271
21,2,67,141,271
21,3,67,155,271
21,4,67,147,271
21,5,67,139,271
21,6,67,134,271
21,7,67,166,271
21,8,67,152,271
21,9,67,138,271
21,10,67,144,271
21,11,67,124,271
21,12,67,122,271
21,13,67,149,271
25,14,67,128,271
25,15,67,129,271
25,16,67,119,271
25,17,67,123,271
25,18,67,161,271
25,19,67,154,271
25,20,67,145,271
25,21,67,125,271
25,22,67,150,271
25,23,67,156,271
25,24,67,142,271
25,25,67,165,271
25,26,67,159,271
25,27,67,158,271
25,28,67,153,271
25,29,67,135,271
25,30,67,137,271
25,31,67,164,271
25,32,67,148,271
25,33,67,151,271
25,34,67,157,271
25,35,67,22,271
25,36,67,127,271
25,37,67,1,271
25,38,67,131,271
25,39,67,136,271
25,40,67,140,271
25,41,67,120,271
25,42,67,21,271
25,43,67,121,271
25,44,67,16,271
25,45,67,32,271
25,46,67,10,271
1,47,67,126,271
22,48,67,19,271
22,49,67,31,271
1,50,67,27,271
1,51,67,163,271
1,52,67,133,271
1,53,67,28,271
1,54,67,9,271
1,55,67,13,271
1,56,67,20,271
1,57,67,30,271
1,58,67,143,271
1,59,67,15,271
1,60,67,26,271
1,61,67,24,271
1,62,67,162,271
1,63,67,5,271
1,64,67,3,271
1,65,67,130,271
1,66,67,18,271
1,67,67,12,271
1,68,67,160,271
1,69,67,108,271
1,70,67,6,271
1,71,67,14,271
1,72,67,29,271
1,73,67,132,271
1,74,67,4,271
1,75,67,2,271
1,76,67,7,271
1,77,67,11,271
12,78,67,97,271
12,79,67,102,271
12,80,67,113,271
12,81,67,95,271
12,82,67,94,271
12,83,67,117,271
20,84,67,114,271
20,85,67,106,271
20,86,67,25,271
20,87,67,115,271
20,88,67,93,271
20,89,67,92,271
20,90,67,107,271
20,91,67,101,271
20,92,67,91,271
20,93,67,100,271
20,94,67,116,271
20,95,67,89,271
1,96,67,103,271
1,97,67,112,271
1,98,67,17,271
1,99,67,96,271
1,100,67,118,271
1,101,67,90,271
1,102,67,111,271
1,103,67,110,271
1,104,67,99,271
1,105,67,98,271
1,106,67,104,271
1,107,67,109,271
1,108,67,8,271
1,109,67,105,271
1,110,67,84,271
1,111,67,66,271
1,112,67,23,271
1,113,67,69,271
1,114,67,85,271
1,115,67,77,271
1,116,67,87,271
1,117,67,70,271
1,118,67,72,271
1,119,67,83,271
1,120,67,79,271
1,121,67,82,271
1,122,67,81,271
1,123,67,78,271
1,124,67,76,271
1,125,67,86,271
1,126,67,64,271
1,127,67,71,271
1,128,67,80,271
1,129,67,88,271
1,130,67,48,271
1,131,67,75,271
1,132,67,67,271
1,133,67,73,271
1,134,67,44,271
1,135,67,63,271
1,136,67,74,271
1,137,67,65,271
1,138,67,62,271
1,139,67,68,271
1,140,67,51,271
1,141,67,36,271
1,142,67,54,271
1,143,67,41,271
1,144,67,33,271
1,145,67,61,271
1,146,67,55,271
1,147,67,43,271
1,148,67,46,271
1,149,67,40,271
1,150,67,37,271
1,151,67,60,271
1,152,67,50,271
1,153,67,47,271
1,154,67,53,271
1,155,67,39,271
1,156,67,58,271
1,157,67,35,271
1,158,67,59,271
1,159,67,45,271
1,160,67,42,271
1,161,67,49,271
1,162,67,56,271
1,163,67,38,271
1,164,67,34,271
1,165,67,57,271
1,166,67,52,271
21,1,68,146,283
21,2,68,141,283
21,3,68,155,283
21,4,68,147,283
21,5,68,139,283
21,6,68,134,283
21,7,68,166,283
21,8,68,152,283
21,9,68,138,283
21,10,68,144,283
21,11,68,124,283
21,12,68,122,283
21,13,68,149,283
25,14,68,128,283
25,15,68,129,283
25,16,68,119,283
25,17,68,123,283
25,18,68,161,283
25,19,68,154,283
25,20,68,145,283
25,21,68,125,283
25,22,68,150,283
25,23,68,156,283
25,24,68,142,283
25,25,68,165,283
25,26,68,159,283
25,27,68,158,283
25,28,68,153,283
25,29,68,135,283
25,30,68,137,283
25,31,68,164,283
25,32,68,148,283
25,33,68,151,283
25,34,68,157,283
25,35,68,22,283
25,36,68,127,283
25,37,68,1,283
25,38,68,131,283
25,39,68,136,283
25,40,68,140,283
25,41,68,120,283
25,42,68,21,283
25,43,68,121,283
25,44,68,16,283
25,45,68,32,283
25,46,68,10,283
1,47,68,126,283
22,48,68,19,283
22,49,68,31,283
1,50,68,27,283
1,51,68,163,283
1,52,68,133,283
1,53,68,28,283
1,54,68,9,283
1,55,68,13,283
1,56,68,20,283
1,57,68,30,283
1,58,68,143,283
1,59,68,15,283
1,60,68,26,283
1,61,68,24,283
1,62,68,162,283
1,63,68,5,283
1,64,68,3,283
1,65,68,130,283
1,66,68,18,283
1,67,68,12,283
1,68,68,160,283
1,69,68,108,283
1,70,68,6,283
1,71,68,14,283
1,72,68,29,283
1,73,68,132,283
1,74,68,4,283
1,75,68,2,283
1,76,68,7,283
1,77,68,11,283
12,78,68,97,283
12,79,68,102,283
12,80,68,113,283
12,81,68,95,283
12,82,68,94,283
12,83,68,117,283
20,84,68,114,283
20,85,68,106,283
20,86,68,25,283
20,87,68,115,283
20,88,68,93,283
20,89,68,92,283
20,90,68,107,283
20,91,68,101,283
20,92,68,91,283
20,93,68,100,283
20,94,68,116,283
20,95,68,89,283
1,96,68,103,283
1,97,68,112,283
1,98,68,17,283
1,99,68,96,283
1,100,68,118,283
1,101,68,90,283
1,102,68,111,283
1,103,68,110,283
1,104,68,99,283
1,105,68,98,283
1,106,68,104,283
1,107,68,109,283
1,108,68,8,283
1,109,68,105,283
1,110,68,84,283
1,111,68,66,283
1,112,68,23,283
1,113,68,69,283
1,114,68,85,283
1,115,68,77,283
1,116,68,87,283
1,117,68,70,283
1,118,68,72,283
1,119,68,83,283
1,120,68,79,283
1,121,68,82,283
1,122,68,81,283
1,123,68,78,283
1,124,68,76,283
1,125,68,86,283
1,126,68,64,283
1,127,68,71,283
1,128,68,80,283
1,129,68,88,283
1,130,68,48,283
1,131,68,75,283
1,132,68,67,283
1,133,68,73,283
1,134,68,44,283
1,135,68,63,283
1,136,68,74,283
1,137,68,65,283
1,138,68,62,283
1,139,68,68,283
1,140,68,51,283
1,141,68,36,283
1,142,68,54,283
1,143,68,41,283
1,144,68,33,283
1,145,68,61,283
1,146,68,55,283
1,147,68,43,283
1,148,68,46,283
1,149,68,40,283
1,150,68,37,283
1,151,68,60,283
1,152,68,50,283
1,153,68,47,283
1,154,68,53,283
1,155,68,39,283
1,156,68,58,283
1,157,68,35,283
1,158,68,59,283
1,159,68,45,283
1,160,68,42,283
1,161,68,49,283
1,162,68,56,283
1,163,68,38,283
1,164,68,34,283
1,165,68,57,283
1,166,68,52,283
21,1,69,146,61
21,2,69,141,61
21,3,69,155,61
21,4,69,147,61
21,5,69,139,61
21,6,69,134,61
21,7,69,166,61
21,8,69,152,61
21,9,69,138,61
21,10,69,144,61
21,11,69,124,61
21,12,69,122,61
21,13,69,149,61
25,14,69,128,61
25,15,69,129,61
25,16,69,119,61
25,17,69,123,61
25,18,69,161,61
25,19,69,154,61
25,20,69,145,61
25,21,69,125,61
25,22,69,150,61
25,23,69,156,61
25,24,69,142,61
25,25,69,165,61
25,26,69,159,61
25,27,69,158,61
25,28,69,153,61
25,29,69,135,61
25,30,69,137,61
25,31,69,164,61
25,32,69,148,61
25,33,69,151,61
25,34,69,157,61
25,35,69,22,61
25,36,69,127,61
25,37,69,1,61
25,38,69,131,61
25,39,69,136,61
25,40,69,140,61
25,41,69,120,61
25,42,69,21,61
25,43,69,121,61
25,44,69,16,61
25,45,69,32,61
25,46,69,10,61
1,47,69,126,61
22,48,69,19,61
22,49,69,31,61
1,50,69,27,61
1,51,69,163,61
1,52,69,133,61
1,53,69,28,61
1,54,69,9,61
1,55,69,13,61
1,56,69,20,61
1,57,69,30,61
1,58,69,143,61
1,59,69,15,61
1,60,69,26,61
1,61,69,24,61
1,62,69,162,61
1,63,69,5,61
1,64,69,3,61
1,65,69,130,61
1,66,69,18,61
1,67,69,12,61
1,68,69,160,61
1,69,69,108,61
1,70,69,6,61
1,71,69,14,61
1,72,69,29,61
1,73,69,132,61
1,74,69,4,61
1,75,69,2,61
1,76,69,7,61
1,77,69,11,61
12,78,69,97,61
12,79,69,102,61
12,80,69,113,61
12,81,69,95,61
12,82,69,94,61
12,83,69,117,61
20,84,69,114,61
20,85,69,106,61
20,86,69,25,61
20,87,69,115,61
20,88,69,93,61
20,89,69,92,61
20,90,69,107,61
20,91,69,101,61
20,92,69,91,61
20,93,69,100,61
20,94,69,116,61
20,95,69,89,61
1,96,69,103,61
1,97,69,112,61
1,98,69,17,61
1,99,69,96,61
1,100,69,118,61
1,101,69,90,61
1,102,69,111,61
1,103,69,110,61
1,104,69,99,61
1,105,69,98,61
1,106,69,104,61
1,107,69,109,61
1,108,69,8,61
1,109,69,105,61
1,110,69,84,61
1,111,69,66,61
1,112,69,23,61
1,113,69,69,61
1,114,69,85,61
1,115,69,77,61
1,116,69,87,61
1,117,69,70,61
1,118,69,72,61
1,119,69,83,61
1,120,69,79,61
1,121,69,82,61
1,122,69,81,61
1,123,69,78,61
1,124,69,76,61
1,125,69,86,61
1,126,69,64,61
1,127,69,71,61
1,128,69,80,61
1,129,69,88,61
1,130,69,48,61
1,131,69,75,61
1,132,69,67,61
1,133,69,73,61
1,134,69,44,61
1,135,69,63,61
1,136,69,74,61
1,137,69,65,61
1,138,69,62,61
1,139,69,68,61
1,140,69,51,61
1,141,69,36,61
1,142,69,54,61
1,143,69,41,61
1,144,69,33,61
1,145,69,61,61
1,146,69,55,61
1,147,69,43,61
1,148,69,46,61
1,149,69,40,61
1,150,69,37,61
1,151,69,60,61
1,152,69,50,61
1,153,69,47,61
1,154,69,53,61
1,155,69,39,61
1,156,69,58,61
1,157,69,35,61
1,158,69,59,61
1,159,69,45,61
1,160,69,42,61
1,161,69,49,61
1,162,69,56,61
1,163,69,38,61
1,164,69,34,61
1,165,69,57,61
1,166,69,52,61
21,1,70,146,136
21,2,70,141,136
21,3,70,155,136
21,4,70,147,136
21,5,70,139,136
21,6,70,134,136
21,7,70,166,136
21,8,70,152,136
21,9,70,138,136
21,10,70,144,136
21,11,70,124,136
21,12,70,122,136
21,13,70,149,136
25,14,70,128,136
25,15,70,129,136
25,16,70,119,136
25,17,70,123,136
25,18,70,161,136
25,19,70,154,136
25,20,70,145,136
25,21,70,125,136
25,22,70,150,136
25,23,70,156,136
25,24,70,142,136
25,25,70,165,136
25,26,70,159,136
25,27,70,158,136
25,28,70,153,136
25,29,70,135,136
25,30,70,137,136
25,31,70,164,136
25,32,70,148,136
25,33,70,151,136
25,34,70,157,136
25,35,70,22,136
25,36,70,127,136
25,37,70,1,136
25,38,70,131,136
25,39,70,136,136
25,40,70,140,136
25,41,70,120,136
25,42,70,21,136
25,43,70,121,136
25,44,70,16,136
25,45,70,32,136
25,46,70,10,136
1,47,70,126,136
22,48,70,19,136
22,49,70,31,136
1,50,70,27,136
1,51,70,163,136
1,52,70,133,136
1,53,70,28,136
1,54,70,9,136
1,55,70,13,136
1,56,70,20,136
1,57,70,30,136
1,58,70,143,136
1,59,70,15,136
1,60,70,26,136
1,61,70,24,136
1,62,70,162,136
1,63,70,5,136
1,64,70,3,136
1,65,70,130,136
1,66,70,18,136
1,67,70,12,136
1,68,70,160,136
1,69,70,108,136
1,70,70,6,136
1,71,70,14,136
1,72,70,29,136
1,73,70,132,136
1,74,70,4,136
1,75,70,2,136
1,76,70,7,136
1,77,70,11,136
12,78,70,97,136
12,79,70,102,136
12,80,70,113,136
12,81,70,95,136
12,82,70,94,136
12,83,70,117,136
20,84,70,114,136
20,85,70,106,136
20,86,70,25,136
20,87,70,115,136
20,88,70,93,136
20,89,70,92,136
20,90,70,107,136
20,91,70,101,136
20,92,70,91,136
20,93,70,100,136
20,94,70,116,136
20,95,70,89,136
1,96,70,103,136
1,97,70,112,136
1,98,70,17,136
1,99,70,96,136
1,100,70,118,136
1,101,70,90,136
1,102,70,111,136
1,103,70,110,136
1,104,70,99,136
1,105,70,98,136
1,106,70,104,136
1,107,70,109,136
1,108,70,8,136
1,109,70,105,136
1,110,70,84,136
1,111,70,66,136
1,112,70,23,136
1,113,70,69,136
1,114,70,85,136
1,115,70,77,136
1,116,70,87,136
1,117,70,70,136
1,118,70,72,136
1,119,70,83,136
1,120,70,79,136
1,121,70,82,136
1,122,70,81,136
1,123,70,78,136
1,124,70,76,136
1,125,70,86,136
1,126,70,64,136
1,127,70,71,136
1,128,70,80,136
1,129,70,88,136
1,130,70,48,136
1,131,70,75,136
1,132,70,67,136
1,133,70,73,136
1,134,70,44,136
1,135,70,63,136
1,136,70,74,136
1,137,70,65,136
1,138,70,62,136
1,139,70,68,136
1,140,70,51,136
1,141,70,36,136
1,142,70,54,136
1,143,70,41,136
1,144,70,33,136
1,145,70,61,136
1,146,70,55,136
1,147,70,43,136
1,148,70,46,136
1,149,70,40,136
1,150,70,37,136
1,151,70,60,136
1,152,70,50,136
1,153,70,47,136
1,154,70,53,136
1,155,70,39,136
1,156,70,58,136
1,157,70,35,136
1,158,70,59,136
1,159,70,45,136
1,160,70,42,136
1,161,70,49,136
1,162,70,56,136
1,163,70,38,136
1,164,70,34,136
1,165,70,57,136
1,166,70,52,136
21,1,71,146,24
21,2,71,141,24
21,3,71,155,24
21,4,71,147,24
21,5,71,139,24
21,6,71,134,24
21,7,71,166,24
21,8,71,152,24
21,9,71,138,24
21,10,71,144,24
21,11,71,124,24
21,12,71,122,24
21,13,71,149,24
25,14,71,128,24
25,15,71,129,24
25,16,71,119,24
25,17,71,123,24
25,18,71,161,24
25,19,71,154,24
25,20,71,145,24
25,21,71,125,24
25,22,71,150,24
25,23,71,156,24
25,24,71,142,24
25,25,71,165,24
25,26,71,159,24
25,27,71,158,24
25,28,71,153,24
25,29,71,135,24
25,30,71,137,24
25,31,71,164,24
25,32,71,148,24
25,33,71,151,24
25,34,71,157,24
25,35,71,22,24
25,36,71,127,24
25,37,71,1,24
25,38,71,131,24
25,39,71,136,24
25,40,71,140,24
25,41,71,120,24
25,42,71,21,24
25,43,71,121,24
25,44,71,16,24
25,45,71,32,24
25,46,71,10,24
1,47,71,126,24
22,48,71,19,24
22,49,71,31,24
1,50,71,27,24
1,51,71,163,24
1,52,71,133,24
1,53,71,28,24
1,54,71,9,24
1,55,71,13,24
1,56,71,20,24
1,57,71,30,24
1,58,71,143,24
1,59,71,15,24
1,60,71,26,24
1,61,71,24,24
1,62,71,162,24
1,63,71,5,24
1,64,71,3,24
1,65,71,130,24
1,66,71,18,24
1,67,71,12,24
1,68,71,160,24
1,69,71,108,24
1,70,71,6,24
1,71,71,14,24
1,72,71,29,24
1,73,71,132,24
1,74,71,4,24
1,75,71,2,24
1,76,71,7,24
1,77,71,11,24
12,78,71,97,24
12,79,71,102,24
12,80,71,113,24
12,81,71,95,24
12,82,71,94,24
12,83,71,117,24
20,84,71,114,24
20,85,71,106,24
20,86,71,25,24
20,87,71,115,24
20,88,71,93,24
20,89,71,92,24
20,90,71,107,24
20,91,71,101,24
20,92,71,91,24
20,93,71,100,24
20,94,71,116,24
20,95,71,89,24
1,96,71,103,24
1,97,71,112,24
1,98,71,17,24
1,99,71,96,24
1,100,71,118,24
1,101,71,90,24
1,102,71,111,24
1,103,71,110,24
1,104,71,99,24
1,105,71,98,24
1,106,71,104,24
1,107,71,109,24
1,108,71,8,24
1,109,71,105,24
1,110,71,84,24
1,111,71,66,24
1,112,71,23,24
1,113,71,69,24
1,114,71,85,24
1,115,71,77,24
1,116,71,87,24
1,117,71,70,24
1,118,71,72,24
1,119,71,83,24
1,120,71,79,24
1,121,71,82,24
1,122,71,81,24
1,123,71,78,24
1,124,71,76,24
1,125,71,86,24
1,126,71,64,24
1,127,71,71,24
1,128,71,80,24
1,129,71,88,24
1,130,71,48,24
1,131,71,75,24
1,132,71,67,24
1,133,71,73,24
1,134,71,44,24
1,135,71,63,24
1,136,71,74,24
1,137,71,65,24
1,138,71,62,24
1,139,71,68,24
1,140,71,51,24
1,141,71,36,24
1,142,71,54,24
1,143,71,41,24
1,144,71,33,24
1,145,71,61,24
1,146,71,55,24
1,147,71,43,24
1,148,71,46,24
1,149,71,40,24
1,150,71,37,24
1,151,71,60,24
1,152,71,50,24
1,153,71,47,24
1,154,71,53,24
1,155,71,39,24
1,156,71,58,24
1,157,71,35,24
1,158,71,59,24
1,159,71,45,24
1,160,71,42,24
1,161,71,49,24
1,162,71,56,24
1,163,71,38,24
1,164,71,34,24
1,165,71,57,24
1,166,71,52,24
21,1,72,146,121
21,2,72,141,121
21,3,72,155,121
21,4,72,147,121
21,5,72,139,121
21,6,72,134,121
21,7,72,166,121
21,8,72,152,121
21,9,72,138,121
21,10,72,144,121
21,11,72,124,121
21,12,72,122,121
21,13,72,149,121
25,14,72,128,121
25,15,72,129,121
25,16,72,119,121
25,17,72,123,121
25,18,72,161,121
25,19,72,154,121
25,20,72,145,121
25,21,72,125,121
25,22,72,150,121
25,23,72,156,121
25,24,72,142,121
25,25,72,165,121
25,26,72,159,121
25,27,72,158,121
25,28,72,153,121
25,29,72,135,121
25,30,72,137,121
25,31,72,164,121
25,32,72,148,121
25,33,72,151,121
25,34,72,157,121
25,35,72,22,121
25,36,72,127,121
25,37,72,1,121
25,38,72,131,121
25,39,72,136,121
25,40,72,140,121
25,41,72,120,121
25,42,72,21,121
25,43,72,121,121
25,44,72,16,121
25,45,72,32,121
25,46,72,10,121
1,47,72,126,121
22,48,72,19,121
22,49,72,31,121
1,50,72,27,121
1,51,72,163,121
1,52,72,133,121
1,53,72,28,121
1,54,72,9,121
1,55,72,13,121
1,56,72,20,121
1,57,72,30,121
1,58,72,143,121
1,59,72,15,121
1,60,72,26,121
1,61,72,24,121
1,62,72,162,121
1,63,72,5,121
1,64,72,3,121
1,65,72,130,121
1,66,72,18,121
1,67,72,12,121
1,68,72,160,121
1,69,72,108,121
1,70,72,6,121
1,71,72,14,121
1,72,72,29,121
1,73,72,132,121
1,74,72,4,121
1,75,72,2,121
1,76,72,7,121
1,77,72,11,121
12,78,72,97,121
12,79,72,102,121
12,80,72,113,121
12,81,72,95,121
12,82,72,94,121
12,83,72,117,121
20,84,72,114,121
20,85,72,106,121
20,86,72,25,121
20,87,72,115,121
20,88,72,93,121
20,89,72,92,121
20,90,72,107,121
20,91,72,101,121
20,92,72,91,121
20,93,72,100,121
20,94,72,116,121
20,95,72,89,121
1,96,72,103,121
1,97,72,112,121
1,98,72,17,121
1,99,72,96,121
1,100,72,118,121
1,101,72,90,121
1,102,72,111,121
1,103,72,110,121
1,104,72,99,121
1,105,72,98,121
1,106,72,104,121
1,107,72,109,121
1,108,72,8,121
1,109,72,105,121
1,110,72,84,121
1,111,72,66,121
1,112,72,23,121
1,113,72,69,121
1,114,72,85,121
1,115,72,77,121
1,116,72,87,121
1,117,72,70,121
1,118,72,72,121
1,119,72,83,121
1,120,72,79,121
1,121,72,82,121
1,122,72,81,121
1,123,72,78,121
1,124,72,76,121
1,125,72,86,121
1,126,72,64,121
1,127,72,71,121
1,128,72,80,121
1,129,72,88,121
1,130,72,48,121
1,131,72,75,121
1,132,72,67,121
1,133,72,73,121
1,134,72,44,121
1,135,72,63,121
1,136,72,74,121
1,137,72,65,121
1,138,72,62,121
1,139,72,68,121
1,140,72,51,121
1,141,72,36,121
1,142,72,54,121
1,143,72,41,121
1,144,72,33,121
1,145,72,61,121
1,146,72,55,121
1,147,72,43,121
1,148,72,46,121
1,149,72,40,121
1,150,72,37,121
1,151,72,60,121
1,152,72,50,121
1,153,72,47,121
1,154,72,53,121
1,155,72,39,121
1,156,72,58,121
1,157,72,35,121
1,158,72,59,121
1,159,72,45,121
1,160,72,42,121
1,161,72,49,121
1,162,72,56,121
1,163,72,38,121
1,164,72,34,121
1,165,72,57,121
1,166,72,52,121
21,1,73,146,50
21,2,73,141,50
21,3,73,155,50
21,4,73,147,50
21,5,73,139,50
21,6,73,134,50
21,7,73,166,50
21,8,73,152,50
21,9,73,138,50
21,10,73,144,50
21,11,73,124,50
21,12,73,122,50
21,13,73,149,50
25,14,73,128,50
25,15,73,129,50
25,16,73,119,50
25,17,73,123,50
25,18,73,161,50
25,19,73,154,50
25,20,73,145,50
25,21,73,125,50
25,22,73,150,50
25,23,73,156,50
25,24,73,142,50
25,25,73,165,50
25,26,73,159,50
25,27,73,158,50
25,28,73,153,50
25,29,73,135,50
25,30,73,137,50
25,31,73,164,50
25,32,73,148,50
25,33,73,151,50
25,34,73,157,50
25,35,73,22,50
25,36,73,127,50
25,37,73,1,50
25,38,73,131,50
25,39,73,136,50
25,40,73,140,50
25,41,73,120,50
25,42,73,21,50
25,43,73,121,50
25,44,73,16,50
25,45,73,32,50
25,46,73,10,50
1,47,73,126,50
22,48,73,19,50
22,49,73,31,50
1,50,73,27,50
1,51,73,163,50
1,52,73,133,50
1,53,73,28,50
1,54,73,9,50
1,55,73,13,50
1,56,73,20,50
1,57,73,30,50
1,58,73,143,50
1,59,73,15,50
1,60,73,26,50
1,61,73,24,50
1,62,73,162,50
1,63,73,5,50
1,64,73,3,50
1,65,73,130,50
1,66,73,18,50
1,67,73,12,50
1,68,73,160,50
1,69,73,108,50
1,70,73,6,50
1,71,73,14,50
1,72,73,29,50
1,73,73,132,50
1,74,73,4,50
1,75,73,2,50
1,76,73,7,50
1,77,73,11,50
12,78,73,97,50
12,79,73,102,50
12,80,73,113,50
12,81,73,95,50
12,82,73,94,50
12,83,73,117,50
20,84,73,114,50
20,85,73,106,50
20,86,73,25,50
20,87,73,115,50
20,88,73,93,50
20,89,73,92,50
20,90,73,107,50
20,91,73,101,50
20,92,73,91,50
20,93,73,100,50
20,94,73,116,50
20,95,73,89,50
1,96,73,103,50
1,97,73,112,50
1,98,73,17,50
1,99,73,96,50
1,100,73,118,50
1,101,73,90,50
1,102,73,111,50
1,103,73,110,50
1,104,73,99,50
1,105,73,98,50
1,106,73,104,50
1,107,73,109,50
1,108,73,8,50
1,109,73,105,50
1,110,73,84,50
1,111,73,66,50
1,112,73,23,50
1,113,73,69,50
1,114,73,85,50
1,115,73,77,50
1,116,73,87,50
1,117,73,70,50
1,118,73,72,50
1,119,73,83,50
1,120,73,79,50
1,121,73,82,50
1,122,73,81,50
1,123,73,78,50
1,124,73,76,50
1,125,73,86,50
1,126,73,64,50
1,127,73,71,50
1,128,73,80,50
1,129,73,88,50
1,130,73,48,50
1,131,73,75,50
1,132,73,67,50
1,133,73,73,50
1,134,73,44,50
1,135,73,63,50
1,136,73,74,50
1,137,73,65,50
1,138,73,62,50
1,139,73,68,50
1,140,73,51,50
1,141,73,36,50
1,142,73,54,50
1,143,73,41,50
1,144,73,33,50
1,145,73,61,50
1,146,73,55,50
1,147,73,43,50
1,148,73,46,50
1,149,73,40,50
1,150,73,37,50
1,151,73,60,50
1,152,73,50,50
1,153,73,47,50
1,154,73,53,50
1,155,73,39,50
1,156,73,58,50
1,157,73,35,50
1,158,73,59,50
1,159,73,45,50
1,160,73,42,50
1,161,73,49,50
1,162,73,56,50
1,163,73,38,50
1,164,73,34,50
1,165,73,57,50
1,166,73,52,50
21,1,74,146,78
21,2,74,141,78
21,3,74,155,78
21,4,74,147,78
21,5,74,139,78
21,6,74,134,78
21,7,74,166,78
21,8,74,152,78
21,9,74,138,78
21,10,74,144,78
21,11,74,124,78
21,12,74,122,78
21,13,74,149,78
25,14,74,128,78
25,15,74,129,78
25,16,74,119,78
25,17,74,123,78
25,18,74,161,78
25,19,74,154,78
25,20,74,145,78
25,21,74,125,78
25,22,74,150,78
25,23,74,156,78
25,24,74,142,78
25,25,74,165,78
25,26,74,159,78
25,27,74,158,78
25,28,74,153,78
25,29,74,135,78
25,30,74,137,78
25,31,74,164,78
25,32,74,148,78
25,33,74,151,78
25,34,74,157,78
25,35,74,22,78
25,36,74,127,78
25,37,74,1,78
25,38,74,131,78
25,39,74,136,78
25,40,74,140,78
25,41,74,120,78
25,42,74,21,78
25,43,74,121,78
25,44,74,16,78
25,45,74,32,78
25,46,74,10,78
1,47,74,126,78
22,48,74,19,78
22,49,74,31,78
1,50,74,27,78
1,51,74,163,78
1,52,74,133,78
1,53,74,28,78
1,54,74,9,78
1,55,74,13,78
1,56,74,20,78
1,57,74,30,78
1,58,74,143,78
1,59,74,15,78
1,60,74,26,78
1,61,74,24,78
1,62,74,162,78
1,63,74,5,78
1,64,74,3,78
1,65,74,130,78
1,66,74,18,78
1,67,74,12,78
1,68,74,160,78
1,69,74,108,78
1,70,74,6,78
1,71,74,14,78
1,72,74,29,78
1,73,74,132,78
1,74,74,4,78
1,75,74,2,78
1,76,74,7,78
1,77,74,11,78
12,78,74,97,78
12,79,74,102,78
12,80,74,113,78
12,81,74,95,78
12,82,74,94,78
12,83,74,117,78
20,84,74,114,78
20,85,74,106,78
20,86,74,25,78
20,87,74,115,78
20,88,74,93,78
20,89,74,92,78
20,90,74,107,78
20,91,74,101,78
20,92,74,91,78
20,93,74,100,78
20,94,74,116,78
20,95,74,89,78
1,96,74,103,78
1,97,74,112,78
1,98,74,17,78
1,99,74,96,78
1,100,74,118,78
1,101,74,90,78
1,102,74,111,78
1,103,74,110,78
1,104,74,99,78
1,105,74,98,78
1,106,74,104,78
1,107,74,109,78
1,108,74,8,78
1,109,74,105,78
1,110,74,84,78
1,111,74,66,78
1,112,74,23,78
1,113,74,69,78
1,114,74,85,78
1,115,74,77,78
1,116,74,87,78
1,117,74,70,78
1,118,74,72,78
1,119,74,83,78
1,120,74,79,78
1,121,74,82,78
1,122,74,81,78
1,123,74,78,78
1,124,74,76,78
1,125,74,86,78
1,126,74,64,78
1,127,74,71,78
1,128,74,80,78
1,129,74,88,78
1,130,74,48,78
1,131,74,75,78
1,132,74,67,78
1,133,74,73,78
1,134,74,44,78
1,135,74,63,78
1,136,74,74,78
1,137,74,65,78
1,138,74,62,78
1,139,74,68,78
1,140,74,51,78
1,141,74,36,78
1,142,74,54,78
1,143,74,41,78
1,144,74,33,78
1,145,74,61,78
1,146,74,55,78
1,147,74,43,78
1,148,74,46,78
1,149,74,40,78
1,150,74,37,78
1,151,74,60,78
1,152,74,50,78
1,153,74,47,78
1,154,74,53,78
1,155,74,39,78
1,156,74,58,78
1,157,74,35,78
1,158,74,59,78
1,159,74,45,78
1,160,74,42,78
1,161,74,49,78
1,162,74,56,78
1,163,74,38,78
1,164,74,34,78
1,165,74,57,78
1,166,74,52,78
21,1,75,146,245
21,2,75,141,245
21,3,75,155,245
21,4,75,147,245
21,5,75,139,245
21,6,75,134,245
21,7,75,166,245
21,8,75,152,245
21,9,75,138,245
21,10,75,144,245
21,11,75,124,245
21,12,75,122,245
21,13,75,149,245
25,14,75,128,245
25,15,75,129,245
25,16,75,119,245
25,17,75,123,245
25,18,75,161,245
25,19,75,154,245
25,20,75,145,245
25,21,75,125,245
25,22,75,150,245
25,23,75,156,245
25,24,75,142,245
25,25,75,165,245
25,26,75,159,245
25,27,75,158,245
25,28,75,153,245
25,29,75,135,245
25,30,75,137,245
25,31,75,164,245
25,32,75,148,245
25,33,75,151,245
25,34,75,157,245
25,35,75,22,245
25,36,75,127,245
25,37,75,1,245
25,38,75,131,245
25,39,75,136,245
25,40,75,140,245
25,41,75,120,245
25,42,75,21,245
25,43,75,121,245
25,44,75,16,245
25,45,75,32,245
25,46,75,10,245
1,47,75,126,245
22,48,75,19,245
22,49,75,31,245
1,50,75,27,245
1,51,75,163,245
1,52,75,133,245
1,53,75,28,245
1,54,75,9,245
1,55,75,13,245
1,56,75,20,245
1,57,75,30,245
1,58,75,143,245
1,59,75,15,245
1,60,75,26,245
1,61,75,24,245
1,62,75,162,245
1,63,75,5,245
1,64,75,3,245
1,65,75,130,245
1,66,75,18,245
1,67,75,12,245
1,68,75,160,245
1,69,75,108,245
1,70,75,6,245
1,71,75,14,245
1,72,75,29,245
1,73,75,132,245
1,74,75,4,245
1,75,75,2,245
1,76,75,7,245
1,77,75,11,245
12,78,75,97,245
12,79,75,102,245
12,80,75,113,245
12,81,75,95,245
12,82,75,94,245
12,83,75,117,245
20,84,75,114,245
20,85,75,106,245
20,86,75,25,245
20,87,75,115,245
20,88,75,93,245
20,89,75,92,245
20,90,75,107,245
20,91,75,101,245
20,92,75,91,245
20,93,75,100,245
20,94,75,116,245
20,95,75,89,245
1,96,75,103,245
1,97,75,112,245
1,98,75,17,245
1,99,75,96,245
1,100,75,118,245
1,101,75,90,245
1,102,75,111,245
1,103,75,110,245
1,104,75,99,245
1,105,75,98,245
1,106,75,104,245
1,107,75,109,245
1,108,75,8,245
1,109,75,105,245
1,110,75,84,245
1,111,75,66,245
1,112,75,23,245
1,113,75,69,245
1,114,75,85,245
1,115,75,77,245
1,116,75,87,245
1,117,75,70,245
1,118,75,72,245
1,119,75,83,245
1,120,75,79,245
1,121,75,82,245
1,122,75,81,245
1,123,75,78,245
1,124,75,76,245
1,125,75,86,245
1,126,75,64,245
1,127,75,71,245
1,128,75,80,245
1,129,75,88,245
1,130,75,48,245
1,131,75,75,245
1,132,75,67,245
1,133,75,73,245
1,134,75,44,245
1,135,75,63,245
1,136,75,74,245
1,137,75,65,245
1,138,75,62,245
1,139,75,68,245
1,140,75,51,245
1,141,75,36,245
1,142,75,54,245
1,143,75,41,245
1,144,75,33,245
1,145,75,61,245
1,146,75,55,245
1,147,75,43,245
1,148,75,46,245
1,149,75,40,245
1,150,75,37,245
1,151,75,60,245
1,152,75,50,245
1,153,75,47,245
1,154,75,53,245
1,155,75,39,245
1,156,75,58,245
1,157,75,35,245
1,158,75,59,245
1,159,75,45,245
1,160,75,42,245
1,161,75,49,245
1,162,75,56,245
1,163,75,38,245
1,164,75,34,245
1,165,75,57,245
1,166,75,52,245
21,1,76,146,29
21,2,76,141,29
21,3,76,155,29
21,4,76,147,29
21,5,76,139,29
21,6,76,134,29
21,7,76,166,29
21,8,76,152,29
21,9,76,138,29
21,10,76,144,29
21,11,76,124,29
21,12,76,122,29
21,13,76,149,29
25,14,76,128,29
25,15,76,129,29
25,16,76,119,29
25,17,76,123,29
25,18,76,161,29
25,19,76,154,29
25,20,76,145,29
25,21,76,125,29
25,22,76,150,29
25,23,76,156,29
25,24,76,142,29
25,25,76,165,29
25,26,76,159,29
25,27,76,158,29
25,28,76,153,29
25,29,76,135,29
25,30,76,137,29
25,31,76,164,29
25,32,76,148,29
25,33,76,151,29
25,34,76,157,29
25,35,76,22,29
25,36,76,127,29
25,37,76,1,29
25,38,76,131,29
25,39,76,136,29
25,40,76,140,29
25,41,76,120,29
25,42,76,21,29
25,43,76,121,29
25,44,76,16,29
25,45,76,32,29
25,46,76,10,29
1,47,76,126,29
22,48,76,19,29
22,49,76,31,29
1,50,76,27,29
1,51,76,163,29
1,52,76,133,29
1,53,76,28,29
1,54,76,9,29
1,55,76,13,29
1,56,76,20,29
1,57,76,30,29
1,58,76,143,29
1,59,76,15,29
1,60,76,26,29
1,61,76,24,29
1,62,76,162,29
1,63,76,5,29
1,64,76,3,29
1,65,76,130,29
1,66,76,18,29
1,67,76,12,29
1,68,76,160,29
1,69,76,108,29
1,70,76,6,29
1,71,76,14,29
1,72,76,29,29
1,73,76,132,29
1,74,76,4,29
1,75,76,2,29
1,76,76,7,29
1,77,76,11,29
12,78,76,97,29
12,79,76,102,29
12,80,76,113,29
12,81,76,95,29
12,82,76,94,29
12,83,76,117,29
20,84,76,114,29
20,85,76,106,29
20,86,76,25,29
20,87,76,115,29
20,88,76,93,29
20,89,76,92,29
20,90,76,107,29
20,91,76,101,29
20,92,76,91,29
20,93,76,100,29
20,94,76,116,29
20,95,76,89,29
1,96,76,103,29
1,97,76,112,29
1,98,76,17,29
1,99,76,96,29
1,100,76,118,29
1,101,76,90,29
1,102,76,111,29
1,103,76,110,29
1,104,76,99,29
1,105,76,98,29
1,106,76,104,29
1,107,76,109,29
1,108,76,8,29
1,109,76,105,29
1,110,76,84,29
1,111,76,66,29
1,112,76,23,29
1,113,76,69,29
1,114,76,85,29
1,115,76,77,29
1,116,76,87,29
1,117,76,70,29
1,118,76,72,29
1,119,76,83,29
1,120,76,79,29
1,121,76,82,29
1,122,76,81,29
1,123,76,78,29
1,124,76,76,29
1,125,76,86,29
1,126,76,64,29
1,127,76,71,29
1,128,76,80,29
1,129,76,88,29
1,130,76,48,29
1,131,76,75,29
1,132,76,67,29
1,133,76,73,29
1,134,76,44,29
1,135,76,63,29
1,136,76,74,29
1,137,76,65,29
1,138,76,62,29
1,139,76,68,29
1,140,76,51,29
1,141,76,36,29
1,142,76,54,29
1,143,76,41,29
1,144,76,33,29
1,145,76,61,29
1,146,76,55,29
1,147,76,43,29
1,148,76,46,29
1,149,76,40,29
1,150,76,37,29
1,151,76,60,29
1,152,76,50,29
1,153,76,47,29
1,154,76,53,29
1,155,76,39,29
1,156,76,58,29
1,157,76,35,29
1,158,76,59,29
1,159,76,45,29
1,160,76,42,29
1,161,76,49,29
1,162,76,56,29
1,163,76,38,29
1,164,76,34,29
1,165,76,57,29
1,166,76,52,29
21,1,77,146,207
21,2,77,141,207
21,3,77,155,207
21,4,77,147,207
21,5,77,139,207
21,6,77,134,207
21,7,77,166,207
21,8,77,152,207
21,9,77,138,207
21,10,77,144,207
21,11,77,124,207
21,12,77,122,207
21,13,77,149,207
25,14,77,128,207
25,15,77,129,207
25,16,77,119,207
25,17,77,123,207
25,18,77,161,207
25,19,77,154,207
25,20,77,145,207
25,21,77,125,207
25,22,77,150,207
25,23,77,156,207
25,24,77,142,207
25,25,77,165,207
25,26,77,159,207
25,27,77,158,207
25,28,77,153,207
25,29,77,135,207
25,30,77,137,207
25,31,77,164,207
25,32,77,148,207
25,33,77,151,207
25,34,77,157,207
25,35,77,22,207
25,36,77,127,207
25,37,77,1,207
25,38,77,131,207
25,39,77,136,207
25,40,77,140,207
25,41,77,120,207
25,42,77,21,207
25,43,77,121,207
25,44,77,16,207
25,45,77,32,207
25,46,77,10,207
1,47,77,126,207
22,48,77,19,207
22,49,77,31,207
1,50,77,27,207
1,51,77,163,207
1,52,77,133,207
1,53,77,28,207
1,54,77,9,207
1,55,77,13,207
1,56,77,20,207
1,57,77,30,207
1,58,77,143,207
1,59,77,15,207
1,60,77,26,207
1,61,77,24,207
1,62,77,162,207
1,63,77,5,207
1,64,77,3,207
1,65,77,130,207
1,66,77,18,207
1,67,77,12,207
1,68,77,160,207
1,69,77,108,207
1,70,77,6,207
1,71,77,14,207
1,72,77,29,207
1,73,77,132,207
1,74,77,4,207
1,75,77,2,207
1,76,77,7,207
1,77,77,11,207
12,78,77,97,207
12,79,77,102,207
12,80,77,113,207
12,81,77,95,207
12,82,77,94,207
12,83,77,117,207
20,84,77,114,207
20,85,77,106,207
20,86,77,25,207
20,87,77,115,207
20,88,77,93,207
20,89,77,92,207
20,90,77,107,207
20,91,77,101,207
20,92,77,91,207
20,93,77,100,207
20,94,77,116,207
20,95,77,89,207
1,96,77,103,207
1,97,77,112,207
1,98,77,17,207
1,99,77,96,207
1,100,77,118,207
1,101,77,90,207
1,102,77,111,207
1,103,77,110,207
1,104,77,99,207
1,105,77,98,207
1,106,77,104,207
1,107,77,109,207
1,108,77,8,207
1,109,77,105,207
1,110,77,84,207
1,111,77,66,207
1,112,77,23,207
1,113,77,69,207
1,114,77,85,207
1,115,77,77,207
1,116,77,87,207
1,117,77,70,207
1,118,77,72,207
1,119,77,83,207
1,120,77,79,207
1,121,77,82,207
1,122,77,81,207
1,123,77,78,207
1,124,77,76,207
1,125,77,86,207
1,126,77,64,207
1,127,77,71,207
1,128,77,80,207
1,129,77,88,207
1,130,77,48,207
1,131,77,75,207
1,132,77,67,207
1,133,77,73,207
1,134,77,44,207
1,135,77,63,207
1,136,77,74,207
1,137,77,65,207
1,138,77,62,207
1,139,77,68,207
1,140,77,51,207
1,141,77,36,207
1,142,77,54,207
1,143,77,41,207
1,144,77,33,207
1,145,77,61,207
1,146,77,55,207
1,147,77,43,207
1,148,77,46,207
1,149,77,40,207
1,150,77,37,207
1,151,77,60,207
1,152,77,50,207
1,153,77,47,207
1,154,77,53,207
1,155,77,39,207
1,156,77,58,207
1,157,77,35,207
1,158,77,59,207
1,159,77,45,207
1,160,77,42,207
1,161,77,49,207
1,162,77,56,207
1,163,77,38,207
1,164,77,34,207
1,165,77,57,207
1,166,77,52,207
1,1,78,146,263
1,2,78,141,263
1,3,78,155,263
1,4,78,147,263
1,5,78,139,263
1,6,78,134,263
1,7,78,166,263
1,8,78,152,263
1,9,78,138,263
1,10,78,144,263
1,11,78,124,263
1,12,78,122,263
1,13,78,149,263
1,14,78,128,263
1,15,78,129,263
1,16,78,119,263
1,17,78,123,263
1,18,78,161,263
1,19,78,154,263
1,20,78,145,263
1,21,78,125,263
1,22,78,150,263
1,23,78,156,263
1,24,78,142,263
1,25,78,165,263
1,26,78,159,263
1,27,78,158,263
1,28,78,153,263
1,29,78,135,263
1,30,78,137,263
1,31,78,164,263
1,32,78,148,263
1,33,78,151,263
1,34,78,157,263
1,35,78,22,263
1,36,78,127,263
1,37,78,1,263
1,38,78,131,263
1,39,78,136,263
1,40,78,140,263
1,41,78,120,263
1,42,78,21,263
1,43,78,121,263
1,44,78,16,263
26,45,78,32,263
26,46,78,10,263
1,47,78,126,263
22,48,78,19,263
22,49,78,31,263
1,50,78,27,263
1,51,78,163,263
1,52,78,133,263
1,53,78,28,263
1,54,78,9,263
1,55,78,13,263
1,56,78,20,263
1,57,78,30,263
1,58,78,143,263
1,59,78,15,263
1,60,78,26,263
1,61,78,24,263
1,62,78,162,263
1,63,78,5,263
1,64,78,3,263
1,65,78,130,263
1,66,78,18,263
1,67,78,12,263
1,68,78,160,263
1,69,78,108,263
1,70,78,6,263
1,71,78,14,263
1,72,78,29,263
1,73,78,132,263
1,74,78,4,263
1,75,78,2,263
1,76,78,7,263
1,77,78,11,263
12,78,78,97,263
12,79,78,102,263
12,80,78,113,263
12,81,78,95,263
12,82,78,94,263
12,83,78,117,263
20,84,78,114,263
20,85,78,106,263
20,86,78,25,263
20,87,78,115,263
20,88,78,93,263
20,89,78,92,263
20,90,78,107,263
20,91,78,101,263
20,92,78,91,263
20,93,78,100,263
20,94,78,116,263
20,95,78,89,263
1,96,78,103,263
1,97,78,112,263
1,98,78,17,263
1,99,78,96,263
1,100,78,118,263
1,101,78,90,263
1,102,78,111,263
1,103,78,110,263
1,104,78,99,263
1,105,78,98,263
1,106,78,104,263
1,107,78,109,263
1,108,78,8,263
1,109,78,105,263
1,110,78,84,263
1,111,78,66,263
1,112,78,23,263
1,113,78,69,263
1,114,78,85,263
1,115,78,77,263
1,116,78,87,263
1,117,78,70,263
1,118,78,72,263
1,119,78,83,263
1,120,78,79,263
1,121,78,82,263
1,122,78,81,263
1,123,78,78,263
1,124,78,76,263
1,125,78,86,263
1,126,78,64,263
1,127,78,71,263
1,128,78,80,263
1,129,78,88,263
1,130,78,48,263
1,131,78,75,263
1,132,78,67,263
1,133,78,73,263
1,134,78,44,263
1,135,78,63,263
1,136,78,74,263
1,137,78,65,263
1,138,78,62,263
1,139,78,68,263
1,140,78,51,263
1,141,78,36,263
1,142,78,54,263
1,143,78,41,263
1,144,78,33,263
1,145,78,61,263
1,146,78,55,263
1,147,78,43,263
1,148,78,46,263
1,149,78,40,263
1,150,78,37,263
1,151,78,60,263
1,152,78,50,263
1,153,78,47,263
1,154,78,53,263
1,155,78,39,263
1,156,78,58,263
1,157,78,35,263
1,158,78,59,263
1,159,78,45,263
1,160,78,42,263
1,161,78,49,263
1,162,78,56,263
1,163,78,38,263
1,164,78,34,263
1,165,78,57,263
1,166,78,52,263
1,1,79,146,93
1,2,79,141,93
1,3,79,155,93
1,4,79,147,93
1,5,79,139,93
1,6,79,134,93
1,7,79,166,93
1,8,79,152,93
1,9,79,138,93
1,10,79,144,93
1,11,79,124,93
1,12,79,122,93
1,13,79,149,93
1,14,79,128,93
1,15,79,129,93
1,16,79,119,93
1,17,79,123,93
1,18,79,161,93
1,19,79,154,93
1,20,79,145,93
1,21,79,125,93
1,22,79,150,93
1,23,79,156,93
1,24,79,142,93
1,25,79,165,93
1,26,79,159,93
1,27,79,158,93
1,28,79,153,93
1,29,79,135,93
1,30,79,137,93
1,31,79,164,93
1,32,79,148,93
1,33,79,151,93
1,34,79,157,93
1,35,79,22,93
1,36,79,127,93
1,37,79,1,93
1,38,79,131,93
1,39,79,136,93
1,40,79,140,93
1,41,79,120,93
1,42,79,21,93
1,43,79,121,93
1,44,79,16,93
26,45,79,32,93
26,46,79,10,93
1,47,79,126,93
22,48,79,19,93
22,49,79,31,93
1,50,79,27,93
1,51,79,163,93
1,52,79,133,93
1,53,79,28,93
1,54,79,9,93
1,55,79,13,93
1,56,79,20,93
1,57,79,30,93
1,58,79,143,93
1,59,79,15,93
1,60,79,26,93
1,61,79,24,93
1,62,79,162,93
1,63,79,5,93
1,64,79,3,93
1,65,79,130,93
1,66,79,18,93
1,67,79,12,93
1,68,79,160,93
1,69,79,108,93
1,70,79,6,93
1,71,79,14,93
1,72,79,29,93
1,73,79,132,93
1,74,79,4,93
1,75,79,2,93
1,76,79,7,93
1,77,79,11,93
12,78,79,97,93
12,79,79,102,93
12,80,79,113,93
12,81,79,95,93
12,82,79,94,93
12,83,79,117,93
20,84,79,114,93
20,85,79,106,93
20,86,79,25,93
20,87,79,115,93
20,88,79,93,93
20,89,79,92,93
20,90,79,107,93
20,91,79,101,93
20,92,79,91,93
20,93,79,100,93
20,94,79,116,93
20,95,79,89,93
1,96,79,103,93
1,97,79,112,93
1,98,79,17,93
1,99,79,96,93
1,100,79,118,93
1,101,79,90,93
1,102,79,111,93
1,103,79,110,93
1,104,79,99,93
1,105,79,98,93
1,106,79,104,93
1,107,79,109,93
1,108,79,8,93
1,109,79,105,93
1,110,79,84,93
1,111,79,66,93
1,112,79,23,93
1,113,79,69,93
1,114,79,85,93
1,115,79,77,93
1,116,79,87,93
1,117,79,70,93
1,118,79,72,93
1,119,79,83,93
1,120,79,79,93
1,121,79,82,93
1,122,79,81,93
1,123,79,78,93
1,124,79,76,93
1,125,79,86,93
1,126,79,64,93
1,127,79,71,93
1,128,79,80,93
1,129,79,88,93
1,130,79,48,93
1,131,79,75,93
1,132,79,67,93
1,133,79,73,93
1,134,79,44,93
1,135,79,63,93
1,136,79,74,93
1,137,79,65,93
1,138,79,62,93
1,139,79,68,93
1,140,79,51,93
1,141,79,36,93
1,142,79,54,93
1,143,79,41,93
1,144,79,33,93
1,145,79,61,93
1,146,79,55,93
1,147,79,43,93
1,148,79,46,93
1,149,79,40,93
1,150,79,37,93
1,151,79,60,93
1,152,79,50,93
1,153,79,47,93
1,154,79,53,93
1,155,79,39,93
1,156,79,58,93
1,157,79,35,93
1,158,79,59,93
1,159,79,45,93
1,160,79,42,93
1,161,79,49,93
1,162,79,56,93
1,163,79,38,93
1,164,79,34,93
1,165,79,57,93
1,166,79,52,93
1,1,80,146,182
1,2,80,141,182
1,3,80,155,182
1,4,80,147,182
1,5,80,139,182
1,6,80,134,182
1,7,80,166,182
1,8,80,152,182
1,9,80,138,182
1,10,80,144,182
1,11,80,124,182
1,12,80,122,182
1,13,80,149,182
1,14,80,128,182
1,15,80,129,182
1,16,80,119,182
1,17,80,123,182
1,18,80,161,182
1,19,80,154,182
1,20,80,145,182
1,21,80,125,182
1,22,80,150,182
1,23,80,156,182
1,24,80,142,182
1,25,80,165,182
1,26,80,159,182
1,27,80,158,182
1,28,80,153,182
1,29,80,135,182
1,30,80,137,182
1,31,80,164,182
1,32,80,148,182
1,33,80,151,182
1,34,80,157,182
1,35,80,22,182
1,36,80,127,182
1,37,80,1,182
1,38,80,131,182
1,39,80,136,182
1,40,80,140,182
1,41,80,120,182
1,42,80,21,182
1,43,80,121,182
1,44,80,16,182
26,45,80,32,182
26,46,80,10,182
1,47,80,126,182
22,48,80,19,182
22,49,80,31,182
1,50,80,27,182
1,51,80,163,182
1,52,80,133,182
1,53,80,28,182
1,54,80,9,182
1,55,80,13,182
1,56,80,20,182
1,57,80,30,182
1,58,80,143,182
1,59,80,15,182
1,60,80,26,182
1,61,80,24,182
1,62,80,162,182
1,63,80,5,182
1,64,80,3,182
1,65,80,130,182
1,66,80,18,182
1,67,80,12,182
1,68,80,160,182
1,69,80,108,182
1,70,80,6,182
1,71,80,14,182
1,72,80,29,182
1,73,80,132,182
1,74,80,4,182
1,75,80,2,182
1,76,80,7,182
1,77,80,11,182
1,78,80,97,182
1,79,80,102,182
1,80,80,113,182
1,81,80,95,182
1,82,80,94,182
1,83,80,117,182
1,84,80,114,182
1,85,80,106,182
1,86,80,25,182
1,87,80,115,182
1,88,80,93,182
1,89,80,92,182
1,90,80,107,182
1,91,80,101,182
1,92,80,91,182
1,93,80,100,182
1,94,80,116,182
1,95,80,89,182
1,96,80,103,182
1,97,80,112,182
1,98,80,17,182
1,99,80,96,182
1,100,80,118,182
1,101,80,90,182
1,102,80,111,182
1,103,80,110,182
1,104,80,99,182
1,105,80,98,182
1,106,80,104,182
1,107,80,109,182
1,108,80,8,182
1,109,80,105,182
1,110,80,84,182
1,111,80,66,182
1,112,80,23,182
1,113,80,69,182
1,114,80,85,182
1,115,80,77,182
1,116,80,87,182
1,117,80,70,182
1,118,80,72,182
1,119,80,83,182
1,120,80,79,182
1,121,80,82,182
1,122,80,81,182
1,123,80,78,182
1,124,80,76,182
1,125,80,86,182
1,126,80,64,182
1,127,80,71,182
1,128,80,80,182
1,129,80,88,182
1,130,80,48,182
1,131,80,75,182
1,132,80,67,182
1,133,80,73,182
1,134,80,44,182
1,135,80,63,182
1,136,80,74,182
1,137,80,65,182
1,138,80,62,182
1,139,80,68,182
1,140,80,51,182
1,141,80,36,182
1,142,80,54,182
1,143,80,41,182
1,144,80,33,182
1,145,80,61,182
1,146,80,55,182
1,147,80,43,182
1,148,80,46,182
1,149,80,40,182
1,150,80,37,182
1,151,80,60,182
1,152,80,50,182
1,153,80,47,182
1,154,80,53,182
1,155,80,39,182
1,156,80,58,182
1,157,80,35,182
1,158,80,59,182
1,159,80,45,182
1,160,80,42,182
1,161,80,49,182
1,162,80,56,182
1,163,80,38,182
1,164,80,34,182
1,165,80,57,182
1,166,80,52,182
1,1,81,146,68
1,2,81,141,68
1,3,81,155,68
1,4,81,147,68
1,5,81,139,68
1,6,81,134,68
1,7,81,166,68
1,8,81,152,68
1,9,81,138,68
1,10,81,144,68
1,11,81,124,68
1,12,81,122,68
1,13,81,149,68
1,14,81,128,68
1,15,81,129,68
1,16,81,119,68
1,17,81,123,68
1,18,81,161,68
1,19,81,154,68
1,20,81,145,68
1,21,81,125,68
1,22,81,150,68
1,23,81,156,68
1,24,81,142,68
1,25,81,165,68
1,26,81,159,68
1,27,81,158,68
1,28,81,153,68
1,29,81,135,68
1,30,81,137,68
1,31,81,164,68
1,32,81,148,68
1,33,81,151,68
1,34,81,157,68
1,35,81,22,68
1,36,81,127,68
1,37,81,1,68
1,38,81,131,68
1,39,81,136,68
1,40,81,140,68
1,41,81,120,68
1,42,81,21,68
1,43,81,121,68
1,44,81,16,68
26,45,81,32,68
26,46,81,10,68
1,47,81,126,68
22,48,81,19,68
22,49,81,31,68
1,50,81,27,68
1,51,81,163,68
1,52,81,133,68
1,53,81,28,68
1,54,81,9,68
1,55,81,13,68
1,56,81,20,68
1,57,81,30,68
1,58,81,143,68
1,59,81,15,68
1,60,81,26,68
1,61,81,24,68
1,62,81,162,68
1,63,81,5,68
1,64,81,3,68
1,65,81,130,68
1,66,81,18,68
1,67,81,12,68
1,68,81,160,68
1,69,81,108,68
1,70,81,6,68
1,71,81,14,68
1,72,81,29,68
1,73,81,132,68
1,74,81,4,68
1,75,81,2,68
1,76,81,7,68
1,77,81,11,68
1,78,81,97,68
1,79,81,102,68
1,80,81,113,68
1,81,81,95,68
1,82,81,94,68
1,83,81,117,68
1,84,81,114,68
1,85,81,106,68
1,86,81,25,68
1,87,81,115,68
1,88,81,93,68
1,89,81,92,68
1,90,81,107,68
1,91,81,101,68
1,92,81,91,68
1,93,81,100,68
1,94,81,116,68
1,95,81,89,68
1,96,81,103,68
1,97,81,112,68
1,98,81,17,68
1,99,81,96,68
1,100,81,118,68
1,101,81,90,68
1,102,81,111,68
1,103,81,110,68
1,104,81,99,68
1,105,81,98,68
1,106,81,104,68
1,107,81,109,68
1,108,81,8,68
1,109,81,105,68
1,110,81,84,68
1,111,81,66,68
1,112,81,23,68
1,113,81,69,68
1,114,81,85,68
1,115,81,77,68
1,116,81,87,68
1,117,81,70,68
1,118,81,72,68
1,119,81,83,68
1,120,81,79,68
1,121,81,82,68
1,122,81,81,68
1,123,81,78,68
1,124,81,76,68
1,125,81,86,68
1,126,81,64,68
1,127,81,71,68
1,128,81,80,68
1,129,81,88,68
1,130,81,48,68
1,131,81,75,68
1,132,81,67,68
1,133,81,73,68
1,134,81,44,68
1,135,81,63,68
1,136,81,74,68
1,137,81,65,68
1,138,81,62,68
1,139,81,68,68
1,140,81,51,68
1,141,81,36,68
1,142,81,54,68
1,143,81,41,68
1,144,81,33,68
1,145,81,61,68
1,146,81,55,68
1,147,81,43,68
1,148,81,46,68
1,149,81,40,68
1,150,81,37,68
1,151,81,60,68
1,152,81,50,68
1,153,81,47,68
1,154,81,53,68
1,155,81,39,68
1,156,81,58,68
1,157,81,35,68
1,158,81,59,68
1,159,81,45,68
1,160,81,42,68
1,161,81,49,68
1,162,81,56,68
1,163,81,38,68
1,164,81,34,68
1,165,81,57,68
1,166,81,52,68
1,1,82,146,30
1,2,82,141,30
1,3,82,155,30
1,4,82,147,30
1,5,82,139,30
1,6,82,134,30
1,7,82,166,30
1,8,82,152,30
1,9,82,138,30
1,10,82,144,30
1,11,82,124,30
1,12,82,122,30
1,13,82,149,30
1,14,82,128,30
1,15,82,129,30
1,16,82,119,30
1,17,82,123,30
1,18,82,161,30
1,19,82,154,30
1,20,82,145,30
1,21,82,125,30
1,22,82,150,30
1,23,82,156,30
1,24,82,142,30
1,25,82,165,30
1,26,82,159,30
1,27,82,158,30
1,28,82,153,30
1,29,82,135,30
1,30,82,137,30
1,31,82,164,30
1,32,82,148,30
1,33,82,151,30
1,34,82,157,30
1,35,82,22,30
1,36,82,127,30
1,37,82,1,30
1,38,82,131,30
1,39,82,136,30
1,40,82,140,30
1,41,82,120,30
1,42,82,21,30
1,43,82,121,30
1,44,82,16,30
26,45,82,32,30
26,46,82,10,30
1,47,82,126,30
22,48,82,19,30
22,49,82,31,30
1,50,82,27,30
1,51,82,163,30
1,52,82,133,30
1,53,82,28,30
1,54,82,9,30
1,55,82,13,30
1,56,82,20,30
1,57,82,30,30
1,58,82,143,30
1,59,82,15,30
1,60,82,26,30
1,61,82,24,30
1,62,82,162,30
1,63,82,5,30
1,64,82,3,30
1,65,82,130,30
1,66,82,18,30
1,67,82,12,30
1,68,82,160,30
1,69,82,108,30
1,70,82,6,30
1,71,82,14,30
1,72,82,29,30
1,73,82,132,30
1,74,82,4,30
1,75,82,2,30
1,76,82,7,30
1,77,82,11,30
1,78,82,97,30
1,79,82,102,30
1,80,82,113,30
1,81,82,95,30
1,82,82,94,30
1,83,82,117,30
1,84,82,114,30
1,85,82,106,30
1,86,82,25,30
1,87,82,115,30
1,88,82,93,30
1,89,82,92,30
1,90,82,107,30
1,91,82,101,30
1,92,82,91,30
1,93,82,100,30
1,94,82,116,30
1,95,82,89,30
1,96,82,103,30
1,97,82,112,30
1,98,82,17,30
1,99,82,96,30
1,100,82,118,30
1,101,82,90,30
1,102,82,111,30
1,103,82,110,30
1,104,82,99,30
1,105,82,98,30
1,106,82,104,30
1,107,82,109,30
1,108,82,8,30
1,109,82,105,30
1,110,82,84,30
1,111,82,66,30
1,112,82,23,30
1,113,82,69,30
1,114,82,85,30
1,115,82,77,30
1,116,82,87,30
1,117,82,70,30
1,118,82,72,30
1,119,82,83,30
1,120,82,79,30
1,121,82,82,30
1,122,82,81,30
1,123,82,78,30
1,124,82,76,30
1,125,82,86,30
1,126,82,64,30
1,127,82,71,30
1,128,82,80,30
1,129,82,88,30
1,130,82,48,30
1,131,82,75,30
1,132,82,67,30
1,133,82,73,30
1,134,82,44,30
1,135,82,63,30
1,136,82,74,30
1,137,82,65,30
1,138,82,62,30
1,139,82,68,30
1,140,82,51,30
1,141,82,36,30
1,142,82,54,30
1,143,82,41,30
1,144,82,33,30
1,145,82,61,30
1,146,82,55,30
1,147,82,43,30
1,148,82,46,30
1,149,82,40,30
1,150,82,37,30
1,151,82,60,30
1,152,82,50,30
1,153,82,47,30
1,154,82,53,30
1,155,82,39,30
1,156,82,58,30
1,157,82,35,30
1,158,82,59,30
1,159,82,45,30
1,160,82,42,30
1,161,82,49,30
1,162,82,56,30
1,163,82,38,30
1,164,82,34,30
1,165,82,57,30
1,166,82,52,30
1,1,83,146,185
1,2,83,141,185
1,3,83,155,185
1,4,83,147,185
1,5,83,139,185
1,6,83,134,185
1,7,83,166,185
1,8,83,152,185
1,9,83,138,185
1,10,83,144,185
1,11,83,124,185
1,12,83,122,185
1,13,83,149,185
1,14,83,128,185
1,15,83,129,185
1,16,83,119,185
1,17,83,123,185
1,18,83,161,185
1,19,83,154,185
1,20,83,145,185
1,21,83,125,185
1,22,83,150,185
1,23,83,156,185
1,24,83,142,185
1,25,83,165,185
1,26,83,159,185
1,27,83,158,185
1,28,83,153,185
1,29,83,135,185
1,30,83,137,185
1,31,83,164,185
1,32,83,148,185
1,33,83,151,185
1,34,83,157,185
1,35,83,22,185
1,36,83,127,185
1,37,83,1,185
1,38,83,131,185
1,39,83,136,185
1,40,83,140,185
1,41,83,120,185
1,42,83,21,185
1,43,83,121,185
1,44,83,16,185
26,45,83,32,185
26,46,83,10,185
1,47,83,126,185
22,48,83,19,185
22,49,83,31,185
1,50,83,27,185
1,51,83,163,185
1,52,83,133,185
1,53,83,28,185
1,54,83,9,185
1,55,83,13,185
1,56,83,20,185
1,57,83,30,185
1,58,83,143,185
1,59,83,15,185
1,60,83,26,185
1,61,83,24,185
1,62,83,162,185
1,63,83,5,185
1,64,83,3,185
1,65,83,130,185
1,66,83,18,185
1,67,83,12,185
1,68,83,160,185
1,69,83,108,185
1,70,83,6,185
1,71,83,14,185
1,72,83,29,185
1,73,83,132,185
1,74,83,4,185
1,75,83,2,185
1,76,83,7,185
1,77,83,11,185
1,78,83,97,185
1,79,83,102,185
1,80,83,113,185
1,81,83,95,185
1,82,83,94,185
1,83,83,117,185
1,84,83,114,185
1,85,83,106,185
1,86,83,25,185
1,87,83,115,185
1,88,83,93,185
1,89,83,92,185
1,90,83,107,185
1,91,83,101,185
1,92,83,91,185
1,93,83,100,185
1,94,83,116,185
1,95,83,89,185
1,96,83,103,185
1,97,83,112,185
1,98,83,17,185
1,99,83,96,185
1,100,83,118,185
1,101,83,90,185
1,102,83,111,185
1,103,83,110,185
1,104,83,99,185
1,105,83,98,185
1,106,83,104,185
1,107,83,109,185
1,108,83,8,185
1,109,83,105,185
1,110,83,84,185
1,111,83,66,185
1,112,83,23,185
1,113,83,69,185
1,114,83,85,185
1,115,83,77,185
1,116,83,87,185
1,117,83,70,185
1,118,83,72,185
1,119,83,83,185
1,120,83,79,185
1,121,83,82,185
1,122,83,81,185
1,123,83,78,185
1,124,83,76,185
1,125,83,86,185
1,126,83,64,185
1,127,83,71,185
1,128,83,80,185
1,129,83,88,185
1,130,83,48,185
1,131,83,75,185
1,132,83,67,185
1,133,83,73,185
1,134,83,44,185
1,135,83,63,185
1,136,83,74,185
1,137,83,65,185
1,138,83,62,185
1,139,83,68,185
1,140,83,51,185
1,141,83,36,185
1,142,83,54,185
1,143,83,41,185
1,144,83,33,185
1,145,83,61,185
1,146,83,55,185
1,147,83,43,185
1,148,83,46,185
1,149,83,40,185
1,150,83,37,185
1,151,83,60,185
1,152,83,50,185
1,153,83,47,185
1,154,83,53,185
1,155,83,39,185
1,156,83,58,185
1,157,83,35,185
1,158,83,59,185
1,159,83,45,185
1,160,83,42,185
1,161,83,49,185
1,162,83,56,185
1,163,83,38,185
1,164,83,34,185
1,165,83,57,185
1,166,83,52,185
1,1,84,146,160
1,2,84,141,160
1,3,84,155,160
1,4,84,147,160
1,5,84,139,160
1,6,84,134,160
1,7,84,166,160
1,8,84,152,160
1,9,84,138,160
1,10,84,144,160
1,11,84,124,160
1,12,84,122,160
1,13,84,149,160
1,14,84,128,160
1,15,84,129,160
1,16,84,119,160
1,17,84,123,160
1,18,84,161,160
1,19,84,154,160
1,20,84,145,160
1,21,84,125,160
1,22,84,150,160
1,23,84,156,160
1,24,84,142,160
1,25,84,165,160
1,26,84,159,160
1,27,84,158,160
1,28,84,153,160
1,29,84,135,160
1,30,84,137,160
1,31,84,164,160
1,32,84,148,160
1,33,84,151,160
1,34,84,157,160
1,35,84,22,160
1,36,84,127,160
1,37,84,1,160
1,38,84,131,160
1,39,84,136,160
1,40,84,140,160
1,41,84,120,160
1,42,84,21,160
1,43,84,121,160
1,44,84,16,160
26,45,84,32,160
26,46,84,10,160
1,47,84,126,160
22,48,84,19,160
22,49,84,31,160
1,50,84,27,160
1,51,84,163,160
1,52,84,133,160
1,53,84,28,160
1,54,84,9,160
1,55,84,13,160
1,56,84,20,160
1,57,84,30,160
1,58,84,143,160
1,59,84,15,160
1,60,84,26,160
1,61,84,24,160
1,62,84,162,160
1,63,84,5,160
1,64,84,3,160
1,65,84,130,160
1,66,84,18,160
1,67,84,12,160
1,68,84,160,160
1,69,84,108,160
1,70,84,6,160
1,71,84,14,160
1,72,84,29,160
1,73,84,132,160
1,74,84,4,160
1,75,84,2,160
1,76,84,7,160
1,77,84,11,160
1,78,84,97,160
1,79,84,102,160
1,80,84,113,160
1,81,84,95,160
1,82,84,94,160
1,83,84,117,160
1,84,84,114,160
1,85,84,106,160
1,86,84,25,160
1,87,84,115,160
1,88,84,93,160
1,89,84,92,160
1,90,84,107,160
1,91,84,101,160
1,92,84,91,160
1,93,84,100,160
1,94,84,116,160
1,95,84,89,160
1,96,84,103,160
1,97,84,112,160
1,98,84,17,160
1,99,84,96,160
1,100,84,118,160
1,101,84,90,160
1,102,84,111,160
1,103,84,110,160
1,104,84,99,160
1,105,84,98,160
1,106,84,104,160
1,107,84,109,160
1,108,84,8,160
1,109,84,105,160
1,110,84,84,160
1,111,84,66,160
1,112,84,23,160
1,113,84,69,160
1,114,84,85,160
1,115,84,77,160
1,116,84,87,160
1,117,84,70,160
1,118,84,72,160
1,119,84,83,160
1,120,84,79,160
1,121,84,82,160
1,122,84,81,160
1,123,84,78,160
1,124,84,76,160
1,125,84,86,160
1,126,84,64,160
1,127,84,71,160
1,128,84,80,160
1,129,84,88,160
1,130,84,48,160
1,131,84,75,160
1,132,84,67,160
1,133,84,73,160
1,134,84,44,160
1,135,84,63,160
1,136,84,74,160
1,137,84,65,160
1,138,84,62,160
1,139,84,68,160
1,140,84,51,160
1,141,84,36,160
1,142,84,54,160
1,143,84,41,160
1,144,84,33,160
1,145,84,61,160
1,146,84,55,160
1,147,84,43,160
1,148,84,46,160
1,149,84,40,160
1,150,84,37,160
1,151,84,60,160
1,152,84,50,160
1,153,84,47,160
1,154,84,53,160
1,155,84,39,160
1,156,84,58,160
1,157,84,35,160
1,158,84,59,160
1,159,84,45,160
1,160,84,42,160
1,161,84,49,160
1,162,84,56,160
1,163,84,38,160
1,164,84,34,160
1,165,84,57,160
1,166,84,52,160
1,1,85,146,88
1,2,85,141,88
1,3,85,155,88
1,4,85,147,88
1,5,85,139,88
1,6,85,134,88
1,7,85,166,88
1,8,85,152,88
1,9,85,138,88
1,10,85,144,88
1,11,85,124,88
1,12,85,122,88
1,13,85,149,88
1,14,85,128,88
1,15,85,129,88
1,16,85,119,88
1,17,85,123,88
1,18,85,161,88
1,19,85,154,88
1,20,85,145,88
1,21,85,125,88
1,22,85,150,88
1,23,85,156,88
1,24,85,142,88
1,25,85,165,88
1,26,85,159,88
1,27,85,158,88
1,28,85,153,88
1,29,85,135,88
1,30,85,137,88
1,31,85,164,88
1,32,85,148,88
1,33,85,151,88
1,34,85,157,88
1,35,85,22,88
1,36,85,127,88
1,37,85,1,88
1,38,85,131,88
1,39,85,136,88
1,40,85,140,88
1,41,85,120,88
1,42,85,21,88
1,43,85,121,88
1,44,85,16,88
26,45,85,32,88
26,46,85,10,88
1,47,85,126,88
22,48,85,19,88
22,49,85,31,88
1,50,85,27,88
1,51,85,163,88
1,52,85,133,88
1,53,85,28,88
1,54,85,9,88
1,55,85,13,88
1,56,85,20,88
1,57,85,30,88
1,58,85,143,88
1,59,85,15,88
1,60,85,26,88
1,61,85,24,88
1,62,85,162,88
1,63,85,5,88
1,64,85,3,88
1,65,85,130,88
1,66,85,18,88
1,67,85,12,88
1,68,85,160,88
1,69,85,108,88
1,70,85,6,88
1,71,85,14,88
1,72,85,29,88
1,73,85,132,88
1,74,85,4,88
1,75,85,2,88
1,76,85,7,88
1,77,85,11,88
1,78,85,97,88
1,79,85,102,88
1,80,85,113,88
1,81,85,95,88
1,82,85,94,88
1,83,85,117,88
1,84,85,114,88
1,85,85,106,88
1,86,85,25,88
1,87,85,115,88
1,88,85,93,88
1,89,85,92,88
1,90,85,107,88
1,91,85,101,88
1,92,85,91,88
1,93,85,100,88
1,94,85,116,88
1,95,85,89,88
1,96,85,103,88
1,97,85,112,88
1,98,85,17,88
1,99,85,96,88
1,100,85,118,88
1,101,85,90,88
1,102,85,111,88
1,103,85,110,88
1,104,85,99,88
1,105,85,98,88
1,106,85,104,88
1,107,85,109,88
1,108,85,8,88
1,109,85,105,88
1,110,85,84,88
1,111,85,66,88
1,112,85,23,88
1,113,85,69,88
1,114,85,85,88
1,115,85,77,88
1,116,85,87,88
1,117,85,70,88
1,118,85,72,88
1,119,85,83,88
1,120,85,79,88
1,121,85,82,88
1,122,85,81,88
1,123,85,78,88
1,124,85,76,88
1,125,85,86,88
1,126,85,64,88
1,127,85,71,88
1,128,85,80,88
1,129,85,88,88
1,130,85,48,88
1,131,85,75,88
1,132,85,67,88
1,133,85,73,88
1,134,85,44,88
1,135,85,63,88
1,136,85,74,88
1,137,85,65,88
1,138,85,62,88
1,139,85,68,88
1,140,85,51,88
1,141,85,36,88
1,142,85,54,88
1,143,85,41,88
1,144,85,33,88
1,145,85,61,88
1,146,85,55,88
1,147,85,43,88
1,148,85,46,88
1,149,85,40,88
1,150,85,37,88
1,151,85,60,88
1,152,85,50,88
1,153,85,47,88
1,154,85,53,88
1,155,85,39,88
1,156,85,58,88
1,157,85,35,88
1,158,85,59,88
1,159,85,45,88
1,160,85,42,88
1,161,85,49,88
1,162,85,56,88
1,163,85,38,88
1,164,85,34,88
1,165,85,57,88
1,166,85,52,88
1,1,86,146,171
1,2,86,141,171
1,3,86,155,171
1,4,86,147,171
1,5,86,139,171
1,6,86,134,171
1,7,86,166,171
1,8,86,152,171
1,9,86,138,171
1,10,86,144,171
1,11,86,124,171
1,12,86,122,171
1,13,86,149,171
1,14,86,128,171
1,15,86,129,171
1,16,86,119,171
1,17,86,123,171
1,18,86,161,171
1,19,86,154,171
1,20,86,145,171
1,21,86,125,171
1,22,86,150,171
1,23,86,156,171
1,24,86,142,171
1,25,86,165,171
1,26,86,159,171
1,27,86,158,171
1,28,86,153,171
1,29,86,135,171
1,30,86,137,171
1,31,86,164,171
1,32,86,148,171
1,33,86,151,171
1,34,86,157,171
1,35,86,22,171
1,36,86,127,171
1,37,86,1,171
1,38,86,131,171
1,39,86,136,171
1,40,86,140,171
1,41,86,120,171
1,42,86,21,171
1,43,86,121,171
1,44,86,16,171
26,45,86,32,171
26,46,86,10,171
1,47,86,126,171
22,48,86,19,171
22,49,86,31,171
1,50,86,27,171
1,51,86,163,171
1,52,86,133,171
1,53,86,28,171
1,54,86,9,171
1,55,86,13,171
1,56,86,20,171
1,57,86,30,171
1,58,86,143,171
1,59,86,15,171
1,60,86,26,171
1,61,86,24,171
1,62,86,162,171
1,63,86,5,171
1,64,86,3,171
1,65,86,130,171
1,66,86,18,171
1,67,86,12,171
1,68,86,160,171
1,69,86,108,171
1,70,86,6,171
1,71,86,14,171
1,72,86,29,171
1,73,86,132,171
1,74,86,4,171
1,75,86,2,171
1,76,86,7,171
1,77,86,11,171
1,78,86,97,171
1,79,86,102,171
1,80,86,113,171
1,81,86,95,171
1,82,86,94,171
1,83,86,117,171
1,84,86,114,171
1,85,86,106,171
1,86,86,25,171
1,87,86,115,171
1,88,86,93,171
1,89,86,92,171
1,90,86,107,171
1,91,86,101,171
1,92,86,91,171
1,93,86,100,171
1,94,86,116,171
1,95,86,89,171
1,96,86,103,171
1,97,86,112,171
1,98,86,17,171
1,99,86,96,171
1,100,86,118,171
1,101,86,90,171
1,102,86,111,171
1,103,86,110,171
1,104,86,99,171
1,105,86,98,171
1,106,86,104,171
1,107,86,109,171
1,108,86,8,171
1,109,86,105,171
1,110,86,84,171
1,111,86,66,171
1,112,86,23,171
1,113,86,69,171
1,114,86,85,171
1,115,86,77,171
1,116,86,87,171
1,117,86,70,171
1,118,86,72,171
1,119,86,83,171
1,120,86,79,171
1,121,86,82,171
1,122,86,81,171
1,123,86,78,171
1,124,86,76,171
1,125,86,86,171
1,126,86,64,171
1,127,86,71,171
1,128,86,80,171
1,129,86,88,171
1,130,86,48,171
1,131,86,75,171
1,132,86,67,171
1,133,86,73,171
1,134,86,44,171
1,135,86,63,171
1,136,86,74,171
1,137,86,65,171
1,138,86,62,171
1,139,86,68,171
1,140,86,51,171
1,141,86,36,171
1,142,86,54,171
1,143,86,41,171
1,144,86,33,171
1,145,86,61,171
1,146,86,55,171
1,147,86,43,171
1,148,86,46,171
1,149,86,40,171
1,150,86,37,171
1,151,86,60,171
1,152,86,50,171
1,153,86,47,171
1,154,86,53,171
1,155,86,39,171
1,156,86,58,171
1,157,86,35,171
1,158,86,59,171
1,159,86,45,171
1,160,86,42,171
1,161,86,49,171
1,162,86,56,171
1,163,86,38,171
1,164,86,34,171
1,165,86,57,171
1,166,86,52,171
1,1,87,146,186
1,2,87,141,186
1,3,87,155,186
1,4,87,147,186
1,5,87,139,186
1,6,87,134,186
1,7,87,166,186
1,8,87,152,186
1,9,87,138,186
1,10,87,144,186
1,11,87,124,186
1,12,87,122,186
1,13,87,149,186
1,14,87,128,186
1,15,87,129,186
1,16,87,119,186
1,17,87,123,186
1,18,87,161,186
1,19,87,154,186
1,20,87,145,186
1,21,87,125,186
1,22,87,150,186
1,23,87,156,186
1,24,87,142,186
1,25,87,165,186
1,26,87,159,186
1,27,87,158,186
1,28,87,153,186
1,29,87,135,186
1,30,87,137,186
1,31,87,164,186
1,32,87,148,186
1,33,87,151,186
1,34,87,157,186
1,35,87,22,186
1,36,87,127,186
1,37,87,1,186
1,38,87,131,186
1,39,87,136,186
1,40,87,140,186
1,41,87,120,186
1,42,87,21,186
1,43,87,121,186
1,44,87,16,186
26,45,87,32,186
26,46,87,10,186
1,47,87,126,186
22,48,87,19,186
22,49,87,31,186
1,50,87,27,186
1,51,87,163,186
1,52,87,133,186
1,53,87,28,186
1,54,87,9,186
1,55,87,13,186
1,56,87,20,186
1,57,87,30,186
1,58,87,143,186
1,59,87,15,186
1,60,87,26,186
1,61,87,24,186
1,62,87,162,186
1,63,87,5,186
1,64,87,3,186
1,65,87,130,186
1,66,87,18,186
1,67,87,12,186
1,68,87,160,186
1,69,87,108,186
1,70,87,6,186
1,71,87,14,186
1,72,87,29,186
1,73,87,132,186
1,74,87,4,186
1,75,87,2,186
1,76,87,7,186
1,77,87,11,186
1,78,87,97,186
1,79,87,102,186
1,80,87,113,186
1,81,87,95,186
1,82,87,94,186
1,83,87,117,186
1,84,87,114,186
1,85,87,106,186
1,86,87,25,186
1,87,87,115,186
1,88,87,93,186
1,89,87,92,186
1,90,87,107,186
1,91,87,101,186
1,92,87,91,186
1,93,87,100,186
1,94,87,116,186
1,95,87,89,186
1,96,87,103,186
1,97,87,112,186
1,98,87,17,186
1,99,87,96,186
1,100,87,118,186
1,101,87,90,186
1,102,87,111,186
1,103,87,110,186
1,104,87,99,186
1,105,87,98,186
1,106,87,104,186
1,107,87,109,186
1,108,87,8,186
1,109,87,105,186
1,110,87,84,186
1,111,87,66,186
1,112,87,23,186
1,113,87,69,186
1,114,87,85,186
1,115,87,77,186
1,116,87,87,186
1,117,87,70,186
1,118,87,72,186
1,119,87,83,186
1,120,87,79,186
1,121,87,82,186
1,122,87,81,186
1,123,87,78,186
1,124,87,76,186
1,125,87,86,186
1,126,87,64,186
1,127,87,71,186
1,128,87,80,186
1,129,87,88,186
1,130,87,48,186
1,131,87,75,186
1,132,87,67,186
1,133,87,73,186
1,134,87,44,186
1,135,87,63,186
1,136,87,74,186
1,137,87,65,186
1,138,87,62,186
1,139,87,68,186
1,140,87,51,186
1,141,87,36,186
1,142,87,54,186
1,143,87,41,186
1,144,87,33,186
1,145,87,61,186
1,146,87,55,186
1,147,87,43,186
1,148,87,46,186
1,149,87,40,186
1,150,87,37,186
1,151,87,60,186
1,152,87,50,186
1,153,87,47,186
1,154,87,53,186
1,155,87,39,186
1,156,87,58,186
1,157,87,35,186
1,158,87,59,186
1,159,87,45,186
1,160,87,42,186
1,161,87,49,186
1,162,87,56,186
1,163,87,38,186
1,164,87,34,186
1,165,87,57,186
1,166,87,52,186
1,1,88,146,296
1,2,88,141,296
1,3,88,155,296
1,4,88,147,296
1,5,88,139,296
1,6,88,134,296
1,7,88,166,296
1,8,88,152,296
1,9,88,138,296
1,10,88,144,296
1,11,88,124,296
1,12,88,122,296
1,13,88,149,296
1,14,88,128,296
1,15,88,129,296
1,16,88,119,296
1,17,88,123,296
1,18,88,161,296
1,19,88,154,296
1,20,88,145,296
1,21,88,125,296
1,22,88,150,296
1,23,88,156,296
1,24,88,142,296
1,25,88,165,296
1,26,88,159,296
1,27,88,158,296
1,28,88,153,296
1,29,88,135,296
1,30,88,137,296
1,31,88,164,296
1,32,88,148,296
1,33,88,151,296
1,34,88,157,296
1,35,88,22,296
1,36,88,127,296
1,37,88,1,296
1,38,88,131,296
1,39,88,136,296
1,40,88,140,296
1,41,88,120,296
1,42,88,21,296
1,43,88,121,296
1,44,88,16,296
26,45,88,32,296
26,46,88,10,296
1,47,88,126,296
22,48,88,19,296
22,49,88,31,296
27,50,88,27,296
27,51,88,163,296
27,52,88,133,296
27,53,88,28,296
27,54,88,9,296
27,55,88,13,296
27,56,88,20,296
27,57,88,30,296
27,58,88,143,296
27,59,88,15,296
27,60,88,26,296
27,61,88,24,296
27,62,88,162,296
27,63,88,5,296
1,64,88,3,296
1,65,88,130,296
1,66,88,18,296
1,67,88,12,296
1,68,88,160,296
1,69,88,108,296
1,70,88,6,296
1,71,88,14,296
1,72,88,29,296
1,73,88,132,296
1,74,88,4,296
1,75,88,2,296
1,76,88,7,296
1,77,88,11,296
1,78,88,97,296
1,79,88,102,296
1,80,88,113,296
1,81,88,95,296
1,82,88,94,296
1,83,88,117,296
1,84,88,114,296
1,85,88,106,296
1,86,88,25,296
1,87,88,115,296
1,88,88,93,296
1,89,88,92,296
1,90,88,107,296
1,91,88,101,296
1,92,88,91,296
1,93,88,100,296
1,94,88,116,296
1,95,88,89,296
1,96,88,103,296
1,97,88,112,296
1,98,88,17,296
1,99,88,96,296
1,100,88,118,296
1,101,88,90,296
1,102,88,111,296
1,103,88,110,296
1,104,88,99,296
1,105,88,98,296
1,106,88,104,296
1,107,88,109,296
1,108,88,8,296
1,109,88,105,296
1,110,88,84,296
1,111,88,66,296
1,112,88,23,296
1,113,88,69,296
1,114,88,85,296
1,115,88,77,296
1,116,88,87,296
1,117,88,70,296
1,118,88,72,296
1,119,88,83,296
1,120,88,79,296
1,121,88,82,296
1,122,88,81,296
1,123,88,78,296
1,124,88,76,296
1,125,88,86,296
1,126,88,64,296
1,127,88,71,296
1,128,88,80,296
1,129,88,88,296
1,130,88,48,296
1,131,88,75,296
1,132,88,67,296
1,133,88,73,296
1,134,88,44,296
1,135,88,63,296
1,136,88,74,296
1,137,88,65,296
1,138,88,62,296
1,139,88,68,296
1,140,88,51,296
1,141,88,36,296
1,142,88,54,296
1,143,88,41,296
1,144,88,33,296
1,145,88,61,296
1,146,88,55,296
1,147,88,43,296
1,148,88,46,296
1,149,88,40,296
1,150,88,37,296
1,151,88,60,296
1,152,88,50,296
1,153,88,47,296
1,154,88,53,296
1,155,88,39,296
1,156,88,58,296
1,157,88,35,296
1,158,88,59,296
1,159,88,45,296
1,160,88,42,296
1,161,88,49,296
1,162,88,56,296
1,163,88,38,296
1,164,88,34,296
1,165,88,57,296
1,166,88,52,296
1,1,89,146,159
1,2,89,141,159
1,3,89,155,159
1,4,89,147,159
1,5,89,139,159
1,6,89,134,159
1,7,89,166,159
1,8,89,152,159
1,9,89,138,159
1,10,89,144,159
1,11,89,124,159
1,12,89,122,159
1,13,89,149,159
1,14,89,128,159
1,15,89,129,159
1,16,89,119,159
1,17,89,123,159
1,18,89,161,159
1,19,89,154,159
1,20,89,145,159
1,21,89,125,159
1,22,89,150,159
1,23,89,156,159
1,24,89,142,159
1,25,89,165,159
1,26,89,159,159
1,27,89,158,159
1,28,89,153,159
1,29,89,135,159
1,30,89,137,159
1,31,89,164,159
1,32,89,148,159
1,33,89,151,159
1,34,89,157,159
1,35,89,22,159
1,36,89,127,159
1,37,89,1,159
1,38,89,131,159
1,39,89,136,159
1,40,89,140,159
1,41,89,120,159
1,42,89,21,159
1,43,89,121,159
1,44,89,16,159
26,45,89,32,159
26,46,89,10,159
1,47,89,126,159
22,48,89,19,159
22,49,89,31,159
27,50,89,27,159
27,51,89,163,159
27,52,89,133,159
27,53,89,28,159
27,54,89,9,159
27,55,89,13,159
27,56,89,20,159
27,57,89,30,159
27,58,89,143,159
27,59,89,15,159
27,60,89,26,159
27,61,89,24,159
27,62,89,162,159
27,63,89,5,159
1,64,89,3,159
1,65,89,130,159
1,66,89,18,159
1,67,89,12,159
1,68,89,160,159
1,69,89,108,159
1,70,89,6,159
1,71,89,14,159
1,72,89,29,159
1,73,89,132,159
1,74,89,4,159
1,75,89,2,159
1,76,89,7,159
1,77,89,11,159
1,78,89,97,159
1,79,89,102,159
1,80,89,113,159
1,81,89,95,159
1,82,89,94,159
1,83,89,117,159
1,84,89,114,159
1,85,89,106,159
1,86,89,25,159
1,87,89,115,159
1,88,89,93,159
1,89,89,92,159
1,90,89,107,159
1,91,89,101,159
1,92,89,91,159
1,93,89,100,159
1,94,89,116,159
1,95,89,89,159
1,96,89,103,159
1,97,89,112,159
1,98,89,17,159
1,99,89,96,159
1,100,89,118,159
1,101,89,90,159
1,102,89,111,159
1,103,89,110,159
1,104,89,99,159
1,105,89,98,159
1,106,89,104,159
1,107,89,109,159
1,108,89,8,159
1,109,89,105,159
1,110,89,84,159
1,111,89,66,159
1,112,89,23,159
1,113,89,69,159
1,114,89,85,159
1,115,89,77,159
1,116,89,87,159
1,117,89,70,159
1,118,89,72,159
1,119,89,83,159
1,120,89,79,159
1,121,89,82,159
1,122,89,81,159
1,123,89,78,159
1,124,89,76,159
1,125,89,86,159
1,126,89,64,159
1,127,89,71,159
1,128,89,80,159
1,129,89,88,159
1,130,89,48,159
1,131,89,75,159
1,132,89,67,159
1,133,89,73,159
1,134,89,44,159
1,135,89,63,159
1,136,89,74,159
1,137,89,65,159
1,138,89,62,159
1,139,89,68,159
1,140,89,51,159
1,141,89,36,159
1,142,89,54,159
1,143,89,41,159
1,144,89,33,159
1,145,89,61,159
1,146,89,55,159
1,147,89,43,159
1,148,89,46,159
1,149,89,40,159
1,150,89,37,159
1,151,89,60,159
1,152,89,50,159
1,153,89,47,159
1,154,89,53,159
1,155,89,39,159
1,156,89,58,159
1,157,89,35,159
1,158,89,59,159
1,159,89,45,159
1,160,89,42,159
1,161,89,49,159
1,162,89,56,159
1,163,89,38,159
1,164,89,34,159
1,165,89,57,159
1,166,89,52,159
1,1,90,146,73
1,2,90,141,73
1,3,90,155,73
1,4,90,147,73
1,5,90,139,73
1,6,90,134,73
1,7,90,166,73
1,8,90,152,73
1,9,90,138,73
1,10,90,144,73
1,11,90,124,73
1,12,90,122,73
1,13,90,149,73
1,14,90,128,73
1,15,90,129,73
1,16,90,119,73
1,17,90,123,73
1,18,90,161,73
1,19,90,154,73
1,20,90,145,73
1,21,90,125,73
1,22,90,150,73
1,23,90,156,73
1,24,90,142,73
1,25,90,165,73
1,26,90,159,73
1,27,90,158,73
1,28,90,153,73
1,29,90,135,73
1,30,90,137,73
1,31,90,164,73
1,32,90,148,73
1,33,90,151,73
1,34,90,157,73
1,35,90,22,73
1,36,90,127,73
1,37,90,1,73
1,38,90,131,73
1,39,90,136,73
1,40,90,140,73
1,41,90,120,73
1,42,90,21,73
1,43,90,121,73
1,44,90,16,73
26,45,90,32,73
26,46,90,10,73
1,47,90,126,73
22,48,90,19,73
22,49,90,31,73
27,50,90,27,73
27,51,90,163,73
27,52,90,133,73
27,53,90,28,73
27,54,90,9,73
27,55,90,13,73
27,56,90,20,73
27,57,90,30,73
27,58,90,143,73
27,59,90,15,73
27,60,90,26,73
27,61,90,24,73
27,62,90,162,73
27,63,90,5,73
1,64,90,3,73
1,65,90,130,73
1,66,90,18,73
1,67,90,12,73
1,68,90,160,73
1,69,90,108,73
1,70,90,6,73
1,71,90,14,73
1,72,90,29,73
1,73,90,132,73
1,74,90,4,73
1,75,90,2,73
1,76,90,7,73
1,77,90,11,73
28,78,90,97,73
28,79,90,102,73
28,80,90,113,73
28,81,90,95,73
28,82,90,94,73
28,83,90,117,73
28,84,90,114,73
28,85,90,106,73
28,86,90,25,73
28,87,90,115,73
28,88,90,93,73
28,89,90,92,73
28,90,90,107,73
1,91,90,101,73
1,92,90,91,73
1,93,90,100,73
1,94,90,116,73
1,95,90,89,73
1,96,90,103,73
1,97,90,112,73
1,98,90,17,73
1,99,90,96,73
1,100,90,118,73
1,101,90,90,73
1,102,90,111,73
1,103,90,110,73
1,104,90,99,73
1,105,90,98,73
1,106,90,104,73
1,107,90,109,73
1,108,90,8,73
1,109,90,105,73
1,110,90,84,73
1,111,90,66,73
1,112,90,23,73
1,113,90,69,73
1,114,90,85,73
1,115,90,77,73
1,116,90,87,73
1,117,90,70,73
1,118,90,72,73
1,119,90,83,73
1,120,90,79,73
1,121,90,82,73
1,122,90,81,73
1,123,90,78,73
1,124,90,76,73
1,125,90,86,73
1,126,90,64,73
1,127,90,71,73
1,128,90,80,73
1,129,90,88,73
1,130,90,48,73
1,131,90,75,73
1,132,90,67,73
1,133,90,73,73
1,134,90,44,73
1,135,90,63,73
1,136,90,74,73
1,137,90,65,73
1,138,90,62,73
1,139,90,68,73
1,140,90,51,73
1,141,90,36,73
1,142,90,54,73
1,143,90,41,73
1,144,90,33,73
1,145,90,61,73
1,146,90,55,73
1,147,90,43,73
1,148,90,46,73
1,149,90,40,73
1,150,90,37,73
1,151,90,60,73
1,152,90,50,73
1,153,90,47,73
1,154,90,53,73
1,155,90,39,73
1,156,90,58,73
1,157,90,35,73
1,158,90,59,73
1,159,90,45,73
1,160,90,42,73
1,161,90,49,73
1,162,90,56,73
1,163,90,38,73
1,164,90,34,73
1,165,90,57,73
1,166,90,52,73
1,1,91,146,91
1,2,91,141,91
1,3,91,155,91
1,4,91,147,91
1,5,91,139,91
1,6,91,134,91
1,7,91,166,91
1,8,91,152,91
1,9,91,138,91
1,10,91,144,91
1,11,91,124,91
1,12,91,122,91
1,13,91,149,91
1,14,91,128,91
1,15,91,129,91
1,16,91,119,91
1,17,91,123,91
1,18,91,161,91
1,19,91,154,91
1,20,91,145,91
1,21,91,125,91
1,22,91,150,91
1,23,91,156,91
1,24,91,142,91
1,25,91,165,91
1,26,91,159,91
1,27,91,158,91
1,28,91,153,91
1,29,91,135,91
1,30,91,137,91
1,31,91,164,91
1,32,91,148,91
1,33,91,151,91
1,34,91,157,91
1,35,91,22,91
1,36,91,127,91
1,37,91,1,91
1,38,91,131,91
1,39,91,136,91
1,40,91,140,91
1,41,91,120,91
1,42,91,21,91
1,43,91,121,91
1,44,91,16,91
26,45,91,32,91
26,46,91,10,91
1,47,91,126,91
22,48,91,19,91
22,49,91,31,91
27,50,91,27,91
27,51,91,163,91
27,52,91,133,91
27,53,91,28,91
27,54,91,9,91
27,55,91,13,91
27,56,91,20,91
27,57,91,30,91
27,58,91,143,91
27,59,91,15,91
27,60,91,26,91
27,61,91,24,91
27,62,91,162,91
27,63,91,5,91
1,64,91,3,91
1,65,91,130,91
1,66,91,18,91
1,67,91,12,91
1,68,91,160,91
1,69,91,108,91
1,70,91,6,91
1,71,91,14,91
1,72,91,29,91
1,73,91,132,91
1,74,91,4,91
1,75,91,2,91
1,76,91,7,91
1,77,91,11,91
28,78,91,97,91
28,79,91,102,91
28,80,91,113,91
28,81,91,95,91
28,82,91,94,91
28,83,91,117,91
28,84,91,114,91
28,85,91,106,91
28,86,91,25,91
28,87,91,115,91
28,88,91,93,91
28,89,91,92,91
28,90,91,107,91
1,91,91,101,91
1,92,91,91,91
1,93,91,100,91
1,94,91,116,91
1,95,91,89,91
1,96,91,103,91
1,97,91,112,91
1,98,91,17,91
1,99,91,96,91
1,100,91,118,91
1,101,91,90,91
1,102,91,111,91
1,103,91,110,91
1,104,91,99,91
1,105,91,98,91
1,106,91,104,91
1,107,91,109,91
1,108,91,8,91
1,109,91,105,91
1,110,91,84,91
1,111,91,66,91
1,112,91,23,91
1,113,91,69,91
1,114,91,85,91
1,115,91,77,91
1,116,91,87,91
1,117,91,70,91
1,118,91,72,91
1,119,91,83,91
1,120,91,79,91
1,121,91,82,91
1,122,91,81,91
1,123,91,78,91
1,124,91,76,91
1,125,91,86,91
1,126,91,64,91
1,127,91,71,91
1,128,91,80,91
1,129,91,88,91
1,130,91,48,91
1,131,91,75,91
1,132,91,67,91
1,133,91,73,91
1,134,91,44,91
1,135,91,63,91
1,136,91,74,91
1,137,91,65,91
1,138,91,62,91
1,139,91,68,91
1,140,91,51,91
1,141,91,36,91
1,142,91,54,91
1,143,91,41,91
1,144,91,33,91
1,145,91,61,91
1,146,91,55,91
1,147,91,43,91
1,148,91,46,91
1,149,91,40,91
1,150,91,37,91
1,151,91,60,91
1,152,91,50,91
1,153,91,47,91
1,154,91,53,91
1,155,91,39,91
1,156,91,58,91
1,157,91,35,91
1,158,91,59,91
1,159,91,45,91
1,160,91,42,91
1,161,91,49,91
1,162,91,56,91
1,163,91,38,91
1,164,91,34,91
1,165,91,57,91
1,166,91,52,91
1,1,92,146,89
1,2,92,141,89
1,3,92,155,89
1,4,92,147,89
1,5,92,139,89
1,6,92,134,89
1,7,92,166,89
1,8,92,152,89
1,9,92,138,89
1,10,92,144,89
1,11,92,124,89
1,12,92,122,89
1,13,92,149,89
1,14,92,128,89
1,15,92,129,89
1,16,92,119,89
1,17,92,123,89
1,18,92,161,89
1,19,92,154,89
1,20,92,145,89
1,21,92,125,89
1,22,92,150,89
1,23,92,156,89
1,24,92,142,89
1,25,92,165,89
1,26,92,159,89
1,27,92,158,89
1,28,92,153,89
1,29,92,135,89
1,30,92,137,89
1,31,92,164,89
1,32,92,148,89
1,33,92,151,89
1,34,92,157,89
1,35,92,22,89
1,36,92,127,89
1,37,92,1,89
1,38,92,131,89
1,39,92,136,89
1,40,92,140,89
1,41,92,120,89
1,42,92,21,89
1,43,92,121,89
1,44,92,16,89
26,45,92,32,89
26,46,92,10,89
1,47,92,126,89
1,48,92,19,89
1,49,92,31,89
1,50,92,27,89
1,51,92,163,89
1,52,92,133,89
1,53,92,28,89
1,54,92,9,89
1,55,92,13,89
1,56,92,20,89
1,57,92,30,89
1,58,92,143,89
1,59,92,15,89
1,60,92,26,89
1,61,92,24,89
1,62,92,162,89
1,63,92,5,89
1,64,92,3,89
1,65,92,130,89
1,66,92,18,89
1,67,92,12,89
1,68,92,160,89
1,69,92,108,89
1,70,92,6,89
1,71,92,14,89
1,72,92,29,89
1,73,92,132,89
1,74,92,4,89
1,75,92,2,89
1,76,92,7,89
1,77,92,11,89
1,78,92,97,89
1,79,92,102,89
1,80,92,113,89
1,81,92,95,89
1,82,92,94,89
1,83,92,117,89
1,84,92,114,89
1,85,92,106,89
1,86,92,25,89
1,87,92,115,89
1,88,92,93,89
1,89,92,92,89
1,90,92,107,89
1,91,92,101,89
1,92,92,91,89
1,93,92,100,89
1,94,92,116,89
1,95,92,89,89
1,96,92,103,89
1,97,92,112,89
1,98,92,17,89
1,99,92,96,89
1,100,92,118,89
1,101,92,90,89
1,102,92,111,89
1,103,92,110,89
1,104,92,99,89
1,105,92,98,89
1,106,92,104,89
1,107,92,109,89
1,108,92,8,89
1,109,92,105,89
1,110,92,84,89
1,111,92,66,89
1,112,92,23,89
1,113,92,69,89
1,114,92,85,89
1,115,92,77,89
1,116,92,87,89
1,117,92,70,89
1,118,92,72,89
1,119,92,83,89
1,120,92,79,89
1,121,92,82,89
1,122,92,81,89
1,123,92,78,89
1,124,92,76,89
1,125,92,86,89
1,126,92,64,89
1,127,92,71,89
1,128,92,80,89
1,129,92,88,89
1,130,92,48,89
1,131,92,75,89
1,132,92,67,89
1,133,92,73,89
1,134,92,44,89
1,135,92,63,89
1,136,92,74,89
1,137,92,65,89
1,138,92,62,89
1,139,92,68,89
1,140,92,51,89
1,141,92,36,89
1,142,92,54,89
1,143,92,41,89
1,144,92,33,89
1,145,92,61,89
1,146,92,55,89
1,147,92,43,89
1,148,92,46,89
1,149,92,40,89
1,150,92,37,89
1,151,92,60,89
1,152,92,50,89
1,153,92,47,89
1,154,92,53,89
1,155,92,39,89
1,156,92,58,89
1,157,92,35,89
1,158,92,59,89
1,159,92,45,89
1,160,92,42,89
1,161,92,49,89
1,162,92,56,89
1,163,92,38,89
1,164,92,34,89
1,165,92,57,89
1,166,92,52,89
1,1,93,146,79
1,2,93,141,79
1,3,93,155,79
1,4,93,147,79
1,5,93,139,79
1,6,93,134,79
1,7,93,166,79
1,8,93,152,79
1,9,93,138,79
1,10,93,144,79
1,11,93,124,79
1,12,93,122,79
1,13,93,149,79
1,14,93,128,79
1,15,93,129,79
1,16,93,119,79
1,17,93,123,79
1,18,93,161,79
1,19,93,154,79
1,20,93,145,79
1,21,93,125,79
1,22,93,150,79
1,23,93,156,79
1,24,93,142,79
1,25,93,165,79
1,26,93,159,79
1,27,93,158,79
1,28,93,153,79
1,29,93,135,79
1,30,93,137,79
1,31,93,164,79
1,32,93,148,79
1,33,93,151,79
1,34,93,157,79
1,35,93,22,79
1,36,93,127,79
1,37,93,1,79
1,38,93,131,79
1,39,93,136,79
1,40,93,140,79
1,41,93,120,79
1,42,93,21,79
1,43,93,121,79
1,44,93,16,79
26,45,93,32,79
26,46,93,10,79
1,47,93,126,79
1,48,93,19,79
1,49,93,31,79
1,50,93,27,79
1,51,93,163,79
1,52,93,133,79
1,53,93,28,79
1,54,93,9,79
1,55,93,13,79
1,56,93,20,79
1,57,93,30,79
1,58,93,143,79
1,59,93,15,79
1,60,93,26,79
1,61,93,24,79
1,62,93,162,79
1,63,93,5,79
1,64,93,3,79
1,65,93,130,79
1,66,93,18,79
1,67,93,12,79
1,68,93,160,79
1,69,93,108,79
1,70,93,6,79
1,71,93,14,79
1,72,93,29,79
1,73,93,132,79
1,74,93,4,79
1,75,93,2,79
1,76,93,7,79
1,77,93,11,79
1,78,93,97,79
1,79,93,102,79
1,80,93,113,79
1,81,93,95,79
1,82,93,94,79
1,83,93,117,79
1,84,93,114,79
1,85,93,106,79
1,86,93,25,79
1,87,93,115,79
1,88,93,93,79
1,89,93,92,79
1,90,93,107,79
1,91,93,101,79
1,92,93,91,79
1,93,93,100,79
1,94,93,116,79
1,95,93,89,79
1,96,93,103,79
1,97,93,112,79
1,98,93,17,79
1,99,93,96,79
1,100,93,118,79
1,101,93,90,79
1,102,93,111,79
1,103,93,110,79
1,104,93,99,79
1,105,93,98,79
1,106,93,104,79
1,107,93,109,79
1,108,93,8,79
1,109,93,105,79
1,110,93,84,79
1,111,93,66,79
1,112,93,23,79
1,113,93,69,79
1,114,93,85,79
1,115,93,77,79
1,116,93,87,79
1,117,93,70,79
1,118,93,72,79
1,119,93,83,79
1,120,93,79,79
1,121,93,82,79
1,122,93,81,79
1,123,93,78,79
1,124,93,76,79
1,125,93,86,79
1,126,93,64,79
1,127,93,71,79
1,128,93,80,79
1,129,93,88,79
1,130,93,48,79
1,131,93,75,79
1,132,93,67,79
1,133,93,73,79
1,134,93,44,79
1,135,93,63,79
1,136,93,74,79
1,137,93,65,79
1,138,93,62,79
1,139,93,68,79
1,140,93,51,79
1,141,93,36,79
1,142,93,54,79
1,143,93,41,79
1,144,93,33,79
1,145,93,61,79
1,146,93,55,79
1,147,93,43,79
1,148,93,46,79
1,149,93,40,79
1,150,93,37,79
1,151,93,60,79
1,152,93,50,79
1,153,93,47,79
1,154,93,53,79
1,155,93,39,79
1,156,93,58,79
1,157,93,35,79
1,158,93,59,79
1,159,93,45,79
1,160,93,42,79
1,161,93,49,79
1,162,93,56,79
1,163,93,38,79
1,164,93,34,79
1,165,93,57,79
1,166,93,52,79
1,1,94,146,150
1,2,94,141,150
1,3,94,155,150
1,4,94,147,150
1,5,94,139,150
1,6,94,134,150
1,7,94,166,150
1,8,94,152,150
1,9,94,138,150
1,10,94,144,150
1,11,94,124,150
1,12,94,122,150
1,13,94,149,150
1,14,94,128,150
1,15,94,129,150
1,16,94,119,150
1,17,94,123,150
1,18,94,161,150
1,19,94,154,150
1,20,94,145,150
1,21,94,125,150
1,22,94,150,150
1,23,94,156,150
1,24,94,142,150
1,25,94,165,150
1,26,94,159,150
1,27,94,158,150
1,28,94,153,150
1,29,94,135,150
1,30,94,137,150
1,31,94,164,150
1,32,94,148,150
1,33,94,151,150
1,34,94,157,150
1,35,94,22,150
1,36,94,127,150
1,37,94,1,150
1,38,94,131,150
1,39,94,136,150
1,40,94,140,150
1,41,94,120,150
1,42,94,21,150
1,43,94,121,150
1,44,94,16,150
1,45,94,32,150
1,46,94,10,150
1,47,94,126,150
1,48,94,19,150
1,49,94,31,150
1,50,94,27,150
1,51,94,163,150
1,52,94,133,150
1,53,94,28,150
1,54,94,9,150
1,55,94,13,150
1,56,94,20,150
1,57,94,30,150
1,58,94,143,150
1,59,94,15,150
1,60,94,26,150
1,61,94,24,150
1,62,94,162,150
1,63,94,5,150
1,64,94,3,150
1,65,94,130,150
1,66,94,18,150
1,67,94,12,150
1,68,94,160,150
1,69,94,108,150
1,70,94,6,150
1,71,94,14,150
1,72,94,29,150
1,73,94,132,150
1,74,94,4,150
1,75,94,2,150
1,76,94,7,150
1,77,94,11,150
1,78,94,97,150
1,79,94,102,150
1,80,94,113,150
1,81,94,95,150
1,82,94,94,150
1,83,94,117,150
1,84,94,114,150
1,85,94,106,150
1,86,94,25,150
1,87,94,115,150
1,88,94,93,150
1,89,94,92,150
1,90,94,107,150
1,91,94,101,150
1,92,94,91,150
1,93,94,100,150
1,94,94,116,150
1,95,94,89,150
1,96,94,103,150
1,97,94,112,150
1,98,94,17,150
1,99,94,96,150
1,100,94,118,150
1,101,94,90,150
1,102,94,111,150
1,103,94,110,150
1,104,94,99,150
1,105,94,98,150
1,106,94,104,150
1,107,94,109,150
1,108,94,8,150
1,109,94,105,150
1,110,94,84,150
1,111,94,66,150
1,112,94,23,150
1,113,94,69,150
1,114,94,85,150
1,115,94,77,150
1,116,94,87,150
1,117,94,70,150
1,118,94,72,150
1,119,94,83,150
1,120,94,79,150
1,121,94,82,150
1,122,94,81,150
1,123,94,78,150
1,124,94,76,150
1,125,94,86,150
1,126,94,64,150
1,127,94,71,150
1,128,94,80,150
1,129,94,88,150
1,130,94,48,150
1,131,94,75,150
1,132,94,67,150
1,133,94,73,150
1,134,94,44,150
1,135,94,63,150
1,136,94,74,150
1,137,94,65,150
1,138,94,62,150
1,139,94,68,150
1,140,94,51,150
1,141,94,36,150
1,142,94,54,150
1,143,94,41,150
1,144,94,33,150
1,145,94,61,150
1,146,94,55,150
1,147,94,43,150
1,148,94,46,150
1,149,94,40,150
1,150,94,37,150
1,151,94,60,150
1,152,94,50,150
1,153,94,47,150
1,154,94,53,150
1,155,94,39,150
1,156,94,58,150
1,157,94,35,150
1,158,94,59,150
1,159,94,45,150
1,160,94,42,150
1,161,94,49,150
1,162,94,56,150
1,163,94,38,150
1,164,94,34,150
1,165,94,57,150
1,166,94,52,150
1,1,95,146,229
1,2,95,141,229
1,3,95,155,229
1,4,95,147,229
1,5,95,139,229
1,6,95,134,229
1,7,95,166,229
1,8,95,152,229
1,9,95,138,229
1,10,95,144,229
1,11,95,124,229
1,12,95,122,229
1,13,95,149,229
1,14,95,128,229
1,15,95,129,229
1,16,95,119,229
1,17,95,123,229
1,18,95,161,229
1,19,95,154,229
1,20,95,145,229
1,21,95,125,229
1,22,95,150,229
1,23,95,156,229
1,24,95,142,229
1,25,95,165,229
1,26,95,159,229
1,27,95,158,229
1,28,95,153,229
1,29,95,135,229
1,30,95,137,229
1,31,95,164,229
1,32,95,148,229
1,33,95,151,229
1,34,95,157,229
1,35,95,22,229
1,36,95,127,229
1,37,95,1,229
1,38,95,131,229
1,39,95,136,229
1,40,95,140,229
1,41,95,120,229
1,42,95,21,229
1,43,95,121,229
1,44,95,16,229
1,45,95,32,229
1,46,95,10,229
1,47,95,126,229
1,48,95,19,229
1,49,95,31,229
1,50,95,27,229
1,51,95,163,229
1,52,95,133,229
1,53,95,28,229
1,54,95,9,229
1,55,95,13,229
1,56,95,20,229
1,57,95,30,229
1,58,95,143,229
1,59,95,15,229
1,60,95,26,229
1,61,95,24,229
1,62,95,162,229
1,63,95,5,229
1,64,95,3,229
1,65,95,130,229
1,66,95,18,229
1,67,95,12,229
1,68,95,160,229
1,69,95,108,229
1,70,95,6,229
1,71,95,14,229
1,72,95,29,229
1,73,95,132,229
1,74,95,4,229
1,75,95,2,229
1,76,95,7,229
1,77,95,11,229
1,78,95,97,229
1,79,95,102,229
1,80,95,113,229
1,81,95,95,229
1,82,95,94,229
1,83,95,117,229
1,84,95,114,229
1,85,95,106,229
1,86,95,25,229
1,87,95,115,229
1,88,95,93,229
1,89,95,92,229
1,90,95,107,229
1,91,95,101,229
1,92,95,91,229
1,93,95,100,229
1,94,95,116,229
1,95,95,89,229
1,96,95,103,229
1,97,95,112,229
1,98,95,17,229
1,99,95,96,229
1,100,95,118,229
1,101,95,90,229
1,102,95,111,229
1,103,95,110,229
1,104,95,99,229
1,105,95,98,229
1,106,95,104,229
1,107,95,109,229
1,108,95,8,229
1,109,95,105,229
1,110,95,84,229
1,111,95,66,229
1,112,95,23,229
1,113,95,69,229
1,114,95,85,229
1,115,95,77,229
1,116,95,87,229
1,117,95,70,229
1,118,95,72,229
1,119,95,83,229
1,120,95,79,229
1,121,95,82,229
1,122,95,81,229
1,123,95,78,229
1,124,95,76,229
1,125,95,86,229
1,126,95,64,229
1,127,95,71,229
1,128,95,80,229
1,129,95,88,229
1,130,95,48,229
1,131,95,75,229
1,132,95,67,229
1,133,95,73,229
1,134,95,44,229
1,135,95,63,229
1,136,95,74,229
1,137,95,65,229
1,138,95,62,229
1,139,95,68,229
1,140,95,51,229
1,141,95,36,229
1,142,95,54,229
1,143,95,41,229
1,144,95,33,229
1,145,95,61,229
1,146,95,55,229
1,147,95,43,229
1,148,95,46,229
1,149,95,40,229
1,150,95,37,229
1,151,95,60,229
1,152,95,50,229
1,153,95,47,229
1,154,95,53,229
1,155,95,39,229
1,156,95,58,229
1,157,95,35,229
1,158,95,59,229
1,159,95,45,229
1,160,95,42,229
1,161,95,49,229
1,162,95,56,229
1,163,95,38,229
1,164,95,34,229
1,165,95,57,229
1,166,95,52,229
1,1,96,146,214
1,2,96,141,214
1,3,96,155,214
1,4,96,147,214
1,5,96,139,214
1,6,96,134,214
1,7,96,166,214
1,8,96,152,214
1,9,96,138,214
1,10,96,144,214
1,11,96,124,214
1,12,96,122,214
1,13,96,149,214
1,14,96,128,214
1,15,96,129,214
1,16,96,119,214
1,17,96,123,214
1,18,96,161,214
1,19,96,154,214
1,20,96,145,214
1,21,96,125,214
1,22,96,150,214
1,23,96,156,214
1,24,96,142,214
1,25,96,165,214
1,26,96,159,214
1,27,96,158,214
1,28,96,153,214
1,29,96,135,214
1,30,96,137,214
1,31,96,164,214
1,32,96,148,214
1,33,96,151,214
1,34,96,157,214
1,35,96,22,214
1,36,96,127,214
1,37,96,1,214
1,38,96,131,214
1,39,96,136,214
1,40,96,140,214
1,41,96,120,214
1,42,96,21,214
1,43,96,121,214
1,44,96,16,214
1,45,96,32,214
1,46,96,10,214
1,47,96,126,214
1,48,96,19,214
1,49,96,31,214
1,50,96,27,214
1,51,96,163,214
1,52,96,133,214
1,53,96,28,214
1,54,96,9,214
1,55,96,13,214
1,56,96,20,214
1,57,96,30,214
1,58,96,143,214
1,59,96,15,214
1,60,96,26,214
1,61,96,24,214
1,62,96,162,214
1,63,96,5,214
1,64,96,3,214
1,65,96,130,214
1,66,96,18,214
1,67,96,12,214
1,68,96,160,214
1,69,96,108,214
1,70,96,6,214
1,71,96,14,214
1,72,96,29,214
1,73,96,132,214
1,74,96,4,214
1,75,96,2,214
1,76,96,7,214
1,77,96,11,214
1,78,96,97,214
1,79,96,102,214
1,80,96,113,214
1,81,96,95,214
1,82,96,94,214
1,83,96,117,214
1,84,96,114,214
1,85,96,106,214
1,86,96,25,214
1,87,96,115,214
1,88,96,93,214
1,89,96,92,214
1,90,96,107,214
1,91,96,101,214
1,92,96,91,214
1,93,96,100,214
1,94,96,116,214
1,95,96,89,214
1,96,96,103,214
1,97,96,112,214
1,98,96,17,214
1,99,96,96,214
1,100,96,118,214
1,101,96,90,214
1,102,96,111,214
1,103,96,110,214
1,104,96,99,214
1,105,96,98,214
1,106,96,104,214
1,107,96,109,214
1,108,96,8,214
1,109,96,105,214
1,110,96,84,214
1,111,96,66,214
1,112,96,23,214
1,113,96,69,214
1,114,96,85,214
1,115,96,77,214
1,116,96,87,214
1,117,96,70,214
1,118,96,72,214
1,119,96,83,214
1,120,96,79,214
1,121,96,82,214
1,122,96,81,214
1,123,96,78,214
1,124,96,76,214
1,125,96,86,214
1,126,96,64,214
1,127,96,71,214
1,128,96,80,214
1,129,96,88,214
1,130,96,48,214
1,131,96,75,214
1,132,96,67,214
1,133,96,73,214
1,134,96,44,214
1,135,96,63,214
1,136,96,74,214
1,137,96,65,214
1,138,96,62,214
1,139,96,68,214
1,140,96,51,214
1,141,96,36,214
1,142,96,54,214
1,143,96,41,214
1,144,96,33,214
1,145,96,61,214
1,146,96,55,214
1,147,96,43,214
1,148,96,46,214
1,149,96,40,214
1,150,96,37,214
1,151,96,60,214
1,152,96,50,214
1,153,96,47,214
1,154,96,53,214
1,155,96,39,214
1,156,96,58,214
1,157,96,35,214
1,158,96,59,214
1,159,96,45,214
1,160,96,42,214
1,161,96,49,214
1,162,96,56,214
1,163,96,38,214
1,164,96,34,214
1,165,96,57,214
1,166,96,52,214
1,1,97,146,15
1,2,97,141,15
1,3,97,155,15
1,4,97,147,15
1,5,97,139,15
1,6,97,134,15
1,7,97,166,15
1,8,97,152,15
1,9,97,138,15
1,10,97,144,15
1,11,97,124,15
1,12,97,122,15
1,13,97,149,15
1,14,97,128,15
1,15,97,129,15
1,16,97,119,15
1,17,97,123,15
1,18,97,161,15
1,19,97,154,15
1,20,97,145,15
1,21,97,125,15
1,22,97,150,15
1,23,97,156,15
1,24,97,142,15
1,25,97,165,15
1,26,97,159,15
1,27,97,158,15
1,28,97,153,15
1,29,97,135,15
1,30,97,137,15
1,31,97,164,15
1,32,97,148,15
1,33,97,151,15
1,34,97,157,15
1,35,97,22,15
1,36,97,127,15
1,37,97,1,15
1,38,97,131,15
1,39,97,136,15
1,40,97,140,15
1,41,97,120,15
1,42,97,21,15
1,43,97,121,15
1,44,97,16,15
1,45,97,32,15
1,46,97,10,15
1,47,97,126,15
1,48,97,19,15
1,49,97,31,15
1,50,97,27,15
1,51,97,163,15
1,52,97,133,15
1,53,97,28,15
1,54,97,9,15
1,55,97,13,15
1,56,97,20,15
1,57,97,30,15
1,58,97,143,15
1,59,97,15,15
1,60,97,26,15
1,61,97,24,15
1,62,97,162,15
1,63,97,5,15
1,64,97,3,15
1,65,97,130,15
1,66,97,18,15
1,67,97,12,15
1,68,97,160,15
1,69,97,108,15
1,70,97,6,15
1,71,97,14,15
1,72,97,29,15
1,73,97,132,15
1,74,97,4,15
1,75,97,2,15
1,76,97,7,15
1,77,97,11,15
1,78,97,97,15
1,79,97,102,15
1,80,97,113,15
1,81,97,95,15
1,82,97,94,15
1,83,97,117,15
1,84,97,114,15
1,85,97,106,15
1,86,97,25,15
1,87,97,115,15
1,88,97,93,15
1,89,97,92,15
1,90,97,107,15
1,91,97,101,15
1,92,97,91,15
1,93,97,100,15
1,94,97,116,15
1,95,97,89,15
1,96,97,103,15
1,97,97,112,15
1,98,97,17,15
1,99,97,96,15
1,100,97,118,15
1,101,97,90,15
1,102,97,111,15
1,103,97,110,15
1,104,97,99,15
1,105,97,98,15
1,106,97,104,15
1,107,97,109,15
1,108,97,8,15
1,109,97,105,15
1,110,97,84,15
1,111,97,66,15
1,112,97,23,15
1,113,97,69,15
1,114,97,85,15
1,115,97,77,15
1,116,97,87,15
1,117,97,70,15
1,118,97,72,15
1,119,97,83,15
1,120,97,79,15
1,121,97,82,15
1,122,97,81,15
1,123,97,78,15
1,124,97,76,15
1,125,97,86,15
1,126,97,64,15
1,127,97,71,15
1,128,97,80,15
1,129,97,88,15
1,130,97,48,15
1,131,97,75,15
1,132,97,67,15
1,133,97,73,15
1,134,97,44,15
1,135,97,63,15
1,136,97,74,15
1,137,97,65,15
1,138,97,62,15
1,139,97,68,15
1,140,97,51,15
1,141,97,36,15
1,142,97,54,15
1,143,97,41,15
1,144,97,33,15
1,145,97,61,15
1,146,97,55,15
1,147,97,43,15
1,148,97,46,15
1,149,97,40,15
1,150,97,37,15
1,151,97,60,15
1,152,97,50,15
1,153,97,47,15
1,154,97,53,15
1,155,97,39,15
1,156,97,58,15
1,157,97,35,15
1,158,97,59,15
1,159,97,45,15
1,160,97,42,15
1,161,97,49,15
1,162,97,56,15
1,163,97,38,15
1,164,97,34,15
1,165,97,57,15
1,166,97,52,15
1,1,98,146,74
1,2,98,141,74
1,3,98,155,74
1,4,98,147,74
1,5,98,139,74
1,6,98,134,74
1,7,98,166,74
1,8,98,152,74
1,9,98,138,74
1,10,98,144,74
1,11,98,124,74
1,12,98,122,74
1,13,98,149,74
1,14,98,128,74
1,15,98,129,74
1,16,98,119,74
1,17,98,123,74
1,18,98,161,74
1,19,98,154,74
1,20,98,145,74
1,21,98,125,74
1,22,98,150,74
1,23,98,156,74
1,24,98,142,74
1,25,98,165,74
1,26,98,159,74
1,27,98,158,74
1,28,98,153,74
1,29,98,135,74
1,30,98,137,74
1,31,98,164,74
1,32,98,148,74
1,33,98,151,74
1,34,98,157,74
1,35,98,22,74
1,36,98,127,74
1,37,98,1,74
1,38,98,131,74
1,39,98,136,74
1,40,98,140,74
1,41,98,120,74
1,42,98,21,74
1,43,98,121,74
1,44,98,16,74
1,45,98,32,74
1,46,98,10,74
1,47,98,126,74
1,48,98,19,74
1,49,98,31,74
1,50,98,27,74
1,51,98,163,74
1,52,98,133,74
1,53,98,28,74
1,54,98,9,74
1,55,98,13,74
1,56,98,20,74
1,57,98,30,74
1,58,98,143,74
1,59,98,15,74
1,60,98,26,74
1,61,98,24,74
1,62,98,162,74
1,63,98,5,74
1,64,98,3,74
1,65,98,130,74
1,66,98,18,74
1,67,98,12,74
1,68,98,160,74
1,69,98,108,74
1,70,98,6,74
1,71,98,14,74
1,72,98,29,74
1,73,98,132,74
1,74,98,4,74
1,75,98,2,74
1,76,98,7,74
1,77,98,11,74
1,78,98,97,74
1,79,98,102,74
1,80,98,113,74
1,81,98,95,74
1,82,98,94,74
1,83,98,117,74
1,84,98,114,74
1,85,98,106,74
1,86,98,25,74
1,87,98,115,74
1,88,98,93,74
1,89,98,92,74
1,90,98,107,74
1,91,98,101,74
1,92,98,91,74
1,93,98,100,74
1,94,98,116,74
1,95,98,89,74
1,96,98,103,74
1,97,98,112,74
1,98,98,17,74
1,99,98,96,74
1,100,98,118,74
1,101,98,90,74
1,102,98,111,74
1,103,98,110,74
1,104,98,99,74
1,105,98,98,74
1,106,98,104,74
1,107,98,109,74
1,108,98,8,74
1,109,98,105,74
1,110,98,84,74
1,111,98,66,74
1,112,98,23,74
1,113,98,69,74
1,114,98,85,74
1,115,98,77,74
1,116,98,87,74
1,117,98,70,74
1,118,98,72,74
1,119,98,83,74
1,120,98,79,74
1,121,98,82,74
1,122,98,81,74
1,123,98,78,74
1,124,98,76,74
1,125,98,86,74
1,126,98,64,74
1,127,98,71,74
1,128,98,80,74
1,129,98,88,74
1,130,98,48,74
1,131,98,75,74
1,132,98,67,74
1,133,98,73,74
1,134,98,44,74
1,135,98,63,74
1,136,98,74,74
1,137,98,65,74
1,138,98,62,74
1,139,98,68,74
1,140,98,51,74
1,141,98,36,74
1,142,98,54,74
1,143,98,41,74
1,144,98,33,74
1,145,98,61,74
1,146,98,55,74
1,147,98,43,74
1,148,98,46,74
1,149,98,40,74
1,150,98,37,74
1,151,98,60,74
1,152,98,50,74
1,153,98,47,74
1,154,98,53,74
1,155,98,39,74
1,156,98,58,74
1,157,98,35,74
1,158,98,59,74
1,159,98,45,74
1,160,98,42,74
1,161,98,49,74
1,162,98,56,74
1,163,98,38,74
1,164,98,34,74
1,165,98,57,74
1,166,98,52,74
1,1,99,146,225
1,2,99,141,225
1,3,99,155,225
1,4,99,147,225
1,5,99,139,225
1,6,99,134,225
1,7,99,166,225
1,8,99,152,225
1,9,99,138,225
1,10,99,144,225
1,11,99,124,225
1,12,99,122,225
1,13,99,149,225
1,14,99,128,225
1,15,99,129,225
1,16,99,119,225
1,17,99,123,225
1,18,99,161,225
1,19,99,154,225
1,20,99,145,225
1,21,99,125,225
1,22,99,150,225
1,23,99,156,225
1,24,99,142,225
1,25,99,165,225
1,26,99,159,225
1,27,99,158,225
1,28,99,153,225
1,29,99,135,225
1,30,99,137,225
1,31,99,164,225
1,32,99,148,225
1,33,99,151,225
1,34,99,157,225
1,35,99,22,225
1,36,99,127,225
1,37,99,1,225
1,38,99,131,225
1,39,99,136,225
1,40,99,140,225
1,41,99,120,225
1,42,99,21,225
1,43,99,121,225
1,44,99,16,225
1,45,99,32,225
1,46,99,10,225
1,47,99,126,225
1,48,99,19,225
1,49,99,31,225
1,50,99,27,225
1,51,99,163,225
1,52,99,133,225
1,53,99,28,225
1,54,99,9,225
1,55,99,13,225
1,56,99,20,225
1,57,99,30,225
1,58,99,143,225
1,59,99,15,225
1,60,99,26,225
1,61,99,24,225
1,62,99,162,225
1,63,99,5,225
1,64,99,3,225
1,65,99,130,225
1,66,99,18,225
1,67,99,12,225
1,68,99,160,225
1,69,99,108,225
1,70,99,6,225
1,71,99,14,225
1,72,99,29,225
1,73,99,132,225
1,74,99,4,225
1,75,99,2,225
1,76,99,7,225
1,77,99,11,225
1,78,99,97,225
1,79,99,102,225
1,80,99,113,225
1,81,99,95,225
1,82,99,94,225
1,83,99,117,225
1,84,99,114,225
1,85,99,106,225
1,86,99,25,225
1,87,99,115,225
1,88,99,93,225
1,89,99,92,225
1,90,99,107,225
1,91,99,101,225
1,92,99,91,225
1,93,99,100,225
1,94,99,116,225
1,95,99,89,225
1,96,99,103,225
1,97,99,112,225
1,98,99,17,225
1,99,99,96,225
1,100,99,118,225
1,101,99,90,225
1,102,99,111,225
1,103,99,110,225
1,104,99,99,225
1,105,99,98,225
1,106,99,104,225
1,107,99,109,225
1,108,99,8,225
1,109,99,105,225
1,110,99,84,225
1,111,99,66,225
1,112,99,23,225
1,113,99,69,225
1,114,99,85,225
1,115,99,77,225
1,116,99,87,225
1,117,99,70,225
1,118,99,72,225
1,119,99,83,225
1,120,99,79,225
1,121,99,82,225
1,122,99,81,225
1,123,99,78,225
1,124,99,76,225
1,125,99,86,225
1,126,99,64,225
1,127,99,71,225
1,128,99,80,225
1,129,99,88,225
1,130,99,48,225
1,131,99,75,225
1,132,99,67,225
1,133,99,73,225
1,134,99,44,225
1,135,99,63,225
1,136,99,74,225
1,137,99,65,225
1,138,99,62,225
1,139,99,68,225
1,140,99,51,225
1,141,99,36,225
1,142,99,54,225
1,143,99,41,225
1,144,99,33,225
1,145,99,61,225
1,146,99,55,225
1,147,99,43,225
1,148,99,46,225
1,149,99,40,225
1,150,99,37,225
1,151,99,60,225
1,152,99,50,225
1,153,99,47,225
1,154,99,53,225
1,155,99,39,225
1,156,99,58,225
1,157,99,35,225
1,158,99,59,225
1,159,99,45,225
1,160,99,42,225
1,161,99,49,225
1,162,99,56,225
1,163,99,38,225
1,164,99,34,225
1,165,99,57,225
1,166,99,52,225
1,1,100,146,226
1,2,100,141,226
1,3,100,155,226
1,4,100,147,226
1,5,100,139,226
1,6,100,134,226
1,7,100,166,226
1,8,100,152,226
1,9,100,138,226
1,10,100,144,226
1,11,100,124,226
1,12,100,122,226
1,13,100,149,226
1,14,100,128,226
1,15,100,129,226
1,16,100,119,226
1,17,100,123,226
1,18,100,161,226
1,19,100,154,226
1,20,100,145,226
1,21,100,125,226
1,22,100,150,226
1,23,100,156,226
1,24,100,142,226
1,25,100,165,226
1,26,100,159,226
1,27,100,158,226
1,28,100,153,226
1,29,100,135,226
1,30,100,137,226
1,31,100,164,226
1,32,100,148,226
1,33,100,151,226
1,34,100,157,226
1,35,100,22,226
1,36,100,127,226
1,37,100,1,226
1,38,100,131,226
1,39,100,136,226
1,40,100,140,226
1,41,100,120,226
1,42,100,21,226
1,43,100,121,226
1,44,100,16,226
1,45,100,32,226
1,46,100,10,226
1,47,100,126,226
1,48,100,19,226
1,49,100,31,226
1,50,100,27,226
1,51,100,163,226
1,52,100,133,226
1,53,100,28,226
1,54,100,9,226
1,55,100,13,226
1,56,100,20,226
1,57,100,30,226
1,58,100,143,226
1,59,100,15,226
1,60,100,26,226
1,61,100,24,226
1,62,100,162,226
1,63,100,5,226
1,64,100,3,226
1,65,100,130,226
1,66,100,18,226
1,67,100,12,226
1,68,100,160,226
1,69,100,108,226
1,70,100,6,226
1,71,100,14,226
1,72,100,29,226
1,73,100,132,226
1,74,100,4,226
1,75,100,2,226
1,76,100,7,226
1,77,100,11,226
1,78,100,97,226
1,79,100,102,226
1,80,100,113,226
1,81,100,95,226
1,82,100,94,226
1,83,100,117,226
1,84,100,114,226
1,85,100,106,226
1,86,100,25,226
1,87,100,115,226
1,88,100,93,226
1,89,100,92,226
1,90,100,107,226
1,91,100,101,226
1,92,100,91,226
1,93,100,100,226
1,94,100,116,226
1,95,100,89,226
1,96,100,103,226
1,97,100,112,226
1,98,100,17,226
1,99,100,96,226
1,100,100,118,226
1,101,100,90,226
1,102,100,111,226
1,103,100,110,226
1,104,100,99,226
1,105,100,98,226
1,106,100,104,226
1,107,100,109,226
1,108,100,8,226
1,109,100,105,226
1,110,100,84,226
1,111,100,66,226
1,112,100,23,226
1,113,100,69,226
1,114,100,85,226
1,115,100,77,226
1,116,100,87,226
1,117,100,70,226
1,118,100,72,226
1,119,100,83,226
1,120,100,79,226
1,121,100,82,226
1,122,100,81,226
1,123,100,78,226
1,124,100,76,226
1,125,100,86,226
1,126,100,64,226
1,127,100,71,226
1,128,100,80,226
1,129,100,88,226
1,130,100,48,226
1,131,100,75,226
1,132,100,67,226
1,133,100,73,226
1,134,100,44,226
1,135,100,63,226
1,136,100,74,226
1,137,100,65,226
1,138,100,62,226
1,139,100,68,226
1,140,100,51,226
1,141,100,36,226
1,142,100,54,226
1,143,100,41,226
1,144,100,33,226
1,145,100,61,226
1,146,100,55,226
1,147,100,43,226
1,148,100,46,226
1,149,100,40,226
1,150,100,37,226
1,151,100,60,226
1,152,100,50,226
1,153,100,47,226
1,154,100,53,226
1,155,100,39,226
1,156,100,58,226
1,157,100,35,226
1,158,100,59,226
1,159,100,45,226
1,160,100,42,226
1,161,100,49,226
1,162,100,56,226
1,163,100,38,226
1,164,100,34,226
1,165,100,57,226
1,166,100,52,226
1,1,101,146,221
1,2,101,141,221
1,3,101,155,221
1,4,101,147,221
1,5,101,139,221
1,6,101,134,221
1,7,101,166,221
1,8,101,152,221
1,9,101,138,221
1,10,101,144,221
1,11,101,124,221
1,12,101,122,221
1,13,101,149,221
1,14,101,128,221
1,15,101,129,221
1,16,101,119,221
1,17,101,123,221
1,18,101,161,221
1,19,101,154,221
1,20,101,145,221
1,21,101,125,221
1,22,101,150,221
1,23,101,156,221
1,24,101,142,221
1,25,101,165,221
1,26,101,159,221
1,27,101,158,221
1,28,101,153,221
1,29,101,135,221
1,30,101,137,221
1,31,101,164,221
1,32,101,148,221
1,33,101,151,221
1,34,101,157,221
1,35,101,22,221
1,36,101,127,221
1,37,101,1,221
1,38,101,131,221
1,39,101,136,221
1,40,101,140,221
1,41,101,120,221
1,42,101,21,221
1,43,101,121,221
1,44,101,16,221
1,45,101,32,221
1,46,101,10,221
1,47,101,126,221
1,48,101,19,221
1,49,101,31,221
1,50,101,27,221
1,51,101,163,221
1,52,101,133,221
1,53,101,28,221
1,54,101,9,221
1,55,101,13,221
1,56,101,20,221
1,57,101,30,221
1,58,101,143,221
1,59,101,15,221
1,60,101,26,221
1,61,101,24,221
1,62,101,162,221
1,63,101,5,221
1,64,101,3,221
1,65,101,130,221
1,66,101,18,221
1,67,101,12,221
1,68,101,160,221
1,69,101,108,221
1,70,101,6,221
1,71,101,14,221
1,72,101,29,221
1,73,101,132,221
1,74,101,4,221
1,75,101,2,221
1,76,101,7,221
1,77,101,11,221
1,78,101,97,221
1,79,101,102,221
1,80,101,113,221
1,81,101,95,221
1,82,101,94,221
1,83,101,117,221
1,84,101,114,221
1,85,101,106,221
1,86,101,25,221
1,87,101,115,221
1,88,101,93,221
1,89,101,92,221
1,90,101,107,221
1,91,101,101,221
1,92,101,91,221
1,93,101,100,221
1,94,101,116,221
1,95,101,89,221
1,96,101,103,221
1,97,101,112,221
1,98,101,17,221
1,99,101,96,221
1,100,101,118,221
1,101,101,90,221
1,102,101,111,221
1,103,101,110,221
1,104,101,99,221
1,105,101,98,221
1,106,101,104,221
1,107,101,109,221
1,108,101,8,221
1,109,101,105,221
1,110,101,84,221
1,111,101,66,221
1,112,101,23,221
1,113,101,69,221
1,114,101,85,221
1,115,101,77,221
1,116,101,87,221
1,117,101,70,221
1,118,101,72,221
1,119,101,83,221
1,120,101,79,221
1,121,101,82,221
1,122,101,81,221
1,123,101,78,221
1,124,101,76,221
1,125,101,86,221
1,126,101,64,221
1,127,101,71,221
1,128,101,80,221
1,129,101,88,221
1,130,101,48,221
1,131,101,75,221
1,132,101,67,221
1,133,101,73,221
1,134,101,44,221
1,135,101,63,221
1,136,101,74,221
1,137,101,65,221
1,138,101,62,221
1,139,101,68,221
1,140,101,51,221
1,141,101,36,221
1,142,101,54,221
1,143,101,41,221
1,144,101,33,221
1,145,101,61,221
1,146,101,55,221
1,147,101,43,221
1,148,101,46,221
1,149,101,40,221
1,150,101,37,221
1,151,101,60,221
1,152,101,50,221
1,153,101,47,221
1,154,101,53,221
1,155,101,39,221
1,156,101,58,221
1,157,101,35,221
1,158,101,59,221
1,159,101,45,221
1,160,101,42,221
1,161,101,49,221
1,162,101,56,221
1,163,101,38,221
1,164,101,34,221
1,165,101,57,221
1,166,101,52,221
1,1,102,146,213
1,2,102,141,213
1,3,102,155,213
1,4,102,147,213
1,5,102,139,213
1,6,102,134,213
1,7,102,166,213
1,8,102,152,213
1,9,102,138,213
1,10,102,144,213
1,11,102,124,213
1,12,102,122,213
1,13,102,149,213
1,14,102,128,213
1,15,102,129,213
1,16,102,119,213
1,17,102,123,213
1,18,102,161,213
1,19,102,154,213
1,20,102,145,213
1,21,102,125,213
1,22,102,150,213
1,23,102,156,213
1,24,102,142,213
1,25,102,165,213
1,26,102,159,213
1,27,102,158,213
1,28,102,153,213
1,29,102,135,213
1,30,102,137,213
1,31,102,164,213
1,32,102,148,213
1,33,102,151,213
1,34,102,157,213
1,35,102,22,213
1,36,102,127,213
1,37,102,1,213
1,38,102,131,213
1,39,102,136,213
1,40,102,140,213
1,41,102,120,213
1,42,102,21,213
1,43,102,121,213
1,44,102,16,213
1,45,102,32,213
1,46,102,10,213
1,47,102,126,213
1,48,102,19,213
1,49,102,31,213
1,50,102,27,213
1,51,102,163,213
1,52,102,133,213
1,53,102,28,213
1,54,102,9,213
1,55,102,13,213
1,56,102,20,213
1,57,102,30,213
1,58,102,143,213
1,59,102,15,213
1,60,102,26,213
1,61,102,24,213
1,62,102,162,213
1,63,102,5,213
1,64,102,3,213
1,65,102,130,213
1,66,102,18,213
1,67,102,12,213
1,68,102,160,213
1,69,102,108,213
1,70,102,6,213
1,71,102,14,213
1,72,102,29,213
1,73,102,132,213
1,74,102,4,213
1,75,102,2,213
1,76,102,7,213
1,77,102,11,213
1,78,102,97,213
1,79,102,102,213
1,80,102,113,213
1,81,102,95,213
1,82,102,94,213
1,83,102,117,213
1,84,102,114,213
1,85,102,106,213
1,86,102,25,213
1,87,102,115,213
1,88,102,93,213
1,89,102,92,213
1,90,102,107,213
1,91,102,101,213
1,92,102,91,213
1,93,102,100,213
1,94,102,116,213
1,95,102,89,213
1,96,102,103,213
1,97,102,112,213
1,98,102,17,213
1,99,102,96,213
1,100,102,118,213
1,101,102,90,213
1,102,102,111,213
1,103,102,110,213
1,104,102,99,213
1,105,102,98,213
1,106,102,104,213
1,107,102,109,213
1,108,102,8,213
1,109,102,105,213
1,110,102,84,213
1,111,102,66,213
1,112,102,23,213
1,113,102,69,213
1,114,102,85,213
1,115,102,77,213
1,116,102,87,213
1,117,102,70,213
1,118,102,72,213
1,119,102,83,213
1,120,102,79,213
1,121,102,82,213
1,122,102,81,213
1,123,102,78,213
1,124,102,76,213
1,125,102,86,213
1,126,102,64,213
1,127,102,71,213
1,128,102,80,213
1,129,102,88,213
1,130,102,48,213
1,131,102,75,213
1,132,102,67,213
1,133,102,73,213
1,134,102,44,213
1,135,102,63,213
1,136,102,74,213
1,137,102,65,213
1,138,102,62,213
1,139,102,68,213
1,140,102,51,213
1,141,102,36,213
1,142,102,54,213
1,143,102,41,213
1,144,102,33,213
1,145,102,61,213
1,146,102,55,213
1,147,102,43,213
1,148,102,46,213
1,149,102,40,213
1,150,102,37,213
1,151,102,60,213
1,152,102,50,213
1,153,102,47,213
1,154,102,53,213
1,155,102,39,213
1,156,102,58,213
1,157,102,35,213
1,158,102,59,213
1,159,102,45,213
1,160,102,42,213
1,161,102,49,213
1,162,102,56,213
1,163,102,38,213
1,164,102,34,213
1,165,102,57,213
1,166,102,52,213
1,1,103,146,16
1,2,103,141,16
1,3,103,155,16
1,4,103,147,16
1,5,103,139,16
1,6,103,134,16
1,7,103,166,16
1,8,103,152,16
1,9,103,138,16
1,10,103,144,16
1,11,103,124,16
1,12,103,122,16
1,13,103,149,16
1,14,103,128,16
1,15,103,129,16
1,16,103,119,16
1,17,103,123,16
1,18,103,161,16
1,19,103,154,16
1,20,103,145,16
1,21,103,125,16
1,22,103,150,16
1,23,103,156,16
1,24,103,142,16
1,25,103,165,16
1,26,103,159,16
1,27,103,158,16
1,28,103,153,16
1,29,103,135,16
1,30,103,137,16
1,31,103,164,16
1,32,103,148,16
1,33,103,151,16
1,34,103,157,16
1,35,103,22,16
1,36,103,127,16
1,37,103,1,16
1,38,103,131,16
1,39,103,136,16
1,40,103,140,16
1,41,103,120,16
1,42,103,21,16
1,43,103,121,16
1,44,103,16,16
1,45,103,32,16
1,46,103,10,16
1,47,103,126,16
1,48,103,19,16
1,49,103,31,16
1,50,103,27,16
1,51,103,163,16
1,52,103,133,16
1,53,103,28,16
1,54,103,9,16
1,55,103,13,16
1,56,103,20,16
1,57,103,30,16
1,58,103,143,16
1,59,103,15,16
1,60,103,26,16
1,61,103,24,16
1,62,103,162,16
1,63,103,5,16
1,64,103,3,16
1,65,103,130,16
1,66,103,18,16
1,67,103,12,16
1,68,103,160,16
1,69,103,108,16
1,70,103,6,16
1,71,103,14,16
1,72,103,29,16
1,73,103,132,16
1,74,103,4,16
1,75,103,2,16
1,76,103,7,16
1,77,103,11,16
1,78,103,97,16
1,79,103,102,16
1,80,103,113,16
1,81,103,95,16
1,82,103,94,16
1,83,103,117,16
1,84,103,114,16
1,85,103,106,16
1,86,103,25,16
1,87,103,115,16
1,88,103,93,16
1,89,103,92,16
1,90,103,107,16
1,91,103,101,16
1,92,103,91,16
1,93,103,100,16
1,94,103,116,16
1,95,103,89,16
1,96,103,103,16
1,97,103,112,16
1,98,103,17,16
1,99,103,96,16
1,100,103,118,16
1,101,103,90,16
1,102,103,111,16
1,103,103,110,16
1,104,103,99,16
1,105,103,98,16
1,106,103,104,16
1,107,103,109,16
1,108,103,8,16
1,109,103,105,16
1,110,103,84,16
1,111,103,66,16
1,112,103,23,16
1,113,103,69,16
1,114,103,85,16
1,115,103,77,16
1,116,103,87,16
1,117,103,70,16
1,118,103,72,16
1,119,103,83,16
1,120,103,79,16
1,121,103,82,16
1,122,103,81,16
1,123,103,78,16
1,124,103,76,16
1,125,103,86,16
1,126,103,64,16
1,127,103,71,16
1,128,103,80,16
1,129,103,88,16
1,130,103,48,16
1,131,103,75,16
1,132,103,67,16
1,133,103,73,16
1,134,103,44,16
1,135,103,63,16
1,136,103,74,16
1,137,103,65,16
1,138,103,62,16
1,139,103,68,16
1,140,103,51,16
1,141,103,36,16
1,142,103,54,16
1,143,103,41,16
1,144,103,33,16
1,145,103,61,16
1,146,103,55,16
1,147,103,43,16
1,148,103,46,16
1,149,103,40,16
1,150,103,37,16
1,151,103,60,16
1,152,103,50,16
1,153,103,47,16
1,154,103,53,16
1,155,103,39,16
1,156,103,58,16
1,157,103,35,16
1,158,103,59,16
1,159,103,45,16
1,160,103,42,16
1,161,103,49,16
1,162,103,56,16
1,163,103,38,16
1,164,103,34,16
1,165,103,57,16
1,166,103,52,16
1,1,104,146,294
1,2,104,141,294
1,3,104,155,294
1,4,104,147,294
1,5,104,139,294
1,6,104,134,294
1,7,104,166,294
1,8,104,152,294
1,9,104,138,294
1,10,104,144,294
1,11,104,124,294
1,12,104,122,294
1,13,104,149,294
1,14,104,128,294
1,15,104,129,294
1,16,104,119,294
1,17,104,123,294
1,18,104,161,294
1,19,104,154,294
1,20,104,145,294
1,21,104,125,294
1,22,104,150,294
1,23,104,156,294
1,24,104,142,294
1,25,104,165,294
1,26,104,159,294
1,27,104,158,294
1,28,104,153,294
1,29,104,135,294
1,30,104,137,294
1,31,104,164,294
1,32,104,148,294
1,33,104,151,294
1,34,104,157,294
1,35,104,22,294
1,36,104,127,294
1,37,104,1,294
1,38,104,131,294
1,39,104,136,294
1,40,104,140,294
1,41,104,120,294
1,42,104,21,294
1,43,104,121,294
1,44,104,16,294
1,45,104,32,294
1,46,104,10,294
1,47,104,126,294
1,48,104,19,294
1,49,104,31,294
1,50,104,27,294
1,51,104,163,294
1,52,104,133,294
1,53,104,28,294
1,54,104,9,294
1,55,104,13,294
1,56,104,20,294
1,57,104,30,294
1,58,104,143,294
1,59,104,15,294
1,60,104,26,294
1,61,104,24,294
1,62,104,162,294
1,63,104,5,294
1,64,104,3,294
1,65,104,130,294
1,66,104,18,294
1,67,104,12,294
1,68,104,160,294
1,69,104,108,294
1,70,104,6,294
1,71,104,14,294
1,72,104,29,294
1,73,104,132,294
1,74,104,4,294
1,75,104,2,294
1,76,104,7,294
1,77,104,11,294
1,78,104,97,294
1,79,104,102,294
1,80,104,113,294
1,81,104,95,294
1,82,104,94,294
1,83,104,117,294
1,84,104,114,294
1,85,104,106,294
1,86,104,25,294
1,87,104,115,294
1,88,104,93,294
1,89,104,92,294
1,90,104,107,294
1,91,104,101,294
1,92,104,91,294
1,93,104,100,294
1,94,104,116,294
1,95,104,89,294
1,96,104,103,294
1,97,104,112,294
1,98,104,17,294
1,99,104,96,294
1,100,104,118,294
1,101,104,90,294
1,102,104,111,294
1,103,104,110,294
1,104,104,99,294
1,105,104,98,294
1,106,104,104,294
1,107,104,109,294
1,108,104,8,294
1,109,104,105,294
1,110,104,84,294
1,111,104,66,294
1,112,104,23,294
1,113,104,69,294
1,114,104,85,294
1,115,104,77,294
1,116,104,87,294
1,117,104,70,294
1,118,104,72,294
1,119,104,83,294
1,120,104,79,294
1,121,104,82,294
1,122,104,81,294
1,123,104,78,294
1,124,104,76,294
1,125,104,86,294
1,126,104,64,294
1,127,104,71,294
1,128,104,80,294
1,129,104,88,294
1,130,104,48,294
1,131,104,75,294
1,132,104,67,294
1,133,104,73,294
1,134,104,44,294
1,135,104,63,294
1,136,104,74,294
1,137,104,65,294
1,138,104,62,294
1,139,104,68,294
1,140,104,51,294
1,141,104,36,294
1,142,104,54,294
1,143,104,41,294
1,144,104,33,294
1,145,104,61,294
1,146,104,55,294
1,147,104,43,294
1,148,104,46,294
1,149,104,40,294
1,150,104,37,294
1,151,104,60,294
1,152,104,50,294
1,153,104,47,294
1,154,104,53,294
1,155,104,39,294
1,156,104,58,294
1,157,104,35,294
1,158,104,59,294
1,159,104,45,294
1,160,104,42,294
1,161,104,49,294
1,162,104,56,294
1,163,104,38,294
1,164,104,34,294
1,165,104,57,294
1,166,104,52,294
1,1,105,146,92
1,2,105,141,92
1,3,105,155,92
1,4,105,147,92
1,5,105,139,92
1,6,105,134,92
1,7,105,166,92
1,8,105,152,92
1,9,105,138,92
1,10,105,144,92
1,11,105,124,92
1,12,105,122,92
1,13,105,149,92
1,14,105,128,92
1,15,105,129,92
1,16,105,119,92
1,17,105,123,92
1,18,105,161,92
1,19,105,154,92
1,20,105,145,92
1,21,105,125,92
1,22,105,150,92
1,23,105,156,92
1,24,105,142,92
1,25,105,165,92
1,26,105,159,92
1,27,105,158,92
1,28,105,153,92
1,29,105,135,92
1,30,105,137,92
1,31,105,164,92
1,32,105,148,92
1,33,105,151,92
1,34,105,157,92
1,35,105,22,92
1,36,105,127,92
1,37,105,1,92
1,38,105,131,92
1,39,105,136,92
1,40,105,140,92
1,41,105,120,92
1,42,105,21,92
1,43,105,121,92
1,44,105,16,92
1,45,105,32,92
1,46,105,10,92
1,47,105,126,92
1,48,105,19,92
1,49,105,31,92
1,50,105,27,92
1,51,105,163,92
1,52,105,133,92
1,53,105,28,92
1,54,105,9,92
1,55,105,13,92
1,56,105,20,92
1,57,105,30,92
1,58,105,143,92
1,59,105,15,92
1,60,105,26,92
1,61,105,24,92
1,62,105,162,92
1,63,105,5,92
1,64,105,3,92
1,65,105,130,92
1,66,105,18,92
1,67,105,12,92
1,68,105,160,92
1,69,105,108,92
1,70,105,6,92
1,71,105,14,92
1,72,105,29,92
1,73,105,132,92
1,74,105,4,92
1,75,105,2,92
1,76,105,7,92
1,77,105,11,92
1,78,105,97,92
1,79,105,102,92
1,80,105,113,92
1,81,105,95,92
1,82,105,94,92
1,83,105,117,92
1,84,105,114,92
1,85,105,106,92
1,86,105,25,92
1,87,105,115,92
1,88,105,93,92
1,89,105,92,92
1,90,105,107,92
1,91,105,101,92
1,92,105,91,92
1,93,105,100,92
1,94,105,116,92
1,95,105,89,92
1,96,105,103,92
1,97,105,112,92
1,98,105,17,92
1,99,105,96,92
1,100,105,118,92
1,101,105,90,92
1,102,105,111,92
1,103,105,110,92
1,104,105,99,92
1,105,105,98,92
1,106,105,104,92
1,107,105,109,92
1,108,105,8,92
1,109,105,105,92
1,110,105,84,92
1,111,105,66,92
1,112,105,23,92
1,113,105,69,92
1,114,105,85,92
1,115,105,77,92
1,116,105,87,92
1,117,105,70,92
1,118,105,72,92
1,119,105,83,92
1,120,105,79,92
1,121,105,82,92
1,122,105,81,92
1,123,105,78,92
1,124,105,76,92
1,125,105,86,92
1,126,105,64,92
1,127,105,71,92
1,128,105,80,92
1,129,105,88,92
1,130,105,48,92
1,131,105,75,92
1,132,105,67,92
1,133,105,73,92
1,134,105,44,92
1,135,105,63,92
1,136,105,74,92
1,137,105,65,92
1,138,105,62,92
1,139,105,68,92
1,140,105,51,92
1,141,105,36,92
1,142,105,54,92
1,143,105,41,92
1,144,105,33,92
1,145,105,61,92
1,146,105,55,92
1,147,105,43,92
1,148,105,46,92
1,149,105,40,92
1,150,105,37,92
1,151,105,60,92
1,152,105,50,92
1,153,105,47,92
1,154,105,53,92
1,155,105,39,92
1,156,105,58,92
1,157,105,35,92
1,158,105,59,92
1,159,105,45,92
1,160,105,42,92
1,161,105,49,92
1,162,105,56,92
1,163,105,38,92
1,164,105,34,92
1,165,105,57,92
1,166,105,52,92
1,1,106,146,292
1,2,106,141,292
1,3,106,155,292
1,4,106,147,292
1,5,106,139,292
1,6,106,134,292
1,7,106,166,292
1,8,106,152,292
1,9,106,138,292
1,10,106,144,292
1,11,106,124,292
1,12,106,122,292
1,13,106,149,292
1,14,106,128,292
1,15,106,129,292
1,16,106,119,292
1,17,106,123,292
1,18,106,161,292
1,19,106,154,292
1,20,106,145,292
1,21,106,125,292
1,22,106,150,292
1,23,106,156,292
1,24,106,142,292
1,25,106,165,292
1,26,106,159,292
1,27,106,158,292
1,28,106,153,292
1,29,106,135,292
1,30,106,137,292
1,31,106,164,292
1,32,106,148,292
1,33,106,151,292
1,34,106,157,292
1,35,106,22,292
1,36,106,127,292
1,37,106,1,292
1,38,106,131,292
1,39,106,136,292
1,40,106,140,292
1,41,106,120,292
1,42,106,21,292
1,43,106,121,292
1,44,106,16,292
1,45,106,32,292
1,46,106,10,292
1,47,106,126,292
1,48,106,19,292
1,49,106,31,292
1,50,106,27,292
1,51,106,163,292
1,52,106,133,292
1,53,106,28,292
1,54,106,9,292
1,55,106,13,292
1,56,106,20,292
1,57,106,30,292
1,58,106,143,292
1,59,106,15,292
1,60,106,26,292
1,61,106,24,292
1,62,106,162,292
1,63,106,5,292
1,64,106,3,292
1,65,106,130,292
1,66,106,18,292
1,67,106,12,292
1,68,106,160,292
1,69,106,108,292
1,70,106,6,292
1,71,106,14,292
1,72,106,29,292
1,73,106,132,292
1,74,106,4,292
1,75,106,2,292
1,76,106,7,292
1,77,106,11,292
1,78,106,97,292
1,79,106,102,292
1,80,106,113,292
1,81,106,95,292
1,82,106,94,292
1,83,106,117,292
1,84,106,114,292
1,85,106,106,292
1,86,106,25,292
1,87,106,115,292
1,88,106,93,292
1,89,106,92,292
1,90,106,107,292
1,91,106,101,292
1,92,106,91,292
1,93,106,100,292
1,94,106,116,292
1,95,106,89,292
1,96,106,103,292
1,97,106,112,292
1,98,106,17,292
1,99,106,96,292
1,100,106,118,292
1,101,106,90,292
1,102,106,111,292
1,103,106,110,292
1,104,106,99,292
1,105,106,98,292
1,106,106,104,292
1,107,106,109,292
1,108,106,8,292
1,109,106,105,292
1,110,106,84,292
1,111,106,66,292
1,112,106,23,292
1,113,106,69,292
1,114,106,85,292
1,115,106,77,292
1,116,106,87,292
1,117,106,70,292
1,118,106,72,292
1,119,106,83,292
1,120,106,79,292
1,121,106,82,292
1,122,106,81,292
1,123,106,78,292
1,124,106,76,292
1,125,106,86,292
1,126,106,64,292
1,127,106,71,292
1,128,106,80,292
1,129,106,88,292
1,130,106,48,292
1,131,106,75,292
1,132,106,67,292
1,133,106,73,292
1,134,106,44,292
1,135,106,63,292
1,136,106,74,292
1,137,106,65,292
1,138,106,62,292
1,139,106,68,292
1,140,106,51,292
1,141,106,36,292
1,142,106,54,292
1,143,106,41,292
1,144,106,33,292
1,145,106,61,292
1,146,106,55,292
1,147,106,43,292
1,148,106,46,292
1,149,106,40,292
1,150,106,37,292
1,151,106,60,292
1,152,106,50,292
1,153,106,47,292
1,154,106,53,292
1,155,106,39,292
1,156,106,58,292
1,157,106,35,292
1,158,106,59,292
1,159,106,45,292
1,160,106,42,292
1,161,106,49,292
1,162,106,56,292
1,163,106,38,292
1,164,106,34,292
1,165,106,57,292
1,166,106,52,292
1,1,107,146,293
1,2,107,141,293
1,3,107,155,293
1,4,107,147,293
1,5,107,139,293
1,6,107,134,293
1,7,107,166,293
1,8,107,152,293
1,9,107,138,293
1,10,107,144,293
1,11,107,124,293
1,12,107,122,293
1,13,107,149,293
1,14,107,128,293
1,15,107,129,293
1,16,107,119,293
1,17,107,123,293
1,18,107,161,293
1,19,107,154,293
1,20,107,145,293
1,21,107,125,293
1,22,107,150,293
1,23,107,156,293
1,24,107,142,293
1,25,107,165,293
1,26,107,159,293
1,27,107,158,293
1,28,107,153,293
1,29,107,135,293
1,30,107,137,293
1,31,107,164,293
1,32,107,148,293
1,33,107,151,293
1,34,107,157,293
1,35,107,22,293
1,36,107,127,293
1,37,107,1,293
1,38,107,131,293
1,39,107,136,293
1,40,107,140,293
1,41,107,120,293
1,42,107,21,293
1,43,107,121,293
1,44,107,16,293
1,45,107,32,293
1,46,107,10,293
1,47,107,126,293
1,48,107,19,293
1,49,107,31,293
1,50,107,27,293
1,51,107,163,293
1,52,107,133,293
1,53,107,28,293
1,54,107,9,293
1,55,107,13,293
1,56,107,20,293
1,57,107,30,293
1,58,107,143,293
1,59,107,15,293
1,60,107,26,293
1,61,107,24,293
1,62,107,162,293
1,63,107,5,293
1,64,107,3,293
1,65,107,130,293
1,66,107,18,293
1,67,107,12,293
1,68,107,160,293
1,69,107,108,293
1,70,107,6,293
1,71,107,14,293
1,72,107,29,293
1,73,107,132,293
1,74,107,4,293
1,75,107,2,293
1,76,107,7,293
1,77,107,11,293
1,78,107,97,293
1,79,107,102,293
1,80,107,113,293
1,81,107,95,293
1,82,107,94,293
1,83,107,117,293
1,84,107,114,293
1,85,107,106,293
1,86,107,25,293
1,87,107,115,293
1,88,107,93,293
1,89,107,92,293
1,90,107,107,293
1,91,107,101,293
1,92,107,91,293
1,93,107,100,293
1,94,107,116,293
1,95,107,89,293
1,96,107,103,293
1,97,107,112,293
1,98,107,17,293
1,99,107,96,293
1,100,107,118,293
1,101,107,90,293
1,102,107,111,293
1,103,107,110,293
1,104,107,99,293
1,105,107,98,293
1,106,107,104,293
1,107,107,109,293
1,108,107,8,293
1,109,107,105,293
1,110,107,84,293
1,111,107,66,293
1,112,107,23,293
1,113,107,69,293
1,114,107,85,293
1,115,107,77,293
1,116,107,87,293
1,117,107,70,293
1,118,107,72,293
1,119,107,83,293
1,120,107,79,293
1,121,107,82,293
1,122,107,81,293
1,123,107,78,293
1,124,107,76,293
1,125,107,86,293
1,126,107,64,293
1,127,107,71,293
1,128,107,80,293
1,129,107,88,293
1,130,107,48,293
1,131,107,75,293
1,132,107,67,293
1,133,107,73,293
1,134,107,44,293
1,135,107,63,293
1,136,107,74,293
1,137,107,65,293
1,138,107,62,293
1,139,107,68,293
1,140,107,51,293
1,141,107,36,293
1,142,107,54,293
1,143,107,41,293
1,144,107,33,293
1,145,107,61,293
1,146,107,55,293
1,147,107,43,293
1,148,107,46,293
1,149,107,40,293
1,150,107,37,293
1,151,107,60,293
1,152,107,50,293
1,153,107,47,293
1,154,107,53,293
1,155,107,39,293
1,156,107,58,293
1,157,107,35,293
1,158,107,59,293
1,159,107,45,293
1,160,107,42,293
1,161,107,49,293
1,162,107,56,293
1,163,107,38,293
1,164,107,34,293
1,165,107,57,293
1,166,107,52,293
1,1,108,146,43
1,2,108,141,43
1,3,108,155,43
1,4,108,147,43
1,5,108,139,43
1,6,108,134,43
1,7,108,166,43
1,8,108,152,43
1,9,108,138,43
1,10,108,144,43
1,11,108,124,43
1,12,108,122,43
1,13,108,149,43
1,14,108,128,43
1,15,108,129,43
1,16,108,119,43
1,17,108,123,43
1,18,108,161,43
1,19,108,154,43
1,20,108,145,43
1,21,108,125,43
1,22,108,150,43
1,23,108,156,43
1,24,108,142,43
1,25,108,165,43
1,26,108,159,43
1,27,108,158,43
1,28,108,153,43
1,29,108,135,43
1,30,108,137,43
1,31,108,164,43
1,32,108,148,43
1,33,108,151,43
1,34,108,157,43
1,35,108,22,43
1,36,108,127,43
1,37,108,1,43
1,38,108,131,43
1,39,108,136,43
1,40,108,140,43
1,41,108,120,43
1,42,108,21,43
1,43,108,121,43
1,44,108,16,43
1,45,108,32,43
1,46,108,10,43
1,47,108,126,43
1,48,108,19,43
1,49,108,31,43
1,50,108,27,43
1,51,108,163,43
1,52,108,133,43
1,53,108,28,43
1,54,108,9,43
1,55,108,13,43
1,56,108,20,43
1,57,108,30,43
1,58,108,143,43
1,59,108,15,43
1,60,108,26,43
1,61,108,24,43
1,62,108,162,43
1,63,108,5,43
1,64,108,3,43
1,65,108,130,43
1,66,108,18,43
1,67,108,12,43
1,68,108,160,43
1,69,108,108,43
1,70,108,6,43
1,71,108,14,43
1,72,108,29,43
1,73,108,132,43
1,74,108,4,43
1,75,108,2,43
1,76,108,7,43
1,77,108,11,43
1,78,108,97,43
1,79,108,102,43
1,80,108,113,43
1,81,108,95,43
1,82,108,94,43
1,83,108,117,43
1,84,108,114,43
1,85,108,106,43
1,86,108,25,43
1,87,108,115,43
1,88,108,93,43
1,89,108,92,43
1,90,108,107,43
1,91,108,101,43
1,92,108,91,43
1,93,108,100,43
1,94,108,116,43
1,95,108,89,43
1,96,108,103,43
1,97,108,112,43
1,98,108,17,43
1,99,108,96,43
1,100,108,118,43
1,101,108,90,43
1,102,108,111,43
1,103,108,110,43
1,104,108,99,43
1,105,108,98,43
1,106,108,104,43
1,107,108,109,43
1,108,108,8,43
1,109,108,105,43
1,110,108,84,43
1,111,108,66,43
1,112,108,23,43
1,113,108,69,43
1,114,108,85,43
1,115,108,77,43
1,116,108,87,43
1,117,108,70,43
1,118,108,72,43
1,119,108,83,43
1,120,108,79,43
1,121,108,82,43
1,122,108,81,43
1,123,108,78,43
1,124,108,76,43
1,125,108,86,43
1,126,108,64,43
1,127,108,71,43
1,128,108,80,43
1,129,108,88,43
1,130,108,48,43
1,131,108,75,43
1,132,108,67,43
1,133,108,73,43
1,134,108,44,43
1,135,108,63,43
1,136,108,74,43
1,137,108,65,43
1,138,108,62,43
1,139,108,68,43
1,140,108,51,43
1,141,108,36,43
1,142,108,54,43
1,143,108,41,43
1,144,108,33,43
1,145,108,61,43
1,146,108,55,43
1,147,108,43,43
1,148,108,46,43
1,149,108,40,43
1,150,108,37,43
1,151,108,60,43
1,152,108,50,43
1,153,108,47,43
1,154,108,53,43
1,155,108,39,43
1,156,108,58,43
1,157,108,35,43
1,158,108,59,43
1,159,108,45,43
1,160,108,42,43
1,161,108,49,43
1,162,108,56,43
1,163,108,38,43
1,164,108,34,43
1,165,108,57,43
1,166,108,52,43
1,1,109,146,107
1,2,109,141,107
1,3,109,155,107
1,4,109,147,107
1,5,109,139,107
1,6,109,134,107
1,7,109,166,107
1,8,109,152,107
1,9,109,138,107
1,10,109,144,107
1,11,109,124,107
1,12,109,122,107
1,13,109,149,107
1,14,109,128,107
1,15,109,129,107
1,16,109,119,107
1,17,109,123,107
1,18,109,161,107
1,19,109,154,107
1,20,109,145,107
1,21,109,125,107
1,22,109,150,107
1,23,109,156,107
1,24,109,142,107
1,25,109,165,107
1,26,109,159,107
1,27,109,158,107
1,28,109,153,107
1,29,109,135,107
1,30,109,137,107
1,31,109,164,107
1,32,109,148,107
1,33,109,151,107
1,34,109,157,107
1,35,109,22,107
1,36,109,127,107
1,37,109,1,107
1,38,109,131,107
1,39,109,136,107
1,40,109,140,107
1,41,109,120,107
1,42,109,21,107
1,43,109,121,107
1,44,109,16,107
1,45,109,32,107
1,46,109,10,107
1,47,109,126,107
1,48,109,19,107
1,49,109,31,107
1,50,109,27,107
1,51,109,163,107
1,52,109,133,107
1,53,109,28,107
1,54,109,9,107
1,55,109,13,107
1,56,109,20,107
1,57,109,30,107
1,58,109,143,107
1,59,109,15,107
1,60,109,26,107
1,61,109,24,107
1,62,109,162,107
1,63,109,5,107
1,64,109,3,107
1,65,109,130,107
1,66,109,18,107
1,67,109,12,107
1,68,109,160,107
1,69,109,108,107
1,70,109,6,107
1,71,109,14,107
1,72,109,29,107
1,73,109,132,107
1,74,109,4,107
1,75,109,2,107
1,76,109,7,107
1,77,109,11,107
1,78,109,97,107
1,79,109,102,107
1,80,109,113,107
1,81,109,95,107
1,82,109,94,107
1,83,109,117,107
1,84,109,114,107
1,85,109,106,107
1,86,109,25,107
1,87,109,115,107
1,88,109,93,107
1,89,109,92,107
1,90,109,107,107
1,91,109,101,107
1,92,109,91,107
1,93,109,100,107
1,94,109,116,107
1,95,109,89,107
1,96,109,103,107
1,97,109,112,107
1,98,109,17,107
1,99,109,96,107
1,100,109,118,107
1,101,109,90,107
1,102,109,111,107
1,103,109,110,107
1,104,109,99,107
1,105,109,98,107
1,106,109,104,107
1,107,109,109,107
1,108,109,8,107
1,109,109,105,107
1,110,109,84,107
1,111,109,66,107
1,112,109,23,107
1,113,109,69,107
1,114,109,85,107
1,115,109,77,107
1,116,109,87,107
1,117,109,70,107
1,118,109,72,107
1,119,109,83,107
1,120,109,79,107
1,121,109,82,107
1,122,109,81,107
1,123,109,78,107
1,124,109,76,107
1,125,109,86,107
1,126,109,64,107
1,127,109,71,107
1,128,109,80,107
1,129,109,88,107
1,130,109,48,107
1,131,109,75,107
1,132,109,67,107
1,133,109,73,107
1,134,109,44,107
1,135,109,63,107
1,136,109,74,107
1,137,109,65,107
1,138,109,62,107
1,139,109,68,107
1,140,109,51,107
1,141,109,36,107
1,142,109,54,107
1,143,109,41,107
1,144,109,33,107
1,145,109,61,107
1,146,109,55,107
1,147,109,43,107
1,148,109,46,107
1,149,109,40,107
1,150,109,37,107
1,151,109,60,107
1,152,109,50,107
1,153,109,47,107
1,154,109,53,107
1,155,109,39,107
1,156,109,58,107
1,157,109,35,107
1,158,109,59,107
1,159,109,45,107
1,160,109,42,107
1,161,109,49,107
1,162,109,56,107
1,163,109,38,107
1,164,109,34,107
1,165,109,57,107
1,166,109,52,107
1,1,110,146,187
1,2,110,141,187
1,3,110,155,187
1,4,110,147,187
1,5,110,139,187
1,6,110,134,187
1,7,110,166,187
1,8,110,152,187
1,9,110,138,187
1,10,110,144,187
1,11,110,124,187
1,12,110,122,187
1,13,110,149,187
1,14,110,128,187
1,15,110,129,187
1,16,110,119,187
1,17,110,123,187
1,18,110,161,187
1,19,110,154,187
1,20,110,145,187
1,21,110,125,187
1,22,110,150,187
1,23,110,156,187
1,24,110,142,187
1,25,110,165,187
1,26,110,159,187
1,27,110,158,187
1,28,110,153,187
1,29,110,135,187
1,30,110,137,187
1,31,110,164,187
1,32,110,148,187
1,33,110,151,187
1,34,110,157,187
1,35,110,22,187
1,36,110,127,187
1,37,110,1,187
1,38,110,131,187
1,39,110,136,187
1,40,110,140,187
1,41,110,120,187
1,42,110,21,187
1,43,110,121,187
1,44,110,16,187
1,45,110,32,187
1,46,110,10,187
1,47,110,126,187
1,48,110,19,187
1,49,110,31,187
1,50,110,27,187
1,51,110,163,187
1,52,110,133,187
1,53,110,28,187
1,54,110,9,187
1,55,110,13,187
1,56,110,20,187
1,57,110,30,187
1,58,110,143,187
1,59,110,15,187
1,60,110,26,187
1,61,110,24,187
1,62,110,162,187
1,63,110,5,187
1,64,110,3,187
1,65,110,130,187
1,66,110,18,187
1,67,110,12,187
1,68,110,160,187
1,69,110,108,187
1,70,110,6,187
1,71,110,14,187
1,72,110,29,187
1,73,110,132,187
1,74,110,4,187
1,75,110,2,187
1,76,110,7,187
1,77,110,11,187
1,78,110,97,187
1,79,110,102,187
1,80,110,113,187
1,81,110,95,187
1,82,110,94,187
1,83,110,117,187
1,84,110,114,187
1,85,110,106,187
1,86,110,25,187
1,87,110,115,187
1,88,110,93,187
1,89,110,92,187
1,90,110,107,187
1,91,110,101,187
1,92,110,91,187
1,93,110,100,187
1,94,110,116,187
1,95,110,89,187
1,96,110,103,187
1,97,110,112,187
1,98,110,17,187
1,99,110,96,187
1,100,110,118,187
1,101,110,90,187
1,102,110,111,187
1,103,110,110,187
1,104,110,99,187
1,105,110,98,187
1,106,110,104,187
1,107,110,109,187
1,108,110,8,187
1,109,110,105,187
1,110,110,84,187
1,111,110,66,187
1,112,110,23,187
1,113,110,69,187
1,114,110,85,187
1,115,110,77,187
1,116,110,87,187
1,117,110,70,187
1,118,110,72,187
1,119,110,83,187
1,120,110,79,187
1,121,110,82,187
1,122,110,81,187
1,123,110,78,187
1,124,110,76,187
1,125,110,86,187
1,126,110,64,187
1,127,110,71,187
1,128,110,80,187
1,129,110,88,187
1,130,110,48,187
1,131,110,75,187
1,132,110,67,187
1,133,110,73,187
1,134,110,44,187
1,135,110,63,187
1,136,110,74,187
1,137,110,65,187
1,138,110,62,187
1,139,110,68,187
1,140,110,51,187
1,141,110,36,187
1,142,110,54,187
1,143,110,41,187
1,144,110,33,187
1,145,110,61,187
1,146,110,55,187
1,147,110,43,187
1,148,110,46,187
1,149,110,40,187
1,150,110,37,187
1,151,110,60,187
1,152,110,50,187
1,153,110,47,187
1,154,110,53,187
1,155,110,39,187
1,156,110,58,187
1,157,110,35,187
1,158,110,59,187
1,159,110,45,187
1,160,110,42,187
1,161,110,49,187
1,162,110,56,187
1,163,110,38,187
1,164,110,34,187
1,165,110,57,187
1,166,110,52,187
1,1,111,146,32
1,2,111,141,32
1,3,111,155,32
1,4,111,147,32
1,5,111,139,32
1,6,111,134,32
1,7,111,166,32
1,8,111,152,32
1,9,111,138,32
1,10,111,144,32
1,11,111,124,32
1,12,111,122,32
1,13,111,149,32
1,14,111,128,32
1,15,111,129,32
1,16,111,119,32
1,17,111,123,32
1,18,111,161,32
1,19,111,154,32
1,20,111,145,32
1,21,111,125,32
1,22,111,150,32
1,23,111,156,32
1,24,111,142,32
1,25,111,165,32
1,26,111,159,32
1,27,111,158,32
1,28,111,153,32
1,29,111,135,32
1,30,111,137,32
1,31,111,164,32
1,32,111,148,32
1,33,111,151,32
1,34,111,157,32
1,35,111,22,32
1,36,111,127,32
1,37,111,1,32
1,38,111,131,32
1,39,111,136,32
1,40,111,140,32
1,41,111,120,32
1,42,111,21,32
1,43,111,121,32
1,44,111,16,32
1,45,111,32,32
1,46,111,10,32
1,47,111,126,32
1,48,111,19,32
1,49,111,31,32
1,50,111,27,32
1,51,111,163,32
1,52,111,133,32
1,53,111,28,32
1,54,111,9,32
1,55,111,13,32
1,56,111,20,32
1,57,111,30,32
1,58,111,143,32
1,59,111,15,32
1,60,111,26,32
1,61,111,24,32
1,62,111,162,32
1,63,111,5,32
1,64,111,3,32
1,65,111,130,32
1,66,111,18,32
1,67,111,12,32
1,68,111,160,32
1,69,111,108,32
1,70,111,6,32
1,71,111,14,32
1,72,111,29,32
1,73,111,132,32
1,74,111,4,32
1,75,111,2,32
1,76,111,7,32
1,77,111,11,32
1,78,111,97,32
1,79,111,102,32
1,80,111,113,32
1,81,111,95,32
1,82,111,94,32
1,83,111,117,32
1,84,111,114,32
1,85,111,106,32
1,86,111,25,32
1,87,111,115,32
1,88,111,93,32
1,89,111,92,32
1,90,111,107,32
1,91,111,101,32
1,92,111,91,32
1,93,111,100,32
1,94,111,116,32
1,95,111,89,32
1,96,111,103,32
1,97,111,112,32
1,98,111,17,32
1,99,111,96,32
1,100,111,118,32
1,101,111,90,32
1,102,111,111,32
1,103,111,110,32
1,104,111,99,32
1,105,111,98,32
1,106,111,104,32
1,107,111,109,32
1,108,111,8,32
1,109,111,105,32
1,110,111,84,32
1,111,111,66,32
1,112,111,23,32
1,113,111,69,32
1,114,111,85,32
1,115,111,77,32
1,116,111,87,32
1,117,111,70,32
1,118,111,72,32
1,119,111,83,32
1,120,111,79,32
1,121,111,82,32
1,122,111,81,32
1,123,111,78,32
1,124,111,76,32
1,125,111,86,32
1,126,111,64,32
1,127,111,71,32
1,128,111,80,32
1,129,111,88,32
1,130,111,48,32
1,131,111,75,32
1,132,111,67,32
1,133,111,73,32
1,134,111,44,32
1,135,111,63,32
1,136,111,74,32
1,137,111,65,32
1,138,111,62,32
1,139,111,68,32
1,140,111,51,32
1,141,111,36,32
1,142,111,54,32
1,143,111,41,32
1,144,111,33,32
1,145,111,61,32
1,146,111,55,32
1,147,111,43,32
1,148,111,46,32
1,149,111,40,32
1,150,111,37,32
1,151,111,60,32
1,152,111,50,32
1,153,111,47,32
1,154,111,53,32
1,155,111,39,32
1,156,111,58,32
1,157,111,35,32
1,158,111,59,32
1,159,111,45,32
1,160,111,42,32
1,161,111,49,32
1,162,111,56,32
1,163,111,38,32
1,164,111,34,32
1,165,111,57,32
1,166,111,52,32
1,1,112,146,295
1,2,112,141,295
1,3,112,155,295
1,4,112,147,295
1,5,112,139,295
1,6,112,134,295
1,7,112,166,295
1,8,112,152,295
1,9,112,138,295
1,10,112,144,295
1,11,112,124,295
1,12,112,122,295
1,13,112,149,295
1,14,112,128,295
1,15,112,129,295
1,16,112,119,295
1,17,112,123,295
1,18,112,161,295
1,19,112,154,295
1,20,112,145,295
1,21,112,125,295
1,22,112,150,295
1,23,112,156,295
1,24,112,142,295
1,25,112,165,295
1,26,112,159,295
1,27,112,158,295
1,28,112,153,295
1,29,112,135,295
1,30,112,137,295
1,31,112,164,295
1,32,112,148,295
1,33,112,151,295
1,34,112,157,295
1,35,112,22,295
1,36,112,127,295
1,37,112,1,295
1,38,112,131,295
1,39,112,136,295
1,40,112,140,295
1,41,112,120,295
1,42,112,21,295
1,43,112,121,295
1,44,112,16,295
1,45,112,32,295
1,46,112,10,295
1,47,112,126,295
1,48,112,19,295
1,49,112,31,295
1,50,112,27,295
1,51,112,163,295
1,52,112,133,295
1,53,112,28,295
1,54,112,9,295
1,55,112,13,295
1,56,112,20,295
1,57,112,30,295
1,58,112,143,295
1,59,112,15,295
1,60,112,26,295
1,61,112,24,295
1,62,112,162,295
1,63,112,5,295
1,64,112,3,295
1,65,112,130,295
1,66,112,18,295
1,67,112,12,295
1,68,112,160,295
1,69,112,108,295
1,70,112,6,295
1,71,112,14,295
1,72,112,29,295
1,73,112,132,295
1,74,112,4,295
1,75,112,2,295
1,76,112,7,295
1,77,112,11,295
1,78,112,97,295
1,79,112,102,295
1,80,112,113,295
1,81,112,95,295
1,82,112,94,295
1,83,112,117,295
1,84,112,114,295
1,85,112,106,295
1,86,112,25,295
1,87,112,115,295
1,88,112,93,295
1,89,112,92,295
1,90,112,107,295
1,91,112,101,295
1,92,112,91,295
1,93,112,100,295
1,94,112,116,295
1,95,112,89,295
1,96,112,103,295
1,97,112,112,295
1,98,112,17,295
1,99,112,96,295
1,100,112,118,295
1,101,112,90,295
1,102,112,111,295
1,103,112,110,295
1,104,112,99,295
1,105,112,98,295
1,106,112,104,295
1,107,112,109,295
1,108,112,8,295
1,109,112,105,295
1,110,112,84,295
1,111,112,66,295
1,112,112,23,295
1,113,112,69,295
1,114,112,85,295
1,115,112,77,295
1,116,112,87,295
1,117,112,70,295
1,118,112,72,295
1,119,112,83,295
1,120,112,79,295
1,121,112,82,295
1,122,112,81,295
1,123,112,78,295
1,124,112,76,295
1,125,112,86,295
1,126,112,64,295
1,127,112,71,295
1,128,112,80,295
1,129,112,88,295
1,130,112,48,295
1,131,112,75,295
1,132,112,67,295
1,133,112,73,295
1,134,112,44,295
1,135,112,63,295
1,136,112,74,295
1,137,112,65,295
1,138,112,62,295
1,139,112,68,295
1,140,112,51,295
1,141,112,36,295
1,142,112,54,295
1,143,112,41,295
1,144,112,33,295
1,145,112,61,295
1,146,112,55,295
1,147,112,43,295
1,148,112,46,295
1,149,112,40,295
1,150,112,37,295
1,151,112,60,295
1,152,112,50,295
1,153,112,47,295
1,154,112,53,295
1,155,112,39,295
1,156,112,58,295
1,157,112,35,295
1,158,112,59,295
1,159,112,45,295
1,160,112,42,295
1,161,112,49,295
1,162,112,56,295
1,163,112,38,295
1,164,112,34,295
1,165,112,57,295
1,166,112,52,295
1,1,113,146,174
1,2,113,141,174
1,3,113,155,174
1,4,113,147,174
1,5,113,139,174
1,6,113,134,174
1,7,113,166,174
1,8,113,152,174
1,9,113,138,174
1,10,113,144,174
1,11,113,124,174
1,12,113,122,174
1,13,113,149,174
1,14,113,128,174
1,15,113,129,174
1,16,113,119,174
1,17,113,123,174
1,18,113,161,174
1,19,113,154,174
1,20,113,145,174
1,21,113,125,174
1,22,113,150,174
1,23,113,156,174
1,24,113,142,174
1,25,113,165,174
1,26,113,159,174
1,27,113,158,174
1,28,113,153,174
1,29,113,135,174
1,30,113,137,174
1,31,113,164,174
1,32,113,148,174
1,33,113,151,174
1,34,113,157,174
1,35,113,22,174
1,36,113,127,174
1,37,113,1,174
1,38,113,131,174
1,39,113,136,174
1,40,113,140,174
1,41,113,120,174
1,42,113,21,174
1,43,113,121,174
1,44,113,16,174
1,45,113,32,174
1,46,113,10,174
1,47,113,126,174
1,48,113,19,174
1,49,113,31,174
1,50,113,27,174
1,51,113,163,174
1,52,113,133,174
1,53,113,28,174
1,54,113,9,174
1,55,113,13,174
1,56,113,20,174
1,57,113,30,174
1,58,113,143,174
1,59,113,15,174
1,60,113,26,174
1,61,113,24,174
1,62,113,162,174
1,63,113,5,174
1,64,113,3,174
1,65,113,130,174
1,66,113,18,174
1,67,113,12,174
1,68,113,160,174
1,69,113,108,174
1,70,113,6,174
1,71,113,14,174
1,72,113,29,174
1,73,113,132,174
1,74,113,4,174
1,75,113,2,174
1,76,113,7,174
1,77,113,11,174
1,78,113,97,174
1,79,113,102,174
1,80,113,113,174
1,81,113,95,174
1,82,113,94,174
1,83,113,117,174
1,84,113,114,174
1,85,113,106,174
1,86,113,25,174
1,87,113,115,174
1,88,113,93,174
1,89,113,92,174
1,90,113,107,174
1,91,113,101,174
1,92,113,91,174
1,93,113,100,174
1,94,113,116,174
1,95,113,89,174
1,96,113,103,174
1,97,113,112,174
1,98,113,17,174
1,99,113,96,174
1,100,113,118,174
1,101,113,90,174
1,102,113,111,174
1,103,113,110,174
1,104,113,99,174
1,105,113,98,174
1,106,113,104,174
1,107,113,109,174
1,108,113,8,174
1,109,113,105,174
1,110,113,84,174
1,111,113,66,174
1,112,113,23,174
1,113,113,69,174
1,114,113,85,174
1,115,113,77,174
1,116,113,87,174
1,117,113,70,174
1,118,113,72,174
1,119,113,83,174
1,120,113,79,174
1,121,113,82,174
1,122,113,81,174
1,123,113,78,174
1,124,113,76,174
1,125,113,86,174
1,126,113,64,174
1,127,113,71,174
1,128,113,80,174
1,129,113,88,174
1,130,113,48,174
1,131,113,75,174
1,132,113,67,174
1,133,113,73,174
1,134,113,44,174
1,135,113,63,174
1,136,113,74,174
1,137,113,65,174
1,138,113,62,174
1,139,113,68,174
1,140,113,51,174
1,141,113,36,174
1,142,113,54,174
1,143,113,41,174
1,144,113,33,174
1,145,113,61,174
1,146,113,55,174
1,147,113,43,174
1,148,113,46,174
1,149,113,40,174
1,150,113,37,174
1,151,113,60,174
1,152,113,50,174
1,153,113,47,174
1,154,113,53,174
1,155,113,39,174
1,156,113,58,174
1,157,113,35,174
1,158,113,59,174
1,159,113,45,174
1,160,113,42,174
1,161,113,49,174
1,162,113,56,174
1,163,113,38,174
1,164,113,34,174
1,165,113,57,174
1,166,113,52,174
1,1,114,146,153
1,2,114,141,153
1,3,114,155,153
1,4,114,147,153
1,5,114,139,153
1,6,114,134,153
1,7,114,166,153
1,8,114,152,153
1,9,114,138,153
1,10,114,144,153
1,11,114,124,153
1,12,114,122,153
1,13,114,149,153
1,14,114,128,153
1,15,114,129,153
1,16,114,119,153
1,17,114,123,153
1,18,114,161,153
1,19,114,154,153
1,20,114,145,153
1,21,114,125,153
1,22,114,150,153
1,23,114,156,153
1,24,114,142,153
1,25,114,165,153
1,26,114,159,153
1,27,114,158,153
1,28,114,153,153
1,29,114,135,153
1,30,114,137,153
1,31,114,164,153
1,32,114,148,153
1,33,114,151,153
1,34,114,157,153
1,35,114,22,153
1,36,114,127,153
1,37,114,1,153
1,38,114,131,153
1,39,114,136,153
1,40,114,140,153
1,41,114,120,153
1,42,114,21,153
1,43,114,121,153
1,44,114,16,153
1,45,114,32,153
1,46,114,10,153
1,47,114,126,153
1,48,114,19,153
1,49,114,31,153
1,50,114,27,153
1,51,114,163,153
1,52,114,133,153
1,53,114,28,153
1,54,114,9,153
1,55,114,13,153
1,56,114,20,153
1,57,114,30,153
1,58,114,143,153
1,59,114,15,153
1,60,114,26,153
1,61,114,24,153
1,62,114,162,153
1,63,114,5,153
1,64,114,3,153
1,65,114,130,153
1,66,114,18,153
1,67,114,12,153
1,68,114,160,153
1,69,114,108,153
1,70,114,6,153
1,71,114,14,153
1,72,114,29,153
1,73,114,132,153
1,74,114,4,153
1,75,114,2,153
1,76,114,7,153
1,77,114,11,153
1,78,114,97,153
1,79,114,102,153
1,80,114,113,153
1,81,114,95,153
1,82,114,94,153
1,83,114,117,153
1,84,114,114,153
1,85,114,106,153
1,86,114,25,153
1,87,114,115,153
1,88,114,93,153
1,89,114,92,153
1,90,114,107,153
1,91,114,101,153
1,92,114,91,153
1,93,114,100,153
1,94,114,116,153
1,95,114,89,153
1,96,114,103,153
1,97,114,112,153
1,98,114,17,153
1,99,114,96,153
1,100,114,118,153
1,101,114,90,153
1,102,114,111,153
1,103,114,110,153
1,104,114,99,153
1,105,114,98,153
1,106,114,104,153
1,107,114,109,153
1,108,114,8,153
1,109,114,105,153
1,110,114,84,153
1,111,114,66,153
1,112,114,23,153
1,113,114,69,153
1,114,114,85,153
1,115,114,77,153
1,116,114,87,153
1,117,114,70,153
1,118,114,72,153
1,119,114,83,153
1,120,114,79,153
1,121,114,82,153
1,122,114,81,153
1,123,114,78,153
1,124,114,76,153
1,125,114,86,153
1,126,114,64,153
1,127,114,71,153
1,128,114,80,153
1,129,114,88,153
1,130,114,48,153
1,131,114,75,153
1,132,114,67,153
1,133,114,73,153
1,134,114,44,153
1,135,114,63,153
1,136,114,74,153
1,137,114,65,153
1,138,114,62,153
1,139,114,68,153
1,140,114,51,153
1,141,114,36,153
1,142,114,54,153
1,143,114,41,153
1,144,114,33,153
1,145,114,61,153
1,146,114,55,153
1,147,114,43,153
1,148,114,46,153
1,149,114,40,153
1,150,114,37,153
1,151,114,60,153
1,152,114,50,153
1,153,114,47,153
1,154,114,53,153
1,155,114,39,153
1,156,114,58,153
1,157,114,35,153
1,158,114,59,153
1,159,114,45,153
1,160,114,42,153
1,161,114,49,153
1,162,114,56,153
1,163,114,38,153
1,164,114,34,153
1,165,114,57,153
1,166,114,52,153
1,1,115,146,140
1,2,115,141,140
1,3,115,155,140
1,4,115,147,140
1,5,115,139,140
1,6,115,134,140
1,7,115,166,140
1,8,115,152,140
1,9,115,138,140
1,10,115,144,140
1,11,115,124,140
1,12,115,122,140
1,13,115,149,140
1,14,115,128,140
1,15,115,129,140
1,16,115,119,140
1,17,115,123,140
1,18,115,161,140
1,19,115,154,140
1,20,115,145,140
1,21,115,125,140
1,22,115,150,140
1,23,115,156,140
1,24,115,142,140
1,25,115,165,140
1,26,115,159,140
1,27,115,158,140
1,28,115,153,140
1,29,115,135,140
1,30,115,137,140
1,31,115,164,140
1,32,115,148,140
1,33,115,151,140
1,34,115,157,140
1,35,115,22,140
1,36,115,127,140
1,37,115,1,140
1,38,115,131,140
1,39,115,136,140
1,40,115,140,140
1,41,115,120,140
1,42,115,21,140
1,43,115,121,140
1,44,115,16,140
1,45,115,32,140
1,46,115,10,140
1,47,115,126,140
1,48,115,19,140
1,49,115,31,140
1,50,115,27,140
1,51,115,163,140
1,52,115,133,140
1,53,115,28,140
1,54,115,9,140
1,55,115,13,140
1,56,115,20,140
1,57,115,30,140
1,58,115,143,140
1,59,115,15,140
1,60,115,26,140
1,61,115,24,140
1,62,115,162,140
1,63,115,5,140
1,64,115,3,140
1,65,115,130,140
1,66,115,18,140
1,67,115,12,140
1,68,115,160,140
1,69,115,108,140
1,70,115,6,140
1,71,115,14,140
1,72,115,29,140
1,73,115,132,140
1,74,115,4,140
1,75,115,2,140
1,76,115,7,140
1,77,115,11,140
1,78,115,97,140
1,79,115,102,140
1,80,115,113,140
1,81,115,95,140
1,82,115,94,140
1,83,115,117,140
1,84,115,114,140
1,85,115,106,140
1,86,115,25,140
1,87,115,115,140
1,88,115,93,140
1,89,115,92,140
1,90,115,107,140
1,91,115,101,140
1,92,115,91,140
1,93,115,100,140
1,94,115,116,140
1,95,115,89,140
1,96,115,103,140
1,97,115,112,140
1,98,115,17,140
1,99,115,96,140
1,100,115,118,140
1,101,115,90,140
1,102,115,111,140
1,103,115,110,140
1,104,115,99,140
1,105,115,98,140
1,106,115,104,140
1,107,115,109,140
1,108,115,8,140
1,109,115,105,140
1,110,115,84,140
1,111,115,66,140
1,112,115,23,140
1,113,115,69,140
1,114,115,85,140
1,115,115,77,140
1,116,115,87,140
1,117,115,70,140
1,118,115,72,140
1,119,115,83,140
1,120,115,79,140
1,121,115,82,140
1,122,115,81,140
1,123,115,78,140
1,124,115,76,140
1,125,115,86,140
1,126,115,64,140
1,127,115,71,140
1,128,115,80,140
1,129,115,88,140
1,130,115,48,140
1,131,115,75,140
1,132,115,67,140
1,133,115,73,140
1,134,115,44,140
1,135,115,63,140
1,136,115,74,140
1,137,115,65,140
1,138,115,62,140
1,139,115,68,140
1,140,115,51,140
1,141,115,36,140
1,142,115,54,140
1,143,115,41,140
1,144,115,33,140
1,145,115,61,140
1,146,115,55,140
1,147,115,43,140
1,148,115,46,140
1,149,115,40,140
1,150,115,37,140
1,151,115,60,140
1,152,115,50,140
1,153,115,47,140
1,154,115,53,140
1,155,115,39,140
1,156,115,58,140
1,157,115,35,140
1,158,115,59,140
1,159,115,45,140
1,160,115,42,140
1,161,115,49,140
1,162,115,56,140
1,163,115,38,140
1,164,115,34,140
1,165,115,57,140
1,166,115,52,140
1,1,116,146,13
1,2,116,141,13
1,3,116,155,13
1,4,116,147,13
1,5,116,139,13
1,6,116,134,13
1,7,116,166,13
1,8,116,152,13
1,9,116,138,13
1,10,116,144,13
1,11,116,124,13
1,12,116,122,13
1,13,116,149,13
1,14,116,128,13
1,15,116,129,13
1,16,116,119,13
1,17,116,123,13
1,18,116,161,13
1,19,116,154,13
1,20,116,145,13
1,21,116,125,13
1,22,116,150,13
1,23,116,156,13
1,24,116,142,13
1,25,116,165,13
1,26,116,159,13
1,27,116,158,13
1,28,116,153,13
1,29,116,135,13
1,30,116,137,13
1,31,116,164,13
1,32,116,148,13
1,33,116,151,13
1,34,116,157,13
1,35,116,22,13
1,36,116,127,13
1,37,116,1,13
1,38,116,131,13
1,39,116,136,13
1,40,116,140,13
1,41,116,120,13
1,42,116,21,13
1,43,116,121,13
1,44,116,16,13
1,45,116,32,13
1,46,116,10,13
1,47,116,126,13
1,48,116,19,13
1,49,116,31,13
1,50,116,27,13
1,51,116,163,13
1,52,116,133,13
1,53,116,28,13
1,54,116,9,13
1,55,116,13,13
1,56,116,20,13
1,57,116,30,13
1,58,116,143,13
1,59,116,15,13
1,60,116,26,13
1,61,116,24,13
1,62,116,162,13
1,63,116,5,13
1,64,116,3,13
1,65,116,130,13
1,66,116,18,13
1,67,116,12,13
1,68,116,160,13
1,69,116,108,13
1,70,116,6,13
1,71,116,14,13
1,72,116,29,13
1,73,116,132,13
1,74,116,4,13
1,75,116,2,13
1,76,116,7,13
1,77,116,11,13
2,78,116,97,13
2,79,116,102,13
2,80,116,113,13
2,81,116,95,13
2,82,116,94,13
2,83,116,117,13
2,84,116,114,13
2,85,116,106,13
2,86,116,25,13
2,87,116,115,13
2,88,116,93,13
2,89,116,92,13
2,90,116,107,13
2,91,116,101,13
2,92,116,91,13
2,93,116,100,13
2,94,116,116,13
2,95,116,89,13
2,96,116,103,13
2,97,116,112,13
2,98,116,17,13
2,99,116,96,13
2,100,116,118,13
2,101,116,90,13
1,102,116,111,13
1,103,116,110,13
1,104,116,99,13
1,105,116,98,13
1,106,116,104,13
1,107,116,109,13
1,108,116,8,13
1,109,116,105,13
1,110,116,84,13
1,111,116,66,13
1,112,116,23,13
1,113,116,69,13
1,114,116,85,13
1,115,116,77,13
1,116,116,87,13
1,117,116,70,13
1,118,116,72,13
1,119,116,83,13
1,120,116,79,13
1,121,116,82,13
1,122,116,81,13
1,123,116,78,13
1,124,116,76,13
1,125,116,86,13
1,126,116,64,13
1,127,116,71,13
1,128,116,80,13
1,129,116,88,13
1,130,116,48,13
1,131,116,75,13
1,132,116,67,13
1,133,116,73,13
1,134,116,44,13
1,135,116,63,13
1,136,116,74,13
1,137,116,65,13
1,138,116,62,13
1,139,116,68,13
1,140,116,51,13
1,141,116,36,13
1,142,116,54,13
1,143,116,41,13
1,144,116,33,13
1,145,116,61,13
1,146,116,55,13
1,147,116,43,13
1,148,116,46,13
1,149,116,40,13
1,150,116,37,13
1,151,116,60,13
1,152,116,50,13
1,153,116,47,13
1,154,116,53,13
1,155,116,39,13
1,156,116,58,13
1,157,116,35,13
1,158,116,59,13
1,159,116,45,13
1,160,116,42,13
1,161,116,49,13
1,162,116,56,13
1,163,116,38,13
1,164,116,34,13
1,165,116,57,13
1,166,116,52,13
1,1,117,146,230
1,2,117,141,230
1,3,117,155,230
1,4,117,147,230
1,5,117,139,230
1,6,117,134,230
1,7,117,166,230
1,8,117,152,230
1,9,117,138,230
1,10,117,144,230
1,11,117,124,230
1,12,117,122,230
1,13,117,149,230
1,14,117,128,230
1,15,117,129,230
1,16,117,119,230
1,17,117,123,230
1,18,117,161,230
1,19,117,154,230
1,20,117,145,230
1,21,117,125,230
1,22,117,150,230
1,23,117,156,230
1,24,117,142,230
1,25,117,165,230
1,26,117,159,230
1,27,117,158,230
1,28,117,153,230
1,29,117,135,230
1,30,117,137,230
1,31,117,164,230
1,32,117,148,230
1,33,117,151,230
1,34,117,157,230
1,35,117,22,230
1,36,117,127,230
1,37,117,1,230
1,38,117,131,230
1,39,117,136,230
1,40,117,140,230
1,41,117,120,230
1,42,117,21,230
1,43,117,121,230
1,44,117,16,230
1,45,117,32,230
1,46,117,10,230
1,47,117,126,230
1,48,117,19,230
1,49,117,31,230
1,50,117,27,230
1,51,117,163,230
1,52,117,133,230
1,53,117,28,230
1,54,117,9,230
1,55,117,13,230
1,56,117,20,230
1,57,117,30,230
1,58,117,143,230
1,59,117,15,230
1,60,117,26,230
1,61,117,24,230
1,62,117,162,230
1,63,117,5,230
1,64,117,3,230
1,65,117,130,230
1,66,117,18,230
1,67,117,12,230
1,68,117,160,230
1,69,117,108,230
1,70,117,6,230
1,71,117,14,230
1,72,117,29,230
1,73,117,132,230
1,74,117,4,230
1,75,117,2,230
1,76,117,7,230
1,77,117,11,230
2,78,117,97,230
2,79,117,102,230
2,80,117,113,230
2,81,117,95,230
2,82,117,94,230
2,83,117,117,230
2,84,117,114,230
2,85,117,106,230
2,86,117,25,230
2,87,117,115,230
2,88,117,93,230
2,89,117,92,230
2,90,117,107,230
2,91,117,101,230
2,92,117,91,230
2,93,117,100,230
2,94,117,116,230
2,95,117,89,230
2,96,117,103,230
2,97,117,112,230
2,98,117,17,230
2,99,117,96,230
2,100,117,118,230
2,101,117,90,230
3,102,117,111,230
3,103,117,110,230
3,104,117,99,230
3,105,117,98,230
3,106,117,104,230
3,107,117,109,230
3,108,117,8,230
3,109,117,105,230
4,110,117,84,230
4,111,117,66,230
4,112,117,23,230
4,113,117,69,230
4,114,117,85,230
4,115,117,77,230
4,116,117,87,230
4,117,117,70,230
4,118,117,72,230
4,119,117,83,230
4,120,117,79,230
4,121,117,82,230
4,122,117,81,230
4,123,117,78,230
4,124,117,76,230
4,125,117,86,230
4,126,117,64,230
4,127,117,71,230
4,128,117,80,230
4,129,117,88,230
4,130,117,48,230
4,131,117,75,230
4,132,117,67,230
4,133,117,73,230
4,134,117,44,230
4,135,117,63,230
4,136,117,74,230
4,137,117,65,230
4,138,117,62,230
4,139,117,68,230
4,140,117,51,230
4,141,117,36,230
4,142,117,54,230
4,143,117,41,230
4,144,117,33,230
4,145,117,61,230
4,146,117,55,230
4,147,117,43,230
4,148,117,46,230
4,149,117,40,230
4,150,117,37,230
4,151,117,60,230
4,152,117,50,230
4,153,117,47,230
4,154,117,53,230
4,155,117,39,230
4,156,117,58,230
4,157,117,35,230
4,158,117,59,230
4,159,117,45,230
4,160,117,42,230
4,161,117,49,230
4,162,117,56,230
4,163,117,38,230
4,164,117,34,230
4,165,117,57,230
4,166,117,52,230
1,1,118,146,255
1,2,118,141,255
1,3,118,155,255
1,4,118,147,255
1,5,118,139,255
1,6,118,134,255
1,7,118,166,255
1,8,118,152,255
1,9,118,138,255
1,10,118,144,255
1,11,118,124,255
1,12,118,122,255
1,13,118,149,255
1,14,118,128,255
1,15,118,129,255
1,16,118,119,255
1,17,118,123,255
1,18,118,161,255
1,19,118,154,255
1,20,118,145,255
1,21,118,125,255
1,22,118,150,255
1,23,118,156,255
1,24,118,142,255
1,25,118,165,255
1,26,118,159,255
1,27,118,158,255
1,28,118,153,255
1,29,118,135,255
1,30,118,137,255
1,31,118,164,255
1,32,118,148,255
1,33,118,151,255
1,34,118,157,255
1,35,118,22,255
1,36,118,127,255
1,37,118,1,255
1,38,118,131,255
1,39,118,136,255
1,40,118,140,255
1,41,118,120,255
1,42,118,21,255
1,43,118,121,255
1,44,118,16,255
1,45,118,32,255
1,46,118,10,255
1,47,118,126,255
1,48,118,19,255
1,49,118,31,255
1,50,118,27,255
1,51,118,163,255
1,52,118,133,255
1,53,118,28,255
1,54,118,9,255
1,55,118,13,255
1,56,118,20,255
1,57,118,30,255
1,58,118,143,255
1,59,118,15,255
1,60,118,26,255
1,61,118,24,255
1,62,118,162,255
1,63,118,5,255
1,64,118,3,255
1,65,118,130,255
1,66,118,18,255
1,67,118,12,255
1,68,118,160,255
1,69,118,108,255
1,70,118,6,255
1,71,118,14,255
1,72,118,29,255
1,73,118,132,255
1,74,118,4,255
1,75,118,2,255
1,76,118,7,255
1,77,118,11,255
2,78,118,97,255
2,79,118,102,255
2,80,118,113,255
2,81,118,95,255
2,82,118,94,255
2,83,118,117,255
2,84,118,114,255
2,85,118,106,255
2,86,118,25,255
2,87,118,115,255
2,88,118,93,255
2,89,118,92,255
2,90,118,107,255
2,91,118,101,255
2,92,118,91,255
2,93,118,100,255
2,94,118,116,255
2,95,118,89,255
2,96,118,103,255
2,97,118,112,255
2,98,118,17,255
2,99,118,96,255
2,100,118,118,255
2,101,118,90,255
3,102,118,111,255
3,103,118,110,255
3,104,118,99,255
3,105,118,98,255
3,106,118,104,255
3,107,118,109,255
3,108,118,8,255
3,109,118,105,255
4,110,118,84,255
4,111,118,66,255
4,112,118,23,255
4,113,118,69,255
4,114,118,85,255
4,115,118,77,255
4,116,118,87,255
4,117,118,70,255
4,118,118,72,255
4,119,118,83,255
4,120,118,79,255
4,121,118,82,255
4,122,118,81,255
4,123,118,78,255
4,124,118,76,255
4,125,118,86,255
4,126,118,64,255
4,127,118,71,255
4,128,118,80,255
4,129,118,88,255
4,130,118,48,255
4,131,118,75,255
4,132,118,67,255
4,133,118,73,255
4,134,118,44,255
4,135,118,63,255
4,136,118,74,255
4,137,118,65,255
4,138,118,62,255
4,139,118,68,255
4,140,118,51,255
4,141,118,36,255
4,142,118,54,255
4,143,118,41,255
4,144,118,33,255
4,145,118,61,255
4,146,118,55,255
4,147,118,43,255
4,148,118,46,255
4,149,118,40,255
4,150,118,37,255
4,151,118,60,255
4,152,118,50,255
4,153,118,47,255
4,154,118,53,255
4,155,118,39,255
4,156,118,58,255
4,157,118,35,255
4,158,118,59,255
4,159,118,45,255
4,160,118,42,255
4,161,118,49,255
4,162,118,56,255
4,163,118,38,255
4,164,118,34,255
4,165,118,57,255
4,166,118,52,255
1,1,119,146,110
1,2,119,141,110
1,3,119,155,110
1,4,119,147,110
1,5,119,139,110
1,6,119,134,110
1,7,119,166,110
1,8,119,152,110
1,9,119,138,110
1,10,119,144,110
1,11,119,124,110
1,12,119,122,110
1,13,119,149,110
1,14,119,128,110
1,15,119,129,110
1,16,119,119,110
1,17,119,123,110
1,18,119,161,110
1,19,119,154,110
1,20,119,145,110
1,21,119,125,110
1,22,119,150,110
1,23,119,156,110
1,24,119,142,110
1,25,119,165,110
1,26,119,159,110
1,27,119,158,110
1,28,119,153,110
1,29,119,135,110
1,30,119,137,110
1,31,119,164,110
1,32,119,148,110
1,33,119,151,110
1,34,119,157,110
1,35,119,22,110
1,36,119,127,110
1,37,119,1,110
1,38,119,131,110
1,39,119,136,110
1,40,119,140,110
1,41,119,120,110
1,42,119,21,110
1,43,119,121,110
1,44,119,16,110
1,45,119,32,110
1,46,119,10,110
1,47,119,126,110
1,48,119,19,110
1,49,119,31,110
1,50,119,27,110
1,51,119,163,110
1,52,119,133,110
1,53,119,28,110
1,54,119,9,110
1,55,119,13,110
1,56,119,20,110
1,57,119,30,110
1,58,119,143,110
1,59,119,15,110
1,60,119,26,110
1,61,119,24,110
1,62,119,162,110
1,63,119,5,110
1,64,119,3,110
1,65,119,130,110
1,66,119,18,110
1,67,119,12,110
1,68,119,160,110
1,69,119,108,110
1,70,119,6,110
1,71,119,14,110
1,72,119,29,110
1,73,119,132,110
1,74,119,4,110
1,75,119,2,110
1,76,119,7,110
1,77,119,11,110
2,78,119,97,110
2,79,119,102,110
2,80,119,113,110
2,81,119,95,110
2,82,119,94,110
2,83,119,117,110
2,84,119,114,110
2,85,119,106,110
2,86,119,25,110
2,87,119,115,110
2,88,119,93,110
2,89,119,92,110
2,90,119,107,110
2,91,119,101,110
2,92,119,91,110
2,93,119,100,110
2,94,119,116,110
2,95,119,89,110
2,96,119,103,110
2,97,119,112,110
2,98,119,17,110
2,99,119,96,110
2,100,119,118,110
2,101,119,90,110
3,102,119,111,110
3,103,119,110,110
3,104,119,99,110
3,105,119,98,110
3,106,119,104,110
3,107,119,109,110
3,108,119,8,110
3,109,119,105,110
4,110,119,84,110
4,111,119,66,110
4,112,119,23,110
4,113,119,69,110
4,114,119,85,110
4,115,119,77,110
4,116,119,87,110
4,117,119,70,110
4,118,119,72,110
4,119,119,83,110
4,120,119,79,110
4,121,119,82,110
4,122,119,81,110
4,123,119,78,110
4,124,119,76,110
4,125,119,86,110
4,126,119,64,110
4,127,119,71,110
4,128,119,80,110
4,129,119,88,110
4,130,119,48,110
4,131,119,75,110
4,132,119,67,110
4,133,119,73,110
4,134,119,44,110
4,135,119,63,110
4,136,119,74,110
4,137,119,65,110
4,138,119,62,110
4,139,119,68,110
4,140,119,51,110
4,141,119,36,110
4,142,119,54,110
4,143,119,41,110
4,144,119,33,110
4,145,119,61,110
4,146,119,55,110
4,147,119,43,110
4,148,119,46,110
4,149,119,40,110
4,150,119,37,110
4,151,119,60,110
4,152,119,50,110
4,153,119,47,110
4,154,119,53,110
4,155,119,39,110
4,156,119,58,110
4,157,119,35,110
4,158,119,59,110
4,159,119,45,110
4,160,119,42,110
4,161,119,49,110
4,162,119,56,110
4,163,119,38,110
4,164,119,34,110
4,165,119,57,110
4,166,119,52,110
1,1,120,146,42
1,2,120,141,42
1,3,120,155,42
1,4,120,147,42
1,5,120,139,42
1,6,120,134,42
1,7,120,166,42
1,8,120,152,42
1,9,120,138,42
1,10,120,144,42
1,11,120,124,42
1,12,120,122,42
1,13,120,149,42
1,14,120,128,42
1,15,120,129,42
1,16,120,119,42
1,17,120,123,42
1,18,120,161,42
1,19,120,154,42
1,20,120,145,42
1,21,120,125,42
1,22,120,150,42
1,23,120,156,42
1,24,120,142,42
1,25,120,165,42
1,26,120,159,42
1,27,120,158,42
1,28,120,153,42
1,29,120,135,42
1,30,120,137,42
1,31,120,164,42
1,32,120,148,42
1,33,120,151,42
1,34,120,157,42
1,35,120,22,42
1,36,120,127,42
1,37,120,1,42
1,38,120,131,42
1,39,120,136,42
1,40,120,140,42
1,41,120,120,42
1,42,120,21,42
1,43,120,121,42
1,44,120,16,42
1,45,120,32,42
1,46,120,10,42
1,47,120,126,42
1,48,120,19,42
1,49,120,31,42
1,50,120,27,42
1,51,120,163,42
1,52,120,133,42
1,53,120,28,42
1,54,120,9,42
1,55,120,13,42
1,56,120,20,42
1,57,120,30,42
1,58,120,143,42
1,59,120,15,42
1,60,120,26,42
1,61,120,24,42
1,62,120,162,42
1,63,120,5,42
1,64,120,3,42
1,65,120,130,42
1,66,120,18,42
1,67,120,12,42
1,68,120,160,42
1,69,120,108,42
1,70,120,6,42
1,71,120,14,42
1,72,120,29,42
1,73,120,132,42
1,74,120,4,42
1,75,120,2,42
1,76,120,7,42
1,77,120,11,42
2,78,120,97,42
2,79,120,102,42
2,80,120,113,42
2,81,120,95,42
2,82,120,94,42
2,83,120,117,42
2,84,120,114,42
2,85,120,106,42
2,86,120,25,42
2,87,120,115,42
2,88,120,93,42
2,89,120,92,42
2,90,120,107,42
2,91,120,101,42
2,92,120,91,42
2,93,120,100,42
2,94,120,116,42
2,95,120,89,42
2,96,120,103,42
2,97,120,112,42
2,98,120,17,42
2,99,120,96,42
2,100,120,118,42
2,101,120,90,42
3,102,120,111,42
3,103,120,110,42
3,104,120,99,42
3,105,120,98,42
3,106,120,104,42
3,107,120,109,42
3,108,120,8,42
3,109,120,105,42
4,110,120,84,42
4,111,120,66,42
4,112,120,23,42
4,113,120,69,42
4,114,120,85,42
4,115,120,77,42
4,116,120,87,42
4,117,120,70,42
4,118,120,72,42
4,119,120,83,42
4,120,120,79,42
4,121,120,82,42
4,122,120,81,42
4,123,120,78,42
4,124,120,76,42
4,125,120,86,42
4,126,120,64,42
4,127,120,71,42
4,128,120,80,42
4,129,120,88,42
4,130,120,48,42
4,131,120,75,42
4,132,120,67,42
4,133,120,73,42
4,134,120,44,42
4,135,120,63,42
4,136,120,74,42
4,137,120,65,42
4,138,120,62,42
4,139,120,68,42
4,140,120,51,42
4,141,120,36,42
4,142,120,54,42
4,143,120,41,42
4,144,120,33,42
4,145,120,61,42
4,146,120,55,42
4,147,120,43,42
4,148,120,46,42
4,149,120,40,42
4,150,120,37,42
4,151,120,60,42
4,152,120,50,42
4,153,120,47,42
4,154,120,53,42
4,155,120,39,42
4,156,120,58,42
4,157,120,35,42
4,158,120,59,42
4,159,120,45,42
4,160,120,42,42
4,161,120,49,42
4,162,120,56,42
4,163,120,38,42
4,164,120,34,42
4,165,120,57,42
4,166,120,52,42
1,1,121,146,211
1,2,121,141,211
1,3,121,155,211
1,4,121,147,211
1,5,121,139,211
1,6,121,134,211
1,7,121,166,211
1,8,121,152,211
1,9,121,138,211
1,10,121,144,211
1,11,121,124,211
1,12,121,122,211
1,13,121,149,211
1,14,121,128,211
1,15,121,129,211
1,16,121,119,211
1,17,121,123,211
1,18,121,161,211
1,19,121,154,211
1,20,121,145,211
1,21,121,125,211
1,22,121,150,211
1,23,121,156,211
1,24,121,142,211
1,25,121,165,211
1,26,121,159,211
1,27,121,158,211
1,28,121,153,211
1,29,121,135,211
1,30,121,137,211
1,31,121,164,211
1,32,121,148,211
1,33,121,151,211
1,34,121,157,211
1,35,121,22,211
1,36,121,127,211
1,37,121,1,211
1,38,121,131,211
1,39,121,136,211
1,40,121,140,211
1,41,121,120,211
1,42,121,21,211
1,43,121,121,211
1,44,121,16,211
1,45,121,32,211
1,46,121,10,211
1,47,121,126,211
1,48,121,19,211
1,49,121,31,211
1,50,121,27,211
1,51,121,163,211
1,52,121,133,211
1,53,121,28,211
1,54,121,9,211
1,55,121,13,211
1,56,121,20,211
1,57,121,30,211
1,58,121,143,211
1,59,121,15,211
1,60,121,26,211
1,61,121,24,211
1,62,121,162,211
1,63,121,5,211
1,64,121,3,211
1,65,121,130,211
1,66,121,18,211
1,67,121,12,211
1,68,121,160,211
1,69,121,108,211
1,70,121,6,211
1,71,121,14,211
1,72,121,29,211
1,73,121,132,211
1,74,121,4,211
1,75,121,2,211
1,76,121,7,211
1,77,121,11,211
2,78,121,97,211
2,79,121,102,211
2,80,121,113,211
2,81,121,95,211
2,82,121,94,211
2,83,121,117,211
2,84,121,114,211
2,85,121,106,211
2,86,121,25,211
2,87,121,115,211
2,88,121,93,211
2,89,121,92,211
2,90,121,107,211
2,91,121,101,211
2,92,121,91,211
2,93,121,100,211
2,94,121,116,211
2,95,121,89,211
2,96,121,103,211
2,97,121,112,211
2,98,121,17,211
2,99,121,96,211
2,100,121,118,211
2,101,121,90,211
3,102,121,111,211
3,103,121,110,211
3,104,121,99,211
3,105,121,98,211
3,106,121,104,211
3,107,121,109,211
3,108,121,8,211
3,109,121,105,211
4,110,121,84,211
4,111,121,66,211
4,112,121,23,211
4,113,121,69,211
4,114,121,85,211
4,115,121,77,211
4,116,121,87,211
4,117,121,70,211
4,118,121,72,211
4,119,121,83,211
4,120,121,79,211
4,121,121,82,211
4,122,121,81,211
4,123,121,78,211
4,124,121,76,211
4,125,121,86,211
4,126,121,64,211
4,127,121,71,211
4,128,121,80,211
4,129,121,88,211
4,130,121,48,211
4,131,121,75,211
4,132,121,67,211
4,133,121,73,211
4,134,121,44,211
4,135,121,63,211
4,136,121,74,211
4,137,121,65,211
4,138,121,62,211
4,139,121,68,211
4,140,121,51,211
4,141,121,36,211
4,142,121,54,211
4,143,121,41,211
4,144,121,33,211
4,145,121,61,211
4,146,121,55,211
4,147,121,43,211
4,148,121,46,211
4,149,121,40,211
4,150,121,37,211
4,151,121,60,211
4,152,121,50,211
4,153,121,47,211
4,154,121,53,211
4,155,121,39,211
4,156,121,58,211
4,157,121,35,211
4,158,121,59,211
4,159,121,45,211
4,160,121,42,211
4,161,121,49,211
4,162,121,56,211
4,163,121,38,211
4,164,121,34,211
4,165,121,57,211
4,166,121,52,211
1,1,122,146,290
1,2,122,141,290
1,3,122,155,290
1,4,122,147,290
1,5,122,139,290
1,6,122,134,290
1,7,122,166,290
1,8,122,152,290
1,9,122,138,290
1,10,122,144,290
1,11,122,124,290
1,12,122,122,290
1,13,122,149,290
1,14,122,128,290
1,15,122,129,290
1,16,122,119,290
1,17,122,123,290
1,18,122,161,290
1,19,122,154,290
1,20,122,145,290
1,21,122,125,290
1,22,122,150,290
1,23,122,156,290
1,24,122,142,290
1,25,122,165,290
1,26,122,159,290
1,27,122,158,290
1,28,122,153,290
1,29,122,135,290
1,30,122,137,290
1,31,122,164,290
1,32,122,148,290
1,33,122,151,290
1,34,122,157,290
1,35,122,22,290
1,36,122,127,290
1,37,122,1,290
1,38,122,131,290
1,39,122,136,290
1,40,122,140,290
1,41,122,120,290
1,42,122,21,290
1,43,122,121,290
1,44,122,16,290
1,45,122,32,290
1,46,122,10,290
1,47,122,126,290
1,48,122,19,290
1,49,122,31,290
1,50,122,27,290
1,51,122,163,290
1,52,122,133,290
1,53,122,28,290
1,54,122,9,290
1,55,122,13,290
1,56,122,20,290
1,57,122,30,290
1,58,122,143,290
1,59,122,15,290
1,60,122,26,290
1,61,122,24,290
1,62,122,162,290
1,63,122,5,290
1,64,122,3,290
1,65,122,130,290
1,66,122,18,290
1,67,122,12,290
1,68,122,160,290
1,69,122,108,290
1,70,122,6,290
1,71,122,14,290
1,72,122,29,290
1,73,122,132,290
1,74,122,4,290
1,75,122,2,290
1,76,122,7,290
1,77,122,11,290
2,78,122,97,290
2,79,122,102,290
2,80,122,113,290
2,81,122,95,290
2,82,122,94,290
2,83,122,117,290
2,84,122,114,290
2,85,122,106,290
2,86,122,25,290
2,87,122,115,290
2,88,122,93,290
2,89,122,92,290
2,90,122,107,290
2,91,122,101,290
2,92,122,91,290
2,93,122,100,290
2,94,122,116,290
2,95,122,89,290
2,96,122,103,290
2,97,122,112,290
2,98,122,17,290
2,99,122,96,290
2,100,122,118,290
2,101,122,90,290
3,102,122,111,290
3,103,122,110,290
3,104,122,99,290
3,105,122,98,290
3,106,122,104,290
3,107,122,109,290
3,108,122,8,290
3,109,122,105,290
4,110,122,84,290
4,111,122,66,290
4,112,122,23,290
4,113,122,69,290
4,114,122,85,290
4,115,122,77,290
4,116,122,87,290
4,117,122,70,290
4,118,122,72,290
4,119,122,83,290
4,120,122,79,290
4,121,122,82,290
4,122,122,81,290
4,123,122,78,290
4,124,122,76,290
4,125,122,86,290
4,126,122,64,290
4,127,122,71,290
4,128,122,80,290
4,129,122,88,290
4,130,122,48,290
4,131,122,75,290
4,132,122,67,290
4,133,122,73,290
4,134,122,44,290
4,135,122,63,290
4,136,122,74,290
4,137,122,65,290
4,138,122,62,290
4,139,122,68,290
4,140,122,51,290
4,141,122,36,290
4,142,122,54,290
4,143,122,41,290
4,144,122,33,290
4,145,122,61,290
4,146,122,55,290
4,147,122,43,290
4,148,122,46,290
4,149,122,40,290
4,150,122,37,290
4,151,122,60,290
4,152,122,50,290
4,153,122,47,290
4,154,122,53,290
4,155,122,39,290
4,156,122,58,290
4,157,122,35,290
4,158,122,59,290
4,159,122,45,290
4,160,122,42,290
4,161,122,49,290
4,162,122,56,290
4,163,122,38,290
4,164,122,34,290
4,165,122,57,290
4,166,122,52,290
1,1,123,146,288
1,2,123,141,288
1,3,123,155,288
1,4,123,147,288
1,5,123,139,288
1,6,123,134,288
1,7,123,166,288
1,8,123,152,288
1,9,123,138,288
1,10,123,144,288
1,11,123,124,288
1,12,123,122,288
1,13,123,149,288
1,14,123,128,288
1,15,123,129,288
1,16,123,119,288
1,17,123,123,288
1,18,123,161,288
1,19,123,154,288
1,20,123,145,288
1,21,123,125,288
1,22,123,150,288
1,23,123,156,288
1,24,123,142,288
1,25,123,165,288
1,26,123,159,288
1,27,123,158,288
1,28,123,153,288
1,29,123,135,288
1,30,123,137,288
1,31,123,164,288
1,32,123,148,288
1,33,123,151,288
1,34,123,157,288
1,35,123,22,288
1,36,123,127,288
1,37,123,1,288
1,38,123,131,288
1,39,123,136,288
1,40,123,140,288
1,41,123,120,288
1,42,123,21,288
1,43,123,121,288
1,44,123,16,288
1,45,123,32,288
1,46,123,10,288
1,47,123,126,288
1,48,123,19,288
1,49,123,31,288
1,50,123,27,288
1,51,123,163,288
1,52,123,133,288
1,53,123,28,288
1,54,123,9,288
1,55,123,13,288
1,56,123,20,288
1,57,123,30,288
1,58,123,143,288
1,59,123,15,288
1,60,123,26,288
1,61,123,24,288
1,62,123,162,288
1,63,123,5,288
1,64,123,3,288
1,65,123,130,288
1,66,123,18,288
1,67,123,12,288
1,68,123,160,288
1,69,123,108,288
1,70,123,6,288
1,71,123,14,288
1,72,123,29,288
1,73,123,132,288
1,74,123,4,288
1,75,123,2,288
1,76,123,7,288
1,77,123,11,288
2,78,123,97,288
2,79,123,102,288
2,80,123,113,288
2,81,123,95,288
2,82,123,94,288
2,83,123,117,288
2,84,123,114,288
2,85,123,106,288
2,86,123,25,288
2,87,123,115,288
2,88,123,93,288
2,89,123,92,288
2,90,123,107,288
2,91,123,101,288
2,92,123,91,288
2,93,123,100,288
2,94,123,116,288
2,95,123,89,288
2,96,123,103,288
2,97,123,112,288
2,98,123,17,288
2,99,123,96,288
2,100,123,118,288
2,101,123,90,288
3,102,123,111,288
3,103,123,110,288
3,104,123,99,288
3,105,123,98,288
3,106,123,104,288
3,107,123,109,288
3,108,123,8,288
3,109,123,105,288
4,110,123,84,288
4,111,123,66,288
4,112,123,23,288
4,113,123,69,288
4,114,123,85,288
4,115,123,77,288
4,116,123,87,288
4,117,123,70,288
4,118,123,72,288
4,119,123,83,288
4,120,123,79,288
4,121,123,82,288
4,122,123,81,288
4,123,123,78,288
4,124,123,76,288
4,125,123,86,288
4,126,123,64,288
4,127,123,71,288
4,128,123,80,288
4,129,123,88,288
4,130,123,48,288
4,131,123,75,288
4,132,123,67,288
4,133,123,73,288
4,134,123,44,288
4,135,123,63,288
4,136,123,74,288
4,137,123,65,288
4,138,123,62,288
4,139,123,68,288
4,140,123,51,288
4,141,123,36,288
4,142,123,54,288
4,143,123,41,288
4,144,123,33,288
4,145,123,61,288
4,146,123,55,288
4,147,123,43,288
4,148,123,46,288
4,149,123,40,288
4,150,123,37,288
4,151,123,60,288
4,152,123,50,288
4,153,123,47,288
4,154,123,53,288
4,155,123,39,288
4,156,123,58,288
4,157,123,35,288
4,158,123,59,288
4,159,123,45,288
4,160,123,42,288
4,161,123,49,288
4,162,123,56,288
4,163,123,38,288
4,164,123,34,288
4,165,123,57,288
4,166,123,52,288
1,1,124,146,170
1,2,124,141,170
1,3,124,155,170
1,4,124,147,170
1,5,124,139,170
1,6,124,134,170
1,7,124,166,170
1,8,124,152,170
1,9,124,138,170
1,10,124,144,170
1,11,124,124,170
1,12,124,122,170
1,13,124,149,170
1,14,124,128,170
1,15,124,129,170
1,16,124,119,170
1,17,124,123,170
1,18,124,161,170
1,19,124,154,170
1,20,124,145,170
1,21,124,125,170
1,22,124,150,170
1,23,124,156,170
1,24,124,142,170
1,25,124,165,170
1,26,124,159,170
1,27,124,158,170
1,28,124,153,170
1,29,124,135,170
1,30,124,137,170
1,31,124,164,170
1,32,124,148,170
1,33,124,151,170
1,34,124,157,170
1,35,124,22,170
1,36,124,127,170
1,37,124,1,170
1,38,124,131,170
1,39,124,136,170
1,40,124,140,170
1,41,124,120,170
1,42,124,21,170
1,43,124,121,170
1,44,124,16,170
1,45,124,32,170
1,46,124,10,170
1,47,124,126,170
1,48,124,19,170
1,49,124,31,170
1,50,124,27,170
1,51,124,163,170
1,52,124,133,170
1,53,124,28,170
1,54,124,9,170
1,55,124,13,170
1,56,124,20,170
1,57,124,30,170
1,58,124,143,170
1,59,124,15,170
1,60,124,26,170
1,61,124,24,170
1,62,124,162,170
1,63,124,5,170
1,64,124,3,170
1,65,124,130,170
1,66,124,18,170
1,67,124,12,170
1,68,124,160,170
1,69,124,108,170
1,70,124,6,170
1,71,124,14,170
1,72,124,29,170
1,73,124,132,170
1,74,124,4,170
1,75,124,2,170
1,76,124,7,170
1,77,124,11,170
2,78,124,97,170
2,79,124,102,170
2,80,124,113,170
2,81,124,95,170
2,82,124,94,170
2,83,124,117,170
2,84,124,114,170
2,85,124,106,170
2,86,124,25,170
2,87,124,115,170
2,88,124,93,170
2,89,124,92,170
2,90,124,107,170
2,91,124,101,170
2,92,124,91,170
2,93,124,100,170
2,94,124,116,170
2,95,124,89,170
2,96,124,103,170
2,97,124,112,170
2,98,124,17,170
2,99,124,96,170
2,100,124,118,170
2,101,124,90,170
3,102,124,111,170
3,103,124,110,170
3,104,124,99,170
3,105,124,98,170
3,106,124,104,170
3,107,124,109,170
3,108,124,8,170
3,109,124,105,170
4,110,124,84,170
4,111,124,66,170
4,112,124,23,170
4,113,124,69,170
4,114,124,85,170
4,115,124,77,170
4,116,124,87,170
4,117,124,70,170
4,118,124,72,170
4,119,124,83,170
4,120,124,79,170
4,121,124,82,170
4,122,124,81,170
4,123,124,78,170
4,124,124,76,170
4,125,124,86,170
4,126,124,64,170
4,127,124,71,170
4,128,124,80,170
4,129,124,88,170
4,130,124,48,170
4,131,124,75,170
4,132,124,67,170
4,133,124,73,170
4,134,124,44,170
4,135,124,63,170
4,136,124,74,170
4,137,124,65,170
4,138,124,62,170
4,139,124,68,170
4,140,124,51,170
4,141,124,36,170
4,142,124,54,170
4,143,124,41,170
4,144,124,33,170
4,145,124,61,170
4,146,124,55,170
4,147,124,43,170
4,148,124,46,170
4,149,124,40,170
4,150,124,37,170
4,151,124,60,170
4,152,124,50,170
4,153,124,47,170
4,154,124,53,170
4,155,124,39,170
4,156,124,58,170
4,157,124,35,170
4,158,124,59,170
4,159,124,45,170
4,160,124,42,170
4,161,124,49,170
4,162,124,56,170
4,163,124,38,170
4,164,124,34,170
4,165,124,57,170
4,166,124,52,170
1,1,125,146,52
1,2,125,141,52
1,3,125,155,52
1,4,125,147,52
1,5,125,139,52
1,6,125,134,52
1,7,125,166,52
1,8,125,152,52
1,9,125,138,52
1,10,125,144,52
1,11,125,124,52
1,12,125,122,52
1,13,125,149,52
1,14,125,128,52
1,15,125,129,52
1,16,125,119,52
1,17,125,123,52
1,18,125,161,52
1,19,125,154,52
1,20,125,145,52
1,21,125,125,52
1,22,125,150,52
1,23,125,156,52
1,24,125,142,52
1,25,125,165,52
1,26,125,159,52
1,27,125,158,52
1,28,125,153,52
1,29,125,135,52
1,30,125,137,52
1,31,125,164,52
1,32,125,148,52
1,33,125,151,52
1,34,125,157,52
1,35,125,22,52
1,36,125,127,52
1,37,125,1,52
1,38,125,131,52
1,39,125,136,52
1,40,125,140,52
1,41,125,120,52
1,42,125,21,52
1,43,125,121,52
1,44,125,16,52
1,45,125,32,52
1,46,125,10,52
1,47,125,126,52
1,48,125,19,52
1,49,125,31,52
1,50,125,27,52
1,51,125,163,52
1,52,125,133,52
1,53,125,28,52
1,54,125,9,52
1,55,125,13,52
1,56,125,20,52
1,57,125,30,52
1,58,125,143,52
1,59,125,15,52
1,60,125,26,52
1,61,125,24,52
1,62,125,162,52
1,63,125,5,52
1,64,125,3,52
1,65,125,130,52
1,66,125,18,52
1,67,125,12,52
1,68,125,160,52
1,69,125,108,52
1,70,125,6,52
1,71,125,14,52
1,72,125,29,52
1,73,125,132,52
1,74,125,4,52
1,75,125,2,52
1,76,125,7,52
1,77,125,11,52
2,78,125,97,52
2,79,125,102,52
2,80,125,113,52
2,81,125,95,52
2,82,125,94,52
2,83,125,117,52
2,84,125,114,52
2,85,125,106,52
2,86,125,25,52
2,87,125,115,52
2,88,125,93,52
2,89,125,92,52
2,90,125,107,52
2,91,125,101,52
2,92,125,91,52
2,93,125,100,52
2,94,125,116,52
2,95,125,89,52
2,96,125,103,52
2,97,125,112,52
2,98,125,17,52
2,99,125,96,52
2,100,125,118,52
2,101,125,90,52
3,102,125,111,52
3,103,125,110,52
3,104,125,99,52
3,105,125,98,52
3,106,125,104,52
3,107,125,109,52
3,108,125,8,52
3,109,125,105,52
4,110,125,84,52
4,111,125,66,52
4,112,125,23,52
4,113,125,69,52
4,114,125,85,52
4,115,125,77,52
4,116,125,87,52
4,117,125,70,52
4,118,125,72,52
4,119,125,83,52
4,120,125,79,52
4,121,125,82,52
4,122,125,81,52
4,123,125,78,52
4,124,125,76,52
4,125,125,86,52
4,126,125,64,52
4,127,125,71,52
4,128,125,80,52
4,129,125,88,52
4,130,125,48,52
4,131,125,75,52
4,132,125,67,52
4,133,125,73,52
4,134,125,44,52
4,135,125,63,52
4,136,125,74,52
4,137,125,65,52
4,138,125,62,52
4,139,125,68,52
4,140,125,51,52
4,141,125,36,52
4,142,125,54,52
4,143,125,41,52
4,144,125,33,52
4,145,125,61,52
4,146,125,55,52
4,147,125,43,52
4,148,125,46,52
4,149,125,40,52
4,150,125,37,52
4,151,125,60,52
4,152,125,50,52
4,153,125,47,52
4,154,125,53,52
4,155,125,39,52
4,156,125,58,52
4,157,125,35,52
4,158,125,59,52
4,159,125,45,52
4,160,125,42,52
4,161,125,49,52
4,162,125,56,52
4,163,125,38,52
4,164,125,34,52
4,165,125,57,52
4,166,125,52,52
1,1,126,146,40
1,2,126,141,40
1,3,126,155,40
1,4,126,147,40
1,5,126,139,40
1,6,126,134,40
1,7,126,166,40
1,8,126,152,40
1,9,126,138,40
1,10,126,144,40
1,11,126,124,40
1,12,126,122,40
1,13,126,149,40
1,14,126,128,40
1,15,126,129,40
1,16,126,119,40
1,17,126,123,40
1,18,126,161,40
1,19,126,154,40
1,20,126,145,40
1,21,126,125,40
1,22,126,150,40
1,23,126,156,40
1,24,126,142,40
1,25,126,165,40
1,26,126,159,40
1,27,126,158,40
1,28,126,153,40
1,29,126,135,40
1,30,126,137,40
1,31,126,164,40
1,32,126,148,40
1,33,126,151,40
1,34,126,157,40
1,35,126,22,40
1,36,126,127,40
1,37,126,1,40
1,38,126,131,40
1,39,126,136,40
1,40,126,140,40
1,41,126,120,40
1,42,126,21,40
1,43,126,121,40
1,44,126,16,40
1,45,126,32,40
1,46,126,10,40
1,47,126,126,40
1,48,126,19,40
1,49,126,31,40
1,50,126,27,40
1,51,126,163,40
1,52,126,133,40
1,53,126,28,40
1,54,126,9,40
1,55,126,13,40
1,56,126,20,40
1,57,126,30,40
1,58,126,143,40
1,59,126,15,40
1,60,126,26,40
1,61,126,24,40
1,62,126,162,40
1,63,126,5,40
1,64,126,3,40
1,65,126,130,40
1,66,126,18,40
1,67,126,12,40
1,68,126,160,40
1,69,126,108,40
1,70,126,6,40
1,71,126,14,40
1,72,126,29,40
1,73,126,132,40
1,74,126,4,40
1,75,126,2,40
1,76,126,7,40
1,77,126,11,40
2,78,126,97,40
2,79,126,102,40
2,80,126,113,40
2,81,126,95,40
2,82,126,94,40
2,83,126,117,40
2,84,126,114,40
2,85,126,106,40
2,86,126,25,40
2,87,126,115,40
2,88,126,93,40
2,89,126,92,40
2,90,126,107,40
2,91,126,101,40
2,92,126,91,40
2,93,126,100,40
2,94,126,116,40
2,95,126,89,40
2,96,126,103,40
2,97,126,112,40
2,98,126,17,40
2,99,126,96,40
2,100,126,118,40
2,101,126,90,40
3,102,126,111,40
3,103,126,110,40
3,104,126,99,40
3,105,126,98,40
3,106,126,104,40
3,107,126,109,40
3,108,126,8,40
3,109,126,105,40
4,110,126,84,40
4,111,126,66,40
4,112,126,23,40
4,113,126,69,40
4,114,126,85,40
4,115,126,77,40
4,116,126,87,40
4,117,126,70,40
4,118,126,72,40
4,119,126,83,40
4,120,126,79,40
4,121,126,82,40
4,122,126,81,40
4,123,126,78,40
4,124,126,76,40
4,125,126,86,40
4,126,126,64,40
4,127,126,71,40
4,128,126,80,40
4,129,126,88,40
4,130,126,48,40
4,131,126,75,40
4,132,126,67,40
4,133,126,73,40
4,134,126,44,40
4,135,126,63,40
4,136,126,74,40
4,137,126,65,40
4,138,126,62,40
4,139,126,68,40
4,140,126,51,40
4,141,126,36,40
4,142,126,54,40
4,143,126,41,40
4,144,126,33,40
4,145,126,61,40
4,146,126,55,40
4,147,126,43,40
4,148,126,46,40
4,149,126,40,40
4,150,126,37,40
4,151,126,60,40
4,152,126,50,40
4,153,126,47,40
4,154,126,53,40
4,155,126,39,40
4,156,126,58,40
4,157,126,35,40
4,158,126,59,40
4,159,126,45,40
4,160,126,42,40
4,161,126,49,40
4,162,126,56,40
4,163,126,38,40
4,164,126,34,40
4,165,126,57,40
4,166,126,52,40
1,1,127,146,37
1,2,127,141,37
1,3,127,155,37
1,4,127,147,37
1,5,127,139,37
1,6,127,134,37
1,7,127,166,37
1,8,127,152,37
1,9,127,138,37
1,10,127,144,37
1,11,127,124,37
1,12,127,122,37
1,13,127,149,37
1,14,127,128,37
1,15,127,129,37
1,16,127,119,37
1,17,127,123,37
1,18,127,161,37
1,19,127,154,37
1,20,127,145,37
1,21,127,125,37
1,22,127,150,37
1,23,127,156,37
1,24,127,142,37
1,25,127,165,37
1,26,127,159,37
1,27,127,158,37
1,28,127,153,37
1,29,127,135,37
1,30,127,137,37
1,31,127,164,37
1,32,127,148,37
1,33,127,151,37
1,34,127,157,37
1,35,127,22,37
1,36,127,127,37
1,37,127,1,37
1,38,127,131,37
1,39,127,136,37
1,40,127,140,37
1,41,127,120,37
1,42,127,21,37
1,43,127,121,37
1,44,127,16,37
1,45,127,32,37
1,46,127,10,37
1,47,127,126,37
1,48,127,19,37
1,49,127,31,37
1,50,127,27,37
1,51,127,163,37
1,52,127,133,37
1,53,127,28,37
1,54,127,9,37
1,55,127,13,37
1,56,127,20,37
1,57,127,30,37
1,58,127,143,37
1,59,127,15,37
1,60,127,26,37
1,61,127,24,37
1,62,127,162,37
1,63,127,5,37
1,64,127,3,37
1,65,127,130,37
1,66,127,18,37
1,67,127,12,37
1,68,127,160,37
1,69,127,108,37
1,70,127,6,37
1,71,127,14,37
1,72,127,29,37
1,73,127,132,37
1,74,127,4,37
1,75,127,2,37
1,76,127,7,37
1,77,127,11,37
2,78,127,97,37
2,79,127,102,37
2,80,127,113,37
2,81,127,95,37
2,82,127,94,37
2,83,127,117,37
2,84,127,114,37
2,85,127,106,37
2,86,127,25,37
2,87,127,115,37
2,88,127,93,37
2,89,127,92,37
2,90,127,107,37
2,91,127,101,37
2,92,127,91,37
2,93,127,100,37
2,94,127,116,37
2,95,127,89,37
2,96,127,103,37
2,97,127,112,37
2,98,127,17,37
2,99,127,96,37
2,100,127,118,37
2,101,127,90,37
3,102,127,111,37
3,103,127,110,37
3,104,127,99,37
3,105,127,98,37
3,106,127,104,37
3,107,127,109,37
3,108,127,8,37
3,109,127,105,37
4,110,127,84,37
4,111,127,66,37
4,112,127,23,37
4,113,127,69,37
4,114,127,85,37
4,115,127,77,37
4,116,127,87,37
4,117,127,70,37
4,118,127,72,37
4,119,127,83,37
4,120,127,79,37
4,121,127,82,37
4,122,127,81,37
4,123,127,78,37
4,124,127,76,37
4,125,127,86,37
4,126,127,64,37
4,127,127,71,37
4,128,127,80,37
4,129,127,88,37
4,130,127,48,37
4,131,127,75,37
4,132,127,67,37
4,133,127,73,37
4,134,127,44,37
4,135,127,63,37
4,136,127,74,37
4,137,127,65,37
4,138,127,62,37
4,139,127,68,37
4,140,127,51,37
4,141,127,36,37
4,142,127,54,37
4,143,127,41,37
4,144,127,33,37
4,145,127,61,37
4,146,127,55,37
4,147,127,43,37
4,148,127,46,37
4,149,127,40,37
4,150,127,37,37
4,151,127,60,37
4,152,127,50,37
4,153,127,47,37
4,154,127,53,37
4,155,127,39,37
4,156,127,58,37
4,157,127,35,37
4,158,127,59,37
4,159,127,45,37
4,160,127,42,37
4,161,127,49,37
4,162,127,56,37
4,163,127,38,37
4,164,127,34,37
4,165,127,57,37
4,166,127,52,37
1,1,128,146,4
1,2,128,141,4
1,3,128,155,4
1,4,128,147,4
1,5,128,139,4
1,6,128,134,4
1,7,128,166,4
1,8,128,152,4
1,9,128,138,4
1,10,128,144,4
1,11,128,124,4
1,12,128,122,4
1,13,128,149,4
1,14,128,128,4
1,15,128,129,4
1,16,128,119,4
1,17,128,123,4
1,18,128,161,4
1,19,128,154,4
1,20,128,145,4
1,21,128,125,4
1,22,128,150,4
1,23,128,156,4
1,24,128,142,4
1,25,128,165,4
1,26,128,159,4
1,27,128,158,4
1,28,128,153,4
1,29,128,135,4
1,30,128,137,4
1,31,128,164,4
1,32,128,148,4
1,33,128,151,4
1,34,128,157,4
1,35,128,22,4
1,36,128,127,4
1,37,128,1,4
1,38,128,131,4
1,39,128,136,4
1,40,128,140,4
1,41,128,120,4
1,42,128,21,4
1,43,128,121,4
1,44,128,16,4
1,45,128,32,4
1,46,128,10,4
1,47,128,126,4
1,48,128,19,4
1,49,128,31,4
1,50,128,27,4
1,51,128,163,4
1,52,128,133,4
1,53,128,28,4
1,54,128,9,4
1,55,128,13,4
1,56,128,20,4
1,57,128,30,4
1,58,128,143,4
1,59,128,15,4
1,60,128,26,4
1,61,128,24,4
1,62,128,162,4
1,63,128,5,4
1,64,128,3,4
1,65,128,130,4
1,66,128,18,4
1,67,128,12,4
1,68,128,160,4
1,69,128,108,4
1,70,128,6,4
1,71,128,14,4
1,72,128,29,4
1,73,128,132,4
1,74,128,4,4
1,75,128,2,4
1,76,128,7,4
1,77,128,11,4
2,78,128,97,4
2,79,128,102,4
2,80,128,113,4
2,81,128,95,4
2,82,128,94,4
2,83,128,117,4
2,84,128,114,4
2,85,128,106,4
2,86,128,25,4
2,87,128,115,4
2,88,128,93,4
2,89,128,92,4
2,90,128,107,4
2,91,128,101,4
2,92,128,91,4
2,93,128,100,4
2,94,128,116,4
2,95,128,89,4
2,96,128,103,4
2,97,128,112,4
2,98,128,17,4
2,99,128,96,4
2,100,128,118,4
2,101,128,90,4
3,102,128,111,4
3,103,128,110,4
3,104,128,99,4
3,105,128,98,4
3,106,128,104,4
3,107,128,109,4
3,108,128,8,4
3,109,128,105,4
4,110,128,84,4
4,111,128,66,4
4,112,128,23,4
4,113,128,69,4
4,114,128,85,4
4,115,128,77,4
4,116,128,87,4
4,117,128,70,4
4,118,128,72,4
4,119,128,83,4
4,120,128,79,4
4,121,128,82,4
4,122,128,81,4
4,123,128,78,4
4,124,128,76,4
4,125,128,86,4
4,126,128,64,4
4,127,128,71,4
4,128,128,80,4
4,129,128,88,4
4,130,128,48,4
4,131,128,75,4
4,132,128,67,4
4,133,128,73,4
4,134,128,44,4
4,135,128,63,4
4,136,128,74,4
4,137,128,65,4
4,138,128,62,4
4,139,128,68,4
4,140,128,51,4
4,141,128,36,4
4,142,128,54,4
4,143,128,41,4
4,144,128,33,4
4,145,128,61,4
4,146,128,55,4
4,147,128,43,4
4,148,128,46,4
4,149,128,40,4
4,150,128,37,4
4,151,128,60,4
4,152,128,50,4
4,153,128,47,4
4,154,128,53,4
4,155,128,39,4
4,156,128,58,4
4,157,128,35,4
4,158,128,59,4
4,159,128,45,4
4,160,128,42,4
4,161,128,49,4
4,162,128,56,4
4,163,128,38,4
4,164,128,34,4
4,165,128,57,4
4,166,128,52,4
1,1,129,146,220
1,2,129,141,220
1,3,129,155,220
1,4,129,147,220
1,5,129,139,220
1,6,129,134,220
1,7,129,166,220
1,8,129,152,220
1,9,129,138,220
1,10,129,144,220
1,11,129,124,220
1,12,129,122,220
1,13,129,149,220
1,14,129,128,220
1,15,129,129,220
1,16,129,119,220
1,17,129,123,220
1,18,129,161,220
1,19,129,154,220
1,20,129,145,220
1,21,129,125,220
1,22,129,150,220
1,23,129,156,220
1,24,129,142,220
1,25,129,165,220
1,26,129,159,220
1,27,129,158,220
1,28,129,153,220
1,29,129,135,220
1,30,129,137,220
1,31,129,164,220
1,32,129,148,220
1,33,129,151,220
1,34,129,157,220
1,35,129,22,220
1,36,129,127,220
1,37,129,1,220
1,38,129,131,220
1,39,129,136,220
1,40,129,140,220
1,41,129,120,220
1,42,129,21,220
1,43,129,121,220
1,44,129,16,220
1,45,129,32,220
1,46,129,10,220
1,47,129,126,220
1,48,129,19,220
1,49,129,31,220
1,50,129,27,220
1,51,129,163,220
1,52,129,133,220
1,53,129,28,220
1,54,129,9,220
1,55,129,13,220
1,56,129,20,220
1,57,129,30,220
1,58,129,143,220
1,59,129,15,220
1,60,129,26,220
1,61,129,24,220
1,62,129,162,220
1,63,129,5,220
1,64,129,3,220
1,65,129,130,220
1,66,129,18,220
1,67,129,12,220
1,68,129,160,220
1,69,129,108,220
1,70,129,6,220
1,71,129,14,220
1,72,129,29,220
1,73,129,132,220
1,74,129,4,220
1,75,129,2,220
1,76,129,7,220
1,77,129,11,220
2,78,129,97,220
2,79,129,102,220
2,80,129,113,220
2,81,129,95,220
2,82,129,94,220
2,83,129,117,220
2,84,129,114,220
2,85,129,106,220
2,86,129,25,220
2,87,129,115,220
2,88,129,93,220
2,89,129,92,220
2,90,129,107,220
2,91,129,101,220
2,92,129,91,220
2,93,129,100,220
2,94,129,116,220
2,95,129,89,220
2,96,129,103,220
2,97,129,112,220
2,98,129,17,220
2,99,129,96,220
2,100,129,118,220
2,101,129,90,220
3,102,129,111,220
3,103,129,110,220
3,104,129,99,220
3,105,129,98,220
3,106,129,104,220
3,107,129,109,220
3,108,129,8,220
3,109,129,105,220
4,110,129,84,220
4,111,129,66,220
4,112,129,23,220
4,113,129,69,220
4,114,129,85,220
4,115,129,77,220
4,116,129,87,220
4,117,129,70,220
4,118,129,72,220
4,119,129,83,220
4,120,129,79,220
4,121,129,82,220
4,122,129,81,220
4,123,129,78,220
4,124,129,76,220
4,125,129,86,220
4,126,129,64,220
4,127,129,71,220
4,128,129,80,220
4,129,129,88,220
4,130,129,48,220
4,131,129,75,220
4,132,129,67,220
4,133,129,73,220
4,134,129,44,220
4,135,129,63,220
4,136,129,74,220
4,137,129,65,220
4,138,129,62,220
4,139,129,68,220
4,140,129,51,220
4,141,129,36,220
4,142,129,54,220
4,143,129,41,220
4,144,129,33,220
4,145,129,61,220
4,146,129,55,220
4,147,129,43,220
4,148,129,46,220
4,149,129,40,220
4,150,129,37,220
4,151,129,60,220
4,152,129,50,220
4,153,129,47,220
4,154,129,53,220
4,155,129,39,220
4,156,129,58,220
4,157,129,35,220
4,158,129,59,220
4,159,129,45,220
4,160,129,42,220
4,161,129,49,220
4,162,129,56,220
4,163,129,38,220
4,164,129,34,220
4,165,129,57,220
4,166,129,52,220
1,1,130,146,83
1,2,130,141,83
1,3,130,155,83
1,4,130,147,83
1,5,130,139,83
1,6,130,134,83
1,7,130,166,83
1,8,130,152,83
1,9,130,138,83
1,10,130,144,83
1,11,130,124,83
1,12,130,122,83
1,13,130,149,83
1,14,130,128,83
1,15,130,129,83
1,16,130,119,83
1,17,130,123,83
1,18,130,161,83
1,19,130,154,83
1,20,130,145,83
1,21,130,125,83
1,22,130,150,83
1,23,130,156,83
1,24,130,142,83
1,25,130,165,83
1,26,130,159,83
1,27,130,158,83
1,28,130,153,83
1,29,130,135,83
1,30,130,137,83
1,31,130,164,83
1,32,130,148,83
1,33,130,151,83
1,34,130,157,83
1,35,130,22,83
1,36,130,127,83
1,37,130,1,83
1,38,130,131,83
1,39,130,136,83
1,40,130,140,83
1,41,130,120,83
1,42,130,21,83
1,43,130,121,83
1,44,130,16,83
1,45,130,32,83
1,46,130,10,83
1,47,130,126,83
1,48,130,19,83
1,49,130,31,83
1,50,130,27,83
1,51,130,163,83
1,52,130,133,83
1,53,130,28,83
1,54,130,9,83
1,55,130,13,83
1,56,130,20,83
1,57,130,30,83
1,58,130,143,83
1,59,130,15,83
1,60,130,26,83
1,61,130,24,83
1,62,130,162,83
1,63,130,5,83
1,64,130,3,83
1,65,130,130,83
1,66,130,18,83
1,67,130,12,83
1,68,130,160,83
1,69,130,108,83
1,70,130,6,83
1,71,130,14,83
1,72,130,29,83
1,73,130,132,83
1,74,130,4,83
1,75,130,2,83
1,76,130,7,83
1,77,130,11,83
2,78,130,97,83
2,79,130,102,83
2,80,130,113,83
2,81,130,95,83
2,82,130,94,83
2,83,130,117,83
2,84,130,114,83
2,85,130,106,83
2,86,130,25,83
2,87,130,115,83
2,88,130,93,83
2,89,130,92,83
2,90,130,107,83
2,91,130,101,83
2,92,130,91,83
2,93,130,100,83
2,94,130,116,83
2,95,130,89,83
2,96,130,103,83
2,97,130,112,83
2,98,130,17,83
2,99,130,96,83
2,100,130,118,83
2,101,130,90,83
3,102,130,111,83
3,103,130,110,83
3,104,130,99,83
3,105,130,98,83
3,106,130,104,83
3,107,130,109,83
3,108,130,8,83
3,109,130,105,83
4,110,130,84,83
4,111,130,66,83
4,112,130,23,83
4,113,130,69,83
4,114,130,85,83
4,115,130,77,83
4,116,130,87,83
4,117,130,70,83
4,118,130,72,83
4,119,130,83,83
4,120,130,79,83
4,121,130,82,83
4,122,130,81,83
4,123,130,78,83
4,124,130,76,83
4,125,130,86,83
4,126,130,64,83
4,127,130,71,83
4,128,130,80,83
4,129,130,88,83
4,130,130,48,83
4,131,130,75,83
4,132,130,67,83
4,133,130,73,83
4,134,130,44,83
4,135,130,63,83
4,136,130,74,83
4,137,130,65,83
4,138,130,62,83
4,139,130,68,83
4,140,130,51,83
4,141,130,36,83
4,142,130,54,83
4,143,130,41,83
4,144,130,33,83
4,145,130,61,83
4,146,130,55,83
4,147,130,43,83
4,148,130,46,83
4,149,130,40,83
4,150,130,37,83
4,151,130,60,83
4,152,130,50,83
4,153,130,47,83
4,154,130,53,83
4,155,130,39,83
4,156,130,58,83
4,157,130,35,83
4,158,130,59,83
4,159,130,45,83
4,160,130,42,83
4,161,130,49,83
4,162,130,56,83
4,163,130,38,83
4,164,130,34,83
4,165,130,57,83
4,166,130,52,83
17,1,131,146,235
17,2,131,141,235
17,3,131,155,235
17,4,131,147,235
17,5,131,139,235
17,6,131,134,235
11,7,131,166,235
11,8,131,152,235
11,9,131,138,235
11,10,131,144,235
11,11,131,124,235
11,12,131,122,235
11,13,131,149,235
11,14,131,128,235
11,15,131,129,235
11,16,131,119,235
11,17,131,123,235
11,18,131,161,235
11,19,131,154,235
11,20,131,145,235
11,21,131,125,235
11,22,131,150,235
11,23,131,156,235
11,24,131,142,235
11,25,131,165,235
11,26,131,159,235
11,27,131,158,235
11,28,131,153,235
11,29,131,135,235
11,30,131,137,235
11,31,131,164,235
11,32,131,148,235
11,33,131,151,235
11,34,131,157,235
11,35,131,22,235
11,36,131,127,235
11,37,131,1,235
11,38,131,131,235
11,39,131,136,235
11,40,131,140,235
11,41,131,120,235
11,42,131,21,235
11,43,131,121,235
11,44,131,16,235
11,45,131,32,235
11,46,131,10,235
11,47,131,126,235
6,48,131,19,235
6,49,131,31,235
6,50,131,27,235
6,51,131,163,235
6,52,131,133,235
6,53,131,28,235
6,54,131,9,235
6,55,131,13,235
6,56,131,20,235
6,57,131,30,235
6,58,131,143,235
6,59,131,15,235
6,60,131,26,235
6,61,131,24,235
6,62,131,162,235
6,63,131,5,235
6,64,131,3,235
6,65,131,130,235
6,66,131,18,235
6,67,131,12,235
6,68,131,160,235
6,69,131,108,235
6,70,131,6,235
6,71,131,14,235
6,72,131,29,235
6,73,131,132,235
6,74,131,4,235
6,75,131,2,235
6,76,131,7,235
6,77,131,11,235
2,78,131,97,235
2,79,131,102,235
2,80,131,113,235
2,81,131,95,235
2,82,131,94,235
2,83,131,117,235
2,84,131,114,235
2,85,131,106,235
2,86,131,25,235
2,87,131,115,235
2,88,131,93,235
2,89,131,92,235
2,90,131,107,235
2,91,131,101,235
2,92,131,91,235
2,93,131,100,235
2,94,131,116,235
2,95,131,89,235
2,96,131,103,235
2,97,131,112,235
2,98,131,17,235
2,99,131,96,235
2,100,131,118,235
2,101,131,90,235
3,102,131,111,235
3,103,131,110,235
3,104,131,99,235
3,105,131,98,235
3,106,131,104,235
3,107,131,109,235
3,108,131,8,235
3,109,131,105,235
4,110,131,84,235
4,111,131,66,235
4,112,131,23,235
4,113,131,69,235
4,114,131,85,235
4,115,131,77,235
4,116,131,87,235
4,117,131,70,235
4,118,131,72,235
4,119,131,83,235
4,120,131,79,235
4,121,131,82,235
4,122,131,81,235
4,123,131,78,235
4,124,131,76,235
4,125,131,86,235
4,126,131,64,235
4,127,131,71,235
4,128,131,80,235
4,129,131,88,235
4,130,131,48,235
4,131,131,75,235
4,132,131,67,235
4,133,131,73,235
4,134,131,44,235
4,135,131,63,235
4,136,131,74,235
4,137,131,65,235
4,138,131,62,235
4,139,131,68,235
4,140,131,51,235
4,141,131,36,235
4,142,131,54,235
4,143,131,41,235
4,144,131,33,235
4,145,131,61,235
4,146,131,55,235
4,147,131,43,235
4,148,131,46,235
4,149,131,40,235
4,150,131,37,235
4,151,131,60,235
4,152,131,50,235
4,153,131,47,235
4,154,131,53,235
4,155,131,39,235
4,156,131,58,235
4,157,131,35,235
4,158,131,59,235
4,159,131,45,235
4,160,131,42,235
4,161,131,49,235
4,162,131,56,235
4,163,131,38,235
4,164,131,34,235
4,165,131,57,235
4,166,131,52,235
17,1,132,146,8
17,2,132,141,8
17,3,132,155,8
17,4,132,147,8
17,5,132,139,8
17,6,132,134,8
11,7,132,166,8
11,8,132,152,8
11,9,132,138,8
11,10,132,144,8
11,11,132,124,8
11,12,132,122,8
11,13,132,149,8
11,14,132,128,8
11,15,132,129,8
11,16,132,119,8
11,17,132,123,8
11,18,132,161,8
11,19,132,154,8
11,20,132,145,8
11,21,132,125,8
11,22,132,150,8
11,23,132,156,8
11,24,132,142,8
11,25,132,165,8
11,26,132,159,8
11,27,132,158,8
11,28,132,153,8
11,29,132,135,8
11,30,132,137,8
11,31,132,164,8
11,32,132,148,8
11,33,132,151,8
11,34,132,157,8
11,35,132,22,8
11,36,132,127,8
11,37,132,1,8
11,38,132,131,8
11,39,132,136,8
11,40,132,140,8
11,41,132,120,8
11,42,132,21,8
11,43,132,121,8
11,44,132,16,8
11,45,132,32,8
11,46,132,10,8
11,47,132,126,8
6,48,132,19,8
6,49,132,31,8
6,50,132,27,8
6,51,132,163,8
6,52,132,133,8
6,53,132,28,8
6,54,132,9,8
6,55,132,13,8
6,56,132,20,8
6,57,132,30,8
6,58,132,143,8
6,59,132,15,8
6,60,132,26,8
6,61,132,24,8
6,62,132,162,8
6,63,132,5,8
6,64,132,3,8
6,65,132,130,8
6,66,132,18,8
6,67,132,12,8
6,68,132,160,8
6,69,132,108,8
6,70,132,6,8
6,71,132,14,8
6,72,132,29,8
6,73,132,132,8
6,74,132,4,8
6,75,132,2,8
6,76,132,7,8
6,77,132,11,8
2,78,132,97,8
2,79,132,102,8
2,80,132,113,8
2,81,132,95,8
2,82,132,94,8
2,83,132,117,8
2,84,132,114,8
2,85,132,106,8
2,86,132,25,8
2,87,132,115,8
2,88,132,93,8
2,89,132,92,8
2,90,132,107,8
2,91,132,101,8
2,92,132,91,8
2,93,132,100,8
2,94,132,116,8
2,95,132,89,8
2,96,132,103,8
2,97,132,112,8
2,98,132,17,8
2,99,132,96,8
2,100,132,118,8
2,101,132,90,8
3,102,132,111,8
3,103,132,110,8
3,104,132,99,8
3,105,132,98,8
3,106,132,104,8
3,107,132,109,8
3,108,132,8,8
3,109,132,105,8
4,110,132,84,8
4,111,132,66,8
4,112,132,23,8
4,113,132,69,8
4,114,132,85,8
4,115,132,77,8
4,116,132,87,8
4,117,132,70,8
4,118,132,72,8
4,119,132,83,8
4,120,132,79,8
4,121,132,82,8
4,122,132,81,8
4,123,132,78,8
4,124,132,76,8
4,125,132,86,8
4,126,132,64,8
4,127,132,71,8
4,128,132,80,8
4,129,132,88,8
4,130,132,48,8
4,131,132,75,8
4,132,132,67,8
4,133,132,73,8
4,134,132,44,8
4,135,132,63,8
4,136,132,74,8
4,137,132,65,8
4,138,132,62,8
4,139,132,68,8
4,140,132,51,8
4,141,132,36,8
4,142,132,54,8
4,143,132,41,8
4,144,132,33,8
4,145,132,61,8
4,146,132,55,8
4,147,132,43,8
4,148,132,46,8
4,149,132,40,8
4,150,132,37,8
4,151,132,60,8
4,152,132,50,8
4,153,132,47,8
4,154,132,53,8
4,155,132,39,8
4,156,132,58,8
4,157,132,35,8
4,158,132,59,8
4,159,132,45,8
4,160,132,42,8
4,161,132,49,8
4,162,132,56,8
4,163,132,38,8
4,164,132,34,8
4,165,132,57,8
4,166,132,52,8
17,1,133,146,126
17,2,133,141,126
17,3,133,155,126
17,4,133,147,126
17,5,133,139,126
17,6,133,134,126
11,7,133,166,126
11,8,133,152,126
11,9,133,138,126
11,10,133,144,126
11,11,133,124,126
11,12,133,122,126
11,13,133,149,126
11,14,133,128,126
11,15,133,129,126
11,16,133,119,126
11,17,133,123,126
11,18,133,161,126
11,19,133,154,126
11,20,133,145,126
11,21,133,125,126
11,22,133,150,126
11,23,133,156,126
11,24,133,142,126
11,25,133,165,126
11,26,133,159,126
11,27,133,158,126
11,28,133,153,126
11,29,133,135,126
11,30,133,137,126
11,31,133,164,126
11,32,133,148,126
11,33,133,151,126
11,34,133,157,126
11,35,133,22,126
11,36,133,127,126
11,37,133,1,126
11,38,133,131,126
11,39,133,136,126
11,40,133,140,126
11,41,133,120,126
11,42,133,21,126
11,43,133,121,126
11,44,133,16,126
11,45,133,32,126
11,46,133,10,126
11,47,133,126,126
6,48,133,19,126
6,49,133,31,126
6,50,133,27,126
6,51,133,163,126
6,52,133,133,126
6,53,133,28,126
6,54,133,9,126
6,55,133,13,126
6,56,133,20,126
6,57,133,30,126
6,58,133,143,126
6,59,133,15,126
6,60,133,26,126
6,61,133,24,126
6,62,133,162,126
6,63,133,5,126
6,64,133,3,126
6,65,133,130,126
6,66,133,18,126
6,67,133,12,126
6,68,133,160,126
6,69,133,108,126
6,70,133,6,126
6,71,133,14,126
6,72,133,29,126
6,73,133,132,126
6,74,133,4,126
6,75,133,2,126
6,76,133,7,126
6,77,133,11,126
2,78,133,97,126
2,79,133,102,126
2,80,133,113,126
2,81,133,95,126
2,82,133,94,126
2,83,133,117,126
2,84,133,114,126
2,85,133,106,126
2,86,133,25,126
2,87,133,115,126
2,88,133,93,126
2,89,133,92,126
2,90,133,107,126
2,91,133,101,126
2,92,133,91,126
2,93,133,100,126
2,94,133,116,126
2,95,133,89,126
2,96,133,103,126
2,97,133,112,126
2,98,133,17,126
2,99,133,96,126
2,100,133,118,126
2,101,133,90,126
3,102,133,111,126
3,103,133,110,126
3,104,133,99,126
3,105,133,98,126
3,106,133,104,126
3,107,133,109,126
3,108,133,8,126
3,109,133,105,126
4,110,133,84,126
4,111,133,66,126
4,112,133,23,126
4,113,133,69,126
4,114,133,85,126
4,115,133,77,126
4,116,133,87,126
4,117,133,70,126
4,118,133,72,126
4,119,133,83,126
4,120,133,79,126
4,121,133,82,126
4,122,133,81,126
4,123,133,78,126
4,124,133,76,126
4,125,133,86,126
4,126,133,64,126
4,127,133,71,126
4,128,133,80,126
4,129,133,88,126
4,130,133,48,126
4,131,133,75,126
4,132,133,67,126
4,133,133,73,126
4,134,133,44,126
4,135,133,63,126
4,136,133,74,126
4,137,133,65,126
4,138,133,62,126
4,139,133,68,126
4,140,133,51,126
4,141,133,36,126
4,142,133,54,126
4,143,133,41,126
4,144,133,33,126
4,145,133,61,126
4,146,133,55,126
4,147,133,43,126
4,148,133,46,126
4,149,133,40,126
4,150,133,37,126
4,151,133,60,126
4,152,133,50,126
4,153,133,47,126
4,154,133,53,126
4,155,133,39,126
4,156,133,58,126
4,157,133,35,126
4,158,133,59,126
4,159,133,45,126
4,160,133,42,126
4,161,133,49,126
4,162,133,56,126
4,163,133,38,126
4,164,133,34,126
4,165,133,57,126
4,166,133,52,126
17,1,134,146,181
17,2,134,141,181
17,3,134,155,181
17,4,134,147,181
17,5,134,139,181
17,6,134,134,181
11,7,134,166,181
11,8,134,152,181
11,9,134,138,181
11,10,134,144,181
11,11,134,124,181
11,12,134,122,181
11,13,134,149,181
11,14,134,128,181
11,15,134,129,181
11,16,134,119,181
11,17,134,123,181
11,18,134,161,181
11,19,134,154,181
11,20,134,145,181
11,21,134,125,181
11,22,134,150,181
11,23,134,156,181
11,24,134,142,181
11,25,134,165,181
11,26,134,159,181
11,27,134,158,181
11,28,134,153,181
11,29,134,135,181
11,30,134,137,181
11,31,134,164,181
11,32,134,148,181
11,33,134,151,181
11,34,134,157,181
11,35,134,22,181
11,36,134,127,181
11,37,134,1,181
11,38,134,131,181
11,39,134,136,181
11,40,134,140,181
11,41,134,120,181
11,42,134,21,181
11,43,134,121,181
11,44,134,16,181
11,45,134,32,181
11,46,134,10,181
11,47,134,126,181
6,48,134,19,181
6,49,134,31,181
6,50,134,27,181
6,51,134,163,181
6,52,134,133,181
6,53,134,28,181
6,54,134,9,181
6,55,134,13,181
6,56,134,20,181
6,57,134,30,181
6,58,134,143,181
6,59,134,15,181
6,60,134,26,181
6,61,134,24,181
6,62,134,162,181
6,63,134,5,181
6,64,134,3,181
6,65,134,130,181
6,66,134,18,181
6,67,134,12,181
6,68,134,160,181
6,69,134,108,181
6,70,134,6,181
6,71,134,14,181
6,72,134,29,181
6,73,134,132,181
6,74,134,4,181
6,75,134,2,181
6,76,134,7,181
6,77,134,11,181
2,78,134,97,181
2,79,134,102,181
2,80,134,113,181
2,81,134,95,181
2,82,134,94,181
2,83,134,117,181
2,84,134,114,181
2,85,134,106,181
2,86,134,25,181
2,87,134,115,181
2,88,134,93,181
2,89,134,92,181
2,90,134,107,181
2,91,134,101,181
2,92,134,91,181
2,93,134,100,181
2,94,134,116,181
2,95,134,89,181
2,96,134,103,181
2,97,134,112,181
2,98,134,17,181
2,99,134,96,181
2,100,134,118,181
2,101,134,90,181
3,102,134,111,181
3,103,134,110,181
3,104,134,99,181
3,105,134,98,181
3,106,134,104,181
3,107,134,109,181
3,108,134,8,181
3,109,134,105,181
4,110,134,84,181
4,111,134,66,181
4,112,134,23,181
4,113,134,69,181
4,114,134,85,181
4,115,134,77,181
4,116,134,87,181
4,117,134,70,181
4,118,134,72,181
4,119,134,83,181
4,120,134,79,181
4,121,134,82,181
4,122,134,81,181
4,123,134,78,181
4,124,134,76,181
4,125,134,86,181
4,126,134,64,181
4,127,134,71,181
4,128,134,80,181
4,129,134,88,181
4,130,134,48,181
4,131,134,75,181
4,132,134,67,181
4,133,134,73,181
4,134,134,44,181
4,135,134,63,181
4,136,134,74,181
4,137,134,65,181
4,138,134,62,181
4,139,134,68,181
4,140,134,51,181
4,141,134,36,181
4,142,134,54,181
4,143,134,41,181
4,144,134,33,181
4,145,134,61,181
4,146,134,55,181
4,147,134,43,181
4,148,134,46,181
4,149,134,40,181
4,150,134,37,181
4,151,134,60,181
4,152,134,50,181
4,153,134,47,181
4,154,134,53,181
4,155,134,39,181
4,156,134,58,181
4,157,134,35,181
4,158,134,59,181
4,159,134,45,181
4,160,134,42,181
4,161,134,49,181
4,162,134,56,181
4,163,134,38,181
4,164,134,34,181
4,165,134,57,181
4,166,134,52,181
17,1,135,146,188
17,2,135,141,188
17,3,135,155,188
17,4,135,147,188
17,5,135,139,188
17,6,135,134,188
11,7,135,166,188
11,8,135,152,188
11,9,135,138,188
11,10,135,144,188
11,11,135,124,188
11,12,135,122,188
11,13,135,149,188
11,14,135,128,188
11,15,135,129,188
11,16,135,119,188
11,17,135,123,188
11,18,135,161,188
11,19,135,154,188
11,20,135,145,188
11,21,135,125,188
11,22,135,150,188
11,23,135,156,188
11,24,135,142,188
11,25,135,165,188
11,26,135,159,188
11,27,135,158,188
11,28,135,153,188
11,29,135,135,188
11,30,135,137,188
11,31,135,164,188
11,32,135,148,188
11,33,135,151,188
11,34,135,157,188
11,35,135,22,188
11,36,135,127,188
11,37,135,1,188
11,38,135,131,188
11,39,135,136,188
11,40,135,140,188
11,41,135,120,188
11,42,135,21,188
11,43,135,121,188
11,44,135,16,188
11,45,135,32,188
11,46,135,10,188
11,47,135,126,188
6,48,135,19,188
6,49,135,31,188
6,50,135,27,188
6,51,135,163,188
6,52,135,133,188
6,53,135,28,188
6,54,135,9,188
6,55,135,13,188
6,56,135,20,188
6,57,135,30,188
6,58,135,143,188
6,59,135,15,188
6,60,135,26,188
6,61,135,24,188
6,62,135,162,188
6,63,135,5,188
6,64,135,3,188
6,65,135,130,188
6,66,135,18,188
6,67,135,12,188
6,68,135,160,188
6,69,135,108,188
6,70,135,6,188
6,71,135,14,188
6,72,135,29,188
6,73,135,132,188
6,74,135,4,188
6,75,135,2,188
6,76,135,7,188
6,77,135,11,188
2,78,135,97,188
2,79,135,102,188
2,80,135,113,188
2,81,135,95,188
2,82,135,94,188
2,83,135,117,188
2,84,135,114,188
2,85,135,106,188
2,86,135,25,188
2,87,135,115,188
2,88,135,93,188
2,89,135,92,188
2,90,135,107,188
2,91,135,101,188
2,92,135,91,188
2,93,135,100,188
2,94,135,116,188
2,95,135,89,188
2,96,135,103,188
2,97,135,112,188
2,98,135,17,188
2,99,135,96,188
2,100,135,118,188
2,101,135,90,188
3,102,135,111,188
3,103,135,110,188
3,104,135,99,188
3,105,135,98,188
3,106,135,104,188
3,107,135,109,188
3,108,135,8,188
3,109,135,105,188
4,110,135,84,188
4,111,135,66,188
4,112,135,23,188
4,113,135,69,188
4,114,135,85,188
4,115,135,77,188
4,116,135,87,188
4,117,135,70,188
4,118,135,72,188
4,119,135,83,188
4,120,135,79,188
4,121,135,82,188
4,122,135,81,188
4,123,135,78,188
4,124,135,76,188
4,125,135,86,188
4,126,135,64,188
4,127,135,71,188
4,128,135,80,188
4,129,135,88,188
4,130,135,48,188
4,131,135,75,188
4,132,135,67,188
4,133,135,73,188
4,134,135,44,188
4,135,135,63,188
4,136,135,74,188
4,137,135,65,188
4,138,135,62,188
4,139,135,68,188
4,140,135,51,188
4,141,135,36,188
4,142,135,54,188
4,143,135,41,188
4,144,135,33,188
4,145,135,61,188
4,146,135,55,188
4,147,135,43,188
4,148,135,46,188
4,149,135,40,188
4,150,135,37,188
4,151,135,60,188
4,152,135,50,188
4,153,135,47,188
4,154,135,53,188
4,155,135,39,188
4,156,135,58,188
4,157,135,35,188
4,158,135,59,188
4,159,135,45,188
4,160,135,42,188
4,161,135,49,188
4,162,135,56,188
4,163,135,38,188
4,164,135,34,188
4,165,135,57,188
4,166,135,52,188
17,1,136,146,248
17,2,136,141,248
17,3,136,155,248
17,4,136,147,248
17,5,136,139,248
17,6,136,134,248
11,7,136,166,248
11,8,136,152,248
11,9,136,138,248
11,10,136,144,248
11,11,136,124,248
11,12,136,122,248
11,13,136,149,248
11,14,136,128,248
11,15,136,129,248
11,16,136,119,248
11,17,136,123,248
11,18,136,161,248
11,19,136,154,248
11,20,136,145,248
11,21,136,125,248
11,22,136,150,248
11,23,136,156,248
11,24,136,142,248
11,25,136,165,248
11,26,136,159,248
11,27,136,158,248
11,28,136,153,248
11,29,136,135,248
11,30,136,137,248
11,31,136,164,248
11,32,136,148,248
11,33,136,151,248
11,34,136,157,248
11,35,136,22,248
11,36,136,127,248
11,37,136,1,248
11,38,136,131,248
11,39,136,136,248
11,40,136,140,248
11,41,136,120,248
11,42,136,21,248
11,43,136,121,248
11,44,136,16,248
11,45,136,32,248
11,46,136,10,248
11,47,136,126,248
6,48,136,19,248
6,49,136,31,248
6,50,136,27,248
6,51,136,163,248
6,52,136,133,248
6,53,136,28,248
6,54,136,9,248
6,55,136,13,248
6,56,136,20,248
6,57,136,30,248
6,58,136,143,248
6,59,136,15,248
6,60,136,26,248
6,61,136,24,248
6,62,136,162,248
6,63,136,5,248
6,64,136,3,248
6,65,136,130,248
6,66,136,18,248
6,67,136,12,248
6,68,136,160,248
6,69,136,108,248
6,70,136,6,248
6,71,136,14,248
6,72,136,29,248
6,73,136,132,248
6,74,136,4,248
6,75,136,2,248
6,76,136,7,248
6,77,136,11,248
2,78,136,97,248
2,79,136,102,248
2,80,136,113,248
2,81,136,95,248
2,82,136,94,248
2,83,136,117,248
2,84,136,114,248
2,85,136,106,248
2,86,136,25,248
2,87,136,115,248
2,88,136,93,248
2,89,136,92,248
2,90,136,107,248
2,91,136,101,248
2,92,136,91,248
2,93,136,100,248
2,94,136,116,248
2,95,136,89,248
2,96,136,103,248
2,97,136,112,248
2,98,136,17,248
2,99,136,96,248
2,100,136,118,248
2,101,136,90,248
3,102,136,111,248
3,103,136,110,248
3,104,136,99,248
3,105,136,98,248
3,106,136,104,248
3,107,136,109,248
3,108,136,8,248
3,109,136,105,248
4,110,136,84,248
4,111,136,66,248
4,112,136,23,248
4,113,136,69,248
4,114,136,85,248
4,115,136,77,248
4,116,136,87,248
4,117,136,70,248
4,118,136,72,248
4,119,136,83,248
4,120,136,79,248
4,121,136,82,248
4,122,136,81,248
4,123,136,78,248
4,124,136,76,248
4,125,136,86,248
4,126,136,64,248
4,127,136,71,248
4,128,136,80,248
4,129,136,88,248
4,130,136,48,248
4,131,136,75,248
4,132,136,67,248
4,133,136,73,248
4,134,136,44,248
4,135,136,63,248
4,136,136,74,248
4,137,136,65,248
4,138,136,62,248
4,139,136,68,248
4,140,136,51,248
4,141,136,36,248
4,142,136,54,248
4,143,136,41,248
4,144,136,33,248
4,145,136,61,248
4,146,136,55,248
4,147,136,43,248
4,148,136,46,248
4,149,136,40,248
4,150,136,37,248
4,151,136,60,248
4,152,136,50,248
4,153,136,47,248
4,154,136,53,248
4,155,136,39,248
4,156,136,58,248
4,157,136,35,248
4,158,136,59,248
4,159,136,45,248
4,160,136,42,248
4,161,136,49,248
4,162,136,56,248
4,163,136,38,248
4,164,136,34,248
4,165,136,57,248
4,166,136,52,248
17,1,137,146,249
17,2,137,141,249
17,3,137,155,249
17,4,137,147,249
17,5,137,139,249
17,6,137,134,249
11,7,137,166,249
11,8,137,152,249
11,9,137,138,249
11,10,137,144,249
11,11,137,124,249
11,12,137,122,249
11,13,137,149,249
11,14,137,128,249
11,15,137,129,249
11,16,137,119,249
11,17,137,123,249
11,18,137,161,249
11,19,137,154,249
11,20,137,145,249
11,21,137,125,249
11,22,137,150,249
11,23,137,156,249
11,24,137,142,249
11,25,137,165,249
11,26,137,159,249
11,27,137,158,249
11,28,137,153,249
11,29,137,135,249
11,30,137,137,249
11,31,137,164,249
11,32,137,148,249
11,33,137,151,249
11,34,137,157,249
11,35,137,22,249
11,36,137,127,249
11,37,137,1,249
11,38,137,131,249
11,39,137,136,249
11,40,137,140,249
11,41,137,120,249
11,42,137,21,249
11,43,137,121,249
11,44,137,16,249
11,45,137,32,249
11,46,137,10,249
11,47,137,126,249
6,48,137,19,249
6,49,137,31,249
6,50,137,27,249
6,51,137,163,249
6,52,137,133,249
6,53,137,28,249
6,54,137,9,249
6,55,137,13,249
6,56,137,20,249
6,57,137,30,249
6,58,137,143,249
6,59,137,15,249
6,60,137,26,249
6,61,137,24,249
6,62,137,162,249
6,63,137,5,249
6,64,137,3,249
6,65,137,130,249
6,66,137,18,249
6,67,137,12,249
6,68,137,160,249
6,69,137,108,249
6,70,137,6,249
6,71,137,14,249
6,72,137,29,249
6,73,137,132,249
6,74,137,4,249
6,75,137,2,249
6,76,137,7,249
6,77,137,11,249
2,78,137,97,249
2,79,137,102,249
2,80,137,113,249
2,81,137,95,249
2,82,137,94,249
2,83,137,117,249
2,84,137,114,249
2,85,137,106,249
2,86,137,25,249
2,87,137,115,249
2,88,137,93,249
2,89,137,92,249
2,90,137,107,249
2,91,137,101,249
2,92,137,91,249
2,93,137,100,249
2,94,137,116,249
2,95,137,89,249
2,96,137,103,249
2,97,137,112,249
2,98,137,17,249
2,99,137,96,249
2,100,137,118,249
2,101,137,90,249
3,102,137,111,249
3,103,137,110,249
3,104,137,99,249
3,105,137,98,249
3,106,137,104,249
3,107,137,109,249
3,108,137,8,249
3,109,137,105,249
4,110,137,84,249
4,111,137,66,249
4,112,137,23,249
4,113,137,69,249
4,114,137,85,249
4,115,137,77,249
4,116,137,87,249
4,117,137,70,249
4,118,137,72,249
4,119,137,83,249
4,120,137,79,249
4,121,137,82,249
4,122,137,81,249
4,123,137,78,249
4,124,137,76,249
4,125,137,86,249
4,126,137,64,249
4,127,137,71,249
4,128,137,80,249
4,129,137,88,249
4,130,137,48,249
4,131,137,75,249
4,132,137,67,249
4,133,137,73,249
4,134,137,44,249
4,135,137,63,249
4,136,137,74,249
4,137,137,65,249
4,138,137,62,249
4,139,137,68,249
4,140,137,51,249
4,141,137,36,249
4,142,137,54,249
4,143,137,41,249
4,144,137,33,249
4,145,137,61,249
4,146,137,55,249
4,147,137,43,249
4,148,137,46,249
4,149,137,40,249
4,150,137,37,249
4,151,137,60,249
4,152,137,50,249
4,153,137,47,249
4,154,137,53,249
4,155,137,39,249
4,156,137,58,249
4,157,137,35,249
4,158,137,59,249
4,159,137,45,249
4,160,137,42,249
4,161,137,49,249
4,162,137,56,249
4,163,137,38,249
4,164,137,34,249
4,165,137,57,249
4,166,137,52,249
17,1,138,146,274
17,2,138,141,274
17,3,138,155,274
17,4,138,147,274
17,5,138,139,274
17,6,138,134,274
11,7,138,166,274
11,8,138,152,274
11,9,138,138,274
11,10,138,144,274
11,11,138,124,274
11,12,138,122,274
11,13,138,149,274
11,14,138,128,274
11,15,138,129,274
11,16,138,119,274
11,17,138,123,274
11,18,138,161,274
11,19,138,154,274
11,20,138,145,274
11,21,138,125,274
11,22,138,150,274
11,23,138,156,274
11,24,138,142,274
11,25,138,165,274
11,26,138,159,274
11,27,138,158,274
11,28,138,153,274
11,29,138,135,274
11,30,138,137,274
11,31,138,164,274
11,32,138,148,274
11,33,138,151,274
11,34,138,157,274
11,35,138,22,274
11,36,138,127,274
11,37,138,1,274
11,38,138,131,274
11,39,138,136,274
11,40,138,140,274
11,41,138,120,274
11,42,138,21,274
11,43,138,121,274
11,44,138,16,274
11,45,138,32,274
11,46,138,10,274
11,47,138,126,274
6,48,138,19,274
6,49,138,31,274
6,50,138,27,274
6,51,138,163,274
6,52,138,133,274
6,53,138,28,274
6,54,138,9,274
6,55,138,13,274
6,56,138,20,274
6,57,138,30,274
6,58,138,143,274
6,59,138,15,274
6,60,138,26,274
6,61,138,24,274
6,62,138,162,274
6,63,138,5,274
6,64,138,3,274
6,65,138,130,274
6,66,138,18,274
6,67,138,12,274
6,68,138,160,274
6,69,138,108,274
6,70,138,6,274
6,71,138,14,274
6,72,138,29,274
6,73,138,132,274
6,74,138,4,274
6,75,138,2,274
6,76,138,7,274
6,77,138,11,274
2,78,138,97,274
2,79,138,102,274
2,80,138,113,274
2,81,138,95,274
2,82,138,94,274
2,83,138,117,274
2,84,138,114,274
2,85,138,106,274
2,86,138,25,274
2,87,138,115,274
2,88,138,93,274
2,89,138,92,274
2,90,138,107,274
2,91,138,101,274
2,92,138,91,274
2,93,138,100,274
2,94,138,116,274
2,95,138,89,274
2,96,138,103,274
2,97,138,112,274
2,98,138,17,274
2,99,138,96,274
2,100,138,118,274
2,101,138,90,274
3,102,138,111,274
3,103,138,110,274
3,104,138,99,274
3,105,138,98,274
3,106,138,104,274
3,107,138,109,274
3,108,138,8,274
3,109,138,105,274
4,110,138,84,274
4,111,138,66,274
4,112,138,23,274
4,113,138,69,274
4,114,138,85,274
4,115,138,77,274
4,116,138,87,274
4,117,138,70,274
4,118,138,72,274
4,119,138,83,274
4,120,138,79,274
4,121,138,82,274
4,122,138,81,274
4,123,138,78,274
4,124,138,76,274
4,125,138,86,274
4,126,138,64,274
4,127,138,71,274
4,128,138,80,274
4,129,138,88,274
4,130,138,48,274
4,131,138,75,274
4,132,138,67,274
4,133,138,73,274
4,134,138,44,274
4,135,138,63,274
4,136,138,74,274
4,137,138,65,274
4,138,138,62,274
4,139,138,68,274
4,140,138,51,274
4,141,138,36,274
4,142,138,54,274
4,143,138,41,274
4,144,138,33,274
4,145,138,61,274
4,146,138,55,274
4,147,138,43,274
4,148,138,46,274
4,149,138,40,274
4,150,138,37,274
4,151,138,60,274
4,152,138,50,274
4,153,138,47,274
4,154,138,53,274
4,155,138,39,274
4,156,138,58,274
4,157,138,35,274
4,158,138,59,274
4,159,138,45,274
4,160,138,42,274
4,161,138,49,274
4,162,138,56,274
4,163,138,38,274
4,164,138,34,274
4,165,138,57,274
4,166,138,52,274
17,1,139,146,251
17,2,139,141,251
17,3,139,155,251
17,4,139,147,251
17,5,139,139,251
17,6,139,134,251
11,7,139,166,251
11,8,139,152,251
11,9,139,138,251
11,10,139,144,251
11,11,139,124,251
11,12,139,122,251
11,13,139,149,251
11,14,139,128,251
11,15,139,129,251
11,16,139,119,251
11,17,139,123,251
11,18,139,161,251
11,19,139,154,251
11,20,139,145,251
11,21,139,125,251
11,22,139,150,251
11,23,139,156,251
11,24,139,142,251
11,25,139,165,251
11,26,139,159,251
11,27,139,158,251
11,28,139,153,251
11,29,139,135,251
11,30,139,137,251
11,31,139,164,251
11,32,139,148,251
11,33,139,151,251
11,34,139,157,251
11,35,139,22,251
11,36,139,127,251
11,37,139,1,251
11,38,139,131,251
11,39,139,136,251
11,40,139,140,251
11,41,139,120,251
11,42,139,21,251
11,43,139,121,251
11,44,139,16,251
11,45,139,32,251
11,46,139,10,251
11,47,139,126,251
6,48,139,19,251
6,49,139,31,251
6,50,139,27,251
6,51,139,163,251
6,52,139,133,251
6,53,139,28,251
6,54,139,9,251
6,55,139,13,251
6,56,139,20,251
6,57,139,30,251
6,58,139,143,251
6,59,139,15,251
6,60,139,26,251
6,61,139,24,251
6,62,139,162,251
6,63,139,5,251
6,64,139,3,251
6,65,139,130,251
6,66,139,18,251
6,67,139,12,251
6,68,139,160,251
6,69,139,108,251
6,70,139,6,251
6,71,139,14,251
6,72,139,29,251
6,73,139,132,251
6,74,139,4,251
6,75,139,2,251
6,76,139,7,251
6,77,139,11,251
2,78,139,97,251
2,79,139,102,251
2,80,139,113,251
2,81,139,95,251
2,82,139,94,251
2,83,139,117,251
2,84,139,114,251
2,85,139,106,251
2,86,139,25,251
2,87,139,115,251
2,88,139,93,251
2,89,139,92,251
2,90,139,107,251
2,91,139,101,251
2,92,139,91,251
2,93,139,100,251
2,94,139,116,251
2,95,139,89,251
2,96,139,103,251
2,97,139,112,251
2,98,139,17,251
2,99,139,96,251
2,100,139,118,251
2,101,139,90,251
3,102,139,111,251
3,103,139,110,251
3,104,139,99,251
3,105,139,98,251
3,106,139,104,251
3,107,139,109,251
3,108,139,8,251
3,109,139,105,251
4,110,139,84,251
4,111,139,66,251
4,112,139,23,251
4,113,139,69,251
4,114,139,85,251
4,115,139,77,251
4,116,139,87,251
4,117,139,70,251
4,118,139,72,251
4,119,139,83,251
4,120,139,79,251
4,121,139,82,251
4,122,139,81,251
4,123,139,78,251
4,124,139,76,251
4,125,139,86,251
4,126,139,64,251
4,127,139,71,251
4,128,139,80,251
4,129,139,88,251
4,130,139,48,251
4,131,139,75,251
4,132,139,67,251
4,133,139,73,251
4,134,139,44,251
4,135,139,63,251
4,136,139,74,251
4,137,139,65,251
4,138,139,62,251
4,139,139,68,251
4,140,139,51,251
4,141,139,36,251
4,142,139,54,251
4,143,139,41,251
4,144,139,33,251
4,145,139,61,251
4,146,139,55,251
4,147,139,43,251
4,148,139,46,251
4,149,139,40,251
4,150,139,37,251
4,151,139,60,251
4,152,139,50,251
4,153,139,47,251
4,154,139,53,251
4,155,139,39,251
4,156,139,58,251
4,157,139,35,251
4,158,139,59,251
4,159,139,45,251
4,160,139,42,251
4,161,139,49,251
4,162,139,56,251
4,163,139,38,251
4,164,139,34,251
4,165,139,57,251
4,166,139,52,251
17,1,140,146,5
17,2,140,141,5
17,3,140,155,5
17,4,140,147,5
17,5,140,139,5
17,6,140,134,5
11,7,140,166,5
11,8,140,152,5
11,9,140,138,5
11,10,140,144,5
11,11,140,124,5
11,12,140,122,5
11,13,140,149,5
11,14,140,128,5
11,15,140,129,5
11,16,140,119,5
11,17,140,123,5
11,18,140,161,5
11,19,140,154,5
11,20,140,145,5
11,21,140,125,5
11,22,140,150,5
11,23,140,156,5
11,24,140,142,5
11,25,140,165,5
11,26,140,159,5
11,27,140,158,5
11,28,140,153,5
11,29,140,135,5
11,30,140,137,5
11,31,140,164,5
11,32,140,148,5
11,33,140,151,5
11,34,140,157,5
11,35,140,22,5
11,36,140,127,5
11,37,140,1,5
11,38,140,131,5
11,39,140,136,5
11,40,140,140,5
11,41,140,120,5
11,42,140,21,5
11,43,140,121,5
11,44,140,16,5
11,45,140,32,5
11,46,140,10,5
11,47,140,126,5
6,48,140,19,5
6,49,140,31,5
6,50,140,27,5
6,51,140,163,5
6,52,140,133,5
6,53,140,28,5
6,54,140,9,5
6,55,140,13,5
6,56,140,20,5
6,57,140,30,5
6,58,140,143,5
6,59,140,15,5
6,60,140,26,5
6,61,140,24,5
6,62,140,162,5
6,63,140,5,5
6,64,140,3,5
6,65,140,130,5
6,66,140,18,5
6,67,140,12,5
6,68,140,160,5
6,69,140,108,5
6,70,140,6,5
6,71,140,14,5
6,72,140,29,5
6,73,140,132,5
6,74,140,4,5
6,75,140,2,5
6,76,140,7,5
6,77,140,11,5
2,78,140,97,5
2,79,140,102,5
2,80,140,113,5
2,81,140,95,5
2,82,140,94,5
2,83,140,117,5
2,84,140,114,5
2,85,140,106,5
2,86,140,25,5
2,87,140,115,5
2,88,140,93,5
2,89,140,92,5
2,90,140,107,5
2,91,140,101,5
2,92,140,91,5
2,93,140,100,5
2,94,140,116,5
2,95,140,89,5
2,96,140,103,5
2,97,140,112,5
2,98,140,17,5
2,99,140,96,5
2,100,140,118,5
2,101,140,90,5
3,102,140,111,5
3,103,140,110,5
3,104,140,99,5
3,105,140,98,5
3,106,140,104,5
3,107,140,109,5
3,108,140,8,5
3,109,140,105,5
4,110,140,84,5
4,111,140,66,5
4,112,140,23,5
4,113,140,69,5
4,114,140,85,5
4,115,140,77,5
4,116,140,87,5
4,117,140,70,5
4,118,140,72,5
4,119,140,83,5
4,120,140,79,5
4,121,140,82,5
4,122,140,81,5
4,123,140,78,5
4,124,140,76,5
4,125,140,86,5
4,126,140,64,5
4,127,140,71,5
4,128,140,80,5
4,129,140,88,5
4,130,140,48,5
4,131,140,75,5
4,132,140,67,5
4,133,140,73,5
4,134,140,44,5
4,135,140,63,5
4,136,140,74,5
4,137,140,65,5
4,138,140,62,5
4,139,140,68,5
4,140,140,51,5
4,141,140,36,5
4,142,140,54,5
4,143,140,41,5
4,144,140,33,5
4,145,140,61,5
4,146,140,55,5
4,147,140,43,5
4,148,140,46,5
4,149,140,40,5
4,150,140,37,5
4,151,140,60,5
4,152,140,50,5
4,153,140,47,5
4,154,140,53,5
4,155,140,39,5
4,156,140,58,5
4,157,140,35,5
4,158,140,59,5
4,159,140,45,5
4,160,140,42,5
4,161,140,49,5
4,162,140,56,5
4,163,140,38,5
4,164,140,34,5
4,165,140,57,5
4,166,140,52,5
17,1,141,146,6
17,2,141,141,6
17,3,141,155,6
17,4,141,147,6
17,5,141,139,6
17,6,141,134,6
11,7,141,166,6
11,8,141,152,6
11,9,141,138,6
11,10,141,144,6
11,11,141,124,6
11,12,141,122,6
11,13,141,149,6
11,14,141,128,6
11,15,141,129,6
11,16,141,119,6
11,17,141,123,6
11,18,141,161,6
11,19,141,154,6
11,20,141,145,6
11,21,141,125,6
11,22,141,150,6
11,23,141,156,6
11,24,141,142,6
11,25,141,165,6
11,26,141,159,6
11,27,141,158,6
11,28,141,153,6
11,29,141,135,6
11,30,141,137,6
11,31,141,164,6
11,32,141,148,6
11,33,141,151,6
11,34,141,157,6
11,35,141,22,6
11,36,141,127,6
11,37,141,1,6
11,38,141,131,6
11,39,141,136,6
11,40,141,140,6
11,41,141,120,6
11,42,141,21,6
11,43,141,121,6
11,44,141,16,6
11,45,141,32,6
11,46,141,10,6
11,47,141,126,6
6,48,141,19,6
6,49,141,31,6
6,50,141,27,6
6,51,141,163,6
6,52,141,133,6
6,53,141,28,6
6,54,141,9,6
6,55,141,13,6
6,56,141,20,6
6,57,141,30,6
6,58,141,143,6
6,59,141,15,6
6,60,141,26,6
6,61,141,24,6
6,62,141,162,6
6,63,141,5,6
6,64,141,3,6
6,65,141,130,6
6,66,141,18,6
6,67,141,12,6
6,68,141,160,6
6,69,141,108,6
6,70,141,6,6
6,71,141,14,6
6,72,141,29,6
6,73,141,132,6
6,74,141,4,6
6,75,141,2,6
6,76,141,7,6
6,77,141,11,6
2,78,141,97,6
2,79,141,102,6
2,80,141,113,6
2,81,141,95,6
2,82,141,94,6
2,83,141,117,6
2,84,141,114,6
2,85,141,106,6
2,86,141,25,6
2,87,141,115,6
2,88,141,93,6
2,89,141,92,6
2,90,141,107,6
2,91,141,101,6
2,92,141,91,6
2,93,141,100,6
2,94,141,116,6
2,95,141,89,6
2,96,141,103,6
2,97,141,112,6
2,98,141,17,6
2,99,141,96,6
2,100,141,118,6
2,101,141,90,6
3,102,141,111,6
3,103,141,110,6
3,104,141,99,6
3,105,141,98,6
3,106,141,104,6
3,107,141,109,6
3,108,141,8,6
3,109,141,105,6
4,110,141,84,6
4,111,141,66,6
4,112,141,23,6
4,113,141,69,6
4,114,141,85,6
4,115,141,77,6
4,116,141,87,6
4,117,141,70,6
4,118,141,72,6
4,119,141,83,6
4,120,141,79,6
4,121,141,82,6
4,122,141,81,6
4,123,141,78,6
4,124,141,76,6
4,125,141,86,6
4,126,141,64,6
4,127,141,71,6
4,128,141,80,6
4,129,141,88,6
4,130,141,48,6
4,131,141,75,6
4,132,141,67,6
4,133,141,73,6
4,134,141,44,6
4,135,141,63,6
4,136,141,74,6
4,137,141,65,6
4,138,141,62,6
4,139,141,68,6
4,140,141,51,6
4,141,141,36,6
4,142,141,54,6
4,143,141,41,6
4,144,141,33,6
4,145,141,61,6
4,146,141,55,6
4,147,141,43,6
4,148,141,46,6
4,149,141,40,6
4,150,141,37,6
4,151,141,60,6
4,152,141,50,6
4,153,141,47,6
4,154,141,53,6
4,155,141,39,6
4,156,141,58,6
4,157,141,35,6
4,158,141,59,6
4,159,141,45,6
4,160,141,42,6
4,161,141,49,6
4,162,141,56,6
4,163,141,38,6
4,164,141,34,6
4,165,141,57,6
4,166,141,52,6
17,1,142,146,129
17,2,142,141,129
17,3,142,155,129
17,4,142,147,129
17,5,142,139,129
17,6,142,134,129
11,7,142,166,129
11,8,142,152,129
11,9,142,138,129
11,10,142,144,129
11,11,142,124,129
11,12,142,122,129
11,13,142,149,129
11,14,142,128,129
11,15,142,129,129
11,16,142,119,129
11,17,142,123,129
11,18,142,161,129
11,19,142,154,129
11,20,142,145,129
11,21,142,125,129
11,22,142,150,129
11,23,142,156,129
11,24,142,142,129
11,25,142,165,129
11,26,142,159,129
11,27,142,158,129
11,28,142,153,129
11,29,142,135,129
11,30,142,137,129
11,31,142,164,129
11,32,142,148,129
11,33,142,151,129
11,34,142,157,129
11,35,142,22,129
11,36,142,127,129
11,37,142,1,129
11,38,142,131,129
11,39,142,136,129
11,40,142,140,129
11,41,142,120,129
11,42,142,21,129
11,43,142,121,129
11,44,142,16,129
11,45,142,32,129
11,46,142,10,129
11,47,142,126,129
6,48,142,19,129
6,49,142,31,129
6,50,142,27,129
6,51,142,163,129
6,52,142,133,129
6,53,142,28,129
6,54,142,9,129
6,55,142,13,129
6,56,142,20,129
6,57,142,30,129
6,58,142,143,129
6,59,142,15,129
6,60,142,26,129
6,61,142,24,129
6,62,142,162,129
6,63,142,5,129
6,64,142,3,129
6,65,142,130,129
6,66,142,18,129
6,67,142,12,129
6,68,142,160,129
6,69,142,108,129
6,70,142,6,129
6,71,142,14,129
6,72,142,29,129
6,73,142,132,129
6,74,142,4,129
6,75,142,2,129
6,76,142,7,129
6,77,142,11,129
2,78,142,97,129
2,79,142,102,129
2,80,142,113,129
2,81,142,95,129
2,82,142,94,129
2,83,142,117,129
2,84,142,114,129
2,85,142,106,129
2,86,142,25,129
2,87,142,115,129
2,88,142,93,129
2,89,142,92,129
2,90,142,107,129
2,91,142,101,129
2,92,142,91,129
2,93,142,100,129
2,94,142,116,129
2,95,142,89,129
2,96,142,103,129
2,97,142,112,129
2,98,142,17,129
2,99,142,96,129
2,100,142,118,129
2,101,142,90,129
3,102,142,111,129
3,103,142,110,129
3,104,142,99,129
3,105,142,98,129
3,106,142,104,129
3,107,142,109,129
3,108,142,8,129
3,109,142,105,129
4,110,142,84,129
4,111,142,66,129
4,112,142,23,129
4,113,142,69,129
4,114,142,85,129
4,115,142,77,129
4,116,142,87,129
4,117,142,70,129
4,118,142,72,129
4,119,142,83,129
4,120,142,79,129
4,121,142,82,129
4,122,142,81,129
4,123,142,78,129
4,124,142,76,129
4,125,142,86,129
4,126,142,64,129
4,127,142,71,129
4,128,142,80,129
4,129,142,88,129
4,130,142,48,129
4,131,142,75,129
4,132,142,67,129
4,133,142,73,129
4,134,142,44,129
4,135,142,63,129
4,136,142,74,129
4,137,142,65,129
4,138,142,62,129
4,139,142,68,129
4,140,142,51,129
4,141,142,36,129
4,142,142,54,129
4,143,142,41,129
4,144,142,33,129
4,145,142,61,129
4,146,142,55,129
4,147,142,43,129
4,148,142,46,129
4,149,142,40,129
4,150,142,37,129
4,151,142,60,129
4,152,142,50,129
4,153,142,47,129
4,154,142,53,129
4,155,142,39,129
4,156,142,58,129
4,157,142,35,129
4,158,142,59,129
4,159,142,45,129
4,160,142,42,129
4,161,142,49,129
4,162,142,56,129
4,163,142,38,129
4,164,142,34,129
4,165,142,57,129
4,166,142,52,129
1,1,143,146,232
1,2,143,141,232
1,3,143,155,232
1,4,143,147,232
1,5,143,139,232
1,6,143,134,232
11,7,143,166,232
11,8,143,152,232
11,9,143,138,232
11,10,143,144,232
11,11,143,124,232
11,12,143,122,232
11,13,143,149,232
11,14,143,128,232
11,15,143,129,232
11,16,143,119,232
11,17,143,123,232
11,18,143,161,232
11,19,143,154,232
11,20,143,145,232
11,21,143,125,232
11,22,143,150,232
11,23,143,156,232
11,24,143,142,232
11,25,143,165,232
11,26,143,159,232
11,27,143,158,232
11,28,143,153,232
11,29,143,135,232
11,30,143,137,232
11,31,143,164,232
11,32,143,148,232
11,33,143,151,232
11,34,143,157,232
11,35,143,22,232
11,36,143,127,232
11,37,143,1,232
11,38,143,131,232
11,39,143,136,232
11,40,143,140,232
11,41,143,120,232
11,42,143,21,232
11,43,143,121,232
11,44,143,16,232
11,45,143,32,232
11,46,143,10,232
11,47,143,126,232
6,48,143,19,232
6,49,143,31,232
6,50,143,27,232
6,51,143,163,232
6,52,143,133,232
6,53,143,28,232
6,54,143,9,232
6,55,143,13,232
6,56,143,20,232
6,57,143,30,232
6,58,143,143,232
6,59,143,15,232
6,60,143,26,232
6,61,143,24,232
6,62,143,162,232
6,63,143,5,232
6,64,143,3,232
6,65,143,130,232
6,66,143,18,232
6,67,143,12,232
6,68,143,160,232
6,69,143,108,232
6,70,143,6,232
6,71,143,14,232
6,72,143,29,232
6,73,143,132,232
6,74,143,4,232
6,75,143,2,232
6,76,143,7,232
6,77,143,11,232
2,78,143,97,232
2,79,143,102,232
2,80,143,113,232
2,81,143,95,232
2,82,143,94,232
2,83,143,117,232
2,84,143,114,232
2,85,143,106,232
2,86,143,25,232
2,87,143,115,232
2,88,143,93,232
2,89,143,92,232
2,90,143,107,232
2,91,143,101,232
2,92,143,91,232
2,93,143,100,232
2,94,143,116,232
2,95,143,89,232
2,96,143,103,232
2,97,143,112,232
2,98,143,17,232
2,99,143,96,232
2,100,143,118,232
2,101,143,90,232
1,102,143,111,232
1,103,143,110,232
1,104,143,99,232
1,105,143,98,232
1,106,143,104,232
1,107,143,109,232
1,108,143,8,232
1,109,143,105,232
1,110,143,84,232
1,111,143,66,232
1,112,143,23,232
1,113,143,69,232
1,114,143,85,232
1,115,143,77,232
1,116,143,87,232
1,117,143,70,232
1,118,143,72,232
1,119,143,83,232
1,120,143,79,232
1,121,143,82,232
1,122,143,81,232
1,123,143,78,232
1,124,143,76,232
1,125,143,86,232
1,126,143,64,232
1,127,143,71,232
1,128,143,80,232
1,129,143,88,232
1,130,143,48,232
1,131,143,75,232
1,132,143,67,232
1,133,143,73,232
1,134,143,44,232
1,135,143,63,232
1,136,143,74,232
1,137,143,65,232
1,138,143,62,232
1,139,143,68,232
1,140,143,51,232
1,141,143,36,232
1,142,143,54,232
1,143,143,41,232
1,144,143,33,232
1,145,143,61,232
1,146,143,55,232
1,147,143,43,232
1,148,143,46,232
1,149,143,40,232
1,150,143,37,232
1,151,143,60,232
1,152,143,50,232
1,153,143,47,232
1,154,143,53,232
1,155,143,39,232
1,156,143,58,232
1,157,143,35,232
1,158,143,59,232
1,159,143,45,232
1,160,143,42,232
1,161,143,49,232
1,162,143,56,232
1,163,143,38,232
1,164,143,34,232
1,165,143,57,232
1,166,143,52,232
1,1,144,146,227
1,2,144,141,227
1,3,144,155,227
1,4,144,147,227
1,5,144,139,227
1,6,144,134,227
11,7,144,166,227
11,8,144,152,227
11,9,144,138,227
11,10,144,144,227
11,11,144,124,227
11,12,144,122,227
11,13,144,149,227
11,14,144,128,227
11,15,144,129,227
11,16,144,119,227
11,17,144,123,227
11,18,144,161,227
11,19,144,154,227
11,20,144,145,227
11,21,144,125,227
11,22,144,150,227
11,23,144,156,227
11,24,144,142,227
11,25,144,165,227
11,26,144,159,227
11,27,144,158,227
11,28,144,153,227
11,29,144,135,227
11,30,144,137,227
11,31,144,164,227
11,32,144,148,227
11,33,144,151,227
11,34,144,157,227
11,35,144,22,227
11,36,144,127,227
11,37,144,1,227
11,38,144,131,227
11,39,144,136,227
11,40,144,140,227
11,41,144,120,227
11,42,144,21,227
11,43,144,121,227
11,44,144,16,227
11,45,144,32,227
11,46,144,10,227
11,47,144,126,227
6,48,144,19,227
6,49,144,31,227
6,50,144,27,227
6,51,144,163,227
6,52,144,133,227
6,53,144,28,227
6,54,144,9,227
6,55,144,13,227
6,56,144,20,227
6,57,144,30,227
6,58,144,143,227
6,59,144,15,227
6,60,144,26,227
6,61,144,24,227
6,62,144,162,227
6,63,144,5,227
6,64,144,3,227
6,65,144,130,227
6,66,144,18,227
6,67,144,12,227
6,68,144,160,227
6,69,144,108,227
6,70,144,6,227
6,71,144,14,227
6,72,144,29,227
6,73,144,132,227
6,74,144,4,227
6,75,144,2,227
6,76,144,7,227
6,77,144,11,227
2,78,144,97,227
2,79,144,102,227
2,80,144,113,227
2,81,144,95,227
2,82,144,94,227
2,83,144,117,227
2,84,144,114,227
2,85,144,106,227
2,86,144,25,227
2,87,144,115,227
2,88,144,93,227
2,89,144,92,227
2,90,144,107,227
2,91,144,101,227
2,92,144,91,227
2,93,144,100,227
2,94,144,116,227
2,95,144,89,227
2,96,144,103,227
2,97,144,112,227
2,98,144,17,227
2,99,144,96,227
2,100,144,118,227
2,101,144,90,227
1,102,144,111,227
1,103,144,110,227
1,104,144,99,227
1,105,144,98,227
1,106,144,104,227
1,107,144,109,227
1,108,144,8,227
1,109,144,105,227
1,110,144,84,227
1,111,144,66,227
1,112,144,23,227
1,113,144,69,227
1,114,144,85,227
1,115,144,77,227
1,116,144,87,227
1,117,144,70,227
1,118,144,72,227
1,119,144,83,227
1,120,144,79,227
1,121,144,82,227
1,122,144,81,227
1,123,144,78,227
1,124,144,76,227
1,125,144,86,227
1,126,144,64,227
1,127,144,71,227
1,128,144,80,227
1,129,144,88,227
1,130,144,48,227
1,131,144,75,227
1,132,144,67,227
1,133,144,73,227
1,134,144,44,227
1,135,144,63,227
1,136,144,74,227
1,137,144,65,227
1,138,144,62,227
1,139,144,68,227
1,140,144,51,227
1,141,144,36,227
1,142,144,54,227
1,143,144,41,227
1,144,144,33,227
1,145,144,61,227
1,146,144,55,227
1,147,144,43,227
1,148,144,46,227
1,149,144,40,227
1,150,144,37,227
1,151,144,60,227
1,152,144,50,227
1,153,144,47,227
1,154,144,53,227
1,155,144,39,227
1,156,144,58,227
1,157,144,35,227
1,158,144,59,227
1,159,144,45,227
1,160,144,42,227
1,161,144,49,227
1,162,144,56,227
1,163,144,38,227
1,164,144,34,227
1,165,144,57,227
1,166,144,52,227
1,1,145,146,147
1,2,145,141,147
1,3,145,155,147
1,4,145,147,147
1,5,145,139,147
1,6,145,134,147
11,7,145,166,147
11,8,145,152,147
11,9,145,138,147
11,10,145,144,147
11,11,145,124,147
11,12,145,122,147
11,13,145,149,147
11,14,145,128,147
11,15,145,129,147
11,16,145,119,147
11,17,145,123,147
11,18,145,161,147
11,19,145,154,147
11,20,145,145,147
11,21,145,125,147
11,22,145,150,147
11,23,145,156,147
11,24,145,142,147
11,25,145,165,147
11,26,145,159,147
11,27,145,158,147
11,28,145,153,147
11,29,145,135,147
11,30,145,137,147
11,31,145,164,147
11,32,145,148,147
11,33,145,151,147
11,34,145,157,147
11,35,145,22,147
11,36,145,127,147
11,37,145,1,147
11,38,145,131,147
11,39,145,136,147
11,40,145,140,147
11,41,145,120,147
11,42,145,21,147
11,43,145,121,147
11,44,145,16,147
11,45,145,32,147
11,46,145,10,147
11,47,145,126,147
6,48,145,19,147
6,49,145,31,147
6,50,145,27,147
6,51,145,163,147
6,52,145,133,147
6,53,145,28,147
6,54,145,9,147
6,55,145,13,147
6,56,145,20,147
6,57,145,30,147
6,58,145,143,147
6,59,145,15,147
6,60,145,26,147
6,61,145,24,147
6,62,145,162,147
6,63,145,5,147
6,64,145,3,147
6,65,145,130,147
6,66,145,18,147
6,67,145,12,147
6,68,145,160,147
6,69,145,108,147
6,70,145,6,147
6,71,145,14,147
6,72,145,29,147
6,73,145,132,147
6,74,145,4,147
6,75,145,2,147
6,76,145,7,147
6,77,145,11,147
2,78,145,97,147
2,79,145,102,147
2,80,145,113,147
2,81,145,95,147
2,82,145,94,147
2,83,145,117,147
2,84,145,114,147
2,85,145,106,147
2,86,145,25,147
2,87,145,115,147
2,88,145,93,147
2,89,145,92,147
2,90,145,107,147
2,91,145,101,147
2,92,145,91,147
2,93,145,100,147
2,94,145,116,147
2,95,145,89,147
2,96,145,103,147
2,97,145,112,147
2,98,145,17,147
2,99,145,96,147
2,100,145,118,147
2,101,145,90,147
1,102,145,111,147
1,103,145,110,147
1,104,145,99,147
1,105,145,98,147
1,106,145,104,147
1,107,145,109,147
1,108,145,8,147
1,109,145,105,147
1,110,145,84,147
1,111,145,66,147
1,112,145,23,147
1,113,145,69,147
1,114,145,85,147
1,115,145,77,147
1,116,145,87,147
1,117,145,70,147
1,118,145,72,147
1,119,145,83,147
1,120,145,79,147
1,121,145,82,147
1,122,145,81,147
1,123,145,78,147
1,124,145,76,147
1,125,145,86,147
1,126,145,64,147
1,127,145,71,147
1,128,145,80,147
1,129,145,88,147
1,130,145,48,147
1,131,145,75,147
1,132,145,67,147
1,133,145,73,147
1,134,145,44,147
1,135,145,63,147
1,136,145,74,147
1,137,145,65,147
1,138,145,62,147
1,139,145,68,147
1,140,145,51,147
1,141,145,36,147
1,142,145,54,147
1,143,145,41,147
1,144,145,33,147
1,145,145,61,147
1,146,145,55,147
1,147,145,43,147
1,148,145,46,147
1,149,145,40,147
1,150,145,37,147
1,151,145,60,147
1,152,145,50,147
1,153,145,47,147
1,154,145,53,147
1,155,145,39,147
1,156,145,58,147
1,157,145,35,147
1,158,145,59,147
1,159,145,45,147
1,160,145,42,147
1,161,145,49,147
1,162,145,56,147
1,163,145,38,147
1,164,145,34,147
1,165,145,57,147
1,166,145,52,147
1,1,146,146,9
1,2,146,141,9
1,3,146,155,9
1,4,146,147,9
1,5,146,139,9
1,6,146,134,9
11,7,146,166,9
11,8,146,152,9
11,9,146,138,9
11,10,146,144,9
11,11,146,124,9
11,12,146,122,9
11,13,146,149,9
11,14,146,128,9
11,15,146,129,9
11,16,146,119,9
11,17,146,123,9
11,18,146,161,9
11,19,146,154,9
11,20,146,145,9
11,21,146,125,9
11,22,146,150,9
11,23,146,156,9
11,24,146,142,9
11,25,146,165,9
11,26,146,159,9
11,27,146,158,9
11,28,146,153,9
11,29,146,135,9
11,30,146,137,9
11,31,146,164,9
11,32,146,148,9
11,33,146,151,9
11,34,146,157,9
11,35,146,22,9
11,36,146,127,9
11,37,146,1,9
11,38,146,131,9
11,39,146,136,9
11,40,146,140,9
11,41,146,120,9
11,42,146,21,9
11,43,146,121,9
11,44,146,16,9
11,45,146,32,9
11,46,146,10,9
11,47,146,126,9
6,48,146,19,9
6,49,146,31,9
6,50,146,27,9
6,51,146,163,9
6,52,146,133,9
6,53,146,28,9
6,54,146,9,9
6,55,146,13,9
6,56,146,20,9
6,57,146,30,9
6,58,146,143,9
6,59,146,15,9
6,60,146,26,9
6,61,146,24,9
6,62,146,162,9
6,63,146,5,9
6,64,146,3,9
6,65,146,130,9
6,66,146,18,9
6,67,146,12,9
6,68,146,160,9
6,69,146,108,9
6,70,146,6,9
6,71,146,14,9
6,72,146,29,9
6,73,146,132,9
6,74,146,4,9
6,75,146,2,9
6,76,146,7,9
6,77,146,11,9
2,78,146,97,9
2,79,146,102,9
2,80,146,113,9
2,81,146,95,9
2,82,146,94,9
2,83,146,117,9
2,84,146,114,9
2,85,146,106,9
2,86,146,25,9
2,87,146,115,9
2,88,146,93,9
2,89,146,92,9
2,90,146,107,9
2,91,146,101,9
2,92,146,91,9
2,93,146,100,9
2,94,146,116,9
2,95,146,89,9
2,96,146,103,9
2,97,146,112,9
2,98,146,17,9
2,99,146,96,9
2,100,146,118,9
2,101,146,90,9
1,102,146,111,9
1,103,146,110,9
1,104,146,99,9
1,105,146,98,9
1,106,146,104,9
1,107,146,109,9
1,108,146,8,9
1,109,146,105,9
1,110,146,84,9
1,111,146,66,9
1,112,146,23,9
1,113,146,69,9
1,114,146,85,9
1,115,146,77,9
1,116,146,87,9
1,117,146,70,9
1,118,146,72,9
1,119,146,83,9
1,120,146,79,9
1,121,146,82,9
1,122,146,81,9
1,123,146,78,9
1,124,146,76,9
1,125,146,86,9
1,126,146,64,9
1,127,146,71,9
1,128,146,80,9
1,129,146,88,9
1,130,146,48,9
1,131,146,75,9
1,132,146,67,9
1,133,146,73,9
1,134,146,44,9
1,135,146,63,9
1,136,146,74,9
1,137,146,65,9
1,138,146,62,9
1,139,146,68,9
1,140,146,51,9
1,141,146,36,9
1,142,146,54,9
1,143,146,41,9
1,144,146,33,9
1,145,146,61,9
1,146,146,55,9
1,147,146,43,9
1,148,146,46,9
1,149,146,40,9
1,150,146,37,9
1,151,146,60,9
1,152,146,50,9
1,153,146,47,9
1,154,146,53,9
1,155,146,39,9
1,156,146,58,9
1,157,146,35,9
1,158,146,59,9
1,159,146,45,9
1,160,146,42,9
1,161,146,49,9
1,162,146,56,9
1,163,146,38,9
1,164,146,34,9
1,165,146,57,9
1,166,146,52,9
1,1,147,146,268
1,2,147,141,268
1,3,147,155,268
1,4,147,147,268
1,5,147,139,268
1,6,147,134,268
11,7,147,166,268
11,8,147,152,268
11,9,147,138,268
11,10,147,144,268
11,11,147,124,268
11,12,147,122,268
11,13,147,149,268
11,14,147,128,268
11,15,147,129,268
11,16,147,119,268
11,17,147,123,268
11,18,147,161,268
11,19,147,154,268
11,20,147,145,268
11,21,147,125,268
11,22,147,150,268
11,23,147,156,268
11,24,147,142,268
11,25,147,165,268
11,26,147,159,268
11,27,147,158,268
11,28,147,153,268
11,29,147,135,268
11,30,147,137,268
11,31,147,164,268
11,32,147,148,268
11,33,147,151,268
11,34,147,157,268
11,35,147,22,268
11,36,147,127,268
11,37,147,1,268
11,38,147,131,268
11,39,147,136,268
11,40,147,140,268
11,41,147,120,268
11,42,147,21,268
11,43,147,121,268
11,44,147,16,268
11,45,147,32,268
11,46,147,10,268
11,47,147,126,268
6,48,147,19,268
6,49,147,31,268
6,50,147,27,268
6,51,147,163,268
6,52,147,133,268
6,53,147,28,268
6,54,147,9,268
6,55,147,13,268
6,56,147,20,268
6,57,147,30,268
6,58,147,143,268
6,59,147,15,268
6,60,147,26,268
6,61,147,24,268
6,62,147,162,268
6,63,147,5,268
6,64,147,3,268
6,65,147,130,268
6,66,147,18,268
6,67,147,12,268
6,68,147,160,268
6,69,147,108,268
6,70,147,6,268
6,71,147,14,268
6,72,147,29,268
6,73,147,132,268
6,74,147,4,268
6,75,147,2,268
6,76,147,7,268
6,77,147,11,268
2,78,147,97,268
2,79,147,102,268
2,80,147,113,268
2,81,147,95,268
2,82,147,94,268
2,83,147,117,268
2,84,147,114,268
2,85,147,106,268
2,86,147,25,268
2,87,147,115,268
2,88,147,93,268
2,89,147,92,268
2,90,147,107,268
2,91,147,101,268
2,92,147,91,268
2,93,147,100,268
2,94,147,116,268
2,95,147,89,268
2,96,147,103,268
2,97,147,112,268
2,98,147,17,268
2,99,147,96,268
2,100,147,118,268
2,101,147,90,268
1,102,147,111,268
1,103,147,110,268
1,104,147,99,268
1,105,147,98,268
1,106,147,104,268
1,107,147,109,268
1,108,147,8,268
1,109,147,105,268
1,110,147,84,268
1,111,147,66,268
1,112,147,23,268
1,113,147,69,268
1,114,147,85,268
1,115,147,77,268
1,116,147,87,268
1,117,147,70,268
1,118,147,72,268
1,119,147,83,268
1,120,147,79,268
1,121,147,82,268
1,122,147,81,268
1,123,147,78,268
1,124,147,76,268
1,125,147,86,268
1,126,147,64,268
1,127,147,71,268
1,128,147,80,268
1,129,147,88,268
1,130,147,48,268
1,131,147,75,268
1,132,147,67,268
1,133,147,73,268
1,134,147,44,268
1,135,147,63,268
1,136,147,74,268
1,137,147,65,268
1,138,147,62,268
1,139,147,68,268
1,140,147,51,268
1,141,147,36,268
1,142,147,54,268
1,143,147,41,268
1,144,147,33,268
1,145,147,61,268
1,146,147,55,268
1,147,147,43,268
1,148,147,46,268
1,149,147,40,268
1,150,147,37,268
1,151,147,60,268
1,152,147,50,268
1,153,147,47,268
1,154,147,53,268
1,155,147,39,268
1,156,147,58,268
1,157,147,35,268
1,158,147,59,268
1,159,147,45,268
1,160,147,42,268
1,161,147,49,268
1,162,147,56,268
1,163,147,38,268
1,164,147,34,268
1,165,147,57,268
1,166,147,52,268
1,1,148,146,228
1,2,148,141,228
1,3,148,155,228
1,4,148,147,228
1,5,148,139,228
1,6,148,134,228
11,7,148,166,228
11,8,148,152,228
11,9,148,138,228
11,10,148,144,228
11,11,148,124,228
11,12,148,122,228
11,13,148,149,228
11,14,148,128,228
11,15,148,129,228
11,16,148,119,228
11,17,148,123,228
11,18,148,161,228
11,19,148,154,228
11,20,148,145,228
11,21,148,125,228
11,22,148,150,228
11,23,148,156,228
11,24,148,142,228
11,25,148,165,228
11,26,148,159,228
11,27,148,158,228
11,28,148,153,228
11,29,148,135,228
11,30,148,137,228
11,31,148,164,228
11,32,148,148,228
11,33,148,151,228
11,34,148,157,228
11,35,148,22,228
11,36,148,127,228
11,37,148,1,228
11,38,148,131,228
11,39,148,136,228
11,40,148,140,228
11,41,148,120,228
11,42,148,21,228
11,43,148,121,228
11,44,148,16,228
11,45,148,32,228
11,46,148,10,228
11,47,148,126,228
6,48,148,19,228
6,49,148,31,228
6,50,148,27,228
6,51,148,163,228
6,52,148,133,228
6,53,148,28,228
6,54,148,9,228
6,55,148,13,228
6,56,148,20,228
6,57,148,30,228
6,58,148,143,228
6,59,148,15,228
6,60,148,26,228
6,61,148,24,228
6,62,148,162,228
6,63,148,5,228
6,64,148,3,228
6,65,148,130,228
6,66,148,18,228
6,67,148,12,228
6,68,148,160,228
6,69,148,108,228
6,70,148,6,228
6,71,148,14,228
6,72,148,29,228
6,73,148,132,228
6,74,148,4,228
6,75,148,2,228
6,76,148,7,228
6,77,148,11,228
2,78,148,97,228
2,79,148,102,228
2,80,148,113,228
2,81,148,95,228
2,82,148,94,228
2,83,148,117,228
2,84,148,114,228
2,85,148,106,228
2,86,148,25,228
2,87,148,115,228
2,88,148,93,228
2,89,148,92,228
2,90,148,107,228
2,91,148,101,228
2,92,148,91,228
2,93,148,100,228
2,94,148,116,228
2,95,148,89,228
2,96,148,103,228
2,97,148,112,228
2,98,148,17,228
2,99,148,96,228
2,100,148,118,228
2,101,148,90,228
1,102,148,111,228
1,103,148,110,228
1,104,148,99,228
1,105,148,98,228
1,106,148,104,228
1,107,148,109,228
1,108,148,8,228
1,109,148,105,228
1,110,148,84,228
1,111,148,66,228
1,112,148,23,228
1,113,148,69,228
1,114,148,85,228
1,115,148,77,228
1,116,148,87,228
1,117,148,70,228
1,118,148,72,228
1,119,148,83,228
1,120,148,79,228
1,121,148,82,228
1,122,148,81,228
1,123,148,78,228
1,124,148,76,228
1,125,148,86,228
1,126,148,64,228
1,127,148,71,228
1,128,148,80,228
1,129,148,88,228
1,130,148,48,228
1,131,148,75,228
1,132,148,67,228
1,133,148,73,228
1,134,148,44,228
1,135,148,63,228
1,136,148,74,228
1,137,148,65,228
1,138,148,62,228
1,139,148,68,228
1,140,148,51,228
1,141,148,36,228
1,142,148,54,228
1,143,148,41,228
1,144,148,33,228
1,145,148,61,228
1,146,148,55,228
1,147,148,43,228
1,148,148,46,228
1,149,148,40,228
1,150,148,37,228
1,151,148,60,228
1,152,148,50,228
1,153,148,47,228
1,154,148,53,228
1,155,148,39,228
1,156,148,58,228
1,157,148,35,228
1,158,148,59,228
1,159,148,45,228
1,160,148,42,228
1,161,148,49,228
1,162,148,56,228
1,163,148,38,228
1,164,148,34,228
1,165,148,57,228
1,166,148,52,228
1,1,149,146,246
1,2,149,141,246
1,3,149,155,246
1,4,149,147,246
1,5,149,139,246
1,6,149,134,246
11,7,149,166,246
11,8,149,152,246
11,9,149,138,246
11,10,149,144,246
11,11,149,124,246
11,12,149,122,246
11,13,149,149,246
11,14,149,128,246
11,15,149,129,246
11,16,149,119,246
11,17,149,123,246
11,18,149,161,246
11,19,149,154,246
11,20,149,145,246
11,21,149,125,246
11,22,149,150,246
11,23,149,156,246
11,24,149,142,246
11,25,149,165,246
11,26,149,159,246
11,27,149,158,246
11,28,149,153,246
11,29,149,135,246
11,30,149,137,246
11,31,149,164,246
11,32,149,148,246
11,33,149,151,246
11,34,149,157,246
11,35,149,22,246
11,36,149,127,246
11,37,149,1,246
11,38,149,131,246
11,39,149,136,246
11,40,149,140,246
11,41,149,120,246
11,42,149,21,246
11,43,149,121,246
11,44,149,16,246
11,45,149,32,246
11,46,149,10,246
11,47,149,126,246
6,48,149,19,246
6,49,149,31,246
6,50,149,27,246
6,51,149,163,246
6,52,149,133,246
6,53,149,28,246
6,54,149,9,246
6,55,149,13,246
6,56,149,20,246
6,57,149,30,246
6,58,149,143,246
6,59,149,15,246
6,60,149,26,246
6,61,149,24,246
6,62,149,162,246
6,63,149,5,246
6,64,149,3,246
6,65,149,130,246
6,66,149,18,246
6,67,149,12,246
6,68,149,160,246
6,69,149,108,246
6,70,149,6,246
6,71,149,14,246
6,72,149,29,246
6,73,149,132,246
6,74,149,4,246
6,75,149,2,246
6,76,149,7,246
6,77,149,11,246
2,78,149,97,246
2,79,149,102,246
2,80,149,113,246
2,81,149,95,246
2,82,149,94,246
2,83,149,117,246
2,84,149,114,246
2,85,149,106,246
2,86,149,25,246
2,87,149,115,246
2,88,149,93,246
2,89,149,92,246
2,90,149,107,246
2,91,149,101,246
2,92,149,91,246
2,93,149,100,246
2,94,149,116,246
2,95,149,89,246
2,96,149,103,246
2,97,149,112,246
2,98,149,17,246
2,99,149,96,246
2,100,149,118,246
2,101,149,90,246
1,102,149,111,246
1,103,149,110,246
1,104,149,99,246
1,105,149,98,246
1,106,149,104,246
1,107,149,109,246
1,108,149,8,246
1,109,149,105,246
1,110,149,84,246
1,111,149,66,246
1,112,149,23,246
1,113,149,69,246
1,114,149,85,246
1,115,149,77,246
1,116,149,87,246
1,117,149,70,246
1,118,149,72,246
1,119,149,83,246
1,120,149,79,246
1,121,149,82,246
1,122,149,81,246
1,123,149,78,246
1,124,149,76,246
1,125,149,86,246
1,126,149,64,246
1,127,149,71,246
1,128,149,80,246
1,129,149,88,246
1,130,149,48,246
1,131,149,75,246
1,132,149,67,246
1,133,149,73,246
1,134,149,44,246
1,135,149,63,246
1,136,149,74,246
1,137,149,65,246
1,138,149,62,246
1,139,149,68,246
1,140,149,51,246
1,141,149,36,246
1,142,149,54,246
1,143,149,41,246
1,144,149,33,246
1,145,149,61,246
1,146,149,55,246
1,147,149,43,246
1,148,149,46,246
1,149,149,40,246
1,150,149,37,246
1,151,149,60,246
1,152,149,50,246
1,153,149,47,246
1,154,149,53,246
1,155,149,39,246
1,156,149,58,246
1,157,149,35,246
1,158,149,59,246
1,159,149,45,246
1,160,149,42,246
1,161,149,49,246
1,162,149,56,246
1,163,149,38,246
1,164,149,34,246
1,165,149,57,246
1,166,149,52,246
1,1,150,146,146
1,2,150,141,146
1,3,150,155,146
1,4,150,147,146
1,5,150,139,146
1,6,150,134,146
11,7,150,166,146
11,8,150,152,146
11,9,150,138,146
11,10,150,144,146
11,11,150,124,146
11,12,150,122,146
11,13,150,149,146
11,14,150,128,146
11,15,150,129,146
11,16,150,119,146
11,17,150,123,146
11,18,150,161,146
11,19,150,154,146
11,20,150,145,146
11,21,150,125,146
11,22,150,150,146
11,23,150,156,146
11,24,150,142,146
11,25,150,165,146
11,26,150,159,146
11,27,150,158,146
11,28,150,153,146
11,29,150,135,146
11,30,150,137,146
11,31,150,164,146
11,32,150,148,146
11,33,150,151,146
11,34,150,157,146
11,35,150,22,146
11,36,150,127,146
11,37,150,1,146
11,38,150,131,146
11,39,150,136,146
11,40,150,140,146
11,41,150,120,146
11,42,150,21,146
11,43,150,121,146
11,44,150,16,146
11,45,150,32,146
11,46,150,10,146
11,47,150,126,146
6,48,150,19,146
6,49,150,31,146
6,50,150,27,146
6,51,150,163,146
6,52,150,133,146
6,53,150,28,146
6,54,150,9,146
6,55,150,13,146
6,56,150,20,146
6,57,150,30,146
6,58,150,143,146
6,59,150,15,146
6,60,150,26,146
6,61,150,24,146
6,62,150,162,146
6,63,150,5,146
6,64,150,3,146
6,65,150,130,146
6,66,150,18,146
6,67,150,12,146
6,68,150,160,146
6,69,150,108,146
6,70,150,6,146
6,71,150,14,146
6,72,150,29,146
6,73,150,132,146
6,74,150,4,146
6,75,150,2,146
6,76,150,7,146
6,77,150,11,146
2,78,150,97,146
2,79,150,102,146
2,80,150,113,146
2,81,150,95,146
2,82,150,94,146
2,83,150,117,146
2,84,150,114,146
2,85,150,106,146
2,86,150,25,146
2,87,150,115,146
2,88,150,93,146
2,89,150,92,146
2,90,150,107,146
2,91,150,101,146
2,92,150,91,146
2,93,150,100,146
2,94,150,116,146
2,95,150,89,146
2,96,150,103,146
2,97,150,112,146
2,98,150,17,146
2,99,150,96,146
2,100,150,118,146
2,101,150,90,146
1,102,150,111,146
1,103,150,110,146
1,104,150,99,146
1,105,150,98,146
1,106,150,104,146
1,107,150,109,146
1,108,150,8,146
1,109,150,105,146
1,110,150,84,146
1,111,150,66,146
1,112,150,23,146
1,113,150,69,146
1,114,150,85,146
1,115,150,77,146
1,116,150,87,146
1,117,150,70,146
1,118,150,72,146
1,119,150,83,146
1,120,150,79,146
1,121,150,82,146
1,122,150,81,146
1,123,150,78,146
1,124,150,76,146
1,125,150,86,146
1,126,150,64,146
1,127,150,71,146
1,128,150,80,146
1,129,150,88,146
1,130,150,48,146
1,131,150,75,146
1,132,150,67,146
1,133,150,73,146
1,134,150,44,146
1,135,150,63,146
1,136,150,74,146
1,137,150,65,146
1,138,150,62,146
1,139,150,68,146
1,140,150,51,146
1,141,150,36,146
1,142,150,54,146
1,143,150,41,146
1,144,150,33,146
1,145,150,61,146
1,146,150,55,146
1,147,150,43,146
1,148,150,46,146
1,149,150,40,146
1,150,150,37,146
1,151,150,60,146
1,152,150,50,146
1,153,150,47,146
1,154,150,53,146
1,155,150,39,146
1,156,150,58,146
1,157,150,35,146
1,158,150,59,146
1,159,150,45,146
1,160,150,42,146
1,161,150,49,146
1,162,150,56,146
1,163,150,38,146
1,164,150,34,146
1,165,150,57,146
1,166,150,52,146
1,1,151,146,273
1,2,151,141,273
1,3,151,155,273
1,4,151,147,273
1,5,151,139,273
1,6,151,134,273
11,7,151,166,273
11,8,151,152,273
11,9,151,138,273
11,10,151,144,273
11,11,151,124,273
11,12,151,122,273
11,13,151,149,273
11,14,151,128,273
11,15,151,129,273
11,16,151,119,273
11,17,151,123,273
11,18,151,161,273
11,19,151,154,273
11,20,151,145,273
11,21,151,125,273
11,22,151,150,273
11,23,151,156,273
11,24,151,142,273
11,25,151,165,273
11,26,151,159,273
11,27,151,158,273
11,28,151,153,273
11,29,151,135,273
11,30,151,137,273
11,31,151,164,273
11,32,151,148,273
11,33,151,151,273
11,34,151,157,273
11,35,151,22,273
11,36,151,127,273
11,37,151,1,273
11,38,151,131,273
11,39,151,136,273
11,40,151,140,273
11,41,151,120,273
11,42,151,21,273
11,43,151,121,273
11,44,151,16,273
11,45,151,32,273
11,46,151,10,273
11,47,151,126,273
6,48,151,19,273
6,49,151,31,273
6,50,151,27,273
6,51,151,163,273
6,52,151,133,273
6,53,151,28,273
6,54,151,9,273
6,55,151,13,273
6,56,151,20,273
6,57,151,30,273
6,58,151,143,273
6,59,151,15,273
6,60,151,26,273
6,61,151,24,273
6,62,151,162,273
6,63,151,5,273
6,64,151,3,273
6,65,151,130,273
6,66,151,18,273
6,67,151,12,273
6,68,151,160,273
6,69,151,108,273
6,70,151,6,273
6,71,151,14,273
6,72,151,29,273
6,73,151,132,273
6,74,151,4,273
6,75,151,2,273
6,76,151,7,273
6,77,151,11,273
2,78,151,97,273
2,79,151,102,273
2,80,151,113,273
2,81,151,95,273
2,82,151,94,273
2,83,151,117,273
2,84,151,114,273
2,85,151,106,273
2,86,151,25,273
2,87,151,115,273
2,88,151,93,273
2,89,151,92,273
2,90,151,107,273
2,91,151,101,273
2,92,151,91,273
2,93,151,100,273
2,94,151,116,273
2,95,151,89,273
2,96,151,103,273
2,97,151,112,273
2,98,151,17,273
2,99,151,96,273
2,100,151,118,273
2,101,151,90,273
1,102,151,111,273
1,103,151,110,273
1,104,151,99,273
1,105,151,98,273
1,106,151,104,273
1,107,151,109,273
1,108,151,8,273
1,109,151,105,273
1,110,151,84,273
1,111,151,66,273
1,112,151,23,273
1,113,151,69,273
1,114,151,85,273
1,115,151,77,273
1,116,151,87,273
1,117,151,70,273
1,118,151,72,273
1,119,151,83,273
1,120,151,79,273
1,121,151,82,273
1,122,151,81,273
1,123,151,78,273
1,124,151,76,273
1,125,151,86,273
1,126,151,64,273
1,127,151,71,273
1,128,151,80,273
1,129,151,88,273
1,130,151,48,273
1,131,151,75,273
1,132,151,67,273
1,133,151,73,273
1,134,151,44,273
1,135,151,63,273
1,136,151,74,273
1,137,151,65,273
1,138,151,62,273
1,139,151,68,273
1,140,151,51,273
1,141,151,36,273
1,142,151,54,273
1,143,151,41,273
1,144,151,33,273
1,145,151,61,273
1,146,151,55,273
1,147,151,43,273
1,148,151,46,273
1,149,151,40,273
1,150,151,37,273
1,151,151,60,273
1,152,151,50,273
1,153,151,47,273
1,154,151,53,273
1,155,151,39,273
1,156,151,58,273
1,157,151,35,273
1,158,151,59,273
1,159,151,45,273
1,160,151,42,273
1,161,151,49,273
1,162,151,56,273
1,163,151,38,273
1,164,151,34,273
1,165,151,57,273
1,166,151,52,273
1,1,152,146,10
1,2,152,141,10
1,3,152,155,10
1,4,152,147,10
1,5,152,139,10
1,6,152,134,10
11,7,152,166,10
11,8,152,152,10
11,9,152,138,10
11,10,152,144,10
11,11,152,124,10
11,12,152,122,10
11,13,152,149,10
11,14,152,128,10
11,15,152,129,10
11,16,152,119,10
11,17,152,123,10
11,18,152,161,10
11,19,152,154,10
11,20,152,145,10
11,21,152,125,10
11,22,152,150,10
11,23,152,156,10
11,24,152,142,10
11,25,152,165,10
11,26,152,159,10
11,27,152,158,10
11,28,152,153,10
11,29,152,135,10
11,30,152,137,10
11,31,152,164,10
11,32,152,148,10
11,33,152,151,10
11,34,152,157,10
11,35,152,22,10
11,36,152,127,10
11,37,152,1,10
11,38,152,131,10
11,39,152,136,10
11,40,152,140,10
11,41,152,120,10
11,42,152,21,10
11,43,152,121,10
11,44,152,16,10
11,45,152,32,10
11,46,152,10,10
11,47,152,126,10
6,48,152,19,10
6,49,152,31,10
6,50,152,27,10
6,51,152,163,10
6,52,152,133,10
6,53,152,28,10
6,54,152,9,10
6,55,152,13,10
6,56,152,20,10
6,57,152,30,10
6,58,152,143,10
6,59,152,15,10
6,60,152,26,10
6,61,152,24,10
6,62,152,162,10
6,63,152,5,10
6,64,152,3,10
6,65,152,130,10
6,66,152,18,10
6,67,152,12,10
6,68,152,160,10
6,69,152,108,10
6,70,152,6,10
6,71,152,14,10
6,72,152,29,10
6,73,152,132,10
6,74,152,4,10
6,75,152,2,10
6,76,152,7,10
6,77,152,11,10
2,78,152,97,10
2,79,152,102,10
2,80,152,113,10
2,81,152,95,10
2,82,152,94,10
2,83,152,117,10
2,84,152,114,10
2,85,152,106,10
2,86,152,25,10
2,87,152,115,10
2,88,152,93,10
2,89,152,92,10
2,90,152,107,10
2,91,152,101,10
2,92,152,91,10
2,93,152,100,10
2,94,152,116,10
2,95,152,89,10
2,96,152,103,10
2,97,152,112,10
2,98,152,17,10
2,99,152,96,10
2,100,152,118,10
2,101,152,90,10
1,102,152,111,10
1,103,152,110,10
1,104,152,99,10
1,105,152,98,10
1,106,152,104,10
1,107,152,109,10
1,108,152,8,10
1,109,152,105,10
1,110,152,84,10
1,111,152,66,10
1,112,152,23,10
1,113,152,69,10
1,114,152,85,10
1,115,152,77,10
1,116,152,87,10
1,117,152,70,10
1,118,152,72,10
1,119,152,83,10
1,120,152,79,10
1,121,152,82,10
1,122,152,81,10
1,123,152,78,10
1,124,152,76,10
1,125,152,86,10
1,126,152,64,10
1,127,152,71,10
1,128,152,80,10
1,129,152,88,10
1,130,152,48,10
1,131,152,75,10
1,132,152,67,10
1,133,152,73,10
1,134,152,44,10
1,135,152,63,10
1,136,152,74,10
1,137,152,65,10
1,138,152,62,10
1,139,152,68,10
1,140,152,51,10
1,141,152,36,10
1,142,152,54,10
1,143,152,41,10
1,144,152,33,10
1,145,152,61,10
1,146,152,55,10
1,147,152,43,10
1,148,152,46,10
1,149,152,40,10
1,150,152,37,10
1,151,152,60,10
1,152,152,50,10
1,153,152,47,10
1,154,152,53,10
1,155,152,39,10
1,156,152,58,10
1,157,152,35,10
1,158,152,59,10
1,159,152,45,10
1,160,152,42,10
1,161,152,49,10
1,162,152,56,10
1,163,152,38,10
1,164,152,34,10
1,165,152,57,10
1,166,152,52,10
1,1,153,146,212
1,2,153,141,212
1,3,153,155,212
1,4,153,147,212
1,5,153,139,212
1,6,153,134,212
11,7,153,166,212
11,8,153,152,212
11,9,153,138,212
11,10,153,144,212
11,11,153,124,212
11,12,153,122,212
11,13,153,149,212
11,14,153,128,212
11,15,153,129,212
11,16,153,119,212
11,17,153,123,212
11,18,153,161,212
11,19,153,154,212
11,20,153,145,212
11,21,153,125,212
11,22,153,150,212
11,23,153,156,212
11,24,153,142,212
11,25,153,165,212
11,26,153,159,212
11,27,153,158,212
11,28,153,153,212
11,29,153,135,212
11,30,153,137,212
11,31,153,164,212
11,32,153,148,212
11,33,153,151,212
11,34,153,157,212
11,35,153,22,212
11,36,153,127,212
11,37,153,1,212
11,38,153,131,212
11,39,153,136,212
11,40,153,140,212
11,41,153,120,212
11,42,153,21,212
11,43,153,121,212
11,44,153,16,212
11,45,153,32,212
11,46,153,10,212
11,47,153,126,212
6,48,153,19,212
6,49,153,31,212
6,50,153,27,212
6,51,153,163,212
6,52,153,133,212
6,53,153,28,212
6,54,153,9,212
6,55,153,13,212
6,56,153,20,212
6,57,153,30,212
6,58,153,143,212
6,59,153,15,212
6,60,153,26,212
6,61,153,24,212
6,62,153,162,212
6,63,153,5,212
6,64,153,3,212
6,65,153,130,212
6,66,153,18,212
6,67,153,12,212
6,68,153,160,212
6,69,153,108,212
6,70,153,6,212
6,71,153,14,212
6,72,153,29,212
6,73,153,132,212
6,74,153,4,212
6,75,153,2,212
6,76,153,7,212
6,77,153,11,212
2,78,153,97,212
2,79,153,102,212
2,80,153,113,212
2,81,153,95,212
2,82,153,94,212
2,83,153,117,212
2,84,153,114,212
2,85,153,106,212
2,86,153,25,212
2,87,153,115,212
2,88,153,93,212
2,89,153,92,212
2,90,153,107,212
2,91,153,101,212
2,92,153,91,212
2,93,153,100,212
2,94,153,116,212
2,95,153,89,212
2,96,153,103,212
2,97,153,112,212
2,98,153,17,212
2,99,153,96,212
2,100,153,118,212
2,101,153,90,212
1,102,153,111,212
1,103,153,110,212
1,104,153,99,212
1,105,153,98,212
1,106,153,104,212
1,107,153,109,212
1,108,153,8,212
1,109,153,105,212
1,110,153,84,212
1,111,153,66,212
1,112,153,23,212
1,113,153,69,212
1,114,153,85,212
1,115,153,77,212
1,116,153,87,212
1,117,153,70,212
1,118,153,72,212
1,119,153,83,212
1,120,153,79,212
1,121,153,82,212
1,122,153,81,212
1,123,153,78,212
1,124,153,76,212
1,125,153,86,212
1,126,153,64,212
1,127,153,71,212
1,128,153,80,212
1,129,153,88,212
1,130,153,48,212
1,131,153,75,212
1,132,153,67,212
1,133,153,73,212
1,134,153,44,212
1,135,153,63,212
1,136,153,74,212
1,137,153,65,212
1,138,153,62,212
1,139,153,68,212
1,140,153,51,212
1,141,153,36,212
1,142,153,54,212
1,143,153,41,212
1,144,153,33,212
1,145,153,61,212
1,146,153,55,212
1,147,153,43,212
1,148,153,46,212
1,149,153,40,212
1,150,153,37,212
1,151,153,60,212
1,152,153,50,212
1,153,153,47,212
1,154,153,53,212
1,155,153,39,212
1,156,153,58,212
1,157,153,35,212
1,158,153,59,212
1,159,153,45,212
1,160,153,42,212
1,161,153,49,212
1,162,153,56,212
1,163,153,38,212
1,164,153,34,212
1,165,153,57,212
1,166,153,52,212
1,1,154,146,149
1,2,154,141,149
1,3,154,155,149
1,4,154,147,149
1,5,154,139,149
1,6,154,134,149
11,7,154,166,149
11,8,154,152,149
11,9,154,138,149
11,10,154,144,149
11,11,154,124,149
11,12,154,122,149
11,13,154,149,149
11,14,154,128,149
11,15,154,129,149
11,16,154,119,149
11,17,154,123,149
11,18,154,161,149
11,19,154,154,149
11,20,154,145,149
11,21,154,125,149
11,22,154,150,149
11,23,154,156,149
11,24,154,142,149
11,25,154,165,149
11,26,154,159,149
11,27,154,158,149
11,28,154,153,149
11,29,154,135,149
11,30,154,137,149
11,31,154,164,149
11,32,154,148,149
11,33,154,151,149
11,34,154,157,149
11,35,154,22,149
11,36,154,127,149
11,37,154,1,149
11,38,154,131,149
11,39,154,136,149
11,40,154,140,149
11,41,154,120,149
11,42,154,21,149
11,43,154,121,149
11,44,154,16,149
11,45,154,32,149
11,46,154,10,149
11,47,154,126,149
6,48,154,19,149
6,49,154,31,149
6,50,154,27,149
6,51,154,163,149
6,52,154,133,149
6,53,154,28,149
6,54,154,9,149
6,55,154,13,149
6,56,154,20,149
6,57,154,30,149
6,58,154,143,149
6,59,154,15,149
6,60,154,26,149
6,61,154,24,149
6,62,154,162,149
6,63,154,5,149
6,64,154,3,149
6,65,154,130,149
6,66,154,18,149
6,67,154,12,149
6,68,154,160,149
6,69,154,108,149
6,70,154,6,149
6,71,154,14,149
6,72,154,29,149
6,73,154,132,149
6,74,154,4,149
6,75,154,2,149
6,76,154,7,149
6,77,154,11,149
2,78,154,97,149
2,79,154,102,149
2,80,154,113,149
2,81,154,95,149
2,82,154,94,149
2,83,154,117,149
2,84,154,114,149
2,85,154,106,149
2,86,154,25,149
2,87,154,115,149
2,88,154,93,149
2,89,154,92,149
2,90,154,107,149
2,91,154,101,149
2,92,154,91,149
2,93,154,100,149
2,94,154,116,149
2,95,154,89,149
2,96,154,103,149
2,97,154,112,149
2,98,154,17,149
2,99,154,96,149
2,100,154,118,149
2,101,154,90,149
1,102,154,111,149
1,103,154,110,149
1,104,154,99,149
1,105,154,98,149
1,106,154,104,149
1,107,154,109,149
1,108,154,8,149
1,109,154,105,149
1,110,154,84,149
1,111,154,66,149
1,112,154,23,149
1,113,154,69,149
1,114,154,85,149
1,115,154,77,149
1,116,154,87,149
1,117,154,70,149
1,118,154,72,149
1,119,154,83,149
1,120,154,79,149
1,121,154,82,149
1,122,154,81,149
1,123,154,78,149
1,124,154,76,149
1,125,154,86,149
1,126,154,64,149
1,127,154,71,149
1,128,154,80,149
1,129,154,88,149
1,130,154,48,149
1,131,154,75,149
1,132,154,67,149
1,133,154,73,149
1,134,154,44,149
1,135,154,63,149
1,136,154,74,149
1,137,154,65,149
1,138,154,62,149
1,139,154,68,149
1,140,154,51,149
1,141,154,36,149
1,142,154,54,149
1,143,154,41,149
1,144,154,33,149
1,145,154,61,149
1,146,154,55,149
1,147,154,43,149
1,148,154,46,149
1,149,154,40,149
1,150,154,37,149
1,151,154,60,149
1,152,154,50,149
1,153,154,47,149
1,154,154,53,149
1,155,154,39,149
1,156,154,58,149
1,157,154,35,149
1,158,154,59,149
1,159,154,45,149
1,160,154,42,149
1,161,154,49,149
1,162,154,56,149
1,163,154,38,149
1,164,154,34,149
1,165,154,57,149
1,166,154,52,149
1,1,155,146,11
1,2,155,141,11
1,3,155,155,11
1,4,155,147,11
1,5,155,139,11
1,6,155,134,11
11,7,155,166,11
11,8,155,152,11
11,9,155,138,11
11,10,155,144,11
11,11,155,124,11
11,12,155,122,11
11,13,155,149,11
11,14,155,128,11
11,15,155,129,11
11,16,155,119,11
11,17,155,123,11
11,18,155,161,11
11,19,155,154,11
11,20,155,145,11
11,21,155,125,11
11,22,155,150,11
11,23,155,156,11
11,24,155,142,11
11,25,155,165,11
11,26,155,159,11
11,27,155,158,11
11,28,155,153,11
11,29,155,135,11
11,30,155,137,11
11,31,155,164,11
11,32,155,148,11
11,33,155,151,11
11,34,155,157,11
11,35,155,22,11
11,36,155,127,11
11,37,155,1,11
11,38,155,131,11
11,39,155,136,11
11,40,155,140,11
11,41,155,120,11
11,42,155,21,11
11,43,155,121,11
11,44,155,16,11
11,45,155,32,11
11,46,155,10,11
11,47,155,126,11
6,48,155,19,11
6,49,155,31,11
6,50,155,27,11
6,51,155,163,11
6,52,155,133,11
6,53,155,28,11
6,54,155,9,11
6,55,155,13,11
6,56,155,20,11
6,57,155,30,11
6,58,155,143,11
6,59,155,15,11
6,60,155,26,11
6,61,155,24,11
6,62,155,162,11
6,63,155,5,11
6,64,155,3,11
6,65,155,130,11
6,66,155,18,11
6,67,155,12,11
6,68,155,160,11
6,69,155,108,11
6,70,155,6,11
6,71,155,14,11
6,72,155,29,11
6,73,155,132,11
6,74,155,4,11
6,75,155,2,11
6,76,155,7,11
6,77,155,11,11
2,78,155,97,11
2,79,155,102,11
2,80,155,113,11
2,81,155,95,11
2,82,155,94,11
2,83,155,117,11
2,84,155,114,11
2,85,155,106,11
2,86,155,25,11
2,87,155,115,11
2,88,155,93,11
2,89,155,92,11
2,90,155,107,11
2,91,155,101,11
2,92,155,91,11
2,93,155,100,11
2,94,155,116,11
2,95,155,89,11
2,96,155,103,11
2,97,155,112,11
2,98,155,17,11
2,99,155,96,11
2,100,155,118,11
2,101,155,90,11
1,102,155,111,11
1,103,155,110,11
1,104,155,99,11
1,105,155,98,11
1,106,155,104,11
1,107,155,109,11
1,108,155,8,11
1,109,155,105,11
1,110,155,84,11
1,111,155,66,11
1,112,155,23,11
1,113,155,69,11
1,114,155,85,11
1,115,155,77,11
1,116,155,87,11
1,117,155,70,11
1,118,155,72,11
1,119,155,83,11
1,120,155,79,11
1,121,155,82,11
1,122,155,81,11
1,123,155,78,11
1,124,155,76,11
1,125,155,86,11
1,126,155,64,11
1,127,155,71,11
1,128,155,80,11
1,129,155,88,11
1,130,155,48,11
1,131,155,75,11
1,132,155,67,11
1,133,155,73,11
1,134,155,44,11
1,135,155,63,11
1,136,155,74,11
1,137,155,65,11
1,138,155,62,11
1,139,155,68,11
1,140,155,51,11
1,141,155,36,11
1,142,155,54,11
1,143,155,41,11
1,144,155,33,11
1,145,155,61,11
1,146,155,55,11
1,147,155,43,11
1,148,155,46,11
1,149,155,40,11
1,150,155,37,11
1,151,155,60,11
1,152,155,50,11
1,153,155,47,11
1,154,155,53,11
1,155,155,39,11
1,156,155,58,11
1,157,155,35,11
1,158,155,59,11
1,159,155,45,11
1,160,155,42,11
1,161,155,49,11
1,162,155,56,11
1,163,155,38,11
1,164,155,34,11
1,165,155,57,11
1,166,155,52,11
1,1,156,146,260
1,2,156,141,260
1,3,156,155,260
1,4,156,147,260
1,5,156,139,260
1,6,156,134,260
11,7,156,166,260
11,8,156,152,260
11,9,156,138,260
11,10,156,144,260
11,11,156,124,260
11,12,156,122,260
11,13,156,149,260
11,14,156,128,260
11,15,156,129,260
11,16,156,119,260
11,17,156,123,260
11,18,156,161,260
11,19,156,154,260
11,20,156,145,260
11,21,156,125,260
11,22,156,150,260
11,23,156,156,260
11,24,156,142,260
11,25,156,165,260
11,26,156,159,260
11,27,156,158,260
11,28,156,153,260
11,29,156,135,260
11,30,156,137,260
11,31,156,164,260
11,32,156,148,260
11,33,156,151,260
11,34,156,157,260
11,35,156,22,260
11,36,156,127,260
11,37,156,1,260
11,38,156,131,260
11,39,156,136,260
11,40,156,140,260
11,41,156,120,260
11,42,156,21,260
11,43,156,121,260
11,44,156,16,260
11,45,156,32,260
11,46,156,10,260
11,47,156,126,260
6,48,156,19,260
6,49,156,31,260
6,50,156,27,260
6,51,156,163,260
6,52,156,133,260
6,53,156,28,260
6,54,156,9,260
6,55,156,13,260
6,56,156,20,260
6,57,156,30,260
6,58,156,143,260
6,59,156,15,260
6,60,156,26,260
6,61,156,24,260
6,62,156,162,260
6,63,156,5,260
6,64,156,3,260
6,65,156,130,260
6,66,156,18,260
6,67,156,12,260
6,68,156,160,260
6,69,156,108,260
6,70,156,6,260
6,71,156,14,260
6,72,156,29,260
6,73,156,132,260
6,74,156,4,260
6,75,156,2,260
6,76,156,7,260
6,77,156,11,260
2,78,156,97,260
2,79,156,102,260
2,80,156,113,260
2,81,156,95,260
2,82,156,94,260
2,83,156,117,260
2,84,156,114,260
2,85,156,106,260
2,86,156,25,260
2,87,156,115,260
2,88,156,93,260
2,89,156,92,260
2,90,156,107,260
2,91,156,101,260
2,92,156,91,260
2,93,156,100,260
2,94,156,116,260
2,95,156,89,260
2,96,156,103,260
2,97,156,112,260
2,98,156,17,260
2,99,156,96,260
2,100,156,118,260
2,101,156,90,260
1,102,156,111,260
1,103,156,110,260
1,104,156,99,260
1,105,156,98,260
1,106,156,104,260
1,107,156,109,260
1,108,156,8,260
1,109,156,105,260
1,110,156,84,260
1,111,156,66,260
1,112,156,23,260
1,113,156,69,260
1,114,156,85,260
1,115,156,77,260
1,116,156,87,260
1,117,156,70,260
1,118,156,72,260
1,119,156,83,260
1,120,156,79,260
1,121,156,82,260
1,122,156,81,260
1,123,156,78,260
1,124,156,76,260
1,125,156,86,260
1,126,156,64,260
1,127,156,71,260
1,128,156,80,260
1,129,156,88,260
1,130,156,48,260
1,131,156,75,260
1,132,156,67,260
1,133,156,73,260
1,134,156,44,260
1,135,156,63,260
1,136,156,74,260
1,137,156,65,260
1,138,156,62,260
1,139,156,68,260
1,140,156,51,260
1,141,156,36,260
1,142,156,54,260
1,143,156,41,260
1,144,156,33,260
1,145,156,61,260
1,146,156,55,260
1,147,156,43,260
1,148,156,46,260
1,149,156,40,260
1,150,156,37,260
1,151,156,60,260
1,152,156,50,260
1,153,156,47,260
1,154,156,53,260
1,155,156,39,260
1,156,156,58,260
1,157,156,35,260
1,158,156,59,260
1,159,156,45,260
1,160,156,42,260
1,161,156,49,260
1,162,156,56,260
1,163,156,38,260
1,164,156,34,260
1,165,156,57,260
1,166,156,52,260
1,1,157,146,266
1,2,157,141,266
1,3,157,155,266
1,4,157,147,266
1,5,157,139,266
1,6,157,134,266
11,7,157,166,266
11,8,157,152,266
11,9,157,138,266
11,10,157,144,266
11,11,157,124,266
11,12,157,122,266
11,13,157,149,266
11,14,157,128,266
11,15,157,129,266
11,16,157,119,266
11,17,157,123,266
11,18,157,161,266
11,19,157,154,266
11,20,157,145,266
11,21,157,125,266
11,22,157,150,266
11,23,157,156,266
11,24,157,142,266
11,25,157,165,266
11,26,157,159,266
11,27,157,158,266
11,28,157,153,266
11,29,157,135,266
11,30,157,137,266
11,31,157,164,266
11,32,157,148,266
11,33,157,151,266
11,34,157,157,266
11,35,157,22,266
11,36,157,127,266
11,37,157,1,266
11,38,157,131,266
11,39,157,136,266
11,40,157,140,266
11,41,157,120,266
11,42,157,21,266
11,43,157,121,266
11,44,157,16,266
11,45,157,32,266
11,46,157,10,266
11,47,157,126,266
6,48,157,19,266
6,49,157,31,266
6,50,157,27,266
6,51,157,163,266
6,52,157,133,266
6,53,157,28,266
6,54,157,9,266
6,55,157,13,266
6,56,157,20,266
6,57,157,30,266
6,58,157,143,266
6,59,157,15,266
6,60,157,26,266
6,61,157,24,266
6,62,157,162,266
6,63,157,5,266
6,64,157,3,266
6,65,157,130,266
6,66,157,18,266
6,67,157,12,266
6,68,157,160,266
6,69,157,108,266
6,70,157,6,266
6,71,157,14,266
6,72,157,29,266
6,73,157,132,266
6,74,157,4,266
6,75,157,2,266
6,76,157,7,266
6,77,157,11,266
2,78,157,97,266
2,79,157,102,266
2,80,157,113,266
2,81,157,95,266
2,82,157,94,266
2,83,157,117,266
2,84,157,114,266
2,85,157,106,266
2,86,157,25,266
2,87,157,115,266
2,88,157,93,266
2,89,157,92,266
2,90,157,107,266
2,91,157,101,266
2,92,157,91,266
2,93,157,100,266
2,94,157,116,266
2,95,157,89,266
2,96,157,103,266
2,97,157,112,266
2,98,157,17,266
2,99,157,96,266
2,100,157,118,266
2,101,157,90,266
1,102,157,111,266
1,103,157,110,266
1,104,157,99,266
1,105,157,98,266
1,106,157,104,266
1,107,157,109,266
1,108,157,8,266
1,109,157,105,266
1,110,157,84,266
1,111,157,66,266
1,112,157,23,266
1,113,157,69,266
1,114,157,85,266
1,115,157,77,266
1,116,157,87,266
1,117,157,70,266
1,118,157,72,266
1,119,157,83,266
1,120,157,79,266
1,121,157,82,266
1,122,157,81,266
1,123,157,78,266
1,124,157,76,266
1,125,157,86,266
1,126,157,64,266
1,127,157,71,266
1,128,157,80,266
1,129,157,88,266
1,130,157,48,266
1,131,157,75,266
1,132,157,67,266
1,133,157,73,266
1,134,157,44,266
1,135,157,63,266
1,136,157,74,266
1,137,157,65,266
1,138,157,62,266
1,139,157,68,266
1,140,157,51,266
1,141,157,36,266
1,142,157,54,266
1,143,157,41,266
1,144,157,33,266
1,145,157,61,266
1,146,157,55,266
1,147,157,43,266
1,148,157,46,266
1,149,157,40,266
1,150,157,37,266
1,151,157,60,266
1,152,157,50,266
1,153,157,47,266
1,154,157,53,266
1,155,157,39,266
1,156,157,58,266
1,157,157,35,266
1,158,157,59,266
1,159,157,45,266
1,160,157,42,266
1,161,157,49,266
1,162,157,56,266
1,163,157,38,266
1,164,157,34,266
1,165,157,57,266
1,166,157,52,266
1,1,158,146,131
1,2,158,141,131
1,3,158,155,131
1,4,158,147,131
1,5,158,139,131
1,6,158,134,131
11,7,158,166,131
11,8,158,152,131
11,9,158,138,131
11,10,158,144,131
11,11,158,124,131
11,12,158,122,131
11,13,158,149,131
11,14,158,128,131
11,15,158,129,131
11,16,158,119,131
11,17,158,123,131
11,18,158,161,131
11,19,158,154,131
11,20,158,145,131
11,21,158,125,131
11,22,158,150,131
11,23,158,156,131
11,24,158,142,131
11,25,158,165,131
11,26,158,159,131
11,27,158,158,131
11,28,158,153,131
11,29,158,135,131
11,30,158,137,131
11,31,158,164,131
11,32,158,148,131
11,33,158,151,131
11,34,158,157,131
11,35,158,22,131
11,36,158,127,131
11,37,158,1,131
11,38,158,131,131
11,39,158,136,131
11,40,158,140,131
11,41,158,120,131
11,42,158,21,131
11,43,158,121,131
11,44,158,16,131
11,45,158,32,131
11,46,158,10,131
11,47,158,126,131
6,48,158,19,131
6,49,158,31,131
6,50,158,27,131
6,51,158,163,131
6,52,158,133,131
6,53,158,28,131
6,54,158,9,131
6,55,158,13,131
6,56,158,20,131
6,57,158,30,131
6,58,158,143,131
6,59,158,15,131
6,60,158,26,131
6,61,158,24,131
6,62,158,162,131
6,63,158,5,131
6,64,158,3,131
6,65,158,130,131
6,66,158,18,131
6,67,158,12,131
6,68,158,160,131
6,69,158,108,131
6,70,158,6,131
6,71,158,14,131
6,72,158,29,131
6,73,158,132,131
6,74,158,4,131
6,75,158,2,131
6,76,158,7,131
6,77,158,11,131
2,78,158,97,131
2,79,158,102,131
2,80,158,113,131
2,81,158,95,131
2,82,158,94,131
2,83,158,117,131
2,84,158,114,131
2,85,158,106,131
2,86,158,25,131
2,87,158,115,131
2,88,158,93,131
2,89,158,92,131
2,90,158,107,131
2,91,158,101,131
2,92,158,91,131
2,93,158,100,131
2,94,158,116,131
2,95,158,89,131
2,96,158,103,131
2,97,158,112,131
2,98,158,17,131
2,99,158,96,131
2,100,158,118,131
2,101,158,90,131
1,102,158,111,131
1,103,158,110,131
1,104,158,99,131
1,105,158,98,131
1,106,158,104,131
1,107,158,109,131
1,108,158,8,131
1,109,158,105,131
1,110,158,84,131
1,111,158,66,131
1,112,158,23,131
1,113,158,69,131
1,114,158,85,131
1,115,158,77,131
1,116,158,87,131
1,117,158,70,131
1,118,158,72,131
1,119,158,83,131
1,120,158,79,131
1,121,158,82,131
1,122,158,81,131
1,123,158,78,131
1,124,158,76,131
1,125,158,86,131
1,126,158,64,131
1,127,158,71,131
1,128,158,80,131
1,129,158,88,131
1,130,158,48,131
1,131,158,75,131
1,132,158,67,131
1,133,158,73,131
1,134,158,44,131
1,135,158,63,131
1,136,158,74,131
1,137,158,65,131
1,138,158,62,131
1,139,158,68,131
1,140,158,51,131
1,141,158,36,131
1,142,158,54,131
1,143,158,41,131
1,144,158,33,131
1,145,158,61,131
1,146,158,55,131
1,147,158,43,131
1,148,158,46,131
1,149,158,40,131
1,150,158,37,131
1,151,158,60,131
1,152,158,50,131
1,153,158,47,131
1,154,158,53,131
1,155,158,39,131
1,156,158,58,131
1,157,158,35,131
1,158,158,59,131
1,159,158,45,131
1,160,158,42,131
1,161,158,49,131
1,162,158,56,131
1,163,158,38,131
1,164,158,34,131
1,165,158,57,131
1,166,158,52,131
1,1,159,146,203
1,2,159,141,203
1,3,159,155,203
1,4,159,147,203
1,5,159,139,203
1,6,159,134,203
11,7,159,166,203
11,8,159,152,203
11,9,159,138,203
11,10,159,144,203
11,11,159,124,203
11,12,159,122,203
11,13,159,149,203
11,14,159,128,203
11,15,159,129,203
11,16,159,119,203
11,17,159,123,203
11,18,159,161,203
11,19,159,154,203
11,20,159,145,203
11,21,159,125,203
11,22,159,150,203
11,23,159,156,203
11,24,159,142,203
11,25,159,165,203
11,26,159,159,203
11,27,159,158,203
11,28,159,153,203
11,29,159,135,203
11,30,159,137,203
11,31,159,164,203
11,32,159,148,203
11,33,159,151,203
11,34,159,157,203
11,35,159,22,203
11,36,159,127,203
11,37,159,1,203
11,38,159,131,203
11,39,159,136,203
11,40,159,140,203
11,41,159,120,203
11,42,159,21,203
11,43,159,121,203
11,44,159,16,203
11,45,159,32,203
11,46,159,10,203
11,47,159,126,203
6,48,159,19,203
6,49,159,31,203
6,50,159,27,203
6,51,159,163,203
6,52,159,133,203
6,53,159,28,203
6,54,159,9,203
6,55,159,13,203
6,56,159,20,203
6,57,159,30,203
6,58,159,143,203
6,59,159,15,203
6,60,159,26,203
6,61,159,24,203
6,62,159,162,203
6,63,159,5,203
6,64,159,3,203
6,65,159,130,203
6,66,159,18,203
6,67,159,12,203
6,68,159,160,203
6,69,159,108,203
6,70,159,6,203
6,71,159,14,203
6,72,159,29,203
6,73,159,132,203
6,74,159,4,203
6,75,159,2,203
6,76,159,7,203
6,77,159,11,203
2,78,159,97,203
2,79,159,102,203
2,80,159,113,203
2,81,159,95,203
2,82,159,94,203
2,83,159,117,203
2,84,159,114,203
2,85,159,106,203
2,86,159,25,203
2,87,159,115,203
2,88,159,93,203
2,89,159,92,203
2,90,159,107,203
2,91,159,101,203
2,92,159,91,203
2,93,159,100,203
2,94,159,116,203
2,95,159,89,203
2,96,159,103,203
2,97,159,112,203
2,98,159,17,203
2,99,159,96,203
2,100,159,118,203
2,101,159,90,203
1,102,159,111,203
1,103,159,110,203
1,104,159,99,203
1,105,159,98,203
1,106,159,104,203
1,107,159,109,203
1,108,159,8,203
1,109,159,105,203
1,110,159,84,203
1,111,159,66,203
1,112,159,23,203
1,113,159,69,203
1,114,159,85,203
1,115,159,77,203
1,116,159,87,203
1,117,159,70,203
1,118,159,72,203
1,119,159,83,203
1,120,159,79,203
1,121,159,82,203
1,122,159,81,203
1,123,159,78,203
1,124,159,76,203
1,125,159,86,203
1,126,159,64,203
1,127,159,71,203
1,128,159,80,203
1,129,159,88,203
31,130,159,48,203
31,131,159,75,203
31,132,159,67,203
31,133,159,73,203
31,134,159,44,203
31,135,159,63,203
31,136,159,74,203
31,137,159,65,203
31,138,159,62,203
31,139,159,68,203
1,140,159,51,203
1,141,159,36,203
1,142,159,54,203
1,143,159,41,203
1,144,159,33,203
1,145,159,61,203
1,146,159,55,203
1,147,159,43,203
1,148,159,46,203
1,149,159,40,203
1,150,159,37,203
1,151,159,60,203
1,152,159,50,203
1,153,159,47,203
1,154,159,53,203
1,155,159,39,203
1,156,159,58,203
1,157,159,35,203
1,158,159,59,203
1,159,159,45,203
1,160,159,42,203
1,161,159,49,203
1,162,159,56,203
1,163,159,38,203
1,164,159,34,203
1,165,159,57,203
1,166,159,52,203
1,1,160,146,243
1,2,160,141,243
1,3,160,155,243
1,4,160,147,243
1,5,160,139,243
1,6,160,134,243
1,7,160,166,243
1,8,160,152,243
1,9,160,138,243
1,10,160,144,243
1,11,160,124,243
1,12,160,122,243
1,13,160,149,243
1,14,160,128,243
1,15,160,129,243
1,16,160,119,243
1,17,160,123,243
1,18,160,161,243
1,19,160,154,243
1,20,160,145,243
1,21,160,125,243
1,22,160,150,243
1,23,160,156,243
1,24,160,142,243
1,25,160,165,243
1,26,160,159,243
1,27,160,158,243
1,28,160,153,243
1,29,160,135,243
1,30,160,137,243
1,31,160,164,243
1,32,160,148,243
1,33,160,151,243
1,34,160,157,243
1,35,160,22,243
1,36,160,127,243
1,37,160,1,243
1,38,160,131,243
1,39,160,136,243
1,40,160,140,243
1,41,160,120,243
1,42,160,21,243
1,43,160,121,243
1,44,160,16,243
1,45,160,32,243
1,46,160,10,243
1,47,160,126,243
1,48,160,19,243
1,49,160,31,243
1,50,160,27,243
1,51,160,163,243
1,52,160,133,243
1,53,160,28,243
1,54,160,9,243
1,55,160,13,243
1,56,160,20,243
1,57,160,30,243
1,58,160,143,243
1,59,160,15,243
1,60,160,26,243
1,61,160,24,243
1,62,160,162,243
1,63,160,5,243
1,64,160,3,243
1,65,160,130,243
1,66,160,18,243
1,67,160,12,243
1,68,160,160,243
1,69,160,108,243
1,70,160,6,243
1,71,160,14,243
1,72,160,29,243
1,73,160,132,243
1,74,160,4,243
1,75,160,2,243
1,76,160,7,243
1,77,160,11,243
2,78,160,97,243
2,79,160,102,243
2,80,160,113,243
2,81,160,95,243
2,82,160,94,243
2,83,160,117,243
2,84,160,114,243
2,85,160,106,243
2,86,160,25,243
2,87,160,115,243
2,88,160,93,243
2,89,160,92,243
2,90,160,107,243
2,91,160,101,243
2,92,160,91,243
2,93,160,100,243
2,94,160,116,243
2,95,160,89,243
2,96,160,103,243
2,97,160,112,243
2,98,160,17,243
2,99,160,96,243
2,100,160,118,243
2,101,160,90,243
1,102,160,111,243
1,103,160,110,243
1,104,160,99,243
1,105,160,98,243
1,106,160,104,243
1,107,160,109,243
1,108,160,8,243
1,109,160,105,243
1,110,160,84,243
1,111,160,66,243
1,112,160,23,243
1,113,160,69,243
1,114,160,85,243
1,115,160,77,243
1,116,160,87,243
1,117,160,70,243
1,118,160,72,243
1,119,160,83,243
1,120,160,79,243
1,121,160,82,243
1,122,160,81,243
1,123,160,78,243
1,124,160,76,243
1,125,160,86,243
1,126,160,64,243
1,127,160,71,243
1,128,160,80,243
1,129,160,88,243
1,130,160,48,243
1,131,160,75,243
1,132,160,67,243
1,133,160,73,243
1,134,160,44,243
1,135,160,63,243
1,136,160,74,243
1,137,160,65,243
1,138,160,62,243
1,139,160,68,243
1,140,160,51,243
1,141,160,36,243
1,142,160,54,243
1,143,160,41,243
1,144,160,33,243
1,145,160,61,243
1,146,160,55,243
1,147,160,43,243
1,148,160,46,243
1,149,160,40,243
1,150,160,37,243
1,151,160,60,243
1,152,160,50,243
1,153,160,47,243
1,154,160,53,243
1,155,160,39,243
1,156,160,58,243
1,157,160,35,243
1,158,160,59,243
1,159,160,45,243
1,160,160,42,243
1,161,160,49,243
1,162,160,56,243
1,163,160,38,243
1,164,160,34,243
1,165,160,57,243
1,166,160,52,243
1,1,161,146,112
1,2,161,141,112
1,3,161,155,112
1,4,161,147,112
1,5,161,139,112
1,6,161,134,112
1,7,161,166,112
1,8,161,152,112
1,9,161,138,112
1,10,161,144,112
1,11,161,124,112
1,12,161,122,112
1,13,161,149,112
1,14,161,128,112
1,15,161,129,112
1,16,161,119,112
1,17,161,123,112
1,18,161,161,112
1,19,161,154,112
1,20,161,145,112
1,21,161,125,112
1,22,161,150,112
1,23,161,156,112
1,24,161,142,112
1,25,161,165,112
1,26,161,159,112
1,27,161,158,112
1,28,161,153,112
1,29,161,135,112
1,30,161,137,112
1,31,161,164,112
1,32,161,148,112
1,33,161,151,112
1,34,161,157,112
1,35,161,22,112
1,36,161,127,112
1,37,161,1,112
1,38,161,131,112
1,39,161,136,112
1,40,161,140,112
1,41,161,120,112
1,42,161,21,112
1,43,161,121,112
1,44,161,16,112
1,45,161,32,112
1,46,161,10,112
1,47,161,126,112
1,48,161,19,112
1,49,161,31,112
1,50,161,27,112
1,51,161,163,112
1,52,161,133,112
1,53,161,28,112
1,54,161,9,112
1,55,161,13,112
1,56,161,20,112
1,57,161,30,112
1,58,161,143,112
1,59,161,15,112
1,60,161,26,112
1,61,161,24,112
1,62,161,162,112
1,63,161,5,112
1,64,161,3,112
1,65,161,130,112
1,66,161,18,112
1,67,161,12,112
1,68,161,160,112
1,69,161,108,112
1,70,161,6,112
1,71,161,14,112
1,72,161,29,112
1,73,161,132,112
1,74,161,4,112
1,75,161,2,112
1,76,161,7,112
1,77,161,11,112
2,78,161,97,112
2,79,161,102,112
2,80,161,113,112
2,81,161,95,112
2,82,161,94,112
2,83,161,117,112
2,84,161,114,112
2,85,161,106,112
2,86,161,25,112
2,87,161,115,112
2,88,161,93,112
2,89,161,92,112
2,90,161,107,112
2,91,161,101,112
2,92,161,91,112
2,93,161,100,112
2,94,161,116,112
2,95,161,89,112
2,96,161,103,112
2,97,161,112,112
2,98,161,17,112
2,99,161,96,112
2,100,161,118,112
2,101,161,90,112
1,102,161,111,112
1,103,161,110,112
1,104,161,99,112
1,105,161,98,112
1,106,161,104,112
1,107,161,109,112
1,108,161,8,112
1,109,161,105,112
1,110,161,84,112
1,111,161,66,112
1,112,161,23,112
1,113,161,69,112
1,114,161,85,112
1,115,161,77,112
1,116,161,87,112
1,117,161,70,112
1,118,161,72,112
1,119,161,83,112
1,120,161,79,112
1,121,161,82,112
1,122,161,81,112
1,123,161,78,112
1,124,161,76,112
1,125,161,86,112
1,126,161,64,112
1,127,161,71,112
1,128,161,80,112
1,129,161,88,112
1,130,161,48,112
1,131,161,75,112
1,132,161,67,112
1,133,161,73,112
1,134,161,44,112
1,135,161,63,112
1,136,161,74,112
1,137,161,65,112
1,138,161,62,112
1,139,161,68,112
1,140,161,51,112
1,141,161,36,112
1,142,161,54,112
1,143,161,41,112
1,144,161,33,112
1,145,161,61,112
1,146,161,55,112
1,147,161,43,112
1,148,161,46,112
1,149,161,40,112
1,150,161,37,112
1,151,161,60,112
1,152,161,50,112
1,153,161,47,112
1,154,161,53,112
1,155,161,39,112
1,156,161,58,112
1,157,161,35,112
1,158,161,59,112
1,159,161,45,112
1,160,161,42,112
1,161,161,49,112
1,162,161,56,112
1,163,161,38,112
1,164,161,34,112
1,165,161,57,112
1,166,161,52,112
1,1,162,146,85
1,2,162,141,85
1,3,162,155,85
1,4,162,147,85
1,5,162,139,85
1,6,162,134,85
1,7,162,166,85
1,8,162,152,85
1,9,162,138,85
1,10,162,144,85
1,11,162,124,85
1,12,162,122,85
1,13,162,149,85
1,14,162,128,85
1,15,162,129,85
1,16,162,119,85
1,17,162,123,85
1,18,162,161,85
1,19,162,154,85
1,20,162,145,85
1,21,162,125,85
1,22,162,150,85
1,23,162,156,85
1,24,162,142,85
1,25,162,165,85
1,26,162,159,85
1,27,162,158,85
1,28,162,153,85
1,29,162,135,85
1,30,162,137,85
1,31,162,164,85
1,32,162,148,85
1,33,162,151,85
1,34,162,157,85
1,35,162,22,85
1,36,162,127,85
1,37,162,1,85
1,38,162,131,85
1,39,162,136,85
1,40,162,140,85
1,41,162,120,85
1,42,162,21,85
1,43,162,121,85
1,44,162,16,85
1,45,162,32,85
1,46,162,10,85
1,47,162,126,85
1,48,162,19,85
1,49,162,31,85
1,50,162,27,85
1,51,162,163,85
1,52,162,133,85
1,53,162,28,85
1,54,162,9,85
1,55,162,13,85
1,56,162,20,85
1,57,162,30,85
1,58,162,143,85
1,59,162,15,85
1,60,162,26,85
1,61,162,24,85
1,62,162,162,85
1,63,162,5,85
1,64,162,3,85
1,65,162,130,85
1,66,162,18,85
1,67,162,12,85
1,68,162,160,85
1,69,162,108,85
1,70,162,6,85
1,71,162,14,85
1,72,162,29,85
1,73,162,132,85
1,74,162,4,85
1,75,162,2,85
1,76,162,7,85
1,77,162,11,85
2,78,162,97,85
2,79,162,102,85
2,80,162,113,85
2,81,162,95,85
2,82,162,94,85
2,83,162,117,85
2,84,162,114,85
2,85,162,106,85
2,86,162,25,85
2,87,162,115,85
2,88,162,93,85
2,89,162,92,85
2,90,162,107,85
2,91,162,101,85
2,92,162,91,85
2,93,162,100,85
2,94,162,116,85
2,95,162,89,85
2,96,162,103,85
2,97,162,112,85
2,98,162,17,85
2,99,162,96,85
2,100,162,118,85
2,101,162,90,85
1,102,162,111,85
1,103,162,110,85
1,104,162,99,85
1,105,162,98,85
1,106,162,104,85
1,107,162,109,85
1,108,162,8,85
1,109,162,105,85
1,110,162,84,85
1,111,162,66,85
1,112,162,23,85
1,113,162,69,85
1,114,162,85,85
1,115,162,77,85
1,116,162,87,85
1,117,162,70,85
1,118,162,72,85
1,119,162,83,85
1,120,162,79,85
1,121,162,82,85
1,122,162,81,85
1,123,162,78,85
1,124,162,76,85
1,125,162,86,85
1,126,162,64,85
1,127,162,71,85
1,128,162,80,85
1,129,162,88,85
1,130,162,48,85
1,131,162,75,85
1,132,162,67,85
1,133,162,73,85
1,134,162,44,85
1,135,162,63,85
1,136,162,74,85
1,137,162,65,85
1,138,162,62,85
1,139,162,68,85
1,140,162,51,85
1,141,162,36,85
1,142,162,54,85
1,143,162,41,85
1,144,162,33,85
1,145,162,61,85
1,146,162,55,85
1,147,162,43,85
1,148,162,46,85
1,149,162,40,85
1,150,162,37,85
1,151,162,60,85
1,152,162,50,85
1,153,162,47,85
1,154,162,53,85
1,155,162,39,85
1,156,162,58,85
1,157,162,35,85
1,158,162,59,85
1,159,162,45,85
1,160,162,42,85
1,161,162,49,85
1,162,162,56,85
1,163,162,38,85
1,164,162,34,85
1,165,162,57,85
1,166,162,52,85
1,1,163,146,168
1,2,163,141,168
1,3,163,155,168
1,4,163,147,168
1,5,163,139,168
1,6,163,134,168
1,7,163,166,168
1,8,163,152,168
1,9,163,138,168
1,10,163,144,168
1,11,163,124,168
1,12,163,122,168
1,13,163,149,168
1,14,163,128,168
1,15,163,129,168
1,16,163,119,168
1,17,163,123,168
1,18,163,161,168
1,19,163,154,168
1,20,163,145,168
1,21,163,125,168
1,22,163,150,168
1,23,163,156,168
1,24,163,142,168
1,25,163,165,168
1,26,163,159,168
1,27,163,158,168
1,28,163,153,168
1,29,163,135,168
1,30,163,137,168
1,31,163,164,168
1,32,163,148,168
1,33,163,151,168
1,34,163,157,168
1,35,163,22,168
1,36,163,127,168
1,37,163,1,168
1,38,163,131,168
1,39,163,136,168
1,40,163,140,168
1,41,163,120,168
1,42,163,21,168
1,43,163,121,168
1,44,163,16,168
1,45,163,32,168
1,46,163,10,168
1,47,163,126,168
1,48,163,19,168
1,49,163,31,168
1,50,163,27,168
1,51,163,163,168
1,52,163,133,168
1,53,163,28,168
1,54,163,9,168
1,55,163,13,168
1,56,163,20,168
1,57,163,30,168
1,58,163,143,168
1,59,163,15,168
1,60,163,26,168
1,61,163,24,168
1,62,163,162,168
1,63,163,5,168
1,64,163,3,168
1,65,163,130,168
1,66,163,18,168
1,67,163,12,168
1,68,163,160,168
1,69,163,108,168
1,70,163,6,168
1,71,163,14,168
1,72,163,29,168
1,73,163,132,168
1,74,163,4,168
1,75,163,2,168
1,76,163,7,168
1,77,163,11,168
2,78,163,97,168
2,79,163,102,168
2,80,163,113,168
2,81,163,95,168
2,82,163,94,168
2,83,163,117,168
2,84,163,114,168
2,85,163,106,168
2,86,163,25,168
2,87,163,115,168
2,88,163,93,168
2,89,163,92,168
2,90,163,107,168
2,91,163,101,168
2,92,163,91,168
2,93,163,100,168
2,94,163,116,168
2,95,163,89,168
2,96,163,103,168
2,97,163,112,168
2,98,163,17,168
2,99,163,96,168
2,100,163,118,168
2,101,163,90,168
1,102,163,111,168
1,103,163,110,168
1,104,163,99,168
1,105,163,98,168
1,106,163,104,168
1,107,163,109,168
1,108,163,8,168
1,109,163,105,168
1,110,163,84,168
1,111,163,66,168
1,112,163,23,168
1,113,163,69,168
1,114,163,85,168
1,115,163,77,168
1,116,163,87,168
1,117,163,70,168
1,118,163,72,168
1,119,163,83,168
1,120,163,79,168
1,121,163,82,168
1,122,163,81,168
1,123,163,78,168
1,124,163,76,168
1,125,163,86,168
1,126,163,64,168
1,127,163,71,168
1,128,163,80,168
1,129,163,88,168
1,130,163,48,168
1,131,163,75,168
1,132,163,67,168
1,133,163,73,168
1,134,163,44,168
1,135,163,63,168
1,136,163,74,168
1,137,163,65,168
1,138,163,62,168
1,139,163,68,168
1,140,163,51,168
1,141,163,36,168
1,142,163,54,168
1,143,163,41,168
1,144,163,33,168
1,145,163,61,168
1,146,163,55,168
1,147,163,43,168
1,148,163,46,168
1,149,163,40,168
1,150,163,37,168
1,151,163,60,168
1,152,163,50,168
1,153,163,47,168
1,154,163,53,168
1,155,163,39,168
1,156,163,58,168
1,157,163,35,168
1,158,163,59,168
1,159,163,45,168
1,160,163,42,168
1,161,163,49,168
1,162,163,56,168
1,163,163,38,168
1,164,163,34,168
1,165,163,57,168
1,166,163,52,168
18,1,164,146,98
18,2,164,141,98
18,3,164,155,98
18,4,164,147,98
19,5,164,139,98
19,6,164,134,98
19,7,164,166,98
19,8,164,152,98
19,9,164,138,98
19,10,164,144,98
19,11,164,124,98
19,12,164,122,98
19,13,164,149,98
19,14,164,128,98
19,15,164,129,98
19,16,164,119,98
19,17,164,123,98
19,18,164,161,98
19,19,164,154,98
19,20,164,145,98
19,21,164,125,98
19,22,164,150,98
19,23,164,156,98
19,24,164,142,98
19,25,164,165,98
19,26,164,159,98
19,27,164,158,98
19,28,164,153,98
19,29,164,135,98
19,30,164,137,98
19,31,164,164,98
19,32,164,148,98
19,33,164,151,98
19,34,164,157,98
19,35,164,22,98
19,36,164,127,98
19,37,164,1,98
19,38,164,131,98
19,39,164,136,98
19,40,164,140,98
19,41,164,120,98
19,42,164,21,98
19,43,164,121,98
19,44,164,16,98
19,45,164,32,98
19,46,164,10,98
19,47,164,126,98
19,48,164,19,98
19,49,164,31,98
19,50,164,27,98
1,51,164,163,98
1,52,164,133,98
1,53,164,28,98
1,54,164,9,98
1,55,164,13,98
1,56,164,20,98
1,57,164,30,98
1,58,164,143,98
1,59,164,15,98
1,60,164,26,98
1,61,164,24,98
1,62,164,162,98
1,63,164,5,98
1,64,164,3,98
1,65,164,130,98
1,66,164,18,98
1,67,164,12,98
1,68,164,160,98
1,69,164,108,98
1,70,164,6,98
1,71,164,14,98
1,72,164,29,98
1,73,164,132,98
1,74,164,4,98
1,75,164,2,98
1,76,164,7,98
1,77,164,11,98
2,78,164,97,98
2,79,164,102,98
2,80,164,113,98
2,81,164,95,98
2,82,164,94,98
2,83,164,117,98
2,84,164,114,98
2,85,164,106,98
2,86,164,25,98
2,87,164,115,98
2,88,164,93,98
2,89,164,92,98
2,90,164,107,98
2,91,164,101,98
2,92,164,91,98
2,93,164,100,98
2,94,164,116,98
2,95,164,89,98
2,96,164,103,98
2,97,164,112,98
2,98,164,17,98
2,99,164,96,98
2,100,164,118,98
2,101,164,90,98
1,102,164,111,98
1,103,164,110,98
1,104,164,99,98
1,105,164,98,98
1,106,164,104,98
1,107,164,109,98
1,108,164,8,98
1,109,164,105,98
1,110,164,84,98
1,111,164,66,98
1,112,164,23,98
1,113,164,69,98
1,114,164,85,98
1,115,164,77,98
1,116,164,87,98
1,117,164,70,98
1,118,164,72,98
1,119,164,83,98
1,120,164,79,98
1,121,164,82,98
1,122,164,81,98
1,123,164,78,98
1,124,164,76,98
1,125,164,86,98
1,126,164,64,98
1,127,164,71,98
1,128,164,80,98
1,129,164,88,98
1,130,164,48,98
1,131,164,75,98
1,132,164,67,98
1,133,164,73,98
1,134,164,44,98
1,135,164,63,98
1,136,164,74,98
1,137,164,65,98
1,138,164,62,98
1,139,164,68,98
1,140,164,51,98
1,141,164,36,98
1,142,164,54,98
1,143,164,41,98
1,144,164,33,98
1,145,164,61,98
1,146,164,55,98
1,147,164,43,98
39,148,164,46,98
39,149,164,40,98
40,150,164,37,98
40,151,164,60,98
40,152,164,50,98
40,153,164,47,98
40,154,164,53,98
40,155,164,39,98
40,156,164,58,98
40,157,164,35,98
40,158,164,59,98
40,159,164,45,98
40,160,164,42,98
40,161,164,49,98
40,162,164,56,98
40,163,164,38,98
40,164,164,34,98
40,165,164,57,98
1,166,164,52,98
1,1,165,146,143
1,2,165,141,143
1,3,165,155,143
1,4,165,147,143
1,5,165,139,143
1,6,165,134,143
1,7,165,166,143
1,8,165,152,143
1,9,165,138,143
1,10,165,144,143
1,11,165,124,143
1,12,165,122,143
1,13,165,149,143
1,14,165,128,143
1,15,165,129,143
1,16,165,119,143
1,17,165,123,143
1,18,165,161,143
1,19,165,154,143
1,20,165,145,143
1,21,165,125,143
1,22,165,150,143
1,23,165,156,143
1,24,165,142,143
1,25,165,165,143
1,26,165,159,143
1,27,165,158,143
1,28,165,153,143
1,29,165,135,143
1,30,165,137,143
1,31,165,164,143
1,32,165,148,143
1,33,165,151,143
1,34,165,157,143
1,35,165,22,143
1,36,165,127,143
1,37,165,1,143
1,38,165,131,143
1,39,165,136,143
1,40,165,140,143
1,41,165,120,143
1,42,165,21,143
1,43,165,121,143
1,44,165,16,143
1,45,165,32,143
1,46,165,10,143
1,47,165,126,143
1,48,165,19,143
1,49,165,31,143
1,50,165,27,143
1,51,165,163,143
1,52,165,133,143
1,53,165,28,143
1,54,165,9,143
1,55,165,13,143
1,56,165,20,143
1,57,165,30,143
1,58,165,143,143
1,59,165,15,143
1,60,165,26,143
1,61,165,24,143
1,62,165,162,143
1,63,165,5,143
1,64,165,3,143
1,65,165,130,143
1,66,165,18,143
1,67,165,12,143
1,68,165,160,143
1,69,165,108,143
1,70,165,6,143
1,71,165,14,143
1,72,165,29,143
1,73,165,132,143
1,74,165,4,143
1,75,165,2,143
1,76,165,7,143
1,77,165,11,143
2,78,165,97,143
2,79,165,102,143
2,80,165,113,143
2,81,165,95,143
2,82,165,94,143
2,83,165,117,143
2,84,165,114,143
2,85,165,106,143
2,86,165,25,143
2,87,165,115,143
2,88,165,93,143
2,89,165,92,143
2,90,165,107,143
2,91,165,101,143
2,92,165,91,143
2,93,165,100,143
2,94,165,116,143
2,95,165,89,143
2,96,165,103,143
2,97,165,112,143
2,98,165,17,143
2,99,165,96,143
2,100,165,118,143
2,101,165,90,143
1,102,165,111,143
1,103,165,110,143
1,104,165,99,143
1,105,165,98,143
1,106,165,104,143
1,107,165,109,143
1,108,165,8,143
1,109,165,105,143
1,110,165,84,143
1,111,165,66,143
1,112,165,23,143
1,113,165,69,143
1,114,165,85,143
1,115,165,77,143
1,116,165,87,143
1,117,165,70,143
1,118,165,72,143
1,119,165,83,143
1,120,165,79,143
1,121,165,82,143
1,122,165,81,143
1,123,165,78,143
1,124,165,76,143
1,125,165,86,143
1,126,165,64,143
1,127,165,71,143
1,128,165,80,143
1,129,165,88,143
1,130,165,48,143
1,131,165,75,143
1,132,165,67,143
1,133,165,73,143
1,134,165,44,143
1,135,165,63,143
1,136,165,74,143
1,137,165,65,143
1,138,165,62,143
1,139,165,68,143
1,140,165,51,143
1,141,165,36,143
1,142,165,54,143
1,143,165,41,143
1,144,165,33,143
1,145,165,61,143
1,146,165,55,143
1,147,165,43,143
39,148,165,46,143
39,149,165,40,143
1,150,165,37,143
1,151,165,60,143
1,152,165,50,143
1,153,165,47,143
1,154,165,53,143
1,155,165,39,143
1,156,165,58,143
1,157,165,35,143
1,158,165,59,143
1,159,165,45,143
1,160,165,42,143
1,161,165,49,143
1,162,165,56,143
1,163,165,38,143
1,164,165,34,143
1,165,165,57,143
1,166,165,52,143
1,1,166,146,298
1,2,166,141,298
1,3,166,155,298
1,4,166,147,298
1,5,166,139,298
1,6,166,134,298
1,7,166,166,298
1,8,166,152,298
1,9,166,138,298
1,10,166,144,298
1,11,166,124,298
1,12,166,122,298
1,13,166,149,298
1,14,166,128,298
1,15,166,129,298
1,16,166,119,298
1,17,166,123,298
1,18,166,161,298
1,19,166,154,298
1,20,166,145,298
1,21,166,125,298
1,22,166,150,298
1,23,166,156,298
1,24,166,142,298
1,25,166,165,298
1,26,166,159,298
1,27,166,158,298
1,28,166,153,298
1,29,166,135,298
1,30,166,137,298
1,31,166,164,298
1,32,166,148,298
1,33,166,151,298
1,34,166,157,298
1,35,166,22,298
1,36,166,127,298
1,37,166,1,298
1,38,166,131,298
1,39,166,136,298
1,40,166,140,298
1,41,166,120,298
1,42,166,21,298
1,43,166,121,298
1,44,166,16,298
1,45,166,32,298
1,46,166,10,298
1,47,166,126,298
1,48,166,19,298
1,49,166,31,298
1,50,166,27,298
1,51,166,163,298
1,52,166,133,298
1,53,166,28,298
1,54,166,9,298
1,55,166,13,298
1,56,166,20,298
1,57,166,30,298
1,58,166,143,298
1,59,166,15,298
1,60,166,26,298
1,61,166,24,298
1,62,166,162,298
1,63,166,5,298
1,64,166,3,298
1,65,166,130,298
1,66,166,18,298
1,67,166,12,298
1,68,166,160,298
1,69,166,108,298
1,70,166,6,298
1,71,166,14,298
1,72,166,29,298
1,73,166,132,298
1,74,166,4,298
1,75,166,2,298
1,76,166,7,298
1,77,166,11,298
2,78,166,97,298
2,79,166,102,298
2,80,166,113,298
2,81,166,95,298
2,82,166,94,298
2,83,166,117,298
2,84,166,114,298
2,85,166,106,298
2,86,166,25,298
2,87,166,115,298
2,88,166,93,298
2,89,166,92,298
2,90,166,107,298
2,91,166,101,298
2,92,166,91,298
2,93,166,100,298
2,94,166,116,298
2,95,166,89,298
2,96,166,103,298
2,97,166,112,298
2,98,166,17,298
2,99,166,96,298
2,100,166,118,298
2,101,166,90,298
1,102,166,111,298
1,103,166,110,298
1,104,166,99,298
1,105,166,98,298
1,106,166,104,298
1,107,166,109,298
1,108,166,8,298
1,109,166,105,298
1,110,166,84,298
1,111,166,66,298
1,112,166,23,298
1,113,166,69,298
1,114,166,85,298
1,115,166,77,298
1,116,166,87,298
1,117,166,70,298
1,118,166,72,298
1,119,166,83,298
1,120,166,79,298
1,121,166,82,298
1,122,166,81,298
1,123,166,78,298
1,124,166,76,298
1,125,166,86,298
1,126,166,64,298
1,127,166,71,298
1,128,166,80,298
1,129,166,88,298
1,130,166,48,298
1,131,166,75,298
1,132,166,67,298
1,133,166,73,298
1,134,166,44,298
1,135,166,63,298
1,136,166,74,298
1,137,166,65,298
1,138,166,62,298
1,139,166,68,298
1,140,166,51,298
1,141,166,36,298
1,142,166,54,298
1,143,166,41,298
1,144,166,33,298
1,145,166,61,298
1,146,166,55,298
1,147,166,43,298
39,148,166,46,298
39,149,166,40,298
1,150,166,37,298
1,151,166,60,298
1,152,166,50,298
1,153,166,47,298
1,154,166,53,298
1,155,166,39,298
1,156,166,58,298
1,157,166,35,298
1,158,166,59,298
1,159,166,45,298
1,160,166,42,298
1,161,166,49,298
1,162,166,56,298
1,163,166,38,298
1,164,166,34,298
1,165,166,57,298
1,166,166,52,298
1,1,167,146,275
1,2,167,141,275
1,3,167,155,275
1,4,167,147,275
1,5,167,139,275
1,6,167,134,275
1,7,167,166,275
1,8,167,152,275
1,9,167,138,275
1,10,167,144,275
1,11,167,124,275
1,12,167,122,275
1,13,167,149,275
1,14,167,128,275
1,15,167,129,275
1,16,167,119,275
1,17,167,123,275
1,18,167,161,275
1,19,167,154,275
1,20,167,145,275
1,21,167,125,275
1,22,167,150,275
1,23,167,156,275
1,24,167,142,275
1,25,167,165,275
1,26,167,159,275
1,27,167,158,275
1,28,167,153,275
1,29,167,135,275
1,30,167,137,275
1,31,167,164,275
1,32,167,148,275
1,33,167,151,275
1,34,167,157,275
1,35,167,22,275
1,36,167,127,275
1,37,167,1,275
1,38,167,131,275
1,39,167,136,275
1,40,167,140,275
1,41,167,120,275
1,42,167,21,275
1,43,167,121,275
1,44,167,16,275
1,45,167,32,275
1,46,167,10,275
1,47,167,126,275
1,48,167,19,275
1,49,167,31,275
1,50,167,27,275
1,51,167,163,275
1,52,167,133,275
1,53,167,28,275
1,54,167,9,275
1,55,167,13,275
1,56,167,20,275
1,57,167,30,275
1,58,167,143,275
1,59,167,15,275
1,60,167,26,275
1,61,167,24,275
1,62,167,162,275
1,63,167,5,275
1,64,167,3,275
1,65,167,130,275
1,66,167,18,275
1,67,167,12,275
1,68,167,160,275
1,69,167,108,275
1,70,167,6,275
1,71,167,14,275
1,72,167,29,275
1,73,167,132,275
1,74,167,4,275
1,75,167,2,275
1,76,167,7,275
1,77,167,11,275
2,78,167,97,275
2,79,167,102,275
2,80,167,113,275
2,81,167,95,275
2,82,167,94,275
2,83,167,117,275
2,84,167,114,275
2,85,167,106,275
2,86,167,25,275
2,87,167,115,275
2,88,167,93,275
2,89,167,92,275
2,90,167,107,275
2,91,167,101,275
2,92,167,91,275
2,93,167,100,275
2,94,167,116,275
2,95,167,89,275
2,96,167,103,275
2,97,167,112,275
2,98,167,17,275
2,99,167,96,275
2,100,167,118,275
2,101,167,90,275
1,102,167,111,275
1,103,167,110,275
1,104,167,99,275
1,105,167,98,275
1,106,167,104,275
1,107,167,109,275
1,108,167,8,275
1,109,167,105,275
1,110,167,84,275
1,111,167,66,275
1,112,167,23,275
1,113,167,69,275
1,114,167,85,275
1,115,167,77,275
1,116,167,87,275
1,117,167,70,275
1,118,167,72,275
1,119,167,83,275
1,120,167,79,275
1,121,167,82,275
1,122,167,81,275
1,123,167,78,275
1,124,167,76,275
1,125,167,86,275
1,126,167,64,275
1,127,167,71,275
1,128,167,80,275
1,129,167,88,275
1,130,167,48,275
1,131,167,75,275
1,132,167,67,275
1,133,167,73,275
1,134,167,44,275
1,135,167,63,275
1,136,167,74,275
1,137,167,65,275
1,138,167,62,275
1,139,167,68,275
1,140,167,51,275
1,141,167,36,275
1,142,167,54,275
1,143,167,41,275
1,144,167,33,275
1,145,167,61,275
1,146,167,55,275
1,147,167,43,275
1,148,167,46,275
1,149,167,40,275
1,150,167,37,275
1,151,167,60,275
1,152,167,50,275
1,153,167,47,275
1,154,167,53,275
1,155,167,39,275
1,156,167,58,275
1,157,167,35,275
1,158,167,59,275
1,159,167,45,275
1,160,167,42,275
1,161,167,49,275
1,162,167,56,275
1,163,167,38,275
1,164,167,34,275
1,165,167,57,275
1,166,167,52,275
1,1,168,146,132
1,2,168,141,132
1,3,168,155,132
1,4,168,147,132
1,5,168,139,132
1,6,168,134,132
1,7,168,166,132
1,8,168,152,132
1,9,168,138,132
1,10,168,144,132
1,11,168,124,132
1,12,168,122,132
1,13,168,149,132
1,14,168,128,132
1,15,168,129,132
1,16,168,119,132
1,17,168,123,132
1,18,168,161,132
1,19,168,154,132
1,20,168,145,132
1,21,168,125,132
1,22,168,150,132
1,23,168,156,132
1,24,168,142,132
1,25,168,165,132
1,26,168,159,132
1,27,168,158,132
1,28,168,153,132
1,29,168,135,132
1,30,168,137,132
1,31,168,164,132
1,32,168,148,132
1,33,168,151,132
1,34,168,157,132
1,35,168,22,132
1,36,168,127,132
1,37,168,1,132
1,38,168,131,132
1,39,168,136,132
1,40,168,140,132
1,41,168,120,132
1,42,168,21,132
1,43,168,121,132
1,44,168,16,132
1,45,168,32,132
1,46,168,10,132
1,47,168,126,132
1,48,168,19,132
1,49,168,31,132
1,50,168,27,132
1,51,168,163,132
1,52,168,133,132
1,53,168,28,132
1,54,168,9,132
1,55,168,13,132
1,56,168,20,132
1,57,168,30,132
1,58,168,143,132
1,59,168,15,132
1,60,168,26,132
1,61,168,24,132
1,62,168,162,132
1,63,168,5,132
1,64,168,3,132
1,65,168,130,132
1,66,168,18,132
1,67,168,12,132
1,68,168,160,132
1,69,168,108,132
1,70,168,6,132
1,71,168,14,132
1,72,168,29,132
1,73,168,132,132
1,74,168,4,132
1,75,168,2,132
1,76,168,7,132
1,77,168,11,132
2,78,168,97,132
2,79,168,102,132
2,80,168,113,132
2,81,168,95,132
2,82,168,94,132
2,83,168,117,132
2,84,168,114,132
2,85,168,106,132
2,86,168,25,132
2,87,168,115,132
2,88,168,93,132
2,89,168,92,132
2,90,168,107,132
2,91,168,101,132
2,92,168,91,132
2,93,168,100,132
2,94,168,116,132
2,95,168,89,132
2,96,168,103,132
2,97,168,112,132
2,98,168,17,132
2,99,168,96,132
2,100,168,118,132
2,101,168,90,132
1,102,168,111,132
1,103,168,110,132
1,104,168,99,132
1,105,168,98,132
1,106,168,104,132
1,107,168,109,132
1,108,168,8,132
1,109,168,105,132
1,110,168,84,132
1,111,168,66,132
1,112,168,23,132
35,113,168,69,132
35,114,168,85,132
35,115,168,77,132
35,116,168,87,132
35,117,168,70,132
35,118,168,72,132
35,119,168,83,132
35,120,168,79,132
35,121,168,82,132
35,122,168,81,132
35,123,168,78,132
35,124,168,76,132
35,125,168,86,132
35,126,168,64,132
35,127,168,71,132
36,128,168,80,132
1,129,168,88,132
1,130,168,48,132
1,131,168,75,132
1,132,168,67,132
1,133,168,73,132
1,134,168,44,132
1,135,168,63,132
1,136,168,74,132
1,137,168,65,132
1,138,168,62,132
1,139,168,68,132
1,140,168,51,132
1,141,168,36,132
1,142,168,54,132
1,143,168,41,132
1,144,168,33,132
1,145,168,61,132
1,146,168,55,132
1,147,168,43,132
1,148,168,46,132
1,149,168,40,132
1,150,168,37,132
1,151,168,60,132
1,152,168,50,132
1,153,168,47,132
1,154,168,53,132
1,155,168,39,132
1,156,168,58,132
1,157,168,35,132
1,158,168,59,132
1,159,168,45,132
1,160,168,42,132
1,161,168,49,132
1,162,168,56,132
1,163,168,38,132
1,164,168,34,132
1,165,168,57,132
1,166,168,52,132
1,1,169,146,237
1,2,169,141,237
1,3,169,155,237
1,4,169,147,237
1,5,169,139,237
1,6,169,134,237
1,7,169,166,237
1,8,169,152,237
1,9,169,138,237
1,10,169,144,237
1,11,169,124,237
1,12,169,122,237
1,13,169,149,237
1,14,169,128,237
1,15,169,129,237
1,16,169,119,237
1,17,169,123,237
1,18,169,161,237
1,19,169,154,237
1,20,169,145,237
1,21,169,125,237
1,22,169,150,237
1,23,169,156,237
1,24,169,142,237
1,25,169,165,237
1,26,169,159,237
1,27,169,158,237
1,28,169,153,237
1,29,169,135,237
1,30,169,137,237
1,31,169,164,237
1,32,169,148,237
1,33,169,151,237
1,34,169,157,237
1,35,169,22,237
1,36,169,127,237
1,37,169,1,237
1,38,169,131,237
1,39,169,136,237
1,40,169,140,237
1,41,169,120,237
1,42,169,21,237
1,43,169,121,237
1,44,169,16,237
1,45,169,32,237
1,46,169,10,237
1,47,169,126,237
1,48,169,19,237
1,49,169,31,237
1,50,169,27,237
1,51,169,163,237
1,52,169,133,237
1,53,169,28,237
1,54,169,9,237
1,55,169,13,237
1,56,169,20,237
1,57,169,30,237
1,58,169,143,237
1,59,169,15,237
1,60,169,26,237
1,61,169,24,237
1,62,169,162,237
1,63,169,5,237
1,64,169,3,237
1,65,169,130,237
1,66,169,18,237
1,67,169,12,237
1,68,169,160,237
1,69,169,108,237
1,70,169,6,237
1,71,169,14,237
1,72,169,29,237
1,73,169,132,237
1,74,169,4,237
1,75,169,2,237
1,76,169,7,237
1,77,169,11,237
2,78,169,97,237
2,79,169,102,237
2,80,169,113,237
2,81,169,95,237
2,82,169,94,237
2,83,169,117,237
2,84,169,114,237
2,85,169,106,237
2,86,169,25,237
2,87,169,115,237
2,88,169,93,237
2,89,169,92,237
2,90,169,107,237
2,91,169,101,237
2,92,169,91,237
2,93,169,100,237
2,94,169,116,237
2,95,169,89,237
2,96,169,103,237
2,97,169,112,237
2,98,169,17,237
2,99,169,96,237
2,100,169,118,237
2,101,169,90,237
1,102,169,111,237
1,103,169,110,237
1,104,169,99,237
1,105,169,98,237
1,106,169,104,237
1,107,169,109,237
1,108,169,8,237
1,109,169,105,237
1,110,169,84,237
1,111,169,66,237
1,112,169,23,237
1,113,169,69,237
1,114,169,85,237
1,115,169,77,237
1,116,169,87,237
1,117,169,70,237
1,118,169,72,237
1,119,169,83,237
1,120,169,79,237
1,121,169,82,237
1,122,169,81,237
1,123,169,78,237
1,124,169,76,237
1,125,169,86,237
1,126,169,64,237
1,127,169,71,237
1,128,169,80,237
1,129,169,88,237
1,130,169,48,237
1,131,169,75,237
1,132,169,67,237
1,133,169,73,237
1,134,169,44,237
1,135,169,63,237
1,136,169,74,237
1,137,169,65,237
1,138,169,62,237
1,139,169,68,237
1,140,169,51,237
1,141,169,36,237
1,142,169,54,237
1,143,169,41,237
1,144,169,33,237
1,145,169,61,237
1,146,169,55,237
1,147,169,43,237
1,148,169,46,237
1,149,169,40,237
1,150,169,37,237
1,151,169,60,237
1,152,169,50,237
1,153,169,47,237
1,154,169,53,237
1,155,169,39,237
1,156,169,58,237
1,157,169,35,237
1,158,169,59,237
1,159,169,45,237
1,160,169,42,237
1,161,169,49,237
1,162,169,56,237
1,163,169,38,237
1,164,169,34,237
1,165,169,57,237
1,166,169,52,237
1,1,170,146,111
1,2,170,141,111
1,3,170,155,111
1,4,170,147,111
1,5,170,139,111
1,6,170,134,111
1,7,170,166,111
1,8,170,152,111
1,9,170,138,111
1,10,170,144,111
1,11,170,124,111
1,12,170,122,111
1,13,170,149,111
1,14,170,128,111
1,15,170,129,111
1,16,170,119,111
1,17,170,123,111
1,18,170,161,111
1,19,170,154,111
1,20,170,145,111
1,21,170,125,111
1,22,170,150,111
1,23,170,156,111
1,24,170,142,111
1,25,170,165,111
1,26,170,159,111
1,27,170,158,111
1,28,170,153,111
1,29,170,135,111
1,30,170,137,111
1,31,170,164,111
1,32,170,148,111
1,33,170,151,111
1,34,170,157,111
1,35,170,22,111
1,36,170,127,111
1,37,170,1,111
1,38,170,131,111
1,39,170,136,111
1,40,170,140,111
1,41,170,120,111
1,42,170,21,111
1,43,170,121,111
1,44,170,16,111
1,45,170,32,111
1,46,170,10,111
1,47,170,126,111
1,48,170,19,111
1,49,170,31,111
1,50,170,27,111
1,51,170,163,111
1,52,170,133,111
1,53,170,28,111
1,54,170,9,111
1,55,170,13,111
1,56,170,20,111
1,57,170,30,111
1,58,170,143,111
1,59,170,15,111
1,60,170,26,111
1,61,170,24,111
1,62,170,162,111
1,63,170,5,111
1,64,170,3,111
1,65,170,130,111
1,66,170,18,111
1,67,170,12,111
1,68,170,160,111
1,69,170,108,111
1,70,170,6,111
1,71,170,14,111
1,72,170,29,111
1,73,170,132,111
1,74,170,4,111
1,75,170,2,111
1,76,170,7,111
1,77,170,11,111
2,78,170,97,111
2,79,170,102,111
2,80,170,113,111
2,81,170,95,111
2,82,170,94,111
2,83,170,117,111
2,84,170,114,111
2,85,170,106,111
2,86,170,25,111
2,87,170,115,111
2,88,170,93,111
2,89,170,92,111
2,90,170,107,111
2,91,170,101,111
2,92,170,91,111
2,93,170,100,111
2,94,170,116,111
2,95,170,89,111
2,96,170,103,111
2,97,170,112,111
2,98,170,17,111
2,99,170,96,111
2,100,170,118,111
2,101,170,90,111
1,102,170,111,111
1,103,170,110,111
1,104,170,99,111
1,105,170,98,111
1,106,170,104,111
1,107,170,109,111
1,108,170,8,111
1,109,170,105,111
1,110,170,84,111
1,111,170,66,111
1,112,170,23,111
1,113,170,69,111
1,114,170,85,111
1,115,170,77,111
1,116,170,87,111
1,117,170,70,111
1,118,170,72,111
1,119,170,83,111
1,120,170,79,111
1,121,170,82,111
1,122,170,81,111
1,123,170,78,111
1,124,170,76,111
1,125,170,86,111
1,126,170,64,111
1,127,170,71,111
1,128,170,80,111
1,129,170,88,111
1,130,170,48,111
1,131,170,75,111
1,132,170,67,111
1,133,170,73,111
1,134,170,44,111
1,135,170,63,111
1,136,170,74,111
1,137,170,65,111
1,138,170,62,111
1,139,170,68,111
1,140,170,51,111
1,141,170,36,111
1,142,170,54,111
1,143,170,41,111
1,144,170,33,111
1,145,170,61,111
1,146,170,55,111
1,147,170,43,111
1,148,170,46,111
1,149,170,40,111
1,150,170,37,111
1,151,170,60,111
1,152,170,50,111
1,153,170,47,111
1,154,170,53,111
1,155,170,39,111
1,156,170,58,111
1,157,170,35,111
1,158,170,59,111
1,159,170,45,111
1,160,170,42,111
1,161,170,49,111
1,162,170,56,111
1,163,170,38,111
1,164,170,34,111
1,165,170,57,111
1,166,170,52,111
1,1,171,146,47
1,2,171,141,47
1,3,171,155,47
1,4,171,147,47
1,5,171,139,47
1,6,171,134,47
1,7,171,166,47
1,8,171,152,47
1,9,171,138,47
1,10,171,144,47
1,11,171,124,47
1,12,171,122,47
1,13,171,149,47
1,14,171,128,47
1,15,171,129,47
1,16,171,119,47
1,17,171,123,47
1,18,171,161,47
1,19,171,154,47
1,20,171,145,47
1,21,171,125,47
1,22,171,150,47
1,23,171,156,47
1,24,171,142,47
1,25,171,165,47
1,26,171,159,47
1,27,171,158,47
1,28,171,153,47
1,29,171,135,47
1,30,171,137,47
1,31,171,164,47
1,32,171,148,47
1,33,171,151,47
1,34,171,157,47
1,35,171,22,47
1,36,171,127,47
1,37,171,1,47
1,38,171,131,47
1,39,171,136,47
1,40,171,140,47
1,41,171,120,47
1,42,171,21,47
1,43,171,121,47
1,44,171,16,47
1,45,171,32,47
1,46,171,10,47
1,47,171,126,47
1,48,171,19,47
1,49,171,31,47
1,50,171,27,47
1,51,171,163,47
1,52,171,133,47
1,53,171,28,47
1,54,171,9,47
1,55,171,13,47
1,56,171,20,47
1,57,171,30,47
1,58,171,143,47
1,59,171,15,47
1,60,171,26,47
1,61,171,24,47
1,62,171,162,47
1,63,171,5,47
1,64,171,3,47
1,65,171,130,47
1,66,171,18,47
1,67,171,12,47
1,68,171,160,47
1,69,171,108,47
1,70,171,6,47
1,71,171,14,47
1,72,171,29,47
1,73,171,132,47
1,74,171,4,47
1,75,171,2,47
1,76,171,7,47
1,77,171,11,47
2,78,171,97,47
2,79,171,102,47
2,80,171,113,47
2,81,171,95,47
2,82,171,94,47
2,83,171,117,47
2,84,171,114,47
2,85,171,106,47
2,86,171,25,47
2,87,171,115,47
2,88,171,93,47
2,89,171,92,47
2,90,171,107,47
2,91,171,101,47
2,92,171,91,47
2,93,171,100,47
2,94,171,116,47
2,95,171,89,47
2,96,171,103,47
2,97,171,112,47
2,98,171,17,47
2,99,171,96,47
2,100,171,118,47
2,101,171,90,47
1,102,171,111,47
1,103,171,110,47
1,104,171,99,47
1,105,171,98,47
1,106,171,104,47
1,107,171,109,47
1,108,171,8,47
1,109,171,105,47
1,110,171,84,47
1,111,171,66,47
1,112,171,23,47
1,113,171,69,47
1,114,171,85,47
1,115,171,77,47
1,116,171,87,47
1,117,171,70,47
1,118,171,72,47
1,119,171,83,47
1,120,171,79,47
1,121,171,82,47
1,122,171,81,47
1,123,171,78,47
1,124,171,76,47
1,125,171,86,47
1,126,171,64,47
1,127,171,71,47
1,128,171,80,47
1,129,171,88,47
1,130,171,48,47
1,131,171,75,47
1,132,171,67,47
1,133,171,73,47
1,134,171,44,47
1,135,171,63,47
1,136,171,74,47
1,137,171,65,47
1,138,171,62,47
1,139,171,68,47
1,140,171,51,47
1,141,171,36,47
1,142,171,54,47
1,143,171,41,47
1,144,171,33,47
1,145,171,61,47
1,146,171,55,47
1,147,171,43,47
1,148,171,46,47
1,149,171,40,47
1,150,171,37,47
1,151,171,60,47
1,152,171,50,47
1,153,171,47,47
1,154,171,53,47
1,155,171,39,47
1,156,171,58,47
1,157,171,35,47
1,158,171,59,47
1,159,171,45,47
1,160,171,42,47
1,161,171,49,47
1,162,171,56,47
1,163,171,38,47
1,164,171,34,47
1,165,171,57,47
1,166,171,52,47
1,1,172,146,39
1,2,172,141,39
1,3,172,155,39
1,4,172,147,39
1,5,172,139,39
1,6,172,134,39
1,7,172,166,39
1,8,172,152,39
1,9,172,138,39
1,10,172,144,39
1,11,172,124,39
1,12,172,122,39
1,13,172,149,39
1,14,172,128,39
1,15,172,129,39
1,16,172,119,39
1,17,172,123,39
1,18,172,161,39
1,19,172,154,39
1,20,172,145,39
1,21,172,125,39
1,22,172,150,39
1,23,172,156,39
1,24,172,142,39
1,25,172,165,39
1,26,172,159,39
1,27,172,158,39
1,28,172,153,39
1,29,172,135,39
1,30,172,137,39
1,31,172,164,39
1,32,172,148,39
1,33,172,151,39
1,34,172,157,39
1,35,172,22,39
1,36,172,127,39
1,37,172,1,39
1,38,172,131,39
1,39,172,136,39
1,40,172,140,39
1,41,172,120,39
1,42,172,21,39
1,43,172,121,39
1,44,172,16,39
1,45,172,32,39
1,46,172,10,39
1,47,172,126,39
1,48,172,19,39
1,49,172,31,39
1,50,172,27,39
1,51,172,163,39
1,52,172,133,39
1,53,172,28,39
1,54,172,9,39
1,55,172,13,39
1,56,172,20,39
1,57,172,30,39
1,58,172,143,39
1,59,172,15,39
1,60,172,26,39
1,61,172,24,39
1,62,172,162,39
1,63,172,5,39
1,64,172,3,39
1,65,172,130,39
1,66,172,18,39
1,67,172,12,39
1,68,172,160,39
1,69,172,108,39
1,70,172,6,39
1,71,172,14,39
1,72,172,29,39
1,73,172,132,39
1,74,172,4,39
1,75,172,2,39
1,76,172,7,39
1,77,172,11,39
2,78,172,97,39
2,79,172,102,39
2,80,172,113,39
2,81,172,95,39
2,82,172,94,39
2,83,172,117,39
2,84,172,114,39
2,85,172,106,39
2,86,172,25,39
2,87,172,115,39
2,88,172,93,39
2,89,172,92,39
2,90,172,107,39
2,91,172,101,39
2,92,172,91,39
2,93,172,100,39
2,94,172,116,39
2,95,172,89,39
2,96,172,103,39
2,97,172,112,39
2,98,172,17,39
2,99,172,96,39
2,100,172,118,39
2,101,172,90,39
1,102,172,111,39
1,103,172,110,39
1,104,172,99,39
1,105,172,98,39
1,106,172,104,39
1,107,172,109,39
1,108,172,8,39
1,109,172,105,39
1,110,172,84,39
1,111,172,66,39
1,112,172,23,39
1,113,172,69,39
1,114,172,85,39
1,115,172,77,39
1,116,172,87,39
1,117,172,70,39
1,118,172,72,39
1,119,172,83,39
1,120,172,79,39
1,121,172,82,39
1,122,172,81,39
1,123,172,78,39
1,124,172,76,39
1,125,172,86,39
1,126,172,64,39
1,127,172,71,39
1,128,172,80,39
1,129,172,88,39
1,130,172,48,39
1,131,172,75,39
1,132,172,67,39
1,133,172,73,39
1,134,172,44,39
1,135,172,63,39
1,136,172,74,39
1,137,172,65,39
1,138,172,62,39
1,139,172,68,39
1,140,172,51,39
1,141,172,36,39
1,142,172,54,39
1,143,172,41,39
1,144,172,33,39
1,145,172,61,39
1,146,172,55,39
1,147,172,43,39
1,148,172,46,39
1,149,172,40,39
1,150,172,37,39
1,151,172,60,39
1,152,172,50,39
1,153,172,47,39
1,154,172,53,39
1,155,172,39,39
1,156,172,58,39
1,157,172,35,39
1,158,172,59,39
1,159,172,45,39
1,160,172,42,39
1,161,172,49,39
1,162,172,56,39
1,163,172,38,39
1,164,172,34,39
1,165,172,57,39
1,166,172,52,39
1,1,173,146,236
1,2,173,141,236
1,3,173,155,236
1,4,173,147,236
1,5,173,139,236
1,6,173,134,236
1,7,173,166,236
1,8,173,152,236
1,9,173,138,236
1,10,173,144,236
1,11,173,124,236
1,12,173,122,236
1,13,173,149,236
1,14,173,128,236
1,15,173,129,236
1,16,173,119,236
1,17,173,123,236
1,18,173,161,236
1,19,173,154,236
1,20,173,145,236
1,21,173,125,236
1,22,173,150,236
1,23,173,156,236
1,24,173,142,236
1,25,173,165,236
1,26,173,159,236
1,27,173,158,236
1,28,173,153,236
1,29,173,135,236
1,30,173,137,236
1,31,173,164,236
1,32,173,148,236
1,33,173,151,236
1,34,173,157,236
1,35,173,22,236
1,36,173,127,236
1,37,173,1,236
1,38,173,131,236
1,39,173,136,236
1,40,173,140,236
1,41,173,120,236
1,42,173,21,236
1,43,173,121,236
1,44,173,16,236
1,45,173,32,236
1,46,173,10,236
1,47,173,126,236
1,48,173,19,236
1,49,173,31,236
1,50,173,27,236
1,51,173,163,236
1,52,173,133,236
1,53,173,28,236
1,54,173,9,236
1,55,173,13,236
1,56,173,20,236
1,57,173,30,236
1,58,173,143,236
1,59,173,15,236
1,60,173,26,236
1,61,173,24,236
1,62,173,162,236
1,63,173,5,236
1,64,173,3,236
1,65,173,130,236
1,66,173,18,236
1,67,173,12,236
1,68,173,160,236
1,69,173,108,236
1,70,173,6,236
1,71,173,14,236
1,72,173,29,236
1,73,173,132,236
1,74,173,4,236
1,75,173,2,236
1,76,173,7,236
1,77,173,11,236
2,78,173,97,236
2,79,173,102,236
2,80,173,113,236
2,81,173,95,236
2,82,173,94,236
2,83,173,117,236
2,84,173,114,236
2,85,173,106,236
2,86,173,25,236
2,87,173,115,236
2,88,173,93,236
2,89,173,92,236
2,90,173,107,236
2,91,173,101,236
2,92,173,91,236
2,93,173,100,236
2,94,173,116,236
2,95,173,89,236
2,96,173,103,236
2,97,173,112,236
2,98,173,17,236
2,99,173,96,236
2,100,173,118,236
2,101,173,90,236
1,102,173,111,236
1,103,173,110,236
1,104,173,99,236
1,105,173,98,236
1,106,173,104,236
1,107,173,109,236
1,108,173,8,236
1,109,173,105,236
1,110,173,84,236
1,111,173,66,236
1,112,173,23,236
1,113,173,69,236
1,114,173,85,236
1,115,173,77,236
1,116,173,87,236
1,117,173,70,236
1,118,173,72,236
1,119,173,83,236
1,120,173,79,236
1,121,173,82,236
1,122,173,81,236
1,123,173,78,236
1,124,173,76,236
1,125,173,86,236
1,126,173,64,236
1,127,173,71,236
1,128,173,80,236
1,129,173,88,236
1,130,173,48,236
1,131,173,75,236
1,132,173,67,236
1,133,173,73,236
1,134,173,44,236
1,135,173,63,236
1,136,173,74,236
1,137,173,65,236
1,138,173,62,236
1,139,173,68,236
1,140,173,51,236
1,141,173,36,236
1,142,173,54,236
1,143,173,41,236
1,144,173,33,236
1,145,173,61,236
1,146,173,55,236
1,147,173,43,236
1,148,173,46,236
1,149,173,40,236
1,150,173,37,236
1,151,173,60,236
1,152,173,50,236
1,153,173,47,236
1,154,173,53,236
1,155,173,39,236
1,156,173,58,236
1,157,173,35,236
1,158,173,59,236
1,159,173,45,236
1,160,173,42,236
1,161,173,49,236
1,162,173,56,236
1,163,173,38,236
1,164,173,34,236
1,165,173,57,236
1,166,173,52,236
1,1,174,146,12
1,2,174,141,12
1,3,174,155,12
1,4,174,147,12
1,5,174,139,12
1,6,174,134,12
1,7,174,166,12
1,8,174,152,12
1,9,174,138,12
1,10,174,144,12
1,11,174,124,12
1,12,174,122,12
1,13,174,149,12
1,14,174,128,12
1,15,174,129,12
1,16,174,119,12
1,17,174,123,12
1,18,174,161,12
1,19,174,154,12
1,20,174,145,12
1,21,174,125,12
1,22,174,150,12
1,23,174,156,12
1,24,174,142,12
1,25,174,165,12
1,26,174,159,12
1,27,174,158,12
1,28,174,153,12
1,29,174,135,12
1,30,174,137,12
1,31,174,164,12
1,32,174,148,12
1,33,174,151,12
1,34,174,157,12
1,35,174,22,12
1,36,174,127,12
1,37,174,1,12
1,38,174,131,12
1,39,174,136,12
1,40,174,140,12
1,41,174,120,12
1,42,174,21,12
1,43,174,121,12
1,44,174,16,12
1,45,174,32,12
1,46,174,10,12
1,47,174,126,12
1,48,174,19,12
1,49,174,31,12
1,50,174,27,12
1,51,174,163,12
1,52,174,133,12
1,53,174,28,12
1,54,174,9,12
1,55,174,13,12
1,56,174,20,12
1,57,174,30,12
1,58,174,143,12
1,59,174,15,12
1,60,174,26,12
1,61,174,24,12
1,62,174,162,12
1,63,174,5,12
1,64,174,3,12
1,65,174,130,12
1,66,174,18,12
1,67,174,12,12
1,68,174,160,12
1,69,174,108,12
1,70,174,6,12
1,71,174,14,12
1,72,174,29,12
1,73,174,132,12
1,74,174,4,12
1,75,174,2,12
1,76,174,7,12
1,77,174,11,12
2,78,174,97,12
2,79,174,102,12
2,80,174,113,12
2,81,174,95,12
2,82,174,94,12
2,83,174,117,12
2,84,174,114,12
2,85,174,106,12
2,86,174,25,12
2,87,174,115,12
2,88,174,93,12
2,89,174,92,12
2,90,174,107,12
2,91,174,101,12
2,92,174,91,12
2,93,174,100,12
2,94,174,116,12
2,95,174,89,12
2,96,174,103,12
2,97,174,112,12
2,98,174,17,12
2,99,174,96,12
2,100,174,118,12
2,101,174,90,12
1,102,174,111,12
1,103,174,110,12
1,104,174,99,12
1,105,174,98,12
1,106,174,104,12
1,107,174,109,12
1,108,174,8,12
1,109,174,105,12
1,110,174,84,12
1,111,174,66,12
1,112,174,23,12
1,113,174,69,12
1,114,174,85,12
1,115,174,77,12
1,116,174,87,12
1,117,174,70,12
1,118,174,72,12
1,119,174,83,12
1,120,174,79,12
1,121,174,82,12
1,122,174,81,12
1,123,174,78,12
1,124,174,76,12
1,125,174,86,12
1,126,174,64,12
1,127,174,71,12
1,128,174,80,12
1,129,174,88,12
1,130,174,48,12
1,131,174,75,12
1,132,174,67,12
1,133,174,73,12
1,134,174,44,12
1,135,174,63,12
1,136,174,74,12
1,137,174,65,12
1,138,174,62,12
1,139,174,68,12
1,140,174,51,12
1,141,174,36,12
1,142,174,54,12
1,143,174,41,12
1,144,174,33,12
1,145,174,61,12
1,146,174,55,12
1,147,174,43,12
1,148,174,46,12
1,149,174,40,12
1,150,174,37,12
1,151,174,60,12
1,152,174,50,12
1,153,174,47,12
1,154,174,53,12
1,155,174,39,12
1,156,174,58,12
1,157,174,35,12
1,158,174,59,12
1,159,174,45,12
1,160,174,42,12
1,161,174,49,12
1,162,174,56,12
1,163,174,38,12
1,164,174,34,12
1,165,174,57,12
1,166,174,52,12
1,1,175,146,72
1,2,175,141,72
1,3,175,155,72
1,4,175,147,72
1,5,175,139,72
1,6,175,134,72
1,7,175,166,72
1,8,175,152,72
1,9,175,138,72
1,10,175,144,72
1,11,175,124,72
1,12,175,122,72
1,13,175,149,72
1,14,175,128,72
1,15,175,129,72
1,16,175,119,72
1,17,175,123,72
1,18,175,161,72
1,19,175,154,72
1,20,175,145,72
1,21,175,125,72
1,22,175,150,72
1,23,175,156,72
1,24,175,142,72
1,25,175,165,72
1,26,175,159,72
1,27,175,158,72
1,28,175,153,72
1,29,175,135,72
1,30,175,137,72
1,31,175,164,72
1,32,175,148,72
1,33,175,151,72
1,34,175,157,72
1,35,175,22,72
1,36,175,127,72
1,37,175,1,72
1,38,175,131,72
1,39,175,136,72
1,40,175,140,72
1,41,175,120,72
1,42,175,21,72
1,43,175,121,72
1,44,175,16,72
1,45,175,32,72
1,46,175,10,72
1,47,175,126,72
1,48,175,19,72
1,49,175,31,72
1,50,175,27,72
1,51,175,163,72
1,52,175,133,72
1,53,175,28,72
1,54,175,9,72
1,55,175,13,72
1,56,175,20,72
1,57,175,30,72
1,58,175,143,72
1,59,175,15,72
1,60,175,26,72
1,61,175,24,72
1,62,175,162,72
1,63,175,5,72
1,64,175,3,72
1,65,175,130,72
1,66,175,18,72
1,67,175,12,72
1,68,175,160,72
1,69,175,108,72
1,70,175,6,72
1,71,175,14,72
1,72,175,29,72
1,73,175,132,72
1,74,175,4,72
1,75,175,2,72
1,76,175,7,72
1,77,175,11,72
2,78,175,97,72
2,79,175,102,72
2,80,175,113,72
2,81,175,95,72
2,82,175,94,72
2,83,175,117,72
2,84,175,114,72
2,85,175,106,72
2,86,175,25,72
2,87,175,115,72
2,88,175,93,72
2,89,175,92,72
2,90,175,107,72
2,91,175,101,72
2,92,175,91,72
2,93,175,100,72
2,94,175,116,72
2,95,175,89,72
2,96,175,103,72
2,97,175,112,72
2,98,175,17,72
2,99,175,96,72
2,100,175,118,72
2,101,175,90,72
1,102,175,111,72
1,103,175,110,72
1,104,175,99,72
1,105,175,98,72
1,106,175,104,72
1,107,175,109,72
1,108,175,8,72
1,109,175,105,72
1,110,175,84,72
1,111,175,66,72
1,112,175,23,72
1,113,175,69,72
1,114,175,85,72
1,115,175,77,72
1,116,175,87,72
1,117,175,70,72
1,118,175,72,72
1,119,175,83,72
1,120,175,79,72
1,121,175,82,72
1,122,175,81,72
1,123,175,78,72
1,124,175,76,72
1,125,175,86,72
1,126,175,64,72
1,127,175,71,72
1,128,175,80,72
1,129,175,88,72
1,130,175,48,72
1,131,175,75,72
1,132,175,67,72
1,133,175,73,72
1,134,175,44,72
1,135,175,63,72
1,136,175,74,72
1,137,175,65,72
1,138,175,62,72
1,139,175,68,72
1,140,175,51,72
1,141,175,36,72
1,142,175,54,72
1,143,175,41,72
1,144,175,33,72
1,145,175,61,72
1,146,175,55,72
1,147,175,43,72
1,148,175,46,72
1,149,175,40,72
1,150,175,37,72
1,151,175,60,72
1,152,175,50,72
1,153,175,47,72
1,154,175,53,72
1,155,175,39,72
1,156,175,58,72
1,157,175,35,72
1,158,175,59,72
1,159,175,45,72
1,160,175,42,72
1,161,175,49,72
1,162,175,56,72
1,163,175,38,72
1,164,175,34,72
1,165,175,57,72
1,166,175,52,72
1,1,176,146,215
1,2,176,141,215
1,3,176,155,215
1,4,176,147,215
1,5,176,139,215
1,6,176,134,215
1,7,176,166,215
1,8,176,152,215
1,9,176,138,215
1,10,176,144,215
1,11,176,124,215
1,12,176,122,215
1,13,176,149,215
1,14,176,128,215
1,15,176,129,215
1,16,176,119,215
1,17,176,123,215
34,18,176,161,215
34,19,176,154,215
34,20,176,145,215
34,21,176,125,215
34,22,176,150,215
34,23,176,156,215
34,24,176,142,215
34,25,176,165,215
34,26,176,159,215
34,27,176,158,215
34,28,176,153,215
34,29,176,135,215
34,30,176,137,215
34,31,176,164,215
34,32,176,148,215
34,33,176,151,215
34,34,176,157,215
34,35,176,22,215
34,36,176,127,215
34,37,176,1,215
34,38,176,131,215
34,39,176,136,215
34,40,176,140,215
34,41,176,120,215
34,42,176,21,215
34,43,176,121,215
34,44,176,16,215
34,45,176,32,215
34,46,176,10,215
34,47,176,126,215
34,48,176,19,215
34,49,176,31,215
34,50,176,27,215
1,51,176,163,215
1,52,176,133,215
1,53,176,28,215
1,54,176,9,215
1,55,176,13,215
1,56,176,20,215
1,57,176,30,215
1,58,176,143,215
1,59,176,15,215
1,60,176,26,215
1,61,176,24,215
1,62,176,162,215
1,63,176,5,215
1,64,176,3,215
1,65,176,130,215
1,66,176,18,215
1,67,176,12,215
1,68,176,160,215
1,69,176,108,215
1,70,176,6,215
1,71,176,14,215
1,72,176,29,215
1,73,176,132,215
1,74,176,4,215
1,75,176,2,215
1,76,176,7,215
1,77,176,11,215
2,78,176,97,215
2,79,176,102,215
2,80,176,113,215
2,81,176,95,215
2,82,176,94,215
2,83,176,117,215
2,84,176,114,215
2,85,176,106,215
2,86,176,25,215
2,87,176,115,215
2,88,176,93,215
2,89,176,92,215
2,90,176,107,215
2,91,176,101,215
2,92,176,91,215
2,93,176,100,215
2,94,176,116,215
2,95,176,89,215
2,96,176,103,215
2,97,176,112,215
2,98,176,17,215
2,99,176,96,215
2,100,176,118,215
2,101,176,90,215
1,102,176,111,215
1,103,176,110,215
1,104,176,99,215
1,105,176,98,215
1,106,176,104,215
1,107,176,109,215
1,108,176,8,215
1,109,176,105,215
1,110,176,84,215
1,111,176,66,215
1,112,176,23,215
1,113,176,69,215
1,114,176,85,215
1,115,176,77,215
1,116,176,87,215
1,117,176,70,215
1,118,176,72,215
1,119,176,83,215
1,120,176,79,215
1,121,176,82,215
1,122,176,81,215
1,123,176,78,215
1,124,176,76,215
1,125,176,86,215
1,126,176,64,215
1,127,176,71,215
30,128,176,80,215
30,129,176,88,215
1,130,176,48,215
1,131,176,75,215
1,132,176,67,215
1,133,176,73,215
1,134,176,44,215
1,135,176,63,215
1,136,176,74,215
1,137,176,65,215
1,138,176,62,215
1,139,176,68,215
37,140,176,51,215
37,141,176,36,215
37,142,176,54,215
37,143,176,41,215
37,144,176,33,215
37,145,176,61,215
37,146,176,55,215
37,147,176,43,215
1,148,176,46,215
1,149,176,40,215
1,150,176,37,215
1,151,176,60,215
1,152,176,50,215
1,153,176,47,215
1,154,176,53,215
1,155,176,39,215
1,156,176,58,215
1,157,176,35,215
1,158,176,59,215
1,159,176,45,215
1,160,176,42,215
1,161,176,49,215
1,162,176,56,215
1,163,176,38,215
1,164,176,34,215
1,165,176,57,215
1,166,176,52,215
1,1,177,146,34
1,2,177,141,34
1,3,177,155,34
1,4,177,147,34
1,5,177,139,34
1,6,177,134,34
1,7,177,166,34
1,8,177,152,34
1,9,177,138,34
1,10,177,144,34
1,11,177,124,34
1,12,177,122,34
1,13,177,149,34
1,14,177,128,34
1,15,177,129,34
1,16,177,119,34
1,17,177,123,34
1,18,177,161,34
1,19,177,154,34
1,20,177,145,34
1,21,177,125,34
1,22,177,150,34
1,23,177,156,34
1,24,177,142,34
1,25,177,165,34
1,26,177,159,34
1,27,177,158,34
1,28,177,153,34
1,29,177,135,34
1,30,177,137,34
1,31,177,164,34
1,32,177,148,34
1,33,177,151,34
1,34,177,157,34
1,35,177,22,34
1,36,177,127,34
1,37,177,1,34
1,38,177,131,34
1,39,177,136,34
1,40,177,140,34
1,41,177,120,34
1,42,177,21,34
1,43,177,121,34
1,44,177,16,34
1,45,177,32,34
1,46,177,10,34
1,47,177,126,34
1,48,177,19,34
1,49,177,31,34
1,50,177,27,34
1,51,177,163,34
1,52,177,133,34
1,53,177,28,34
1,54,177,9,34
1,55,177,13,34
1,56,177,20,34
1,57,177,30,34
1,58,177,143,34
1,59,177,15,34
1,60,177,26,34
1,61,177,24,34
1,62,177,162,34
1,63,177,5,34
1,64,177,3,34
1,65,177,130,34
1,66,177,18,34
1,67,177,12,34
1,68,177,160,34
1,69,177,108,34
1,70,177,6,34
1,71,177,14,34
1,72,177,29,34
1,73,177,132,34
1,74,177,4,34
1,75,177,2,34
1,76,177,7,34
1,77,177,11,34
2,78,177,97,34
2,79,177,102,34
2,80,177,113,34
2,81,177,95,34
2,82,177,94,34
2,83,177,117,34
2,84,177,114,34
2,85,177,106,34
2,86,177,25,34
2,87,177,115,34
2,88,177,93,34
2,89,177,92,34
2,90,177,107,34
2,91,177,101,34
2,92,177,91,34
2,93,177,100,34
2,94,177,116,34
2,95,177,89,34
2,96,177,103,34
2,97,177,112,34
2,98,177,17,34
2,99,177,96,34
2,100,177,118,34
2,101,177,90,34
1,102,177,111,34
1,103,177,110,34
1,104,177,99,34
1,105,177,98,34
1,106,177,104,34
1,107,177,109,34
1,108,177,8,34
1,109,177,105,34
1,110,177,84,34
1,111,177,66,34
1,112,177,23,34
1,113,177,69,34
1,114,177,85,34
1,115,177,77,34
1,116,177,87,34
1,117,177,70,34
1,118,177,72,34
1,119,177,83,34
1,120,177,79,34
1,121,177,82,34
1,122,177,81,34
1,123,177,78,34
1,124,177,76,34
1,125,177,86,34
1,126,177,64,34
1,127,177,71,34
1,128,177,80,34
1,129,177,88,34
1,130,177,48,34
1,131,177,75,34
1,132,177,67,34
1,133,177,73,34
1,134,177,44,34
1,135,177,63,34
1,136,177,74,34
1,137,177,65,34
1,138,177,62,34
1,139,177,68,34
1,140,177,51,34
1,141,177,36,34
1,142,177,54,34
1,143,177,41,34
1,144,177,33,34
1,145,177,61,34
1,146,177,55,34
1,147,177,43,34
1,148,177,46,34
1,149,177,40,34
1,150,177,37,34
1,151,177,60,34
1,152,177,50,34
1,153,177,47,34
1,154,177,53,34
1,155,177,39,34
1,156,177,58,34
1,157,177,35,34
1,158,177,59,34
1,159,177,45,34
1,160,177,42,34
1,161,177,49,34
1,162,177,56,34
1,163,177,38,34
1,164,177,34,34
1,165,177,57,34
1,166,177,52,34
1,1,178,146,301
1,2,178,141,301
1,3,178,155,301
1,4,178,147,301
1,5,178,139,301
1,6,178,134,301
1,7,178,166,301
1,8,178,152,301
1,9,178,138,301
1,10,178,144,301
1,11,178,124,301
1,12,178,122,301
1,13,178,149,301
1,14,178,128,301
1,15,178,129,301
1,16,178,119,301
1,17,178,123,301
1,18,178,161,301
1,19,178,154,301
1,20,178,145,301
1,21,178,125,301
1,22,178,150,301
1,23,178,156,301
1,24,178,142,301
1,25,178,165,301
1,26,178,159,301
1,27,178,158,301
1,28,178,153,301
1,29,178,135,301
1,30,178,137,301
1,31,178,164,301
1,32,178,148,301
1,33,178,151,301
1,34,178,157,301
1,35,178,22,301
1,36,178,127,301
1,37,178,1,301
1,38,178,131,301
1,39,178,136,301
1,40,178,140,301
1,41,178,120,301
1,42,178,21,301
1,43,178,121,301
1,44,178,16,301
1,45,178,32,301
1,46,178,10,301
1,47,178,126,301
1,48,178,19,301
1,49,178,31,301
1,50,178,27,301
1,51,178,163,301
1,52,178,133,301
1,53,178,28,301
1,54,178,9,301
1,55,178,13,301
1,56,178,20,301
1,57,178,30,301
1,58,178,143,301
1,59,178,15,301
1,60,178,26,301
1,61,178,24,301
1,62,178,162,301
1,63,178,5,301
1,64,178,3,301
1,65,178,130,301
1,66,178,18,301
1,67,178,12,301
1,68,178,160,301
1,69,178,108,301
1,70,178,6,301
1,71,178,14,301
1,72,178,29,301
1,73,178,132,301
1,74,178,4,301
1,75,178,2,301
1,76,178,7,301
1,77,178,11,301
2,78,178,97,301
2,79,178,102,301
2,80,178,113,301
2,81,178,95,301
2,82,178,94,301
2,83,178,117,301
2,84,178,114,301
2,85,178,106,301
2,86,178,25,301
2,87,178,115,301
2,88,178,93,301
2,89,178,92,301
2,90,178,107,301
2,91,178,101,301
2,92,178,91,301
2,93,178,100,301
2,94,178,116,301
2,95,178,89,301
2,96,178,103,301
2,97,178,112,301
2,98,178,17,301
2,99,178,96,301
2,100,178,118,301
2,101,178,90,301
1,102,178,111,301
1,103,178,110,301
1,104,178,99,301
1,105,178,98,301
1,106,178,104,301
1,107,178,109,301
1,108,178,8,301
1,109,178,105,301
1,110,178,84,301
1,111,178,66,301
1,112,178,23,301
1,113,178,69,301
1,114,178,85,301
1,115,178,77,301
1,116,178,87,301
1,117,178,70,301
1,118,178,72,301
1,119,178,83,301
1,120,178,79,301
1,121,178,82,301
1,122,178,81,301
1,123,178,78,301
1,124,178,76,301
1,125,178,86,301
1,126,178,64,301
1,127,178,71,301
1,128,178,80,301
1,129,178,88,301
1,130,178,48,301
1,131,178,75,301
1,132,178,67,301
1,133,178,73,301
1,134,178,44,301
1,135,178,63,301
1,136,178,74,301
1,137,178,65,301
1,138,178,62,301
1,139,178,68,301
1,140,178,51,301
1,141,178,36,301
1,142,178,54,301
1,143,178,41,301
1,144,178,33,301
1,145,178,61,301
1,146,178,55,301
1,147,178,43,301
1,148,178,46,301
1,149,178,40,301
1,150,178,37,301
1,151,178,60,301
1,152,178,50,301
1,153,178,47,301
1,154,178,53,301
1,155,178,39,301
1,156,178,58,301
1,157,178,35,301
1,158,178,59,301
1,159,178,45,301
1,160,178,42,301
1,161,178,49,301
1,162,178,56,301
1,163,178,38,301
1,164,178,34,301
1,165,178,57,301
1,166,178,52,301
1,1,179,146,177
1,2,179,141,177
1,3,179,155,177
1,4,179,147,177
1,5,179,139,177
1,6,179,134,177
1,7,179,166,177
1,8,179,152,177
1,9,179,138,177
1,10,179,144,177
1,11,179,124,177
1,12,179,122,177
1,13,179,149,177
1,14,179,128,177
1,15,179,129,177
1,16,179,119,177
1,17,179,123,177
1,18,179,161,177
1,19,179,154,177
1,20,179,145,177
1,21,179,125,177
1,22,179,150,177
1,23,179,156,177
1,24,179,142,177
1,25,179,165,177
1,26,179,159,177
1,27,179,158,177
1,28,179,153,177
1,29,179,135,177
1,30,179,137,177
1,31,179,164,177
1,32,179,148,177
1,33,179,151,177
1,34,179,157,177
1,35,179,22,177
1,36,179,127,177
1,37,179,1,177
1,38,179,131,177
1,39,179,136,177
1,40,179,140,177
1,41,179,120,177
1,42,179,21,177
1,43,179,121,177
1,44,179,16,177
1,45,179,32,177
1,46,179,10,177
1,47,179,126,177
1,48,179,19,177
1,49,179,31,177
1,50,179,27,177
1,51,179,163,177
1,52,179,133,177
1,53,179,28,177
1,54,179,9,177
1,55,179,13,177
1,56,179,20,177
1,57,179,30,177
1,58,179,143,177
1,59,179,15,177
1,60,179,26,177
1,61,179,24,177
1,62,179,162,177
1,63,179,5,177
1,64,179,3,177
1,65,179,130,177
1,66,179,18,177
1,67,179,12,177
1,68,179,160,177
1,69,179,108,177
1,70,179,6,177
1,71,179,14,177
1,72,179,29,177
1,73,179,132,177
1,74,179,4,177
1,75,179,2,177
1,76,179,7,177
1,77,179,11,177
2,78,179,97,177
2,79,179,102,177
2,80,179,113,177
2,81,179,95,177
2,82,179,94,177
2,83,179,117,177
2,84,179,114,177
2,85,179,106,177
2,86,179,25,177
2,87,179,115,177
2,88,179,93,177
2,89,179,92,177
2,90,179,107,177
2,91,179,101,177
2,92,179,91,177
2,93,179,100,177
2,94,179,116,177
2,95,179,89,177
2,96,179,103,177
2,97,179,112,177
2,98,179,17,177
2,99,179,96,177
2,100,179,118,177
2,101,179,90,177
1,102,179,111,177
1,103,179,110,177
1,104,179,99,177
1,105,179,98,177
1,106,179,104,177
1,107,179,109,177
1,108,179,8,177
1,109,179,105,177
1,110,179,84,177
1,111,179,66,177
1,112,179,23,177
1,113,179,69,177
1,114,179,85,177
1,115,179,77,177
1,116,179,87,177
1,117,179,70,177
1,118,179,72,177
1,119,179,83,177
1,120,179,79,177
1,121,179,82,177
1,122,179,81,177
1,123,179,78,177
1,124,179,76,177
1,125,179,86,177
1,126,179,64,177
1,127,179,71,177
1,128,179,80,177
1,129,179,88,177
1,130,179,48,177
1,131,179,75,177
1,132,179,67,177
1,133,179,73,177
1,134,179,44,177
1,135,179,63,177
1,136,179,74,177
1,137,179,65,177
1,138,179,62,177
1,139,179,68,177
1,140,179,51,177
1,141,179,36,177
1,142,179,54,177
1,143,179,41,177
1,144,179,33,177
1,145,179,61,177
1,146,179,55,177
1,147,179,43,177
1,148,179,46,177
1,149,179,40,177
1,150,179,37,177
1,151,179,60,177
1,152,179,50,177
1,153,179,47,177
1,154,179,53,177
1,155,179,39,177
1,156,179,58,177
1,157,179,35,177
1,158,179,59,177
1,159,179,45,177
1,160,179,42,177
1,161,179,49,177
1,162,179,56,177
1,163,179,38,177
1,164,179,34,177
1,165,179,57,177
1,166,179,52,177
1,1,180,146,133
1,2,180,141,133
1,3,180,155,133
1,4,180,147,133
1,5,180,139,133
1,6,180,134,133
1,7,180,166,133
1,8,180,152,133
1,9,180,138,133
1,10,180,144,133
1,11,180,124,133
1,12,180,122,133
1,13,180,149,133
1,14,180,128,133
1,15,180,129,133
1,16,180,119,133
1,17,180,123,133
1,18,180,161,133
1,19,180,154,133
1,20,180,145,133
1,21,180,125,133
1,22,180,150,133
1,23,180,156,133
1,24,180,142,133
1,25,180,165,133
1,26,180,159,133
1,27,180,158,133
1,28,180,153,133
1,29,180,135,133
1,30,180,137,133
1,31,180,164,133
1,32,180,148,133
1,33,180,151,133
1,34,180,157,133
1,35,180,22,133
1,36,180,127,133
1,37,180,1,133
1,38,180,131,133
1,39,180,136,133
1,40,180,140,133
1,41,180,120,133
1,42,180,21,133
1,43,180,121,133
1,44,180,16,133
1,45,180,32,133
1,46,180,10,133
1,47,180,126,133
1,48,180,19,133
1,49,180,31,133
1,50,180,27,133
1,51,180,163,133
1,52,180,133,133
1,53,180,28,133
1,54,180,9,133
1,55,180,13,133
1,56,180,20,133
1,57,180,30,133
1,58,180,143,133
1,59,180,15,133
1,60,180,26,133
1,61,180,24,133
1,62,180,162,133
1,63,180,5,133
1,64,180,3,133
1,65,180,130,133
1,66,180,18,133
1,67,180,12,133
1,68,180,160,133
1,69,180,108,133
1,70,180,6,133
1,71,180,14,133
1,72,180,29,133
1,73,180,132,133
1,74,180,4,133
1,75,180,2,133
1,76,180,7,133
1,77,180,11,133
2,78,180,97,133
2,79,180,102,133
2,80,180,113,133
2,81,180,95,133
2,82,180,94,133
2,83,180,117,133
2,84,180,114,133
2,85,180,106,133
2,86,180,25,133
2,87,180,115,133
2,88,180,93,133
2,89,180,92,133
2,90,180,107,133
2,91,180,101,133
2,92,180,91,133
2,93,180,100,133
2,94,180,116,133
2,95,180,89,133
2,96,180,103,133
2,97,180,112,133
2,98,180,17,133
2,99,180,96,133
2,100,180,118,133
2,101,180,90,133
1,102,180,111,133
1,103,180,110,133
1,104,180,99,133
1,105,180,98,133
1,106,180,104,133
1,107,180,109,133
1,108,180,8,133
1,109,180,105,133
1,110,180,84,133
1,111,180,66,133
1,112,180,23,133
1,113,180,69,133
1,114,180,85,133
1,115,180,77,133
1,116,180,87,133
1,117,180,70,133
1,118,180,72,133
1,119,180,83,133
1,120,180,79,133
1,121,180,82,133
1,122,180,81,133
1,123,180,78,133
1,124,180,76,133
1,125,180,86,133
1,126,180,64,133
1,127,180,71,133
1,128,180,80,133
1,129,180,88,133
1,130,180,48,133
1,131,180,75,133
1,132,180,67,133
1,133,180,73,133
1,134,180,44,133
1,135,180,63,133
1,136,180,74,133
1,137,180,65,133
1,138,180,62,133
1,139,180,68,133
1,140,180,51,133
1,141,180,36,133
1,142,180,54,133
1,143,180,41,133
1,144,180,33,133
1,145,180,61,133
1,146,180,55,133
1,147,180,43,133
1,148,180,46,133
1,149,180,40,133
1,150,180,37,133
1,151,180,60,133
1,152,180,50,133
1,153,180,47,133
1,154,180,53,133
1,155,180,39,133
1,156,180,58,133
1,157,180,35,133
1,158,180,59,133
1,159,180,45,133
1,160,180,42,133
1,161,180,49,133
1,162,180,56,133
1,163,180,38,133
1,164,180,34,133
1,165,180,57,133
1,166,180,52,133
1,1,181,146,76
1,2,181,141,76
1,3,181,155,76
1,4,181,147,76
1,5,181,139,76
1,6,181,134,76
1,7,181,166,76
1,8,181,152,76
1,9,181,138,76
1,10,181,144,76
1,11,181,124,76
1,12,181,122,76
1,13,181,149,76
1,14,181,128,76
1,15,181,129,76
1,16,181,119,76
1,17,181,123,76
1,18,181,161,76
1,19,181,154,76
1,20,181,145,76
1,21,181,125,76
1,22,181,150,76
1,23,181,156,76
1,24,181,142,76
1,25,181,165,76
1,26,181,159,76
1,27,181,158,76
1,28,181,153,76
1,29,181,135,76
1,30,181,137,76
1,31,181,164,76
1,32,181,148,76
1,33,181,151,76
1,34,181,157,76
1,35,181,22,76
1,36,181,127,76
1,37,181,1,76
1,38,181,131,76
1,39,181,136,76
1,40,181,140,76
1,41,181,120,76
1,42,181,21,76
1,43,181,121,76
1,44,181,16,76
1,45,181,32,76
1,46,181,10,76
1,47,181,126,76
1,48,181,19,76
1,49,181,31,76
1,50,181,27,76
1,51,181,163,76
1,52,181,133,76
1,53,181,28,76
1,54,181,9,76
1,55,181,13,76
1,56,181,20,76
1,57,181,30,76
1,58,181,143,76
1,59,181,15,76
1,60,181,26,76
1,61,181,24,76
1,62,181,162,76
1,63,181,5,76
1,64,181,3,76
1,65,181,130,76
1,66,181,18,76
1,67,181,12,76
1,68,181,160,76
1,69,181,108,76
1,70,181,6,76
1,71,181,14,76
1,72,181,29,76
1,73,181,132,76
1,74,181,4,76
1,75,181,2,76
1,76,181,7,76
1,77,181,11,76
2,78,181,97,76
2,79,181,102,76
2,80,181,113,76
2,81,181,95,76
2,82,181,94,76
2,83,181,117,76
2,84,181,114,76
2,85,181,106,76
2,86,181,25,76
2,87,181,115,76
2,88,181,93,76
2,89,181,92,76
2,90,181,107,76
2,91,181,101,76
2,92,181,91,76
2,93,181,100,76
2,94,181,116,76
2,95,181,89,76
2,96,181,103,76
2,97,181,112,76
2,98,181,17,76
2,99,181,96,76
2,100,181,118,76
2,101,181,90,76
1,102,181,111,76
1,103,181,110,76
1,104,181,99,76
1,105,181,98,76
1,106,181,104,76
1,107,181,109,76
1,108,181,8,76
1,109,181,105,76
1,110,181,84,76
1,111,181,66,76
1,112,181,23,76
1,113,181,69,76
1,114,181,85,76
1,115,181,77,76
1,116,181,87,76
1,117,181,70,76
1,118,181,72,76
1,119,181,83,76
1,120,181,79,76
1,121,181,82,76
1,122,181,81,76
1,123,181,78,76
1,124,181,76,76
1,125,181,86,76
1,126,181,64,76
1,127,181,71,76
1,128,181,80,76
1,129,181,88,76
1,130,181,48,76
1,131,181,75,76
1,132,181,67,76
1,133,181,73,76
1,134,181,44,76
1,135,181,63,76
1,136,181,74,76
1,137,181,65,76
1,138,181,62,76
1,139,181,68,76
1,140,181,51,76
1,141,181,36,76
1,142,181,54,76
1,143,181,41,76
1,144,181,33,76
1,145,181,61,76
1,146,181,55,76
1,147,181,43,76
1,148,181,46,76
1,149,181,40,76
1,150,181,37,76
1,151,181,60,76
1,152,181,50,76
1,153,181,47,76
1,154,181,53,76
1,155,181,39,76
1,156,181,58,76
1,157,181,35,76
1,158,181,59,76
1,159,181,45,76
1,160,181,42,76
1,161,181,49,76
1,162,181,56,76
1,163,181,38,76
1,164,181,34,76
1,165,181,57,76
1,166,181,52,76
1,1,182,146,51
1,2,182,141,51
1,3,182,155,51
1,4,182,147,51
1,5,182,139,51
1,6,182,134,51
1,7,182,166,51
1,8,182,152,51
1,9,182,138,51
1,10,182,144,51
1,11,182,124,51
1,12,182,122,51
1,13,182,149,51
1,14,182,128,51
1,15,182,129,51
1,16,182,119,51
1,17,182,123,51
1,18,182,161,51
1,19,182,154,51
1,20,182,145,51
1,21,182,125,51
1,22,182,150,51
1,23,182,156,51
1,24,182,142,51
1,25,182,165,51
1,26,182,159,51
1,27,182,158,51
1,28,182,153,51
1,29,182,135,51
1,30,182,137,51
1,31,182,164,51
1,32,182,148,51
1,33,182,151,51
1,34,182,157,51
1,35,182,22,51
1,36,182,127,51
1,37,182,1,51
1,38,182,131,51
1,39,182,136,51
1,40,182,140,51
1,41,182,120,51
1,42,182,21,51
1,43,182,121,51
1,44,182,16,51
1,45,182,32,51
1,46,182,10,51
1,47,182,126,51
1,48,182,19,51
1,49,182,31,51
1,50,182,27,51
1,51,182,163,51
1,52,182,133,51
1,53,182,28,51
1,54,182,9,51
1,55,182,13,51
1,56,182,20,51
1,57,182,30,51
1,58,182,143,51
1,59,182,15,51
1,60,182,26,51
1,61,182,24,51
1,62,182,162,51
1,63,182,5,51
1,64,182,3,51
1,65,182,130,51
1,66,182,18,51
1,67,182,12,51
1,68,182,160,51
1,69,182,108,51
1,70,182,6,51
1,71,182,14,51
1,72,182,29,51
1,73,182,132,51
1,74,182,4,51
1,75,182,2,51
1,76,182,7,51
1,77,182,11,51
2,78,182,97,51
2,79,182,102,51
2,80,182,113,51
2,81,182,95,51
2,82,182,94,51
2,83,182,117,51
2,84,182,114,51
2,85,182,106,51
2,86,182,25,51
2,87,182,115,51
2,88,182,93,51
2,89,182,92,51
2,90,182,107,51
2,91,182,101,51
2,92,182,91,51
2,93,182,100,51
2,94,182,116,51
2,95,182,89,51
2,96,182,103,51
2,97,182,112,51
2,98,182,17,51
2,99,182,96,51
2,100,182,118,51
2,101,182,90,51
1,102,182,111,51
1,103,182,110,51
1,104,182,99,51
1,105,182,98,51
1,106,182,104,51
1,107,182,109,51
1,108,182,8,51
1,109,182,105,51
1,110,182,84,51
1,111,182,66,51
1,112,182,23,51
1,113,182,69,51
1,114,182,85,51
1,115,182,77,51
1,116,182,87,51
1,117,182,70,51
1,118,182,72,51
1,119,182,83,51
1,120,182,79,51
1,121,182,82,51
1,122,182,81,51
1,123,182,78,51
1,124,182,76,51
1,125,182,86,51
1,126,182,64,51
1,127,182,71,51
1,128,182,80,51
1,129,182,88,51
1,130,182,48,51
1,131,182,75,51
1,132,182,67,51
1,133,182,73,51
1,134,182,44,51
1,135,182,63,51
1,136,182,74,51
1,137,182,65,51
1,138,182,62,51
1,139,182,68,51
1,140,182,51,51
1,141,182,36,51
1,142,182,54,51
1,143,182,41,51
1,144,182,33,51
1,145,182,61,51
1,146,182,55,51
1,147,182,43,51
1,148,182,46,51
1,149,182,40,51
1,150,182,37,51
1,151,182,60,51
1,152,182,50,51
1,153,182,47,51
1,154,182,53,51
1,155,182,39,51
1,156,182,58,51
1,157,182,35,51
1,158,182,59,51
1,159,182,45,51
1,160,182,42,51
1,161,182,49,51
1,162,182,56,51
1,163,182,38,51
1,164,182,34,51
1,165,182,57,51
1,166,182,52,51
1,1,183,146,264
1,2,183,141,264
1,3,183,155,264
1,4,183,147,264
1,5,183,139,264
1,6,183,134,264
1,7,183,166,264
1,8,183,152,264
1,9,183,138,264
1,10,183,144,264
1,11,183,124,264
1,12,183,122,264
1,13,183,149,264
1,14,183,128,264
1,15,183,129,264
1,16,183,119,264
1,17,183,123,264
1,18,183,161,264
1,19,183,154,264
1,20,183,145,264
1,21,183,125,264
1,22,183,150,264
1,23,183,156,264
1,24,183,142,264
1,25,183,165,264
1,26,183,159,264
1,27,183,158,264
1,28,183,153,264
1,29,183,135,264
1,30,183,137,264
1,31,183,164,264
1,32,183,148,264
1,33,183,151,264
1,34,183,157,264
1,35,183,22,264
1,36,183,127,264
1,37,183,1,264
1,38,183,131,264
1,39,183,136,264
1,40,183,140,264
1,41,183,120,264
1,42,183,21,264
1,43,183,121,264
1,44,183,16,264
1,45,183,32,264
1,46,183,10,264
1,47,183,126,264
1,48,183,19,264
1,49,183,31,264
1,50,183,27,264
1,51,183,163,264
1,52,183,133,264
1,53,183,28,264
1,54,183,9,264
1,55,183,13,264
1,56,183,20,264
1,57,183,30,264
1,58,183,143,264
1,59,183,15,264
1,60,183,26,264
1,61,183,24,264
1,62,183,162,264
1,63,183,5,264
1,64,183,3,264
1,65,183,130,264
1,66,183,18,264
1,67,183,12,264
1,68,183,160,264
1,69,183,108,264
1,70,183,6,264
1,71,183,14,264
1,72,183,29,264
1,73,183,132,264
1,74,183,4,264
1,75,183,2,264
1,76,183,7,264
1,77,183,11,264
2,78,183,97,264
2,79,183,102,264
2,80,183,113,264
2,81,183,95,264
2,82,183,94,264
2,83,183,117,264
2,84,183,114,264
2,85,183,106,264
2,86,183,25,264
2,87,183,115,264
2,88,183,93,264
2,89,183,92,264
2,90,183,107,264
2,91,183,101,264
2,92,183,91,264
2,93,183,100,264
2,94,183,116,264
2,95,183,89,264
2,96,183,103,264
2,97,183,112,264
2,98,183,17,264
2,99,183,96,264
2,100,183,118,264
2,101,183,90,264
1,102,183,111,264
1,103,183,110,264
1,104,183,99,264
1,105,183,98,264
1,106,183,104,264
1,107,183,109,264
1,108,183,8,264
1,109,183,105,264
1,110,183,84,264
1,111,183,66,264
1,112,183,23,264
1,113,183,69,264
1,114,183,85,264
1,115,183,77,264
1,116,183,87,264
1,117,183,70,264
1,118,183,72,264
1,119,183,83,264
1,120,183,79,264
1,121,183,82,264
1,122,183,81,264
1,123,183,78,264
1,124,183,76,264
1,125,183,86,264
1,126,183,64,264
1,127,183,71,264
1,128,183,80,264
1,129,183,88,264
1,130,183,48,264
1,131,183,75,264
1,132,183,67,264
1,133,183,73,264
1,134,183,44,264
1,135,183,63,264
1,136,183,74,264
1,137,183,65,264
1,138,183,62,264
1,139,183,68,264
1,140,183,51,264
1,141,183,36,264
1,142,183,54,264
1,143,183,41,264
1,144,183,33,264
1,145,183,61,264
1,146,183,55,264
1,147,183,43,264
1,148,183,46,264
1,149,183,40,264
1,150,183,37,264
1,151,183,60,264
1,152,183,50,264
1,153,183,47,264
1,154,183,53,264
1,155,183,39,264
1,156,183,58,264
1,157,183,35,264
1,158,183,59,264
1,159,183,45,264
1,160,183,42,264
1,161,183,49,264
1,162,183,56,264
1,163,183,38,264
1,164,183,34,264
1,165,183,57,264
1,166,183,52,264
1,1,184,146,216
1,2,184,141,216
1,3,184,155,216
1,4,184,147,216
1,5,184,139,216
1,6,184,134,216
1,7,184,166,216
1,8,184,152,216
1,9,184,138,216
1,10,184,144,216
1,11,184,124,216
1,12,184,122,216
1,13,184,149,216
1,14,184,128,216
1,15,184,129,216
1,16,184,119,216
1,17,184,123,216
1,18,184,161,216
1,19,184,154,216
1,20,184,145,216
1,21,184,125,216
1,22,184,150,216
1,23,184,156,216
1,24,184,142,216
1,25,184,165,216
1,26,184,159,216
1,27,184,158,216
1,28,184,153,216
1,29,184,135,216
1,30,184,137,216
1,31,184,164,216
1,32,184,148,216
1,33,184,151,216
1,34,184,157,216
1,35,184,22,216
1,36,184,127,216
1,37,184,1,216
1,38,184,131,216
1,39,184,136,216
1,40,184,140,216
1,41,184,120,216
1,42,184,21,216
1,43,184,121,216
1,44,184,16,216
1,45,184,32,216
1,46,184,10,216
1,47,184,126,216
1,48,184,19,216
1,49,184,31,216
1,50,184,27,216
1,51,184,163,216
1,52,184,133,216
1,53,184,28,216
1,54,184,9,216
1,55,184,13,216
1,56,184,20,216
1,57,184,30,216
1,58,184,143,216
1,59,184,15,216
1,60,184,26,216
1,61,184,24,216
1,62,184,162,216
1,63,184,5,216
1,64,184,3,216
1,65,184,130,216
1,66,184,18,216
1,67,184,12,216
1,68,184,160,216
1,69,184,108,216
1,70,184,6,216
1,71,184,14,216
1,72,184,29,216
1,73,184,132,216
1,74,184,4,216
1,75,184,2,216
1,76,184,7,216
1,77,184,11,216
2,78,184,97,216
2,79,184,102,216
2,80,184,113,216
2,81,184,95,216
2,82,184,94,216
2,83,184,117,216
2,84,184,114,216
2,85,184,106,216
2,86,184,25,216
2,87,184,115,216
2,88,184,93,216
2,89,184,92,216
2,90,184,107,216
2,91,184,101,216
2,92,184,91,216
2,93,184,100,216
2,94,184,116,216
2,95,184,89,216
2,96,184,103,216
2,97,184,112,216
2,98,184,17,216
2,99,184,96,216
2,100,184,118,216
2,101,184,90,216
1,102,184,111,216
1,103,184,110,216
1,104,184,99,216
1,105,184,98,216
1,106,184,104,216
1,107,184,109,216
1,108,184,8,216
1,109,184,105,216
1,110,184,84,216
1,111,184,66,216
1,112,184,23,216
1,113,184,69,216
1,114,184,85,216
1,115,184,77,216
1,116,184,87,216
1,117,184,70,216
1,118,184,72,216
1,119,184,83,216
1,120,184,79,216
1,121,184,82,216
1,122,184,81,216
1,123,184,78,216
1,124,184,76,216
1,125,184,86,216
1,126,184,64,216
1,127,184,71,216
1,128,184,80,216
1,129,184,88,216
1,130,184,48,216
1,131,184,75,216
1,132,184,67,216
1,133,184,73,216
1,134,184,44,216
1,135,184,63,216
1,136,184,74,216
1,137,184,65,216
1,138,184,62,216
1,139,184,68,216
1,140,184,51,216
1,141,184,36,216
1,142,184,54,216
1,143,184,41,216
1,144,184,33,216
1,145,184,61,216
1,146,184,55,216
1,147,184,43,216
1,148,184,46,216
1,149,184,40,216
1,150,184,37,216
1,151,184,60,216
1,152,184,50,216
1,153,184,47,216
1,154,184,53,216
1,155,184,39,216
1,156,184,58,216
1,157,184,35,216
1,158,184,59,216
1,159,184,45,216
1,160,184,42,216
1,161,184,49,216
1,162,184,56,216
1,163,184,38,216
1,164,184,34,216
1,165,184,57,216
1,166,184,52,216
1,1,185,146,130
1,2,185,141,130
1,3,185,155,130
1,4,185,147,130
1,5,185,139,130
1,6,185,134,130
1,7,185,166,130
1,8,185,152,130
1,9,185,138,130
1,10,185,144,130
1,11,185,124,130
1,12,185,122,130
1,13,185,149,130
1,14,185,128,130
1,15,185,129,130
1,16,185,119,130
1,17,185,123,130
1,18,185,161,130
1,19,185,154,130
1,20,185,145,130
1,21,185,125,130
1,22,185,150,130
1,23,185,156,130
1,24,185,142,130
1,25,185,165,130
1,26,185,159,130
1,27,185,158,130
1,28,185,153,130
1,29,185,135,130
1,30,185,137,130
1,31,185,164,130
1,32,185,148,130
1,33,185,151,130
1,34,185,157,130
1,35,185,22,130
1,36,185,127,130
1,37,185,1,130
1,38,185,131,130
1,39,185,136,130
1,40,185,140,130
1,41,185,120,130
1,42,185,21,130
1,43,185,121,130
1,44,185,16,130
1,45,185,32,130
1,46,185,10,130
1,47,185,126,130
1,48,185,19,130
1,49,185,31,130
1,50,185,27,130
1,51,185,163,130
1,52,185,133,130
1,53,185,28,130
1,54,185,9,130
1,55,185,13,130
1,56,185,20,130
1,57,185,30,130
1,58,185,143,130
1,59,185,15,130
1,60,185,26,130
1,61,185,24,130
1,62,185,162,130
1,63,185,5,130
1,64,185,3,130
1,65,185,130,130
1,66,185,18,130
1,67,185,12,130
1,68,185,160,130
1,69,185,108,130
1,70,185,6,130
1,71,185,14,130
1,72,185,29,130
1,73,185,132,130
1,74,185,4,130
1,75,185,2,130
1,76,185,7,130
1,77,185,11,130
2,78,185,97,130
2,79,185,102,130
2,80,185,113,130
2,81,185,95,130
2,82,185,94,130
2,83,185,117,130
2,84,185,114,130
2,85,185,106,130
2,86,185,25,130
2,87,185,115,130
2,88,185,93,130
2,89,185,92,130
2,90,185,107,130
2,91,185,101,130
2,92,185,91,130
2,93,185,100,130
2,94,185,116,130
2,95,185,89,130
2,96,185,103,130
2,97,185,112,130
2,98,185,17,130
2,99,185,96,130
2,100,185,118,130
2,101,185,90,130
1,102,185,111,130
1,103,185,110,130
1,104,185,99,130
1,105,185,98,130
1,106,185,104,130
1,107,185,109,130
1,108,185,8,130
1,109,185,105,130
1,110,185,84,130
1,111,185,66,130
1,112,185,23,130
1,113,185,69,130
1,114,185,85,130
1,115,185,77,130
1,116,185,87,130
1,117,185,70,130
1,118,185,72,130
1,119,185,83,130
1,120,185,79,130
1,121,185,82,130
1,122,185,81,130
1,123,185,78,130
1,124,185,76,130
1,125,185,86,130
1,126,185,64,130
1,127,185,71,130
1,128,185,80,130
1,129,185,88,130
1,130,185,48,130
1,131,185,75,130
1,132,185,67,130
1,133,185,73,130
1,134,185,44,130
1,135,185,63,130
1,136,185,74,130
1,137,185,65,130
1,138,185,62,130
1,139,185,68,130
1,140,185,51,130
1,141,185,36,130
1,142,185,54,130
1,143,185,41,130
1,144,185,33,130
1,145,185,61,130
1,146,185,55,130
1,147,185,43,130
1,148,185,46,130
1,149,185,40,130
1,150,185,37,130
1,151,185,60,130
1,152,185,50,130
1,153,185,47,130
1,154,185,53,130
1,155,185,39,130
1,156,185,58,130
1,157,185,35,130
1,158,185,59,130
1,159,185,45,130
1,160,185,42,130
1,161,185,49,130
1,162,185,56,130
1,163,185,38,130
1,164,185,34,130
1,165,185,57,130
1,166,185,52,130
1,1,186,146,233
1,2,186,141,233
1,3,186,155,233
1,4,186,147,233
1,5,186,139,233
1,6,186,134,233
1,7,186,166,233
1,8,186,152,233
1,9,186,138,233
1,10,186,144,233
1,11,186,124,233
1,12,186,122,233
1,13,186,149,233
1,14,186,128,233
1,15,186,129,233
1,16,186,119,233
1,17,186,123,233
1,18,186,161,233
1,19,186,154,233
1,20,186,145,233
1,21,186,125,233
1,22,186,150,233
1,23,186,156,233
1,24,186,142,233
1,25,186,165,233
1,26,186,159,233
1,27,186,158,233
1,28,186,153,233
1,29,186,135,233
1,30,186,137,233
1,31,186,164,233
1,32,186,148,233
1,33,186,151,233
1,34,186,157,233
1,35,186,22,233
1,36,186,127,233
1,37,186,1,233
1,38,186,131,233
1,39,186,136,233
1,40,186,140,233
1,41,186,120,233
1,42,186,21,233
1,43,186,121,233
1,44,186,16,233
1,45,186,32,233
1,46,186,10,233
1,47,186,126,233
1,48,186,19,233
1,49,186,31,233
1,50,186,27,233
1,51,186,163,233
1,52,186,133,233
1,53,186,28,233
1,54,186,9,233
1,55,186,13,233
1,56,186,20,233
1,57,186,30,233
1,58,186,143,233
1,59,186,15,233
1,60,186,26,233
1,61,186,24,233
1,62,186,162,233
1,63,186,5,233
1,64,186,3,233
1,65,186,130,233
1,66,186,18,233
1,67,186,12,233
1,68,186,160,233
1,69,186,108,233
1,70,186,6,233
1,71,186,14,233
1,72,186,29,233
1,73,186,132,233
1,74,186,4,233
1,75,186,2,233
1,76,186,7,233
1,77,186,11,233
2,78,186,97,233
2,79,186,102,233
2,80,186,113,233
2,81,186,95,233
2,82,186,94,233
2,83,186,117,233
2,84,186,114,233
2,85,186,106,233
2,86,186,25,233
2,87,186,115,233
2,88,186,93,233
2,89,186,92,233
2,90,186,107,233
2,91,186,101,233
2,92,186,91,233
2,93,186,100,233
2,94,186,116,233
2,95,186,89,233
2,96,186,103,233
2,97,186,112,233
2,98,186,17,233
2,99,186,96,233
2,100,186,118,233
2,101,186,90,233
1,102,186,111,233
1,103,186,110,233
1,104,186,99,233
1,105,186,98,233
1,106,186,104,233
1,107,186,109,233
1,108,186,8,233
1,109,186,105,233
1,110,186,84,233
1,111,186,66,233
1,112,186,23,233
1,113,186,69,233
1,114,186,85,233
1,115,186,77,233
1,116,186,87,233
1,117,186,70,233
1,118,186,72,233
1,119,186,83,233
1,120,186,79,233
1,121,186,82,233
1,122,186,81,233
1,123,186,78,233
1,124,186,76,233
1,125,186,86,233
1,126,186,64,233
1,127,186,71,233
1,128,186,80,233
1,129,186,88,233
1,130,186,48,233
1,131,186,75,233
1,132,186,67,233
1,133,186,73,233
1,134,186,44,233
1,135,186,63,233
1,136,186,74,233
1,137,186,65,233
1,138,186,62,233
1,139,186,68,233
1,140,186,51,233
1,141,186,36,233
1,142,186,54,233
1,143,186,41,233
1,144,186,33,233
1,145,186,61,233
1,146,186,55,233
1,147,186,43,233
1,148,186,46,233
1,149,186,40,233
1,150,186,37,233
1,151,186,60,233
1,152,186,50,233
1,153,186,47,233
1,154,186,53,233
1,155,186,39,233
1,156,186,58,233
1,157,186,35,233
1,158,186,59,233
1,159,186,45,233
1,160,186,42,233
1,161,186,49,233
1,162,186,56,233
1,163,186,38,233
1,164,186,34,233
1,165,186,57,233
1,166,186,52,233
1,1,187,146,196
1,2,187,141,196
1,3,187,155,196
1,4,187,147,196
1,5,187,139,196
1,6,187,134,196
1,7,187,166,196
1,8,187,152,196
1,9,187,138,196
1,10,187,144,196
1,11,187,124,196
1,12,187,122,196
1,13,187,149,196
1,14,187,128,196
1,15,187,129,196
1,16,187,119,196
1,17,187,123,196
1,18,187,161,196
1,19,187,154,196
1,20,187,145,196
1,21,187,125,196
1,22,187,150,196
1,23,187,156,196
1,24,187,142,196
1,25,187,165,196
1,26,187,159,196
1,27,187,158,196
1,28,187,153,196
1,29,187,135,196
1,30,187,137,196
1,31,187,164,196
1,32,187,148,196
1,33,187,151,196
1,34,187,157,196
1,35,187,22,196
1,36,187,127,196
1,37,187,1,196
1,38,187,131,196
1,39,187,136,196
1,40,187,140,196
1,41,187,120,196
1,42,187,21,196
1,43,187,121,196
1,44,187,16,196
1,45,187,32,196
1,46,187,10,196
1,47,187,126,196
1,48,187,19,196
1,49,187,31,196
1,50,187,27,196
1,51,187,163,196
1,52,187,133,196
1,53,187,28,196
1,54,187,9,196
1,55,187,13,196
1,56,187,20,196
1,57,187,30,196
1,58,187,143,196
1,59,187,15,196
1,60,187,26,196
1,61,187,24,196
1,62,187,162,196
1,63,187,5,196
1,64,187,3,196
1,65,187,130,196
1,66,187,18,196
1,67,187,12,196
1,68,187,160,196
1,69,187,108,196
1,70,187,6,196
1,71,187,14,196
1,72,187,29,196
1,73,187,132,196
1,74,187,4,196
1,75,187,2,196
1,76,187,7,196
1,77,187,11,196
2,78,187,97,196
2,79,187,102,196
2,80,187,113,196
2,81,187,95,196
2,82,187,94,196
2,83,187,117,196
2,84,187,114,196
2,85,187,106,196
2,86,187,25,196
2,87,187,115,196
2,88,187,93,196
2,89,187,92,196
2,90,187,107,196
2,91,187,101,196
2,92,187,91,196
2,93,187,100,196
2,94,187,116,196
2,95,187,89,196
2,96,187,103,196
2,97,187,112,196
2,98,187,17,196
2,99,187,96,196
2,100,187,118,196
2,101,187,90,196
1,102,187,111,196
1,103,187,110,196
1,104,187,99,196
1,105,187,98,196
1,106,187,104,196
1,107,187,109,196
1,108,187,8,196
1,109,187,105,196
1,110,187,84,196
1,111,187,66,196
1,112,187,23,196
1,113,187,69,196
1,114,187,85,196
1,115,187,77,196
1,116,187,87,196
1,117,187,70,196
1,118,187,72,196
1,119,187,83,196
1,120,187,79,196
1,121,187,82,196
1,122,187,81,196
1,123,187,78,196
1,124,187,76,196
1,125,187,86,196
1,126,187,64,196
1,127,187,71,196
1,128,187,80,196
1,129,187,88,196
1,130,187,48,196
1,131,187,75,196
1,132,187,67,196
1,133,187,73,196
1,134,187,44,196
1,135,187,63,196
1,136,187,74,196
1,137,187,65,196
1,138,187,62,196
1,139,187,68,196
1,140,187,51,196
1,141,187,36,196
1,142,187,54,196
1,143,187,41,196
1,144,187,33,196
1,145,187,61,196
1,146,187,55,196
1,147,187,43,196
1,148,187,46,196
1,149,187,40,196
1,150,187,37,196
1,151,187,60,196
1,152,187,50,196
1,153,187,47,196
1,154,187,53,196
1,155,187,39,196
1,156,187,58,196
1,157,187,35,196
1,158,187,59,196
1,159,187,45,196
1,160,187,42,196
1,161,187,49,196
1,162,187,56,196
1,163,187,38,196
1,164,187,34,196
1,165,187,57,196
1,166,187,52,196
1,1,188,146,28
1,2,188,141,28
1,3,188,155,28
1,4,188,147,28
1,5,188,139,28
1,6,188,134,28
1,7,188,166,28
1,8,188,152,28
1,9,188,138,28
1,10,188,144,28
1,11,188,124,28
1,12,188,122,28
1,13,188,149,28
1,14,188,128,28
1,15,188,129,28
1,16,188,119,28
1,17,188,123,28
1,18,188,161,28
1,19,188,154,28
1,20,188,145,28
1,21,188,125,28
1,22,188,150,28
1,23,188,156,28
1,24,188,142,28
1,25,188,165,28
1,26,188,159,28
1,27,188,158,28
1,28,188,153,28
1,29,188,135,28
1,30,188,137,28
1,31,188,164,28
1,32,188,148,28
1,33,188,151,28
1,34,188,157,28
1,35,188,22,28
1,36,188,127,28
1,37,188,1,28
1,38,188,131,28
1,39,188,136,28
1,40,188,140,28
1,41,188,120,28
1,42,188,21,28
1,43,188,121,28
1,44,188,16,28
1,45,188,32,28
1,46,188,10,28
1,47,188,126,28
1,48,188,19,28
1,49,188,31,28
1,50,188,27,28
1,51,188,163,28
1,52,188,133,28
1,53,188,28,28
1,54,188,9,28
1,55,188,13,28
1,56,188,20,28
1,57,188,30,28
1,58,188,143,28
1,59,188,15,28
1,60,188,26,28
1,61,188,24,28
1,62,188,162,28
1,63,188,5,28
1,64,188,3,28
1,65,188,130,28
1,66,188,18,28
1,67,188,12,28
1,68,188,160,28
1,69,188,108,28
1,70,188,6,28
1,71,188,14,28
1,72,188,29,28
1,73,188,132,28
1,74,188,4,28
1,75,188,2,28
1,76,188,7,28
1,77,188,11,28
2,78,188,97,28
2,79,188,102,28
2,80,188,113,28
2,81,188,95,28
2,82,188,94,28
2,83,188,117,28
2,84,188,114,28
2,85,188,106,28
2,86,188,25,28
2,87,188,115,28
2,88,188,93,28
2,89,188,92,28
2,90,188,107,28
2,91,188,101,28
2,92,188,91,28
2,93,188,100,28
2,94,188,116,28
2,95,188,89,28
2,96,188,103,28
2,97,188,112,28
2,98,188,17,28
2,99,188,96,28
2,100,188,118,28
2,101,188,90,28
1,102,188,111,28
1,103,188,110,28
1,104,188,99,28
1,105,188,98,28
1,106,188,104,28
1,107,188,109,28
1,108,188,8,28
1,109,188,105,28
1,110,188,84,28
1,111,188,66,28
1,112,188,23,28
1,113,188,69,28
1,114,188,85,28
1,115,188,77,28
1,116,188,87,28
1,117,188,70,28
1,118,188,72,28
1,119,188,83,28
1,120,188,79,28
1,121,188,82,28
1,122,188,81,28
1,123,188,78,28
1,124,188,76,28
1,125,188,86,28
1,126,188,64,28
1,127,188,71,28
1,128,188,80,28
1,129,188,88,28
1,130,188,48,28
1,131,188,75,28
1,132,188,67,28
1,133,188,73,28
1,134,188,44,28
1,135,188,63,28
1,136,188,74,28
1,137,188,65,28
1,138,188,62,28
1,139,188,68,28
1,140,188,51,28
1,141,188,36,28
1,142,188,54,28
1,143,188,41,28
1,144,188,33,28
1,145,188,61,28
1,146,188,55,28
1,147,188,43,28
1,148,188,46,28
1,149,188,40,28
1,150,188,37,28
1,151,188,60,28
1,152,188,50,28
1,153,188,47,28
1,154,188,53,28
1,155,188,39,28
1,156,188,58,28
1,157,188,35,28
1,158,188,59,28
1,159,188,45,28
1,160,188,42,28
1,161,188,49,28
1,162,188,56,28
1,163,188,38,28
1,164,188,34,28
1,165,188,57,28
1,166,188,52,28
1,1,189,146,189
1,2,189,141,189
1,3,189,155,189
1,4,189,147,189
1,5,189,139,189
1,6,189,134,189
1,7,189,166,189
1,8,189,152,189
1,9,189,138,189
1,10,189,144,189
1,11,189,124,189
1,12,189,122,189
1,13,189,149,189
1,14,189,128,189
1,15,189,129,189
1,16,189,119,189
1,17,189,123,189
1,18,189,161,189
1,19,189,154,189
1,20,189,145,189
1,21,189,125,189
1,22,189,150,189
1,23,189,156,189
1,24,189,142,189
1,25,189,165,189
1,26,189,159,189
1,27,189,158,189
1,28,189,153,189
1,29,189,135,189
1,30,189,137,189
1,31,189,164,189
1,32,189,148,189
1,33,189,151,189
1,34,189,157,189
1,35,189,22,189
1,36,189,127,189
1,37,189,1,189
1,38,189,131,189
1,39,189,136,189
1,40,189,140,189
1,41,189,120,189
1,42,189,21,189
1,43,189,121,189
1,44,189,16,189
1,45,189,32,189
1,46,189,10,189
1,47,189,126,189
1,48,189,19,189
1,49,189,31,189
1,50,189,27,189
1,51,189,163,189
1,52,189,133,189
1,53,189,28,189
1,54,189,9,189
1,55,189,13,189
1,56,189,20,189
1,57,189,30,189
1,58,189,143,189
1,59,189,15,189
1,60,189,26,189
1,61,189,24,189
1,62,189,162,189
1,63,189,5,189
1,64,189,3,189
1,65,189,130,189
1,66,189,18,189
1,67,189,12,189
1,68,189,160,189
1,69,189,108,189
1,70,189,6,189
1,71,189,14,189
1,72,189,29,189
1,73,189,132,189
1,74,189,4,189
1,75,189,2,189
1,76,189,7,189
1,77,189,11,189
2,78,189,97,189
2,79,189,102,189
2,80,189,113,189
2,81,189,95,189
2,82,189,94,189
2,83,189,117,189
2,84,189,114,189
2,85,189,106,189
2,86,189,25,189
2,87,189,115,189
2,88,189,93,189
2,89,189,92,189
2,90,189,107,189
2,91,189,101,189
2,92,189,91,189
2,93,189,100,189
2,94,189,116,189
2,95,189,89,189
2,96,189,103,189
2,97,189,112,189
2,98,189,17,189
2,99,189,96,189
2,100,189,118,189
2,101,189,90,189
1,102,189,111,189
1,103,189,110,189
1,104,189,99,189
1,105,189,98,189
1,106,189,104,189
1,107,189,109,189
1,108,189,8,189
1,109,189,105,189
1,110,189,84,189
1,111,189,66,189
1,112,189,23,189
1,113,189,69,189
1,114,189,85,189
1,115,189,77,189
1,116,189,87,189
1,117,189,70,189
1,118,189,72,189
1,119,189,83,189
1,120,189,79,189
1,121,189,82,189
1,122,189,81,189
1,123,189,78,189
1,124,189,76,189
1,125,189,86,189
1,126,189,64,189
1,127,189,71,189
1,128,189,80,189
1,129,189,88,189
1,130,189,48,189
1,131,189,75,189
1,132,189,67,189
1,133,189,73,189
1,134,189,44,189
1,135,189,63,189
1,136,189,74,189
1,137,189,65,189
1,138,189,62,189
1,139,189,68,189
1,140,189,51,189
1,141,189,36,189
1,142,189,54,189
1,143,189,41,189
1,144,189,33,189
1,145,189,61,189
1,146,189,55,189
1,147,189,43,189
1,148,189,46,189
1,149,189,40,189
1,150,189,37,189
1,151,189,60,189
1,152,189,50,189
1,153,189,47,189
1,154,189,53,189
1,155,189,39,189
1,156,189,58,189
1,157,189,35,189
1,158,189,59,189
1,159,189,45,189
1,160,189,42,189
1,161,189,49,189
1,162,189,56,189
1,163,189,38,189
1,164,189,34,189
1,165,189,57,189
1,166,189,52,189
1,1,190,146,7
1,2,190,141,7
1,3,190,155,7
1,4,190,147,7
1,5,190,139,7
1,6,190,134,7
1,7,190,166,7
1,8,190,152,7
1,9,190,138,7
1,10,190,144,7
1,11,190,124,7
1,12,190,122,7
1,13,190,149,7
1,14,190,128,7
1,15,190,129,7
1,16,190,119,7
1,17,190,123,7
1,18,190,161,7
1,19,190,154,7
1,20,190,145,7
1,21,190,125,7
1,22,190,150,7
1,23,190,156,7
1,24,190,142,7
1,25,190,165,7
1,26,190,159,7
1,27,190,158,7
1,28,190,153,7
1,29,190,135,7
1,30,190,137,7
1,31,190,164,7
1,32,190,148,7
1,33,190,151,7
1,34,190,157,7
1,35,190,22,7
1,36,190,127,7
1,37,190,1,7
1,38,190,131,7
1,39,190,136,7
1,40,190,140,7
1,41,190,120,7
1,42,190,21,7
1,43,190,121,7
1,44,190,16,7
1,45,190,32,7
1,46,190,10,7
1,47,190,126,7
1,48,190,19,7
1,49,190,31,7
1,50,190,27,7
1,51,190,163,7
1,52,190,133,7
1,53,190,28,7
1,54,190,9,7
1,55,190,13,7
1,56,190,20,7
1,57,190,30,7
1,58,190,143,7
1,59,190,15,7
1,60,190,26,7
1,61,190,24,7
1,62,190,162,7
1,63,190,5,7
1,64,190,3,7
1,65,190,130,7
1,66,190,18,7
1,67,190,12,7
1,68,190,160,7
1,69,190,108,7
1,70,190,6,7
1,71,190,14,7
1,72,190,29,7
1,73,190,132,7
1,74,190,4,7
1,75,190,2,7
1,76,190,7,7
1,77,190,11,7
2,78,190,97,7
2,79,190,102,7
2,80,190,113,7
2,81,190,95,7
2,82,190,94,7
2,83,190,117,7
2,84,190,114,7
2,85,190,106,7
2,86,190,25,7
2,87,190,115,7
2,88,190,93,7
2,89,190,92,7
2,90,190,107,7
2,91,190,101,7
2,92,190,91,7
2,93,190,100,7
2,94,190,116,7
2,95,190,89,7
2,96,190,103,7
2,97,190,112,7
2,98,190,17,7
2,99,190,96,7
2,100,190,118,7
2,101,190,90,7
1,102,190,111,7
1,103,190,110,7
1,104,190,99,7
1,105,190,98,7
1,106,190,104,7
1,107,190,109,7
1,108,190,8,7
1,109,190,105,7
1,110,190,84,7
1,111,190,66,7
1,112,190,23,7
1,113,190,69,7
1,114,190,85,7
1,115,190,77,7
1,116,190,87,7
1,117,190,70,7
1,118,190,72,7
1,119,190,83,7
1,120,190,79,7
1,121,190,82,7
1,122,190,81,7
1,123,190,78,7
1,124,190,76,7
1,125,190,86,7
1,126,190,64,7
1,127,190,71,7
1,128,190,80,7
1,129,190,88,7
1,130,190,48,7
1,131,190,75,7
1,132,190,67,7
1,133,190,73,7
1,134,190,44,7
1,135,190,63,7
1,136,190,74,7
1,137,190,65,7
1,138,190,62,7
1,139,190,68,7
1,140,190,51,7
1,141,190,36,7
1,142,190,54,7
1,143,190,41,7
1,144,190,33,7
1,145,190,61,7
1,146,190,55,7
1,147,190,43,7
1,148,190,46,7
1,149,190,40,7
1,150,190,37,7
1,151,190,60,7
1,152,190,50,7
1,153,190,47,7
1,154,190,53,7
1,155,190,39,7
1,156,190,58,7
1,157,190,35,7
1,158,190,59,7
1,159,190,45,7
1,160,190,42,7
1,161,190,49,7
1,162,190,56,7
1,163,190,38,7
1,164,190,34,7
1,165,190,57,7
1,166,190,52,7
1,1,191,146,46
1,2,191,141,46
1,3,191,155,46
1,4,191,147,46
1,5,191,139,46
1,6,191,134,46
1,7,191,166,46
1,8,191,152,46
1,9,191,138,46
1,10,191,144,46
1,11,191,124,46
1,12,191,122,46
1,13,191,149,46
1,14,191,128,46
1,15,191,129,46
1,16,191,119,46
1,17,191,123,46
1,18,191,161,46
1,19,191,154,46
1,20,191,145,46
1,21,191,125,46
1,22,191,150,46
1,23,191,156,46
1,24,191,142,46
1,25,191,165,46
1,26,191,159,46
1,27,191,158,46
1,28,191,153,46
1,29,191,135,46
1,30,191,137,46
1,31,191,164,46
1,32,191,148,46
1,33,191,151,46
1,34,191,157,46
1,35,191,22,46
1,36,191,127,46
1,37,191,1,46
1,38,191,131,46
1,39,191,136,46
1,40,191,140,46
1,41,191,120,46
1,42,191,21,46
1,43,191,121,46
1,44,191,16,46
1,45,191,32,46
1,46,191,10,46
1,47,191,126,46
1,48,191,19,46
1,49,191,31,46
1,50,191,27,46
1,51,191,163,46
1,52,191,133,46
1,53,191,28,46
1,54,191,9,46
1,55,191,13,46
1,56,191,20,46
1,57,191,30,46
1,58,191,143,46
1,59,191,15,46
1,60,191,26,46
1,61,191,24,46
1,62,191,162,46
1,63,191,5,46
1,64,191,3,46
1,65,191,130,46
1,66,191,18,46
1,67,191,12,46
1,68,191,160,46
1,69,191,108,46
1,70,191,6,46
1,71,191,14,46
1,72,191,29,46
1,73,191,132,46
1,74,191,4,46
1,75,191,2,46
1,76,191,7,46
1,77,191,11,46
2,78,191,97,46
2,79,191,102,46
2,80,191,113,46
2,81,191,95,46
2,82,191,94,46
2,83,191,117,46
2,84,191,114,46
2,85,191,106,46
2,86,191,25,46
2,87,191,115,46
2,88,191,93,46
2,89,191,92,46
2,90,191,107,46
2,91,191,101,46
2,92,191,91,46
2,93,191,100,46
2,94,191,116,46
2,95,191,89,46
2,96,191,103,46
2,97,191,112,46
2,98,191,17,46
2,99,191,96,46
2,100,191,118,46
2,101,191,90,46
1,102,191,111,46
1,103,191,110,46
1,104,191,99,46
1,105,191,98,46
1,106,191,104,46
1,107,191,109,46
1,108,191,8,46
1,109,191,105,46
1,110,191,84,46
1,111,191,66,46
1,112,191,23,46
1,113,191,69,46
1,114,191,85,46
1,115,191,77,46
1,116,191,87,46
1,117,191,70,46
1,118,191,72,46
1,119,191,83,46
1,120,191,79,46
1,121,191,82,46
1,122,191,81,46
1,123,191,78,46
1,124,191,76,46
1,125,191,86,46
1,126,191,64,46
1,127,191,71,46
1,128,191,80,46
1,129,191,88,46
1,130,191,48,46
1,131,191,75,46
1,132,191,67,46
1,133,191,73,46
1,134,191,44,46
1,135,191,63,46
1,136,191,74,46
1,137,191,65,46
1,138,191,62,46
1,139,191,68,46
1,140,191,51,46
1,141,191,36,46
1,142,191,54,46
1,143,191,41,46
1,144,191,33,46
1,145,191,61,46
1,146,191,55,46
1,147,191,43,46
1,148,191,46,46
1,149,191,40,46
1,150,191,37,46
1,151,191,60,46
1,152,191,50,46
1,153,191,47,46
1,154,191,53,46
1,155,191,39,46
1,156,191,58,46
1,157,191,35,46
1,158,191,59,46
1,159,191,45,46
1,160,191,42,46
1,161,191,49,46
1,162,191,56,46
1,163,191,38,46
1,164,191,34,46
1,165,191,57,46
1,166,191,52,46
1,1,192,146,254
1,2,192,141,254
1,3,192,155,254
1,4,192,147,254
1,5,192,139,254
1,6,192,134,254
1,7,192,166,254
1,8,192,152,254
1,9,192,138,254
1,10,192,144,254
1,11,192,124,254
1,12,192,122,254
33,13,192,149,254
33,14,192,128,254
33,15,192,129,254
33,16,192,119,254
33,17,192,123,254
1,18,192,161,254
1,19,192,154,254
1,20,192,145,254
1,21,192,125,254
1,22,192,150,254
1,23,192,156,254
1,24,192,142,254
1,25,192,165,254
1,26,192,159,254
1,27,192,158,254
1,28,192,153,254
1,29,192,135,254
1,30,192,137,254
1,31,192,164,254
1,32,192,148,254
1,33,192,151,254
41,34,192,157,254
41,35,192,22,254
1,36,192,127,254
1,37,192,1,254
1,38,192,131,254
1,39,192,136,254
1,40,192,140,254
1,41,192,120,254
1,42,192,21,254
1,43,192,121,254
1,44,192,16,254
1,45,192,32,254
1,46,192,10,254
1,47,192,126,254
1,48,192,19,254
1,49,192,31,254
1,50,192,27,254
1,51,192,163,254
1,52,192,133,254
1,53,192,28,254
1,54,192,9,254
1,55,192,13,254
1,56,192,20,254
1,57,192,30,254
1,58,192,143,254
1,59,192,15,254
1,60,192,26,254
1,61,192,24,254
1,62,192,162,254
1,63,192,5,254
1,64,192,3,254
1,65,192,130,254
1,66,192,18,254
1,67,192,12,254
1,68,192,160,254
1,69,192,108,254
1,70,192,6,254
1,71,192,14,254
1,72,192,29,254
1,73,192,132,254
1,74,192,4,254
1,75,192,2,254
1,76,192,7,254
1,77,192,11,254
2,78,192,97,254
2,79,192,102,254
2,80,192,113,254
2,81,192,95,254
2,82,192,94,254
2,83,192,117,254
2,84,192,114,254
2,85,192,106,254
2,86,192,25,254
2,87,192,115,254
2,88,192,93,254
2,89,192,92,254
2,90,192,107,254
2,91,192,101,254
2,92,192,91,254
2,93,192,100,254
2,94,192,116,254
2,95,192,89,254
2,96,192,103,254
2,97,192,112,254
2,98,192,17,254
2,99,192,96,254
2,100,192,118,254
2,101,192,90,254
1,102,192,111,254
1,103,192,110,254
1,104,192,99,254
1,105,192,98,254
1,106,192,104,254
1,107,192,109,254
1,108,192,8,254
1,109,192,105,254
7,110,192,84,254
7,111,192,66,254
7,112,192,23,254
8,113,192,69,254
8,114,192,85,254
8,115,192,77,254
8,116,192,87,254
8,117,192,70,254
8,118,192,72,254
8,119,192,83,254
8,120,192,79,254
8,121,192,82,254
8,122,192,81,254
8,123,192,78,254
8,124,192,76,254
8,125,192,86,254
8,126,192,64,254
8,127,192,71,254
8,128,192,80,254
8,129,192,88,254
8,130,192,48,254
8,131,192,75,254
8,132,192,67,254
8,133,192,73,254
8,134,192,44,254
8,135,192,63,254
8,136,192,74,254
8,137,192,65,254
8,138,192,62,254
8,139,192,68,254
8,140,192,51,254
8,141,192,36,254
8,142,192,54,254
8,143,192,41,254
8,144,192,33,254
8,145,192,61,254
8,146,192,55,254
8,147,192,43,254
8,148,192,46,254
8,149,192,40,254
8,150,192,37,254
8,151,192,60,254
8,152,192,50,254
8,153,192,47,254
8,154,192,53,254
8,155,192,39,254
8,156,192,58,254
8,157,192,35,254
8,158,192,59,254
8,159,192,45,254
8,160,192,42,254
8,161,192,49,254
8,162,192,56,254
8,163,192,38,254
8,164,192,34,254
8,165,192,57,254
8,166,192,52,254
1,1,193,146,142
1,2,193,141,142
1,3,193,155,142
1,4,193,147,142
1,5,193,139,142
1,6,193,134,142
1,7,193,166,142
1,8,193,152,142
1,9,193,138,142
1,10,193,144,142
1,11,193,124,142
1,12,193,122,142
1,13,193,149,142
1,14,193,128,142
1,15,193,129,142
1,16,193,119,142
1,17,193,123,142
1,18,193,161,142
1,19,193,154,142
1,20,193,145,142
1,21,193,125,142
1,22,193,150,142
1,23,193,156,142
1,24,193,142,142
1,25,193,165,142
1,26,193,159,142
1,27,193,158,142
1,28,193,153,142
1,29,193,135,142
1,30,193,137,142
1,31,193,164,142
1,32,193,148,142
1,33,193,151,142
1,34,193,157,142
1,35,193,22,142
1,36,193,127,142
1,37,193,1,142
1,38,193,131,142
1,39,193,136,142
1,40,193,140,142
1,41,193,120,142
1,42,193,21,142
1,43,193,121,142
1,44,193,16,142
1,45,193,32,142
1,46,193,10,142
1,47,193,126,142
1,48,193,19,142
1,49,193,31,142
1,50,193,27,142
1,51,193,163,142
1,52,193,133,142
1,53,193,28,142
1,54,193,9,142
1,55,193,13,142
1,56,193,20,142
1,57,193,30,142
1,58,193,143,142
1,59,193,15,142
1,60,193,26,142
1,61,193,24,142
1,62,193,162,142
1,63,193,5,142
1,64,193,3,142
1,65,193,130,142
1,66,193,18,142
1,67,193,12,142
1,68,193,160,142
1,69,193,108,142
1,70,193,6,142
1,71,193,14,142
1,72,193,29,142
1,73,193,132,142
1,74,193,4,142
1,75,193,2,142
1,76,193,7,142
1,77,193,11,142
1,78,193,97,142
1,79,193,102,142
1,80,193,113,142
1,81,193,95,142
1,82,193,94,142
1,83,193,117,142
1,84,193,114,142
1,85,193,106,142
1,86,193,25,142
1,87,193,115,142
1,88,193,93,142
1,89,193,92,142
1,90,193,107,142
1,91,193,101,142
1,92,193,91,142
1,93,193,100,142
1,94,193,116,142
1,95,193,89,142
1,96,193,103,142
1,97,193,112,142
1,98,193,17,142
1,99,193,96,142
1,100,193,118,142
1,101,193,90,142
1,102,193,111,142
1,103,193,110,142
1,104,193,99,142
1,105,193,98,142
1,106,193,104,142
1,107,193,109,142
1,108,193,8,142
1,109,193,105,142
1,110,193,84,142
1,111,193,66,142
1,112,193,23,142
1,113,193,69,142
1,114,193,85,142
1,115,193,77,142
1,116,193,87,142
1,117,193,70,142
1,118,193,72,142
1,119,193,83,142
1,120,193,79,142
1,121,193,82,142
1,122,193,81,142
1,123,193,78,142
1,124,193,76,142
1,125,193,86,142
1,126,193,64,142
1,127,193,71,142
1,128,193,80,142
1,129,193,88,142
1,130,193,48,142
1,131,193,75,142
1,132,193,67,142
1,133,193,73,142
1,134,193,44,142
1,135,193,63,142
1,136,193,74,142
1,137,193,65,142
1,138,193,62,142
1,139,193,68,142
1,140,193,51,142
1,141,193,36,142
1,142,193,54,142
1,143,193,41,142
1,144,193,33,142
1,145,193,61,142
1,146,193,55,142
1,147,193,43,142
1,148,193,46,142
1,149,193,40,142
1,150,193,37,142
1,151,193,60,142
1,152,193,50,142
1,153,193,47,142
1,154,193,53,142
1,155,193,39,142
1,156,193,58,142
1,157,193,35,142
1,158,193,59,142
1,159,193,45,142
1,160,193,42,142
1,161,193,49,142
1,162,193,56,142
1,163,193,38,142
1,164,193,34,142
1,165,193,57,142
1,166,193,52,142
1,1,194,146,86
1,2,194,141,86
1,3,194,155,86
1,4,194,147,86
1,5,194,139,86
1,6,194,134,86
1,7,194,166,86
1,8,194,152,86
1,9,194,138,86
1,10,194,144,86
1,11,194,124,86
1,12,194,122,86
1,13,194,149,86
1,14,194,128,86
1,15,194,129,86
1,16,194,119,86
1,17,194,123,86
1,18,194,161,86
1,19,194,154,86
1,20,194,145,86
1,21,194,125,86
1,22,194,150,86
1,23,194,156,86
1,24,194,142,86
1,25,194,165,86
1,26,194,159,86
1,27,194,158,86
1,28,194,153,86
1,29,194,135,86
1,30,194,137,86
1,31,194,164,86
1,32,194,148,86
1,33,194,151,86
1,34,194,157,86
1,35,194,22,86
1,36,194,127,86
1,37,194,1,86
1,38,194,131,86
1,39,194,136,86
1,40,194,140,86
1,41,194,120,86
1,42,194,21,86
1,43,194,121,86
1,44,194,16,86
1,45,194,32,86
1,46,194,10,86
1,47,194,126,86
1,48,194,19,86
1,49,194,31,86
1,50,194,27,86
1,51,194,163,86
1,52,194,133,86
1,53,194,28,86
1,54,194,9,86
1,55,194,13,86
1,56,194,20,86
1,57,194,30,86
1,58,194,143,86
1,59,194,15,86
1,60,194,26,86
1,61,194,24,86
1,62,194,162,86
1,63,194,5,86
1,64,194,3,86
1,65,194,130,86
1,66,194,18,86
1,67,194,12,86
1,68,194,160,86
1,69,194,108,86
1,70,194,6,86
1,71,194,14,86
1,72,194,29,86
1,73,194,132,86
1,74,194,4,86
1,75,194,2,86
1,76,194,7,86
1,77,194,11,86
1,78,194,97,86
1,79,194,102,86
1,80,194,113,86
1,81,194,95,86
1,82,194,94,86
1,83,194,117,86
1,84,194,114,86
1,85,194,106,86
1,86,194,25,86
1,87,194,115,86
1,88,194,93,86
1,89,194,92,86
1,90,194,107,86
1,91,194,101,86
1,92,194,91,86
1,93,194,100,86
1,94,194,116,86
1,95,194,89,86
1,96,194,103,86
1,97,194,112,86
1,98,194,17,86
1,99,194,96,86
1,100,194,118,86
1,101,194,90,86
1,102,194,111,86
1,103,194,110,86
1,104,194,99,86
1,105,194,98,86
1,106,194,104,86
1,107,194,109,86
1,108,194,8,86
1,109,194,105,86
1,110,194,84,86
1,111,194,66,86
1,112,194,23,86
1,113,194,69,86
1,114,194,85,86
1,115,194,77,86
1,116,194,87,86
1,117,194,70,86
1,118,194,72,86
1,119,194,83,86
1,120,194,79,86
1,121,194,82,86
1,122,194,81,86
1,123,194,78,86
1,124,194,76,86
1,125,194,86,86
1,126,194,64,86
1,127,194,71,86
1,128,194,80,86
1,129,194,88,86
1,130,194,48,86
1,131,194,75,86
1,132,194,67,86
1,133,194,73,86
1,134,194,44,86
1,135,194,63,86
1,136,194,74,86
1,137,194,65,86
1,138,194,62,86
1,139,194,68,86
1,140,194,51,86
1,141,194,36,86
1,142,194,54,86
1,143,194,41,86
1,144,194,33,86
1,145,194,61,86
1,146,194,55,86
1,147,194,43,86
1,148,194,46,86
1,149,194,40,86
1,150,194,37,86
1,151,194,60,86
1,152,194,50,86
1,153,194,47,86
1,154,194,53,86
1,155,194,39,86
1,156,194,58,86
1,157,194,35,86
1,158,194,59,86
1,159,194,45,86
1,160,194,42,86
1,161,194,49,86
1,162,194,56,86
1,163,194,38,86
1,164,194,34,86
1,165,194,57,86
1,166,194,52,86
1,1,195,146,101
1,2,195,141,101
1,3,195,155,101
1,4,195,147,101
1,5,195,139,101
1,6,195,134,101
1,7,195,166,101
1,8,195,152,101
1,9,195,138,101
1,10,195,144,101
1,11,195,124,101
1,12,195,122,101
1,13,195,149,101
1,14,195,128,101
1,15,195,129,101
1,16,195,119,101
1,17,195,123,101
1,18,195,161,101
1,19,195,154,101
1,20,195,145,101
1,21,195,125,101
1,22,195,150,101
1,23,195,156,101
1,24,195,142,101
1,25,195,165,101
1,26,195,159,101
1,27,195,158,101
1,28,195,153,101
1,29,195,135,101
1,30,195,137,101
1,31,195,164,101
1,32,195,148,101
1,33,195,151,101
1,34,195,157,101
1,35,195,22,101
1,36,195,127,101
1,37,195,1,101
1,38,195,131,101
1,39,195,136,101
1,40,195,140,101
1,41,195,120,101
1,42,195,21,101
1,43,195,121,101
1,44,195,16,101
1,45,195,32,101
1,46,195,10,101
1,47,195,126,101
1,48,195,19,101
1,49,195,31,101
1,50,195,27,101
1,51,195,163,101
1,52,195,133,101
1,53,195,28,101
1,54,195,9,101
1,55,195,13,101
1,56,195,20,101
1,57,195,30,101
1,58,195,143,101
1,59,195,15,101
1,60,195,26,101
1,61,195,24,101
1,62,195,162,101
1,63,195,5,101
1,64,195,3,101
1,65,195,130,101
1,66,195,18,101
1,67,195,12,101
1,68,195,160,101
1,69,195,108,101
1,70,195,6,101
1,71,195,14,101
1,72,195,29,101
1,73,195,132,101
1,74,195,4,101
1,75,195,2,101
1,76,195,7,101
1,77,195,11,101
1,78,195,97,101
1,79,195,102,101
1,80,195,113,101
1,81,195,95,101
1,82,195,94,101
1,83,195,117,101
1,84,195,114,101
1,85,195,106,101
1,86,195,25,101
1,87,195,115,101
1,88,195,93,101
1,89,195,92,101
1,90,195,107,101
1,91,195,101,101
1,92,195,91,101
1,93,195,100,101
1,94,195,116,101
1,95,195,89,101
1,96,195,103,101
1,97,195,112,101
1,98,195,17,101
1,99,195,96,101
1,100,195,118,101
1,101,195,90,101
1,102,195,111,101
1,103,195,110,101
1,104,195,99,101
1,105,195,98,101
1,106,195,104,101
1,107,195,109,101
1,108,195,8,101
1,109,195,105,101
1,110,195,84,101
1,111,195,66,101
1,112,195,23,101
1,113,195,69,101
1,114,195,85,101
1,115,195,77,101
1,116,195,87,101
1,117,195,70,101
1,118,195,72,101
1,119,195,83,101
1,120,195,79,101
1,121,195,82,101
1,122,195,81,101
1,123,195,78,101
1,124,195,76,101
1,125,195,86,101
1,126,195,64,101
1,127,195,71,101
1,128,195,80,101
1,129,195,88,101
1,130,195,48,101
1,131,195,75,101
1,132,195,67,101
1,133,195,73,101
1,134,195,44,101
1,135,195,63,101
1,136,195,74,101
1,137,195,65,101
1,138,195,62,101
1,139,195,68,101
1,140,195,51,101
1,141,195,36,101
1,142,195,54,101
1,143,195,41,101
1,144,195,33,101
1,145,195,61,101
1,146,195,55,101
1,147,195,43,101
1,148,195,46,101
1,149,195,40,101
1,150,195,37,101
1,151,195,60,101
1,152,195,50,101
1,153,195,47,101
1,154,195,53,101
1,155,195,39,101
1,156,195,58,101
1,157,195,35,101
1,158,195,59,101
1,159,195,45,101
1,160,195,42,101
1,161,195,49,101
1,162,195,56,101
1,163,195,38,101
1,164,195,34,101
1,165,195,57,101
1,166,195,52,101
1,1,196,146,161
1,2,196,141,161
1,3,196,155,161
1,4,196,147,161
1,5,196,139,161
1,6,196,134,161
1,7,196,166,161
1,8,196,152,161
1,9,196,138,161
1,10,196,144,161
1,11,196,124,161
1,12,196,122,161
1,13,196,149,161
1,14,196,128,161
1,15,196,129,161
1,16,196,119,161
1,17,196,123,161
1,18,196,161,161
1,19,196,154,161
1,20,196,145,161
1,21,196,125,161
1,22,196,150,161
1,23,196,156,161
1,24,196,142,161
1,25,196,165,161
1,26,196,159,161
1,27,196,158,161
1,28,196,153,161
1,29,196,135,161
1,30,196,137,161
1,31,196,164,161
1,32,196,148,161
1,33,196,151,161
1,34,196,157,161
1,35,196,22,161
1,36,196,127,161
1,37,196,1,161
1,38,196,131,161
1,39,196,136,161
1,40,196,140,161
1,41,196,120,161
1,42,196,21,161
1,43,196,121,161
1,44,196,16,161
1,45,196,32,161
1,46,196,10,161
1,47,196,126,161
1,48,196,19,161
1,49,196,31,161
1,50,196,27,161
1,51,196,163,161
1,52,196,133,161
1,53,196,28,161
1,54,196,9,161
1,55,196,13,161
1,56,196,20,161
1,57,196,30,161
1,58,196,143,161
1,59,196,15,161
1,60,196,26,161
1,61,196,24,161
1,62,196,162,161
1,63,196,5,161
1,64,196,3,161
1,65,196,130,161
1,66,196,18,161
1,67,196,12,161
1,68,196,160,161
1,69,196,108,161
1,70,196,6,161
1,71,196,14,161
1,72,196,29,161
1,73,196,132,161
1,74,196,4,161
1,75,196,2,161
1,76,196,7,161
1,77,196,11,161
1,78,196,97,161
1,79,196,102,161
1,80,196,113,161
1,81,196,95,161
1,82,196,94,161
1,83,196,117,161
1,84,196,114,161
1,85,196,106,161
1,86,196,25,161
1,87,196,115,161
1,88,196,93,161
1,89,196,92,161
1,90,196,107,161
1,91,196,101,161
1,92,196,91,161
1,93,196,100,161
1,94,196,116,161
1,95,196,89,161
1,96,196,103,161
1,97,196,112,161
1,98,196,17,161
1,99,196,96,161
1,100,196,118,161
1,101,196,90,161
1,102,196,111,161
1,103,196,110,161
1,104,196,99,161
1,105,196,98,161
1,106,196,104,161
1,107,196,109,161
1,108,196,8,161
1,109,196,105,161
1,110,196,84,161
1,111,196,66,161
1,112,196,23,161
1,113,196,69,161
1,114,196,85,161
1,115,196,77,161
1,116,196,87,161
1,117,196,70,161
1,118,196,72,161
1,119,196,83,161
1,120,196,79,161
1,121,196,82,161
1,122,196,81,161
1,123,196,78,161
1,124,196,76,161
1,125,196,86,161
1,126,196,64,161
1,127,196,71,161
1,128,196,80,161
1,129,196,88,161
1,130,196,48,161
1,131,196,75,161
1,132,196,67,161
1,133,196,73,161
1,134,196,44,161
1,135,196,63,161
1,136,196,74,161
1,137,196,65,161
1,138,196,62,161
1,139,196,68,161
1,140,196,51,161
1,141,196,36,161
1,142,196,54,161
1,143,196,41,161
1,144,196,33,161
1,145,196,61,161
1,146,196,55,161
1,147,196,43,161
1,148,196,46,161
1,149,196,40,161
1,150,196,37,161
1,151,196,60,161
1,152,196,50,161
1,153,196,47,161
1,154,196,53,161
1,155,196,39,161
1,156,196,58,161
1,157,196,35,161
1,158,196,59,161
1,159,196,45,161
1,160,196,42,161
1,161,196,49,161
1,162,196,56,161
1,163,196,38,161
1,164,196,34,161
1,165,196,57,161
1,166,196,52,161
1,1,197,146,81
1,2,197,141,81
1,3,197,155,81
1,4,197,147,81
1,5,197,139,81
1,6,197,134,81
1,7,197,166,81
1,8,197,152,81
1,9,197,138,81
1,10,197,144,81
1,11,197,124,81
1,12,197,122,81
1,13,197,149,81
1,14,197,128,81
1,15,197,129,81
1,16,197,119,81
1,17,197,123,81
1,18,197,161,81
1,19,197,154,81
1,20,197,145,81
1,21,197,125,81
1,22,197,150,81
1,23,197,156,81
1,24,197,142,81
1,25,197,165,81
1,26,197,159,81
1,27,197,158,81
1,28,197,153,81
1,29,197,135,81
1,30,197,137,81
1,31,197,164,81
1,32,197,148,81
1,33,197,151,81
1,34,197,157,81
1,35,197,22,81
1,36,197,127,81
1,37,197,1,81
1,38,197,131,81
1,39,197,136,81
1,40,197,140,81
1,41,197,120,81
1,42,197,21,81
1,43,197,121,81
1,44,197,16,81
1,45,197,32,81
1,46,197,10,81
1,47,197,126,81
1,48,197,19,81
1,49,197,31,81
1,50,197,27,81
1,51,197,163,81
1,52,197,133,81
1,53,197,28,81
1,54,197,9,81
1,55,197,13,81
1,56,197,20,81
1,57,197,30,81
1,58,197,143,81
1,59,197,15,81
1,60,197,26,81
1,61,197,24,81
1,62,197,162,81
1,63,197,5,81
1,64,197,3,81
1,65,197,130,81
1,66,197,18,81
1,67,197,12,81
1,68,197,160,81
1,69,197,108,81
1,70,197,6,81
1,71,197,14,81
1,72,197,29,81
1,73,197,132,81
1,74,197,4,81
1,75,197,2,81
1,76,197,7,81
1,77,197,11,81
1,78,197,97,81
1,79,197,102,81
1,80,197,113,81
1,81,197,95,81
1,82,197,94,81
1,83,197,117,81
1,84,197,114,81
1,85,197,106,81
1,86,197,25,81
1,87,197,115,81
1,88,197,93,81
1,89,197,92,81
1,90,197,107,81
1,91,197,101,81
1,92,197,91,81
1,93,197,100,81
1,94,197,116,81
1,95,197,89,81
1,96,197,103,81
1,97,197,112,81
1,98,197,17,81
1,99,197,96,81
1,100,197,118,81
1,101,197,90,81
1,102,197,111,81
1,103,197,110,81
1,104,197,99,81
1,105,197,98,81
1,106,197,104,81
1,107,197,109,81
1,108,197,8,81
1,109,197,105,81
1,110,197,84,81
1,111,197,66,81
1,112,197,23,81
1,113,197,69,81
1,114,197,85,81
1,115,197,77,81
1,116,197,87,81
1,117,197,70,81
1,118,197,72,81
1,119,197,83,81
1,120,197,79,81
1,121,197,82,81
1,122,197,81,81
1,123,197,78,81
1,124,197,76,81
1,125,197,86,81
1,126,197,64,81
1,127,197,71,81
1,128,197,80,81
1,129,197,88,81
1,130,197,48,81
1,131,197,75,81
1,132,197,67,81
1,133,197,73,81
1,134,197,44,81
1,135,197,63,81
1,136,197,74,81
1,137,197,65,81
1,138,197,62,81
1,139,197,68,81
1,140,197,51,81
1,141,197,36,81
1,142,197,54,81
1,143,197,41,81
1,144,197,33,81
1,145,197,61,81
1,146,197,55,81
1,147,197,43,81
1,148,197,46,81
1,149,197,40,81
1,150,197,37,81
1,151,197,60,81
1,152,197,50,81
1,153,197,47,81
1,154,197,53,81
1,155,197,39,81
1,156,197,58,81
1,157,197,35,81
1,158,197,59,81
1,159,197,45,81
1,160,197,42,81
1,161,197,49,81
1,162,197,56,81
1,163,197,38,81
1,164,197,34,81
1,165,197,57,81
1,166,197,52,81
1,1,198,146,67
1,2,198,141,67
1,3,198,155,67
1,4,198,147,67
1,5,198,139,67
1,6,198,134,67
1,7,198,166,67
1,8,198,152,67
1,9,198,138,67
1,10,198,144,67
1,11,198,124,67
1,12,198,122,67
1,13,198,149,67
1,14,198,128,67
1,15,198,129,67
1,16,198,119,67
1,17,198,123,67
1,18,198,161,67
1,19,198,154,67
1,20,198,145,67
1,21,198,125,67
1,22,198,150,67
1,23,198,156,67
1,24,198,142,67
1,25,198,165,67
1,26,198,159,67
1,27,198,158,67
1,28,198,153,67
1,29,198,135,67
1,30,198,137,67
1,31,198,164,67
1,32,198,148,67
1,33,198,151,67
1,34,198,157,67
1,35,198,22,67
1,36,198,127,67
1,37,198,1,67
1,38,198,131,67
1,39,198,136,67
1,40,198,140,67
1,41,198,120,67
1,42,198,21,67
1,43,198,121,67
1,44,198,16,67
1,45,198,32,67
1,46,198,10,67
1,47,198,126,67
1,48,198,19,67
1,49,198,31,67
1,50,198,27,67
1,51,198,163,67
1,52,198,133,67
1,53,198,28,67
1,54,198,9,67
1,55,198,13,67
1,56,198,20,67
1,57,198,30,67
1,58,198,143,67
1,59,198,15,67
1,60,198,26,67
1,61,198,24,67
1,62,198,162,67
1,63,198,5,67
1,64,198,3,67
1,65,198,130,67
1,66,198,18,67
1,67,198,12,67
1,68,198,160,67
1,69,198,108,67
1,70,198,6,67
1,71,198,14,67
1,72,198,29,67
1,73,198,132,67
1,74,198,4,67
1,75,198,2,67
1,76,198,7,67
1,77,198,11,67
1,78,198,97,67
1,79,198,102,67
1,80,198,113,67
1,81,198,95,67
1,82,198,94,67
1,83,198,117,67
1,84,198,114,67
1,85,198,106,67
1,86,198,25,67
1,87,198,115,67
1,88,198,93,67
1,89,198,92,67
1,90,198,107,67
1,91,198,101,67
1,92,198,91,67
1,93,198,100,67
1,94,198,116,67
1,95,198,89,67
1,96,198,103,67
1,97,198,112,67
1,98,198,17,67
1,99,198,96,67
1,100,198,118,67
1,101,198,90,67
1,102,198,111,67
1,103,198,110,67
1,104,198,99,67
1,105,198,98,67
1,106,198,104,67
1,107,198,109,67
1,108,198,8,67
1,109,198,105,67
1,110,198,84,67
1,111,198,66,67
1,112,198,23,67
1,113,198,69,67
1,114,198,85,67
1,115,198,77,67
1,116,198,87,67
1,117,198,70,67
1,118,198,72,67
1,119,198,83,67
1,120,198,79,67
1,121,198,82,67
1,122,198,81,67
1,123,198,78,67
1,124,198,76,67
1,125,198,86,67
1,126,198,64,67
1,127,198,71,67
1,128,198,80,67
1,129,198,88,67
1,130,198,48,67
1,131,198,75,67
1,132,198,67,67
1,133,198,73,67
1,134,198,44,67
1,135,198,63,67
1,136,198,74,67
1,137,198,65,67
1,138,198,62,67
1,139,198,68,67
1,140,198,51,67
1,141,198,36,67
1,142,198,54,67
1,143,198,41,67
1,144,198,33,67
1,145,198,61,67
1,146,198,55,67
1,147,198,43,67
1,148,198,46,67
1,149,198,40,67
1,150,198,37,67
1,151,198,60,67
1,152,198,50,67
1,153,198,47,67
1,154,198,53,67
1,155,198,39,67
1,156,198,58,67
1,157,198,35,67
1,158,198,59,67
1,159,198,45,67
1,160,198,42,67
1,161,198,49,67
1,162,198,56,67
1,163,198,38,67
1,164,198,34,67
1,165,198,57,67
1,166,198,52,67
1,1,199,146,200
1,2,199,141,200
1,3,199,155,200
1,4,199,147,200
1,5,199,139,200
1,6,199,134,200
1,7,199,166,200
1,8,199,152,200
1,9,199,138,200
1,10,199,144,200
1,11,199,124,200
1,12,199,122,200
1,13,199,149,200
1,14,199,128,200
1,15,199,129,200
1,16,199,119,200
1,17,199,123,200
1,18,199,161,200
1,19,199,154,200
1,20,199,145,200
1,21,199,125,200
1,22,199,150,200
1,23,199,156,200
1,24,199,142,200
1,25,199,165,200
1,26,199,159,200
1,27,199,158,200
1,28,199,153,200
1,29,199,135,200
1,30,199,137,200
1,31,199,164,200
1,32,199,148,200
1,33,199,151,200
1,34,199,157,200
1,35,199,22,200
1,36,199,127,200
1,37,199,1,200
1,38,199,131,200
1,39,199,136,200
1,40,199,140,200
1,41,199,120,200
1,42,199,21,200
1,43,199,121,200
1,44,199,16,200
1,45,199,32,200
1,46,199,10,200
1,47,199,126,200
1,48,199,19,200
1,49,199,31,200
1,50,199,27,200
1,51,199,163,200
1,52,199,133,200
1,53,199,28,200
1,54,199,9,200
1,55,199,13,200
1,56,199,20,200
1,57,199,30,200
1,58,199,143,200
1,59,199,15,200
1,60,199,26,200
1,61,199,24,200
1,62,199,162,200
1,63,199,5,200
1,64,199,3,200
1,65,199,130,200
1,66,199,18,200
1,67,199,12,200
1,68,199,160,200
1,69,199,108,200
1,70,199,6,200
1,71,199,14,200
1,72,199,29,200
1,73,199,132,200
1,74,199,4,200
1,75,199,2,200
1,76,199,7,200
1,77,199,11,200
1,78,199,97,200
1,79,199,102,200
1,80,199,113,200
1,81,199,95,200
1,82,199,94,200
1,83,199,117,200
1,84,199,114,200
1,85,199,106,200
1,86,199,25,200
1,87,199,115,200
1,88,199,93,200
1,89,199,92,200
1,90,199,107,200
1,91,199,101,200
1,92,199,91,200
1,93,199,100,200
1,94,199,116,200
1,95,199,89,200
1,96,199,103,200
1,97,199,112,200
1,98,199,17,200
1,99,199,96,200
1,100,199,118,200
1,101,199,90,200
1,102,199,111,200
1,103,199,110,200
1,104,199,99,200
1,105,199,98,200
1,106,199,104,200
1,107,199,109,200
1,108,199,8,200
1,109,199,105,200
1,110,199,84,200
1,111,199,66,200
1,112,199,23,200
1,113,199,69,200
1,114,199,85,200
1,115,199,77,200
1,116,199,87,200
1,117,199,70,200
1,118,199,72,200
1,119,199,83,200
1,120,199,79,200
1,121,199,82,200
1,122,199,81,200
1,123,199,78,200
1,124,199,76,200
1,125,199,86,200
1,126,199,64,200
1,127,199,71,200
1,128,199,80,200
1,129,199,88,200
1,130,199,48,200
1,131,199,75,200
1,132,199,67,200
1,133,199,73,200
1,134,199,44,200
1,135,199,63,200
1,136,199,74,200
1,137,199,65,200
1,138,199,62,200
1,139,199,68,200
1,140,199,51,200
1,141,199,36,200
1,142,199,54,200
1,143,199,41,200
1,144,199,33,200
1,145,199,61,200
1,146,199,55,200
1,147,199,43,200
1,148,199,46,200
1,149,199,40,200
1,150,199,37,200
1,151,199,60,200
1,152,199,50,200
1,153,199,47,200
1,154,199,53,200
1,155,199,39,200
1,156,199,58,200
1,157,199,35,200
1,158,199,59,200
1,159,199,45,200
1,160,199,42,200
1,161,199,49,200
1,162,199,56,200
1,163,199,38,200
1,164,199,34,200
1,165,199,57,200
1,166,199,52,200
1,1,200,146,124
1,2,200,141,124
1,3,200,155,124
1,4,200,147,124
1,5,200,139,124
1,6,200,134,124
1,7,200,166,124
1,8,200,152,124
1,9,200,138,124
1,10,200,144,124
1,11,200,124,124
1,12,200,122,124
1,13,200,149,124
1,14,200,128,124
1,15,200,129,124
1,16,200,119,124
1,17,200,123,124
1,18,200,161,124
1,19,200,154,124
1,20,200,145,124
1,21,200,125,124
1,22,200,150,124
1,23,200,156,124
1,24,200,142,124
1,25,200,165,124
1,26,200,159,124
1,27,200,158,124
1,28,200,153,124
1,29,200,135,124
1,30,200,137,124
1,31,200,164,124
1,32,200,148,124
1,33,200,151,124
1,34,200,157,124
1,35,200,22,124
1,36,200,127,124
1,37,200,1,124
1,38,200,131,124
1,39,200,136,124
1,40,200,140,124
1,41,200,120,124
1,42,200,21,124
1,43,200,121,124
1,44,200,16,124
1,45,200,32,124
1,46,200,10,124
1,47,200,126,124
1,48,200,19,124
1,49,200,31,124
1,50,200,27,124
1,51,200,163,124
1,52,200,133,124
1,53,200,28,124
1,54,200,9,124
1,55,200,13,124
1,56,200,20,124
1,57,200,30,124
1,58,200,143,124
1,59,200,15,124
1,60,200,26,124
1,61,200,24,124
1,62,200,162,124
1,63,200,5,124
1,64,200,3,124
1,65,200,130,124
1,66,200,18,124
1,67,200,12,124
1,68,200,160,124
1,69,200,108,124
1,70,200,6,124
1,71,200,14,124
1,72,200,29,124
1,73,200,132,124
1,74,200,4,124
1,75,200,2,124
1,76,200,7,124
1,77,200,11,124
1,78,200,97,124
1,79,200,102,124
1,80,200,113,124
1,81,200,95,124
1,82,200,94,124
1,83,200,117,124
1,84,200,114,124
1,85,200,106,124
1,86,200,25,124
1,87,200,115,124
1,88,200,93,124
1,89,200,92,124
1,90,200,107,124
1,91,200,101,124
1,92,200,91,124
1,93,200,100,124
1,94,200,116,124
1,95,200,89,124
1,96,200,103,124
1,97,200,112,124
1,98,200,17,124
1,99,200,96,124
1,100,200,118,124
1,101,200,90,124
1,102,200,111,124
1,103,200,110,124
1,104,200,99,124
1,105,200,98,124
1,106,200,104,124
1,107,200,109,124
1,108,200,8,124
1,109,200,105,124
1,110,200,84,124
1,111,200,66,124
1,112,200,23,124
1,113,200,69,124
1,114,200,85,124
1,115,200,77,124
1,116,200,87,124
1,117,200,70,124
1,118,200,72,124
1,119,200,83,124
1,120,200,79,124
1,121,200,82,124
1,122,200,81,124
1,123,200,78,124
1,124,200,76,124
1,125,200,86,124
1,126,200,64,124
1,127,200,71,124
1,128,200,80,124
1,129,200,88,124
1,130,200,48,124
1,131,200,75,124
1,132,200,67,124
1,133,200,73,124
1,134,200,44,124
1,135,200,63,124
1,136,200,74,124
1,137,200,65,124
1,138,200,62,124
1,139,200,68,124
1,140,200,51,124
1,141,200,36,124
1,142,200,54,124
1,143,200,41,124
1,144,200,33,124
1,145,200,61,124
1,146,200,55,124
1,147,200,43,124
1,148,200,46,124
1,149,200,40,124
1,150,200,37,124
1,151,200,60,124
1,152,200,50,124
1,153,200,47,124
1,154,200,53,124
1,155,200,39,124
1,156,200,58,124
1,157,200,35,124
1,158,200,59,124
1,159,200,45,124
1,160,200,42,124
1,161,200,49,124
1,162,200,56,124
1,163,200,38,124
1,164,200,34,124
1,165,200,57,124
1,166,200,52,124
1,1,201,146,134
1,2,201,141,134
1,3,201,155,134
1,4,201,147,134
1,5,201,139,134
1,6,201,134,134
1,7,201,166,134
1,8,201,152,134
1,9,201,138,134
1,10,201,144,134
1,11,201,124,134
1,12,201,122,134
1,13,201,149,134
1,14,201,128,134
1,15,201,129,134
1,16,201,119,134
1,17,201,123,134
1,18,201,161,134
1,19,201,154,134
1,20,201,145,134
1,21,201,125,134
1,22,201,150,134
1,23,201,156,134
1,24,201,142,134
1,25,201,165,134
1,26,201,159,134
1,27,201,158,134
1,28,201,153,134
1,29,201,135,134
1,30,201,137,134
1,31,201,164,134
1,32,201,148,134
1,33,201,151,134
1,34,201,157,134
1,35,201,22,134
1,36,201,127,134
1,37,201,1,134
1,38,201,131,134
1,39,201,136,134
1,40,201,140,134
1,41,201,120,134
1,42,201,21,134
1,43,201,121,134
1,44,201,16,134
1,45,201,32,134
1,46,201,10,134
1,47,201,126,134
1,48,201,19,134
1,49,201,31,134
1,50,201,27,134
1,51,201,163,134
1,52,201,133,134
1,53,201,28,134
1,54,201,9,134
1,55,201,13,134
1,56,201,20,134
1,57,201,30,134
1,58,201,143,134
1,59,201,15,134
1,60,201,26,134
1,61,201,24,134
1,62,201,162,134
1,63,201,5,134
1,64,201,3,134
1,65,201,130,134
1,66,201,18,134
1,67,201,12,134
1,68,201,160,134
1,69,201,108,134
1,70,201,6,134
1,71,201,14,134
1,72,201,29,134
1,73,201,132,134
1,74,201,4,134
1,75,201,2,134
1,76,201,7,134
1,77,201,11,134
1,78,201,97,134
1,79,201,102,134
1,80,201,113,134
1,81,201,95,134
1,82,201,94,134
1,83,201,117,134
1,84,201,114,134
1,85,201,106,134
1,86,201,25,134
1,87,201,115,134
1,88,201,93,134
1,89,201,92,134
1,90,201,107,134
1,91,201,101,134
1,92,201,91,134
1,93,201,100,134
1,94,201,116,134
1,95,201,89,134
1,96,201,103,134
1,97,201,112,134
1,98,201,17,134
1,99,201,96,134
1,100,201,118,134
1,101,201,90,134
1,102,201,111,134
1,103,201,110,134
1,104,201,99,134
1,105,201,98,134
1,106,201,104,134
1,107,201,109,134
1,108,201,8,134
1,109,201,105,134
1,110,201,84,134
1,111,201,66,134
1,112,201,23,134
13,113,201,69,134
13,114,201,85,134
13,115,201,77,134
13,116,201,87,134
13,117,201,70,134
13,118,201,72,134
13,119,201,83,134
13,120,201,79,134
13,121,201,82,134
13,122,201,81,134
13,123,201,78,134
13,124,201,76,134
13,125,201,86,134
13,126,201,64,134
13,127,201,71,134
13,128,201,80,134
13,129,201,88,134
13,130,201,48,134
13,131,201,75,134
13,132,201,67,134
13,133,201,73,134
13,134,201,44,134
13,135,201,63,134
13,136,201,74,134
13,137,201,65,134
13,138,201,62,134
13,139,201,68,134
1,140,201,51,134
1,141,201,36,134
1,142,201,54,134
1,143,201,41,134
1,144,201,33,134
1,145,201,61,134
1,146,201,55,134
1,147,201,43,134
1,148,201,46,134
1,149,201,40,134
1,150,201,37,134
1,151,201,60,134
1,152,201,50,134
1,153,201,47,134
1,154,201,53,134
1,155,201,39,134
1,156,201,58,134
1,157,201,35,134
1,158,201,59,134
1,159,201,45,134
1,160,201,42,134
1,161,201,49,134
1,162,201,56,134
1,163,201,38,134
1,164,201,34,134
1,165,201,57,134
1,166,201,52,134
1,1,202,146,195
1,2,202,141,195
1,3,202,155,195
1,4,202,147,195
1,5,202,139,195
1,6,202,134,195
1,7,202,166,195
1,8,202,152,195
1,9,202,138,195
1,10,202,144,195
1,11,202,124,195
1,12,202,122,195
1,13,202,149,195
1,14,202,128,195
1,15,202,129,195
1,16,202,119,195
1,17,202,123,195
1,18,202,161,195
1,19,202,154,195
1,20,202,145,195
1,21,202,125,195
1,22,202,150,195
1,23,202,156,195
1,24,202,142,195
1,25,202,165,195
1,26,202,159,195
1,27,202,158,195
1,28,202,153,195
1,29,202,135,195
1,30,202,137,195
1,31,202,164,195
1,32,202,148,195
1,33,202,151,195
1,34,202,157,195
1,35,202,22,195
1,36,202,127,195
1,37,202,1,195
1,38,202,131,195
1,39,202,136,195
1,40,202,140,195
1,41,202,120,195
1,42,202,21,195
1,43,202,121,195
1,44,202,16,195
1,45,202,32,195
1,46,202,10,195
1,47,202,126,195
1,48,202,19,195
1,49,202,31,195
1,50,202,27,195
1,51,202,163,195
1,52,202,133,195
1,53,202,28,195
1,54,202,9,195
1,55,202,13,195
1,56,202,20,195
1,57,202,30,195
1,58,202,143,195
1,59,202,15,195
1,60,202,26,195
1,61,202,24,195
1,62,202,162,195
1,63,202,5,195
1,64,202,3,195
1,65,202,130,195
1,66,202,18,195
1,67,202,12,195
1,68,202,160,195
1,69,202,108,195
1,70,202,6,195
1,71,202,14,195
1,72,202,29,195
1,73,202,132,195
1,74,202,4,195
1,75,202,2,195
1,76,202,7,195
1,77,202,11,195
1,78,202,97,195
1,79,202,102,195
1,80,202,113,195
1,81,202,95,195
1,82,202,94,195
1,83,202,117,195
1,84,202,114,195
1,85,202,106,195
1,86,202,25,195
1,87,202,115,195
1,88,202,93,195
1,89,202,92,195
1,90,202,107,195
1,91,202,101,195
1,92,202,91,195
1,93,202,100,195
1,94,202,116,195
1,95,202,89,195
1,96,202,103,195
1,97,202,112,195
1,98,202,17,195
1,99,202,96,195
1,100,202,118,195
1,101,202,90,195
1,102,202,111,195
1,103,202,110,195
1,104,202,99,195
1,105,202,98,195
1,106,202,104,195
1,107,202,109,195
1,108,202,8,195
1,109,202,105,195
1,110,202,84,195
1,111,202,66,195
1,112,202,23,195
13,113,202,69,195
13,114,202,85,195
13,115,202,77,195
13,116,202,87,195
13,117,202,70,195
13,118,202,72,195
13,119,202,83,195
13,120,202,79,195
13,121,202,82,195
13,122,202,81,195
13,123,202,78,195
13,124,202,76,195
13,125,202,86,195
13,126,202,64,195
13,127,202,71,195
13,128,202,80,195
13,129,202,88,195
13,130,202,48,195
13,131,202,75,195
13,132,202,67,195
13,133,202,73,195
13,134,202,44,195
13,135,202,63,195
13,136,202,74,195
13,137,202,65,195
13,138,202,62,195
13,139,202,68,195
1,140,202,51,195
1,141,202,36,195
1,142,202,54,195
1,143,202,41,195
1,144,202,33,195
1,145,202,61,195
1,146,202,55,195
1,147,202,43,195
1,148,202,46,195
1,149,202,40,195
1,150,202,37,195
1,151,202,60,195
1,152,202,50,195
1,153,202,47,195
1,154,202,53,195
1,155,202,39,195
1,156,202,58,195
1,157,202,35,195
1,158,202,59,195
1,159,202,45,195
1,160,202,42,195
1,161,202,49,195
1,162,202,56,195
1,163,202,38,195
1,164,202,34,195
1,165,202,57,195
1,166,202,52,195
1,1,203,146,49
1,2,203,141,49
1,3,203,155,49
1,4,203,147,49
1,5,203,139,49
1,6,203,134,49
1,7,203,166,49
1,8,203,152,49
1,9,203,138,49
1,10,203,144,49
1,11,203,124,49
1,12,203,122,49
1,13,203,149,49
1,14,203,128,49
1,15,203,129,49
1,16,203,119,49
1,17,203,123,49
1,18,203,161,49
1,19,203,154,49
1,20,203,145,49
1,21,203,125,49
1,22,203,150,49
1,23,203,156,49
1,24,203,142,49
1,25,203,165,49
1,26,203,159,49
1,27,203,158,49
1,28,203,153,49
1,29,203,135,49
1,30,203,137,49
1,31,203,164,49
1,32,203,148,49
1,33,203,151,49
1,34,203,157,49
1,35,203,22,49
1,36,203,127,49
1,37,203,1,49
1,38,203,131,49
1,39,203,136,49
1,40,203,140,49
1,41,203,120,49
1,42,203,21,49
1,43,203,121,49
1,44,203,16,49
1,45,203,32,49
1,46,203,10,49
1,47,203,126,49
1,48,203,19,49
1,49,203,31,49
1,50,203,27,49
1,51,203,163,49
1,52,203,133,49
1,53,203,28,49
1,54,203,9,49
1,55,203,13,49
1,56,203,20,49
1,57,203,30,49
1,58,203,143,49
1,59,203,15,49
1,60,203,26,49
1,61,203,24,49
1,62,203,162,49
1,63,203,5,49
1,64,203,3,49
1,65,203,130,49
1,66,203,18,49
1,67,203,12,49
1,68,203,160,49
1,69,203,108,49
1,70,203,6,49
1,71,203,14,49
1,72,203,29,49
1,73,203,132,49
1,74,203,4,49
1,75,203,2,49
1,76,203,7,49
1,77,203,11,49
1,78,203,97,49
1,79,203,102,49
1,80,203,113,49
1,81,203,95,49
1,82,203,94,49
1,83,203,117,49
1,84,203,114,49
1,85,203,106,49
1,86,203,25,49
1,87,203,115,49
1,88,203,93,49
1,89,203,92,49
1,90,203,107,49
1,91,203,101,49
1,92,203,91,49
1,93,203,100,49
1,94,203,116,49
1,95,203,89,49
1,96,203,103,49
1,97,203,112,49
1,98,203,17,49
1,99,203,96,49
1,100,203,118,49
1,101,203,90,49
1,102,203,111,49
1,103,203,110,49
1,104,203,99,49
1,105,203,98,49
1,106,203,104,49
1,107,203,109,49
1,108,203,8,49
1,109,203,105,49
1,110,203,84,49
1,111,203,66,49
1,112,203,23,49
13,113,203,69,49
13,114,203,85,49
13,115,203,77,49
13,116,203,87,49
13,117,203,70,49
13,118,203,72,49
13,119,203,83,49
13,120,203,79,49
13,121,203,82,49
13,122,203,81,49
13,123,203,78,49
13,124,203,76,49
13,125,203,86,49
13,126,203,64,49
13,127,203,71,49
13,128,203,80,49
13,129,203,88,49
13,130,203,48,49
13,131,203,75,49
13,132,203,67,49
13,133,203,73,49
13,134,203,44,49
13,135,203,63,49
13,136,203,74,49
13,137,203,65,49
13,138,203,62,49
13,139,203,68,49
1,140,203,51,49
1,141,203,36,49
1,142,203,54,49
1,143,203,41,49
1,144,203,33,49
1,145,203,61,49
1,146,203,55,49
1,147,203,43,49
1,148,203,46,49
1,149,203,40,49
1,150,203,37,49
1,151,203,60,49
1,152,203,50,49
1,153,203,47,49
1,154,203,53,49
1,155,203,39,49
1,156,203,58,49
1,157,203,35,49
1,158,203,59,49
1,159,203,45,49
1,160,203,42,49
1,161,203,49,49
1,162,203,56,49
1,163,203,38,49
1,164,203,34,49
1,165,203,57,49
1,166,203,52,49
1,1,204,146,60
1,2,204,141,60
1,3,204,155,60
1,4,204,147,60
1,5,204,139,60
1,6,204,134,60
1,7,204,166,60
1,8,204,152,60
1,9,204,138,60
1,10,204,144,60
1,11,204,124,60
1,12,204,122,60
1,13,204,149,60
1,14,204,128,60
1,15,204,129,60
1,16,204,119,60
1,17,204,123,60
1,18,204,161,60
1,19,204,154,60
1,20,204,145,60
1,21,204,125,60
1,22,204,150,60
1,23,204,156,60
1,24,204,142,60
1,25,204,165,60
1,26,204,159,60
1,27,204,158,60
1,28,204,153,60
1,29,204,135,60
1,30,204,137,60
1,31,204,164,60
1,32,204,148,60
1,33,204,151,60
1,34,204,157,60
1,35,204,22,60
1,36,204,127,60
1,37,204,1,60
1,38,204,131,60
1,39,204,136,60
1,40,204,140,60
1,41,204,120,60
1,42,204,21,60
1,43,204,121,60
1,44,204,16,60
1,45,204,32,60
1,46,204,10,60
1,47,204,126,60
1,48,204,19,60
1,49,204,31,60
1,50,204,27,60
1,51,204,163,60
1,52,204,133,60
1,53,204,28,60
1,54,204,9,60
1,55,204,13,60
1,56,204,20,60
1,57,204,30,60
1,58,204,143,60
1,59,204,15,60
1,60,204,26,60
1,61,204,24,60
1,62,204,162,60
1,63,204,5,60
1,64,204,3,60
1,65,204,130,60
1,66,204,18,60
1,67,204,12,60
1,68,204,160,60
1,69,204,108,60
1,70,204,6,60
1,71,204,14,60
1,72,204,29,60
1,73,204,132,60
1,74,204,4,60
1,75,204,2,60
1,76,204,7,60
1,77,204,11,60
1,78,204,97,60
1,79,204,102,60
1,80,204,113,60
1,81,204,95,60
1,82,204,94,60
1,83,204,117,60
1,84,204,114,60
1,85,204,106,60
1,86,204,25,60
1,87,204,115,60
1,88,204,93,60
1,89,204,92,60
1,90,204,107,60
1,91,204,101,60
1,92,204,91,60
1,93,204,100,60
1,94,204,116,60
1,95,204,89,60
1,96,204,103,60
1,97,204,112,60
1,98,204,17,60
1,99,204,96,60
1,100,204,118,60
1,101,204,90,60
1,102,204,111,60
1,103,204,110,60
1,104,204,99,60
1,105,204,98,60
1,106,204,104,60
1,107,204,109,60
1,108,204,8,60
1,109,204,105,60
1,110,204,84,60
1,111,204,66,60
1,112,204,23,60
13,113,204,69,60
13,114,204,85,60
13,115,204,77,60
13,116,204,87,60
13,117,204,70,60
13,118,204,72,60
13,119,204,83,60
13,120,204,79,60
13,121,204,82,60
13,122,204,81,60
13,123,204,78,60
13,124,204,76,60
13,125,204,86,60
13,126,204,64,60
13,127,204,71,60
13,128,204,80,60
13,129,204,88,60
13,130,204,48,60
13,131,204,75,60
13,132,204,67,60
13,133,204,73,60
13,134,204,44,60
13,135,204,63,60
13,136,204,74,60
13,137,204,65,60
13,138,204,62,60
13,139,204,68,60
1,140,204,51,60
1,141,204,36,60
1,142,204,54,60
1,143,204,41,60
1,144,204,33,60
1,145,204,61,60
1,146,204,55,60
1,147,204,43,60
1,148,204,46,60
1,149,204,40,60
1,150,204,37,60
1,151,204,60,60
1,152,204,50,60
1,153,204,47,60
1,154,204,53,60
1,155,204,39,60
1,156,204,58,60
1,157,204,35,60
1,158,204,59,60
1,159,204,45,60
1,160,204,42,60
1,161,204,49,60
1,162,204,56,60
1,163,204,38,60
1,164,204,34,60
1,165,204,57,60
1,166,204,52,60
1,1,205,146,291
1,2,205,141,291
1,3,205,155,291
1,4,205,147,291
1,5,205,139,291
1,6,205,134,291
1,7,205,166,291
1,8,205,152,291
1,9,205,138,291
1,10,205,144,291
1,11,205,124,291
1,12,205,122,291
1,13,205,149,291
1,14,205,128,291
1,15,205,129,291
1,16,205,119,291
1,17,205,123,291
1,18,205,161,291
1,19,205,154,291
1,20,205,145,291
1,21,205,125,291
1,22,205,150,291
1,23,205,156,291
1,24,205,142,291
1,25,205,165,291
1,26,205,159,291
1,27,205,158,291
1,28,205,153,291
1,29,205,135,291
1,30,205,137,291
1,31,205,164,291
1,32,205,148,291
1,33,205,151,291
1,34,205,157,291
1,35,205,22,291
1,36,205,127,291
1,37,205,1,291
1,38,205,131,291
1,39,205,136,291
1,40,205,140,291
1,41,205,120,291
1,42,205,21,291
1,43,205,121,291
1,44,205,16,291
1,45,205,32,291
1,46,205,10,291
1,47,205,126,291
1,48,205,19,291
1,49,205,31,291
1,50,205,27,291
1,51,205,163,291
1,52,205,133,291
1,53,205,28,291
1,54,205,9,291
1,55,205,13,291
1,56,205,20,291
1,57,205,30,291
1,58,205,143,291
1,59,205,15,291
1,60,205,26,291
1,61,205,24,291
1,62,205,162,291
1,63,205,5,291
1,64,205,3,291
1,65,205,130,291
1,66,205,18,291
1,67,205,12,291
1,68,205,160,291
1,69,205,108,291
1,70,205,6,291
1,71,205,14,291
1,72,205,29,291
1,73,205,132,291
1,74,205,4,291
1,75,205,2,291
1,76,205,7,291
1,77,205,11,291
1,78,205,97,291
1,79,205,102,291
1,80,205,113,291
1,81,205,95,291
1,82,205,94,291
1,83,205,117,291
1,84,205,114,291
1,85,205,106,291
1,86,205,25,291
1,87,205,115,291
1,88,205,93,291
1,89,205,92,291
1,90,205,107,291
1,91,205,101,291
1,92,205,91,291
1,93,205,100,291
1,94,205,116,291
1,95,205,89,291
1,96,205,103,291
1,97,205,112,291
1,98,205,17,291
1,99,205,96,291
1,100,205,118,291
1,101,205,90,291
1,102,205,111,291
1,103,205,110,291
1,104,205,99,291
1,105,205,98,291
1,106,205,104,291
1,107,205,109,291
1,108,205,8,291
1,109,205,105,291
1,110,205,84,291
1,111,205,66,291
1,112,205,23,291
13,113,205,69,291
13,114,205,85,291
13,115,205,77,291
13,116,205,87,291
13,117,205,70,291
13,118,205,72,291
13,119,205,83,291
13,120,205,79,291
13,121,205,82,291
13,122,205,81,291
13,123,205,78,291
13,124,205,76,291
13,125,205,86,291
13,126,205,64,291
13,127,205,71,291
13,128,205,80,291
13,129,205,88,291
13,130,205,48,291
13,131,205,75,291
13,132,205,67,291
13,133,205,73,291
13,134,205,44,291
13,135,205,63,291
13,136,205,74,291
13,137,205,65,291
13,138,205,62,291
13,139,205,68,291
1,140,205,51,291
1,141,205,36,291
1,142,205,54,291
1,143,205,41,291
1,144,205,33,291
1,145,205,61,291
1,146,205,55,291
1,147,205,43,291
1,148,205,46,291
1,149,205,40,291
1,150,205,37,291
1,151,205,60,291
1,152,205,50,291
1,153,205,47,291
1,154,205,53,291
1,155,205,39,291
1,156,205,58,291
1,157,205,35,291
1,158,205,59,291
1,159,205,45,291
1,160,205,42,291
1,161,205,49,291
1,162,205,56,291
1,163,205,38,291
1,164,205,34,291
1,165,205,57,291
1,166,205,52,291
1,1,206,146,239
1,2,206,141,239
1,3,206,155,239
1,4,206,147,239
1,5,206,139,239
1,6,206,134,239
1,7,206,166,239
1,8,206,152,239
1,9,206,138,239
1,10,206,144,239
1,11,206,124,239
1,12,206,122,239
1,13,206,149,239
1,14,206,128,239
1,15,206,129,239
1,16,206,119,239
1,17,206,123,239
1,18,206,161,239
1,19,206,154,239
1,20,206,145,239
1,21,206,125,239
1,22,206,150,239
1,23,206,156,239
1,24,206,142,239
1,25,206,165,239
1,26,206,159,239
1,27,206,158,239
1,28,206,153,239
1,29,206,135,239
1,30,206,137,239
1,31,206,164,239
1,32,206,148,239
1,33,206,151,239
1,34,206,157,239
1,35,206,22,239
1,36,206,127,239
1,37,206,1,239
1,38,206,131,239
1,39,206,136,239
1,40,206,140,239
1,41,206,120,239
1,42,206,21,239
1,43,206,121,239
1,44,206,16,239
1,45,206,32,239
1,46,206,10,239
1,47,206,126,239
1,48,206,19,239
1,49,206,31,239
1,50,206,27,239
1,51,206,163,239
1,52,206,133,239
1,53,206,28,239
1,54,206,9,239
1,55,206,13,239
1,56,206,20,239
1,57,206,30,239
1,58,206,143,239
1,59,206,15,239
1,60,206,26,239
1,61,206,24,239
1,62,206,162,239
1,63,206,5,239
1,64,206,3,239
1,65,206,130,239
1,66,206,18,239
1,67,206,12,239
1,68,206,160,239
1,69,206,108,239
1,70,206,6,239
1,71,206,14,239
1,72,206,29,239
1,73,206,132,239
1,74,206,4,239
1,75,206,2,239
1,76,206,7,239
1,77,206,11,239
1,78,206,97,239
1,79,206,102,239
1,80,206,113,239
1,81,206,95,239
1,82,206,94,239
1,83,206,117,239
1,84,206,114,239
1,85,206,106,239
1,86,206,25,239
1,87,206,115,239
1,88,206,93,239
1,89,206,92,239
1,90,206,107,239
1,91,206,101,239
1,92,206,91,239
1,93,206,100,239
1,94,206,116,239
1,95,206,89,239
1,96,206,103,239
1,97,206,112,239
1,98,206,17,239
1,99,206,96,239
1,100,206,118,239
1,101,206,90,239
1,102,206,111,239
1,103,206,110,239
1,104,206,99,239
1,105,206,98,239
1,106,206,104,239
1,107,206,109,239
1,108,206,8,239
1,109,206,105,239
1,110,206,84,239
1,111,206,66,239
1,112,206,23,239
13,113,206,69,239
13,114,206,85,239
13,115,206,77,239
13,116,206,87,239
13,117,206,70,239
13,118,206,72,239
13,119,206,83,239
13,120,206,79,239
13,121,206,82,239
13,122,206,81,239
13,123,206,78,239
13,124,206,76,239
13,125,206,86,239
13,126,206,64,239
13,127,206,71,239
13,128,206,80,239
13,129,206,88,239
13,130,206,48,239
13,131,206,75,239
13,132,206,67,239
13,133,206,73,239
13,134,206,44,239
13,135,206,63,239
13,136,206,74,239
13,137,206,65,239
13,138,206,62,239
13,139,206,68,239
1,140,206,51,239
1,141,206,36,239
1,142,206,54,239
1,143,206,41,239
1,144,206,33,239
1,145,206,61,239
1,146,206,55,239
1,147,206,43,239
1,148,206,46,239
1,149,206,40,239
1,150,206,37,239
1,151,206,60,239
1,152,206,50,239
1,153,206,47,239
1,154,206,53,239
1,155,206,39,239
1,156,206,58,239
1,157,206,35,239
1,158,206,59,239
1,159,206,45,239
1,160,206,42,239
1,161,206,49,239
1,162,206,56,239
1,163,206,38,239
1,164,206,34,239
1,165,206,57,239
1,166,206,52,239
1,1,207,146,184
1,2,207,141,184
1,3,207,155,184
1,4,207,147,184
1,5,207,139,184
1,6,207,134,184
1,7,207,166,184
1,8,207,152,184
1,9,207,138,184
1,10,207,144,184
1,11,207,124,184
1,12,207,122,184
1,13,207,149,184
1,14,207,128,184
1,15,207,129,184
1,16,207,119,184
1,17,207,123,184
1,18,207,161,184
1,19,207,154,184
1,20,207,145,184
1,21,207,125,184
1,22,207,150,184
1,23,207,156,184
1,24,207,142,184
1,25,207,165,184
1,26,207,159,184
1,27,207,158,184
1,28,207,153,184
1,29,207,135,184
1,30,207,137,184
1,31,207,164,184
1,32,207,148,184
1,33,207,151,184
1,34,207,157,184
1,35,207,22,184
1,36,207,127,184
1,37,207,1,184
1,38,207,131,184
1,39,207,136,184
1,40,207,140,184
1,41,207,120,184
1,42,207,21,184
1,43,207,121,184
1,44,207,16,184
1,45,207,32,184
1,46,207,10,184
1,47,207,126,184
1,48,207,19,184
1,49,207,31,184
1,50,207,27,184
1,51,207,163,184
1,52,207,133,184
1,53,207,28,184
1,54,207,9,184
1,55,207,13,184
1,56,207,20,184
1,57,207,30,184
1,58,207,143,184
1,59,207,15,184
1,60,207,26,184
1,61,207,24,184
1,62,207,162,184
1,63,207,5,184
1,64,207,3,184
1,65,207,130,184
1,66,207,18,184
1,67,207,12,184
1,68,207,160,184
1,69,207,108,184
1,70,207,6,184
1,71,207,14,184
1,72,207,29,184
1,73,207,132,184
1,74,207,4,184
1,75,207,2,184
1,76,207,7,184
1,77,207,11,184
1,78,207,97,184
1,79,207,102,184
1,80,207,113,184
1,81,207,95,184
1,82,207,94,184
1,83,207,117,184
1,84,207,114,184
1,85,207,106,184
1,86,207,25,184
1,87,207,115,184
1,88,207,93,184
1,89,207,92,184
1,90,207,107,184
1,91,207,101,184
1,92,207,91,184
1,93,207,100,184
1,94,207,116,184
1,95,207,89,184
1,96,207,103,184
1,97,207,112,184
1,98,207,17,184
1,99,207,96,184
1,100,207,118,184
1,101,207,90,184
1,102,207,111,184
1,103,207,110,184
1,104,207,99,184
1,105,207,98,184
1,106,207,104,184
1,107,207,109,184
1,108,207,8,184
1,109,207,105,184
1,110,207,84,184
1,111,207,66,184
1,112,207,23,184
13,113,207,69,184
13,114,207,85,184
13,115,207,77,184
13,116,207,87,184
13,117,207,70,184
13,118,207,72,184
13,119,207,83,184
13,120,207,79,184
13,121,207,82,184
13,122,207,81,184
13,123,207,78,184
13,124,207,76,184
13,125,207,86,184
13,126,207,64,184
13,127,207,71,184
13,128,207,80,184
13,129,207,88,184
13,130,207,48,184
13,131,207,75,184
13,132,207,67,184
13,133,207,73,184
13,134,207,44,184
13,135,207,63,184
13,136,207,74,184
13,137,207,65,184
13,138,207,62,184
13,139,207,68,184
1,140,207,51,184
1,141,207,36,184
1,142,207,54,184
1,143,207,41,184
1,144,207,33,184
1,145,207,61,184
1,146,207,55,184
1,147,207,43,184
1,148,207,46,184
1,149,207,40,184
1,150,207,37,184
1,151,207,60,184
1,152,207,50,184
1,153,207,47,184
1,154,207,53,184
1,155,207,39,184
1,156,207,58,184
1,157,207,35,184
1,158,207,59,184
1,159,207,45,184
1,160,207,42,184
1,161,207,49,184
1,162,207,56,184
1,163,207,38,184
1,164,207,34,184
1,165,207,57,184
1,166,207,52,184
1,1,208,146,300
1,2,208,141,300
1,3,208,155,300
1,4,208,147,300
1,5,208,139,300
1,6,208,134,300
1,7,208,166,300
1,8,208,152,300
1,9,208,138,300
1,10,208,144,300
1,11,208,124,300
1,12,208,122,300
1,13,208,149,300
1,14,208,128,300
1,15,208,129,300
1,16,208,119,300
1,17,208,123,300
1,18,208,161,300
1,19,208,154,300
1,20,208,145,300
1,21,208,125,300
1,22,208,150,300
1,23,208,156,300
1,24,208,142,300
1,25,208,165,300
1,26,208,159,300
1,27,208,158,300
1,28,208,153,300
1,29,208,135,300
1,30,208,137,300
1,31,208,164,300
1,32,208,148,300
1,33,208,151,300
1,34,208,157,300
1,35,208,22,300
1,36,208,127,300
1,37,208,1,300
1,38,208,131,300
1,39,208,136,300
1,40,208,140,300
1,41,208,120,300
1,42,208,21,300
1,43,208,121,300
1,44,208,16,300
1,45,208,32,300
1,46,208,10,300
1,47,208,126,300
1,48,208,19,300
1,49,208,31,300
1,50,208,27,300
1,51,208,163,300
1,52,208,133,300
1,53,208,28,300
1,54,208,9,300
1,55,208,13,300
1,56,208,20,300
1,57,208,30,300
1,58,208,143,300
1,59,208,15,300
1,60,208,26,300
1,61,208,24,300
1,62,208,162,300
1,63,208,5,300
1,64,208,3,300
1,65,208,130,300
1,66,208,18,300
1,67,208,12,300
1,68,208,160,300
1,69,208,108,300
1,70,208,6,300
1,71,208,14,300
1,72,208,29,300
1,73,208,132,300
1,74,208,4,300
1,75,208,2,300
1,76,208,7,300
1,77,208,11,300
1,78,208,97,300
1,79,208,102,300
1,80,208,113,300
1,81,208,95,300
1,82,208,94,300
1,83,208,117,300
1,84,208,114,300
1,85,208,106,300
1,86,208,25,300
1,87,208,115,300
1,88,208,93,300
1,89,208,92,300
1,90,208,107,300
1,91,208,101,300
1,92,208,91,300
1,93,208,100,300
1,94,208,116,300
1,95,208,89,300
1,96,208,103,300
1,97,208,112,300
1,98,208,17,300
1,99,208,96,300
1,100,208,118,300
1,101,208,90,300
1,102,208,111,300
1,103,208,110,300
1,104,208,99,300
1,105,208,98,300
1,106,208,104,300
1,107,208,109,300
1,108,208,8,300
1,109,208,105,300
1,110,208,84,300
1,111,208,66,300
1,112,208,23,300
13,113,208,69,300
13,114,208,85,300
13,115,208,77,300
13,116,208,87,300
13,117,208,70,300
13,118,208,72,300
13,119,208,83,300
13,120,208,79,300
13,121,208,82,300
13,122,208,81,300
13,123,208,78,300
13,124,208,76,300
13,125,208,86,300
13,126,208,64,300
13,127,208,71,300
13,128,208,80,300
13,129,208,88,300
13,130,208,48,300
13,131,208,75,300
13,132,208,67,300
13,133,208,73,300
13,134,208,44,300
13,135,208,63,300
13,136,208,74,300
13,137,208,65,300
13,138,208,62,300
13,139,208,68,300
1,140,208,51,300
1,141,208,36,300
1,142,208,54,300
1,143,208,41,300
1,144,208,33,300
1,145,208,61,300
1,146,208,55,300
1,147,208,43,300
1,148,208,46,300
1,149,208,40,300
1,150,208,37,300
1,151,208,60,300
1,152,208,50,300
1,153,208,47,300
1,154,208,53,300
1,155,208,39,300
1,156,208,58,300
1,157,208,35,300
1,158,208,59,300
1,159,208,45,300
1,160,208,42,300
1,161,208,49,300
1,162,208,56,300
1,163,208,38,300
1,164,208,34,300
1,165,208,57,300
1,166,208,52,300
1,1,209,146,138
1,2,209,141,138
1,3,209,155,138
1,4,209,147,138
1,5,209,139,138
1,6,209,134,138
1,7,209,166,138
1,8,209,152,138
1,9,209,138,138
1,10,209,144,138
1,11,209,124,138
1,12,209,122,138
1,13,209,149,138
1,14,209,128,138
1,15,209,129,138
1,16,209,119,138
1,17,209,123,138
1,18,209,161,138
1,19,209,154,138
1,20,209,145,138
1,21,209,125,138
1,22,209,150,138
1,23,209,156,138
1,24,209,142,138
1,25,209,165,138
1,26,209,159,138
1,27,209,158,138
1,28,209,153,138
1,29,209,135,138
1,30,209,137,138
1,31,209,164,138
1,32,209,148,138
1,33,209,151,138
1,34,209,157,138
1,35,209,22,138
1,36,209,127,138
1,37,209,1,138
1,38,209,131,138
1,39,209,136,138
1,40,209,140,138
1,41,209,120,138
1,42,209,21,138
1,43,209,121,138
1,44,209,16,138
1,45,209,32,138
1,46,209,10,138
1,47,209,126,138
1,48,209,19,138
1,49,209,31,138
1,50,209,27,138
1,51,209,163,138
1,52,209,133,138
1,53,209,28,138
1,54,209,9,138
1,55,209,13,138
1,56,209,20,138
1,57,209,30,138
1,58,209,143,138
1,59,209,15,138
1,60,209,26,138
1,61,209,24,138
1,62,209,162,138
1,63,209,5,138
1,64,209,3,138
1,65,209,130,138
1,66,209,18,138
1,67,209,12,138
1,68,209,160,138
1,69,209,108,138
1,70,209,6,138
1,71,209,14,138
1,72,209,29,138
1,73,209,132,138
1,74,209,4,138
1,75,209,2,138
1,76,209,7,138
1,77,209,11,138
1,78,209,97,138
1,79,209,102,138
1,80,209,113,138
1,81,209,95,138
1,82,209,94,138
1,83,209,117,138
1,84,209,114,138
1,85,209,106,138
1,86,209,25,138
1,87,209,115,138
1,88,209,93,138
1,89,209,92,138
1,90,209,107,138
1,91,209,101,138
1,92,209,91,138
1,93,209,100,138
1,94,209,116,138
1,95,209,89,138
1,96,209,103,138
1,97,209,112,138
1,98,209,17,138
1,99,209,96,138
1,100,209,118,138
1,101,209,90,138
1,102,209,111,138
1,103,209,110,138
1,104,209,99,138
1,105,209,98,138
1,106,209,104,138
1,107,209,109,138
1,108,209,8,138
1,109,209,105,138
1,110,209,84,138
1,111,209,66,138
1,112,209,23,138
13,113,209,69,138
13,114,209,85,138
13,115,209,77,138
13,116,209,87,138
13,117,209,70,138
13,118,209,72,138
13,119,209,83,138
13,120,209,79,138
13,121,209,82,138
13,122,209,81,138
13,123,209,78,138
13,124,209,76,138
13,125,209,86,138
13,126,209,64,138
13,127,209,71,138
13,128,209,80,138
13,129,209,88,138
13,130,209,48,138
13,131,209,75,138
13,132,209,67,138
13,133,209,73,138
13,134,209,44,138
13,135,209,63,138
13,136,209,74,138
13,137,209,65,138
13,138,209,62,138
13,139,209,68,138
1,140,209,51,138
1,141,209,36,138
1,142,209,54,138
1,143,209,41,138
1,144,209,33,138
1,145,209,61,138
1,146,209,55,138
1,147,209,43,138
1,148,209,46,138
1,149,209,40,138
1,150,209,37,138
1,151,209,60,138
1,152,209,50,138
1,153,209,47,138
1,154,209,53,138
1,155,209,39,138
1,156,209,58,138
1,157,209,35,138
1,158,209,59,138
1,159,209,45,138
1,160,209,42,138
1,161,209,49,138
1,162,209,56,138
1,163,209,38,138
1,164,209,34,138
1,165,209,57,138
1,166,209,52,138
1,1,210,146,209
1,2,210,141,209
1,3,210,155,209
1,4,210,147,209
1,5,210,139,209
1,6,210,134,209
1,7,210,166,209
1,8,210,152,209
1,9,210,138,209
1,10,210,144,209
1,11,210,124,209
1,12,210,122,209
1,13,210,149,209
1,14,210,128,209
1,15,210,129,209
1,16,210,119,209
1,17,210,123,209
1,18,210,161,209
1,19,210,154,209
1,20,210,145,209
1,21,210,125,209
1,22,210,150,209
1,23,210,156,209
1,24,210,142,209
1,25,210,165,209
1,26,210,159,209
1,27,210,158,209
1,28,210,153,209
1,29,210,135,209
1,30,210,137,209
1,31,210,164,209
1,32,210,148,209
1,33,210,151,209
1,34,210,157,209
1,35,210,22,209
1,36,210,127,209
1,37,210,1,209
1,38,210,131,209
1,39,210,136,209
1,40,210,140,209
1,41,210,120,209
1,42,210,21,209
1,43,210,121,209
1,44,210,16,209
1,45,210,32,209
1,46,210,10,209
1,47,210,126,209
1,48,210,19,209
1,49,210,31,209
1,50,210,27,209
1,51,210,163,209
1,52,210,133,209
1,53,210,28,209
1,54,210,9,209
1,55,210,13,209
1,56,210,20,209
1,57,210,30,209
1,58,210,143,209
1,59,210,15,209
1,60,210,26,209
1,61,210,24,209
1,62,210,162,209
1,63,210,5,209
1,64,210,3,209
1,65,210,130,209
1,66,210,18,209
1,67,210,12,209
1,68,210,160,209
1,69,210,108,209
1,70,210,6,209
1,71,210,14,209
1,72,210,29,209
1,73,210,132,209
1,74,210,4,209
1,75,210,2,209
1,76,210,7,209
1,77,210,11,209
1,78,210,97,209
1,79,210,102,209
1,80,210,113,209
1,81,210,95,209
1,82,210,94,209
1,83,210,117,209
1,84,210,114,209
1,85,210,106,209
1,86,210,25,209
1,87,210,115,209
1,88,210,93,209
1,89,210,92,209
1,90,210,107,209
1,91,210,101,209
1,92,210,91,209
1,93,210,100,209
1,94,210,116,209
1,95,210,89,209
1,96,210,103,209
1,97,210,112,209
1,98,210,17,209
1,99,210,96,209
1,100,210,118,209
1,101,210,90,209
1,102,210,111,209
1,103,210,110,209
1,104,210,99,209
1,105,210,98,209
1,106,210,104,209
1,107,210,109,209
1,108,210,8,209
1,109,210,105,209
1,110,210,84,209
1,111,210,66,209
1,112,210,23,209
13,113,210,69,209
13,114,210,85,209
13,115,210,77,209
13,116,210,87,209
13,117,210,70,209
13,118,210,72,209
13,119,210,83,209
13,120,210,79,209
13,121,210,82,209
13,122,210,81,209
13,123,210,78,209
13,124,210,76,209
13,125,210,86,209
13,126,210,64,209
13,127,210,71,209
13,128,210,80,209
13,129,210,88,209
13,130,210,48,209
13,131,210,75,209
13,132,210,67,209
13,133,210,73,209
13,134,210,44,209
13,135,210,63,209
13,136,210,74,209
13,137,210,65,209
13,138,210,62,209
13,139,210,68,209
1,140,210,51,209
1,141,210,36,209
1,142,210,54,209
1,143,210,41,209
1,144,210,33,209
1,145,210,61,209
1,146,210,55,209
1,147,210,43,209
1,148,210,46,209
1,149,210,40,209
1,150,210,37,209
1,151,210,60,209
1,152,210,50,209
1,153,210,47,209
1,154,210,53,209
1,155,210,39,209
1,156,210,58,209
1,157,210,35,209
1,158,210,59,209
1,159,210,45,209
1,160,210,42,209
1,161,210,49,209
1,162,210,56,209
1,163,210,38,209
1,164,210,34,209
1,165,210,57,209
1,166,210,52,209
1,1,211,146,144
1,2,211,141,144
1,3,211,155,144
1,4,211,147,144
1,5,211,139,144
1,6,211,134,144
1,7,211,166,144
1,8,211,152,144
1,9,211,138,144
1,10,211,144,144
1,11,211,124,144
1,12,211,122,144
1,13,211,149,144
1,14,211,128,144
1,15,211,129,144
1,16,211,119,144
1,17,211,123,144
1,18,211,161,144
1,19,211,154,144
1,20,211,145,144
1,21,211,125,144
1,22,211,150,144
1,23,211,156,144
1,24,211,142,144
1,25,211,165,144
1,26,211,159,144
1,27,211,158,144
1,28,211,153,144
1,29,211,135,144
1,30,211,137,144
1,31,211,164,144
1,32,211,148,144
1,33,211,151,144
1,34,211,157,144
1,35,211,22,144
1,36,211,127,144
1,37,211,1,144
1,38,211,131,144
1,39,211,136,144
1,40,211,140,144
1,41,211,120,144
1,42,211,21,144
1,43,211,121,144
1,44,211,16,144
1,45,211,32,144
1,46,211,10,144
1,47,211,126,144
1,48,211,19,144
1,49,211,31,144
1,50,211,27,144
1,51,211,163,144
1,52,211,133,144
1,53,211,28,144
1,54,211,9,144
1,55,211,13,144
1,56,211,20,144
1,57,211,30,144
1,58,211,143,144
1,59,211,15,144
1,60,211,26,144
1,61,211,24,144
1,62,211,162,144
1,63,211,5,144
1,64,211,3,144
1,65,211,130,144
1,66,211,18,144
1,67,211,12,144
1,68,211,160,144
1,69,211,108,144
1,70,211,6,144
1,71,211,14,144
1,72,211,29,144
1,73,211,132,144
1,74,211,4,144
1,75,211,2,144
1,76,211,7,144
1,77,211,11,144
1,78,211,97,144
1,79,211,102,144
1,80,211,113,144
1,81,211,95,144
1,82,211,94,144
1,83,211,117,144
1,84,211,114,144
1,85,211,106,144
1,86,211,25,144
1,87,211,115,144
1,88,211,93,144
1,89,211,92,144
1,90,211,107,144
1,91,211,101,144
1,92,211,91,144
1,93,211,100,144
1,94,211,116,144
1,95,211,89,144
1,96,211,103,144
1,97,211,112,144
1,98,211,17,144
1,99,211,96,144
1,100,211,118,144
1,101,211,90,144
1,102,211,111,144
1,103,211,110,144
1,104,211,99,144
1,105,211,98,144
1,106,211,104,144
1,107,211,109,144
1,108,211,8,144
1,109,211,105,144
1,110,211,84,144
1,111,211,66,144
1,112,211,23,144
13,113,211,69,144
13,114,211,85,144
13,115,211,77,144
13,116,211,87,144
13,117,211,70,144
13,118,211,72,144
13,119,211,83,144
13,120,211,79,144
13,121,211,82,144
13,122,211,81,144
13,123,211,78,144
13,124,211,76,144
13,125,211,86,144
13,126,211,64,144
13,127,211,71,144
13,128,211,80,144
13,129,211,88,144
13,130,211,48,144
13,131,211,75,144
13,132,211,67,144
13,133,211,73,144
13,134,211,44,144
13,135,211,63,144
13,136,211,74,144
13,137,211,65,144
13,138,211,62,144
13,139,211,68,144
1,140,211,51,144
1,141,211,36,144
1,142,211,54,144
1,143,211,41,144
1,144,211,33,144
1,145,211,61,144
1,146,211,55,144
1,147,211,43,144
1,148,211,46,144
1,149,211,40,144
1,150,211,37,144
1,151,211,60,144
1,152,211,50,144
1,153,211,47,144
1,154,211,53,144
1,155,211,39,144
1,156,211,58,144
1,157,211,35,144
1,158,211,59,144
1,159,211,45,144
1,160,211,42,144
1,161,211,49,144
1,162,211,56,144
1,163,211,38,144
1,164,211,34,144
1,165,211,57,144
1,166,211,52,144
1,1,212,146,69
1,2,212,141,69
1,3,212,155,69
1,4,212,147,69
1,5,212,139,69
1,6,212,134,69
1,7,212,166,69
1,8,212,152,69
1,9,212,138,69
1,10,212,144,69
1,11,212,124,69
1,12,212,122,69
1,13,212,149,69
1,14,212,128,69
1,15,212,129,69
1,16,212,119,69
1,17,212,123,69
1,18,212,161,69
1,19,212,154,69
1,20,212,145,69
1,21,212,125,69
1,22,212,150,69
1,23,212,156,69
1,24,212,142,69
1,25,212,165,69
1,26,212,159,69
1,27,212,158,69
1,28,212,153,69
1,29,212,135,69
1,30,212,137,69
1,31,212,164,69
1,32,212,148,69
1,33,212,151,69
1,34,212,157,69
1,35,212,22,69
1,36,212,127,69
1,37,212,1,69
1,38,212,131,69
1,39,212,136,69
1,40,212,140,69
1,41,212,120,69
1,42,212,21,69
1,43,212,121,69
1,44,212,16,69
1,45,212,32,69
1,46,212,10,69
1,47,212,126,69
1,48,212,19,69
1,49,212,31,69
1,50,212,27,69
1,51,212,163,69
1,52,212,133,69
1,53,212,28,69
1,54,212,9,69
1,55,212,13,69
1,56,212,20,69
1,57,212,30,69
1,58,212,143,69
1,59,212,15,69
1,60,212,26,69
1,61,212,24,69
1,62,212,162,69
1,63,212,5,69
1,64,212,3,69
1,65,212,130,69
1,66,212,18,69
1,67,212,12,69
1,68,212,160,69
1,69,212,108,69
1,70,212,6,69
1,71,212,14,69
1,72,212,29,69
1,73,212,132,69
1,74,212,4,69
1,75,212,2,69
1,76,212,7,69
1,77,212,11,69
1,78,212,97,69
1,79,212,102,69
1,80,212,113,69
1,81,212,95,69
1,82,212,94,69
1,83,212,117,69
1,84,212,114,69
1,85,212,106,69
1,86,212,25,69
1,87,212,115,69
1,88,212,93,69
1,89,212,92,69
1,90,212,107,69
1,91,212,101,69
1,92,212,91,69
1,93,212,100,69
1,94,212,116,69
1,95,212,89,69
1,96,212,103,69
1,97,212,112,69
1,98,212,17,69
1,99,212,96,69
1,100,212,118,69
1,101,212,90,69
1,102,212,111,69
1,103,212,110,69
1,104,212,99,69
1,105,212,98,69
1,106,212,104,69
1,107,212,109,69
1,108,212,8,69
1,109,212,105,69
1,110,212,84,69
1,111,212,66,69
1,112,212,23,69
13,113,212,69,69
13,114,212,85,69
13,115,212,77,69
13,116,212,87,69
13,117,212,70,69
13,118,212,72,69
13,119,212,83,69
13,120,212,79,69
13,121,212,82,69
13,122,212,81,69
13,123,212,78,69
13,124,212,76,69
13,125,212,86,69
13,126,212,64,69
13,127,212,71,69
13,128,212,80,69
13,129,212,88,69
13,130,212,48,69
13,131,212,75,69
13,132,212,67,69
13,133,212,73,69
13,134,212,44,69
13,135,212,63,69
13,136,212,74,69
13,137,212,65,69
13,138,212,62,69
13,139,212,68,69
1,140,212,51,69
1,141,212,36,69
1,142,212,54,69
1,143,212,41,69
1,144,212,33,69
1,145,212,61,69
1,146,212,55,69
1,147,212,43,69
1,148,212,46,69
1,149,212,40,69
1,150,212,37,69
1,151,212,60,69
1,152,212,50,69
1,153,212,47,69
1,154,212,53,69
1,155,212,39,69
1,156,212,58,69
1,157,212,35,69
1,158,212,59,69
1,159,212,45,69
1,160,212,42,69
1,161,212,49,69
1,162,212,56,69
1,163,212,38,69
1,164,212,34,69
1,165,212,57,69
1,166,212,52,69
1,1,213,146,128
1,2,213,141,128
1,3,213,155,128
1,4,213,147,128
1,5,213,139,128
1,6,213,134,128
1,7,213,166,128
1,8,213,152,128
1,9,213,138,128
1,10,213,144,128
1,11,213,124,128
1,12,213,122,128
1,13,213,149,128
1,14,213,128,128
1,15,213,129,128
1,16,213,119,128
1,17,213,123,128
1,18,213,161,128
1,19,213,154,128
1,20,213,145,128
1,21,213,125,128
1,22,213,150,128
1,23,213,156,128
1,24,213,142,128
1,25,213,165,128
1,26,213,159,128
1,27,213,158,128
1,28,213,153,128
1,29,213,135,128
1,30,213,137,128
1,31,213,164,128
1,32,213,148,128
1,33,213,151,128
1,34,213,157,128
1,35,213,22,128
1,36,213,127,128
1,37,213,1,128
1,38,213,131,128
1,39,213,136,128
1,40,213,140,128
1,41,213,120,128
1,42,213,21,128
1,43,213,121,128
1,44,213,16,128
1,45,213,32,128
1,46,213,10,128
1,47,213,126,128
1,48,213,19,128
1,49,213,31,128
1,50,213,27,128
1,51,213,163,128
1,52,213,133,128
1,53,213,28,128
1,54,213,9,128
1,55,213,13,128
1,56,213,20,128
1,57,213,30,128
1,58,213,143,128
1,59,213,15,128
1,60,213,26,128
1,61,213,24,128
1,62,213,162,128
1,63,213,5,128
1,64,213,3,128
1,65,213,130,128
1,66,213,18,128
1,67,213,12,128
1,68,213,160,128
1,69,213,108,128
1,70,213,6,128
1,71,213,14,128
1,72,213,29,128
1,73,213,132,128
1,74,213,4,128
1,75,213,2,128
1,76,213,7,128
1,77,213,11,128
1,78,213,97,128
1,79,213,102,128
1,80,213,113,128
1,81,213,95,128
1,82,213,94,128
1,83,213,117,128
1,84,213,114,128
1,85,213,106,128
1,86,213,25,128
1,87,213,115,128
1,88,213,93,128
1,89,213,92,128
1,90,213,107,128
1,91,213,101,128
1,92,213,91,128
1,93,213,100,128
1,94,213,116,128
1,95,213,89,128
1,96,213,103,128
1,97,213,112,128
1,98,213,17,128
1,99,213,96,128
1,100,213,118,128
1,101,213,90,128
1,102,213,111,128
1,103,213,110,128
1,104,213,99,128
1,105,213,98,128
1,106,213,104,128
1,107,213,109,128
1,108,213,8,128
1,109,213,105,128
1,110,213,84,128
1,111,213,66,128
1,112,213,23,128
13,113,213,69,128
13,114,213,85,128
13,115,213,77,128
13,116,213,87,128
13,117,213,70,128
13,118,213,72,128
13,119,213,83,128
13,120,213,79,128
13,121,213,82,128
13,122,213,81,128
13,123,213,78,128
13,124,213,76,128
13,125,213,86,128
13,126,213,64,128
13,127,213,71,128
13,128,213,80,128
13,129,213,88,128
13,130,213,48,128
13,131,213,75,128
13,132,213,67,128
13,133,213,73,128
13,134,213,44,128
13,135,213,63,128
13,136,213,74,128
13,137,213,65,128
13,138,213,62,128
13,139,213,68,128
1,140,213,51,128
1,141,213,36,128
1,142,213,54,128
1,143,213,41,128
1,144,213,33,128
1,145,213,61,128
1,146,213,55,128
1,147,213,43,128
1,148,213,46,128
1,149,213,40,128
1,150,213,37,128
1,151,213,60,128
1,152,213,50,128
1,153,213,47,128
1,154,213,53,128
1,155,213,39,128
1,156,213,58,128
1,157,213,35,128
1,158,213,59,128
1,159,213,45,128
1,160,213,42,128
1,161,213,49,128
1,162,213,56,128
1,163,213,38,128
1,164,213,34,128
1,165,213,57,128
1,166,213,52,128
1,1,214,146,82
1,2,214,141,82
1,3,214,155,82
1,4,214,147,82
1,5,214,139,82
1,6,214,134,82
1,7,214,166,82
1,8,214,152,82
1,9,214,138,82
1,10,214,144,82
1,11,214,124,82
1,12,214,122,82
1,13,214,149,82
1,14,214,128,82
1,15,214,129,82
1,16,214,119,82
1,17,214,123,82
1,18,214,161,82
1,19,214,154,82
1,20,214,145,82
1,21,214,125,82
1,22,214,150,82
1,23,214,156,82
1,24,214,142,82
1,25,214,165,82
1,26,214,159,82
1,27,214,158,82
1,28,214,153,82
1,29,214,135,82
1,30,214,137,82
1,31,214,164,82
1,32,214,148,82
1,33,214,151,82
1,34,214,157,82
1,35,214,22,82
1,36,214,127,82
1,37,214,1,82
1,38,214,131,82
1,39,214,136,82
1,40,214,140,82
1,41,214,120,82
1,42,214,21,82
1,43,214,121,82
1,44,214,16,82
1,45,214,32,82
1,46,214,10,82
1,47,214,126,82
1,48,214,19,82
1,49,214,31,82
1,50,214,27,82
1,51,214,163,82
1,52,214,133,82
1,53,214,28,82
1,54,214,9,82
1,55,214,13,82
1,56,214,20,82
1,57,214,30,82
1,58,214,143,82
1,59,214,15,82
1,60,214,26,82
1,61,214,24,82
1,62,214,162,82
1,63,214,5,82
1,64,214,3,82
1,65,214,130,82
1,66,214,18,82
1,67,214,12,82
1,68,214,160,82
1,69,214,108,82
1,70,214,6,82
1,71,214,14,82
1,72,214,29,82
1,73,214,132,82
1,74,214,4,82
1,75,214,2,82
1,76,214,7,82
1,77,214,11,82
1,78,214,97,82
1,79,214,102,82
1,80,214,113,82
1,81,214,95,82
1,82,214,94,82
1,83,214,117,82
1,84,214,114,82
1,85,214,106,82
1,86,214,25,82
1,87,214,115,82
1,88,214,93,82
1,89,214,92,82
1,90,214,107,82
1,91,214,101,82
1,92,214,91,82
1,93,214,100,82
1,94,214,116,82
1,95,214,89,82
1,96,214,103,82
1,97,214,112,82
1,98,214,17,82
1,99,214,96,82
1,100,214,118,82
1,101,214,90,82
1,102,214,111,82
1,103,214,110,82
1,104,214,99,82
1,105,214,98,82
1,106,214,104,82
1,107,214,109,82
1,108,214,8,82
1,109,214,105,82
1,110,214,84,82
1,111,214,66,82
1,112,214,23,82
13,113,214,69,82
13,114,214,85,82
13,115,214,77,82
13,116,214,87,82
13,117,214,70,82
13,118,214,72,82
13,119,214,83,82
13,120,214,79,82
13,121,214,82,82
13,122,214,81,82
13,123,214,78,82
13,124,214,76,82
13,125,214,86,82
13,126,214,64,82
13,127,214,71,82
13,128,214,80,82
13,129,214,88,82
13,130,214,48,82
13,131,214,75,82
13,132,214,67,82
13,133,214,73,82
13,134,214,44,82
13,135,214,63,82
13,136,214,74,82
13,137,214,65,82
13,138,214,62,82
13,139,214,68,82
1,140,214,51,82
1,141,214,36,82
1,142,214,54,82
1,143,214,41,82
1,144,214,33,82
1,145,214,61,82
1,146,214,55,82
1,147,214,43,82
1,148,214,46,82
1,149,214,40,82
1,150,214,37,82
1,151,214,60,82
1,152,214,50,82
1,153,214,47,82
1,154,214,53,82
1,155,214,39,82
1,156,214,58,82
1,157,214,35,82
1,158,214,59,82
1,159,214,45,82
1,160,214,42,82
1,161,214,49,82
1,162,214,56,82
1,163,214,38,82
1,164,214,34,82
1,165,214,57,82
1,166,214,52,82
1,1,215,146,201
1,2,215,141,201
1,3,215,155,201
1,4,215,147,201
1,5,215,139,201
1,6,215,134,201
1,7,215,166,201
1,8,215,152,201
1,9,215,138,201
1,10,215,144,201
1,11,215,124,201
1,12,215,122,201
1,13,215,149,201
1,14,215,128,201
1,15,215,129,201
1,16,215,119,201
1,17,215,123,201
1,18,215,161,201
1,19,215,154,201
1,20,215,145,201
1,21,215,125,201
1,22,215,150,201
1,23,215,156,201
1,24,215,142,201
1,25,215,165,201
1,26,215,159,201
1,27,215,158,201
1,28,215,153,201
1,29,215,135,201
1,30,215,137,201
1,31,215,164,201
1,32,215,148,201
1,33,215,151,201
1,34,215,157,201
1,35,215,22,201
1,36,215,127,201
1,37,215,1,201
1,38,215,131,201
1,39,215,136,201
1,40,215,140,201
1,41,215,120,201
1,42,215,21,201
1,43,215,121,201
1,44,215,16,201
1,45,215,32,201
1,46,215,10,201
1,47,215,126,201
1,48,215,19,201
1,49,215,31,201
1,50,215,27,201
1,51,215,163,201
1,52,215,133,201
1,53,215,28,201
1,54,215,9,201
1,55,215,13,201
1,56,215,20,201
1,57,215,30,201
1,58,215,143,201
1,59,215,15,201
1,60,215,26,201
1,61,215,24,201
1,62,215,162,201
1,63,215,5,201
1,64,215,3,201
1,65,215,130,201
1,66,215,18,201
1,67,215,12,201
1,68,215,160,201
1,69,215,108,201
1,70,215,6,201
1,71,215,14,201
1,72,215,29,201
1,73,215,132,201
1,74,215,4,201
1,75,215,2,201
1,76,215,7,201
1,77,215,11,201
1,78,215,97,201
1,79,215,102,201
1,80,215,113,201
1,81,215,95,201
1,82,215,94,201
1,83,215,117,201
1,84,215,114,201
1,85,215,106,201
1,86,215,25,201
1,87,215,115,201
1,88,215,93,201
1,89,215,92,201
1,90,215,107,201
1,91,215,101,201
1,92,215,91,201
1,93,215,100,201
1,94,215,116,201
1,95,215,89,201
1,96,215,103,201
1,97,215,112,201
1,98,215,17,201
1,99,215,96,201
1,100,215,118,201
1,101,215,90,201
1,102,215,111,201
1,103,215,110,201
1,104,215,99,201
1,105,215,98,201
1,106,215,104,201
1,107,215,109,201
1,108,215,8,201
1,109,215,105,201
1,110,215,84,201
1,111,215,66,201
1,112,215,23,201
13,113,215,69,201
13,114,215,85,201
13,115,215,77,201
13,116,215,87,201
13,117,215,70,201
13,118,215,72,201
13,119,215,83,201
13,120,215,79,201
13,121,215,82,201
13,122,215,81,201
13,123,215,78,201
13,124,215,76,201
13,125,215,86,201
13,126,215,64,201
13,127,215,71,201
13,128,215,80,201
13,129,215,88,201
13,130,215,48,201
13,131,215,75,201
13,132,215,67,201
13,133,215,73,201
13,134,215,44,201
13,135,215,63,201
13,136,215,74,201
13,137,215,65,201
13,138,215,62,201
13,139,215,68,201
1,140,215,51,201
1,141,215,36,201
1,142,215,54,201
1,143,215,41,201
1,144,215,33,201
1,145,215,61,201
1,146,215,55,201
1,147,215,43,201
1,148,215,46,201
1,149,215,40,201
1,150,215,37,201
1,151,215,60,201
1,152,215,50,201
1,153,215,47,201
1,154,215,53,201
1,155,215,39,201
1,156,215,58,201
1,157,215,35,201
1,158,215,59,201
1,159,215,45,201
1,160,215,42,201
1,161,215,49,201
1,162,215,56,201
1,163,215,38,201
1,164,215,34,201
1,165,215,57,201
1,166,215,52,201
1,1,216,146,297
1,2,216,141,297
1,3,216,155,297
1,4,216,147,297
1,5,216,139,297
1,6,216,134,297
1,7,216,166,297
1,8,216,152,297
1,9,216,138,297
1,10,216,144,297
1,11,216,124,297
1,12,216,122,297
1,13,216,149,297
1,14,216,128,297
1,15,216,129,297
1,16,216,119,297
1,17,216,123,297
1,18,216,161,297
1,19,216,154,297
1,20,216,145,297
1,21,216,125,297
1,22,216,150,297
1,23,216,156,297
1,24,216,142,297
1,25,216,165,297
1,26,216,159,297
1,27,216,158,297
1,28,216,153,297
1,29,216,135,297
1,30,216,137,297
1,31,216,164,297
1,32,216,148,297
1,33,216,151,297
1,34,216,157,297
1,35,216,22,297
1,36,216,127,297
1,37,216,1,297
1,38,216,131,297
1,39,216,136,297
1,40,216,140,297
1,41,216,120,297
1,42,216,21,297
1,43,216,121,297
1,44,216,16,297
1,45,216,32,297
1,46,216,10,297
1,47,216,126,297
1,48,216,19,297
1,49,216,31,297
1,50,216,27,297
1,51,216,163,297
1,52,216,133,297
1,53,216,28,297
1,54,216,9,297
1,55,216,13,297
1,56,216,20,297
1,57,216,30,297
1,58,216,143,297
1,59,216,15,297
1,60,216,26,297
1,61,216,24,297
1,62,216,162,297
1,63,216,5,297
1,64,216,3,297
1,65,216,130,297
1,66,216,18,297
1,67,216,12,297
1,68,216,160,297
1,69,216,108,297
1,70,216,6,297
1,71,216,14,297
1,72,216,29,297
1,73,216,132,297
1,74,216,4,297
1,75,216,2,297
1,76,216,7,297
1,77,216,11,297
1,78,216,97,297
1,79,216,102,297
1,80,216,113,297
1,81,216,95,297
1,82,216,94,297
1,83,216,117,297
1,84,216,114,297
1,85,216,106,297
1,86,216,25,297
1,87,216,115,297
1,88,216,93,297
1,89,216,92,297
1,90,216,107,297
1,91,216,101,297
1,92,216,91,297
1,93,216,100,297
1,94,216,116,297
1,95,216,89,297
1,96,216,103,297
1,97,216,112,297
1,98,216,17,297
1,99,216,96,297
1,100,216,118,297
1,101,216,90,297
1,102,216,111,297
1,103,216,110,297
1,104,216,99,297
1,105,216,98,297
1,106,216,104,297
1,107,216,109,297
1,108,216,8,297
1,109,216,105,297
1,110,216,84,297
1,111,216,66,297
1,112,216,23,297
13,113,216,69,297
13,114,216,85,297
13,115,216,77,297
13,116,216,87,297
13,117,216,70,297
13,118,216,72,297
13,119,216,83,297
13,120,216,79,297
13,121,216,82,297
13,122,216,81,297
13,123,216,78,297
13,124,216,76,297
13,125,216,86,297
13,126,216,64,297
13,127,216,71,297
13,128,216,80,297
13,129,216,88,297
13,130,216,48,297
13,131,216,75,297
13,132,216,67,297
13,133,216,73,297
13,134,216,44,297
13,135,216,63,297
13,136,216,74,297
13,137,216,65,297
13,138,216,62,297
13,139,216,68,297
1,140,216,51,297
1,141,216,36,297
1,142,216,54,297
1,143,216,41,297
1,144,216,33,297
1,145,216,61,297
1,146,216,55,297
1,147,216,43,297
1,148,216,46,297
1,149,216,40,297
1,150,216,37,297
1,151,216,60,297
1,152,216,50,297
1,153,216,47,297
1,154,216,53,297
1,155,216,39,297
1,156,216,58,297
1,157,216,35,297
1,158,216,59,297
1,159,216,45,297
1,160,216,42,297
1,161,216,49,297
1,162,216,56,297
1,163,216,38,297
1,164,216,34,297
1,165,216,57,297
1,166,216,52,297
1,1,217,146,26
1,2,217,141,26
1,3,217,155,26
1,4,217,147,26
1,5,217,139,26
1,6,217,134,26
1,7,217,166,26
1,8,217,152,26
1,9,217,138,26
1,10,217,144,26
1,11,217,124,26
1,12,217,122,26
1,13,217,149,26
1,14,217,128,26
1,15,217,129,26
1,16,217,119,26
1,17,217,123,26
1,18,217,161,26
1,19,217,154,26
1,20,217,145,26
1,21,217,125,26
1,22,217,150,26
1,23,217,156,26
1,24,217,142,26
1,25,217,165,26
1,26,217,159,26
1,27,217,158,26
1,28,217,153,26
1,29,217,135,26
1,30,217,137,26
1,31,217,164,26
1,32,217,148,26
1,33,217,151,26
1,34,217,157,26
1,35,217,22,26
1,36,217,127,26
1,37,217,1,26
1,38,217,131,26
1,39,217,136,26
1,40,217,140,26
1,41,217,120,26
1,42,217,21,26
1,43,217,121,26
1,44,217,16,26
1,45,217,32,26
1,46,217,10,26
1,47,217,126,26
1,48,217,19,26
1,49,217,31,26
1,50,217,27,26
1,51,217,163,26
1,52,217,133,26
1,53,217,28,26
1,54,217,9,26
1,55,217,13,26
1,56,217,20,26
1,57,217,30,26
1,58,217,143,26
1,59,217,15,26
1,60,217,26,26
1,61,217,24,26
1,62,217,162,26
1,63,217,5,26
1,64,217,3,26
1,65,217,130,26
1,66,217,18,26
1,67,217,12,26
1,68,217,160,26
1,69,217,108,26
1,70,217,6,26
1,71,217,14,26
1,72,217,29,26
1,73,217,132,26
1,74,217,4,26
1,75,217,2,26
1,76,217,7,26
1,77,217,11,26
1,78,217,97,26
1,79,217,102,26
1,80,217,113,26
1,81,217,95,26
1,82,217,94,26
1,83,217,117,26
1,84,217,114,26
1,85,217,106,26
1,86,217,25,26
1,87,217,115,26
1,88,217,93,26
1,89,217,92,26
1,90,217,107,26
1,91,217,101,26
1,92,217,91,26
1,93,217,100,26
1,94,217,116,26
1,95,217,89,26
1,96,217,103,26
1,97,217,112,26
1,98,217,17,26
1,99,217,96,26
1,100,217,118,26
1,101,217,90,26
1,102,217,111,26
1,103,217,110,26
1,104,217,99,26
1,105,217,98,26
1,106,217,104,26
1,107,217,109,26
1,108,217,8,26
1,109,217,105,26
1,110,217,84,26
1,111,217,66,26
1,112,217,23,26
13,113,217,69,26
13,114,217,85,26
13,115,217,77,26
13,116,217,87,26
13,117,217,70,26
13,118,217,72,26
13,119,217,83,26
13,120,217,79,26
13,121,217,82,26
13,122,217,81,26
13,123,217,78,26
13,124,217,76,26
13,125,217,86,26
13,126,217,64,26
13,127,217,71,26
13,128,217,80,26
13,129,217,88,26
13,130,217,48,26
13,131,217,75,26
13,132,217,67,26
13,133,217,73,26
13,134,217,44,26
13,135,217,63,26
13,136,217,74,26
13,137,217,65,26
13,138,217,62,26
13,139,217,68,26
1,140,217,51,26
1,141,217,36,26
1,142,217,54,26
1,143,217,41,26
1,144,217,33,26
1,145,217,61,26
1,146,217,55,26
1,147,217,43,26
1,148,217,46,26
1,149,217,40,26
1,150,217,37,26
1,151,217,60,26
1,152,217,50,26
1,153,217,47,26
1,154,217,53,26
1,155,217,39,26
1,156,217,58,26
1,157,217,35,26
1,158,217,59,26
1,159,217,45,26
1,160,217,42,26
1,161,217,49,26
1,162,217,56,26
1,163,217,38,26
1,164,217,34,26
1,165,217,57,26
1,166,217,52,26
1,1,218,146,116
1,2,218,141,116
1,3,218,155,116
1,4,218,147,116
1,5,218,139,116
1,6,218,134,116
1,7,218,166,116
1,8,218,152,116
1,9,218,138,116
1,10,218,144,116
1,11,218,124,116
1,12,218,122,116
1,13,218,149,116
1,14,218,128,116
1,15,218,129,116
1,16,218,119,116
1,17,218,123,116
1,18,218,161,116
1,19,218,154,116
1,20,218,145,116
1,21,218,125,116
1,22,218,150,116
1,23,218,156,116
1,24,218,142,116
1,25,218,165,116
1,26,218,159,116
1,27,218,158,116
1,28,218,153,116
1,29,218,135,116
1,30,218,137,116
1,31,218,164,116
1,32,218,148,116
1,33,218,151,116
1,34,218,157,116
1,35,218,22,116
1,36,218,127,116
1,37,218,1,116
1,38,218,131,116
1,39,218,136,116
1,40,218,140,116
1,41,218,120,116
1,42,218,21,116
1,43,218,121,116
1,44,218,16,116
1,45,218,32,116
1,46,218,10,116
1,47,218,126,116
1,48,218,19,116
1,49,218,31,116
1,50,218,27,116
1,51,218,163,116
1,52,218,133,116
1,53,218,28,116
1,54,218,9,116
1,55,218,13,116
1,56,218,20,116
1,57,218,30,116
1,58,218,143,116
1,59,218,15,116
1,60,218,26,116
1,61,218,24,116
1,62,218,162,116
1,63,218,5,116
1,64,218,3,116
1,65,218,130,116
1,66,218,18,116
1,67,218,12,116
1,68,218,160,116
1,69,218,108,116
1,70,218,6,116
1,71,218,14,116
1,72,218,29,116
1,73,218,132,116
1,74,218,4,116
1,75,218,2,116
1,76,218,7,116
1,77,218,11,116
1,78,218,97,116
1,79,218,102,116
1,80,218,113,116
1,81,218,95,116
1,82,218,94,116
1,83,218,117,116
1,84,218,114,116
1,85,218,106,116
1,86,218,25,116
1,87,218,115,116
1,88,218,93,116
1,89,218,92,116
1,90,218,107,116
1,91,218,101,116
1,92,218,91,116
1,93,218,100,116
1,94,218,116,116
1,95,218,89,116
1,96,218,103,116
1,97,218,112,116
1,98,218,17,116
1,99,218,96,116
1,100,218,118,116
1,101,218,90,116
1,102,218,111,116
1,103,218,110,116
1,104,218,99,116
1,105,218,98,116
1,106,218,104,116
1,107,218,109,116
1,108,218,8,116
1,109,218,105,116
1,110,218,84,116
1,111,218,66,116
1,112,218,23,116
13,113,218,69,116
13,114,218,85,116
13,115,218,77,116
13,116,218,87,116
13,117,218,70,116
13,118,218,72,116
13,119,218,83,116
13,120,218,79,116
13,121,218,82,116
13,122,218,81,116
13,123,218,78,116
13,124,218,76,116
13,125,218,86,116
13,126,218,64,116
13,127,218,71,116
13,128,218,80,116
13,129,218,88,116
13,130,218,48,116
13,131,218,75,116
13,132,218,67,116
13,133,218,73,116
13,134,218,44,116
13,135,218,63,116
13,136,218,74,116
13,137,218,65,116
13,138,218,62,116
13,139,218,68,116
1,140,218,51,116
1,141,218,36,116
1,142,218,54,116
1,143,218,41,116
1,144,218,33,116
1,145,218,61,116
1,146,218,55,116
1,147,218,43,116
1,148,218,46,116
1,149,218,40,116
1,150,218,37,116
1,151,218,60,116
1,152,218,50,116
1,153,218,47,116
1,154,218,53,116
1,155,218,39,116
1,156,218,58,116
1,157,218,35,116
1,158,218,59,116
1,159,218,45,116
1,160,218,42,116
1,161,218,49,116
1,162,218,56,116
1,163,218,38,116
1,164,218,34,116
1,165,218,57,116
1,166,218,52,116
1,1,219,146,244
1,2,219,141,244
1,3,219,155,244
1,4,219,147,244
1,5,219,139,244
1,6,219,134,244
1,7,219,166,244
1,8,219,152,244
1,9,219,138,244
1,10,219,144,244
1,11,219,124,244
1,12,219,122,244
1,13,219,149,244
1,14,219,128,244
1,15,219,129,244
1,16,219,119,244
1,17,219,123,244
1,18,219,161,244
1,19,219,154,244
1,20,219,145,244
1,21,219,125,244
1,22,219,150,244
1,23,219,156,244
1,24,219,142,244
1,25,219,165,244
1,26,219,159,244
1,27,219,158,244
1,28,219,153,244
1,29,219,135,244
1,30,219,137,244
1,31,219,164,244
1,32,219,148,244
1,33,219,151,244
1,34,219,157,244
1,35,219,22,244
1,36,219,127,244
1,37,219,1,244
1,38,219,131,244
1,39,219,136,244
1,40,219,140,244
1,41,219,120,244
1,42,219,21,244
1,43,219,121,244
1,44,219,16,244
1,45,219,32,244
1,46,219,10,244
1,47,219,126,244
1,48,219,19,244
1,49,219,31,244
1,50,219,27,244
1,51,219,163,244
1,52,219,133,244
1,53,219,28,244
1,54,219,9,244
1,55,219,13,244
1,56,219,20,244
1,57,219,30,244
1,58,219,143,244
1,59,219,15,244
1,60,219,26,244
1,61,219,24,244
1,62,219,162,244
1,63,219,5,244
1,64,219,3,244
1,65,219,130,244
1,66,219,18,244
1,67,219,12,244
1,68,219,160,244
1,69,219,108,244
1,70,219,6,244
1,71,219,14,244
1,72,219,29,244
1,73,219,132,244
1,74,219,4,244
1,75,219,2,244
1,76,219,7,244
1,77,219,11,244
1,78,219,97,244
1,79,219,102,244
1,80,219,113,244
1,81,219,95,244
1,82,219,94,244
1,83,219,117,244
1,84,219,114,244
1,85,219,106,244
1,86,219,25,244
1,87,219,115,244
1,88,219,93,244
1,89,219,92,244
1,90,219,107,244
1,91,219,101,244
1,92,219,91,244
1,93,219,100,244
1,94,219,116,244
1,95,219,89,244
1,96,219,103,244
1,97,219,112,244
1,98,219,17,244
1,99,219,96,244
1,100,219,118,244
1,101,219,90,244
1,102,219,111,244
1,103,219,110,244
1,104,219,99,244
1,105,219,98,244
1,106,219,104,244
1,107,219,109,244
1,108,219,8,244
1,109,219,105,244
1,110,219,84,244
1,111,219,66,244
1,112,219,23,244
13,113,219,69,244
13,114,219,85,244
13,115,219,77,244
13,116,219,87,244
13,117,219,70,244
13,118,219,72,244
13,119,219,83,244
13,120,219,79,244
13,121,219,82,244
13,122,219,81,244
13,123,219,78,244
13,124,219,76,244
13,125,219,86,244
13,126,219,64,244
13,127,219,71,244
13,128,219,80,244
13,129,219,88,244
13,130,219,48,244
13,131,219,75,244
13,132,219,67,244
13,133,219,73,244
13,134,219,44,244
13,135,219,63,244
13,136,219,74,244
13,137,219,65,244
13,138,219,62,244
13,139,219,68,244
1,140,219,51,244
1,141,219,36,244
1,142,219,54,244
1,143,219,41,244
1,144,219,33,244
1,145,219,61,244
1,146,219,55,244
1,147,219,43,244
1,148,219,46,244
1,149,219,40,244
1,150,219,37,244
1,151,219,60,244
1,152,219,50,244
1,153,219,47,244
1,154,219,53,244
1,155,219,39,244
1,156,219,58,244
1,157,219,35,244
1,158,219,59,244
1,159,219,45,244
1,160,219,42,244
1,161,219,49,244
1,162,219,56,244
1,163,219,38,244
1,164,219,34,244
1,165,219,57,244
1,166,219,52,244
1,1,220,146,56
1,2,220,141,56
1,3,220,155,56
1,4,220,147,56
1,5,220,139,56
1,6,220,134,56
1,7,220,166,56
1,8,220,152,56
1,9,220,138,56
1,10,220,144,56
1,11,220,124,56
1,12,220,122,56
1,13,220,149,56
1,14,220,128,56
1,15,220,129,56
1,16,220,119,56
1,17,220,123,56
1,18,220,161,56
1,19,220,154,56
1,20,220,145,56
1,21,220,125,56
1,22,220,150,56
1,23,220,156,56
1,24,220,142,56
1,25,220,165,56
1,26,220,159,56
1,27,220,158,56
1,28,220,153,56
1,29,220,135,56
1,30,220,137,56
1,31,220,164,56
1,32,220,148,56
1,33,220,151,56
1,34,220,157,56
1,35,220,22,56
1,36,220,127,56
1,37,220,1,56
1,38,220,131,56
1,39,220,136,56
1,40,220,140,56
1,41,220,120,56
1,42,220,21,56
1,43,220,121,56
1,44,220,16,56
1,45,220,32,56
1,46,220,10,56
1,47,220,126,56
1,48,220,19,56
1,49,220,31,56
1,50,220,27,56
1,51,220,163,56
1,52,220,133,56
1,53,220,28,56
1,54,220,9,56
1,55,220,13,56
1,56,220,20,56
1,57,220,30,56
1,58,220,143,56
1,59,220,15,56
1,60,220,26,56
1,61,220,24,56
1,62,220,162,56
1,63,220,5,56
1,64,220,3,56
1,65,220,130,56
1,66,220,18,56
1,67,220,12,56
1,68,220,160,56
1,69,220,108,56
1,70,220,6,56
1,71,220,14,56
1,72,220,29,56
1,73,220,132,56
1,74,220,4,56
1,75,220,2,56
1,76,220,7,56
1,77,220,11,56
1,78,220,97,56
1,79,220,102,56
1,80,220,113,56
1,81,220,95,56
1,82,220,94,56
1,83,220,117,56
1,84,220,114,56
1,85,220,106,56
1,86,220,25,56
1,87,220,115,56
1,88,220,93,56
1,89,220,92,56
1,90,220,107,56
1,91,220,101,56
1,92,220,91,56
1,93,220,100,56
1,94,220,116,56
1,95,220,89,56
1,96,220,103,56
1,97,220,112,56
1,98,220,17,56
1,99,220,96,56
1,100,220,118,56
1,101,220,90,56
1,102,220,111,56
1,103,220,110,56
1,104,220,99,56
1,105,220,98,56
1,106,220,104,56
1,107,220,109,56
1,108,220,8,56
1,109,220,105,56
1,110,220,84,56
1,111,220,66,56
1,112,220,23,56
13,113,220,69,56
13,114,220,85,56
13,115,220,77,56
13,116,220,87,56
13,117,220,70,56
13,118,220,72,56
13,119,220,83,56
13,120,220,79,56
13,121,220,82,56
13,122,220,81,56
13,123,220,78,56
13,124,220,76,56
13,125,220,86,56
13,126,220,64,56
13,127,220,71,56
13,128,220,80,56
13,129,220,88,56
13,130,220,48,56
13,131,220,75,56
13,132,220,67,56
13,133,220,73,56
13,134,220,44,56
13,135,220,63,56
13,136,220,74,56
13,137,220,65,56
13,138,220,62,56
13,139,220,68,56
1,140,220,51,56
1,141,220,36,56
1,142,220,54,56
1,143,220,41,56
1,144,220,33,56
1,145,220,61,56
1,146,220,55,56
1,147,220,43,56
1,148,220,46,56
1,149,220,40,56
1,150,220,37,56
1,151,220,60,56
1,152,220,50,56
1,153,220,47,56
1,154,220,53,56
1,155,220,39,56
1,156,220,58,56
1,157,220,35,56
1,158,220,59,56
1,159,220,45,56
1,160,220,42,56
1,161,220,49,56
1,162,220,56,56
1,163,220,38,56
1,164,220,34,56
1,165,220,57,56
1,166,220,52,56
1,1,221,146,210
1,2,221,141,210
1,3,221,155,210
1,4,221,147,210
1,5,221,139,210
1,6,221,134,210
1,7,221,166,210
1,8,221,152,210
1,9,221,138,210
1,10,221,144,210
1,11,221,124,210
1,12,221,122,210
1,13,221,149,210
1,14,221,128,210
1,15,221,129,210
1,16,221,119,210
1,17,221,123,210
1,18,221,161,210
1,19,221,154,210
1,20,221,145,210
1,21,221,125,210
1,22,221,150,210
1,23,221,156,210
1,24,221,142,210
1,25,221,165,210
1,26,221,159,210
1,27,221,158,210
1,28,221,153,210
1,29,221,135,210
1,30,221,137,210
1,31,221,164,210
1,32,221,148,210
1,33,221,151,210
1,34,221,157,210
1,35,221,22,210
1,36,221,127,210
1,37,221,1,210
1,38,221,131,210
1,39,221,136,210
1,40,221,140,210
1,41,221,120,210
1,42,221,21,210
1,43,221,121,210
1,44,221,16,210
1,45,221,32,210
1,46,221,10,210
1,47,221,126,210
1,48,221,19,210
1,49,221,31,210
1,50,221,27,210
1,51,221,163,210
1,52,221,133,210
1,53,221,28,210
1,54,221,9,210
1,55,221,13,210
1,56,221,20,210
1,57,221,30,210
1,58,221,143,210
1,59,221,15,210
1,60,221,26,210
1,61,221,24,210
1,62,221,162,210
1,63,221,5,210
1,64,221,3,210
1,65,221,130,210
1,66,221,18,210
1,67,221,12,210
1,68,221,160,210
1,69,221,108,210
1,70,221,6,210
1,71,221,14,210
1,72,221,29,210
1,73,221,132,210
1,74,221,4,210
1,75,221,2,210
1,76,221,7,210
1,77,221,11,210
1,78,221,97,210
1,79,221,102,210
1,80,221,113,210
1,81,221,95,210
1,82,221,94,210
1,83,221,117,210
1,84,221,114,210
1,85,221,106,210
1,86,221,25,210
1,87,221,115,210
1,88,221,93,210
1,89,221,92,210
1,90,221,107,210
1,91,221,101,210
1,92,221,91,210
1,93,221,100,210
1,94,221,116,210
1,95,221,89,210
1,96,221,103,210
1,97,221,112,210
1,98,221,17,210
1,99,221,96,210
1,100,221,118,210
1,101,221,90,210
1,102,221,111,210
1,103,221,110,210
1,104,221,99,210
1,105,221,98,210
1,106,221,104,210
1,107,221,109,210
1,108,221,8,210
1,109,221,105,210
1,110,221,84,210
1,111,221,66,210
1,112,221,23,210
13,113,221,69,210
13,114,221,85,210
13,115,221,77,210
13,116,221,87,210
13,117,221,70,210
13,118,221,72,210
13,119,221,83,210
13,120,221,79,210
13,121,221,82,210
13,122,221,81,210
13,123,221,78,210
13,124,221,76,210
13,125,221,86,210
13,126,221,64,210
13,127,221,71,210
13,128,221,80,210
13,129,221,88,210
13,130,221,48,210
13,131,221,75,210
13,132,221,67,210
13,133,221,73,210
13,134,221,44,210
13,135,221,63,210
13,136,221,74,210
13,137,221,65,210
13,138,221,62,210
13,139,221,68,210
1,140,221,51,210
1,141,221,36,210
1,142,221,54,210
1,143,221,41,210
1,144,221,33,210
1,145,221,61,210
1,146,221,55,210
1,147,221,43,210
1,148,221,46,210
1,149,221,40,210
1,150,221,37,210
1,151,221,60,210
1,152,221,50,210
1,153,221,47,210
1,154,221,53,210
1,155,221,39,210
1,156,221,58,210
1,157,221,35,210
1,158,221,59,210
1,159,221,45,210
1,160,221,42,210
1,161,221,49,210
1,162,221,56,210
1,163,221,38,210
1,164,221,34,210
1,165,221,57,210
1,166,221,52,210
1,1,222,146,278
1,2,222,141,278
1,3,222,155,278
1,4,222,147,278
1,5,222,139,278
1,6,222,134,278
1,7,222,166,278
1,8,222,152,278
1,9,222,138,278
1,10,222,144,278
1,11,222,124,278
1,12,222,122,278
1,13,222,149,278
1,14,222,128,278
1,15,222,129,278
1,16,222,119,278
1,17,222,123,278
1,18,222,161,278
1,19,222,154,278
1,20,222,145,278
1,21,222,125,278
1,22,222,150,278
1,23,222,156,278
1,24,222,142,278
1,25,222,165,278
1,26,222,159,278
1,27,222,158,278
1,28,222,153,278
1,29,222,135,278
1,30,222,137,278
1,31,222,164,278
1,32,222,148,278
1,33,222,151,278
1,34,222,157,278
1,35,222,22,278
1,36,222,127,278
1,37,222,1,278
1,38,222,131,278
1,39,222,136,278
1,40,222,140,278
1,41,222,120,278
1,42,222,21,278
1,43,222,121,278
1,44,222,16,278
1,45,222,32,278
1,46,222,10,278
1,47,222,126,278
1,48,222,19,278
1,49,222,31,278
1,50,222,27,278
1,51,222,163,278
1,52,222,133,278
1,53,222,28,278
1,54,222,9,278
1,55,222,13,278
1,56,222,20,278
1,57,222,30,278
1,58,222,143,278
1,59,222,15,278
1,60,222,26,278
1,61,222,24,278
1,62,222,162,278
1,63,222,5,278
1,64,222,3,278
1,65,222,130,278
1,66,222,18,278
1,67,222,12,278
1,68,222,160,278
1,69,222,108,278
1,70,222,6,278
1,71,222,14,278
1,72,222,29,278
1,73,222,132,278
1,74,222,4,278
1,75,222,2,278
1,76,222,7,278
1,77,222,11,278
1,78,222,97,278
1,79,222,102,278
1,80,222,113,278
1,81,222,95,278
1,82,222,94,278
1,83,222,117,278
1,84,222,114,278
1,85,222,106,278
1,86,222,25,278
1,87,222,115,278
1,88,222,93,278
1,89,222,92,278
1,90,222,107,278
1,91,222,101,278
1,92,222,91,278
1,93,222,100,278
1,94,222,116,278
1,95,222,89,278
1,96,222,103,278
1,97,222,112,278
1,98,222,17,278
1,99,222,96,278
1,100,222,118,278
1,101,222,90,278
1,102,222,111,278
1,103,222,110,278
1,104,222,99,278
1,105,222,98,278
1,106,222,104,278
1,107,222,109,278
1,108,222,8,278
1,109,222,105,278
1,110,222,84,278
1,111,222,66,278
1,112,222,23,278
13,113,222,69,278
13,114,222,85,278
13,115,222,77,278
13,116,222,87,278
13,117,222,70,278
13,118,222,72,278
13,119,222,83,278
13,120,222,79,278
13,121,222,82,278
13,122,222,81,278
13,123,222,78,278
13,124,222,76,278
13,125,222,86,278
13,126,222,64,278
13,127,222,71,278
13,128,222,80,278
13,129,222,88,278
13,130,222,48,278
13,131,222,75,278
13,132,222,67,278
13,133,222,73,278
13,134,222,44,278
13,135,222,63,278
13,136,222,74,278
13,137,222,65,278
13,138,222,62,278
13,139,222,68,278
1,140,222,51,278
1,141,222,36,278
1,142,222,54,278
1,143,222,41,278
1,144,222,33,278
1,145,222,61,278
1,146,222,55,278
1,147,222,43,278
1,148,222,46,278
1,149,222,40,278
1,150,222,37,278
1,151,222,60,278
1,152,222,50,278
1,153,222,47,278
1,154,222,53,278
1,155,222,39,278
1,156,222,58,278
1,157,222,35,278
1,158,222,59,278
1,159,222,45,278
1,160,222,42,278
1,161,222,49,278
1,162,222,56,278
1,163,222,38,278
1,164,222,34,278
1,165,222,57,278
1,166,222,52,278
1,1,223,146,169
1,2,223,141,169
1,3,223,155,169
1,4,223,147,169
1,5,223,139,169
1,6,223,134,169
1,7,223,166,169
1,8,223,152,169
1,9,223,138,169
1,10,223,144,169
1,11,223,124,169
1,12,223,122,169
1,13,223,149,169
1,14,223,128,169
1,15,223,129,169
1,16,223,119,169
1,17,223,123,169
1,18,223,161,169
1,19,223,154,169
1,20,223,145,169
1,21,223,125,169
1,22,223,150,169
1,23,223,156,169
1,24,223,142,169
1,25,223,165,169
1,26,223,159,169
1,27,223,158,169
1,28,223,153,169
1,29,223,135,169
1,30,223,137,169
1,31,223,164,169
1,32,223,148,169
1,33,223,151,169
1,34,223,157,169
1,35,223,22,169
1,36,223,127,169
1,37,223,1,169
1,38,223,131,169
1,39,223,136,169
1,40,223,140,169
1,41,223,120,169
1,42,223,21,169
1,43,223,121,169
1,44,223,16,169
1,45,223,32,169
1,46,223,10,169
1,47,223,126,169
1,48,223,19,169
1,49,223,31,169
1,50,223,27,169
1,51,223,163,169
1,52,223,133,169
1,53,223,28,169
1,54,223,9,169
1,55,223,13,169
1,56,223,20,169
1,57,223,30,169
1,58,223,143,169
1,59,223,15,169
1,60,223,26,169
1,61,223,24,169
1,62,223,162,169
1,63,223,5,169
1,64,223,3,169
1,65,223,130,169
1,66,223,18,169
1,67,223,12,169
1,68,223,160,169
1,69,223,108,169
1,70,223,6,169
1,71,223,14,169
1,72,223,29,169
1,73,223,132,169
1,74,223,4,169
1,75,223,2,169
1,76,223,7,169
1,77,223,11,169
1,78,223,97,169
1,79,223,102,169
1,80,223,113,169
1,81,223,95,169
1,82,223,94,169
1,83,223,117,169
1,84,223,114,169
1,85,223,106,169
1,86,223,25,169
1,87,223,115,169
1,88,223,93,169
1,89,223,92,169
1,90,223,107,169
1,91,223,101,169
1,92,223,91,169
1,93,223,100,169
1,94,223,116,169
1,95,223,89,169
1,96,223,103,169
1,97,223,112,169
1,98,223,17,169
1,99,223,96,169
1,100,223,118,169
1,101,223,90,169
1,102,223,111,169
1,103,223,110,169
1,104,223,99,169
1,105,223,98,169
1,106,223,104,169
1,107,223,109,169
1,108,223,8,169
1,109,223,105,169
1,110,223,84,169
1,111,223,66,169
1,112,223,23,169
13,113,223,69,169
13,114,223,85,169
13,115,223,77,169
13,116,223,87,169
13,117,223,70,169
13,118,223,72,169
13,119,223,83,169
13,120,223,79,169
13,121,223,82,169
13,122,223,81,169
13,123,223,78,169
13,124,223,76,169
13,125,223,86,169
13,126,223,64,169
13,127,223,71,169
13,128,223,80,169
13,129,223,88,169
13,130,223,48,169
13,131,223,75,169
13,132,223,67,169
13,133,223,73,169
13,134,223,44,169
13,135,223,63,169
13,136,223,74,169
13,137,223,65,169
13,138,223,62,169
13,139,223,68,169
1,140,223,51,169
1,141,223,36,169
1,142,223,54,169
1,143,223,41,169
1,144,223,33,169
1,145,223,61,169
1,146,223,55,169
1,147,223,43,169
1,148,223,46,169
1,149,223,40,169
1,150,223,37,169
1,151,223,60,169
1,152,223,50,169
1,153,223,47,169
1,154,223,53,169
1,155,223,39,169
1,156,223,58,169
1,157,223,35,169
1,158,223,59,169
1,159,223,45,169
1,160,223,42,169
1,161,223,49,169
1,162,223,56,169
1,163,223,38,169
1,164,223,34,169
1,165,223,57,169
1,166,223,52,169
1,1,224,146,97
1,2,224,141,97
1,3,224,155,97
1,4,224,147,97
1,5,224,139,97
1,6,224,134,97
1,7,224,166,97
1,8,224,152,97
1,9,224,138,97
1,10,224,144,97
1,11,224,124,97
1,12,224,122,97
1,13,224,149,97
1,14,224,128,97
1,15,224,129,97
1,16,224,119,97
1,17,224,123,97
1,18,224,161,97
1,19,224,154,97
1,20,224,145,97
1,21,224,125,97
1,22,224,150,97
1,23,224,156,97
1,24,224,142,97
1,25,224,165,97
1,26,224,159,97
1,27,224,158,97
1,28,224,153,97
1,29,224,135,97
1,30,224,137,97
1,31,224,164,97
1,32,224,148,97
1,33,224,151,97
1,34,224,157,97
1,35,224,22,97
1,36,224,127,97
1,37,224,1,97
1,38,224,131,97
1,39,224,136,97
1,40,224,140,97
1,41,224,120,97
1,42,224,21,97
1,43,224,121,97
1,44,224,16,97
1,45,224,32,97
1,46,224,10,97
1,47,224,126,97
1,48,224,19,97
1,49,224,31,97
1,50,224,27,97
1,51,224,163,97
1,52,224,133,97
1,53,224,28,97
1,54,224,9,97
1,55,224,13,97
1,56,224,20,97
1,57,224,30,97
1,58,224,143,97
1,59,224,15,97
1,60,224,26,97
1,61,224,24,97
1,62,224,162,97
1,63,224,5,97
1,64,224,3,97
1,65,224,130,97
1,66,224,18,97
1,67,224,12,97
1,68,224,160,97
1,69,224,108,97
1,70,224,6,97
1,71,224,14,97
1,72,224,29,97
1,73,224,132,97
1,74,224,4,97
1,75,224,2,97
1,76,224,7,97
1,77,224,11,97
1,78,224,97,97
1,79,224,102,97
1,80,224,113,97
1,81,224,95,97
1,82,224,94,97
1,83,224,117,97
1,84,224,114,97
1,85,224,106,97
1,86,224,25,97
1,87,224,115,97
1,88,224,93,97
1,89,224,92,97
1,90,224,107,97
1,91,224,101,97
1,92,224,91,97
1,93,224,100,97
1,94,224,116,97
1,95,224,89,97
1,96,224,103,97
1,97,224,112,97
1,98,224,17,97
1,99,224,96,97
1,100,224,118,97
1,101,224,90,97
1,102,224,111,97
1,103,224,110,97
1,104,224,99,97
1,105,224,98,97
1,106,224,104,97
1,107,224,109,97
1,108,224,8,97
1,109,224,105,97
1,110,224,84,97
1,111,224,66,97
1,112,224,23,97
13,113,224,69,97
13,114,224,85,97
13,115,224,77,97
13,116,224,87,97
13,117,224,70,97
13,118,224,72,97
13,119,224,83,97
13,120,224,79,97
13,121,224,82,97
13,122,224,81,97
13,123,224,78,97
13,124,224,76,97
13,125,224,86,97
13,126,224,64,97
13,127,224,71,97
13,128,224,80,97
13,129,224,88,97
13,130,224,48,97
13,131,224,75,97
13,132,224,67,97
13,133,224,73,97
13,134,224,44,97
13,135,224,63,97
13,136,224,74,97
13,137,224,65,97
13,138,224,62,97
13,139,224,68,97
1,140,224,51,97
1,141,224,36,97
1,142,224,54,97
1,143,224,41,97
1,144,224,33,97
1,145,224,61,97
1,146,224,55,97
1,147,224,43,97
1,148,224,46,97
1,149,224,40,97
1,150,224,37,97
1,151,224,60,97
1,152,224,50,97
1,153,224,47,97
1,154,224,53,97
1,155,224,39,97
1,156,224,58,97
1,157,224,35,97
1,158,224,59,97
1,159,224,45,97
1,160,224,42,97
1,161,224,49,97
1,162,224,56,97
1,163,224,38,97
1,164,224,34,97
1,165,224,57,97
1,166,224,52,97
1,1,225,146,122
1,2,225,141,122
1,3,225,155,122
1,4,225,147,122
1,5,225,139,122
1,6,225,134,122
1,7,225,166,122
1,8,225,152,122
1,9,225,138,122
1,10,225,144,122
1,11,225,124,122
1,12,225,122,122
1,13,225,149,122
1,14,225,128,122
1,15,225,129,122
1,16,225,119,122
1,17,225,123,122
1,18,225,161,122
1,19,225,154,122
1,20,225,145,122
1,21,225,125,122
1,22,225,150,122
1,23,225,156,122
1,24,225,142,122
1,25,225,165,122
1,26,225,159,122
1,27,225,158,122
1,28,225,153,122
1,29,225,135,122
1,30,225,137,122
1,31,225,164,122
1,32,225,148,122
1,33,225,151,122
1,34,225,157,122
1,35,225,22,122
1,36,225,127,122
1,37,225,1,122
1,38,225,131,122
1,39,225,136,122
1,40,225,140,122
1,41,225,120,122
1,42,225,21,122
1,43,225,121,122
1,44,225,16,122
1,45,225,32,122
1,46,225,10,122
1,47,225,126,122
1,48,225,19,122
1,49,225,31,122
1,50,225,27,122
1,51,225,163,122
1,52,225,133,122
1,53,225,28,122
1,54,225,9,122
1,55,225,13,122
1,56,225,20,122
1,57,225,30,122
1,58,225,143,122
1,59,225,15,122
1,60,225,26,122
1,61,225,24,122
1,62,225,162,122
1,63,225,5,122
1,64,225,3,122
1,65,225,130,122
1,66,225,18,122
1,67,225,12,122
1,68,225,160,122
1,69,225,108,122
1,70,225,6,122
1,71,225,14,122
1,72,225,29,122
1,73,225,132,122
1,74,225,4,122
1,75,225,2,122
1,76,225,7,122
1,77,225,11,122
1,78,225,97,122
1,79,225,102,122
1,80,225,113,122
1,81,225,95,122
1,82,225,94,122
1,83,225,117,122
1,84,225,114,122
1,85,225,106,122
1,86,225,25,122
1,87,225,115,122
1,88,225,93,122
1,89,225,92,122
1,90,225,107,122
1,91,225,101,122
1,92,225,91,122
1,93,225,100,122
1,94,225,116,122
1,95,225,89,122
1,96,225,103,122
1,97,225,112,122
1,98,225,17,122
1,99,225,96,122
1,100,225,118,122
1,101,225,90,122
1,102,225,111,122
1,103,225,110,122
1,104,225,99,122
1,105,225,98,122
1,106,225,104,122
1,107,225,109,122
1,108,225,8,122
1,109,225,105,122
1,110,225,84,122
1,111,225,66,122
1,112,225,23,122
13,113,225,69,122
13,114,225,85,122
13,115,225,77,122
13,116,225,87,122
13,117,225,70,122
13,118,225,72,122
13,119,225,83,122
13,120,225,79,122
13,121,225,82,122
13,122,225,81,122
13,123,225,78,122
13,124,225,76,122
13,125,225,86,122
13,126,225,64,122
13,127,225,71,122
13,128,225,80,122
13,129,225,88,122
13,130,225,48,122
13,131,225,75,122
13,132,225,67,122
13,133,225,73,122
13,134,225,44,122
13,135,225,63,122
13,136,225,74,122
13,137,225,65,122
13,138,225,62,122
13,139,225,68,122
1,140,225,51,122
1,141,225,36,122
1,142,225,54,122
1,143,225,41,122
1,144,225,33,122
1,145,225,61,122
1,146,225,55,122
1,147,225,43,122
1,148,225,46,122
1,149,225,40,122
1,150,225,37,122
1,151,225,60,122
1,152,225,50,122
1,153,225,47,122
1,154,225,53,122
1,155,225,39,122
1,156,225,58,122
1,157,225,35,122
1,158,225,59,122
1,159,225,45,122
1,160,225,42,122
1,161,225,49,122
1,162,225,56,122
1,163,225,38,122
1,164,225,34,122
1,165,225,57,122
1,166,225,52,122
1,1,226,146,137
1,2,226,141,137
1,3,226,155,137
1,4,226,147,137
1,5,226,139,137
1,6,226,134,137
1,7,226,166,137
1,8,226,152,137
1,9,226,138,137
1,10,226,144,137
1,11,226,124,137
1,12,226,122,137
1,13,226,149,137
1,14,226,128,137
1,15,226,129,137
1,16,226,119,137
1,17,226,123,137
1,18,226,161,137
1,19,226,154,137
1,20,226,145,137
1,21,226,125,137
1,22,226,150,137
1,23,226,156,137
1,24,226,142,137
1,25,226,165,137
1,26,226,159,137
1,27,226,158,137
1,28,226,153,137
1,29,226,135,137
1,30,226,137,137
1,31,226,164,137
1,32,226,148,137
1,33,226,151,137
1,34,226,157,137
1,35,226,22,137
1,36,226,127,137
1,37,226,1,137
1,38,226,131,137
1,39,226,136,137
1,40,226,140,137
1,41,226,120,137
1,42,226,21,137
1,43,226,121,137
1,44,226,16,137
1,45,226,32,137
1,46,226,10,137
1,47,226,126,137
1,48,226,19,137
1,49,226,31,137
1,50,226,27,137
1,51,226,163,137
1,52,226,133,137
1,53,226,28,137
1,54,226,9,137
1,55,226,13,137
1,56,226,20,137
1,57,226,30,137
1,58,226,143,137
1,59,226,15,137
1,60,226,26,137
1,61,226,24,137
1,62,226,162,137
1,63,226,5,137
1,64,226,3,137
1,65,226,130,137
1,66,226,18,137
1,67,226,12,137
1,68,226,160,137
1,69,226,108,137
1,70,226,6,137
1,71,226,14,137
1,72,226,29,137
1,73,226,132,137
1,74,226,4,137
1,75,226,2,137
1,76,226,7,137
1,77,226,11,137
1,78,226,97,137
1,79,226,102,137
1,80,226,113,137
1,81,226,95,137
1,82,226,94,137
1,83,226,117,137
1,84,226,114,137
1,85,226,106,137
1,86,226,25,137
1,87,226,115,137
1,88,226,93,137
1,89,226,92,137
1,90,226,107,137
1,91,226,101,137
1,92,226,91,137
1,93,226,100,137
1,94,226,116,137
1,95,226,89,137
1,96,226,103,137
1,97,226,112,137
1,98,226,17,137
1,99,226,96,137
1,100,226,118,137
1,101,226,90,137
1,102,226,111,137
1,103,226,110,137
1,104,226,99,137
1,105,226,98,137
1,106,226,104,137
1,107,226,109,137
1,108,226,8,137
1,109,226,105,137
1,110,226,84,137
1,111,226,66,137
1,112,226,23,137
13,113,226,69,137
13,114,226,85,137
13,115,226,77,137
13,116,226,87,137
13,117,226,70,137
13,118,226,72,137
13,119,226,83,137
13,120,226,79,137
13,121,226,82,137
13,122,226,81,137
13,123,226,78,137
13,124,226,76,137
13,125,226,86,137
13,126,226,64,137
13,127,226,71,137
13,128,226,80,137
13,129,226,88,137
13,130,226,48,137
13,131,226,75,137
13,132,226,67,137
13,133,226,73,137
13,134,226,44,137
13,135,226,63,137
13,136,226,74,137
13,137,226,65,137
13,138,226,62,137
13,139,226,68,137
1,140,226,51,137
1,141,226,36,137
1,142,226,54,137
1,143,226,41,137
1,144,226,33,137
1,145,226,61,137
1,146,226,55,137
1,147,226,43,137
1,148,226,46,137
1,149,226,40,137
1,150,226,37,137
1,151,226,60,137
1,152,226,50,137
1,153,226,47,137
1,154,226,53,137
1,155,226,39,137
1,156,226,58,137
1,157,226,35,137
1,158,226,59,137
1,159,226,45,137
1,160,226,42,137
1,161,226,49,137
1,162,226,56,137
1,163,226,38,137
1,164,226,34,137
1,165,226,57,137
1,166,226,52,137
1,1,227,146,152
1,2,227,141,152
1,3,227,155,152
1,4,227,147,152
1,5,227,139,152
1,6,227,134,152
1,7,227,166,152
1,8,227,152,152
1,9,227,138,152
1,10,227,144,152
1,11,227,124,152
1,12,227,122,152
1,13,227,149,152
1,14,227,128,152
1,15,227,129,152
1,16,227,119,152
1,17,227,123,152
1,18,227,161,152
1,19,227,154,152
1,20,227,145,152
1,21,227,125,152
1,22,227,150,152
1,23,227,156,152
1,24,227,142,152
1,25,227,165,152
1,26,227,159,152
1,27,227,158,152
1,28,227,153,152
1,29,227,135,152
1,30,227,137,152
1,31,227,164,152
1,32,227,148,152
1,33,227,151,152
1,34,227,157,152
1,35,227,22,152
1,36,227,127,152
1,37,227,1,152
1,38,227,131,152
1,39,227,136,152
1,40,227,140,152
1,41,227,120,152
1,42,227,21,152
1,43,227,121,152
1,44,227,16,152
1,45,227,32,152
1,46,227,10,152
1,47,227,126,152
1,48,227,19,152
1,49,227,31,152
1,50,227,27,152
1,51,227,163,152
1,52,227,133,152
1,53,227,28,152
1,54,227,9,152
1,55,227,13,152
1,56,227,20,152
1,57,227,30,152
1,58,227,143,152
1,59,227,15,152
1,60,227,26,152
1,61,227,24,152
1,62,227,162,152
1,63,227,5,152
1,64,227,3,152
1,65,227,130,152
1,66,227,18,152
1,67,227,12,152
1,68,227,160,152
1,69,227,108,152
1,70,227,6,152
1,71,227,14,152
1,72,227,29,152
1,73,227,132,152
1,74,227,4,152
1,75,227,2,152
1,76,227,7,152
1,77,227,11,152
1,78,227,97,152
1,79,227,102,152
1,80,227,113,152
1,81,227,95,152
1,82,227,94,152
1,83,227,117,152
1,84,227,114,152
1,85,227,106,152
1,86,227,25,152
1,87,227,115,152
1,88,227,93,152
1,89,227,92,152
1,90,227,107,152
1,91,227,101,152
1,92,227,91,152
1,93,227,100,152
1,94,227,116,152
1,95,227,89,152
1,96,227,103,152
1,97,227,112,152
1,98,227,17,152
1,99,227,96,152
1,100,227,118,152
1,101,227,90,152
1,102,227,111,152
1,103,227,110,152
1,104,227,99,152
1,105,227,98,152
1,106,227,104,152
1,107,227,109,152
1,108,227,8,152
1,109,227,105,152
1,110,227,84,152
1,111,227,66,152
1,112,227,23,152
13,113,227,69,152
13,114,227,85,152
13,115,227,77,152
13,116,227,87,152
13,117,227,70,152
13,118,227,72,152
13,119,227,83,152
13,120,227,79,152
13,121,227,82,152
13,122,227,81,152
13,123,227,78,152
13,124,227,76,152
13,125,227,86,152
13,126,227,64,152
13,127,227,71,152
13,128,227,80,152
13,129,227,88,152
13,130,227,48,152
13,131,227,75,152
13,132,227,67,152
13,133,227,73,152
13,134,227,44,152
13,135,227,63,152
13,136,227,74,152
13,137,227,65,152
13,138,227,62,152
13,139,227,68,152
1,140,227,51,152
1,141,227,36,152
1,142,227,54,152
1,143,227,41,152
1,144,227,33,152
1,145,227,61,152
1,146,227,55,152
1,147,227,43,152
1,148,227,46,152
1,149,227,40,152
1,150,227,37,152
1,151,227,60,152
1,152,227,50,152
1,153,227,47,152
1,154,227,53,152
1,155,227,39,152
1,156,227,58,152
1,157,227,35,152
1,158,227,59,152
1,159,227,45,152
1,160,227,42,152
1,161,227,49,152
1,162,227,56,152
1,163,227,38,152
1,164,227,34,152
1,165,227,57,152
1,166,227,52,152
1,1,228,146,192
1,2,228,141,192
1,3,228,155,192
1,4,228,147,192
1,5,228,139,192
1,6,228,134,192
1,7,228,166,192
1,8,228,152,192
1,9,228,138,192
1,10,228,144,192
1,11,228,124,192
1,12,228,122,192
1,13,228,149,192
1,14,228,128,192
1,15,228,129,192
1,16,228,119,192
1,17,228,123,192
1,18,228,161,192
1,19,228,154,192
1,20,228,145,192
1,21,228,125,192
1,22,228,150,192
1,23,228,156,192
1,24,228,142,192
1,25,228,165,192
1,26,228,159,192
1,27,228,158,192
1,28,228,153,192
1,29,228,135,192
1,30,228,137,192
1,31,228,164,192
1,32,228,148,192
1,33,228,151,192
1,34,228,157,192
1,35,228,22,192
1,36,228,127,192
1,37,228,1,192
1,38,228,131,192
1,39,228,136,192
1,40,228,140,192
1,41,228,120,192
1,42,228,21,192
1,43,228,121,192
1,44,228,16,192
1,45,228,32,192
1,46,228,10,192
1,47,228,126,192
1,48,228,19,192
1,49,228,31,192
1,50,228,27,192
1,51,228,163,192
1,52,228,133,192
1,53,228,28,192
1,54,228,9,192
1,55,228,13,192
1,56,228,20,192
1,57,228,30,192
1,58,228,143,192
1,59,228,15,192
1,60,228,26,192
1,61,228,24,192
1,62,228,162,192
1,63,228,5,192
1,64,228,3,192
1,65,228,130,192
1,66,228,18,192
1,67,228,12,192
1,68,228,160,192
1,69,228,108,192
1,70,228,6,192
1,71,228,14,192
1,72,228,29,192
1,73,228,132,192
1,74,228,4,192
1,75,228,2,192
1,76,228,7,192
1,77,228,11,192
1,78,228,97,192
1,79,228,102,192
1,80,228,113,192
1,81,228,95,192
1,82,228,94,192
1,83,228,117,192
1,84,228,114,192
1,85,228,106,192
1,86,228,25,192
1,87,228,115,192
1,88,228,93,192
1,89,228,92,192
1,90,228,107,192
1,91,228,101,192
1,92,228,91,192
1,93,228,100,192
1,94,228,116,192
1,95,228,89,192
1,96,228,103,192
1,97,228,112,192
1,98,228,17,192
1,99,228,96,192
1,100,228,118,192
1,101,228,90,192
1,102,228,111,192
1,103,228,110,192
1,104,228,99,192
1,105,228,98,192
1,106,228,104,192
1,107,228,109,192
1,108,228,8,192
1,109,228,105,192
1,110,228,84,192
1,111,228,66,192
1,112,228,23,192
13,113,228,69,192
13,114,228,85,192
13,115,228,77,192
13,116,228,87,192
13,117,228,70,192
13,118,228,72,192
13,119,228,83,192
13,120,228,79,192
13,121,228,82,192
13,122,228,81,192
13,123,228,78,192
13,124,228,76,192
13,125,228,86,192
13,126,228,64,192
13,127,228,71,192
13,128,228,80,192
13,129,228,88,192
13,130,228,48,192
13,131,228,75,192
13,132,228,67,192
13,133,228,73,192
13,134,228,44,192
13,135,228,63,192
13,136,228,74,192
13,137,228,65,192
13,138,228,62,192
13,139,228,68,192
1,140,228,51,192
1,141,228,36,192
1,142,228,54,192
1,143,228,41,192
1,144,228,33,192
1,145,228,61,192
1,146,228,55,192
1,147,228,43,192
1,148,228,46,192
1,149,228,40,192
1,150,228,37,192
1,151,228,60,192
1,152,228,50,192
1,153,228,47,192
1,154,228,53,192
1,155,228,39,192
1,156,228,58,192
1,157,228,35,192
1,158,228,59,192
1,159,228,45,192
1,160,228,42,192
1,161,228,49,192
1,162,228,56,192
1,163,228,38,192
1,164,228,34,192
1,165,228,57,192
1,166,228,52,192
1,1,229,146,269
1,2,229,141,269
1,3,229,155,269
1,4,229,147,269
1,5,229,139,269
1,6,229,134,269
1,7,229,166,269
1,8,229,152,269
1,9,229,138,269
1,10,229,144,269
1,11,229,124,269
1,12,229,122,269
1,13,229,149,269
1,14,229,128,269
1,15,229,129,269
1,16,229,119,269
1,17,229,123,269
1,18,229,161,269
1,19,229,154,269
1,20,229,145,269
1,21,229,125,269
1,22,229,150,269
1,23,229,156,269
1,24,229,142,269
1,25,229,165,269
1,26,229,159,269
1,27,229,158,269
1,28,229,153,269
1,29,229,135,269
1,30,229,137,269
1,31,229,164,269
1,32,229,148,269
1,33,229,151,269
1,34,229,157,269
1,35,229,22,269
1,36,229,127,269
1,37,229,1,269
1,38,229,131,269
1,39,229,136,269
1,40,229,140,269
1,41,229,120,269
1,42,229,21,269
1,43,229,121,269
1,44,229,16,269
1,45,229,32,269
1,46,229,10,269
1,47,229,126,269
1,48,229,19,269
1,49,229,31,269
1,50,229,27,269
1,51,229,163,269
1,52,229,133,269
1,53,229,28,269
1,54,229,9,269
1,55,229,13,269
1,56,229,20,269
1,57,229,30,269
1,58,229,143,269
1,59,229,15,269
1,60,229,26,269
1,61,229,24,269
1,62,229,162,269
1,63,229,5,269
1,64,229,3,269
1,65,229,130,269
1,66,229,18,269
1,67,229,12,269
1,68,229,160,269
1,69,229,108,269
1,70,229,6,269
1,71,229,14,269
1,72,229,29,269
1,73,229,132,269
1,74,229,4,269
1,75,229,2,269
1,76,229,7,269
1,77,229,11,269
1,78,229,97,269
1,79,229,102,269
1,80,229,113,269
1,81,229,95,269
1,82,229,94,269
1,83,229,117,269
1,84,229,114,269
1,85,229,106,269
1,86,229,25,269
1,87,229,115,269
1,88,229,93,269
1,89,229,92,269
1,90,229,107,269
1,91,229,101,269
1,92,229,91,269
1,93,229,100,269
1,94,229,116,269
1,95,229,89,269
1,96,229,103,269
1,97,229,112,269
1,98,229,17,269
1,99,229,96,269
1,100,229,118,269
1,101,229,90,269
1,102,229,111,269
1,103,229,110,269
1,104,229,99,269
1,105,229,98,269
1,106,229,104,269
1,107,229,109,269
1,108,229,8,269
1,109,229,105,269
1,110,229,84,269
1,111,229,66,269
1,112,229,23,269
13,113,229,69,269
13,114,229,85,269
13,115,229,77,269
13,116,229,87,269
13,117,229,70,269
13,118,229,72,269
13,119,229,83,269
13,120,229,79,269
13,121,229,82,269
13,122,229,81,269
13,123,229,78,269
13,124,229,76,269
13,125,229,86,269
13,126,229,64,269
13,127,229,71,269
13,128,229,80,269
13,129,229,88,269
13,130,229,48,269
13,131,229,75,269
13,132,229,67,269
13,133,229,73,269
13,134,229,44,269
13,135,229,63,269
13,136,229,74,269
13,137,229,65,269
13,138,229,62,269
13,139,229,68,269
1,140,229,51,269
1,141,229,36,269
1,142,229,54,269
1,143,229,41,269
1,144,229,33,269
1,145,229,61,269
1,146,229,55,269
1,147,229,43,269
1,148,229,46,269
1,149,229,40,269
1,150,229,37,269
1,151,229,60,269
1,152,229,50,269
1,153,229,47,269
1,154,229,53,269
1,155,229,39,269
1,156,229,58,269
1,157,229,35,269
1,158,229,59,269
1,159,229,45,269
1,160,229,42,269
1,161,229,49,269
1,162,229,56,269
1,163,229,38,269
1,164,229,34,269
1,165,229,57,269
1,166,229,52,269
1,1,230,146,279
1,2,230,141,279
1,3,230,155,279
1,4,230,147,279
1,5,230,139,279
1,6,230,134,279
1,7,230,166,279
1,8,230,152,279
1,9,230,138,279
1,10,230,144,279
1,11,230,124,279
1,12,230,122,279
1,13,230,149,279
1,14,230,128,279
1,15,230,129,279
1,16,230,119,279
1,17,230,123,279
1,18,230,161,279
1,19,230,154,279
1,20,230,145,279
1,21,230,125,279
1,22,230,150,279
1,23,230,156,279
1,24,230,142,279
1,25,230,165,279
1,26,230,159,279
1,27,230,158,279
1,28,230,153,279
1,29,230,135,279
1,30,230,137,279
1,31,230,164,279
1,32,230,148,279
1,33,230,151,279
1,34,230,157,279
1,35,230,22,279
1,36,230,127,279
1,37,230,1,279
1,38,230,131,279
1,39,230,136,279
1,40,230,140,279
1,41,230,120,279
1,42,230,21,279
1,43,230,121,279
1,44,230,16,279
1,45,230,32,279
1,46,230,10,279
1,47,230,126,279
1,48,230,19,279
1,49,230,31,279
1,50,230,27,279
1,51,230,163,279
1,52,230,133,279
1,53,230,28,279
1,54,230,9,279
1,55,230,13,279
1,56,230,20,279
1,57,230,30,279
1,58,230,143,279
1,59,230,15,279
1,60,230,26,279
1,61,230,24,279
1,62,230,162,279
1,63,230,5,279
1,64,230,3,279
1,65,230,130,279
1,66,230,18,279
1,67,230,12,279
1,68,230,160,279
1,69,230,108,279
1,70,230,6,279
1,71,230,14,279
1,72,230,29,279
1,73,230,132,279
1,74,230,4,279
1,75,230,2,279
1,76,230,7,279
1,77,230,11,279
1,78,230,97,279
1,79,230,102,279
1,80,230,113,279
1,81,230,95,279
1,82,230,94,279
1,83,230,117,279
1,84,230,114,279
1,85,230,106,279
1,86,230,25,279
1,87,230,115,279
1,88,230,93,279
1,89,230,92,279
1,90,230,107,279
1,91,230,101,279
1,92,230,91,279
1,93,230,100,279
1,94,230,116,279
1,95,230,89,279
1,96,230,103,279
1,97,230,112,279
1,98,230,17,279
1,99,230,96,279
1,100,230,118,279
1,101,230,90,279
1,102,230,111,279
1,103,230,110,279
1,104,230,99,279
1,105,230,98,279
1,106,230,104,279
1,107,230,109,279
1,108,230,8,279
1,109,230,105,279
1,110,230,84,279
1,111,230,66,279
1,112,230,23,279
13,113,230,69,279
13,114,230,85,279
13,115,230,77,279
13,116,230,87,279
13,117,230,70,279
13,118,230,72,279
13,119,230,83,279
13,120,230,79,279
13,121,230,82,279
13,122,230,81,279
13,123,230,78,279
13,124,230,76,279
13,125,230,86,279
13,126,230,64,279
13,127,230,71,279
13,128,230,80,279
13,129,230,88,279
13,130,230,48,279
13,131,230,75,279
13,132,230,67,279
13,133,230,73,279
13,134,230,44,279
13,135,230,63,279
13,136,230,74,279
13,137,230,65,279
13,138,230,62,279
13,139,230,68,279
1,140,230,51,279
1,141,230,36,279
1,142,230,54,279
1,143,230,41,279
1,144,230,33,279
1,145,230,61,279
1,146,230,55,279
1,147,230,43,279
1,148,230,46,279
1,149,230,40,279
1,150,230,37,279
1,151,230,60,279
1,152,230,50,279
1,153,230,47,279
1,154,230,53,279
1,155,230,39,279
1,156,230,58,279
1,157,230,35,279
1,158,230,59,279
1,159,230,45,279
1,160,230,42,279
1,161,230,49,279
1,162,230,56,279
1,163,230,38,279
1,164,230,34,279
1,165,230,57,279
1,166,230,52,279
1,1,231,146,250
1,2,231,141,250
1,3,231,155,250
1,4,231,147,250
1,5,231,139,250
1,6,231,134,250
1,7,231,166,250
1,8,231,152,250
1,9,231,138,250
1,10,231,144,250
1,11,231,124,250
1,12,231,122,250
1,13,231,149,250
1,14,231,128,250
1,15,231,129,250
1,16,231,119,250
1,17,231,123,250
1,18,231,161,250
1,19,231,154,250
1,20,231,145,250
1,21,231,125,250
1,22,231,150,250
1,23,231,156,250
1,24,231,142,250
1,25,231,165,250
1,26,231,159,250
1,27,231,158,250
1,28,231,153,250
1,29,231,135,250
1,30,231,137,250
1,31,231,164,250
1,32,231,148,250
1,33,231,151,250
1,34,231,157,250
1,35,231,22,250
1,36,231,127,250
1,37,231,1,250
1,38,231,131,250
1,39,231,136,250
1,40,231,140,250
1,41,231,120,250
1,42,231,21,250
1,43,231,121,250
1,44,231,16,250
1,45,231,32,250
1,46,231,10,250
1,47,231,126,250
1,48,231,19,250
1,49,231,31,250
1,50,231,27,250
1,51,231,163,250
1,52,231,133,250
1,53,231,28,250
1,54,231,9,250
1,55,231,13,250
1,56,231,20,250
1,57,231,30,250
1,58,231,143,250
1,59,231,15,250
1,60,231,26,250
1,61,231,24,250
1,62,231,162,250
1,63,231,5,250
1,64,231,3,250
1,65,231,130,250
1,66,231,18,250
1,67,231,12,250
1,68,231,160,250
1,69,231,108,250
1,70,231,6,250
1,71,231,14,250
1,72,231,29,250
1,73,231,132,250
1,74,231,4,250
1,75,231,2,250
1,76,231,7,250
1,77,231,11,250
1,78,231,97,250
1,79,231,102,250
1,80,231,113,250
1,81,231,95,250
1,82,231,94,250
1,83,231,117,250
1,84,231,114,250
1,85,231,106,250
1,86,231,25,250
1,87,231,115,250
1,88,231,93,250
1,89,231,92,250
1,90,231,107,250
1,91,231,101,250
1,92,231,91,250
1,93,231,100,250
1,94,231,116,250
1,95,231,89,250
1,96,231,103,250
1,97,231,112,250
1,98,231,17,250
1,99,231,96,250
1,100,231,118,250
1,101,231,90,250
1,102,231,111,250
1,103,231,110,250
1,104,231,99,250
1,105,231,98,250
1,106,231,104,250
1,107,231,109,250
1,108,231,8,250
1,109,231,105,250
1,110,231,84,250
1,111,231,66,250
1,112,231,23,250
13,113,231,69,250
13,114,231,85,250
13,115,231,77,250
13,116,231,87,250
13,117,231,70,250
13,118,231,72,250
13,119,231,83,250
13,120,231,79,250
13,121,231,82,250
13,122,231,81,250
13,123,231,78,250
13,124,231,76,250
13,125,231,86,250
13,126,231,64,250
13,127,231,71,250
13,128,231,80,250
13,129,231,88,250
13,130,231,48,250
13,131,231,75,250
13,132,231,67,250
13,133,231,73,250
13,134,231,44,250
13,135,231,63,250
13,136,231,74,250
13,137,231,65,250
13,138,231,62,250
13,139,231,68,250
1,140,231,51,250
1,141,231,36,250
1,142,231,54,250
1,143,231,41,250
1,144,231,33,250
1,145,231,61,250
1,146,231,55,250
1,147,231,43,250
1,148,231,46,250
1,149,231,40,250
1,150,231,37,250
1,151,231,60,250
1,152,231,50,250
1,153,231,47,250
1,154,231,53,250
1,155,231,39,250
1,156,231,58,250
1,157,231,35,250
1,158,231,59,250
1,159,231,45,250
1,160,231,42,250
1,161,231,49,250
1,162,231,56,250
1,163,231,38,250
1,164,231,34,250
1,165,231,57,250
1,166,231,52,250
1,1,232,146,282
1,2,232,141,282
1,3,232,155,282
1,4,232,147,282
1,5,232,139,282
1,6,232,134,282
1,7,232,166,282
1,8,232,152,282
1,9,232,138,282
1,10,232,144,282
1,11,232,124,282
1,12,232,122,282
1,13,232,149,282
1,14,232,128,282
1,15,232,129,282
1,16,232,119,282
1,17,232,123,282
1,18,232,161,282
1,19,232,154,282
1,20,232,145,282
1,21,232,125,282
1,22,232,150,282
1,23,232,156,282
1,24,232,142,282
1,25,232,165,282
1,26,232,159,282
1,27,232,158,282
1,28,232,153,282
1,29,232,135,282
1,30,232,137,282
1,31,232,164,282
1,32,232,148,282
1,33,232,151,282
1,34,232,157,282
1,35,232,22,282
1,36,232,127,282
1,37,232,1,282
1,38,232,131,282
1,39,232,136,282
1,40,232,140,282
1,41,232,120,282
1,42,232,21,282
1,43,232,121,282
1,44,232,16,282
1,45,232,32,282
1,46,232,10,282
1,47,232,126,282
1,48,232,19,282
1,49,232,31,282
1,50,232,27,282
1,51,232,163,282
1,52,232,133,282
1,53,232,28,282
1,54,232,9,282
1,55,232,13,282
1,56,232,20,282
1,57,232,30,282
1,58,232,143,282
1,59,232,15,282
1,60,232,26,282
1,61,232,24,282
1,62,232,162,282
1,63,232,5,282
1,64,232,3,282
1,65,232,130,282
1,66,232,18,282
1,67,232,12,282
1,68,232,160,282
1,69,232,108,282
1,70,232,6,282
1,71,232,14,282
1,72,232,29,282
1,73,232,132,282
1,74,232,4,282
1,75,232,2,282
1,76,232,7,282
1,77,232,11,282
1,78,232,97,282
1,79,232,102,282
1,80,232,113,282
1,81,232,95,282
1,82,232,94,282
1,83,232,117,282
1,84,232,114,282
1,85,232,106,282
1,86,232,25,282
1,87,232,115,282
1,88,232,93,282
1,89,232,92,282
1,90,232,107,282
1,91,232,101,282
1,92,232,91,282
1,93,232,100,282
1,94,232,116,282
1,95,232,89,282
1,96,232,103,282
1,97,232,112,282
1,98,232,17,282
1,99,232,96,282
1,100,232,118,282
1,101,232,90,282
1,102,232,111,282
1,103,232,110,282
1,104,232,99,282
1,105,232,98,282
1,106,232,104,282
1,107,232,109,282
1,108,232,8,282
1,109,232,105,282
1,110,232,84,282
1,111,232,66,282
1,112,232,23,282
13,113,232,69,282
13,114,232,85,282
13,115,232,77,282
13,116,232,87,282
13,117,232,70,282
13,118,232,72,282
13,119,232,83,282
13,120,232,79,282
13,121,232,82,282
13,122,232,81,282
13,123,232,78,282
13,124,232,76,282
13,125,232,86,282
13,126,232,64,282
13,127,232,71,282
13,128,232,80,282
13,129,232,88,282
13,130,232,48,282
13,131,232,75,282
13,132,232,67,282
13,133,232,73,282
13,134,232,44,282
13,135,232,63,282
13,136,232,74,282
13,137,232,65,282
13,138,232,62,282
13,139,232,68,282
1,140,232,51,282
1,141,232,36,282
1,142,232,54,282
1,143,232,41,282
1,144,232,33,282
1,145,232,61,282
1,146,232,55,282
1,147,232,43,282
1,148,232,46,282
1,149,232,40,282
1,150,232,37,282
1,151,232,60,282
1,152,232,50,282
1,153,232,47,282
1,154,232,53,282
1,155,232,39,282
1,156,232,58,282
1,157,232,35,282
1,158,232,59,282
1,159,232,45,282
1,160,232,42,282
1,161,232,49,282
1,162,232,56,282
1,163,232,38,282
1,164,232,34,282
1,165,232,57,282
1,166,232,52,282
1,1,233,146,259
1,2,233,141,259
1,3,233,155,259
1,4,233,147,259
1,5,233,139,259
1,6,233,134,259
1,7,233,166,259
1,8,233,152,259
1,9,233,138,259
1,10,233,144,259
1,11,233,124,259
1,12,233,122,259
1,13,233,149,259
1,14,233,128,259
1,15,233,129,259
1,16,233,119,259
1,17,233,123,259
1,18,233,161,259
1,19,233,154,259
1,20,233,145,259
1,21,233,125,259
1,22,233,150,259
1,23,233,156,259
1,24,233,142,259
1,25,233,165,259
1,26,233,159,259
1,27,233,158,259
1,28,233,153,259
1,29,233,135,259
1,30,233,137,259
1,31,233,164,259
1,32,233,148,259
1,33,233,151,259
1,34,233,157,259
1,35,233,22,259
1,36,233,127,259
1,37,233,1,259
1,38,233,131,259
1,39,233,136,259
1,40,233,140,259
1,41,233,120,259
1,42,233,21,259
1,43,233,121,259
1,44,233,16,259
1,45,233,32,259
1,46,233,10,259
1,47,233,126,259
1,48,233,19,259
1,49,233,31,259
1,50,233,27,259
1,51,233,163,259
1,52,233,133,259
1,53,233,28,259
1,54,233,9,259
1,55,233,13,259
1,56,233,20,259
1,57,233,30,259
1,58,233,143,259
1,59,233,15,259
1,60,233,26,259
1,61,233,24,259
1,62,233,162,259
1,63,233,5,259
1,64,233,3,259
1,65,233,130,259
1,66,233,18,259
1,67,233,12,259
1,68,233,160,259
1,69,233,108,259
1,70,233,6,259
1,71,233,14,259
1,72,233,29,259
1,73,233,132,259
1,74,233,4,259
1,75,233,2,259
1,76,233,7,259
1,77,233,11,259
1,78,233,97,259
1,79,233,102,259
1,80,233,113,259
1,81,233,95,259
1,82,233,94,259
1,83,233,117,259
1,84,233,114,259
1,85,233,106,259
1,86,233,25,259
1,87,233,115,259
1,88,233,93,259
1,89,233,92,259
1,90,233,107,259
1,91,233,101,259
1,92,233,91,259
1,93,233,100,259
1,94,233,116,259
1,95,233,89,259
1,96,233,103,259
1,97,233,112,259
1,98,233,17,259
1,99,233,96,259
1,100,233,118,259
1,101,233,90,259
1,102,233,111,259
1,103,233,110,259
1,104,233,99,259
1,105,233,98,259
1,106,233,104,259
1,107,233,109,259
1,108,233,8,259
1,109,233,105,259
1,110,233,84,259
1,111,233,66,259
1,112,233,23,259
13,113,233,69,259
13,114,233,85,259
13,115,233,77,259
13,116,233,87,259
13,117,233,70,259
13,118,233,72,259
13,119,233,83,259
13,120,233,79,259
13,121,233,82,259
13,122,233,81,259
13,123,233,78,259
13,124,233,76,259
13,125,233,86,259
13,126,233,64,259
13,127,233,71,259
13,128,233,80,259
13,129,233,88,259
13,130,233,48,259
13,131,233,75,259
13,132,233,67,259
13,133,233,73,259
13,134,233,44,259
13,135,233,63,259
13,136,233,74,259
13,137,233,65,259
13,138,233,62,259
13,139,233,68,259
1,140,233,51,259
1,141,233,36,259
1,142,233,54,259
1,143,233,41,259
1,144,233,33,259
1,145,233,61,259
1,146,233,55,259
1,147,233,43,259
1,148,233,46,259
1,149,233,40,259
1,150,233,37,259
1,151,233,60,259
1,152,233,50,259
1,153,233,47,259
1,154,233,53,259
1,155,233,39,259
1,156,233,58,259
1,157,233,35,259
1,158,233,59,259
1,159,233,45,259
1,160,233,42,259
1,161,233,49,259
1,162,233,56,259
1,163,233,38,259
1,164,233,34,259
1,165,233,57,259
1,166,233,52,259
1,1,234,146,224
1,2,234,141,224
1,3,234,155,224
1,4,234,147,224
1,5,234,139,224
1,6,234,134,224
1,7,234,166,224
1,8,234,152,224
1,9,234,138,224
1,10,234,144,224
1,11,234,124,224
1,12,234,122,224
1,13,234,149,224
1,14,234,128,224
1,15,234,129,224
1,16,234,119,224
1,17,234,123,224
1,18,234,161,224
1,19,234,154,224
1,20,234,145,224
1,21,234,125,224
1,22,234,150,224
1,23,234,156,224
1,24,234,142,224
1,25,234,165,224
1,26,234,159,224
1,27,234,158,224
1,28,234,153,224
1,29,234,135,224
1,30,234,137,224
1,31,234,164,224
1,32,234,148,224
1,33,234,151,224
1,34,234,157,224
1,35,234,22,224
1,36,234,127,224
1,37,234,1,224
1,38,234,131,224
1,39,234,136,224
1,40,234,140,224
1,41,234,120,224
1,42,234,21,224
1,43,234,121,224
1,44,234,16,224
1,45,234,32,224
1,46,234,10,224
1,47,234,126,224
1,48,234,19,224
1,49,234,31,224
1,50,234,27,224
1,51,234,163,224
1,52,234,133,224
1,53,234,28,224
1,54,234,9,224
1,55,234,13,224
1,56,234,20,224
1,57,234,30,224
1,58,234,143,224
1,59,234,15,224
1,60,234,26,224
1,61,234,24,224
1,62,234,162,224
1,63,234,5,224
1,64,234,3,224
1,65,234,130,224
1,66,234,18,224
1,67,234,12,224
1,68,234,160,224
1,69,234,108,224
1,70,234,6,224
1,71,234,14,224
1,72,234,29,224
1,73,234,132,224
1,74,234,4,224
1,75,234,2,224
1,76,234,7,224
1,77,234,11,224
1,78,234,97,224
1,79,234,102,224
1,80,234,113,224
1,81,234,95,224
1,82,234,94,224
1,83,234,117,224
1,84,234,114,224
1,85,234,106,224
1,86,234,25,224
1,87,234,115,224
1,88,234,93,224
1,89,234,92,224
1,90,234,107,224
1,91,234,101,224
1,92,234,91,224
1,93,234,100,224
1,94,234,116,224
1,95,234,89,224
1,96,234,103,224
1,97,234,112,224
1,98,234,17,224
1,99,234,96,224
1,100,234,118,224
1,101,234,90,224
1,102,234,111,224
1,103,234,110,224
1,104,234,99,224
1,105,234,98,224
1,106,234,104,224
1,107,234,109,224
1,108,234,8,224
1,109,234,105,224
1,110,234,84,224
1,111,234,66,224
1,112,234,23,224
13,113,234,69,224
13,114,234,85,224
13,115,234,77,224
13,116,234,87,224
13,117,234,70,224
13,118,234,72,224
13,119,234,83,224
13,120,234,79,224
13,121,234,82,224
13,122,234,81,224
13,123,234,78,224
13,124,234,76,224
13,125,234,86,224
13,126,234,64,224
13,127,234,71,224
13,128,234,80,224
13,129,234,88,224
13,130,234,48,224
13,131,234,75,224
13,132,234,67,224
13,133,234,73,224
13,134,234,44,224
13,135,234,63,224
13,136,234,74,224
13,137,234,65,224
13,138,234,62,224
13,139,234,68,224
1,140,234,51,224
1,141,234,36,224
1,142,234,54,224
1,143,234,41,224
1,144,234,33,224
1,145,234,61,224
1,146,234,55,224
1,147,234,43,224
1,148,234,46,224
1,149,234,40,224
1,150,234,37,224
1,151,234,60,224
1,152,234,50,224
1,153,234,47,224
1,154,234,53,224
1,155,234,39,224
1,156,234,58,224
1,157,234,35,224
1,158,234,59,224
1,159,234,45,224
1,160,234,42,224
1,161,234,49,224
1,162,234,56,224
1,163,234,38,224
1,164,234,34,224
1,165,234,57,224
1,166,234,52,224
1,1,235,146,115
1,2,235,141,115
1,3,235,155,115
1,4,235,147,115
1,5,235,139,115
1,6,235,134,115
1,7,235,166,115
1,8,235,152,115
1,9,235,138,115
1,10,235,144,115
1,11,235,124,115
1,12,235,122,115
1,13,235,149,115
1,14,235,128,115
1,15,235,129,115
1,16,235,119,115
1,17,235,123,115
1,18,235,161,115
1,19,235,154,115
1,20,235,145,115
1,21,235,125,115
1,22,235,150,115
1,23,235,156,115
1,24,235,142,115
1,25,235,165,115
1,26,235,159,115
1,27,235,158,115
1,28,235,153,115
1,29,235,135,115
1,30,235,137,115
1,31,235,164,115
1,32,235,148,115
1,33,235,151,115
1,34,235,157,115
1,35,235,22,115
1,36,235,127,115
1,37,235,1,115
1,38,235,131,115
1,39,235,136,115
1,40,235,140,115
1,41,235,120,115
1,42,235,21,115
1,43,235,121,115
1,44,235,16,115
1,45,235,32,115
1,46,235,10,115
1,47,235,126,115
1,48,235,19,115
1,49,235,31,115
1,50,235,27,115
1,51,235,163,115
1,52,235,133,115
1,53,235,28,115
1,54,235,9,115
1,55,235,13,115
1,56,235,20,115
1,57,235,30,115
1,58,235,143,115
1,59,235,15,115
1,60,235,26,115
1,61,235,24,115
1,62,235,162,115
1,63,235,5,115
1,64,235,3,115
1,65,235,130,115
1,66,235,18,115
1,67,235,12,115
1,68,235,160,115
1,69,235,108,115
1,70,235,6,115
1,71,235,14,115
1,72,235,29,115
1,73,235,132,115
1,74,235,4,115
1,75,235,2,115
1,76,235,7,115
1,77,235,11,115
1,78,235,97,115
1,79,235,102,115
1,80,235,113,115
1,81,235,95,115
1,82,235,94,115
1,83,235,117,115
1,84,235,114,115
1,85,235,106,115
1,86,235,25,115
1,87,235,115,115
1,88,235,93,115
1,89,235,92,115
1,90,235,107,115
1,91,235,101,115
1,92,235,91,115
1,93,235,100,115
1,94,235,116,115
1,95,235,89,115
1,96,235,103,115
1,97,235,112,115
1,98,235,17,115
1,99,235,96,115
1,100,235,118,115
1,101,235,90,115
1,102,235,111,115
1,103,235,110,115
1,104,235,99,115
1,105,235,98,115
1,106,235,104,115
1,107,235,109,115
1,108,235,8,115
1,109,235,105,115
1,110,235,84,115
1,111,235,66,115
1,112,235,23,115
13,113,235,69,115
13,114,235,85,115
13,115,235,77,115
13,116,235,87,115
13,117,235,70,115
13,118,235,72,115
13,119,235,83,115
13,120,235,79,115
13,121,235,82,115
13,122,235,81,115
13,123,235,78,115
13,124,235,76,115
13,125,235,86,115
13,126,235,64,115
13,127,235,71,115
13,128,235,80,115
13,129,235,88,115
13,130,235,48,115
13,131,235,75,115
13,132,235,67,115
13,133,235,73,115
13,134,235,44,115
13,135,235,63,115
13,136,235,74,115
13,137,235,65,115
13,138,235,62,115
13,139,235,68,115
1,140,235,51,115
1,141,235,36,115
1,142,235,54,115
1,143,235,41,115
1,144,235,33,115
1,145,235,61,115
1,146,235,55,115
1,147,235,43,115
1,148,235,46,115
1,149,235,40,115
1,150,235,37,115
1,151,235,60,115
1,152,235,50,115
1,153,235,47,115
1,154,235,53,115
1,155,235,39,115
1,156,235,58,115
1,157,235,35,115
1,158,235,59,115
1,159,235,45,115
1,160,235,42,115
1,161,235,49,115
1,162,235,56,115
1,163,235,38,115
1,164,235,34,115
1,165,235,57,115
1,166,235,52,115
1,1,236,146,258
1,2,236,141,258
1,3,236,155,258
1,4,236,147,258
1,5,236,139,258
1,6,236,134,258
1,7,236,166,258
1,8,236,152,258
1,9,236,138,258
1,10,236,144,258
1,11,236,124,258
1,12,236,122,258
1,13,236,149,258
1,14,236,128,258
1,15,236,129,258
1,16,236,119,258
1,17,236,123,258
1,18,236,161,258
1,19,236,154,258
1,20,236,145,258
1,21,236,125,258
1,22,236,150,258
1,23,236,156,258
1,24,236,142,258
1,25,236,165,258
1,26,236,159,258
1,27,236,158,258
1,28,236,153,258
1,29,236,135,258
1,30,236,137,258
1,31,236,164,258
1,32,236,148,258
1,33,236,151,258
1,34,236,157,258
1,35,236,22,258
1,36,236,127,258
1,37,236,1,258
1,38,236,131,258
1,39,236,136,258
1,40,236,140,258
1,41,236,120,258
1,42,236,21,258
1,43,236,121,258
1,44,236,16,258
1,45,236,32,258
1,46,236,10,258
1,47,236,126,258
1,48,236,19,258
1,49,236,31,258
1,50,236,27,258
1,51,236,163,258
1,52,236,133,258
1,53,236,28,258
1,54,236,9,258
1,55,236,13,258
1,56,236,20,258
1,57,236,30,258
1,58,236,143,258
1,59,236,15,258
1,60,236,26,258
1,61,236,24,258
1,62,236,162,258
1,63,236,5,258
1,64,236,3,258
1,65,236,130,258
1,66,236,18,258
1,67,236,12,258
1,68,236,160,258
1,69,236,108,258
1,70,236,6,258
1,71,236,14,258
1,72,236,29,258
1,73,236,132,258
1,74,236,4,258
1,75,236,2,258
1,76,236,7,258
1,77,236,11,258
1,78,236,97,258
1,79,236,102,258
1,80,236,113,258
1,81,236,95,258
1,82,236,94,258
1,83,236,117,258
1,84,236,114,258
1,85,236,106,258
1,86,236,25,258
1,87,236,115,258
1,88,236,93,258
1,89,236,92,258
1,90,236,107,258
1,91,236,101,258
1,92,236,91,258
1,93,236,100,258
1,94,236,116,258
1,95,236,89,258
1,96,236,103,258
1,97,236,112,258
1,98,236,17,258
1,99,236,96,258
1,100,236,118,258
1,101,236,90,258
1,102,236,111,258
1,103,236,110,258
1,104,236,99,258
1,105,236,98,258
1,106,236,104,258
1,107,236,109,258
1,108,236,8,258
1,109,236,105,258
1,110,236,84,258
1,111,236,66,258
1,112,236,23,258
13,113,236,69,258
13,114,236,85,258
13,115,236,77,258
13,116,236,87,258
13,117,236,70,258
13,118,236,72,258
13,119,236,83,258
13,120,236,79,258
13,121,236,82,258
13,122,236,81,258
13,123,236,78,258
13,124,236,76,258
13,125,236,86,258
13,126,236,64,258
13,127,236,71,258
13,128,236,80,258
13,129,236,88,258
13,130,236,48,258
13,131,236,75,258
13,132,236,67,258
13,133,236,73,258
13,134,236,44,258
13,135,236,63,258
13,136,236,74,258
13,137,236,65,258
13,138,236,62,258
13,139,236,68,258
1,140,236,51,258
1,141,236,36,258
1,142,236,54,258
1,143,236,41,258
1,144,236,33,258
1,145,236,61,258
1,146,236,55,258
1,147,236,43,258
1,148,236,46,258
1,149,236,40,258
1,150,236,37,258
1,151,236,60,258
1,152,236,50,258
1,153,236,47,258
1,154,236,53,258
1,155,236,39,258
1,156,236,58,258
1,157,236,35,258
1,158,236,59,258
1,159,236,45,258
1,160,236,42,258
1,161,236,49,258
1,162,236,56,258
1,163,236,38,258
1,164,236,34,258
1,165,236,57,258
1,166,236,52,258
1,1,237,146,38
1,2,237,141,38
1,3,237,155,38
1,4,237,147,38
1,5,237,139,38
1,6,237,134,38
1,7,237,166,38
1,8,237,152,38
1,9,237,138,38
1,10,237,144,38
1,11,237,124,38
1,12,237,122,38
1,13,237,149,38
1,14,237,128,38
1,15,237,129,38
1,16,237,119,38
1,17,237,123,38
1,18,237,161,38
1,19,237,154,38
1,20,237,145,38
1,21,237,125,38
1,22,237,150,38
1,23,237,156,38
1,24,237,142,38
1,25,237,165,38
1,26,237,159,38
1,27,237,158,38
1,28,237,153,38
1,29,237,135,38
1,30,237,137,38
1,31,237,164,38
1,32,237,148,38
1,33,237,151,38
1,34,237,157,38
1,35,237,22,38
1,36,237,127,38
1,37,237,1,38
1,38,237,131,38
1,39,237,136,38
1,40,237,140,38
1,41,237,120,38
1,42,237,21,38
1,43,237,121,38
1,44,237,16,38
1,45,237,32,38
1,46,237,10,38
1,47,237,126,38
1,48,237,19,38
1,49,237,31,38
1,50,237,27,38
1,51,237,163,38
1,52,237,133,38
1,53,237,28,38
1,54,237,9,38
1,55,237,13,38
1,56,237,20,38
1,57,237,30,38
1,58,237,143,38
1,59,237,15,38
1,60,237,26,38
1,61,237,24,38
1,62,237,162,38
1,63,237,5,38
1,64,237,3,38
1,65,237,130,38
1,66,237,18,38
1,67,237,12,38
1,68,237,160,38
1,69,237,108,38
1,70,237,6,38
1,71,237,14,38
1,72,237,29,38
1,73,237,132,38
1,74,237,4,38
1,75,237,2,38
1,76,237,7,38
1,77,237,11,38
1,78,237,97,38
1,79,237,102,38
1,80,237,113,38
1,81,237,95,38
1,82,237,94,38
1,83,237,117,38
1,84,237,114,38
1,85,237,106,38
1,86,237,25,38
1,87,237,115,38
1,88,237,93,38
1,89,237,92,38
1,90,237,107,38
1,91,237,101,38
1,92,237,91,38
1,93,237,100,38
1,94,237,116,38
1,95,237,89,38
1,96,237,103,38
1,97,237,112,38
1,98,237,17,38
1,99,237,96,38
1,100,237,118,38
1,101,237,90,38
1,102,237,111,38
1,103,237,110,38
1,104,237,99,38
1,105,237,98,38
1,106,237,104,38
1,107,237,109,38
1,108,237,8,38
1,109,237,105,38
1,110,237,84,38
1,111,237,66,38
1,112,237,23,38
13,113,237,69,38
13,114,237,85,38
13,115,237,77,38
13,116,237,87,38
13,117,237,70,38
13,118,237,72,38
13,119,237,83,38
13,120,237,79,38
13,121,237,82,38
13,122,237,81,38
13,123,237,78,38
13,124,237,76,38
13,125,237,86,38
13,126,237,64,38
13,127,237,71,38
13,128,237,80,38
13,129,237,88,38
13,130,237,48,38
13,131,237,75,38
13,132,237,67,38
13,133,237,73,38
13,134,237,44,38
13,135,237,63,38
13,136,237,74,38
13,137,237,65,38
13,138,237,62,38
13,139,237,68,38
1,140,237,51,38
1,141,237,36,38
1,142,237,54,38
1,143,237,41,38
1,144,237,33,38
1,145,237,61,38
1,146,237,55,38
1,147,237,43,38
1,148,237,46,38
1,149,237,40,38
1,150,237,37,38
1,151,237,60,38
1,152,237,50,38
1,153,237,47,38
1,154,237,53,38
1,155,237,39,38
1,156,237,58,38
1,157,237,35,38
1,158,237,59,38
1,159,237,45,38
1,160,237,42,38
1,161,237,49,38
1,162,237,56,38
1,163,237,38,38
1,164,237,34,38
1,165,237,57,38
1,166,237,52,38
1,1,238,146,125
1,2,238,141,125
1,3,238,155,125
1,4,238,147,125
1,5,238,139,125
1,6,238,134,125
1,7,238,166,125
1,8,238,152,125
1,9,238,138,125
1,10,238,144,125
1,11,238,124,125
1,12,238,122,125
1,13,238,149,125
1,14,238,128,125
1,15,238,129,125
1,16,238,119,125
1,17,238,123,125
1,18,238,161,125
1,19,238,154,125
1,20,238,145,125
1,21,238,125,125
1,22,238,150,125
1,23,238,156,125
1,24,238,142,125
1,25,238,165,125
1,26,238,159,125
1,27,238,158,125
1,28,238,153,125
1,29,238,135,125
1,30,238,137,125
1,31,238,164,125
1,32,238,148,125
1,33,238,151,125
1,34,238,157,125
1,35,238,22,125
1,36,238,127,125
1,37,238,1,125
1,38,238,131,125
1,39,238,136,125
1,40,238,140,125
1,41,238,120,125
1,42,238,21,125
1,43,238,121,125
1,44,238,16,125
1,45,238,32,125
1,46,238,10,125
1,47,238,126,125
1,48,238,19,125
1,49,238,31,125
1,50,238,27,125
1,51,238,163,125
1,52,238,133,125
1,53,238,28,125
1,54,238,9,125
1,55,238,13,125
1,56,238,20,125
1,57,238,30,125
1,58,238,143,125
1,59,238,15,125
1,60,238,26,125
1,61,238,24,125
1,62,238,162,125
1,63,238,5,125
1,64,238,3,125
1,65,238,130,125
1,66,238,18,125
1,67,238,12,125
1,68,238,160,125
1,69,238,108,125
1,70,238,6,125
1,71,238,14,125
1,72,238,29,125
1,73,238,132,125
1,74,238,4,125
1,75,238,2,125
1,76,238,7,125
1,77,238,11,125
1,78,238,97,125
1,79,238,102,125
1,80,238,113,125
1,81,238,95,125
1,82,238,94,125
1,83,238,117,125
1,84,238,114,125
1,85,238,106,125
1,86,238,25,125
1,87,238,115,125
1,88,238,93,125
1,89,238,92,125
1,90,238,107,125
1,91,238,101,125
1,92,238,91,125
1,93,238,100,125
1,94,238,116,125
1,95,238,89,125
1,96,238,103,125
1,97,238,112,125
1,98,238,17,125
1,99,238,96,125
1,100,238,118,125
1,101,238,90,125
1,102,238,111,125
1,103,238,110,125
1,104,238,99,125
1,105,238,98,125
1,106,238,104,125
1,107,238,109,125
1,108,238,8,125
1,109,238,105,125
1,110,238,84,125
1,111,238,66,125
1,112,238,23,125
13,113,238,69,125
13,114,238,85,125
13,115,238,77,125
13,116,238,87,125
13,117,238,70,125
13,118,238,72,125
13,119,238,83,125
13,120,238,79,125
13,121,238,82,125
13,122,238,81,125
13,123,238,78,125
13,124,238,76,125
13,125,238,86,125
13,126,238,64,125
13,127,238,71,125
13,128,238,80,125
13,129,238,88,125
13,130,238,48,125
13,131,238,75,125
13,132,238,67,125
13,133,238,73,125
13,134,238,44,125
13,135,238,63,125
13,136,238,74,125
13,137,238,65,125
13,138,238,62,125
13,139,238,68,125
1,140,238,51,125
1,141,238,36,125
1,142,238,54,125
1,143,238,41,125
1,144,238,33,125
1,145,238,61,125
1,146,238,55,125
1,147,238,43,125
1,148,238,46,125
1,149,238,40,125
1,150,238,37,125
1,151,238,60,125
1,152,238,50,125
1,153,238,47,125
1,154,238,53,125
1,155,238,39,125
1,156,238,58,125
1,157,238,35,125
1,158,238,59,125
1,159,238,45,125
1,160,238,42,125
1,161,238,49,125
1,162,238,56,125
1,163,238,38,125
1,164,238,34,125
1,165,238,57,125
1,166,238,52,125
1,1,239,146,87
1,2,239,141,87
1,3,239,155,87
1,4,239,147,87
1,5,239,139,87
1,6,239,134,87
1,7,239,166,87
1,8,239,152,87
1,9,239,138,87
1,10,239,144,87
1,11,239,124,87
1,12,239,122,87
1,13,239,149,87
1,14,239,128,87
1,15,239,129,87
1,16,239,119,87
1,17,239,123,87
1,18,239,161,87
1,19,239,154,87
1,20,239,145,87
1,21,239,125,87
1,22,239,150,87
1,23,239,156,87
1,24,239,142,87
1,25,239,165,87
1,26,239,159,87
1,27,239,158,87
1,28,239,153,87
1,29,239,135,87
1,30,239,137,87
1,31,239,164,87
1,32,239,148,87
1,33,239,151,87
1,34,239,157,87
1,35,239,22,87
1,36,239,127,87
1,37,239,1,87
1,38,239,131,87
1,39,239,136,87
1,40,239,140,87
1,41,239,120,87
1,42,239,21,87
1,43,239,121,87
1,44,239,16,87
1,45,239,32,87
1,46,239,10,87
1,47,239,126,87
1,48,239,19,87
1,49,239,31,87
1,50,239,27,87
1,51,239,163,87
1,52,239,133,87
1,53,239,28,87
1,54,239,9,87
1,55,239,13,87
1,56,239,20,87
1,57,239,30,87
1,58,239,143,87
1,59,239,15,87
1,60,239,26,87
1,61,239,24,87
1,62,239,162,87
1,63,239,5,87
1,64,239,3,87
1,65,239,130,87
1,66,239,18,87
1,67,239,12,87
1,68,239,160,87
1,69,239,108,87
1,70,239,6,87
1,71,239,14,87
1,72,239,29,87
1,73,239,132,87
1,74,239,4,87
1,75,239,2,87
1,76,239,7,87
1,77,239,11,87
1,78,239,97,87
1,79,239,102,87
1,80,239,113,87
1,81,239,95,87
1,82,239,94,87
1,83,239,117,87
1,84,239,114,87
1,85,239,106,87
1,86,239,25,87
1,87,239,115,87
1,88,239,93,87
1,89,239,92,87
1,90,239,107,87
1,91,239,101,87
1,92,239,91,87
1,93,239,100,87
1,94,239,116,87
1,95,239,89,87
1,96,239,103,87
1,97,239,112,87
1,98,239,17,87
1,99,239,96,87
1,100,239,118,87
1,101,239,90,87
1,102,239,111,87
1,103,239,110,87
1,104,239,99,87
1,105,239,98,87
1,106,239,104,87
1,107,239,109,87
1,108,239,8,87
1,109,239,105,87
1,110,239,84,87
1,111,239,66,87
1,112,239,23,87
13,113,239,69,87
13,114,239,85,87
13,115,239,77,87
13,116,239,87,87
13,117,239,70,87
13,118,239,72,87
13,119,239,83,87
13,120,239,79,87
13,121,239,82,87
13,122,239,81,87
13,123,239,78,87
13,124,239,76,87
13,125,239,86,87
13,126,239,64,87
13,127,239,71,87
13,128,239,80,87
13,129,239,88,87
13,130,239,48,87
13,131,239,75,87
13,132,239,67,87
13,133,239,73,87
13,134,239,44,87
13,135,239,63,87
13,136,239,74,87
13,137,239,65,87
13,138,239,62,87
13,139,239,68,87
1,140,239,51,87
1,141,239,36,87
1,142,239,54,87
1,143,239,41,87
1,144,239,33,87
1,145,239,61,87
1,146,239,55,87
1,147,239,43,87
1,148,239,46,87
1,149,239,40,87
1,150,239,37,87
1,151,239,60,87
1,152,239,50,87
1,153,239,47,87
1,154,239,53,87
1,155,239,39,87
1,156,239,58,87
1,157,239,35,87
1,158,239,59,87
1,159,239,45,87
1,160,239,42,87
1,161,239,49,87
1,162,239,56,87
1,163,239,38,87
1,164,239,34,87
1,165,239,57,87
1,166,239,52,87
1,1,240,146,265
1,2,240,141,265
1,3,240,155,265
1,4,240,147,265
1,5,240,139,265
1,6,240,134,265
1,7,240,166,265
1,8,240,152,265
1,9,240,138,265
1,10,240,144,265
1,11,240,124,265
38,12,240,122,265
1,13,240,149,265
1,14,240,128,265
1,15,240,129,265
1,16,240,119,265
1,17,240,123,265
1,18,240,161,265
1,19,240,154,265
1,20,240,145,265
1,21,240,125,265
1,22,240,150,265
1,23,240,156,265
1,24,240,142,265
1,25,240,165,265
1,26,240,159,265
1,27,240,158,265
1,28,240,153,265
1,29,240,135,265
1,30,240,137,265
1,31,240,164,265
1,32,240,148,265
1,33,240,151,265
1,34,240,157,265
1,35,240,22,265
1,36,240,127,265
1,37,240,1,265
1,38,240,131,265
1,39,240,136,265
1,40,240,140,265
1,41,240,120,265
1,42,240,21,265
1,43,240,121,265
1,44,240,16,265
1,45,240,32,265
1,46,240,10,265
1,47,240,126,265
1,48,240,19,265
1,49,240,31,265
1,50,240,27,265
1,51,240,163,265
1,52,240,133,265
1,53,240,28,265
1,54,240,9,265
1,55,240,13,265
1,56,240,20,265
1,57,240,30,265
1,58,240,143,265
1,59,240,15,265
1,60,240,26,265
1,61,240,24,265
1,62,240,162,265
1,63,240,5,265
1,64,240,3,265
1,65,240,130,265
1,66,240,18,265
1,67,240,12,265
1,68,240,160,265
1,69,240,108,265
1,70,240,6,265
1,71,240,14,265
1,72,240,29,265
1,73,240,132,265
1,74,240,4,265
1,75,240,2,265
1,76,240,7,265
1,77,240,11,265
1,78,240,97,265
1,79,240,102,265
1,80,240,113,265
1,81,240,95,265
1,82,240,94,265
1,83,240,117,265
1,84,240,114,265
1,85,240,106,265
1,86,240,25,265
1,87,240,115,265
1,88,240,93,265
1,89,240,92,265
1,90,240,107,265
1,91,240,101,265
1,92,240,91,265
1,93,240,100,265
1,94,240,116,265
1,95,240,89,265
1,96,240,103,265
1,97,240,112,265
1,98,240,17,265
1,99,240,96,265
1,100,240,118,265
1,101,240,90,265
1,102,240,111,265
1,103,240,110,265
1,104,240,99,265
1,105,240,98,265
1,106,240,104,265
1,107,240,109,265
1,108,240,8,265
1,109,240,105,265
1,110,240,84,265
1,111,240,66,265
1,112,240,23,265
1,113,240,69,265
1,114,240,85,265
1,115,240,77,265
1,116,240,87,265
1,117,240,70,265
1,118,240,72,265
1,119,240,83,265
1,120,240,79,265
1,121,240,82,265
1,122,240,81,265
1,123,240,78,265
1,124,240,76,265
1,125,240,86,265
1,126,240,64,265
1,127,240,71,265
1,128,240,80,265
1,129,240,88,265
1,130,240,48,265
1,131,240,75,265
1,132,240,67,265
1,133,240,73,265
1,134,240,44,265
1,135,240,63,265
1,136,240,74,265
1,137,240,65,265
1,138,240,62,265
1,139,240,68,265
1,140,240,51,265
1,141,240,36,265
1,142,240,54,265
1,143,240,41,265
1,144,240,33,265
1,145,240,61,265
1,146,240,55,265
1,147,240,43,265
1,148,240,46,265
1,149,240,40,265
1,150,240,37,265
1,151,240,60,265
1,152,240,50,265
1,153,240,47,265
1,154,240,53,265
1,155,240,39,265
1,156,240,58,265
1,157,240,35,265
1,158,240,59,265
1,159,240,45,265
1,160,240,42,265
1,161,240,49,265
1,162,240,56,265
1,163,240,38,265
1,164,240,34,265
1,165,240,57,265
1,166,240,52,265
1,1,241,146,27
1,2,241,141,27
1,3,241,155,27
1,4,241,147,27
1,5,241,139,27
1,6,241,134,27
1,7,241,166,27
1,8,241,152,27
1,9,241,138,27
1,10,241,144,27
1,11,241,124,27
1,12,241,122,27
1,13,241,149,27
1,14,241,128,27
1,15,241,129,27
1,16,241,119,27
1,17,241,123,27
1,18,241,161,27
1,19,241,154,27
1,20,241,145,27
1,21,241,125,27
1,22,241,150,27
1,23,241,156,27
1,24,241,142,27
1,25,241,165,27
1,26,241,159,27
1,27,241,158,27
1,28,241,153,27
1,29,241,135,27
1,30,241,137,27
1,31,241,164,27
1,32,241,148,27
1,33,241,151,27
1,34,241,157,27
1,35,241,22,27
1,36,241,127,27
1,37,241,1,27
1,38,241,131,27
1,39,241,136,27
1,40,241,140,27
1,41,241,120,27
1,42,241,21,27
1,43,241,121,27
1,44,241,16,27
1,45,241,32,27
1,46,241,10,27
1,47,241,126,27
1,48,241,19,27
1,49,241,31,27
1,50,241,27,27
1,51,241,163,27
1,52,241,133,27
1,53,241,28,27
1,54,241,9,27
1,55,241,13,27
1,56,241,20,27
1,57,241,30,27
1,58,241,143,27
1,59,241,15,27
1,60,241,26,27
1,61,241,24,27
1,62,241,162,27
1,63,241,5,27
1,64,241,3,27
1,65,241,130,27
1,66,241,18,27
1,67,241,12,27
1,68,241,160,27
1,69,241,108,27
1,70,241,6,27
1,71,241,14,27
1,72,241,29,27
1,73,241,132,27
1,74,241,4,27
1,75,241,2,27
1,76,241,7,27
1,77,241,11,27
1,78,241,97,27
1,79,241,102,27
1,80,241,113,27
1,81,241,95,27
1,82,241,94,27
1,83,241,117,27
1,84,241,114,27
1,85,241,106,27
1,86,241,25,27
1,87,241,115,27
1,88,241,93,27
1,89,241,92,27
1,90,241,107,27
1,91,241,101,27
1,92,241,91,27
1,93,241,100,27
1,94,241,116,27
1,95,241,89,27
1,96,241,103,27
1,97,241,112,27
1,98,241,17,27
1,99,241,96,27
1,100,241,118,27
1,101,241,90,27
1,102,241,111,27
1,103,241,110,27
1,104,241,99,27
1,105,241,98,27
1,106,241,104,27
1,107,241,109,27
1,108,241,8,27
1,109,241,105,27
1,110,241,84,27
1,111,241,66,27
1,112,241,23,27
1,113,241,69,27
1,114,241,85,27
1,115,241,77,27
1,116,241,87,27
1,117,241,70,27
1,118,241,72,27
1,119,241,83,27
1,120,241,79,27
1,121,241,82,27
1,122,241,81,27
1,123,241,78,27
1,124,241,76,27
1,125,241,86,27
1,126,241,64,27
1,127,241,71,27
1,128,241,80,27
1,129,241,88,27
1,130,241,48,27
1,131,241,75,27
1,132,241,67,27
1,133,241,73,27
1,134,241,44,27
1,135,241,63,27
1,136,241,74,27
1,137,241,65,27
1,138,241,62,27
1,139,241,68,27
1,140,241,51,27
1,141,241,36,27
1,142,241,54,27
1,143,241,41,27
1,144,241,33,27
1,145,241,61,27
1,146,241,55,27
1,147,241,43,27
1,148,241,46,27
1,149,241,40,27
1,150,241,37,27
1,151,241,60,27
1,152,241,50,27
1,153,241,47,27
1,154,241,53,27
1,155,241,39,27
1,156,241,58,27
1,157,241,35,27
1,158,241,59,27
1,159,241,45,27
1,160,241,42,27
1,161,241,49,27
1,162,241,56,27
1,163,241,38,27
1,164,241,34,27
1,165,241,57,27
1,166,241,52,27
1,1,242,146,135
1,2,242,141,135
1,3,242,155,135
1,4,242,147,135
1,5,242,139,135
1,6,242,134,135
1,7,242,166,135
1,8,242,152,135
1,9,242,138,135
1,10,242,144,135
1,11,242,124,135
1,12,242,122,135
1,13,242,149,135
1,14,242,128,135
1,15,242,129,135
1,16,242,119,135
1,17,242,123,135
1,18,242,161,135
1,19,242,154,135
1,20,242,145,135
1,21,242,125,135
1,22,242,150,135
1,23,242,156,135
1,24,242,142,135
1,25,242,165,135
1,26,242,159,135
1,27,242,158,135
1,28,242,153,135
1,29,242,135,135
1,30,242,137,135
1,31,242,164,135
1,32,242,148,135
1,33,242,151,135
1,34,242,157,135
1,35,242,22,135
1,36,242,127,135
1,37,242,1,135
1,38,242,131,135
1,39,242,136,135
1,40,242,140,135
1,41,242,120,135
1,42,242,21,135
1,43,242,121,135
1,44,242,16,135
1,45,242,32,135
1,46,242,10,135
1,47,242,126,135
1,48,242,19,135
1,49,242,31,135
1,50,242,27,135
1,51,242,163,135
1,52,242,133,135
1,53,242,28,135
1,54,242,9,135
1,55,242,13,135
1,56,242,20,135
1,57,242,30,135
1,58,242,143,135
1,59,242,15,135
1,60,242,26,135
1,61,242,24,135
1,62,242,162,135
1,63,242,5,135
1,64,242,3,135
1,65,242,130,135
1,66,242,18,135
1,67,242,12,135
1,68,242,160,135
1,69,242,108,135
1,70,242,6,135
1,71,242,14,135
1,72,242,29,135
1,73,242,132,135
1,74,242,4,135
1,75,242,2,135
1,76,242,7,135
1,77,242,11,135
1,78,242,97,135
1,79,242,102,135
1,80,242,113,135
1,81,242,95,135
1,82,242,94,135
1,83,242,117,135
1,84,242,114,135
1,85,242,106,135
1,86,242,25,135
1,87,242,115,135
1,88,242,93,135
1,89,242,92,135
1,90,242,107,135
1,91,242,101,135
1,92,242,91,135
1,93,242,100,135
1,94,242,116,135
1,95,242,89,135
1,96,242,103,135
1,97,242,112,135
1,98,242,17,135
1,99,242,96,135
1,100,242,118,135
1,101,242,90,135
1,102,242,111,135
1,103,242,110,135
1,104,242,99,135
1,105,242,98,135
1,106,242,104,135
1,107,242,109,135
1,108,242,8,135
1,109,242,105,135
1,110,242,84,135
1,111,242,66,135
1,112,242,23,135
1,113,242,69,135
1,114,242,85,135
1,115,242,77,135
1,116,242,87,135
1,117,242,70,135
1,118,242,72,135
1,119,242,83,135
1,120,242,79,135
1,121,242,82,135
1,122,242,81,135
1,123,242,78,135
1,124,242,76,135
1,125,242,86,135
1,126,242,64,135
1,127,242,71,135
1,128,242,80,135
1,129,242,88,135
1,130,242,48,135
1,131,242,75,135
1,132,242,67,135
1,133,242,73,135
1,134,242,44,135
1,135,242,63,135
1,136,242,74,135
1,137,242,65,135
1,138,242,62,135
1,139,242,68,135
1,140,242,51,135
1,141,242,36,135
1,142,242,54,135
1,143,242,41,135
1,144,242,33,135
1,145,242,61,135
1,146,242,55,135
1,147,242,43,135
1,148,242,46,135
1,149,242,40,135
1,150,242,37,135
1,151,242,60,135
1,152,242,50,135
1,153,242,47,135
1,154,242,53,135
1,155,242,39,135
1,156,242,58,135
1,157,242,35,135
1,158,242,59,135
1,159,242,45,135
1,160,242,42,135
1,161,242,49,135
1,162,242,56,135
1,163,242,38,135
1,164,242,34,135
1,165,242,57,135
1,166,242,52,135
1,1,243,146,172
1,2,243,141,172
1,3,243,155,172
1,4,243,147,172
1,5,243,139,172
1,6,243,134,172
1,7,243,166,172
1,8,243,152,172
1,9,243,138,172
1,10,243,144,172
1,11,243,124,172
1,12,243,122,172
1,13,243,149,172
1,14,243,128,172
1,15,243,129,172
1,16,243,119,172
1,17,243,123,172
1,18,243,161,172
1,19,243,154,172
1,20,243,145,172
1,21,243,125,172
1,22,243,150,172
1,23,243,156,172
1,24,243,142,172
1,25,243,165,172
1,26,243,159,172
1,27,243,158,172
1,28,243,153,172
1,29,243,135,172
1,30,243,137,172
1,31,243,164,172
1,32,243,148,172
1,33,243,151,172
1,34,243,157,172
1,35,243,22,172
1,36,243,127,172
1,37,243,1,172
1,38,243,131,172
1,39,243,136,172
1,40,243,140,172
1,41,243,120,172
1,42,243,21,172
1,43,243,121,172
1,44,243,16,172
1,45,243,32,172
1,46,243,10,172
1,47,243,126,172
1,48,243,19,172
1,49,243,31,172
1,50,243,27,172
1,51,243,163,172
1,52,243,133,172
1,53,243,28,172
1,54,243,9,172
1,55,243,13,172
1,56,243,20,172
1,57,243,30,172
1,58,243,143,172
1,59,243,15,172
1,60,243,26,172
1,61,243,24,172
1,62,243,162,172
1,63,243,5,172
1,64,243,3,172
1,65,243,130,172
1,66,243,18,172
1,67,243,12,172
1,68,243,160,172
1,69,243,108,172
1,70,243,6,172
1,71,243,14,172
1,72,243,29,172
1,73,243,132,172
1,74,243,4,172
1,75,243,2,172
1,76,243,7,172
1,77,243,11,172
1,78,243,97,172
1,79,243,102,172
1,80,243,113,172
1,81,243,95,172
1,82,243,94,172
1,83,243,117,172
1,84,243,114,172
1,85,243,106,172
1,86,243,25,172
1,87,243,115,172
1,88,243,93,172
1,89,243,92,172
1,90,243,107,172
1,91,243,101,172
1,92,243,91,172
1,93,243,100,172
1,94,243,116,172
1,95,243,89,172
1,96,243,103,172
1,97,243,112,172
1,98,243,17,172
1,99,243,96,172
1,100,243,118,172
1,101,243,90,172
1,102,243,111,172
1,103,243,110,172
1,104,243,99,172
1,105,243,98,172
1,106,243,104,172
1,107,243,109,172
1,108,243,8,172
1,109,243,105,172
1,110,243,84,172
1,111,243,66,172
1,112,243,23,172
1,113,243,69,172
1,114,243,85,172
1,115,243,77,172
1,116,243,87,172
1,117,243,70,172
1,118,243,72,172
1,119,243,83,172
1,120,243,79,172
1,121,243,82,172
1,122,243,81,172
1,123,243,78,172
1,124,243,76,172
1,125,243,86,172
1,126,243,64,172
1,127,243,71,172
1,128,243,80,172
1,129,243,88,172
1,130,243,48,172
1,131,243,75,172
1,132,243,67,172
1,133,243,73,172
1,134,243,44,172
1,135,243,63,172
1,136,243,74,172
1,137,243,65,172
1,138,243,62,172
1,139,243,68,172
1,140,243,51,172
1,141,243,36,172
1,142,243,54,172
1,143,243,41,172
1,144,243,33,172
1,145,243,61,172
1,146,243,55,172
1,147,243,43,172
1,148,243,46,172
1,149,243,40,172
1,150,243,37,172
1,151,243,60,172
1,152,243,50,172
1,153,243,47,172
1,154,243,53,172
1,155,243,39,172
1,156,243,58,172
1,157,243,35,172
1,158,243,59,172
1,159,243,45,172
1,160,243,42,172
1,161,243,49,172
1,162,243,56,172
1,163,243,38,172
1,164,243,34,172
1,165,243,57,172
1,166,243,52,172
1,1,244,146,202
1,2,244,141,202
1,3,244,155,202
1,4,244,147,202
1,5,244,139,202
1,6,244,134,202
1,7,244,166,202
1,8,244,152,202
1,9,244,138,202
1,10,244,144,202
1,11,244,124,202
1,12,244,122,202
1,13,244,149,202
1,14,244,128,202
1,15,244,129,202
1,16,244,119,202
1,17,244,123,202
1,18,244,161,202
1,19,244,154,202
1,20,244,145,202
1,21,244,125,202
1,22,244,150,202
1,23,244,156,202
1,24,244,142,202
1,25,244,165,202
1,26,244,159,202
1,27,244,158,202
1,28,244,153,202
1,29,244,135,202
1,30,244,137,202
1,31,244,164,202
1,32,244,148,202
1,33,244,151,202
1,34,244,157,202
1,35,244,22,202
1,36,244,127,202
1,37,244,1,202
1,38,244,131,202
1,39,244,136,202
1,40,244,140,202
1,41,244,120,202
1,42,244,21,202
1,43,244,121,202
1,44,244,16,202
1,45,244,32,202
1,46,244,10,202
1,47,244,126,202
1,48,244,19,202
1,49,244,31,202
1,50,244,27,202
1,51,244,163,202
1,52,244,133,202
1,53,244,28,202
1,54,244,9,202
1,55,244,13,202
1,56,244,20,202
1,57,244,30,202
1,58,244,143,202
1,59,244,15,202
1,60,244,26,202
1,61,244,24,202
1,62,244,162,202
1,63,244,5,202
1,64,244,3,202
1,65,244,130,202
1,66,244,18,202
1,67,244,12,202
1,68,244,160,202
1,69,244,108,202
1,70,244,6,202
1,71,244,14,202
1,72,244,29,202
1,73,244,132,202
1,74,244,4,202
1,75,244,2,202
1,76,244,7,202
1,77,244,11,202
1,78,244,97,202
1,79,244,102,202
1,80,244,113,202
1,81,244,95,202
1,82,244,94,202
1,83,244,117,202
1,84,244,114,202
1,85,244,106,202
1,86,244,25,202
1,87,244,115,202
1,88,244,93,202
1,89,244,92,202
1,90,244,107,202
1,91,244,101,202
1,92,244,91,202
1,93,244,100,202
1,94,244,116,202
1,95,244,89,202
1,96,244,103,202
1,97,244,112,202
1,98,244,17,202
1,99,244,96,202
1,100,244,118,202
1,101,244,90,202
1,102,244,111,202
1,103,244,110,202
1,104,244,99,202
1,105,244,98,202
1,106,244,104,202
1,107,244,109,202
1,108,244,8,202
1,109,244,105,202
1,110,244,84,202
1,111,244,66,202
1,112,244,23,202
1,113,244,69,202
1,114,244,85,202
1,115,244,77,202
1,116,244,87,202
1,117,244,70,202
1,118,244,72,202
1,119,244,83,202
1,120,244,79,202
1,121,244,82,202
1,122,244,81,202
1,123,244,78,202
1,124,244,76,202
1,125,244,86,202
1,126,244,64,202
1,127,244,71,202
1,128,244,80,202
1,129,244,88,202
1,130,244,48,202
1,131,244,75,202
1,132,244,67,202
1,133,244,73,202
1,134,244,44,202
1,135,244,63,202
1,136,244,74,202
1,137,244,65,202
1,138,244,62,202
1,139,244,68,202
1,140,244,51,202
1,141,244,36,202
1,142,244,54,202
1,143,244,41,202
1,144,244,33,202
1,145,244,61,202
1,146,244,55,202
1,147,244,43,202
1,148,244,46,202
1,149,244,40,202
1,150,244,37,202
1,151,244,60,202
1,152,244,50,202
1,153,244,47,202
1,154,244,53,202
1,155,244,39,202
1,156,244,58,202
1,157,244,35,202
1,158,244,59,202
1,159,244,45,202
1,160,244,42,202
1,161,244,49,202
1,162,244,56,202
1,163,244,38,202
1,164,244,34,202
1,165,244,57,202
1,166,244,52,202
1,1,245,146,179
1,2,245,141,179
1,3,245,155,179
1,4,245,147,179
1,5,245,139,179
1,6,245,134,179
1,7,245,166,179
1,8,245,152,179
1,9,245,138,179
1,10,245,144,179
1,11,245,124,179
1,12,245,122,179
1,13,245,149,179
1,14,245,128,179
1,15,245,129,179
1,16,245,119,179
1,17,245,123,179
1,18,245,161,179
1,19,245,154,179
1,20,245,145,179
1,21,245,125,179
1,22,245,150,179
1,23,245,156,179
1,24,245,142,179
1,25,245,165,179
1,26,245,159,179
1,27,245,158,179
1,28,245,153,179
1,29,245,135,179
1,30,245,137,179
1,31,245,164,179
1,32,245,148,179
1,33,245,151,179
1,34,245,157,179
1,35,245,22,179
1,36,245,127,179
1,37,245,1,179
1,38,245,131,179
1,39,245,136,179
1,40,245,140,179
1,41,245,120,179
1,42,245,21,179
1,43,245,121,179
1,44,245,16,179
1,45,245,32,179
1,46,245,10,179
1,47,245,126,179
1,48,245,19,179
1,49,245,31,179
1,50,245,27,179
1,51,245,163,179
1,52,245,133,179
1,53,245,28,179
1,54,245,9,179
1,55,245,13,179
1,56,245,20,179
1,57,245,30,179
1,58,245,143,179
1,59,245,15,179
1,60,245,26,179
1,61,245,24,179
1,62,245,162,179
1,63,245,5,179
1,64,245,3,179
1,65,245,130,179
1,66,245,18,179
1,67,245,12,179
1,68,245,160,179
1,69,245,108,179
1,70,245,6,179
1,71,245,14,179
1,72,245,29,179
1,73,245,132,179
1,74,245,4,179
1,75,245,2,179
1,76,245,7,179
1,77,245,11,179
1,78,245,97,179
1,79,245,102,179
1,80,245,113,179
1,81,245,95,179
1,82,245,94,179
1,83,245,117,179
1,84,245,114,179
1,85,245,106,179
1,86,245,25,179
1,87,245,115,179
1,88,245,93,179
1,89,245,92,179
1,90,245,107,179
1,91,245,101,179
1,92,245,91,179
1,93,245,100,179
1,94,245,116,179
1,95,245,89,179
1,96,245,103,179
1,97,245,112,179
1,98,245,17,179
1,99,245,96,179
1,100,245,118,179
1,101,245,90,179
1,102,245,111,179
1,103,245,110,179
1,104,245,99,179
1,105,245,98,179
1,106,245,104,179
1,107,245,109,179
1,108,245,8,179
1,109,245,105,179
1,110,245,84,179
1,111,245,66,179
1,112,245,23,179
1,113,245,69,179
1,114,245,85,179
1,115,245,77,179
1,116,245,87,179
1,117,245,70,179
1,118,245,72,179
1,119,245,83,179
1,120,245,79,179
1,121,245,82,179
1,122,245,81,179
1,123,245,78,179
1,124,245,76,179
1,125,245,86,179
1,126,245,64,179
1,127,245,71,179
1,128,245,80,179
1,129,245,88,179
1,130,245,48,179
1,131,245,75,179
1,132,245,67,179
1,133,245,73,179
1,134,245,44,179
1,135,245,63,179
1,136,245,74,179
1,137,245,65,179
1,138,245,62,179
1,139,245,68,179
1,140,245,51,179
1,141,245,36,179
1,142,245,54,179
1,143,245,41,179
1,144,245,33,179
1,145,245,61,179
1,146,245,55,179
1,147,245,43,179
1,148,245,46,179
1,149,245,40,179
1,150,245,37,179
1,151,245,60,179
1,152,245,50,179
1,153,245,47,179
1,154,245,53,179
1,155,245,39,179
1,156,245,58,179
1,157,245,35,179
1,158,245,59,179
1,159,245,45,179
1,160,245,42,179
1,161,245,49,179
1,162,245,56,179
1,163,245,38,179
1,164,245,34,179
1,165,245,57,179
1,166,245,52,179
1,1,246,146,45
1,2,246,141,45
1,3,246,155,45
1,4,246,147,45
1,5,246,139,45
1,6,246,134,45
1,7,246,166,45
1,8,246,152,45
1,9,246,138,45
1,10,246,144,45
1,11,246,124,45
1,12,246,122,45
1,13,246,149,45
1,14,246,128,45
1,15,246,129,45
1,16,246,119,45
1,17,246,123,45
1,18,246,161,45
1,19,246,154,45
1,20,246,145,45
1,21,246,125,45
1,22,246,150,45
1,23,246,156,45
1,24,246,142,45
1,25,246,165,45
1,26,246,159,45
1,27,246,158,45
1,28,246,153,45
1,29,246,135,45
1,30,246,137,45
1,31,246,164,45
1,32,246,148,45
1,33,246,151,45
1,34,246,157,45
1,35,246,22,45
1,36,246,127,45
1,37,246,1,45
1,38,246,131,45
1,39,246,136,45
1,40,246,140,45
1,41,246,120,45
1,42,246,21,45
1,43,246,121,45
1,44,246,16,45
1,45,246,32,45
1,46,246,10,45
1,47,246,126,45
1,48,246,19,45
1,49,246,31,45
1,50,246,27,45
1,51,246,163,45
1,52,246,133,45
1,53,246,28,45
1,54,246,9,45
1,55,246,13,45
1,56,246,20,45
1,57,246,30,45
1,58,246,143,45
1,59,246,15,45
1,60,246,26,45
1,61,246,24,45
1,62,246,162,45
1,63,246,5,45
1,64,246,3,45
1,65,246,130,45
1,66,246,18,45
1,67,246,12,45
1,68,246,160,45
1,69,246,108,45
1,70,246,6,45
1,71,246,14,45
1,72,246,29,45
1,73,246,132,45
1,74,246,4,45
1,75,246,2,45
1,76,246,7,45
1,77,246,11,45
1,78,246,97,45
1,79,246,102,45
1,80,246,113,45
1,81,246,95,45
1,82,246,94,45
1,83,246,117,45
1,84,246,114,45
1,85,246,106,45
1,86,246,25,45
1,87,246,115,45
1,88,246,93,45
1,89,246,92,45
1,90,246,107,45
1,91,246,101,45
1,92,246,91,45
1,93,246,100,45
1,94,246,116,45
1,95,246,89,45
1,96,246,103,45
1,97,246,112,45
1,98,246,17,45
1,99,246,96,45
1,100,246,118,45
1,101,246,90,45
1,102,246,111,45
1,103,246,110,45
1,104,246,99,45
1,105,246,98,45
1,106,246,104,45
1,107,246,109,45
1,108,246,8,45
1,109,246,105,45
1,110,246,84,45
1,111,246,66,45
1,112,246,23,45
1,113,246,69,45
1,114,246,85,45
1,115,246,77,45
1,116,246,87,45
1,117,246,70,45
1,118,246,72,45
1,119,246,83,45
1,120,246,79,45
1,121,246,82,45
1,122,246,81,45
1,123,246,78,45
1,124,246,76,45
1,125,246,86,45
1,126,246,64,45
1,127,246,71,45
1,128,246,80,45
1,129,246,88,45
1,130,246,48,45
1,131,246,75,45
1,132,246,67,45
1,133,246,73,45
1,134,246,44,45
1,135,246,63,45
1,136,246,74,45
1,137,246,65,45
1,138,246,62,45
1,139,246,68,45
1,140,246,51,45
1,141,246,36,45
1,142,246,54,45
1,143,246,41,45
1,144,246,33,45
1,145,246,61,45
1,146,246,55,45
1,147,246,43,45
1,148,246,46,45
1,149,246,40,45
1,150,246,37,45
1,151,246,60,45
1,152,246,50,45
1,153,246,47,45
1,154,246,53,45
1,155,246,39,45
1,156,246,58,45
1,157,246,35,45
1,158,246,59,45
1,159,246,45,45
1,160,246,42,45
1,161,246,49,45
1,162,246,56,45
1,163,246,38,45
1,164,246,34,45
1,165,246,57,45
1,166,246,52,45
1,1,247,146,199
1,2,247,141,199
1,3,247,155,199
1,4,247,147,199
1,5,247,139,199
1,6,247,134,199
1,7,247,166,199
1,8,247,152,199
1,9,247,138,199
1,10,247,144,199
1,11,247,124,199
1,12,247,122,199
1,13,247,149,199
1,14,247,128,199
1,15,247,129,199
1,16,247,119,199
1,17,247,123,199
1,18,247,161,199
1,19,247,154,199
1,20,247,145,199
1,21,247,125,199
1,22,247,150,199
1,23,247,156,199
1,24,247,142,199
1,25,247,165,199
1,26,247,159,199
1,27,247,158,199
1,28,247,153,199
1,29,247,135,199
1,30,247,137,199
1,31,247,164,199
1,32,247,148,199
1,33,247,151,199
1,34,247,157,199
1,35,247,22,199
1,36,247,127,199
1,37,247,1,199
1,38,247,131,199
1,39,247,136,199
1,40,247,140,199
1,41,247,120,199
1,42,247,21,199
1,43,247,121,199
1,44,247,16,199
1,45,247,32,199
1,46,247,10,199
1,47,247,126,199
1,48,247,19,199
1,49,247,31,199
1,50,247,27,199
1,51,247,163,199
1,52,247,133,199
1,53,247,28,199
1,54,247,9,199
1,55,247,13,199
1,56,247,20,199
1,57,247,30,199
1,58,247,143,199
1,59,247,15,199
1,60,247,26,199
1,61,247,24,199
1,62,247,162,199
1,63,247,5,199
1,64,247,3,199
1,65,247,130,199
1,66,247,18,199
1,67,247,12,199
1,68,247,160,199
1,69,247,108,199
1,70,247,6,199
1,71,247,14,199
1,72,247,29,199
1,73,247,132,199
1,74,247,4,199
1,75,247,2,199
1,76,247,7,199
1,77,247,11,199
1,78,247,97,199
1,79,247,102,199
1,80,247,113,199
1,81,247,95,199
1,82,247,94,199
1,83,247,117,199
1,84,247,114,199
1,85,247,106,199
1,86,247,25,199
1,87,247,115,199
1,88,247,93,199
1,89,247,92,199
1,90,247,107,199
1,91,247,101,199
1,92,247,91,199
1,93,247,100,199
1,94,247,116,199
1,95,247,89,199
1,96,247,103,199
1,97,247,112,199
1,98,247,17,199
1,99,247,96,199
1,100,247,118,199
1,101,247,90,199
1,102,247,111,199
1,103,247,110,199
1,104,247,99,199
1,105,247,98,199
1,106,247,104,199
1,107,247,109,199
1,108,247,8,199
1,109,247,105,199
1,110,247,84,199
1,111,247,66,199
1,112,247,23,199
1,113,247,69,199
1,114,247,85,199
1,115,247,77,199
1,116,247,87,199
1,117,247,70,199
1,118,247,72,199
1,119,247,83,199
1,120,247,79,199
1,121,247,82,199
1,122,247,81,199
1,123,247,78,199
1,124,247,76,199
1,125,247,86,199
1,126,247,64,199
1,127,247,71,199
1,128,247,80,199
1,129,247,88,199
1,130,247,48,199
1,131,247,75,199
1,132,247,67,199
1,133,247,73,199
1,134,247,44,199
1,135,247,63,199
1,136,247,74,199
1,137,247,65,199
1,138,247,62,199
1,139,247,68,199
1,140,247,51,199
1,141,247,36,199
1,142,247,54,199
1,143,247,41,199
1,144,247,33,199
1,145,247,61,199
1,146,247,55,199
1,147,247,43,199
1,148,247,46,199
1,149,247,40,199
1,150,247,37,199
1,151,247,60,199
1,152,247,50,199
1,153,247,47,199
1,154,247,53,199
1,155,247,39,199
1,156,247,58,199
1,157,247,35,199
1,158,247,59,199
1,159,247,45,199
1,160,247,42,199
1,161,247,49,199
1,162,247,56,199
1,163,247,38,199
1,164,247,34,199
1,165,247,57,199
1,166,247,52,199
1,1,248,146,57
1,2,248,141,57
1,3,248,155,57
1,4,248,147,57
1,5,248,139,57
1,6,248,134,57
1,7,248,166,57
1,8,248,152,57
1,9,248,138,57
1,10,248,144,57
1,11,248,124,57
1,12,248,122,57
1,13,248,149,57
1,14,248,128,57
1,15,248,129,57
1,16,248,119,57
1,17,248,123,57
1,18,248,161,57
1,19,248,154,57
1,20,248,145,57
1,21,248,125,57
1,22,248,150,57
1,23,248,156,57
1,24,248,142,57
1,25,248,165,57
1,26,248,159,57
1,27,248,158,57
1,28,248,153,57
1,29,248,135,57
1,30,248,137,57
1,31,248,164,57
1,32,248,148,57
1,33,248,151,57
1,34,248,157,57
1,35,248,22,57
1,36,248,127,57
1,37,248,1,57
1,38,248,131,57
1,39,248,136,57
1,40,248,140,57
1,41,248,120,57
1,42,248,21,57
1,43,248,121,57
1,44,248,16,57
1,45,248,32,57
1,46,248,10,57
1,47,248,126,57
1,48,248,19,57
1,49,248,31,57
1,50,248,27,57
1,51,248,163,57
1,52,248,133,57
1,53,248,28,57
1,54,248,9,57
1,55,248,13,57
1,56,248,20,57
1,57,248,30,57
1,58,248,143,57
1,59,248,15,57
1,60,248,26,57
1,61,248,24,57
1,62,248,162,57
1,63,248,5,57
1,64,248,3,57
1,65,248,130,57
1,66,248,18,57
1,67,248,12,57
1,68,248,160,57
1,69,248,108,57
1,70,248,6,57
1,71,248,14,57
1,72,248,29,57
1,73,248,132,57
1,74,248,4,57
1,75,248,2,57
1,76,248,7,57
1,77,248,11,57
1,78,248,97,57
1,79,248,102,57
1,80,248,113,57
1,81,248,95,57
1,82,248,94,57
1,83,248,117,57
1,84,248,114,57
1,85,248,106,57
1,86,248,25,57
1,87,248,115,57
1,88,248,93,57
1,89,248,92,57
1,90,248,107,57
1,91,248,101,57
1,92,248,91,57
1,93,248,100,57
1,94,248,116,57
1,95,248,89,57
1,96,248,103,57
1,97,248,112,57
1,98,248,17,57
1,99,248,96,57
1,100,248,118,57
1,101,248,90,57
1,102,248,111,57
1,103,248,110,57
1,104,248,99,57
1,105,248,98,57
1,106,248,104,57
1,107,248,109,57
1,108,248,8,57
1,109,248,105,57
1,110,248,84,57
1,111,248,66,57
1,112,248,23,57
1,113,248,69,57
1,114,248,85,57
1,115,248,77,57
1,116,248,87,57
1,117,248,70,57
1,118,248,72,57
1,119,248,83,57
1,120,248,79,57
1,121,248,82,57
1,122,248,81,57
1,123,248,78,57
1,124,248,76,57
1,125,248,86,57
1,126,248,64,57
1,127,248,71,57
1,128,248,80,57
1,129,248,88,57
1,130,248,48,57
1,131,248,75,57
1,132,248,67,57
1,133,248,73,57
1,134,248,44,57
1,135,248,63,57
1,136,248,74,57
1,137,248,65,57
1,138,248,62,57
1,139,248,68,57
1,140,248,51,57
1,141,248,36,57
1,142,248,54,57
1,143,248,41,57
1,144,248,33,57
1,145,248,61,57
1,146,248,55,57
1,147,248,43,57
1,148,248,46,57
1,149,248,40,57
1,150,248,37,57
1,151,248,60,57
1,152,248,50,57
1,153,248,47,57
1,154,248,53,57
1,155,248,39,57
1,156,248,58,57
1,157,248,35,57
1,158,248,59,57
1,159,248,45,57
1,160,248,42,57
1,161,248,49,57
1,162,248,56,57
1,163,248,38,57
1,164,248,34,57
1,165,248,57,57
1,166,248,52,57
1,1,249,146,106
1,2,249,141,106
1,3,249,155,106
1,4,249,147,106
1,5,249,139,106
1,6,249,134,106
1,7,249,166,106
1,8,249,152,106
1,9,249,138,106
1,10,249,144,106
1,11,249,124,106
1,12,249,122,106
1,13,249,149,106
1,14,249,128,106
1,15,249,129,106
1,16,249,119,106
1,17,249,123,106
1,18,249,161,106
1,19,249,154,106
1,20,249,145,106
1,21,249,125,106
1,22,249,150,106
1,23,249,156,106
1,24,249,142,106
1,25,249,165,106
1,26,249,159,106
1,27,249,158,106
1,28,249,153,106
1,29,249,135,106
1,30,249,137,106
1,31,249,164,106
1,32,249,148,106
1,33,249,151,106
1,34,249,157,106
1,35,249,22,106
1,36,249,127,106
1,37,249,1,106
1,38,249,131,106
1,39,249,136,106
1,40,249,140,106
1,41,249,120,106
1,42,249,21,106
1,43,249,121,106
1,44,249,16,106
1,45,249,32,106
1,46,249,10,106
1,47,249,126,106
1,48,249,19,106
1,49,249,31,106
1,50,249,27,106
1,51,249,163,106
1,52,249,133,106
1,53,249,28,106
1,54,249,9,106
1,55,249,13,106
1,56,249,20,106
1,57,249,30,106
1,58,249,143,106
1,59,249,15,106
1,60,249,26,106
1,61,249,24,106
1,62,249,162,106
1,63,249,5,106
1,64,249,3,106
1,65,249,130,106
1,66,249,18,106
1,67,249,12,106
1,68,249,160,106
1,69,249,108,106
1,70,249,6,106
1,71,249,14,106
1,72,249,29,106
1,73,249,132,106
1,74,249,4,106
1,75,249,2,106
1,76,249,7,106
1,77,249,11,106
1,78,249,97,106
1,79,249,102,106
1,80,249,113,106
1,81,249,95,106
1,82,249,94,106
1,83,249,117,106
1,84,249,114,106
1,85,249,106,106
1,86,249,25,106
1,87,249,115,106
1,88,249,93,106
1,89,249,92,106
1,90,249,107,106
1,91,249,101,106
1,92,249,91,106
1,93,249,100,106
1,94,249,116,106
1,95,249,89,106
1,96,249,103,106
1,97,249,112,106
1,98,249,17,106
1,99,249,96,106
1,100,249,118,106
1,101,249,90,106
1,102,249,111,106
1,103,249,110,106
1,104,249,99,106
1,105,249,98,106
1,106,249,104,106
1,107,249,109,106
1,108,249,8,106
1,109,249,105,106
1,110,249,84,106
1,111,249,66,106
1,112,249,23,106
1,113,249,69,106
1,114,249,85,106
1,115,249,77,106
1,116,249,87,106
1,117,249,70,106
1,118,249,72,106
1,119,249,83,106
1,120,249,79,106
1,121,249,82,106
1,122,249,81,106
1,123,249,78,106
1,124,249,76,106
1,125,249,86,106
1,126,249,64,106
1,127,249,71,106
1,128,249,80,106
1,129,249,88,106
1,130,249,48,106
1,131,249,75,106
1,132,249,67,106
1,133,249,73,106
1,134,249,44,106
1,135,249,63,106
1,136,249,74,106
1,137,249,65,106
1,138,249,62,106
1,139,249,68,106
1,140,249,51,106
1,141,249,36,106
1,142,249,54,106
1,143,249,41,106
1,144,249,33,106
1,145,249,61,106
1,146,249,55,106
1,147,249,43,106
1,148,249,46,106
1,149,249,40,106
1,150,249,37,106
1,151,249,60,106
1,152,249,50,106
1,153,249,47,106
1,154,249,53,106
1,155,249,39,106
1,156,249,58,106
1,157,249,35,106
1,158,249,59,106
1,159,249,45,106
1,160,249,42,106
1,161,249,49,106
1,162,249,56,106
1,163,249,38,106
1,164,249,34,106
1,165,249,57,106
1,166,249,52,106
1,1,250,146,77
1,2,250,141,77
1,3,250,155,77
1,4,250,147,77
1,5,250,139,77
1,6,250,134,77
1,7,250,166,77
1,8,250,152,77
1,9,250,138,77
1,10,250,144,77
1,11,250,124,77
1,12,250,122,77
1,13,250,149,77
1,14,250,128,77
1,15,250,129,77
1,16,250,119,77
1,17,250,123,77
1,18,250,161,77
1,19,250,154,77
1,20,250,145,77
1,21,250,125,77
1,22,250,150,77
1,23,250,156,77
1,24,250,142,77
1,25,250,165,77
1,26,250,159,77
1,27,250,158,77
1,28,250,153,77
1,29,250,135,77
1,30,250,137,77
1,31,250,164,77
1,32,250,148,77
1,33,250,151,77
1,34,250,157,77
1,35,250,22,77
1,36,250,127,77
1,37,250,1,77
1,38,250,131,77
1,39,250,136,77
1,40,250,140,77
1,41,250,120,77
1,42,250,21,77
1,43,250,121,77
1,44,250,16,77
1,45,250,32,77
1,46,250,10,77
1,47,250,126,77
1,48,250,19,77
1,49,250,31,77
1,50,250,27,77
1,51,250,163,77
1,52,250,133,77
1,53,250,28,77
1,54,250,9,77
1,55,250,13,77
1,56,250,20,77
1,57,250,30,77
1,58,250,143,77
1,59,250,15,77
1,60,250,26,77
1,61,250,24,77
1,62,250,162,77
1,63,250,5,77
1,64,250,3,77
1,65,250,130,77
1,66,250,18,77
1,67,250,12,77
1,68,250,160,77
1,69,250,108,77
1,70,250,6,77
1,71,250,14,77
1,72,250,29,77
1,73,250,132,77
1,74,250,4,77
1,75,250,2,77
1,76,250,7,77
1,77,250,11,77
1,78,250,97,77
1,79,250,102,77
1,80,250,113,77
1,81,250,95,77
1,82,250,94,77
1,83,250,117,77
1,84,250,114,77
1,85,250,106,77
1,86,250,25,77
1,87,250,115,77
1,88,250,93,77
1,89,250,92,77
1,90,250,107,77
1,91,250,101,77
1,92,250,91,77
1,93,250,100,77
1,94,250,116,77
1,95,250,89,77
1,96,250,103,77
1,97,250,112,77
1,98,250,17,77
1,99,250,96,77
1,100,250,118,77
1,101,250,90,77
1,102,250,111,77
1,103,250,110,77
1,104,250,99,77
1,105,250,98,77
1,106,250,104,77
1,107,250,109,77
1,108,250,8,77
1,109,250,105,77
1,110,250,84,77
1,111,250,66,77
1,112,250,23,77
1,113,250,69,77
1,114,250,85,77
1,115,250,77,77
1,116,250,87,77
1,117,250,70,77
1,118,250,72,77
1,119,250,83,77
1,120,250,79,77
1,121,250,82,77
1,122,250,81,77
1,123,250,78,77
1,124,250,76,77
1,125,250,86,77
1,126,250,64,77
1,127,250,71,77
1,128,250,80,77
1,129,250,88,77
1,130,250,48,77
1,131,250,75,77
1,132,250,67,77
1,133,250,73,77
1,134,250,44,77
1,135,250,63,77
1,136,250,74,77
1,137,250,65,77
1,138,250,62,77
1,139,250,68,77
1,140,250,51,77
1,141,250,36,77
1,142,250,54,77
1,143,250,41,77
1,144,250,33,77
1,145,250,61,77
1,146,250,55,77
1,147,250,43,77
1,148,250,46,77
1,149,250,40,77
1,150,250,37,77
1,151,250,60,77
1,152,250,50,77
1,153,250,47,77
1,154,250,53,77
1,155,250,39,77
1,156,250,58,77
1,157,250,35,77
1,158,250,59,77
1,159,250,45,77
1,160,250,42,77
1,161,250,49,77
1,162,250,56,77
1,163,250,38,77
1,164,250,34,77
1,165,250,57,77
1,166,250,52,77
1,1,251,146,205
1,2,251,141,205
1,3,251,155,205
1,4,251,147,205
1,5,251,139,205
1,6,251,134,205
1,7,251,166,205
1,8,251,152,205
1,9,251,138,205
1,10,251,144,205
1,11,251,124,205
1,12,251,122,205
1,13,251,149,205
1,14,251,128,205
1,15,251,129,205
1,16,251,119,205
1,17,251,123,205
1,18,251,161,205
1,19,251,154,205
1,20,251,145,205
1,21,251,125,205
1,22,251,150,205
1,23,251,156,205
1,24,251,142,205
1,25,251,165,205
1,26,251,159,205
1,27,251,158,205
1,28,251,153,205
1,29,251,135,205
1,30,251,137,205
1,31,251,164,205
1,32,251,148,205
1,33,251,151,205
1,34,251,157,205
1,35,251,22,205
1,36,251,127,205
1,37,251,1,205
1,38,251,131,205
1,39,251,136,205
1,40,251,140,205
1,41,251,120,205
1,42,251,21,205
1,43,251,121,205
1,44,251,16,205
1,45,251,32,205
1,46,251,10,205
1,47,251,126,205
1,48,251,19,205
1,49,251,31,205
1,50,251,27,205
1,51,251,163,205
1,52,251,133,205
1,53,251,28,205
1,54,251,9,205
1,55,251,13,205
1,56,251,20,205
1,57,251,30,205
1,58,251,143,205
1,59,251,15,205
1,60,251,26,205
1,61,251,24,205
1,62,251,162,205
1,63,251,5,205
1,64,251,3,205
1,65,251,130,205
1,66,251,18,205
1,67,251,12,205
1,68,251,160,205
1,69,251,108,205
1,70,251,6,205
1,71,251,14,205
1,72,251,29,205
1,73,251,132,205
1,74,251,4,205
1,75,251,2,205
1,76,251,7,205
1,77,251,11,205
1,78,251,97,205
1,79,251,102,205
1,80,251,113,205
1,81,251,95,205
1,82,251,94,205
1,83,251,117,205
1,84,251,114,205
1,85,251,106,205
1,86,251,25,205
1,87,251,115,205
1,88,251,93,205
1,89,251,92,205
1,90,251,107,205
1,91,251,101,205
1,92,251,91,205
1,93,251,100,205
1,94,251,116,205
1,95,251,89,205
1,96,251,103,205
1,97,251,112,205
1,98,251,17,205
1,99,251,96,205
1,100,251,118,205
1,101,251,90,205
1,102,251,111,205
1,103,251,110,205
1,104,251,99,205
1,105,251,98,205
1,106,251,104,205
1,107,251,109,205
1,108,251,8,205
1,109,251,105,205
1,110,251,84,205
1,111,251,66,205
1,112,251,23,205
1,113,251,69,205
1,114,251,85,205
1,115,251,77,205
1,116,251,87,205
1,117,251,70,205
1,118,251,72,205
1,119,251,83,205
1,120,251,79,205
1,121,251,82,205
1,122,251,81,205
1,123,251,78,205
1,124,251,76,205
1,125,251,86,205
1,126,251,64,205
1,127,251,71,205
1,128,251,80,205
1,129,251,88,205
1,130,251,48,205
1,131,251,75,205
1,132,251,67,205
1,133,251,73,205
1,134,251,44,205
1,135,251,63,205
1,136,251,74,205
1,137,251,65,205
1,138,251,62,205
1,139,251,68,205
1,140,251,51,205
1,141,251,36,205
1,142,251,54,205
1,143,251,41,205
1,144,251,33,205
1,145,251,61,205
1,146,251,55,205
1,147,251,43,205
1,148,251,46,205
1,149,251,40,205
1,150,251,37,205
1,151,251,60,205
1,152,251,50,205
1,153,251,47,205
1,154,251,53,205
1,155,251,39,205
1,156,251,58,205
1,157,251,35,205
1,158,251,59,205
1,159,251,45,205
1,160,251,42,205
1,161,251,49,205
1,162,251,56,205
1,163,251,38,205
1,164,251,34,205
1,165,251,57,205
1,166,251,52,205
1,1,252,146,48
1,2,252,141,48
1,3,252,155,48
1,4,252,147,48
1,5,252,139,48
1,6,252,134,48
1,7,252,166,48
1,8,252,152,48
1,9,252,138,48
1,10,252,144,48
1,11,252,124,48
1,12,252,122,48
1,13,252,149,48
1,14,252,128,48
1,15,252,129,48
1,16,252,119,48
1,17,252,123,48
1,18,252,161,48
1,19,252,154,48
1,20,252,145,48
1,21,252,125,48
1,22,252,150,48
1,23,252,156,48
1,24,252,142,48
1,25,252,165,48
1,26,252,159,48
1,27,252,158,48
1,28,252,153,48
1,29,252,135,48
1,30,252,137,48
1,31,252,164,48
1,32,252,148,48
1,33,252,151,48
1,34,252,157,48
1,35,252,22,48
1,36,252,127,48
1,37,252,1,48
1,38,252,131,48
1,39,252,136,48
1,40,252,140,48
1,41,252,120,48
1,42,252,21,48
1,43,252,121,48
1,44,252,16,48
1,45,252,32,48
1,46,252,10,48
1,47,252,126,48
1,48,252,19,48
1,49,252,31,48
1,50,252,27,48
1,51,252,163,48
1,52,252,133,48
1,53,252,28,48
1,54,252,9,48
1,55,252,13,48
1,56,252,20,48
1,57,252,30,48
1,58,252,143,48
1,59,252,15,48
1,60,252,26,48
1,61,252,24,48
1,62,252,162,48
1,63,252,5,48
1,64,252,3,48
1,65,252,130,48
1,66,252,18,48
1,67,252,12,48
1,68,252,160,48
1,69,252,108,48
1,70,252,6,48
1,71,252,14,48
1,72,252,29,48
1,73,252,132,48
1,74,252,4,48
1,75,252,2,48
1,76,252,7,48
1,77,252,11,48
1,78,252,97,48
1,79,252,102,48
1,80,252,113,48
1,81,252,95,48
1,82,252,94,48
1,83,252,117,48
1,84,252,114,48
1,85,252,106,48
1,86,252,25,48
1,87,252,115,48
1,88,252,93,48
1,89,252,92,48
1,90,252,107,48
1,91,252,101,48
1,92,252,91,48
1,93,252,100,48
1,94,252,116,48
1,95,252,89,48
1,96,252,103,48
1,97,252,112,48
1,98,252,17,48
1,99,252,96,48
1,100,252,118,48
1,101,252,90,48
1,102,252,111,48
1,103,252,110,48
1,104,252,99,48
1,105,252,98,48
1,106,252,104,48
1,107,252,109,48
1,108,252,8,48
1,109,252,105,48
1,110,252,84,48
1,111,252,66,48
1,112,252,23,48
1,113,252,69,48
1,114,252,85,48
1,115,252,77,48
1,116,252,87,48
1,117,252,70,48
1,118,252,72,48
1,119,252,83,48
1,120,252,79,48
1,121,252,82,48
1,122,252,81,48
1,123,252,78,48
1,124,252,76,48
1,125,252,86,48
1,126,252,64,48
1,127,252,71,48
1,128,252,80,48
1,129,252,88,48
1,130,252,48,48
1,131,252,75,48
1,132,252,67,48
1,133,252,73,48
1,134,252,44,48
1,135,252,63,48
1,136,252,74,48
1,137,252,65,48
1,138,252,62,48
1,139,252,68,48
1,140,252,51,48
1,141,252,36,48
1,142,252,54,48
1,143,252,41,48
1,144,252,33,48
1,145,252,61,48
1,146,252,55,48
1,147,252,43,48
1,148,252,46,48
1,149,252,40,48
1,150,252,37,48
1,151,252,60,48
1,152,252,50,48
1,153,252,47,48
1,154,252,53,48
1,155,252,39,48
1,156,252,58,48
1,157,252,35,48
1,158,252,59,48
1,159,252,45,48
1,160,252,42,48
1,161,252,49,48
1,162,252,56,48
1,163,252,38,48
1,164,252,34,48
1,165,252,57,48
1,166,252,52,48
1,1,253,146,156
1,2,253,141,156
1,3,253,155,156
1,4,253,147,156
1,5,253,139,156
1,6,253,134,156
1,7,253,166,156
1,8,253,152,156
1,9,253,138,156
1,10,253,144,156
1,11,253,124,156
1,12,253,122,156
1,13,253,149,156
1,14,253,128,156
1,15,253,129,156
1,16,253,119,156
1,17,253,123,156
1,18,253,161,156
1,19,253,154,156
1,20,253,145,156
1,21,253,125,156
1,22,253,150,156
1,23,253,156,156
1,24,253,142,156
1,25,253,165,156
1,26,253,159,156
1,27,253,158,156
1,28,253,153,156
1,29,253,135,156
1,30,253,137,156
1,31,253,164,156
1,32,253,148,156
1,33,253,151,156
1,34,253,157,156
1,35,253,22,156
1,36,253,127,156
1,37,253,1,156
1,38,253,131,156
1,39,253,136,156
1,40,253,140,156
1,41,253,120,156
1,42,253,21,156
1,43,253,121,156
1,44,253,16,156
1,45,253,32,156
1,46,253,10,156
1,47,253,126,156
1,48,253,19,156
1,49,253,31,156
1,50,253,27,156
1,51,253,163,156
1,52,253,133,156
1,53,253,28,156
1,54,253,9,156
1,55,253,13,156
1,56,253,20,156
1,57,253,30,156
1,58,253,143,156
1,59,253,15,156
1,60,253,26,156
1,61,253,24,156
1,62,253,162,156
1,63,253,5,156
1,64,253,3,156
1,65,253,130,156
1,66,253,18,156
1,67,253,12,156
1,68,253,160,156
1,69,253,108,156
1,70,253,6,156
1,71,253,14,156
1,72,253,29,156
1,73,253,132,156
1,74,253,4,156
1,75,253,2,156
1,76,253,7,156
1,77,253,11,156
1,78,253,97,156
1,79,253,102,156
1,80,253,113,156
1,81,253,95,156
1,82,253,94,156
1,83,253,117,156
1,84,253,114,156
1,85,253,106,156
1,86,253,25,156
1,87,253,115,156
1,88,253,93,156
1,89,253,92,156
1,90,253,107,156
1,91,253,101,156
1,92,253,91,156
1,93,253,100,156
1,94,253,116,156
1,95,253,89,156
1,96,253,103,156
1,97,253,112,156
1,98,253,17,156
1,99,253,96,156
1,100,253,118,156
1,101,253,90,156
1,102,253,111,156
1,103,253,110,156
1,104,253,99,156
1,105,253,98,156
1,106,253,104,156
1,107,253,109,156
1,108,253,8,156
1,109,253,105,156
1,110,253,84,156
1,111,253,66,156
1,112,253,23,156
1,113,253,69,156
1,114,253,85,156
1,115,253,77,156
1,116,253,87,156
1,117,253,70,156
1,118,253,72,156
1,119,253,83,156
1,120,253,79,156
1,121,253,82,156
1,122,253,81,156
1,123,253,78,156
1,124,253,76,156
1,125,253,86,156
1,126,253,64,156
1,127,253,71,156
1,128,253,80,156
1,129,253,88,156
1,130,253,48,156
1,131,253,75,156
1,132,253,67,156
1,133,253,73,156
1,134,253,44,156
1,135,253,63,156
1,136,253,74,156
1,137,253,65,156
1,138,253,62,156
1,139,253,68,156
1,140,253,51,156
1,141,253,36,156
1,142,253,54,156
1,143,253,41,156
1,144,253,33,156
1,145,253,61,156
1,146,253,55,156
1,147,253,43,156
1,148,253,46,156
1,149,253,40,156
1,150,253,37,156
1,151,253,60,156
1,152,253,50,156
1,153,253,47,156
1,154,253,53,156
1,155,253,39,156
1,156,253,58,156
1,157,253,35,156
1,158,253,59,156
1,159,253,45,156
1,160,253,42,156
1,161,253,49,156
1,162,253,56,156
1,163,253,38,156
1,164,253,34,156
1,165,253,57,156
1,166,253,52,156
1,1,254,146,218
1,2,254,141,218
1,3,254,155,218
1,4,254,147,218
1,5,254,139,218
1,6,254,134,218
1,7,254,166,218
1,8,254,152,218
1,9,254,138,218
1,10,254,144,218
1,11,254,124,218
1,12,254,122,218
1,13,254,149,218
1,14,254,128,218
1,15,254,129,218
1,16,254,119,218
1,17,254,123,218
1,18,254,161,218
1,19,254,154,218
1,20,254,145,218
1,21,254,125,218
1,22,254,150,218
1,23,254,156,218
1,24,254,142,218
1,25,254,165,218
1,26,254,159,218
1,27,254,158,218
1,28,254,153,218
1,29,254,135,218
1,30,254,137,218
1,31,254,164,218
1,32,254,148,218
1,33,254,151,218
1,34,254,157,218
1,35,254,22,218
1,36,254,127,218
1,37,254,1,218
1,38,254,131,218
1,39,254,136,218
1,40,254,140,218
1,41,254,120,218
1,42,254,21,218
1,43,254,121,218
1,44,254,16,218
1,45,254,32,218
1,46,254,10,218
1,47,254,126,218
1,48,254,19,218
1,49,254,31,218
1,50,254,27,218
1,51,254,163,218
1,52,254,133,218
1,53,254,28,218
1,54,254,9,218
1,55,254,13,218
1,56,254,20,218
1,57,254,30,218
1,58,254,143,218
1,59,254,15,218
1,60,254,26,218
1,61,254,24,218
1,62,254,162,218
1,63,254,5,218
1,64,254,3,218
1,65,254,130,218
1,66,254,18,218
1,67,254,12,218
1,68,254,160,218
1,69,254,108,218
1,70,254,6,218
1,71,254,14,218
1,72,254,29,218
1,73,254,132,218
1,74,254,4,218
1,75,254,2,218
1,76,254,7,218
1,77,254,11,218
1,78,254,97,218
1,79,254,102,218
1,80,254,113,218
1,81,254,95,218
1,82,254,94,218
1,83,254,117,218
1,84,254,114,218
1,85,254,106,218
1,86,254,25,218
1,87,254,115,218
1,88,254,93,218
1,89,254,92,218
1,90,254,107,218
1,91,254,101,218
1,92,254,91,218
1,93,254,100,218
1,94,254,116,218
1,95,254,89,218
1,96,254,103,218
1,97,254,112,218
1,98,254,17,218
1,99,254,96,218
1,100,254,118,218
1,101,254,90,218
1,102,254,111,218
1,103,254,110,218
1,104,254,99,218
1,105,254,98,218
1,106,254,104,218
1,107,254,109,218
1,108,254,8,218
1,109,254,105,218
1,110,254,84,218
1,111,254,66,218
1,112,254,23,218
1,113,254,69,218
1,114,254,85,218
1,115,254,77,218
1,116,254,87,218
1,117,254,70,218
1,118,254,72,218
1,119,254,83,218
1,120,254,79,218
1,121,254,82,218
1,122,254,81,218
1,123,254,78,218
1,124,254,76,218
1,125,254,86,218
1,126,254,64,218
1,127,254,71,218
1,128,254,80,218
1,129,254,88,218
1,130,254,48,218
1,131,254,75,218
1,132,254,67,218
1,133,254,73,218
1,134,254,44,218
1,135,254,63,218
1,136,254,74,218
1,137,254,65,218
1,138,254,62,218
1,139,254,68,218
1,140,254,51,218
1,141,254,36,218
1,142,254,54,218
1,143,254,41,218
1,144,254,33,218
1,145,254,61,218
1,146,254,55,218
1,147,254,43,218
1,148,254,46,218
1,149,254,40,218
1,150,254,37,218
1,151,254,60,218
1,152,254,50,218
1,153,254,47,218
1,154,254,53,218
1,155,254,39,218
1,156,254,58,218
1,157,254,35,218
1,158,254,59,218
1,159,254,45,218
1,160,254,42,218
1,161,254,49,218
1,162,254,56,218
1,163,254,38,218
1,164,254,34,218
1,165,254,57,218
1,166,254,52,218
1,1,255,146,247
1,2,255,141,247
1,3,255,155,247
1,4,255,147,247
1,5,255,139,247
1,6,255,134,247
1,7,255,166,247
1,8,255,152,247
1,9,255,138,247
1,10,255,144,247
1,11,255,124,247
1,12,255,122,247
1,13,255,149,247
1,14,255,128,247
1,15,255,129,247
1,16,255,119,247
1,17,255,123,247
1,18,255,161,247
1,19,255,154,247
1,20,255,145,247
1,21,255,125,247
1,22,255,150,247
1,23,255,156,247
1,24,255,142,247
1,25,255,165,247
1,26,255,159,247
1,27,255,158,247
1,28,255,153,247
1,29,255,135,247
1,30,255,137,247
1,31,255,164,247
1,32,255,148,247
1,33,255,151,247
1,34,255,157,247
1,35,255,22,247
1,36,255,127,247
1,37,255,1,247
1,38,255,131,247
1,39,255,136,247
1,40,255,140,247
1,41,255,120,247
1,42,255,21,247
1,43,255,121,247
1,44,255,16,247
1,45,255,32,247
1,46,255,10,247
1,47,255,126,247
1,48,255,19,247
1,49,255,31,247
1,50,255,27,247
1,51,255,163,247
1,52,255,133,247
1,53,255,28,247
1,54,255,9,247
1,55,255,13,247
1,56,255,20,247
1,57,255,30,247
1,58,255,143,247
1,59,255,15,247
1,60,255,26,247
1,61,255,24,247
1,62,255,162,247
1,63,255,5,247
1,64,255,3,247
1,65,255,130,247
1,66,255,18,247
1,67,255,12,247
1,68,255,160,247
1,69,255,108,247
1,70,255,6,247
1,71,255,14,247
1,72,255,29,247
1,73,255,132,247
1,74,255,4,247
1,75,255,2,247
1,76,255,7,247
1,77,255,11,247
1,78,255,97,247
1,79,255,102,247
1,80,255,113,247
1,81,255,95,247
1,82,255,94,247
1,83,255,117,247
1,84,255,114,247
1,85,255,106,247
1,86,255,25,247
1,87,255,115,247
1,88,255,93,247
1,89,255,92,247
1,90,255,107,247
1,91,255,101,247
1,92,255,91,247
1,93,255,100,247
1,94,255,116,247
1,95,255,89,247
1,96,255,103,247
1,97,255,112,247
1,98,255,17,247
1,99,255,96,247
1,100,255,118,247
1,101,255,90,247
1,102,255,111,247
1,103,255,110,247
1,104,255,99,247
1,105,255,98,247
1,106,255,104,247
1,107,255,109,247
1,108,255,8,247
1,109,255,105,247
1,110,255,84,247
1,111,255,66,247
1,112,255,23,247
1,113,255,69,247
1,114,255,85,247
1,115,255,77,247
1,116,255,87,247
1,117,255,70,247
1,118,255,72,247
1,119,255,83,247
1,120,255,79,247
1,121,255,82,247
1,122,255,81,247
1,123,255,78,247
1,124,255,76,247
1,125,255,86,247
1,126,255,64,247
1,127,255,71,247
1,128,255,80,247
1,129,255,88,247
1,130,255,48,247
1,131,255,75,247
1,132,255,67,247
1,133,255,73,247
1,134,255,44,247
1,135,255,63,247
1,136,255,74,247
1,137,255,65,247
1,138,255,62,247
1,139,255,68,247
9,140,255,51,247
5,141,255,36,247
5,142,255,54,247
5,143,255,41,247
5,144,255,33,247
5,145,255,61,247
5,146,255,55,247
5,147,255,43,247
5,148,255,46,247
5,149,255,40,247
5,150,255,37,247
5,151,255,60,247
5,152,255,50,247
5,153,255,47,247
5,154,255,53,247
5,155,255,39,247
5,156,255,58,247
5,157,255,35,247
5,158,255,59,247
5,159,255,45,247
5,160,255,42,247
5,161,255,49,247
5,162,255,56,247
5,163,255,38,247
5,164,255,34,247
5,165,255,57,247
5,166,255,52,247
1,1,256,146,223
1,2,256,141,223
1,3,256,155,223
1,4,256,147,223
1,5,256,139,223
1,6,256,134,223
1,7,256,166,223
1,8,256,152,223
1,9,256,138,223
1,10,256,144,223
1,11,256,124,223
1,12,256,122,223
1,13,256,149,223
1,14,256,128,223
1,15,256,129,223
1,16,256,119,223
1,17,256,123,223
1,18,256,161,223
1,19,256,154,223
1,20,256,145,223
1,21,256,125,223
1,22,256,150,223
1,23,256,156,223
1,24,256,142,223
1,25,256,165,223
1,26,256,159,223
1,27,256,158,223
1,28,256,153,223
1,29,256,135,223
1,30,256,137,223
1,31,256,164,223
1,32,256,148,223
1,33,256,151,223
1,34,256,157,223
1,35,256,22,223
1,36,256,127,223
1,37,256,1,223
1,38,256,131,223
1,39,256,136,223
1,40,256,140,223
1,41,256,120,223
1,42,256,21,223
1,43,256,121,223
1,44,256,16,223
1,45,256,32,223
1,46,256,10,223
1,47,256,126,223
1,48,256,19,223
1,49,256,31,223
1,50,256,27,223
1,51,256,163,223
1,52,256,133,223
1,53,256,28,223
1,54,256,9,223
1,55,256,13,223
1,56,256,20,223
1,57,256,30,223
1,58,256,143,223
1,59,256,15,223
1,60,256,26,223
1,61,256,24,223
1,62,256,162,223
1,63,256,5,223
1,64,256,3,223
1,65,256,130,223
1,66,256,18,223
1,67,256,12,223
1,68,256,160,223
1,69,256,108,223
1,70,256,6,223
1,71,256,14,223
1,72,256,29,223
1,73,256,132,223
1,74,256,4,223
1,75,256,2,223
1,76,256,7,223
1,77,256,11,223
1,78,256,97,223
1,79,256,102,223
1,80,256,113,223
1,81,256,95,223
1,82,256,94,223
1,83,256,117,223
1,84,256,114,223
1,85,256,106,223
1,86,256,25,223
1,87,256,115,223
1,88,256,93,223
1,89,256,92,223
1,90,256,107,223
1,91,256,101,223
1,92,256,91,223
1,93,256,100,223
1,94,256,116,223
1,95,256,89,223
1,96,256,103,223
1,97,256,112,223
1,98,256,17,223
1,99,256,96,223
1,100,256,118,223
1,101,256,90,223
1,102,256,111,223
1,103,256,110,223
1,104,256,99,223
1,105,256,98,223
1,106,256,104,223
1,107,256,109,223
1,108,256,8,223
1,109,256,105,223
1,110,256,84,223
1,111,256,66,223
1,112,256,23,223
1,113,256,69,223
1,114,256,85,223
1,115,256,77,223
1,116,256,87,223
1,117,256,70,223
1,118,256,72,223
1,119,256,83,223
1,120,256,79,223
1,121,256,82,223
1,122,256,81,223
1,123,256,78,223
1,124,256,76,223
1,125,256,86,223
1,126,256,64,223
1,127,256,71,223
1,128,256,80,223
1,129,256,88,223
1,130,256,48,223
1,131,256,75,223
1,132,256,67,223
1,133,256,73,223
1,134,256,44,223
1,135,256,63,223
1,136,256,74,223
1,137,256,65,223
1,138,256,62,223
1,139,256,68,223
9,140,256,51,223
5,141,256,36,223
5,142,256,54,223
5,143,256,41,223
5,144,256,33,223
5,145,256,61,223
5,146,256,55,223
5,147,256,43,223
5,148,256,46,223
5,149,256,40,223
5,150,256,37,223
5,151,256,60,223
5,152,256,50,223
5,153,256,47,223
5,154,256,53,223
5,155,256,39,223
5,156,256,58,223
5,157,256,35,223
5,158,256,59,223
5,159,256,45,223
5,160,256,42,223
5,161,256,49,223
5,162,256,56,223
5,163,256,38,223
5,164,256,34,223
5,165,256,57,223
5,166,256,52,223
1,1,257,146,190
1,2,257,141,190
1,3,257,155,190
1,4,257,147,190
1,5,257,139,190
1,6,257,134,190
1,7,257,166,190
1,8,257,152,190
1,9,257,138,190
1,10,257,144,190
1,11,257,124,190
1,12,257,122,190
1,13,257,149,190
1,14,257,128,190
1,15,257,129,190
1,16,257,119,190
1,17,257,123,190
1,18,257,161,190
1,19,257,154,190
1,20,257,145,190
1,21,257,125,190
1,22,257,150,190
1,23,257,156,190
1,24,257,142,190
1,25,257,165,190
1,26,257,159,190
1,27,257,158,190
1,28,257,153,190
1,29,257,135,190
1,30,257,137,190
1,31,257,164,190
1,32,257,148,190
1,33,257,151,190
1,34,257,157,190
1,35,257,22,190
1,36,257,127,190
1,37,257,1,190
1,38,257,131,190
1,39,257,136,190
1,40,257,140,190
1,41,257,120,190
1,42,257,21,190
1,43,257,121,190
1,44,257,16,190
1,45,257,32,190
1,46,257,10,190
1,47,257,126,190
1,48,257,19,190
1,49,257,31,190
1,50,257,27,190
1,51,257,163,190
1,52,257,133,190
1,53,257,28,190
1,54,257,9,190
1,55,257,13,190
1,56,257,20,190
1,57,257,30,190
1,58,257,143,190
1,59,257,15,190
1,60,257,26,190
1,61,257,24,190
1,62,257,162,190
1,63,257,5,190
1,64,257,3,190
1,65,257,130,190
1,66,257,18,190
1,67,257,12,190
1,68,257,160,190
1,69,257,108,190
1,70,257,6,190
1,71,257,14,190
1,72,257,29,190
1,73,257,132,190
1,74,257,4,190
1,75,257,2,190
1,76,257,7,190
1,77,257,11,190
1,78,257,97,190
1,79,257,102,190
1,80,257,113,190
1,81,257,95,190
1,82,257,94,190
1,83,257,117,190
1,84,257,114,190
1,85,257,106,190
1,86,257,25,190
1,87,257,115,190
1,88,257,93,190
1,89,257,92,190
1,90,257,107,190
1,91,257,101,190
1,92,257,91,190
1,93,257,100,190
1,94,257,116,190
1,95,257,89,190
1,96,257,103,190
1,97,257,112,190
1,98,257,17,190
1,99,257,96,190
1,100,257,118,190
1,101,257,90,190
1,102,257,111,190
1,103,257,110,190
1,104,257,99,190
1,105,257,98,190
1,106,257,104,190
1,107,257,109,190
1,108,257,8,190
1,109,257,105,190
1,110,257,84,190
1,111,257,66,190
1,112,257,23,190
1,113,257,69,190
1,114,257,85,190
1,115,257,77,190
1,116,257,87,190
1,117,257,70,190
1,118,257,72,190
1,119,257,83,190
1,120,257,79,190
1,121,257,82,190
1,122,257,81,190
1,123,257,78,190
1,124,257,76,190
1,125,257,86,190
1,126,257,64,190
1,127,257,71,190
1,128,257,80,190
1,129,257,88,190
1,130,257,48,190
1,131,257,75,190
1,132,257,67,190
1,133,257,73,190
1,134,257,44,190
1,135,257,63,190
1,136,257,74,190
1,137,257,65,190
1,138,257,62,190
1,139,257,68,190
9,140,257,51,190
5,141,257,36,190
5,142,257,54,190
5,143,257,41,190
5,144,257,33,190
5,145,257,61,190
5,146,257,55,190
5,147,257,43,190
5,148,257,46,190
5,149,257,40,190
5,150,257,37,190
5,151,257,60,190
5,152,257,50,190
5,153,257,47,190
5,154,257,53,190
5,155,257,39,190
5,156,257,58,190
5,157,257,35,190
5,158,257,59,190
5,159,257,45,190
5,160,257,42,190
5,161,257,49,190
5,162,257,56,190
5,163,257,38,190
5,164,257,34,190
5,165,257,57,190
5,166,257,52,190
1,1,258,146,95
1,2,258,141,95
1,3,258,155,95
1,4,258,147,95
1,5,258,139,95
1,6,258,134,95
1,7,258,166,95
1,8,258,152,95
1,9,258,138,95
1,10,258,144,95
1,11,258,124,95
1,12,258,122,95
1,13,258,149,95
1,14,258,128,95
1,15,258,129,95
1,16,258,119,95
1,17,258,123,95
1,18,258,161,95
1,19,258,154,95
1,20,258,145,95
1,21,258,125,95
1,22,258,150,95
1,23,258,156,95
1,24,258,142,95
1,25,258,165,95
1,26,258,159,95
1,27,258,158,95
1,28,258,153,95
1,29,258,135,95
1,30,258,137,95
1,31,258,164,95
1,32,258,148,95
1,33,258,151,95
1,34,258,157,95
1,35,258,22,95
1,36,258,127,95
1,37,258,1,95
1,38,258,131,95
1,39,258,136,95
1,40,258,140,95
1,41,258,120,95
1,42,258,21,95
1,43,258,121,95
1,44,258,16,95
1,45,258,32,95
1,46,258,10,95
1,47,258,126,95
1,48,258,19,95
1,49,258,31,95
1,50,258,27,95
1,51,258,163,95
1,52,258,133,95
1,53,258,28,95
1,54,258,9,95
1,55,258,13,95
1,56,258,20,95
1,57,258,30,95
1,58,258,143,95
1,59,258,15,95
1,60,258,26,95
1,61,258,24,95
1,62,258,162,95
1,63,258,5,95
1,64,258,3,95
1,65,258,130,95
1,66,258,18,95
1,67,258,12,95
1,68,258,160,95
1,69,258,108,95
1,70,258,6,95
1,71,258,14,95
1,72,258,29,95
1,73,258,132,95
1,74,258,4,95
1,75,258,2,95
1,76,258,7,95
1,77,258,11,95
1,78,258,97,95
1,79,258,102,95
1,80,258,113,95
1,81,258,95,95
1,82,258,94,95
1,83,258,117,95
1,84,258,114,95
1,85,258,106,95
1,86,258,25,95
1,87,258,115,95
1,88,258,93,95
1,89,258,92,95
1,90,258,107,95
1,91,258,101,95
1,92,258,91,95
1,93,258,100,95
1,94,258,116,95
1,95,258,89,95
1,96,258,103,95
1,97,258,112,95
1,98,258,17,95
1,99,258,96,95
1,100,258,118,95
1,101,258,90,95
1,102,258,111,95
1,103,258,110,95
1,104,258,99,95
1,105,258,98,95
1,106,258,104,95
1,107,258,109,95
1,108,258,8,95
1,109,258,105,95
1,110,258,84,95
1,111,258,66,95
1,112,258,23,95
1,113,258,69,95
1,114,258,85,95
1,115,258,77,95
1,116,258,87,95
1,117,258,70,95
1,118,258,72,95
1,119,258,83,95
1,120,258,79,95
1,121,258,82,95
1,122,258,81,95
1,123,258,78,95
1,124,258,76,95
1,125,258,86,95
1,126,258,64,95
1,127,258,71,95
1,128,258,80,95
1,129,258,88,95
1,130,258,48,95
1,131,258,75,95
1,132,258,67,95
1,133,258,73,95
1,134,258,44,95
1,135,258,63,95
1,136,258,74,95
1,137,258,65,95
1,138,258,62,95
1,139,258,68,95
9,140,258,51,95
5,141,258,36,95
5,142,258,54,95
5,143,258,41,95
5,144,258,33,95
5,145,258,61,95
5,146,258,55,95
5,147,258,43,95
5,148,258,46,95
5,149,258,40,95
5,150,258,37,95
5,151,258,60,95
5,152,258,50,95
5,153,258,47,95
5,154,258,53,95
5,155,258,39,95
5,156,258,58,95
5,157,258,35,95
5,158,258,59,95
5,159,258,45,95
5,160,258,42,95
5,161,258,49,95
5,162,258,56,95
5,163,258,38,95
5,164,258,34,95
5,165,258,57,95
5,166,258,52,95
1,1,259,146,217
1,2,259,141,217
1,3,259,155,217
1,4,259,147,217
1,5,259,139,217
1,6,259,134,217
1,7,259,166,217
1,8,259,152,217
1,9,259,138,217
1,10,259,144,217
1,11,259,124,217
1,12,259,122,217
1,13,259,149,217
1,14,259,128,217
1,15,259,129,217
1,16,259,119,217
1,17,259,123,217
1,18,259,161,217
1,19,259,154,217
1,20,259,145,217
1,21,259,125,217
1,22,259,150,217
1,23,259,156,217
1,24,259,142,217
1,25,259,165,217
1,26,259,159,217
1,27,259,158,217
1,28,259,153,217
1,29,259,135,217
1,30,259,137,217
1,31,259,164,217
1,32,259,148,217
1,33,259,151,217
1,34,259,157,217
1,35,259,22,217
1,36,259,127,217
1,37,259,1,217
1,38,259,131,217
1,39,259,136,217
1,40,259,140,217
1,41,259,120,217
1,42,259,21,217
1,43,259,121,217
1,44,259,16,217
1,45,259,32,217
1,46,259,10,217
1,47,259,126,217
1,48,259,19,217
1,49,259,31,217
1,50,259,27,217
1,51,259,163,217
1,52,259,133,217
1,53,259,28,217
1,54,259,9,217
1,55,259,13,217
1,56,259,20,217
1,57,259,30,217
1,58,259,143,217
1,59,259,15,217
1,60,259,26,217
1,61,259,24,217
1,62,259,162,217
1,63,259,5,217
1,64,259,3,217
1,65,259,130,217
1,66,259,18,217
1,67,259,12,217
1,68,259,160,217
1,69,259,108,217
1,70,259,6,217
1,71,259,14,217
1,72,259,29,217
1,73,259,132,217
1,74,259,4,217
1,75,259,2,217
1,76,259,7,217
1,77,259,11,217
1,78,259,97,217
1,79,259,102,217
1,80,259,113,217
1,81,259,95,217
1,82,259,94,217
1,83,259,117,217
1,84,259,114,217
1,85,259,106,217
1,86,259,25,217
1,87,259,115,217
1,88,259,93,217
1,89,259,92,217
1,90,259,107,217
1,91,259,101,217
1,92,259,91,217
1,93,259,100,217
1,94,259,116,217
1,95,259,89,217
1,96,259,103,217
1,97,259,112,217
1,98,259,17,217
1,99,259,96,217
1,100,259,118,217
1,101,259,90,217
1,102,259,111,217
1,103,259,110,217
1,104,259,99,217
1,105,259,98,217
1,106,259,104,217
1,107,259,109,217
1,108,259,8,217
1,109,259,105,217
1,110,259,84,217
1,111,259,66,217
1,112,259,23,217
1,113,259,69,217
1,114,259,85,217
1,115,259,77,217
1,116,259,87,217
1,117,259,70,217
1,118,259,72,217
1,119,259,83,217
1,120,259,79,217
1,121,259,82,217
1,122,259,81,217
1,123,259,78,217
1,124,259,76,217
1,125,259,86,217
1,126,259,64,217
1,127,259,71,217
1,128,259,80,217
1,129,259,88,217
1,130,259,48,217
1,131,259,75,217
1,132,259,67,217
1,133,259,73,217
1,134,259,44,217
1,135,259,63,217
1,136,259,74,217
1,137,259,65,217
1,138,259,62,217
1,139,259,68,217
9,140,259,51,217
5,141,259,36,217
5,142,259,54,217
5,143,259,41,217
5,144,259,33,217
5,145,259,61,217
5,146,259,55,217
5,147,259,43,217
5,148,259,46,217
5,149,259,40,217
5,150,259,37,217
5,151,259,60,217
5,152,259,50,217
5,153,259,47,217
5,154,259,53,217
5,155,259,39,217
5,156,259,58,217
5,157,259,35,217
5,158,259,59,217
5,159,259,45,217
5,160,259,42,217
5,161,259,49,217
5,162,259,56,217
5,163,259,38,217
5,164,259,34,217
5,165,259,57,217
5,166,259,52,217
1,1,260,146,231
1,2,260,141,231
1,3,260,155,231
1,4,260,147,231
1,5,260,139,231
1,6,260,134,231
1,7,260,166,231
1,8,260,152,231
1,9,260,138,231
1,10,260,144,231
1,11,260,124,231
1,12,260,122,231
1,13,260,149,231
1,14,260,128,231
1,15,260,129,231
1,16,260,119,231
1,17,260,123,231
1,18,260,161,231
1,19,260,154,231
1,20,260,145,231
1,21,260,125,231
1,22,260,150,231
1,23,260,156,231
1,24,260,142,231
1,25,260,165,231
1,26,260,159,231
1,27,260,158,231
1,28,260,153,231
1,29,260,135,231
1,30,260,137,231
1,31,260,164,231
1,32,260,148,231
1,33,260,151,231
1,34,260,157,231
1,35,260,22,231
1,36,260,127,231
1,37,260,1,231
1,38,260,131,231
1,39,260,136,231
1,40,260,140,231
1,41,260,120,231
1,42,260,21,231
1,43,260,121,231
1,44,260,16,231
1,45,260,32,231
1,46,260,10,231
1,47,260,126,231
1,48,260,19,231
1,49,260,31,231
1,50,260,27,231
1,51,260,163,231
1,52,260,133,231
1,53,260,28,231
1,54,260,9,231
1,55,260,13,231
1,56,260,20,231
1,57,260,30,231
1,58,260,143,231
1,59,260,15,231
1,60,260,26,231
1,61,260,24,231
1,62,260,162,231
1,63,260,5,231
1,64,260,3,231
1,65,260,130,231
1,66,260,18,231
1,67,260,12,231
1,68,260,160,231
1,69,260,108,231
1,70,260,6,231
1,71,260,14,231
1,72,260,29,231
1,73,260,132,231
1,74,260,4,231
1,75,260,2,231
1,76,260,7,231
1,77,260,11,231
1,78,260,97,231
1,79,260,102,231
1,80,260,113,231
1,81,260,95,231
1,82,260,94,231
1,83,260,117,231
1,84,260,114,231
1,85,260,106,231
1,86,260,25,231
1,87,260,115,231
1,88,260,93,231
1,89,260,92,231
1,90,260,107,231
1,91,260,101,231
1,92,260,91,231
1,93,260,100,231
1,94,260,116,231
1,95,260,89,231
1,96,260,103,231
1,97,260,112,231
1,98,260,17,231
1,99,260,96,231
1,100,260,118,231
1,101,260,90,231
1,102,260,111,231
1,103,260,110,231
1,104,260,99,231
1,105,260,98,231
1,106,260,104,231
1,107,260,109,231
1,108,260,8,231
1,109,260,105,231
1,110,260,84,231
1,111,260,66,231
1,112,260,23,231
1,113,260,69,231
1,114,260,85,231
1,115,260,77,231
1,116,260,87,231
1,117,260,70,231
1,118,260,72,231
1,119,260,83,231
1,120,260,79,231
1,121,260,82,231
1,122,260,81,231
1,123,260,78,231
1,124,260,76,231
1,125,260,86,231
1,126,260,64,231
1,127,260,71,231
1,128,260,80,231
1,129,260,88,231
1,130,260,48,231
1,131,260,75,231
1,132,260,67,231
1,133,260,73,231
1,134,260,44,231
1,135,260,63,231
1,136,260,74,231
1,137,260,65,231
1,138,260,62,231
1,139,260,68,231
9,140,260,51,231
5,141,260,36,231
5,142,260,54,231
5,143,260,41,231
5,144,260,33,231
5,145,260,61,231
5,146,260,55,231
5,147,260,43,231
5,148,260,46,231
5,149,260,40,231
5,150,260,37,231
5,151,260,60,231
5,152,260,50,231
5,153,260,47,231
5,154,260,53,231
5,155,260,39,231
5,156,260,58,231
5,157,260,35,231
5,158,260,59,231
5,159,260,45,231
5,160,260,42,231
5,161,260,49,231
5,162,260,56,231
5,163,260,38,231
5,164,260,34,231
5,165,260,57,231
5,166,260,52,231
1,1,261,146,123
1,2,261,141,123
1,3,261,155,123
1,4,261,147,123
1,5,261,139,123
1,6,261,134,123
1,7,261,166,123
1,8,261,152,123
1,9,261,138,123
1,10,261,144,123
1,11,261,124,123
1,12,261,122,123
1,13,261,149,123
1,14,261,128,123
1,15,261,129,123
1,16,261,119,123
1,17,261,123,123
1,18,261,161,123
1,19,261,154,123
1,20,261,145,123
1,21,261,125,123
1,22,261,150,123
1,23,261,156,123
1,24,261,142,123
1,25,261,165,123
1,26,261,159,123
1,27,261,158,123
1,28,261,153,123
1,29,261,135,123
1,30,261,137,123
1,31,261,164,123
1,32,261,148,123
1,33,261,151,123
1,34,261,157,123
1,35,261,22,123
1,36,261,127,123
1,37,261,1,123
1,38,261,131,123
1,39,261,136,123
1,40,261,140,123
1,41,261,120,123
1,42,261,21,123
1,43,261,121,123
1,44,261,16,123
1,45,261,32,123
1,46,261,10,123
1,47,261,126,123
1,48,261,19,123
1,49,261,31,123
1,50,261,27,123
1,51,261,163,123
1,52,261,133,123
1,53,261,28,123
1,54,261,9,123
1,55,261,13,123
1,56,261,20,123
1,57,261,30,123
1,58,261,143,123
1,59,261,15,123
1,60,261,26,123
1,61,261,24,123
1,62,261,162,123
1,63,261,5,123
1,64,261,3,123
1,65,261,130,123
1,66,261,18,123
1,67,261,12,123
1,68,261,160,123
1,69,261,108,123
1,70,261,6,123
1,71,261,14,123
1,72,261,29,123
1,73,261,132,123
1,74,261,4,123
1,75,261,2,123
1,76,261,7,123
1,77,261,11,123
1,78,261,97,123
1,79,261,102,123
1,80,261,113,123
1,81,261,95,123
1,82,261,94,123
1,83,261,117,123
1,84,261,114,123
1,85,261,106,123
1,86,261,25,123
1,87,261,115,123
1,88,261,93,123
1,89,261,92,123
1,90,261,107,123
1,91,261,101,123
1,92,261,91,123
1,93,261,100,123
1,94,261,116,123
1,95,261,89,123
1,96,261,103,123
1,97,261,112,123
1,98,261,17,123
1,99,261,96,123
1,100,261,118,123
1,101,261,90,123
1,102,261,111,123
1,103,261,110,123
1,104,261,99,123
1,105,261,98,123
1,106,261,104,123
1,107,261,109,123
1,108,261,8,123
1,109,261,105,123
1,110,261,84,123
1,111,261,66,123
1,112,261,23,123
1,113,261,69,123
1,114,261,85,123
1,115,261,77,123
1,116,261,87,123
1,117,261,70,123
1,118,261,72,123
1,119,261,83,123
1,120,261,79,123
1,121,261,82,123
1,122,261,81,123
1,123,261,78,123
1,124,261,76,123
1,125,261,86,123
1,126,261,64,123
1,127,261,71,123
1,128,261,80,123
1,129,261,88,123
1,130,261,48,123
1,131,261,75,123
1,132,261,67,123
1,133,261,73,123
1,134,261,44,123
1,135,261,63,123
1,136,261,74,123
1,137,261,65,123
1,138,261,62,123
1,139,261,68,123
9,140,261,51,123
5,141,261,36,123
5,142,261,54,123
5,143,261,41,123
5,144,261,33,123
5,145,261,61,123
5,146,261,55,123
5,147,261,43,123
5,148,261,46,123
5,149,261,40,123
5,150,261,37,123
5,151,261,60,123
5,152,261,50,123
5,153,261,47,123
5,154,261,53,123
5,155,261,39,123
5,156,261,58,123
5,157,261,35,123
5,158,261,59,123
5,159,261,45,123
5,160,261,42,123
5,161,261,49,123
5,162,261,56,123
5,163,261,38,123
5,164,261,34,123
5,165,261,57,123
5,166,261,52,123
1,1,262,146,191
1,2,262,141,191
1,3,262,155,191
1,4,262,147,191
1,5,262,139,191
1,6,262,134,191
1,7,262,166,191
1,8,262,152,191
1,9,262,138,191
1,10,262,144,191
1,11,262,124,191
1,12,262,122,191
1,13,262,149,191
1,14,262,128,191
1,15,262,129,191
1,16,262,119,191
1,17,262,123,191
1,18,262,161,191
1,19,262,154,191
1,20,262,145,191
1,21,262,125,191
1,22,262,150,191
1,23,262,156,191
1,24,262,142,191
1,25,262,165,191
1,26,262,159,191
1,27,262,158,191
1,28,262,153,191
1,29,262,135,191
1,30,262,137,191
1,31,262,164,191
1,32,262,148,191
1,33,262,151,191
1,34,262,157,191
1,35,262,22,191
1,36,262,127,191
1,37,262,1,191
1,38,262,131,191
1,39,262,136,191
1,40,262,140,191
1,41,262,120,191
1,42,262,21,191
1,43,262,121,191
1,44,262,16,191
1,45,262,32,191
1,46,262,10,191
1,47,262,126,191
1,48,262,19,191
1,49,262,31,191
1,50,262,27,191
1,51,262,163,191
1,52,262,133,191
1,53,262,28,191
1,54,262,9,191
1,55,262,13,191
1,56,262,20,191
1,57,262,30,191
1,58,262,143,191
1,59,262,15,191
1,60,262,26,191
1,61,262,24,191
1,62,262,162,191
1,63,262,5,191
1,64,262,3,191
1,65,262,130,191
1,66,262,18,191
1,67,262,12,191
1,68,262,160,191
1,69,262,108,191
1,70,262,6,191
1,71,262,14,191
1,72,262,29,191
1,73,262,132,191
1,74,262,4,191
1,75,262,2,191
1,76,262,7,191
1,77,262,11,191
1,78,262,97,191
1,79,262,102,191
1,80,262,113,191
1,81,262,95,191
1,82,262,94,191
1,83,262,117,191
1,84,262,114,191
1,85,262,106,191
1,86,262,25,191
1,87,262,115,191
1,88,262,93,191
1,89,262,92,191
1,90,262,107,191
1,91,262,101,191
1,92,262,91,191
1,93,262,100,191
1,94,262,116,191
1,95,262,89,191
1,96,262,103,191
1,97,262,112,191
1,98,262,17,191
1,99,262,96,191
1,100,262,118,191
1,101,262,90,191
1,102,262,111,191
1,103,262,110,191
1,104,262,99,191
1,105,262,98,191
1,106,262,104,191
1,107,262,109,191
1,108,262,8,191
1,109,262,105,191
1,110,262,84,191
1,111,262,66,191
1,112,262,23,191
1,113,262,69,191
1,114,262,85,191
1,115,262,77,191
1,116,262,87,191
1,117,262,70,191
1,118,262,72,191
1,119,262,83,191
1,120,262,79,191
1,121,262,82,191
1,122,262,81,191
1,123,262,78,191
1,124,262,76,191
1,125,262,86,191
1,126,262,64,191
1,127,262,71,191
1,128,262,80,191
1,129,262,88,191
1,130,262,48,191
1,131,262,75,191
1,132,262,67,191
1,133,262,73,191
1,134,262,44,191
1,135,262,63,191
1,136,262,74,191
1,137,262,65,191
1,138,262,62,191
1,139,262,68,191
9,140,262,51,191
5,141,262,36,191
5,142,262,54,191
5,143,262,41,191
5,144,262,33,191
5,145,262,61,191
5,146,262,55,191
5,147,262,43,191
5,148,262,46,191
5,149,262,40,191
5,150,262,37,191
5,151,262,60,191
5,152,262,50,191
5,153,262,47,191
5,154,262,53,191
5,155,262,39,191
5,156,262,58,191
5,157,262,35,191
5,158,262,59,191
5,159,262,45,191
5,160,262,42,191
5,161,262,49,191
5,162,262,56,191
5,163,262,38,191
5,164,262,34,191
5,165,262,57,191
5,166,262,52,191
1,1,263,146,102
1,2,263,141,102
1,3,263,155,102
1,4,263,147,102
1,5,263,139,102
1,6,263,134,102
1,7,263,166,102
1,8,263,152,102
1,9,263,138,102
1,10,263,144,102
1,11,263,124,102
1,12,263,122,102
1,13,263,149,102
1,14,263,128,102
1,15,263,129,102
1,16,263,119,102
1,17,263,123,102
1,18,263,161,102
1,19,263,154,102
1,20,263,145,102
1,21,263,125,102
1,22,263,150,102
1,23,263,156,102
1,24,263,142,102
1,25,263,165,102
1,26,263,159,102
1,27,263,158,102
1,28,263,153,102
1,29,263,135,102
1,30,263,137,102
1,31,263,164,102
1,32,263,148,102
1,33,263,151,102
1,34,263,157,102
1,35,263,22,102
1,36,263,127,102
1,37,263,1,102
1,38,263,131,102
1,39,263,136,102
1,40,263,140,102
1,41,263,120,102
1,42,263,21,102
1,43,263,121,102
1,44,263,16,102
1,45,263,32,102
1,46,263,10,102
1,47,263,126,102
1,48,263,19,102
1,49,263,31,102
1,50,263,27,102
1,51,263,163,102
1,52,263,133,102
1,53,263,28,102
1,54,263,9,102
1,55,263,13,102
1,56,263,20,102
1,57,263,30,102
1,58,263,143,102
1,59,263,15,102
1,60,263,26,102
1,61,263,24,102
1,62,263,162,102
1,63,263,5,102
1,64,263,3,102
1,65,263,130,102
1,66,263,18,102
1,67,263,12,102
1,68,263,160,102
1,69,263,108,102
1,70,263,6,102
1,71,263,14,102
1,72,263,29,102
1,73,263,132,102
1,74,263,4,102
1,75,263,2,102
1,76,263,7,102
1,77,263,11,102
1,78,263,97,102
1,79,263,102,102
1,80,263,113,102
1,81,263,95,102
1,82,263,94,102
1,83,263,117,102
1,84,263,114,102
1,85,263,106,102
1,86,263,25,102
1,87,263,115,102
1,88,263,93,102
1,89,263,92,102
1,90,263,107,102
1,91,263,101,102
1,92,263,91,102
1,93,263,100,102
1,94,263,116,102
1,95,263,89,102
1,96,263,103,102
1,97,263,112,102
1,98,263,17,102
1,99,263,96,102
1,100,263,118,102
1,101,263,90,102
1,102,263,111,102
1,103,263,110,102
1,104,263,99,102
1,105,263,98,102
1,106,263,104,102
1,107,263,109,102
1,108,263,8,102
1,109,263,105,102
1,110,263,84,102
1,111,263,66,102
1,112,263,23,102
1,113,263,69,102
1,114,263,85,102
1,115,263,77,102
1,116,263,87,102
1,117,263,70,102
1,118,263,72,102
1,119,263,83,102
1,120,263,79,102
1,121,263,82,102
1,122,263,81,102
1,123,263,78,102
1,124,263,76,102
1,125,263,86,102
1,126,263,64,102
1,127,263,71,102
1,128,263,80,102
1,129,263,88,102
1,130,263,48,102
1,131,263,75,102
1,132,263,67,102
1,133,263,73,102
1,134,263,44,102
1,135,263,63,102
1,136,263,74,102
1,137,263,65,102
1,138,263,62,102
1,139,263,68,102
9,140,263,51,102
5,141,263,36,102
5,142,263,54,102
5,143,263,41,102
5,144,263,33,102
5,145,263,61,102
5,146,263,55,102
5,147,263,43,102
5,148,263,46,102
5,149,263,40,102
5,150,263,37,102
5,151,263,60,102
5,152,263,50,102
5,153,263,47,102
5,154,263,53,102
5,155,263,39,102
5,156,263,58,102
5,157,263,35,102
5,158,263,59,102
5,159,263,45,102
5,160,263,42,102
5,161,263,49,102
5,162,263,56,102
5,163,263,38,102
5,164,263,34,102
5,165,263,57,102
5,166,263,52,102
1,1,264,146,176
1,2,264,141,176
1,3,264,155,176
1,4,264,147,176
1,5,264,139,176
1,6,264,134,176
1,7,264,166,176
1,8,264,152,176
1,9,264,138,176
1,10,264,144,176
1,11,264,124,176
1,12,264,122,176
1,13,264,149,176
1,14,264,128,176
1,15,264,129,176
1,16,264,119,176
1,17,264,123,176
1,18,264,161,176
1,19,264,154,176
1,20,264,145,176
1,21,264,125,176
1,22,264,150,176
1,23,264,156,176
1,24,264,142,176
1,25,264,165,176
1,26,264,159,176
1,27,264,158,176
1,28,264,153,176
1,29,264,135,176
1,30,264,137,176
1,31,264,164,176
1,32,264,148,176
1,33,264,151,176
1,34,264,157,176
1,35,264,22,176
1,36,264,127,176
1,37,264,1,176
1,38,264,131,176
1,39,264,136,176
1,40,264,140,176
1,41,264,120,176
1,42,264,21,176
1,43,264,121,176
1,44,264,16,176
1,45,264,32,176
1,46,264,10,176
1,47,264,126,176
1,48,264,19,176
1,49,264,31,176
1,50,264,27,176
1,51,264,163,176
1,52,264,133,176
1,53,264,28,176
1,54,264,9,176
1,55,264,13,176
1,56,264,20,176
1,57,264,30,176
1,58,264,143,176
1,59,264,15,176
1,60,264,26,176
1,61,264,24,176
1,62,264,162,176
1,63,264,5,176
1,64,264,3,176
1,65,264,130,176
1,66,264,18,176
1,67,264,12,176
1,68,264,160,176
1,69,264,108,176
1,70,264,6,176
1,71,264,14,176
1,72,264,29,176
1,73,264,132,176
1,74,264,4,176
1,75,264,2,176
1,76,264,7,176
1,77,264,11,176
1,78,264,97,176
1,79,264,102,176
1,80,264,113,176
1,81,264,95,176
1,82,264,94,176
1,83,264,117,176
1,84,264,114,176
1,85,264,106,176
1,86,264,25,176
1,87,264,115,176
1,88,264,93,176
1,89,264,92,176
1,90,264,107,176
1,91,264,101,176
1,92,264,91,176
1,93,264,100,176
1,94,264,116,176
1,95,264,89,176
1,96,264,103,176
1,97,264,112,176
1,98,264,17,176
1,99,264,96,176
1,100,264,118,176
1,101,264,90,176
1,102,264,111,176
1,103,264,110,176
1,104,264,99,176
1,105,264,98,176
1,106,264,104,176
1,107,264,109,176
1,108,264,8,176
1,109,264,105,176
1,110,264,84,176
1,111,264,66,176
1,112,264,23,176
1,113,264,69,176
1,114,264,85,176
1,115,264,77,176
1,116,264,87,176
1,117,264,70,176
1,118,264,72,176
1,119,264,83,176
1,120,264,79,176
1,121,264,82,176
1,122,264,81,176
1,123,264,78,176
1,124,264,76,176
1,125,264,86,176
1,126,264,64,176
1,127,264,71,176
1,128,264,80,176
1,129,264,88,176
1,130,264,48,176
1,131,264,75,176
1,132,264,67,176
1,133,264,73,176
1,134,264,44,176
1,135,264,63,176
1,136,264,74,176
1,137,264,65,176
1,138,264,62,176
1,139,264,68,176
9,140,264,51,176
5,141,264,36,176
5,142,264,54,176
5,143,264,41,176
5,144,264,33,176
5,145,264,61,176
5,146,264,55,176
5,147,264,43,176
5,148,264,46,176
5,149,264,40,176
5,150,264,37,176
5,151,264,60,176
5,152,264,50,176
5,153,264,47,176
5,154,264,53,176
5,155,264,39,176
5,156,264,58,176
5,157,264,35,176
5,158,264,59,176
5,159,264,45,176
5,160,264,42,176
5,161,264,49,176
5,162,264,56,176
5,163,264,38,176
5,164,264,34,176
5,165,264,57,176
5,166,264,52,176
1,1,265,146,276
1,2,265,141,276
1,3,265,155,276
1,4,265,147,276
1,5,265,139,276
1,6,265,134,276
1,7,265,166,276
1,8,265,152,276
1,9,265,138,276
1,10,265,144,276
1,11,265,124,276
1,12,265,122,276
1,13,265,149,276
1,14,265,128,276
1,15,265,129,276
1,16,265,119,276
1,17,265,123,276
1,18,265,161,276
1,19,265,154,276
1,20,265,145,276
1,21,265,125,276
1,22,265,150,276
1,23,265,156,276
1,24,265,142,276
1,25,265,165,276
1,26,265,159,276
1,27,265,158,276
1,28,265,153,276
1,29,265,135,276
1,30,265,137,276
1,31,265,164,276
1,32,265,148,276
1,33,265,151,276
1,34,265,157,276
1,35,265,22,276
1,36,265,127,276
1,37,265,1,276
1,38,265,131,276
1,39,265,136,276
1,40,265,140,276
1,41,265,120,276
1,42,265,21,276
1,43,265,121,276
1,44,265,16,276
1,45,265,32,276
1,46,265,10,276
1,47,265,126,276
1,48,265,19,276
1,49,265,31,276
1,50,265,27,276
1,51,265,163,276
1,52,265,133,276
1,53,265,28,276
1,54,265,9,276
1,55,265,13,276
1,56,265,20,276
1,57,265,30,276
1,58,265,143,276
1,59,265,15,276
1,60,265,26,276
1,61,265,24,276
1,62,265,162,276
1,63,265,5,276
1,64,265,3,276
1,65,265,130,276
1,66,265,18,276
1,67,265,12,276
1,68,265,160,276
1,69,265,108,276
1,70,265,6,276
1,71,265,14,276
1,72,265,29,276
1,73,265,132,276
1,74,265,4,276
1,75,265,2,276
1,76,265,7,276
1,77,265,11,276
1,78,265,97,276
1,79,265,102,276
1,80,265,113,276
1,81,265,95,276
1,82,265,94,276
1,83,265,117,276
1,84,265,114,276
1,85,265,106,276
1,86,265,25,276
1,87,265,115,276
1,88,265,93,276
1,89,265,92,276
1,90,265,107,276
1,91,265,101,276
1,92,265,91,276
1,93,265,100,276
1,94,265,116,276
1,95,265,89,276
1,96,265,103,276
1,97,265,112,276
1,98,265,17,276
1,99,265,96,276
1,100,265,118,276
1,101,265,90,276
1,102,265,111,276
1,103,265,110,276
1,104,265,99,276
1,105,265,98,276
1,106,265,104,276
1,107,265,109,276
1,108,265,8,276
1,109,265,105,276
1,110,265,84,276
1,111,265,66,276
1,112,265,23,276
1,113,265,69,276
1,114,265,85,276
1,115,265,77,276
1,116,265,87,276
1,117,265,70,276
1,118,265,72,276
1,119,265,83,276
1,120,265,79,276
1,121,265,82,276
1,122,265,81,276
1,123,265,78,276
1,124,265,76,276
1,125,265,86,276
1,126,265,64,276
1,127,265,71,276
1,128,265,80,276
1,129,265,88,276
1,130,265,48,276
1,131,265,75,276
1,132,265,67,276
1,133,265,73,276
1,134,265,44,276
1,135,265,63,276
1,136,265,74,276
1,137,265,65,276
1,138,265,62,276
1,139,265,68,276
9,140,265,51,276
5,141,265,36,276
5,142,265,54,276
5,143,265,41,276
5,144,265,33,276
5,145,265,61,276
5,146,265,55,276
5,147,265,43,276
5,148,265,46,276
5,149,265,40,276
5,150,265,37,276
5,151,265,60,276
5,152,265,50,276
5,153,265,47,276
5,154,265,53,276
5,155,265,39,276
5,156,265,58,276
5,157,265,35,276
5,158,265,59,276
5,159,265,45,276
5,160,265,42,276
5,161,265,49,276
5,162,265,56,276
5,163,265,38,276
5,164,265,34,276
5,165,265,57,276
5,166,265,52,276
1,1,266,146,103
1,2,266,141,103
1,3,266,155,103
1,4,266,147,103
1,5,266,139,103
1,6,266,134,103
1,7,266,166,103
1,8,266,152,103
1,9,266,138,103
1,10,266,144,103
1,11,266,124,103
1,12,266,122,103
1,13,266,149,103
1,14,266,128,103
1,15,266,129,103
1,16,266,119,103
1,17,266,123,103
1,18,266,161,103
1,19,266,154,103
1,20,266,145,103
1,21,266,125,103
1,22,266,150,103
1,23,266,156,103
1,24,266,142,103
1,25,266,165,103
1,26,266,159,103
1,27,266,158,103
1,28,266,153,103
1,29,266,135,103
1,30,266,137,103
1,31,266,164,103
1,32,266,148,103
1,33,266,151,103
1,34,266,157,103
1,35,266,22,103
1,36,266,127,103
1,37,266,1,103
1,38,266,131,103
1,39,266,136,103
1,40,266,140,103
1,41,266,120,103
1,42,266,21,103
1,43,266,121,103
1,44,266,16,103
1,45,266,32,103
1,46,266,10,103
1,47,266,126,103
1,48,266,19,103
1,49,266,31,103
1,50,266,27,103
1,51,266,163,103
1,52,266,133,103
1,53,266,28,103
1,54,266,9,103
1,55,266,13,103
1,56,266,20,103
1,57,266,30,103
1,58,266,143,103
1,59,266,15,103
1,60,266,26,103
1,61,266,24,103
1,62,266,162,103
1,63,266,5,103
1,64,266,3,103
1,65,266,130,103
1,66,266,18,103
1,67,266,12,103
1,68,266,160,103
1,69,266,108,103
1,70,266,6,103
1,71,266,14,103
1,72,266,29,103
1,73,266,132,103
1,74,266,4,103
1,75,266,2,103
1,76,266,7,103
1,77,266,11,103
1,78,266,97,103
1,79,266,102,103
1,80,266,113,103
1,81,266,95,103
1,82,266,94,103
1,83,266,117,103
1,84,266,114,103
1,85,266,106,103
1,86,266,25,103
1,87,266,115,103
1,88,266,93,103
1,89,266,92,103
1,90,266,107,103
1,91,266,101,103
1,92,266,91,103
1,93,266,100,103
1,94,266,116,103
1,95,266,89,103
1,96,266,103,103
1,97,266,112,103
1,98,266,17,103
1,99,266,96,103
1,100,266,118,103
1,101,266,90,103
1,102,266,111,103
1,103,266,110,103
1,104,266,99,103
1,105,266,98,103
1,106,266,104,103
1,107,266,109,103
1,108,266,8,103
1,109,266,105,103
1,110,266,84,103
1,111,266,66,103
1,112,266,23,103
1,113,266,69,103
1,114,266,85,103
1,115,266,77,103
1,116,266,87,103
1,117,266,70,103
1,118,266,72,103
1,119,266,83,103
1,120,266,79,103
1,121,266,82,103
1,122,266,81,103
1,123,266,78,103
1,124,266,76,103
1,125,266,86,103
1,126,266,64,103
1,127,266,71,103
1,128,266,80,103
1,129,266,88,103
1,130,266,48,103
1,131,266,75,103
1,132,266,67,103
1,133,266,73,103
1,134,266,44,103
1,135,266,63,103
1,136,266,74,103
1,137,266,65,103
1,138,266,62,103
1,139,266,68,103
9,140,266,51,103
5,141,266,36,103
5,142,266,54,103
5,143,266,41,103
5,144,266,33,103
5,145,266,61,103
5,146,266,55,103
5,147,266,43,103
5,148,266,46,103
5,149,266,40,103
5,150,266,37,103
5,151,266,60,103
5,152,266,50,103
5,153,266,47,103
5,154,266,53,103
5,155,266,39,103
5,156,266,58,103
5,157,266,35,103
5,158,266,59,103
5,159,266,45,103
5,160,266,42,103
5,161,266,49,103
5,162,266,56,103
5,163,266,38,103
5,164,266,34,103
5,165,266,57,103
5,166,266,52,103
1,1,267,146,100
1,2,267,141,100
1,3,267,155,100
1,4,267,147,100
1,5,267,139,100
1,6,267,134,100
1,7,267,166,100
1,8,267,152,100
1,9,267,138,100
1,10,267,144,100
1,11,267,124,100
1,12,267,122,100
1,13,267,149,100
1,14,267,128,100
1,15,267,129,100
1,16,267,119,100
1,17,267,123,100
1,18,267,161,100
1,19,267,154,100
1,20,267,145,100
1,21,267,125,100
1,22,267,150,100
1,23,267,156,100
1,24,267,142,100
1,25,267,165,100
1,26,267,159,100
1,27,267,158,100
1,28,267,153,100
1,29,267,135,100
1,30,267,137,100
1,31,267,164,100
1,32,267,148,100
1,33,267,151,100
1,34,267,157,100
1,35,267,22,100
1,36,267,127,100
1,37,267,1,100
1,38,267,131,100
1,39,267,136,100
1,40,267,140,100
1,41,267,120,100
1,42,267,21,100
1,43,267,121,100
1,44,267,16,100
1,45,267,32,100
1,46,267,10,100
1,47,267,126,100
1,48,267,19,100
1,49,267,31,100
1,50,267,27,100
1,51,267,163,100
1,52,267,133,100
1,53,267,28,100
1,54,267,9,100
1,55,267,13,100
1,56,267,20,100
1,57,267,30,100
1,58,267,143,100
1,59,267,15,100
1,60,267,26,100
1,61,267,24,100
1,62,267,162,100
1,63,267,5,100
1,64,267,3,100
1,65,267,130,100
1,66,267,18,100
1,67,267,12,100
1,68,267,160,100
1,69,267,108,100
1,70,267,6,100
1,71,267,14,100
1,72,267,29,100
1,73,267,132,100
1,74,267,4,100
1,75,267,2,100
1,76,267,7,100
1,77,267,11,100
1,78,267,97,100
1,79,267,102,100
1,80,267,113,100
1,81,267,95,100
1,82,267,94,100
1,83,267,117,100
1,84,267,114,100
1,85,267,106,100
1,86,267,25,100
1,87,267,115,100
1,88,267,93,100
1,89,267,92,100
1,90,267,107,100
1,91,267,101,100
1,92,267,91,100
1,93,267,100,100
1,94,267,116,100
1,95,267,89,100
1,96,267,103,100
1,97,267,112,100
1,98,267,17,100
1,99,267,96,100
1,100,267,118,100
1,101,267,90,100
1,102,267,111,100
1,103,267,110,100
1,104,267,99,100
1,105,267,98,100
1,106,267,104,100
1,107,267,109,100
1,108,267,8,100
1,109,267,105,100
1,110,267,84,100
1,111,267,66,100
1,112,267,23,100
1,113,267,69,100
1,114,267,85,100
1,115,267,77,100
1,116,267,87,100
1,117,267,70,100
1,118,267,72,100
1,119,267,83,100
1,120,267,79,100
1,121,267,82,100
1,122,267,81,100
1,123,267,78,100
1,124,267,76,100
1,125,267,86,100
1,126,267,64,100
1,127,267,71,100
1,128,267,80,100
1,129,267,88,100
1,130,267,48,100
1,131,267,75,100
1,132,267,67,100
1,133,267,73,100
1,134,267,44,100
1,135,267,63,100
1,136,267,74,100
1,137,267,65,100
1,138,267,62,100
1,139,267,68,100
9,140,267,51,100
5,141,267,36,100
5,142,267,54,100
5,143,267,41,100
5,144,267,33,100
5,145,267,61,100
5,146,267,55,100
5,147,267,43,100
5,148,267,46,100
5,149,267,40,100
5,150,267,37,100
5,151,267,60,100
5,152,267,50,100
5,153,267,47,100
5,154,267,53,100
5,155,267,39,100
5,156,267,58,100
5,157,267,35,100
5,158,267,59,100
5,159,267,45,100
5,160,267,42,100
5,161,267,49,100
5,162,267,56,100
5,163,267,38,100
5,164,267,34,100
5,165,267,57,100
5,166,267,52,100
1,1,268,146,21
1,2,268,141,21
1,3,268,155,21
1,4,268,147,21
1,5,268,139,21
1,6,268,134,21
1,7,268,166,21
1,8,268,152,21
1,9,268,138,21
1,10,268,144,21
1,11,268,124,21
1,12,268,122,21
1,13,268,149,21
1,14,268,128,21
1,15,268,129,21
1,16,268,119,21
1,17,268,123,21
1,18,268,161,21
1,19,268,154,21
1,20,268,145,21
1,21,268,125,21
1,22,268,150,21
1,23,268,156,21
1,24,268,142,21
1,25,268,165,21
1,26,268,159,21
1,27,268,158,21
1,28,268,153,21
1,29,268,135,21
1,30,268,137,21
1,31,268,164,21
1,32,268,148,21
1,33,268,151,21
1,34,268,157,21
1,35,268,22,21
1,36,268,127,21
1,37,268,1,21
1,38,268,131,21
1,39,268,136,21
1,40,268,140,21
1,41,268,120,21
1,42,268,21,21
1,43,268,121,21
1,44,268,16,21
1,45,268,32,21
1,46,268,10,21
1,47,268,126,21
1,48,268,19,21
1,49,268,31,21
1,50,268,27,21
1,51,268,163,21
1,52,268,133,21
1,53,268,28,21
1,54,268,9,21
1,55,268,13,21
1,56,268,20,21
1,57,268,30,21
1,58,268,143,21
1,59,268,15,21
1,60,268,26,21
1,61,268,24,21
1,62,268,162,21
1,63,268,5,21
1,64,268,3,21
1,65,268,130,21
1,66,268,18,21
1,67,268,12,21
1,68,268,160,21
1,69,268,108,21
1,70,268,6,21
1,71,268,14,21
1,72,268,29,21
1,73,268,132,21
1,74,268,4,21
1,75,268,2,21
1,76,268,7,21
1,77,268,11,21
1,78,268,97,21
1,79,268,102,21
1,80,268,113,21
1,81,268,95,21
1,82,268,94,21
1,83,268,117,21
1,84,268,114,21
1,85,268,106,21
1,86,268,25,21
1,87,268,115,21
1,88,268,93,21
1,89,268,92,21
1,90,268,107,21
1,91,268,101,21
1,92,268,91,21
1,93,268,100,21
1,94,268,116,21
1,95,268,89,21
1,96,268,103,21
1,97,268,112,21
1,98,268,17,21
1,99,268,96,21
1,100,268,118,21
1,101,268,90,21
1,102,268,111,21
1,103,268,110,21
1,104,268,99,21
1,105,268,98,21
1,106,268,104,21
1,107,268,109,21
1,108,268,8,21
1,109,268,105,21
1,110,268,84,21
1,111,268,66,21
1,112,268,23,21
1,113,268,69,21
1,114,268,85,21
1,115,268,77,21
1,116,268,87,21
1,117,268,70,21
1,118,268,72,21
1,119,268,83,21
1,120,268,79,21
1,121,268,82,21
1,122,268,81,21
1,123,268,78,21
1,124,268,76,21
1,125,268,86,21
1,126,268,64,21
1,127,268,71,21
1,128,268,80,21
1,129,268,88,21
1,130,268,48,21
1,131,268,75,21
1,132,268,67,21
1,133,268,73,21
1,134,268,44,21
1,135,268,63,21
1,136,268,74,21
1,137,268,65,21
1,138,268,62,21
1,139,268,68,21
9,140,268,51,21
5,141,268,36,21
5,142,268,54,21
5,143,268,41,21
5,144,268,33,21
5,145,268,61,21
5,146,268,55,21
5,147,268,43,21
5,148,268,46,21
5,149,268,40,21
5,150,268,37,21
5,151,268,60,21
5,152,268,50,21
5,153,268,47,21
5,154,268,53,21
5,155,268,39,21
5,156,268,58,21
5,157,268,35,21
5,158,268,59,21
5,159,268,45,21
5,160,268,42,21
5,161,268,49,21
5,162,268,56,21
5,163,268,38,21
5,164,268,34,21
5,165,268,57,21
5,166,268,52,21
1,1,269,146,18
1,2,269,141,18
1,3,269,155,18
1,4,269,147,18
1,5,269,139,18
1,6,269,134,18
1,7,269,166,18
1,8,269,152,18
1,9,269,138,18
1,10,269,144,18
1,11,269,124,18
1,12,269,122,18
1,13,269,149,18
1,14,269,128,18
1,15,269,129,18
1,16,269,119,18
1,17,269,123,18
1,18,269,161,18
1,19,269,154,18
1,20,269,145,18
1,21,269,125,18
1,22,269,150,18
1,23,269,156,18
1,24,269,142,18
1,25,269,165,18
1,26,269,159,18
1,27,269,158,18
1,28,269,153,18
1,29,269,135,18
1,30,269,137,18
1,31,269,164,18
1,32,269,148,18
1,33,269,151,18
1,34,269,157,18
1,35,269,22,18
1,36,269,127,18
1,37,269,1,18
1,38,269,131,18
1,39,269,136,18
1,40,269,140,18
1,41,269,120,18
1,42,269,21,18
1,43,269,121,18
1,44,269,16,18
1,45,269,32,18
1,46,269,10,18
1,47,269,126,18
1,48,269,19,18
1,49,269,31,18
1,50,269,27,18
1,51,269,163,18
1,52,269,133,18
1,53,269,28,18
1,54,269,9,18
1,55,269,13,18
1,56,269,20,18
1,57,269,30,18
1,58,269,143,18
1,59,269,15,18
1,60,269,26,18
1,61,269,24,18
1,62,269,162,18
1,63,269,5,18
1,64,269,3,18
1,65,269,130,18
1,66,269,18,18
1,67,269,12,18
1,68,269,160,18
1,69,269,108,18
1,70,269,6,18
1,71,269,14,18
1,72,269,29,18
1,73,269,132,18
1,74,269,4,18
1,75,269,2,18
1,76,269,7,18
1,77,269,11,18
1,78,269,97,18
1,79,269,102,18
1,80,269,113,18
1,81,269,95,18
1,82,269,94,18
1,83,269,117,18
1,84,269,114,18
1,85,269,106,18
1,86,269,25,18
1,87,269,115,18
1,88,269,93,18
1,89,269,92,18
1,90,269,107,18
1,91,269,101,18
1,92,269,91,18
1,93,269,100,18
1,94,269,116,18
1,95,269,89,18
1,96,269,103,18
1,97,269,112,18
1,98,269,17,18
1,99,269,96,18
1,100,269,118,18
1,101,269,90,18
1,102,269,111,18
1,103,269,110,18
1,104,269,99,18
1,105,269,98,18
1,106,269,104,18
1,107,269,109,18
1,108,269,8,18
1,109,269,105,18
1,110,269,84,18
1,111,269,66,18
1,112,269,23,18
1,113,269,69,18
1,114,269,85,18
1,115,269,77,18
1,116,269,87,18
1,117,269,70,18
1,118,269,72,18
1,119,269,83,18
1,120,269,79,18
1,121,269,82,18
1,122,269,81,18
1,123,269,78,18
1,124,269,76,18
1,125,269,86,18
1,126,269,64,18
1,127,269,71,18
1,128,269,80,18
1,129,269,88,18
1,130,269,48,18
1,131,269,75,18
1,132,269,67,18
1,133,269,73,18
1,134,269,44,18
1,135,269,63,18
1,136,269,74,18
1,137,269,65,18
1,138,269,62,18
1,139,269,68,18
9,140,269,51,18
5,141,269,36,18
5,142,269,54,18
5,143,269,41,18
5,144,269,33,18
5,145,269,61,18
5,146,269,55,18
5,147,269,43,18
5,148,269,46,18
5,149,269,40,18
5,150,269,37,18
5,151,269,60,18
5,152,269,50,18
5,153,269,47,18
5,154,269,53,18
5,155,269,39,18
5,156,269,58,18
5,157,269,35,18
5,158,269,59,18
5,159,269,45,18
5,160,269,42,18
5,161,269,49,18
5,162,269,56,18
5,163,269,38,18
5,164,269,34,18
5,165,269,57,18
5,166,269,52,18
1,1,270,146,17
1,2,270,141,17
1,3,270,155,17
1,4,270,147,17
1,5,270,139,17
1,6,270,134,17
1,7,270,166,17
1,8,270,152,17
1,9,270,138,17
1,10,270,144,17
1,11,270,124,17
1,12,270,122,17
1,13,270,149,17
1,14,270,128,17
1,15,270,129,17
1,16,270,119,17
1,17,270,123,17
1,18,270,161,17
1,19,270,154,17
1,20,270,145,17
1,21,270,125,17
1,22,270,150,17
1,23,270,156,17
1,24,270,142,17
1,25,270,165,17
1,26,270,159,17
1,27,270,158,17
1,28,270,153,17
1,29,270,135,17
1,30,270,137,17
1,31,270,164,17
1,32,270,148,17
1,33,270,151,17
1,34,270,157,17
1,35,270,22,17
1,36,270,127,17
1,37,270,1,17
1,38,270,131,17
1,39,270,136,17
1,40,270,140,17
1,41,270,120,17
1,42,270,21,17
1,43,270,121,17
1,44,270,16,17
1,45,270,32,17
1,46,270,10,17
1,47,270,126,17
1,48,270,19,17
1,49,270,31,17
1,50,270,27,17
1,51,270,163,17
1,52,270,133,17
1,53,270,28,17
1,54,270,9,17
1,55,270,13,17
1,56,270,20,17
1,57,270,30,17
1,58,270,143,17
1,59,270,15,17
1,60,270,26,17
1,61,270,24,17
1,62,270,162,17
1,63,270,5,17
1,64,270,3,17
1,65,270,130,17
1,66,270,18,17
1,67,270,12,17
1,68,270,160,17
1,69,270,108,17
1,70,270,6,17
1,71,270,14,17
1,72,270,29,17
1,73,270,132,17
1,74,270,4,17
1,75,270,2,17
1,76,270,7,17
1,77,270,11,17
1,78,270,97,17
1,79,270,102,17
1,80,270,113,17
1,81,270,95,17
1,82,270,94,17
1,83,270,117,17
1,84,270,114,17
1,85,270,106,17
1,86,270,25,17
1,87,270,115,17
1,88,270,93,17
1,89,270,92,17
1,90,270,107,17
1,91,270,101,17
1,92,270,91,17
1,93,270,100,17
1,94,270,116,17
1,95,270,89,17
1,96,270,103,17
1,97,270,112,17
1,98,270,17,17
1,99,270,96,17
1,100,270,118,17
1,101,270,90,17
1,102,270,111,17
1,103,270,110,17
1,104,270,99,17
1,105,270,98,17
1,106,270,104,17
1,107,270,109,17
1,108,270,8,17
1,109,270,105,17
1,110,270,84,17
1,111,270,66,17
1,112,270,23,17
1,113,270,69,17
1,114,270,85,17
1,115,270,77,17
1,116,270,87,17
1,117,270,70,17
1,118,270,72,17
1,119,270,83,17
1,120,270,79,17
1,121,270,82,17
1,122,270,81,17
1,123,270,78,17
1,124,270,76,17
1,125,270,86,17
1,126,270,64,17
1,127,270,71,17
1,128,270,80,17
1,129,270,88,17
1,130,270,48,17
1,131,270,75,17
1,132,270,67,17
1,133,270,73,17
1,134,270,44,17
1,135,270,63,17
1,136,270,74,17
1,137,270,65,17
1,138,270,62,17
1,139,270,68,17
9,140,270,51,17
5,141,270,36,17
5,142,270,54,17
5,143,270,41,17
5,144,270,33,17
5,145,270,61,17
5,146,270,55,17
5,147,270,43,17
5,148,270,46,17
5,149,270,40,17
5,150,270,37,17
5,151,270,60,17
5,152,270,50,17
5,153,270,47,17
5,154,270,53,17
5,155,270,39,17
5,156,270,58,17
5,157,270,35,17
5,158,270,59,17
5,159,270,45,17
5,160,270,42,17
5,161,270,49,17
5,162,270,56,17
5,163,270,38,17
5,164,270,34,17
5,165,270,57,17
5,166,270,52,17
1,1,271,146,222
1,2,271,141,222
1,3,271,155,222
1,4,271,147,222
1,5,271,139,222
1,6,271,134,222
1,7,271,166,222
1,8,271,152,222
1,9,271,138,222
1,10,271,144,222
1,11,271,124,222
1,12,271,122,222
1,13,271,149,222
1,14,271,128,222
1,15,271,129,222
1,16,271,119,222
1,17,271,123,222
1,18,271,161,222
1,19,271,154,222
1,20,271,145,222
1,21,271,125,222
1,22,271,150,222
1,23,271,156,222
1,24,271,142,222
1,25,271,165,222
1,26,271,159,222
1,27,271,158,222
1,28,271,153,222
1,29,271,135,222
1,30,271,137,222
1,31,271,164,222
1,32,271,148,222
1,33,271,151,222
1,34,271,157,222
1,35,271,22,222
1,36,271,127,222
1,37,271,1,222
1,38,271,131,222
1,39,271,136,222
1,40,271,140,222
1,41,271,120,222
1,42,271,21,222
1,43,271,121,222
1,44,271,16,222
1,45,271,32,222
1,46,271,10,222
1,47,271,126,222
1,48,271,19,222
1,49,271,31,222
1,50,271,27,222
1,51,271,163,222
1,52,271,133,222
1,53,271,28,222
1,54,271,9,222
1,55,271,13,222
1,56,271,20,222
1,57,271,30,222
1,58,271,143,222
1,59,271,15,222
1,60,271,26,222
1,61,271,24,222
1,62,271,162,222
1,63,271,5,222
1,64,271,3,222
1,65,271,130,222
1,66,271,18,222
1,67,271,12,222
1,68,271,160,222
1,69,271,108,222
1,70,271,6,222
1,71,271,14,222
1,72,271,29,222
1,73,271,132,222
1,74,271,4,222
1,75,271,2,222
1,76,271,7,222
1,77,271,11,222
1,78,271,97,222
1,79,271,102,222
1,80,271,113,222
1,81,271,95,222
1,82,271,94,222
1,83,271,117,222
1,84,271,114,222
1,85,271,106,222
1,86,271,25,222
1,87,271,115,222
1,88,271,93,222
1,89,271,92,222
1,90,271,107,222
1,91,271,101,222
1,92,271,91,222
1,93,271,100,222
1,94,271,116,222
1,95,271,89,222
1,96,271,103,222
1,97,271,112,222
1,98,271,17,222
1,99,271,96,222
1,100,271,118,222
1,101,271,90,222
1,102,271,111,222
1,103,271,110,222
1,104,271,99,222
1,105,271,98,222
1,106,271,104,222
1,107,271,109,222
1,108,271,8,222
1,109,271,105,222
1,110,271,84,222
1,111,271,66,222
1,112,271,23,222
1,113,271,69,222
1,114,271,85,222
1,115,271,77,222
1,116,271,87,222
1,117,271,70,222
1,118,271,72,222
1,119,271,83,222
1,120,271,79,222
1,121,271,82,222
1,122,271,81,222
1,123,271,78,222
1,124,271,76,222
1,125,271,86,222
1,126,271,64,222
1,127,271,71,222
1,128,271,80,222
1,129,271,88,222
1,130,271,48,222
1,131,271,75,222
1,132,271,67,222
1,133,271,73,222
1,134,271,44,222
1,135,271,63,222
1,136,271,74,222
1,137,271,65,222
1,138,271,62,222
1,139,271,68,222
9,140,271,51,222
5,141,271,36,222
5,142,271,54,222
5,143,271,41,222
5,144,271,33,222
5,145,271,61,222
5,146,271,55,222
5,147,271,43,222
5,148,271,46,222
5,149,271,40,222
5,150,271,37,222
5,151,271,60,222
5,152,271,50,222
5,153,271,47,222
5,154,271,53,222
5,155,271,39,222
5,156,271,58,222
5,157,271,35,222
5,158,271,59,222
5,159,271,45,222
5,160,271,42,222
5,161,271,49,222
5,162,271,56,222
5,163,271,38,222
5,164,271,34,222
5,165,271,57,222
5,166,271,52,222
1,1,272,146,2
1,2,272,141,2
1,3,272,155,2
1,4,272,147,2
1,5,272,139,2
1,6,272,134,2
1,7,272,166,2
1,8,272,152,2
1,9,272,138,2
1,10,272,144,2
1,11,272,124,2
1,12,272,122,2
1,13,272,149,2
1,14,272,128,2
1,15,272,129,2
1,16,272,119,2
1,17,272,123,2
1,18,272,161,2
1,19,272,154,2
1,20,272,145,2
1,21,272,125,2
1,22,272,150,2
1,23,272,156,2
1,24,272,142,2
1,25,272,165,2
1,26,272,159,2
1,27,272,158,2
1,28,272,153,2
1,29,272,135,2
1,30,272,137,2
1,31,272,164,2
1,32,272,148,2
1,33,272,151,2
1,34,272,157,2
1,35,272,22,2
1,36,272,127,2
1,37,272,1,2
1,38,272,131,2
1,39,272,136,2
1,40,272,140,2
1,41,272,120,2
1,42,272,21,2
1,43,272,121,2
1,44,272,16,2
1,45,272,32,2
1,46,272,10,2
1,47,272,126,2
1,48,272,19,2
1,49,272,31,2
1,50,272,27,2
1,51,272,163,2
1,52,272,133,2
1,53,272,28,2
1,54,272,9,2
1,55,272,13,2
1,56,272,20,2
1,57,272,30,2
1,58,272,143,2
1,59,272,15,2
1,60,272,26,2
1,61,272,24,2
1,62,272,162,2
1,63,272,5,2
1,64,272,3,2
1,65,272,130,2
1,66,272,18,2
1,67,272,12,2
1,68,272,160,2
1,69,272,108,2
1,70,272,6,2
1,71,272,14,2
1,72,272,29,2
1,73,272,132,2
1,74,272,4,2
1,75,272,2,2
1,76,272,7,2
1,77,272,11,2
1,78,272,97,2
1,79,272,102,2
1,80,272,113,2
1,81,272,95,2
1,82,272,94,2
1,83,272,117,2
1,84,272,114,2
1,85,272,106,2
1,86,272,25,2
1,87,272,115,2
1,88,272,93,2
1,89,272,92,2
1,90,272,107,2
1,91,272,101,2
1,92,272,91,2
1,93,272,100,2
1,94,272,116,2
1,95,272,89,2
1,96,272,103,2
1,97,272,112,2
1,98,272,17,2
1,99,272,96,2
1,100,272,118,2
1,101,272,90,2
1,102,272,111,2
1,103,272,110,2
1,104,272,99,2
1,105,272,98,2
1,106,272,104,2
1,107,272,109,2
1,108,272,8,2
1,109,272,105,2
1,110,272,84,2
1,111,272,66,2
1,112,272,23,2
1,113,272,69,2
1,114,272,85,2
1,115,272,77,2
1,116,272,87,2
1,117,272,70,2
1,118,272,72,2
1,119,272,83,2
1,120,272,79,2
1,121,272,82,2
1,122,272,81,2
1,123,272,78,2
1,124,272,76,2
1,125,272,86,2
1,126,272,64,2
1,127,272,71,2
1,128,272,80,2
1,129,272,88,2
1,130,272,48,2
1,131,272,75,2
1,132,272,67,2
1,133,272,73,2
1,134,272,44,2
1,135,272,63,2
1,136,272,74,2
1,137,272,65,2
1,138,272,62,2
1,139,272,68,2
9,140,272,51,2
5,141,272,36,2
5,142,272,54,2
5,143,272,41,2
5,144,272,33,2
5,145,272,61,2
5,146,272,55,2
5,147,272,43,2
5,148,272,46,2
5,149,272,40,2
5,150,272,37,2
5,151,272,60,2
5,152,272,50,2
5,153,272,47,2
5,154,272,53,2
5,155,272,39,2
5,156,272,58,2
5,157,272,35,2
5,158,272,59,2
5,159,272,45,2
5,160,272,42,2
5,161,272,49,2
5,162,272,56,2
5,163,272,38,2
5,164,272,34,2
5,165,272,57,2
5,166,272,52,2
1,1,273,146,234
1,2,273,141,234
1,3,273,155,234
1,4,273,147,234
1,5,273,139,234
1,6,273,134,234
1,7,273,166,234
1,8,273,152,234
1,9,273,138,234
1,10,273,144,234
1,11,273,124,234
1,12,273,122,234
1,13,273,149,234
1,14,273,128,234
1,15,273,129,234
1,16,273,119,234
1,17,273,123,234
1,18,273,161,234
1,19,273,154,234
1,20,273,145,234
1,21,273,125,234
1,22,273,150,234
1,23,273,156,234
1,24,273,142,234
1,25,273,165,234
1,26,273,159,234
1,27,273,158,234
1,28,273,153,234
1,29,273,135,234
1,30,273,137,234
1,31,273,164,234
1,32,273,148,234
1,33,273,151,234
1,34,273,157,234
1,35,273,22,234
1,36,273,127,234
1,37,273,1,234
1,38,273,131,234
1,39,273,136,234
1,40,273,140,234
1,41,273,120,234
1,42,273,21,234
1,43,273,121,234
1,44,273,16,234
1,45,273,32,234
1,46,273,10,234
1,47,273,126,234
1,48,273,19,234
1,49,273,31,234
1,50,273,27,234
1,51,273,163,234
1,52,273,133,234
1,53,273,28,234
1,54,273,9,234
1,55,273,13,234
1,56,273,20,234
1,57,273,30,234
1,58,273,143,234
1,59,273,15,234
1,60,273,26,234
1,61,273,24,234
1,62,273,162,234
1,63,273,5,234
1,64,273,3,234
1,65,273,130,234
1,66,273,18,234
1,67,273,12,234
1,68,273,160,234
1,69,273,108,234
1,70,273,6,234
1,71,273,14,234
1,72,273,29,234
1,73,273,132,234
1,74,273,4,234
1,75,273,2,234
1,76,273,7,234
1,77,273,11,234
1,78,273,97,234
1,79,273,102,234
1,80,273,113,234
1,81,273,95,234
1,82,273,94,234
1,83,273,117,234
1,84,273,114,234
1,85,273,106,234
1,86,273,25,234
1,87,273,115,234
1,88,273,93,234
1,89,273,92,234
1,90,273,107,234
1,91,273,101,234
1,92,273,91,234
1,93,273,100,234
1,94,273,116,234
1,95,273,89,234
1,96,273,103,234
1,97,273,112,234
1,98,273,17,234
1,99,273,96,234
1,100,273,118,234
1,101,273,90,234
1,102,273,111,234
1,103,273,110,234
1,104,273,99,234
1,105,273,98,234
1,106,273,104,234
1,107,273,109,234
1,108,273,8,234
1,109,273,105,234
1,110,273,84,234
1,111,273,66,234
1,112,273,23,234
1,113,273,69,234
1,114,273,85,234
1,115,273,77,234
1,116,273,87,234
1,117,273,70,234
1,118,273,72,234
1,119,273,83,234
1,120,273,79,234
1,121,273,82,234
1,122,273,81,234
1,123,273,78,234
1,124,273,76,234
1,125,273,86,234
1,126,273,64,234
1,127,273,71,234
1,128,273,80,234
1,129,273,88,234
1,130,273,48,234
1,131,273,75,234
1,132,273,67,234
1,133,273,73,234
1,134,273,44,234
1,135,273,63,234
1,136,273,74,234
1,137,273,65,234
1,138,273,62,234
1,139,273,68,234
9,140,273,51,234
5,141,273,36,234
5,142,273,54,234
5,143,273,41,234
5,144,273,33,234
5,145,273,61,234
5,146,273,55,234
5,147,273,43,234
5,148,273,46,234
5,149,273,40,234
5,150,273,37,234
5,151,273,60,234
5,152,273,50,234
5,153,273,47,234
5,154,273,53,234
5,155,273,39,234
5,156,273,58,234
5,157,273,35,234
5,158,273,59,234
5,159,273,45,234
5,160,273,42,234
5,161,273,49,234
5,162,273,56,234
5,163,273,38,234
5,164,273,34,234
5,165,273,57,234
5,166,273,52,234
1,1,274,146,108
1,2,274,141,108
1,3,274,155,108
1,4,274,147,108
1,5,274,139,108
1,6,274,134,108
1,7,274,166,108
1,8,274,152,108
1,9,274,138,108
1,10,274,144,108
1,11,274,124,108
1,12,274,122,108
1,13,274,149,108
1,14,274,128,108
1,15,274,129,108
1,16,274,119,108
1,17,274,123,108
1,18,274,161,108
1,19,274,154,108
1,20,274,145,108
1,21,274,125,108
1,22,274,150,108
1,23,274,156,108
1,24,274,142,108
1,25,274,165,108
1,26,274,159,108
1,27,274,158,108
1,28,274,153,108
1,29,274,135,108
1,30,274,137,108
1,31,274,164,108
1,32,274,148,108
1,33,274,151,108
1,34,274,157,108
1,35,274,22,108
1,36,274,127,108
1,37,274,1,108
1,38,274,131,108
1,39,274,136,108
1,40,274,140,108
1,41,274,120,108
1,42,274,21,108
1,43,274,121,108
1,44,274,16,108
1,45,274,32,108
1,46,274,10,108
1,47,274,126,108
1,48,274,19,108
1,49,274,31,108
1,50,274,27,108
1,51,274,163,108
1,52,274,133,108
1,53,274,28,108
1,54,274,9,108
1,55,274,13,108
1,56,274,20,108
1,57,274,30,108
1,58,274,143,108
1,59,274,15,108
1,60,274,26,108
1,61,274,24,108
1,62,274,162,108
1,63,274,5,108
1,64,274,3,108
1,65,274,130,108
1,66,274,18,108
1,67,274,12,108
1,68,274,160,108
1,69,274,108,108
1,70,274,6,108
1,71,274,14,108
1,72,274,29,108
1,73,274,132,108
1,74,274,4,108
1,75,274,2,108
1,76,274,7,108
1,77,274,11,108
1,78,274,97,108
1,79,274,102,108
1,80,274,113,108
1,81,274,95,108
1,82,274,94,108
1,83,274,117,108
1,84,274,114,108
1,85,274,106,108
1,86,274,25,108
1,87,274,115,108
1,88,274,93,108
1,89,274,92,108
1,90,274,107,108
1,91,274,101,108
1,92,274,91,108
1,93,274,100,108
1,94,274,116,108
1,95,274,89,108
1,96,274,103,108
1,97,274,112,108
1,98,274,17,108
1,99,274,96,108
1,100,274,118,108
1,101,274,90,108
1,102,274,111,108
1,103,274,110,108
1,104,274,99,108
1,105,274,98,108
1,106,274,104,108
1,107,274,109,108
1,108,274,8,108
1,109,274,105,108
1,110,274,84,108
1,111,274,66,108
1,112,274,23,108
1,113,274,69,108
1,114,274,85,108
1,115,274,77,108
1,116,274,87,108
1,117,274,70,108
1,118,274,72,108
1,119,274,83,108
1,120,274,79,108
1,121,274,82,108
1,122,274,81,108
1,123,274,78,108
1,124,274,76,108
1,125,274,86,108
1,126,274,64,108
1,127,274,71,108
1,128,274,80,108
1,129,274,88,108
1,130,274,48,108
1,131,274,75,108
1,132,274,67,108
1,133,274,73,108
1,134,274,44,108
1,135,274,63,108
1,136,274,74,108
1,137,274,65,108
1,138,274,62,108
1,139,274,68,108
9,140,274,51,108
5,141,274,36,108
5,142,274,54,108
5,143,274,41,108
5,144,274,33,108
5,145,274,61,108
5,146,274,55,108
5,147,274,43,108
5,148,274,46,108
5,149,274,40,108
5,150,274,37,108
5,151,274,60,108
5,152,274,50,108
5,153,274,47,108
5,154,274,53,108
5,155,274,39,108
5,156,274,58,108
5,157,274,35,108
5,158,274,59,108
5,159,274,45,108
5,160,274,42,108
5,161,274,49,108
5,162,274,56,108
5,163,274,38,108
5,164,274,34,108
5,165,274,57,108
5,166,274,52,108
1,1,275,146,119
1,2,275,141,119
1,3,275,155,119
1,4,275,147,119
1,5,275,139,119
1,6,275,134,119
1,7,275,166,119
1,8,275,152,119
1,9,275,138,119
1,10,275,144,119
1,11,275,124,119
1,12,275,122,119
1,13,275,149,119
1,14,275,128,119
1,15,275,129,119
1,16,275,119,119
1,17,275,123,119
1,18,275,161,119
1,19,275,154,119
1,20,275,145,119
1,21,275,125,119
1,22,275,150,119
1,23,275,156,119
1,24,275,142,119
1,25,275,165,119
1,26,275,159,119
1,27,275,158,119
1,28,275,153,119
1,29,275,135,119
1,30,275,137,119
1,31,275,164,119
1,32,275,148,119
1,33,275,151,119
1,34,275,157,119
1,35,275,22,119
1,36,275,127,119
1,37,275,1,119
1,38,275,131,119
1,39,275,136,119
1,40,275,140,119
1,41,275,120,119
1,42,275,21,119
1,43,275,121,119
1,44,275,16,119
1,45,275,32,119
1,46,275,10,119
1,47,275,126,119
1,48,275,19,119
1,49,275,31,119
1,50,275,27,119
1,51,275,163,119
1,52,275,133,119
1,53,275,28,119
1,54,275,9,119
1,55,275,13,119
1,56,275,20,119
1,57,275,30,119
1,58,275,143,119
1,59,275,15,119
1,60,275,26,119
1,61,275,24,119
1,62,275,162,119
1,63,275,5,119
1,64,275,3,119
1,65,275,130,119
1,66,275,18,119
1,67,275,12,119
1,68,275,160,119
1,69,275,108,119
1,70,275,6,119
1,71,275,14,119
1,72,275,29,119
1,73,275,132,119
1,74,275,4,119
1,75,275,2,119
1,76,275,7,119
1,77,275,11,119
1,78,275,97,119
1,79,275,102,119
1,80,275,113,119
1,81,275,95,119
1,82,275,94,119
1,83,275,117,119
1,84,275,114,119
1,85,275,106,119
1,86,275,25,119
1,87,275,115,119
1,88,275,93,119
1,89,275,92,119
1,90,275,107,119
1,91,275,101,119
1,92,275,91,119
1,93,275,100,119
1,94,275,116,119
1,95,275,89,119
1,96,275,103,119
1,97,275,112,119
1,98,275,17,119
1,99,275,96,119
1,100,275,118,119
1,101,275,90,119
1,102,275,111,119
1,103,275,110,119
1,104,275,99,119
1,105,275,98,119
1,106,275,104,119
1,107,275,109,119
1,108,275,8,119
1,109,275,105,119
1,110,275,84,119
1,111,275,66,119
1,112,275,23,119
1,113,275,69,119
1,114,275,85,119
1,115,275,77,119
1,116,275,87,119
1,117,275,70,119
1,118,275,72,119
1,119,275,83,119
1,120,275,79,119
1,121,275,82,119
1,122,275,81,119
1,123,275,78,119
1,124,275,76,119
1,125,275,86,119
1,126,275,64,119
1,127,275,71,119
1,128,275,80,119
1,129,275,88,119
1,130,275,48,119
1,131,275,75,119
1,132,275,67,119
1,133,275,73,119
1,134,275,44,119
1,135,275,63,119
1,136,275,74,119
1,137,275,65,119
1,138,275,62,119
1,139,275,68,119
9,140,275,51,119
5,141,275,36,119
5,142,275,54,119
5,143,275,41,119
5,144,275,33,119
5,145,275,61,119
5,146,275,55,119
5,147,275,43,119
5,148,275,46,119
5,149,275,40,119
5,150,275,37,119
5,151,275,60,119
5,152,275,50,119
5,153,275,47,119
5,154,275,53,119
5,155,275,39,119
5,156,275,58,119
5,157,275,35,119
5,158,275,59,119
5,159,275,45,119
5,160,275,42,119
5,161,275,49,119
5,162,275,56,119
5,163,275,38,119
5,164,275,34,119
5,165,275,57,119
5,166,275,52,119
1,1,276,146,178
1,2,276,141,178
1,3,276,155,178
1,4,276,147,178
1,5,276,139,178
1,6,276,134,178
1,7,276,166,178
1,8,276,152,178
1,9,276,138,178
1,10,276,144,178
1,11,276,124,178
1,12,276,122,178
1,13,276,149,178
1,14,276,128,178
1,15,276,129,178
1,16,276,119,178
1,17,276,123,178
1,18,276,161,178
1,19,276,154,178
1,20,276,145,178
1,21,276,125,178
1,22,276,150,178
1,23,276,156,178
1,24,276,142,178
1,25,276,165,178
1,26,276,159,178
1,27,276,158,178
1,28,276,153,178
1,29,276,135,178
1,30,276,137,178
1,31,276,164,178
1,32,276,148,178
1,33,276,151,178
1,34,276,157,178
1,35,276,22,178
1,36,276,127,178
1,37,276,1,178
1,38,276,131,178
1,39,276,136,178
1,40,276,140,178
1,41,276,120,178
1,42,276,21,178
1,43,276,121,178
1,44,276,16,178
1,45,276,32,178
1,46,276,10,178
1,47,276,126,178
1,48,276,19,178
1,49,276,31,178
1,50,276,27,178
1,51,276,163,178
1,52,276,133,178
1,53,276,28,178
1,54,276,9,178
1,55,276,13,178
1,56,276,20,178
1,57,276,30,178
1,58,276,143,178
1,59,276,15,178
1,60,276,26,178
1,61,276,24,178
1,62,276,162,178
1,63,276,5,178
1,64,276,3,178
1,65,276,130,178
1,66,276,18,178
1,67,276,12,178
1,68,276,160,178
1,69,276,108,178
1,70,276,6,178
1,71,276,14,178
1,72,276,29,178
1,73,276,132,178
1,74,276,4,178
1,75,276,2,178
1,76,276,7,178
1,77,276,11,178
1,78,276,97,178
1,79,276,102,178
1,80,276,113,178
1,81,276,95,178
1,82,276,94,178
1,83,276,117,178
1,84,276,114,178
1,85,276,106,178
1,86,276,25,178
1,87,276,115,178
1,88,276,93,178
1,89,276,92,178
1,90,276,107,178
1,91,276,101,178
1,92,276,91,178
1,93,276,100,178
1,94,276,116,178
1,95,276,89,178
1,96,276,103,178
1,97,276,112,178
1,98,276,17,178
1,99,276,96,178
1,100,276,118,178
1,101,276,90,178
1,102,276,111,178
1,103,276,110,178
1,104,276,99,178
1,105,276,98,178
1,106,276,104,178
1,107,276,109,178
1,108,276,8,178
1,109,276,105,178
1,110,276,84,178
1,111,276,66,178
1,112,276,23,178
1,113,276,69,178
1,114,276,85,178
1,115,276,77,178
1,116,276,87,178
1,117,276,70,178
1,118,276,72,178
1,119,276,83,178
1,120,276,79,178
1,121,276,82,178
1,122,276,81,178
1,123,276,78,178
1,124,276,76,178
1,125,276,86,178
1,126,276,64,178
1,127,276,71,178
1,128,276,80,178
1,129,276,88,178
1,130,276,48,178
1,131,276,75,178
1,132,276,67,178
1,133,276,73,178
1,134,276,44,178
1,135,276,63,178
1,136,276,74,178
1,137,276,65,178
1,138,276,62,178
1,139,276,68,178
9,140,276,51,178
5,141,276,36,178
5,142,276,54,178
5,143,276,41,178
5,144,276,33,178
5,145,276,61,178
5,146,276,55,178
5,147,276,43,178
5,148,276,46,178
5,149,276,40,178
5,150,276,37,178
5,151,276,60,178
5,152,276,50,178
5,153,276,47,178
5,154,276,53,178
5,155,276,39,178
5,156,276,58,178
5,157,276,35,178
5,158,276,59,178
5,159,276,45,178
5,160,276,42,178
5,161,276,49,178
5,162,276,56,178
5,163,276,38,178
5,164,276,34,178
5,165,276,57,178
5,166,276,52,178
1,1,277,146,284
1,2,277,141,284
1,3,277,155,284
1,4,277,147,284
1,5,277,139,284
1,6,277,134,284
1,7,277,166,284
1,8,277,152,284
1,9,277,138,284
1,10,277,144,284
1,11,277,124,284
1,12,277,122,284
1,13,277,149,284
1,14,277,128,284
1,15,277,129,284
1,16,277,119,284
1,17,277,123,284
1,18,277,161,284
1,19,277,154,284
1,20,277,145,284
1,21,277,125,284
1,22,277,150,284
1,23,277,156,284
1,24,277,142,284
1,25,277,165,284
1,26,277,159,284
1,27,277,158,284
1,28,277,153,284
1,29,277,135,284
1,30,277,137,284
1,31,277,164,284
1,32,277,148,284
1,33,277,151,284
1,34,277,157,284
1,35,277,22,284
1,36,277,127,284
1,37,277,1,284
1,38,277,131,284
1,39,277,136,284
1,40,277,140,284
1,41,277,120,284
1,42,277,21,284
1,43,277,121,284
1,44,277,16,284
1,45,277,32,284
1,46,277,10,284
1,47,277,126,284
1,48,277,19,284
1,49,277,31,284
1,50,277,27,284
1,51,277,163,284
1,52,277,133,284
1,53,277,28,284
1,54,277,9,284
1,55,277,13,284
1,56,277,20,284
1,57,277,30,284
1,58,277,143,284
1,59,277,15,284
1,60,277,26,284
1,61,277,24,284
1,62,277,162,284
1,63,277,5,284
1,64,277,3,284
1,65,277,130,284
1,66,277,18,284
1,67,277,12,284
1,68,277,160,284
1,69,277,108,284
1,70,277,6,284
1,71,277,14,284
1,72,277,29,284
1,73,277,132,284
1,74,277,4,284
1,75,277,2,284
1,76,277,7,284
1,77,277,11,284
1,78,277,97,284
1,79,277,102,284
1,80,277,113,284
1,81,277,95,284
1,82,277,94,284
1,83,277,117,284
1,84,277,114,284
1,85,277,106,284
1,86,277,25,284
1,87,277,115,284
1,88,277,93,284
1,89,277,92,284
1,90,277,107,284
1,91,277,101,284
1,92,277,91,284
1,93,277,100,284
1,94,277,116,284
1,95,277,89,284
1,96,277,103,284
1,97,277,112,284
1,98,277,17,284
1,99,277,96,284
1,100,277,118,284
1,101,277,90,284
1,102,277,111,284
1,103,277,110,284
1,104,277,99,284
1,105,277,98,284
1,106,277,104,284
1,107,277,109,284
1,108,277,8,284
1,109,277,105,284
1,110,277,84,284
1,111,277,66,284
1,112,277,23,284
1,113,277,69,284
1,114,277,85,284
1,115,277,77,284
1,116,277,87,284
1,117,277,70,284
1,118,277,72,284
1,119,277,83,284
1,120,277,79,284
1,121,277,82,284
1,122,277,81,284
1,123,277,78,284
1,124,277,76,284
1,125,277,86,284
1,126,277,64,284
1,127,277,71,284
1,128,277,80,284
1,129,277,88,284
1,130,277,48,284
1,131,277,75,284
1,132,277,67,284
1,133,277,73,284
1,134,277,44,284
1,135,277,63,284
1,136,277,74,284
1,137,277,65,284
1,138,277,62,284
1,139,277,68,284
9,140,277,51,284
5,141,277,36,284
5,142,277,54,284
5,143,277,41,284
5,144,277,33,284
5,145,277,61,284
5,146,277,55,284
5,147,277,43,284
5,148,277,46,284
5,149,277,40,284
5,150,277,37,284
5,151,277,60,284
5,152,277,50,284
5,153,277,47,284
5,154,277,53,284
5,155,277,39,284
5,156,277,58,284
5,157,277,35,284
5,158,277,59,284
5,159,277,45,284
5,160,277,42,284
5,161,277,49,284
5,162,277,56,284
5,163,277,38,284
5,164,277,34,284
5,165,277,57,284
5,166,277,52,284
1,1,278,146,286
1,2,278,141,286
1,3,278,155,286
1,4,278,147,286
1,5,278,139,286
1,6,278,134,286
1,7,278,166,286
1,8,278,152,286
1,9,278,138,286
1,10,278,144,286
1,11,278,124,286
1,12,278,122,286
1,13,278,149,286
1,14,278,128,286
1,15,278,129,286
1,16,278,119,286
1,17,278,123,286
1,18,278,161,286
1,19,278,154,286
1,20,278,145,286
1,21,278,125,286
1,22,278,150,286
1,23,278,156,286
1,24,278,142,286
1,25,278,165,286
1,26,278,159,286
1,27,278,158,286
1,28,278,153,286
1,29,278,135,286
1,30,278,137,286
1,31,278,164,286
1,32,278,148,286
1,33,278,151,286
1,34,278,157,286
1,35,278,22,286
1,36,278,127,286
1,37,278,1,286
1,38,278,131,286
1,39,278,136,286
1,40,278,140,286
1,41,278,120,286
1,42,278,21,286
1,43,278,121,286
1,44,278,16,286
1,45,278,32,286
1,46,278,10,286
1,47,278,126,286
1,48,278,19,286
1,49,278,31,286
1,50,278,27,286
1,51,278,163,286
1,52,278,133,286
1,53,278,28,286
1,54,278,9,286
1,55,278,13,286
1,56,278,20,286
1,57,278,30,286
1,58,278,143,286
1,59,278,15,286
1,60,278,26,286
1,61,278,24,286
1,62,278,162,286
1,63,278,5,286
1,64,278,3,286
1,65,278,130,286
1,66,278,18,286
1,67,278,12,286
1,68,278,160,286
1,69,278,108,286
1,70,278,6,286
1,71,278,14,286
1,72,278,29,286
1,73,278,132,286
1,74,278,4,286
1,75,278,2,286
1,76,278,7,286
1,77,278,11,286
1,78,278,97,286
1,79,278,102,286
1,80,278,113,286
1,81,278,95,286
1,82,278,94,286
1,83,278,117,286
1,84,278,114,286
1,85,278,106,286
1,86,278,25,286
1,87,278,115,286
1,88,278,93,286
1,89,278,92,286
1,90,278,107,286
1,91,278,101,286
1,92,278,91,286
1,93,278,100,286
1,94,278,116,286
1,95,278,89,286
1,96,278,103,286
1,97,278,112,286
1,98,278,17,286
1,99,278,96,286
1,100,278,118,286
1,101,278,90,286
1,102,278,111,286
1,103,278,110,286
1,104,278,99,286
1,105,278,98,286
1,106,278,104,286
1,107,278,109,286
1,108,278,8,286
1,109,278,105,286
1,110,278,84,286
1,111,278,66,286
1,112,278,23,286
1,113,278,69,286
1,114,278,85,286
1,115,278,77,286
1,116,278,87,286
1,117,278,70,286
1,118,278,72,286
1,119,278,83,286
1,120,278,79,286
1,121,278,82,286
1,122,278,81,286
1,123,278,78,286
1,124,278,76,286
1,125,278,86,286
1,126,278,64,286
1,127,278,71,286
1,128,278,80,286
1,129,278,88,286
1,130,278,48,286
1,131,278,75,286
1,132,278,67,286
1,133,278,73,286
1,134,278,44,286
1,135,278,63,286
1,136,278,74,286
1,137,278,65,286
1,138,278,62,286
1,139,278,68,286
9,140,278,51,286
5,141,278,36,286
5,142,278,54,286
5,143,278,41,286
5,144,278,33,286
5,145,278,61,286
5,146,278,55,286
5,147,278,43,286
5,148,278,46,286
5,149,278,40,286
5,150,278,37,286
5,151,278,60,286
5,152,278,50,286
5,153,278,47,286
5,154,278,53,286
5,155,278,39,286
5,156,278,58,286
5,157,278,35,286
5,158,278,59,286
5,159,278,45,286
5,160,278,42,286
5,161,278,49,286
5,162,278,56,286
5,163,278,38,286
5,164,278,34,286
5,165,278,57,286
5,166,278,52,286
1,1,279,146,256
1,2,279,141,256
1,3,279,155,256
1,4,279,147,256
1,5,279,139,256
1,6,279,134,256
1,7,279,166,256
1,8,279,152,256
1,9,279,138,256
1,10,279,144,256
1,11,279,124,256
1,12,279,122,256
1,13,279,149,256
1,14,279,128,256
1,15,279,129,256
1,16,279,119,256
1,17,279,123,256
1,18,279,161,256
1,19,279,154,256
1,20,279,145,256
1,21,279,125,256
1,22,279,150,256
1,23,279,156,256
1,24,279,142,256
1,25,279,165,256
1,26,279,159,256
1,27,279,158,256
1,28,279,153,256
1,29,279,135,256
1,30,279,137,256
1,31,279,164,256
1,32,279,148,256
1,33,279,151,256
1,34,279,157,256
1,35,279,22,256
1,36,279,127,256
1,37,279,1,256
1,38,279,131,256
1,39,279,136,256
1,40,279,140,256
1,41,279,120,256
1,42,279,21,256
1,43,279,121,256
1,44,279,16,256
1,45,279,32,256
1,46,279,10,256
1,47,279,126,256
1,48,279,19,256
1,49,279,31,256
1,50,279,27,256
1,51,279,163,256
1,52,279,133,256
1,53,279,28,256
1,54,279,9,256
1,55,279,13,256
1,56,279,20,256
1,57,279,30,256
1,58,279,143,256
1,59,279,15,256
1,60,279,26,256
1,61,279,24,256
1,62,279,162,256
1,63,279,5,256
1,64,279,3,256
1,65,279,130,256
1,66,279,18,256
1,67,279,12,256
1,68,279,160,256
1,69,279,108,256
1,70,279,6,256
1,71,279,14,256
1,72,279,29,256
1,73,279,132,256
1,74,279,4,256
1,75,279,2,256
1,76,279,7,256
1,77,279,11,256
1,78,279,97,256
1,79,279,102,256
1,80,279,113,256
1,81,279,95,256
1,82,279,94,256
1,83,279,117,256
1,84,279,114,256
1,85,279,106,256
1,86,279,25,256
1,87,279,115,256
1,88,279,93,256
1,89,279,92,256
1,90,279,107,256
1,91,279,101,256
1,92,279,91,256
1,93,279,100,256
1,94,279,116,256
1,95,279,89,256
1,96,279,103,256
1,97,279,112,256
1,98,279,17,256
1,99,279,96,256
1,100,279,118,256
1,101,279,90,256
1,102,279,111,256
1,103,279,110,256
1,104,279,99,256
1,105,279,98,256
1,106,279,104,256
1,107,279,109,256
1,108,279,8,256
1,109,279,105,256
1,110,279,84,256
1,111,279,66,256
1,112,279,23,256
1,113,279,69,256
1,114,279,85,256
1,115,279,77,256
1,116,279,87,256
1,117,279,70,256
1,118,279,72,256
1,119,279,83,256
1,120,279,79,256
1,121,279,82,256
1,122,279,81,256
1,123,279,78,256
1,124,279,76,256
1,125,279,86,256
1,126,279,64,256
1,127,279,71,256
1,128,279,80,256
1,129,279,88,256
1,130,279,48,256
1,131,279,75,256
1,132,279,67,256
1,133,279,73,256
1,134,279,44,256
1,135,279,63,256
1,136,279,74,256
1,137,279,65,256
1,138,279,62,256
1,139,279,68,256
9,140,279,51,256
5,141,279,36,256
5,142,279,54,256
5,143,279,41,256
5,144,279,33,256
5,145,279,61,256
5,146,279,55,256
5,147,279,43,256
5,148,279,46,256
5,149,279,40,256
5,150,279,37,256
5,151,279,60,256
5,152,279,50,256
5,153,279,47,256
5,154,279,53,256
5,155,279,39,256
5,156,279,58,256
5,157,279,35,256
5,158,279,59,256
5,159,279,45,256
5,160,279,42,256
5,161,279,49,256
5,162,279,56,256
5,163,279,38,256
5,164,279,34,256
5,165,279,57,256
5,166,279,52,256
1,1,280,146,219
1,2,280,141,219
1,3,280,155,219
1,4,280,147,219
1,5,280,139,219
1,6,280,134,219
1,7,280,166,219
1,8,280,152,219
1,9,280,138,219
1,10,280,144,219
1,11,280,124,219
1,12,280,122,219
1,13,280,149,219
1,14,280,128,219
1,15,280,129,219
1,16,280,119,219
1,17,280,123,219
1,18,280,161,219
1,19,280,154,219
1,20,280,145,219
1,21,280,125,219
1,22,280,150,219
1,23,280,156,219
1,24,280,142,219
1,25,280,165,219
1,26,280,159,219
1,27,280,158,219
1,28,280,153,219
1,29,280,135,219
1,30,280,137,219
1,31,280,164,219
1,32,280,148,219
1,33,280,151,219
1,34,280,157,219
1,35,280,22,219
1,36,280,127,219
1,37,280,1,219
1,38,280,131,219
1,39,280,136,219
1,40,280,140,219
1,41,280,120,219
1,42,280,21,219
1,43,280,121,219
1,44,280,16,219
1,45,280,32,219
1,46,280,10,219
1,47,280,126,219
1,48,280,19,219
1,49,280,31,219
1,50,280,27,219
1,51,280,163,219
1,52,280,133,219
1,53,280,28,219
1,54,280,9,219
1,55,280,13,219
1,56,280,20,219
1,57,280,30,219
1,58,280,143,219
1,59,280,15,219
1,60,280,26,219
1,61,280,24,219
1,62,280,162,219
1,63,280,5,219
1,64,280,3,219
1,65,280,130,219
1,66,280,18,219
1,67,280,12,219
1,68,280,160,219
1,69,280,108,219
1,70,280,6,219
1,71,280,14,219
1,72,280,29,219
1,73,280,132,219
1,74,280,4,219
1,75,280,2,219
1,76,280,7,219
1,77,280,11,219
1,78,280,97,219
1,79,280,102,219
1,80,280,113,219
1,81,280,95,219
1,82,280,94,219
1,83,280,117,219
1,84,280,114,219
1,85,280,106,219
1,86,280,25,219
1,87,280,115,219
1,88,280,93,219
1,89,280,92,219
1,90,280,107,219
1,91,280,101,219
1,92,280,91,219
1,93,280,100,219
1,94,280,116,219
1,95,280,89,219
1,96,280,103,219
1,97,280,112,219
1,98,280,17,219
1,99,280,96,219
1,100,280,118,219
1,101,280,90,219
1,102,280,111,219
1,103,280,110,219
1,104,280,99,219
1,105,280,98,219
1,106,280,104,219
1,107,280,109,219
1,108,280,8,219
1,109,280,105,219
1,110,280,84,219
1,111,280,66,219
1,112,280,23,219
1,113,280,69,219
1,114,280,85,219
1,115,280,77,219
1,116,280,87,219
1,117,280,70,219
1,118,280,72,219
1,119,280,83,219
1,120,280,79,219
1,121,280,82,219
1,122,280,81,219
1,123,280,78,219
1,124,280,76,219
1,125,280,86,219
1,126,280,64,219
1,127,280,71,219
1,128,280,80,219
1,129,280,88,219
1,130,280,48,219
1,131,280,75,219
1,132,280,67,219
1,133,280,73,219
1,134,280,44,219
1,135,280,63,219
1,136,280,74,219
1,137,280,65,219
1,138,280,62,219
1,139,280,68,219
9,140,280,51,219
5,141,280,36,219
5,142,280,54,219
5,143,280,41,219
5,144,280,33,219
5,145,280,61,219
5,146,280,55,219
5,147,280,43,219
5,148,280,46,219
5,149,280,40,219
5,150,280,37,219
5,151,280,60,219
5,152,280,50,219
5,153,280,47,219
5,154,280,53,219
5,155,280,39,219
5,156,280,58,219
5,157,280,35,219
5,158,280,59,219
5,159,280,45,219
5,160,280,42,219
5,161,280,49,219
5,162,280,56,219
5,163,280,38,219
5,164,280,34,219
5,165,280,57,219
5,166,280,52,219
1,1,281,146,141
1,2,281,141,141
1,3,281,155,141
1,4,281,147,141
1,5,281,139,141
1,6,281,134,141
1,7,281,166,141
1,8,281,152,141
1,9,281,138,141
1,10,281,144,141
1,11,281,124,141
1,12,281,122,141
1,13,281,149,141
1,14,281,128,141
1,15,281,129,141
1,16,281,119,141
1,17,281,123,141
1,18,281,161,141
1,19,281,154,141
1,20,281,145,141
1,21,281,125,141
1,22,281,150,141
1,23,281,156,141
1,24,281,142,141
1,25,281,165,141
1,26,281,159,141
1,27,281,158,141
1,28,281,153,141
1,29,281,135,141
1,30,281,137,141
1,31,281,164,141
1,32,281,148,141
1,33,281,151,141
1,34,281,157,141
1,35,281,22,141
1,36,281,127,141
1,37,281,1,141
1,38,281,131,141
1,39,281,136,141
1,40,281,140,141
1,41,281,120,141
1,42,281,21,141
1,43,281,121,141
1,44,281,16,141
1,45,281,32,141
1,46,281,10,141
1,47,281,126,141
1,48,281,19,141
1,49,281,31,141
1,50,281,27,141
1,51,281,163,141
1,52,281,133,141
1,53,281,28,141
1,54,281,9,141
1,55,281,13,141
1,56,281,20,141
1,57,281,30,141
1,58,281,143,141
1,59,281,15,141
1,60,281,26,141
1,61,281,24,141
1,62,281,162,141
1,63,281,5,141
1,64,281,3,141
1,65,281,130,141
1,66,281,18,141
1,67,281,12,141
1,68,281,160,141
1,69,281,108,141
1,70,281,6,141
1,71,281,14,141
1,72,281,29,141
1,73,281,132,141
1,74,281,4,141
1,75,281,2,141
1,76,281,7,141
1,77,281,11,141
1,78,281,97,141
1,79,281,102,141
1,80,281,113,141
1,81,281,95,141
1,82,281,94,141
1,83,281,117,141
1,84,281,114,141
1,85,281,106,141
1,86,281,25,141
1,87,281,115,141
1,88,281,93,141
1,89,281,92,141
1,90,281,107,141
1,91,281,101,141
1,92,281,91,141
1,93,281,100,141
1,94,281,116,141
1,95,281,89,141
1,96,281,103,141
1,97,281,112,141
1,98,281,17,141
1,99,281,96,141
1,100,281,118,141
1,101,281,90,141
1,102,281,111,141
1,103,281,110,141
1,104,281,99,141
1,105,281,98,141
1,106,281,104,141
1,107,281,109,141
1,108,281,8,141
1,109,281,105,141
1,110,281,84,141
1,111,281,66,141
1,112,281,23,141
1,113,281,69,141
1,114,281,85,141
1,115,281,77,141
1,116,281,87,141
1,117,281,70,141
1,118,281,72,141
1,119,281,83,141
1,120,281,79,141
1,121,281,82,141
1,122,281,81,141
1,123,281,78,141
1,124,281,76,141
1,125,281,86,141
1,126,281,64,141
1,127,281,71,141
1,128,281,80,141
1,129,281,88,141
1,130,281,48,141
1,131,281,75,141
1,132,281,67,141
1,133,281,73,141
1,134,281,44,141
1,135,281,63,141
1,136,281,74,141
1,137,281,65,141
1,138,281,62,141
1,139,281,68,141
9,140,281,51,141
5,141,281,36,141
5,142,281,54,141
5,143,281,41,141
5,144,281,33,141
5,145,281,61,141
5,146,281,55,141
5,147,281,43,141
5,148,281,46,141
5,149,281,40,141
5,150,281,37,141
5,151,281,60,141
5,152,281,50,141
5,153,281,47,141
5,154,281,53,141
5,155,281,39,141
5,156,281,58,141
5,157,281,35,141
5,158,281,59,141
5,159,281,45,141
5,160,281,42,141
5,161,281,49,141
5,162,281,56,141
5,163,281,38,141
5,164,281,34,141
5,165,281,57,141
5,166,281,52,141
1,1,282,146,197
1,2,282,141,197
1,3,282,155,197
1,4,282,147,197
1,5,282,139,197
1,6,282,134,197
1,7,282,166,197
1,8,282,152,197
1,9,282,138,197
1,10,282,144,197
1,11,282,124,197
1,12,282,122,197
1,13,282,149,197
1,14,282,128,197
1,15,282,129,197
1,16,282,119,197
1,17,282,123,197
1,18,282,161,197
1,19,282,154,197
1,20,282,145,197
1,21,282,125,197
1,22,282,150,197
1,23,282,156,197
1,24,282,142,197
1,25,282,165,197
1,26,282,159,197
1,27,282,158,197
1,28,282,153,197
1,29,282,135,197
1,30,282,137,197
1,31,282,164,197
1,32,282,148,197
1,33,282,151,197
1,34,282,157,197
1,35,282,22,197
1,36,282,127,197
1,37,282,1,197
1,38,282,131,197
1,39,282,136,197
1,40,282,140,197
1,41,282,120,197
1,42,282,21,197
1,43,282,121,197
1,44,282,16,197
1,45,282,32,197
1,46,282,10,197
1,47,282,126,197
1,48,282,19,197
1,49,282,31,197
1,50,282,27,197
1,51,282,163,197
1,52,282,133,197
1,53,282,28,197
1,54,282,9,197
1,55,282,13,197
1,56,282,20,197
1,57,282,30,197
1,58,282,143,197
1,59,282,15,197
1,60,282,26,197
1,61,282,24,197
1,62,282,162,197
1,63,282,5,197
1,64,282,3,197
1,65,282,130,197
1,66,282,18,197
1,67,282,12,197
1,68,282,160,197
1,69,282,108,197
1,70,282,6,197
1,71,282,14,197
1,72,282,29,197
1,73,282,132,197
1,74,282,4,197
1,75,282,2,197
1,76,282,7,197
1,77,282,11,197
1,78,282,97,197
1,79,282,102,197
1,80,282,113,197
1,81,282,95,197
1,82,282,94,197
1,83,282,117,197
1,84,282,114,197
1,85,282,106,197
1,86,282,25,197
1,87,282,115,197
1,88,282,93,197
1,89,282,92,197
1,90,282,107,197
1,91,282,101,197
1,92,282,91,197
1,93,282,100,197
1,94,282,116,197
1,95,282,89,197
1,96,282,103,197
1,97,282,112,197
1,98,282,17,197
1,99,282,96,197
1,100,282,118,197
1,101,282,90,197
1,102,282,111,197
1,103,282,110,197
1,104,282,99,197
1,105,282,98,197
1,106,282,104,197
1,107,282,109,197
1,108,282,8,197
1,109,282,105,197
1,110,282,84,197
1,111,282,66,197
1,112,282,23,197
1,113,282,69,197
1,114,282,85,197
1,115,282,77,197
1,116,282,87,197
1,117,282,70,197
1,118,282,72,197
1,119,282,83,197
1,120,282,79,197
1,121,282,82,197
1,122,282,81,197
1,123,282,78,197
1,124,282,76,197
1,125,282,86,197
1,126,282,64,197
1,127,282,71,197
1,128,282,80,197
1,129,282,88,197
1,130,282,48,197
1,131,282,75,197
1,132,282,67,197
1,133,282,73,197
1,134,282,44,197
1,135,282,63,197
1,136,282,74,197
1,137,282,65,197
1,138,282,62,197
1,139,282,68,197
9,140,282,51,197
5,141,282,36,197
5,142,282,54,197
5,143,282,41,197
5,144,282,33,197
5,145,282,61,197
5,146,282,55,197
5,147,282,43,197
5,148,282,46,197
5,149,282,40,197
5,150,282,37,197
5,151,282,60,197
5,152,282,50,197
5,153,282,47,197
5,154,282,53,197
5,155,282,39,197
5,156,282,58,197
5,157,282,35,197
5,158,282,59,197
5,159,282,45,197
5,160,282,42,197
5,161,282,49,197
5,162,282,56,197
5,163,282,38,197
5,164,282,34,197
5,165,282,57,197
5,166,282,52,197
1,1,283,146,287
1,2,283,141,287
1,3,283,155,287
1,4,283,147,287
1,5,283,139,287
1,6,283,134,287
1,7,283,166,287
1,8,283,152,287
1,9,283,138,287
1,10,283,144,287
1,11,283,124,287
1,12,283,122,287
1,13,283,149,287
1,14,283,128,287
1,15,283,129,287
1,16,283,119,287
1,17,283,123,287
1,18,283,161,287
1,19,283,154,287
1,20,283,145,287
1,21,283,125,287
1,22,283,150,287
1,23,283,156,287
1,24,283,142,287
1,25,283,165,287
1,26,283,159,287
1,27,283,158,287
1,28,283,153,287
1,29,283,135,287
1,30,283,137,287
1,31,283,164,287
1,32,283,148,287
1,33,283,151,287
1,34,283,157,287
1,35,283,22,287
1,36,283,127,287
1,37,283,1,287
1,38,283,131,287
1,39,283,136,287
1,40,283,140,287
1,41,283,120,287
1,42,283,21,287
1,43,283,121,287
1,44,283,16,287
1,45,283,32,287
1,46,283,10,287
1,47,283,126,287
1,48,283,19,287
1,49,283,31,287
1,50,283,27,287
1,51,283,163,287
1,52,283,133,287
1,53,283,28,287
1,54,283,9,287
1,55,283,13,287
1,56,283,20,287
1,57,283,30,287
1,58,283,143,287
1,59,283,15,287
1,60,283,26,287
1,61,283,24,287
1,62,283,162,287
1,63,283,5,287
1,64,283,3,287
1,65,283,130,287
1,66,283,18,287
1,67,283,12,287
1,68,283,160,287
1,69,283,108,287
1,70,283,6,287
1,71,283,14,287
1,72,283,29,287
1,73,283,132,287
1,74,283,4,287
1,75,283,2,287
1,76,283,7,287
1,77,283,11,287
1,78,283,97,287
1,79,283,102,287
1,80,283,113,287
1,81,283,95,287
1,82,283,94,287
1,83,283,117,287
1,84,283,114,287
1,85,283,106,287
1,86,283,25,287
1,87,283,115,287
1,88,283,93,287
1,89,283,92,287
1,90,283,107,287
1,91,283,101,287
1,92,283,91,287
1,93,283,100,287
1,94,283,116,287
1,95,283,89,287
1,96,283,103,287
1,97,283,112,287
1,98,283,17,287
1,99,283,96,287
1,100,283,118,287
1,101,283,90,287
1,102,283,111,287
1,103,283,110,287
1,104,283,99,287
1,105,283,98,287
1,106,283,104,287
1,107,283,109,287
1,108,283,8,287
1,109,283,105,287
1,110,283,84,287
1,111,283,66,287
1,112,283,23,287
1,113,283,69,287
1,114,283,85,287
1,115,283,77,287
1,116,283,87,287
1,117,283,70,287
1,118,283,72,287
1,119,283,83,287
1,120,283,79,287
1,121,283,82,287
1,122,283,81,287
1,123,283,78,287
1,124,283,76,287
1,125,283,86,287
1,126,283,64,287
1,127,283,71,287
1,128,283,80,287
1,129,283,88,287
1,130,283,48,287
1,131,283,75,287
1,132,283,67,287
1,133,283,73,287
1,134,283,44,287
1,135,283,63,287
1,136,283,74,287
1,137,283,65,287
1,138,283,62,287
1,139,283,68,287
9,140,283,51,287
5,141,283,36,287
5,142,283,54,287
5,143,283,41,287
5,144,283,33,287
5,145,283,61,287
5,146,283,55,287
5,147,283,43,287
5,148,283,46,287
5,149,283,40,287
5,150,283,37,287
5,151,283,60,287
5,152,283,50,287
5,153,283,47,287
5,154,283,53,287
5,155,283,39,287
5,156,283,58,287
5,157,283,35,287
5,158,283,59,287
5,159,283,45,287
5,160,283,42,287
5,161,283,49,287
5,162,283,56,287
5,163,283,38,287
5,164,283,34,287
5,165,283,57,287
5,166,283,52,287
1,1,284,146,289
1,2,284,141,289
1,3,284,155,289
1,4,284,147,289
1,5,284,139,289
1,6,284,134,289
1,7,284,166,289
1,8,284,152,289
1,9,284,138,289
1,10,284,144,289
1,11,284,124,289
1,12,284,122,289
1,13,284,149,289
1,14,284,128,289
1,15,284,129,289
1,16,284,119,289
1,17,284,123,289
1,18,284,161,289
1,19,284,154,289
1,20,284,145,289
1,21,284,125,289
1,22,284,150,289
1,23,284,156,289
1,24,284,142,289
1,25,284,165,289
1,26,284,159,289
1,27,284,158,289
1,28,284,153,289
1,29,284,135,289
1,30,284,137,289
1,31,284,164,289
1,32,284,148,289
1,33,284,151,289
1,34,284,157,289
1,35,284,22,289
1,36,284,127,289
1,37,284,1,289
1,38,284,131,289
1,39,284,136,289
1,40,284,140,289
1,41,284,120,289
1,42,284,21,289
1,43,284,121,289
1,44,284,16,289
1,45,284,32,289
1,46,284,10,289
1,47,284,126,289
1,48,284,19,289
1,49,284,31,289
1,50,284,27,289
1,51,284,163,289
1,52,284,133,289
1,53,284,28,289
1,54,284,9,289
1,55,284,13,289
1,56,284,20,289
1,57,284,30,289
1,58,284,143,289
1,59,284,15,289
1,60,284,26,289
1,61,284,24,289
1,62,284,162,289
1,63,284,5,289
1,64,284,3,289
1,65,284,130,289
1,66,284,18,289
1,67,284,12,289
1,68,284,160,289
1,69,284,108,289
1,70,284,6,289
1,71,284,14,289
1,72,284,29,289
1,73,284,132,289
1,74,284,4,289
1,75,284,2,289
1,76,284,7,289
1,77,284,11,289
1,78,284,97,289
1,79,284,102,289
1,80,284,113,289
1,81,284,95,289
1,82,284,94,289
1,83,284,117,289
1,84,284,114,289
1,85,284,106,289
1,86,284,25,289
1,87,284,115,289
1,88,284,93,289
1,89,284,92,289
1,90,284,107,289
1,91,284,101,289
1,92,284,91,289
1,93,284,100,289
1,94,284,116,289
1,95,284,89,289
1,96,284,103,289
1,97,284,112,289
1,98,284,17,289
1,99,284,96,289
1,100,284,118,289
1,101,284,90,289
1,102,284,111,289
1,103,284,110,289
1,104,284,99,289
1,105,284,98,289
1,106,284,104,289
1,107,284,109,289
1,108,284,8,289
1,109,284,105,289
1,110,284,84,289
1,111,284,66,289
1,112,284,23,289
1,113,284,69,289
1,114,284,85,289
1,115,284,77,289
1,116,284,87,289
1,117,284,70,289
1,118,284,72,289
1,119,284,83,289
1,120,284,79,289
1,121,284,82,289
1,122,284,81,289
1,123,284,78,289
1,124,284,76,289
1,125,284,86,289
1,126,284,64,289
1,127,284,71,289
1,128,284,80,289
1,129,284,88,289
1,130,284,48,289
1,131,284,75,289
1,132,284,67,289
1,133,284,73,289
1,134,284,44,289
1,135,284,63,289
1,136,284,74,289
1,137,284,65,289
1,138,284,62,289
1,139,284,68,289
9,140,284,51,289
5,141,284,36,289
5,142,284,54,289
5,143,284,41,289
5,144,284,33,289
5,145,284,61,289
5,146,284,55,289
5,147,284,43,289
5,148,284,46,289
5,149,284,40,289
5,150,284,37,289
5,151,284,60,289
5,152,284,50,289
5,153,284,47,289
5,154,284,53,289
5,155,284,39,289
5,156,284,58,289
5,157,284,35,289
5,158,284,59,289
5,159,284,45,289
5,160,284,42,289
5,161,284,49,289
5,162,284,56,289
5,163,284,38,289
5,164,284,34,289
5,165,284,57,289
5,166,284,52,289
1,1,285,146,267
1,2,285,141,267
1,3,285,155,267
1,4,285,147,267
1,5,285,139,267
1,6,285,134,267
1,7,285,166,267
1,8,285,152,267
1,9,285,138,267
1,10,285,144,267
1,11,285,124,267
1,12,285,122,267
1,13,285,149,267
1,14,285,128,267
1,15,285,129,267
1,16,285,119,267
1,17,285,123,267
1,18,285,161,267
1,19,285,154,267
1,20,285,145,267
1,21,285,125,267
1,22,285,150,267
1,23,285,156,267
1,24,285,142,267
1,25,285,165,267
1,26,285,159,267
1,27,285,158,267
1,28,285,153,267
1,29,285,135,267
1,30,285,137,267
1,31,285,164,267
1,32,285,148,267
1,33,285,151,267
1,34,285,157,267
1,35,285,22,267
1,36,285,127,267
1,37,285,1,267
1,38,285,131,267
1,39,285,136,267
1,40,285,140,267
1,41,285,120,267
1,42,285,21,267
1,43,285,121,267
1,44,285,16,267
1,45,285,32,267
1,46,285,10,267
1,47,285,126,267
1,48,285,19,267
1,49,285,31,267
1,50,285,27,267
1,51,285,163,267
1,52,285,133,267
1,53,285,28,267
1,54,285,9,267
1,55,285,13,267
1,56,285,20,267
1,57,285,30,267
1,58,285,143,267
1,59,285,15,267
1,60,285,26,267
1,61,285,24,267
1,62,285,162,267
1,63,285,5,267
1,64,285,3,267
1,65,285,130,267
1,66,285,18,267
1,67,285,12,267
1,68,285,160,267
1,69,285,108,267
1,70,285,6,267
1,71,285,14,267
1,72,285,29,267
1,73,285,132,267
1,74,285,4,267
1,75,285,2,267
1,76,285,7,267
1,77,285,11,267
1,78,285,97,267
1,79,285,102,267
1,80,285,113,267
1,81,285,95,267
1,82,285,94,267
1,83,285,117,267
1,84,285,114,267
1,85,285,106,267
1,86,285,25,267
1,87,285,115,267
1,88,285,93,267
1,89,285,92,267
1,90,285,107,267
1,91,285,101,267
1,92,285,91,267
1,93,285,100,267
1,94,285,116,267
1,95,285,89,267
1,96,285,103,267
1,97,285,112,267
1,98,285,17,267
1,99,285,96,267
1,100,285,118,267
1,101,285,90,267
1,102,285,111,267
1,103,285,110,267
1,104,285,99,267
1,105,285,98,267
1,106,285,104,267
1,107,285,109,267
1,108,285,8,267
1,109,285,105,267
1,110,285,84,267
1,111,285,66,267
1,112,285,23,267
1,113,285,69,267
1,114,285,85,267
1,115,285,77,267
1,116,285,87,267
1,117,285,70,267
1,118,285,72,267
1,119,285,83,267
1,120,285,79,267
1,121,285,82,267
1,122,285,81,267
1,123,285,78,267
1,124,285,76,267
1,125,285,86,267
1,126,285,64,267
1,127,285,71,267
1,128,285,80,267
1,129,285,88,267
1,130,285,48,267
1,131,285,75,267
1,132,285,67,267
1,133,285,73,267
1,134,285,44,267
1,135,285,63,267
1,136,285,74,267
1,137,285,65,267
1,138,285,62,267
1,139,285,68,267
9,140,285,51,267
5,141,285,36,267
5,142,285,54,267
5,143,285,41,267
5,144,285,33,267
5,145,285,61,267
5,146,285,55,267
5,147,285,43,267
5,148,285,46,267
5,149,285,40,267
5,150,285,37,267
5,151,285,60,267
5,152,285,50,267
5,153,285,47,267
5,154,285,53,267
5,155,285,39,267
5,156,285,58,267
5,157,285,35,267
5,158,285,59,267
5,159,285,45,267
5,160,285,42,267
5,161,285,49,267
5,162,285,56,267
5,163,285,38,267
5,164,285,34,267
5,165,285,57,267
5,166,285,52,267
1,1,286,146,31
1,2,286,141,31
1,3,286,155,31
1,4,286,147,31
1,5,286,139,31
1,6,286,134,31
1,7,286,166,31
1,8,286,152,31
1,9,286,138,31
1,10,286,144,31
1,11,286,124,31
1,12,286,122,31
1,13,286,149,31
1,14,286,128,31
1,15,286,129,31
1,16,286,119,31
1,17,286,123,31
1,18,286,161,31
1,19,286,154,31
1,20,286,145,31
1,21,286,125,31
1,22,286,150,31
1,23,286,156,31
1,24,286,142,31
1,25,286,165,31
1,26,286,159,31
1,27,286,158,31
1,28,286,153,31
1,29,286,135,31
1,30,286,137,31
1,31,286,164,31
1,32,286,148,31
1,33,286,151,31
1,34,286,157,31
1,35,286,22,31
1,36,286,127,31
1,37,286,1,31
1,38,286,131,31
1,39,286,136,31
1,40,286,140,31
1,41,286,120,31
1,42,286,21,31
1,43,286,121,31
1,44,286,16,31
1,45,286,32,31
1,46,286,10,31
1,47,286,126,31
1,48,286,19,31
1,49,286,31,31
1,50,286,27,31
1,51,286,163,31
1,52,286,133,31
1,53,286,28,31
1,54,286,9,31
1,55,286,13,31
1,56,286,20,31
1,57,286,30,31
1,58,286,143,31
1,59,286,15,31
1,60,286,26,31
1,61,286,24,31
1,62,286,162,31
1,63,286,5,31
1,64,286,3,31
1,65,286,130,31
1,66,286,18,31
1,67,286,12,31
1,68,286,160,31
1,69,286,108,31
1,70,286,6,31
1,71,286,14,31
1,72,286,29,31
1,73,286,132,31
1,74,286,4,31
1,75,286,2,31
1,76,286,7,31
1,77,286,11,31
1,78,286,97,31
1,79,286,102,31
1,80,286,113,31
1,81,286,95,31
1,82,286,94,31
1,83,286,117,31
1,84,286,114,31
1,85,286,106,31
1,86,286,25,31
1,87,286,115,31
1,88,286,93,31
1,89,286,92,31
1,90,286,107,31
1,91,286,101,31
1,92,286,91,31
1,93,286,100,31
1,94,286,116,31
1,95,286,89,31
1,96,286,103,31
1,97,286,112,31
1,98,286,17,31
1,99,286,96,31
1,100,286,118,31
1,101,286,90,31
1,102,286,111,31
1,103,286,110,31
1,104,286,99,31
1,105,286,98,31
1,106,286,104,31
1,107,286,109,31
1,108,286,8,31
1,109,286,105,31
1,110,286,84,31
1,111,286,66,31
1,112,286,23,31
1,113,286,69,31
1,114,286,85,31
1,115,286,77,31
1,116,286,87,31
1,117,286,70,31
1,118,286,72,31
1,119,286,83,31
1,120,286,79,31
1,121,286,82,31
1,122,286,81,31
1,123,286,78,31
1,124,286,76,31
1,125,286,86,31
1,126,286,64,31
1,127,286,71,31
1,128,286,80,31
1,129,286,88,31
1,130,286,48,31
1,131,286,75,31
1,132,286,67,31
1,133,286,73,31
1,134,286,44,31
1,135,286,63,31
1,136,286,74,31
1,137,286,65,31
1,138,286,62,31
1,139,286,68,31
9,140,286,51,31
5,141,286,36,31
5,142,286,54,31
5,143,286,41,31
5,144,286,33,31
5,145,286,61,31
5,146,286,55,31
5,147,286,43,31
5,148,286,46,31
5,149,286,40,31
5,150,286,37,31
5,151,286,60,31
5,152,286,50,31
5,153,286,47,31
5,154,286,53,31
5,155,286,39,31
5,156,286,58,31
5,157,286,35,31
5,158,286,59,31
5,159,286,45,31
5,160,286,42,31
5,161,286,49,31
5,162,286,56,31
5,163,286,38,31
5,164,286,34,31
5,165,286,57,31
5,166,286,52,31
1,1,287,146,173
1,2,287,141,173
1,3,287,155,173
1,4,287,147,173
1,5,287,139,173
1,6,287,134,173
1,7,287,166,173
1,8,287,152,173
1,9,287,138,173
1,10,287,144,173
1,11,287,124,173
1,12,287,122,173
1,13,287,149,173
1,14,287,128,173
1,15,287,129,173
1,16,287,119,173
1,17,287,123,173
1,18,287,161,173
1,19,287,154,173
1,20,287,145,173
1,21,287,125,173
1,22,287,150,173
1,23,287,156,173
1,24,287,142,173
1,25,287,165,173
1,26,287,159,173
1,27,287,158,173
1,28,287,153,173
1,29,287,135,173
1,30,287,137,173
1,31,287,164,173
1,32,287,148,173
1,33,287,151,173
1,34,287,157,173
1,35,287,22,173
1,36,287,127,173
1,37,287,1,173
1,38,287,131,173
1,39,287,136,173
1,40,287,140,173
1,41,287,120,173
1,42,287,21,173
1,43,287,121,173
1,44,287,16,173
1,45,287,32,173
1,46,287,10,173
1,47,287,126,173
1,48,287,19,173
1,49,287,31,173
1,50,287,27,173
1,51,287,163,173
1,52,287,133,173
1,53,287,28,173
1,54,287,9,173
1,55,287,13,173
1,56,287,20,173
1,57,287,30,173
1,58,287,143,173
1,59,287,15,173
1,60,287,26,173
1,61,287,24,173
1,62,287,162,173
1,63,287,5,173
1,64,287,3,173
1,65,287,130,173
1,66,287,18,173
1,67,287,12,173
1,68,287,160,173
1,69,287,108,173
1,70,287,6,173
1,71,287,14,173
1,72,287,29,173
1,73,287,132,173
1,74,287,4,173
1,75,287,2,173
1,76,287,7,173
1,77,287,11,173
1,78,287,97,173
1,79,287,102,173
1,80,287,113,173
1,81,287,95,173
1,82,287,94,173
1,83,287,117,173
1,84,287,114,173
1,85,287,106,173
1,86,287,25,173
1,87,287,115,173
1,88,287,93,173
1,89,287,92,173
1,90,287,107,173
1,91,287,101,173
1,92,287,91,173
1,93,287,100,173
1,94,287,116,173
1,95,287,89,173
1,96,287,103,173
1,97,287,112,173
1,98,287,17,173
1,99,287,96,173
1,100,287,118,173
1,101,287,90,173
1,102,287,111,173
1,103,287,110,173
1,104,287,99,173
1,105,287,98,173
1,106,287,104,173
1,107,287,109,173
1,108,287,8,173
1,109,287,105,173
1,110,287,84,173
1,111,287,66,173
1,112,287,23,173
1,113,287,69,173
1,114,287,85,173
1,115,287,77,173
1,116,287,87,173
1,117,287,70,173
1,118,287,72,173
1,119,287,83,173
1,120,287,79,173
1,121,287,82,173
1,122,287,81,173
1,123,287,78,173
1,124,287,76,173
1,125,287,86,173
1,126,287,64,173
1,127,287,71,173
1,128,287,80,173
1,129,287,88,173
1,130,287,48,173
1,131,287,75,173
1,132,287,67,173
1,133,287,73,173
1,134,287,44,173
1,135,287,63,173
1,136,287,74,173
1,137,287,65,173
1,138,287,62,173
1,139,287,68,173
9,140,287,51,173
5,141,287,36,173
5,142,287,54,173
5,143,287,41,173
5,144,287,33,173
5,145,287,61,173
5,146,287,55,173
5,147,287,43,173
5,148,287,46,173
5,149,287,40,173
5,150,287,37,173
5,151,287,60,173
5,152,287,50,173
5,153,287,47,173
5,154,287,53,173
5,155,287,39,173
5,156,287,58,173
5,157,287,35,173
5,158,287,59,173
5,159,287,45,173
5,160,287,42,173
5,161,287,49,173
5,162,287,56,173
5,163,287,38,173
5,164,287,34,173
5,165,287,57,173
5,166,287,52,173
1,1,288,146,44
1,2,288,141,44
1,3,288,155,44
1,4,288,147,44
1,5,288,139,44
1,6,288,134,44
1,7,288,166,44
1,8,288,152,44
1,9,288,138,44
1,10,288,144,44
1,11,288,124,44
1,12,288,122,44
1,13,288,149,44
1,14,288,128,44
1,15,288,129,44
1,16,288,119,44
1,17,288,123,44
1,18,288,161,44
1,19,288,154,44
1,20,288,145,44
1,21,288,125,44
1,22,288,150,44
1,23,288,156,44
1,24,288,142,44
1,25,288,165,44
1,26,288,159,44
1,27,288,158,44
1,28,288,153,44
1,29,288,135,44
1,30,288,137,44
1,31,288,164,44
1,32,288,148,44
1,33,288,151,44
1,34,288,157,44
1,35,288,22,44
1,36,288,127,44
1,37,288,1,44
1,38,288,131,44
1,39,288,136,44
1,40,288,140,44
1,41,288,120,44
1,42,288,21,44
1,43,288,121,44
1,44,288,16,44
1,45,288,32,44
1,46,288,10,44
1,47,288,126,44
1,48,288,19,44
1,49,288,31,44
1,50,288,27,44
1,51,288,163,44
1,52,288,133,44
1,53,288,28,44
1,54,288,9,44
1,55,288,13,44
1,56,288,20,44
1,57,288,30,44
1,58,288,143,44
1,59,288,15,44
1,60,288,26,44
1,61,288,24,44
1,62,288,162,44
1,63,288,5,44
1,64,288,3,44
1,65,288,130,44
1,66,288,18,44
1,67,288,12,44
1,68,288,160,44
1,69,288,108,44
1,70,288,6,44
1,71,288,14,44
1,72,288,29,44
1,73,288,132,44
1,74,288,4,44
1,75,288,2,44
1,76,288,7,44
1,77,288,11,44
1,78,288,97,44
1,79,288,102,44
1,80,288,113,44
1,81,288,95,44
1,82,288,94,44
1,83,288,117,44
1,84,288,114,44
1,85,288,106,44
1,86,288,25,44
1,87,288,115,44
1,88,288,93,44
1,89,288,92,44
1,90,288,107,44
1,91,288,101,44
1,92,288,91,44
1,93,288,100,44
1,94,288,116,44
1,95,288,89,44
1,96,288,103,44
1,97,288,112,44
1,98,288,17,44
1,99,288,96,44
1,100,288,118,44
1,101,288,90,44
1,102,288,111,44
1,103,288,110,44
1,104,288,99,44
1,105,288,98,44
1,106,288,104,44
1,107,288,109,44
1,108,288,8,44
1,109,288,105,44
1,110,288,84,44
1,111,288,66,44
1,112,288,23,44
1,113,288,69,44
1,114,288,85,44
1,115,288,77,44
1,116,288,87,44
1,117,288,70,44
1,118,288,72,44
1,119,288,83,44
1,120,288,79,44
1,121,288,82,44
1,122,288,81,44
1,123,288,78,44
1,124,288,76,44
1,125,288,86,44
1,126,288,64,44
1,127,288,71,44
1,128,288,80,44
1,129,288,88,44
1,130,288,48,44
1,131,288,75,44
1,132,288,67,44
1,133,288,73,44
1,134,288,44,44
1,135,288,63,44
1,136,288,74,44
1,137,288,65,44
1,138,288,62,44
1,139,288,68,44
9,140,288,51,44
5,141,288,36,44
5,142,288,54,44
5,143,288,41,44
5,144,288,33,44
5,145,288,61,44
5,146,288,55,44
5,147,288,43,44
5,148,288,46,44
5,149,288,40,44
5,150,288,37,44
5,151,288,60,44
5,152,288,50,44
5,153,288,47,44
5,154,288,53,44
5,155,288,39,44
5,156,288,58,44
5,157,288,35,44
5,158,288,59,44
5,159,288,45,44
5,160,288,42,44
5,161,288,49,44
5,162,288,56,44
5,163,288,38,44
5,164,288,34,44
5,165,288,57,44
5,166,288,52,44
1,1,289,146,41
1,2,289,141,41
1,3,289,155,41
1,4,289,147,41
1,5,289,139,41
1,6,289,134,41
1,7,289,166,41
1,8,289,152,41
1,9,289,138,41
1,10,289,144,41
1,11,289,124,41
1,12,289,122,41
1,13,289,149,41
1,14,289,128,41
1,15,289,129,41
1,16,289,119,41
1,17,289,123,41
1,18,289,161,41
1,19,289,154,41
1,20,289,145,41
1,21,289,125,41
1,22,289,150,41
1,23,289,156,41
1,24,289,142,41
1,25,289,165,41
1,26,289,159,41
1,27,289,158,41
1,28,289,153,41
1,29,289,135,41
1,30,289,137,41
1,31,289,164,41
1,32,289,148,41
1,33,289,151,41
1,34,289,157,41
1,35,289,22,41
1,36,289,127,41
1,37,289,1,41
1,38,289,131,41
1,39,289,136,41
1,40,289,140,41
1,41,289,120,41
1,42,289,21,41
1,43,289,121,41
1,44,289,16,41
1,45,289,32,41
1,46,289,10,41
1,47,289,126,41
1,48,289,19,41
1,49,289,31,41
1,50,289,27,41
1,51,289,163,41
1,52,289,133,41
1,53,289,28,41
1,54,289,9,41
1,55,289,13,41
1,56,289,20,41
1,57,289,30,41
1,58,289,143,41
1,59,289,15,41
1,60,289,26,41
1,61,289,24,41
1,62,289,162,41
1,63,289,5,41
1,64,289,3,41
1,65,289,130,41
1,66,289,18,41
1,67,289,12,41
1,68,289,160,41
1,69,289,108,41
1,70,289,6,41
1,71,289,14,41
1,72,289,29,41
1,73,289,132,41
1,74,289,4,41
1,75,289,2,41
1,76,289,7,41
1,77,289,11,41
1,78,289,97,41
1,79,289,102,41
1,80,289,113,41
1,81,289,95,41
1,82,289,94,41
1,83,289,117,41
1,84,289,114,41
1,85,289,106,41
1,86,289,25,41
1,87,289,115,41
1,88,289,93,41
1,89,289,92,41
1,90,289,107,41
1,91,289,101,41
1,92,289,91,41
1,93,289,100,41
1,94,289,116,41
1,95,289,89,41
1,96,289,103,41
1,97,289,112,41
1,98,289,17,41
1,99,289,96,41
1,100,289,118,41
1,101,289,90,41
1,102,289,111,41
1,103,289,110,41
1,104,289,99,41
1,105,289,98,41
1,106,289,104,41
1,107,289,109,41
1,108,289,8,41
1,109,289,105,41
1,110,289,84,41
1,111,289,66,41
1,112,289,23,41
1,113,289,69,41
1,114,289,85,41
1,115,289,77,41
1,116,289,87,41
1,117,289,70,41
1,118,289,72,41
1,119,289,83,41
1,120,289,79,41
1,121,289,82,41
1,122,289,81,41
1,123,289,78,41
1,124,289,76,41
1,125,289,86,41
1,126,289,64,41
1,127,289,71,41
1,128,289,80,41
1,129,289,88,41
1,130,289,48,41
1,131,289,75,41
1,132,289,67,41
1,133,289,73,41
1,134,289,44,41
1,135,289,63,41
1,136,289,74,41
1,137,289,65,41
1,138,289,62,41
1,139,289,68,41
9,140,289,51,41
5,141,289,36,41
5,142,289,54,41
5,143,289,41,41
5,144,289,33,41
5,145,289,61,41
5,146,289,55,41
5,147,289,43,41
5,148,289,46,41
5,149,289,40,41
5,150,289,37,41
5,151,289,60,41
5,152,289,50,41
5,153,289,47,41
5,154,289,53,41
5,155,289,39,41
5,156,289,58,41
5,157,289,35,41
5,158,289,59,41
5,159,289,45,41
5,160,289,42,41
5,161,289,49,41
5,162,289,56,41
5,163,289,38,41
5,164,289,34,41
5,165,289,57,41
5,166,289,52,41
1,1,290,146,1
1,2,290,141,1
1,3,290,155,1
1,4,290,147,1
1,5,290,139,1
1,6,290,134,1
1,7,290,166,1
1,8,290,152,1
1,9,290,138,1
1,10,290,144,1
1,11,290,124,1
1,12,290,122,1
1,13,290,149,1
1,14,290,128,1
1,15,290,129,1
1,16,290,119,1
1,17,290,123,1
1,18,290,161,1
1,19,290,154,1
1,20,290,145,1
1,21,290,125,1
1,22,290,150,1
1,23,290,156,1
1,24,290,142,1
1,25,290,165,1
1,26,290,159,1
1,27,290,158,1
1,28,290,153,1
1,29,290,135,1
1,30,290,137,1
1,31,290,164,1
1,32,290,148,1
1,33,290,151,1
1,34,290,157,1
1,35,290,22,1
1,36,290,127,1
1,37,290,1,1
1,38,290,131,1
1,39,290,136,1
1,40,290,140,1
1,41,290,120,1
1,42,290,21,1
1,43,290,121,1
1,44,290,16,1
1,45,290,32,1
1,46,290,10,1
1,47,290,126,1
1,48,290,19,1
1,49,290,31,1
1,50,290,27,1
1,51,290,163,1
1,52,290,133,1
1,53,290,28,1
1,54,290,9,1
1,55,290,13,1
1,56,290,20,1
1,57,290,30,1
1,58,290,143,1
1,59,290,15,1
1,60,290,26,1
1,61,290,24,1
1,62,290,162,1
1,63,290,5,1
1,64,290,3,1
1,65,290,130,1
1,66,290,18,1
1,67,290,12,1
1,68,290,160,1
1,69,290,108,1
1,70,290,6,1
1,71,290,14,1
1,72,290,29,1
1,73,290,132,1
1,74,290,4,1
1,75,290,2,1
1,76,290,7,1
1,77,290,11,1
1,78,290,97,1
1,79,290,102,1
1,80,290,113,1
1,81,290,95,1
1,82,290,94,1
1,83,290,117,1
1,84,290,114,1
1,85,290,106,1
1,86,290,25,1
1,87,290,115,1
1,88,290,93,1
1,89,290,92,1
1,90,290,107,1
1,91,290,101,1
1,92,290,91,1
1,93,290,100,1
1,94,290,116,1
1,95,290,89,1
1,96,290,103,1
1,97,290,112,1
1,98,290,17,1
1,99,290,96,1
1,100,290,118,1
1,101,290,90,1
1,102,290,111,1
1,103,290,110,1
1,104,290,99,1
1,105,290,98,1
1,106,290,104,1
1,107,290,109,1
1,108,290,8,1
1,109,290,105,1
1,110,290,84,1
1,111,290,66,1
1,112,290,23,1
1,113,290,69,1
1,114,290,85,1
1,115,290,77,1
1,116,290,87,1
1,117,290,70,1
1,118,290,72,1
1,119,290,83,1
1,120,290,79,1
1,121,290,82,1
1,122,290,81,1
1,123,290,78,1
1,124,290,76,1
1,125,290,86,1
1,126,290,64,1
1,127,290,71,1
1,128,290,80,1
1,129,290,88,1
1,130,290,48,1
1,131,290,75,1
1,132,290,67,1
1,133,290,73,1
1,134,290,44,1
1,135,290,63,1
1,136,290,74,1
1,137,290,65,1
1,138,290,62,1
1,139,290,68,1
9,140,290,51,1
5,141,290,36,1
5,142,290,54,1
5,143,290,41,1
5,144,290,33,1
5,145,290,61,1
5,146,290,55,1
5,147,290,43,1
5,148,290,46,1
5,149,290,40,1
5,150,290,37,1
5,151,290,60,1
5,152,290,50,1
5,153,290,47,1
5,154,290,53,1
5,155,290,39,1
5,156,290,58,1
5,157,290,35,1
5,158,290,59,1
5,159,290,45,1
5,160,290,42,1
5,161,290,49,1
5,162,290,56,1
5,163,290,38,1
5,164,290,34,1
5,165,290,57,1
5,166,290,52,1
1,1,291,146,104
1,2,291,141,104
1,3,291,155,104
1,4,291,147,104
1,5,291,139,104
1,6,291,134,104
1,7,291,166,104
1,8,291,152,104
1,9,291,138,104
1,10,291,144,104
1,11,291,124,104
1,12,291,122,104
1,13,291,149,104
1,14,291,128,104
1,15,291,129,104
1,16,291,119,104
1,17,291,123,104
1,18,291,161,104
1,19,291,154,104
1,20,291,145,104
1,21,291,125,104
1,22,291,150,104
1,23,291,156,104
1,24,291,142,104
1,25,291,165,104
1,26,291,159,104
1,27,291,158,104
1,28,291,153,104
1,29,291,135,104
1,30,291,137,104
1,31,291,164,104
1,32,291,148,104
1,33,291,151,104
1,34,291,157,104
1,35,291,22,104
1,36,291,127,104
1,37,291,1,104
1,38,291,131,104
1,39,291,136,104
1,40,291,140,104
1,41,291,120,104
1,42,291,21,104
1,43,291,121,104
1,44,291,16,104
1,45,291,32,104
1,46,291,10,104
1,47,291,126,104
1,48,291,19,104
1,49,291,31,104
1,50,291,27,104
1,51,291,163,104
1,52,291,133,104
1,53,291,28,104
1,54,291,9,104
1,55,291,13,104
1,56,291,20,104
1,57,291,30,104
1,58,291,143,104
1,59,291,15,104
1,60,291,26,104
1,61,291,24,104
1,62,291,162,104
1,63,291,5,104
1,64,291,3,104
1,65,291,130,104
1,66,291,18,104
1,67,291,12,104
1,68,291,160,104
1,69,291,108,104
1,70,291,6,104
1,71,291,14,104
1,72,291,29,104
1,73,291,132,104
1,74,291,4,104
1,75,291,2,104
1,76,291,7,104
1,77,291,11,104
1,78,291,97,104
1,79,291,102,104
1,80,291,113,104
1,81,291,95,104
1,82,291,94,104
1,83,291,117,104
1,84,291,114,104
1,85,291,106,104
1,86,291,25,104
1,87,291,115,104
1,88,291,93,104
1,89,291,92,104
1,90,291,107,104
1,91,291,101,104
1,92,291,91,104
1,93,291,100,104
1,94,291,116,104
1,95,291,89,104
1,96,291,103,104
1,97,291,112,104
1,98,291,17,104
1,99,291,96,104
1,100,291,118,104
1,101,291,90,104
1,102,291,111,104
1,103,291,110,104
1,104,291,99,104
1,105,291,98,104
1,106,291,104,104
1,107,291,109,104
1,108,291,8,104
1,109,291,105,104
1,110,291,84,104
1,111,291,66,104
1,112,291,23,104
1,113,291,69,104
1,114,291,85,104
1,115,291,77,104
1,116,291,87,104
1,117,291,70,104
1,118,291,72,104
1,119,291,83,104
1,120,291,79,104
1,121,291,82,104
1,122,291,81,104
1,123,291,78,104
1,124,291,76,104
1,125,291,86,104
1,126,291,64,104
1,127,291,71,104
1,128,291,80,104
1,129,291,88,104
1,130,291,48,104
1,131,291,75,104
1,132,291,67,104
1,133,291,73,104
1,134,291,44,104
1,135,291,63,104
1,136,291,74,104
1,137,291,65,104
1,138,291,62,104
1,139,291,68,104
1,140,291,51,104
1,141,291,36,104
1,142,291,54,104
1,143,291,41,104
1,144,291,33,104
1,145,291,61,104
1,146,291,55,104
1,147,291,43,104
1,148,291,46,104
1,149,291,40,104
1,150,291,37,104
1,151,291,60,104
1,152,291,50,104
1,153,291,47,104
1,154,291,53,104
1,155,291,39,104
1,156,291,58,104
1,157,291,35,104
1,158,291,59,104
1,159,291,45,104
1,160,291,42,104
1,161,291,49,104
1,162,291,56,104
1,163,291,38,104
1,164,291,34,104
1,165,291,57,104
1,166,291,52,104
1,1,292,146,3
1,2,292,141,3
1,3,292,155,3
1,4,292,147,3
1,5,292,139,3
1,6,292,134,3
1,7,292,166,3
1,8,292,152,3
1,9,292,138,3
1,10,292,144,3
1,11,292,124,3
1,12,292,122,3
1,13,292,149,3
1,14,292,128,3
1,15,292,129,3
1,16,292,119,3
1,17,292,123,3
1,18,292,161,3
1,19,292,154,3
1,20,292,145,3
1,21,292,125,3
1,22,292,150,3
1,23,292,156,3
1,24,292,142,3
1,25,292,165,3
1,26,292,159,3
1,27,292,158,3
1,28,292,153,3
1,29,292,135,3
1,30,292,137,3
1,31,292,164,3
1,32,292,148,3
1,33,292,151,3
1,34,292,157,3
1,35,292,22,3
1,36,292,127,3
1,37,292,1,3
1,38,292,131,3
1,39,292,136,3
1,40,292,140,3
1,41,292,120,3
1,42,292,21,3
1,43,292,121,3
1,44,292,16,3
1,45,292,32,3
1,46,292,10,3
1,47,292,126,3
1,48,292,19,3
1,49,292,31,3
1,50,292,27,3
1,51,292,163,3
1,52,292,133,3
1,53,292,28,3
1,54,292,9,3
1,55,292,13,3
1,56,292,20,3
1,57,292,30,3
1,58,292,143,3
1,59,292,15,3
1,60,292,26,3
1,61,292,24,3
1,62,292,162,3
1,63,292,5,3
1,64,292,3,3
1,65,292,130,3
1,66,292,18,3
1,67,292,12,3
1,68,292,160,3
1,69,292,108,3
1,70,292,6,3
1,71,292,14,3
1,72,292,29,3
1,73,292,132,3
1,74,292,4,3
1,75,292,2,3
1,76,292,7,3
1,77,292,11,3
1,78,292,97,3
1,79,292,102,3
1,80,292,113,3
1,81,292,95,3
1,82,292,94,3
1,83,292,117,3
1,84,292,114,3
1,85,292,106,3
1,86,292,25,3
1,87,292,115,3
1,88,292,93,3
1,89,292,92,3
1,90,292,107,3
1,91,292,101,3
1,92,292,91,3
1,93,292,100,3
1,94,292,116,3
1,95,292,89,3
1,96,292,103,3
1,97,292,112,3
1,98,292,17,3
1,99,292,96,3
1,100,292,118,3
1,101,292,90,3
1,102,292,111,3
1,103,292,110,3
1,104,292,99,3
1,105,292,98,3
1,106,292,104,3
1,107,292,109,3
1,108,292,8,3
1,109,292,105,3
1,110,292,84,3
1,111,292,66,3
1,112,292,23,3
1,113,292,69,3
1,114,292,85,3
1,115,292,77,3
1,116,292,87,3
1,117,292,70,3
1,118,292,72,3
1,119,292,83,3
1,120,292,79,3
1,121,292,82,3
1,122,292,81,3
1,123,292,78,3
1,124,292,76,3
1,125,292,86,3
1,126,292,64,3
1,127,292,71,3
1,128,292,80,3
1,129,292,88,3
1,130,292,48,3
1,131,292,75,3
1,132,292,67,3
1,133,292,73,3
1,134,292,44,3
1,135,292,63,3
1,136,292,74,3
1,137,292,65,3
1,138,292,62,3
1,139,292,68,3
1,140,292,51,3
1,141,292,36,3
1,142,292,54,3
1,143,292,41,3
1,144,292,33,3
1,145,292,61,3
1,146,292,55,3
1,147,292,43,3
1,148,292,46,3
1,149,292,40,3
1,150,292,37,3
1,151,292,60,3
1,152,292,50,3
1,153,292,47,3
1,154,292,53,3
1,155,292,39,3
1,156,292,58,3
1,157,292,35,3
1,158,292,59,3
1,159,292,45,3
1,160,292,42,3
1,161,292,49,3
1,162,292,56,3
1,163,292,38,3
1,164,292,34,3
1,165,292,57,3
1,166,292,52,3
1,1,293,146,75
1,2,293,141,75
1,3,293,155,75
1,4,293,147,75
1,5,293,139,75
1,6,293,134,75
1,7,293,166,75
1,8,293,152,75
1,9,293,138,75
1,10,293,144,75
1,11,293,124,75
1,12,293,122,75
1,13,293,149,75
1,14,293,128,75
1,15,293,129,75
1,16,293,119,75
1,17,293,123,75
1,18,293,161,75
1,19,293,154,75
1,20,293,145,75
1,21,293,125,75
1,22,293,150,75
1,23,293,156,75
1,24,293,142,75
1,25,293,165,75
1,26,293,159,75
1,27,293,158,75
1,28,293,153,75
1,29,293,135,75
1,30,293,137,75
1,31,293,164,75
1,32,293,148,75
1,33,293,151,75
1,34,293,157,75
1,35,293,22,75
1,36,293,127,75
1,37,293,1,75
1,38,293,131,75
1,39,293,136,75
1,40,293,140,75
1,41,293,120,75
1,42,293,21,75
1,43,293,121,75
1,44,293,16,75
1,45,293,32,75
1,46,293,10,75
1,47,293,126,75
1,48,293,19,75
1,49,293,31,75
1,50,293,27,75
1,51,293,163,75
1,52,293,133,75
1,53,293,28,75
1,54,293,9,75
1,55,293,13,75
1,56,293,20,75
1,57,293,30,75
1,58,293,143,75
1,59,293,15,75
1,60,293,26,75
1,61,293,24,75
1,62,293,162,75
1,63,293,5,75
1,64,293,3,75
1,65,293,130,75
1,66,293,18,75
1,67,293,12,75
1,68,293,160,75
1,69,293,108,75
1,70,293,6,75
1,71,293,14,75
1,72,293,29,75
1,73,293,132,75
1,74,293,4,75
1,75,293,2,75
1,76,293,7,75
1,77,293,11,75
1,78,293,97,75
1,79,293,102,75
1,80,293,113,75
1,81,293,95,75
1,82,293,94,75
1,83,293,117,75
1,84,293,114,75
1,85,293,106,75
1,86,293,25,75
1,87,293,115,75
1,88,293,93,75
1,89,293,92,75
1,90,293,107,75
1,91,293,101,75
1,92,293,91,75
1,93,293,100,75
1,94,293,116,75
1,95,293,89,75
1,96,293,103,75
1,97,293,112,75
1,98,293,17,75
1,99,293,96,75
1,100,293,118,75
1,101,293,90,75
1,102,293,111,75
1,103,293,110,75
1,104,293,99,75
1,105,293,98,75
1,106,293,104,75
1,107,293,109,75
1,108,293,8,75
1,109,293,105,75
1,110,293,84,75
1,111,293,66,75
1,112,293,23,75
1,113,293,69,75
1,114,293,85,75
1,115,293,77,75
1,116,293,87,75
1,117,293,70,75
1,118,293,72,75
1,119,293,83,75
1,120,293,79,75
1,121,293,82,75
1,122,293,81,75
1,123,293,78,75
1,124,293,76,75
1,125,293,86,75
1,126,293,64,75
1,127,293,71,75
1,128,293,80,75
1,129,293,88,75
1,130,293,48,75
1,131,293,75,75
1,132,293,67,75
1,133,293,73,75
1,134,293,44,75
1,135,293,63,75
1,136,293,74,75
1,137,293,65,75
1,138,293,62,75
1,139,293,68,75
1,140,293,51,75
1,141,293,36,75
1,142,293,54,75
1,143,293,41,75
1,144,293,33,75
1,145,293,61,75
1,146,293,55,75
1,147,293,43,75
1,148,293,46,75
1,149,293,40,75
1,150,293,37,75
1,151,293,60,75
1,152,293,50,75
1,153,293,47,75
1,154,293,53,75
1,155,293,39,75
1,156,293,58,75
1,157,293,35,75
1,158,293,59,75
1,159,293,45,75
1,160,293,42,75
1,161,293,49,75
1,162,293,56,75
1,163,293,38,75
1,164,293,34,75
1,165,293,57,75
1,166,293,52,75
1,1,294,146,80
1,2,294,141,80
1,3,294,155,80
1,4,294,147,80
1,5,294,139,80
1,6,294,134,80
1,7,294,166,80
1,8,294,152,80
1,9,294,138,80
1,10,294,144,80
1,11,294,124,80
1,12,294,122,80
1,13,294,149,80
1,14,294,128,80
1,15,294,129,80
1,16,294,119,80
1,17,294,123,80
1,18,294,161,80
1,19,294,154,80
1,20,294,145,80
1,21,294,125,80
1,22,294,150,80
1,23,294,156,80
1,24,294,142,80
1,25,294,165,80
1,26,294,159,80
1,27,294,158,80
1,28,294,153,80
1,29,294,135,80
1,30,294,137,80
1,31,294,164,80
1,32,294,148,80
1,33,294,151,80
1,34,294,157,80
1,35,294,22,80
1,36,294,127,80
1,37,294,1,80
1,38,294,131,80
1,39,294,136,80
1,40,294,140,80
1,41,294,120,80
1,42,294,21,80
1,43,294,121,80
1,44,294,16,80
1,45,294,32,80
1,46,294,10,80
1,47,294,126,80
1,48,294,19,80
1,49,294,31,80
1,50,294,27,80
1,51,294,163,80
1,52,294,133,80
1,53,294,28,80
1,54,294,9,80
1,55,294,13,80
1,56,294,20,80
1,57,294,30,80
1,58,294,143,80
1,59,294,15,80
1,60,294,26,80
1,61,294,24,80
1,62,294,162,80
1,63,294,5,80
1,64,294,3,80
1,65,294,130,80
1,66,294,18,80
1,67,294,12,80
1,68,294,160,80
1,69,294,108,80
1,70,294,6,80
1,71,294,14,80
1,72,294,29,80
1,73,294,132,80
1,74,294,4,80
1,75,294,2,80
1,76,294,7,80
1,77,294,11,80
1,78,294,97,80
1,79,294,102,80
1,80,294,113,80
1,81,294,95,80
1,82,294,94,80
1,83,294,117,80
1,84,294,114,80
1,85,294,106,80
1,86,294,25,80
1,87,294,115,80
1,88,294,93,80
1,89,294,92,80
1,90,294,107,80
1,91,294,101,80
1,92,294,91,80
1,93,294,100,80
1,94,294,116,80
1,95,294,89,80
1,96,294,103,80
1,97,294,112,80
1,98,294,17,80
1,99,294,96,80
1,100,294,118,80
1,101,294,90,80
1,102,294,111,80
1,103,294,110,80
1,104,294,99,80
1,105,294,98,80
1,106,294,104,80
1,107,294,109,80
1,108,294,8,80
1,109,294,105,80
1,110,294,84,80
1,111,294,66,80
1,112,294,23,80
1,113,294,69,80
1,114,294,85,80
1,115,294,77,80
1,116,294,87,80
1,117,294,70,80
1,118,294,72,80
1,119,294,83,80
1,120,294,79,80
1,121,294,82,80
1,122,294,81,80
1,123,294,78,80
1,124,294,76,80
1,125,294,86,80
1,126,294,64,80
1,127,294,71,80
1,128,294,80,80
1,129,294,88,80
1,130,294,48,80
1,131,294,75,80
1,132,294,67,80
1,133,294,73,80
1,134,294,44,80
1,135,294,63,80
1,136,294,74,80
1,137,294,65,80
1,138,294,62,80
1,139,294,68,80
1,140,294,51,80
1,141,294,36,80
1,142,294,54,80
1,143,294,41,80
1,144,294,33,80
1,145,294,61,80
1,146,294,55,80
1,147,294,43,80
1,148,294,46,80
1,149,294,40,80
1,150,294,37,80
1,151,294,60,80
1,152,294,50,80
1,153,294,47,80
1,154,294,53,80
1,155,294,39,80
1,156,294,58,80
1,157,294,35,80
1,158,294,59,80
1,159,294,45,80
1,160,294,42,80
1,161,294,49,80
1,162,294,56,80
1,163,294,38,80
1,164,294,34,80
1,165,294,57,80
1,166,294,52,80
1,1,295,146,139
1,2,295,141,139
1,3,295,155,139
1,4,295,147,139
1,5,295,139,139
1,6,295,134,139
1,7,295,166,139
1,8,295,152,139
1,9,295,138,139
1,10,295,144,139
1,11,295,124,139
1,12,295,122,139
1,13,295,149,139
1,14,295,128,139
1,15,295,129,139
1,16,295,119,139
1,17,295,123,139
1,18,295,161,139
1,19,295,154,139
1,20,295,145,139
1,21,295,125,139
1,22,295,150,139
1,23,295,156,139
1,24,295,142,139
1,25,295,165,139
1,26,295,159,139
1,27,295,158,139
1,28,295,153,139
1,29,295,135,139
1,30,295,137,139
1,31,295,164,139
1,32,295,148,139
1,33,295,151,139
1,34,295,157,139
1,35,295,22,139
1,36,295,127,139
1,37,295,1,139
1,38,295,131,139
1,39,295,136,139
1,40,295,140,139
1,41,295,120,139
1,42,295,21,139
1,43,295,121,139
1,44,295,16,139
1,45,295,32,139
1,46,295,10,139
1,47,295,126,139
1,48,295,19,139
1,49,295,31,139
1,50,295,27,139
1,51,295,163,139
1,52,295,133,139
1,53,295,28,139
1,54,295,9,139
1,55,295,13,139
1,56,295,20,139
1,57,295,30,139
1,58,295,143,139
1,59,295,15,139
1,60,295,26,139
1,61,295,24,139
1,62,295,162,139
1,63,295,5,139
1,64,295,3,139
1,65,295,130,139
1,66,295,18,139
1,67,295,12,139
1,68,295,160,139
1,69,295,108,139
1,70,295,6,139
1,71,295,14,139
1,72,295,29,139
1,73,295,132,139
1,74,295,4,139
1,75,295,2,139
1,76,295,7,139
1,77,295,11,139
1,78,295,97,139
1,79,295,102,139
1,80,295,113,139
1,81,295,95,139
1,82,295,94,139
1,83,295,117,139
1,84,295,114,139
1,85,295,106,139
1,86,295,25,139
1,87,295,115,139
1,88,295,93,139
1,89,295,92,139
1,90,295,107,139
1,91,295,101,139
1,92,295,91,139
1,93,295,100,139
1,94,295,116,139
1,95,295,89,139
1,96,295,103,139
1,97,295,112,139
1,98,295,17,139
1,99,295,96,139
1,100,295,118,139
1,101,295,90,139
1,102,295,111,139
1,103,295,110,139
1,104,295,99,139
1,105,295,98,139
1,106,295,104,139
1,107,295,109,139
1,108,295,8,139
1,109,295,105,139
1,110,295,84,139
1,111,295,66,139
1,112,295,23,139
1,113,295,69,139
1,114,295,85,139
1,115,295,77,139
1,116,295,87,139
1,117,295,70,139
1,118,295,72,139
1,119,295,83,139
1,120,295,79,139
1,121,295,82,139
1,122,295,81,139
1,123,295,78,139
1,124,295,76,139
1,125,295,86,139
1,126,295,64,139
1,127,295,71,139
1,128,295,80,139
1,129,295,88,139
1,130,295,48,139
1,131,295,75,139
1,132,295,67,139
1,133,295,73,139
1,134,295,44,139
1,135,295,63,139
1,136,295,74,139
1,137,295,65,139
1,138,295,62,139
1,139,295,68,139
1,140,295,51,139
1,141,295,36,139
1,142,295,54,139
1,143,295,41,139
1,144,295,33,139
1,145,295,61,139
1,146,295,55,139
1,147,295,43,139
1,148,295,46,139
1,149,295,40,139
1,150,295,37,139
1,151,295,60,139
1,152,295,50,139
1,153,295,47,139
1,154,295,53,139
1,155,295,39,139
1,156,295,58,139
1,157,295,35,139
1,158,295,59,139
1,159,295,45,139
1,160,295,42,139
1,161,295,49,139
1,162,295,56,139
1,163,295,38,139
1,164,295,34,139
1,165,295,57,139
1,166,295,52,139
1,1,296,146,154
1,2,296,141,154
1,3,296,155,154
1,4,296,147,154
1,5,296,139,154
1,6,296,134,154
1,7,296,166,154
1,8,296,152,154
1,9,296,138,154
1,10,296,144,154
1,11,296,124,154
1,12,296,122,154
1,13,296,149,154
1,14,296,128,154
1,15,296,129,154
1,16,296,119,154
1,17,296,123,154
1,18,296,161,154
1,19,296,154,154
1,20,296,145,154
1,21,296,125,154
1,22,296,150,154
1,23,296,156,154
1,24,296,142,154
1,25,296,165,154
1,26,296,159,154
1,27,296,158,154
1,28,296,153,154
1,29,296,135,154
1,30,296,137,154
1,31,296,164,154
1,32,296,148,154
1,33,296,151,154
1,34,296,157,154
1,35,296,22,154
1,36,296,127,154
1,37,296,1,154
1,38,296,131,154
1,39,296,136,154
1,40,296,140,154
1,41,296,120,154
1,42,296,21,154
1,43,296,121,154
1,44,296,16,154
1,45,296,32,154
1,46,296,10,154
1,47,296,126,154
1,48,296,19,154
1,49,296,31,154
1,50,296,27,154
1,51,296,163,154
1,52,296,133,154
1,53,296,28,154
1,54,296,9,154
1,55,296,13,154
1,56,296,20,154
1,57,296,30,154
1,58,296,143,154
1,59,296,15,154
1,60,296,26,154
1,61,296,24,154
1,62,296,162,154
1,63,296,5,154
1,64,296,3,154
1,65,296,130,154
1,66,296,18,154
1,67,296,12,154
1,68,296,160,154
1,69,296,108,154
1,70,296,6,154
1,71,296,14,154
1,72,296,29,154
1,73,296,132,154
1,74,296,4,154
1,75,296,2,154
1,76,296,7,154
1,77,296,11,154
1,78,296,97,154
1,79,296,102,154
1,80,296,113,154
1,81,296,95,154
1,82,296,94,154
1,83,296,117,154
1,84,296,114,154
1,85,296,106,154
1,86,296,25,154
1,87,296,115,154
1,88,296,93,154
1,89,296,92,154
1,90,296,107,154
1,91,296,101,154
1,92,296,91,154
1,93,296,100,154
1,94,296,116,154
1,95,296,89,154
1,96,296,103,154
1,97,296,112,154
1,98,296,17,154
1,99,296,96,154
1,100,296,118,154
1,101,296,90,154
1,102,296,111,154
1,103,296,110,154
1,104,296,99,154
1,105,296,98,154
1,106,296,104,154
1,107,296,109,154
1,108,296,8,154
1,109,296,105,154
1,110,296,84,154
1,111,296,66,154
1,112,296,23,154
1,113,296,69,154
1,114,296,85,154
1,115,296,77,154
1,116,296,87,154
1,117,296,70,154
1,118,296,72,154
1,119,296,83,154
1,120,296,79,154
1,121,296,82,154
1,122,296,81,154
1,123,296,78,154
1,124,296,76,154
1,125,296,86,154
1,126,296,64,154
1,127,296,71,154
1,128,296,80,154
1,129,296,88,154
1,130,296,48,154
1,131,296,75,154
1,132,296,67,154
1,133,296,73,154
1,134,296,44,154
1,135,296,63,154
1,136,296,74,154
1,137,296,65,154
1,138,296,62,154
1,139,296,68,154
1,140,296,51,154
1,141,296,36,154
1,142,296,54,154
1,143,296,41,154
1,144,296,33,154
1,145,296,61,154
1,146,296,55,154
1,147,296,43,154
1,148,296,46,154
1,149,296,40,154
1,150,296,37,154
1,151,296,60,154
1,152,296,50,154
1,153,296,47,154
1,154,296,53,154
1,155,296,39,154
1,156,296,58,154
1,157,296,35,154
1,158,296,59,154
1,159,296,45,154
1,160,296,42,154
1,161,296,49,154
1,162,296,56,154
1,163,296,38,154
1,164,296,34,154
1,165,296,57,154
1,166,296,52,154
1,1,297,146,180
1,2,297,141,180
1,3,297,155,180
1,4,297,147,180
1,5,297,139,180
1,6,297,134,180
1,7,297,166,180
1,8,297,152,180
1,9,297,138,180
1,10,297,144,180
1,11,297,124,180
1,12,297,122,180
1,13,297,149,180
1,14,297,128,180
1,15,297,129,180
1,16,297,119,180
1,17,297,123,180
1,18,297,161,180
1,19,297,154,180
1,20,297,145,180
1,21,297,125,180
1,22,297,150,180
1,23,297,156,180
1,24,297,142,180
1,25,297,165,180
1,26,297,159,180
1,27,297,158,180
1,28,297,153,180
1,29,297,135,180
1,30,297,137,180
1,31,297,164,180
1,32,297,148,180
1,33,297,151,180
1,34,297,157,180
1,35,297,22,180
1,36,297,127,180
1,37,297,1,180
1,38,297,131,180
1,39,297,136,180
1,40,297,140,180
1,41,297,120,180
1,42,297,21,180
1,43,297,121,180
1,44,297,16,180
1,45,297,32,180
1,46,297,10,180
1,47,297,126,180
1,48,297,19,180
1,49,297,31,180
1,50,297,27,180
1,51,297,163,180
1,52,297,133,180
1,53,297,28,180
1,54,297,9,180
1,55,297,13,180
1,56,297,20,180
1,57,297,30,180
1,58,297,143,180
1,59,297,15,180
1,60,297,26,180
1,61,297,24,180
1,62,297,162,180
1,63,297,5,180
1,64,297,3,180
1,65,297,130,180
1,66,297,18,180
1,67,297,12,180
1,68,297,160,180
1,69,297,108,180
1,70,297,6,180
1,71,297,14,180
1,72,297,29,180
1,73,297,132,180
1,74,297,4,180
1,75,297,2,180
1,76,297,7,180
1,77,297,11,180
1,78,297,97,180
1,79,297,102,180
1,80,297,113,180
1,81,297,95,180
1,82,297,94,180
1,83,297,117,180
1,84,297,114,180
1,85,297,106,180
1,86,297,25,180
1,87,297,115,180
1,88,297,93,180
1,89,297,92,180
1,90,297,107,180
1,91,297,101,180
1,92,297,91,180
1,93,297,100,180
1,94,297,116,180
1,95,297,89,180
1,96,297,103,180
1,97,297,112,180
1,98,297,17,180
1,99,297,96,180
1,100,297,118,180
1,101,297,90,180
1,102,297,111,180
1,103,297,110,180
1,104,297,99,180
1,105,297,98,180
1,106,297,104,180
1,107,297,109,180
1,108,297,8,180
1,109,297,105,180
1,110,297,84,180
1,111,297,66,180
1,112,297,23,180
1,113,297,69,180
1,114,297,85,180
1,115,297,77,180
1,116,297,87,180
1,117,297,70,180
1,118,297,72,180
1,119,297,83,180
1,120,297,79,180
1,121,297,82,180
1,122,297,81,180
1,123,297,78,180
1,124,297,76,180
1,125,297,86,180
1,126,297,64,180
1,127,297,71,180
1,128,297,80,180
1,129,297,88,180
1,130,297,48,180
1,131,297,75,180
1,132,297,67,180
1,133,297,73,180
1,134,297,44,180
1,135,297,63,180
1,136,297,74,180
1,137,297,65,180
1,138,297,62,180
1,139,297,68,180
1,140,297,51,180
1,141,297,36,180
1,142,297,54,180
1,143,297,41,180
1,144,297,33,180
1,145,297,61,180
1,146,297,55,180
1,147,297,43,180
1,148,297,46,180
1,149,297,40,180
1,150,297,37,180
1,151,297,60,180
1,152,297,50,180
1,153,297,47,180
1,154,297,53,180
1,155,297,39,180
1,156,297,58,180
1,157,297,35,180
1,158,297,59,180
1,159,297,45,180
1,160,297,42,180
1,161,297,49,180
1,162,297,56,180
1,163,297,38,180
1,164,297,34,180
1,165,297,57,180
1,166,297,52,180
1,1,298,146,198
1,2,298,141,198
1,3,298,155,198
1,4,298,147,198
1,5,298,139,198
1,6,298,134,198
1,7,298,166,198
1,8,298,152,198
1,9,298,138,198
1,10,298,144,198
1,11,298,124,198
1,12,298,122,198
1,13,298,149,198
1,14,298,128,198
1,15,298,129,198
1,16,298,119,198
1,17,298,123,198
1,18,298,161,198
1,19,298,154,198
1,20,298,145,198
1,21,298,125,198
1,22,298,150,198
1,23,298,156,198
1,24,298,142,198
1,25,298,165,198
1,26,298,159,198
1,27,298,158,198
1,28,298,153,198
1,29,298,135,198
1,30,298,137,198
1,31,298,164,198
1,32,298,148,198
1,33,298,151,198
1,34,298,157,198
1,35,298,22,198
1,36,298,127,198
1,37,298,1,198
1,38,298,131,198
1,39,298,136,198
1,40,298,140,198
1,41,298,120,198
1,42,298,21,198
1,43,298,121,198
1,44,298,16,198
1,45,298,32,198
1,46,298,10,198
1,47,298,126,198
1,48,298,19,198
1,49,298,31,198
1,50,298,27,198
1,51,298,163,198
1,52,298,133,198
1,53,298,28,198
1,54,298,9,198
1,55,298,13,198
1,56,298,20,198
1,57,298,30,198
1,58,298,143,198
1,59,298,15,198
1,60,298,26,198
1,61,298,24,198
1,62,298,162,198
1,63,298,5,198
1,64,298,3,198
1,65,298,130,198
1,66,298,18,198
1,67,298,12,198
1,68,298,160,198
1,69,298,108,198
1,70,298,6,198
1,71,298,14,198
1,72,298,29,198
1,73,298,132,198
1,74,298,4,198
1,75,298,2,198
1,76,298,7,198
1,77,298,11,198
1,78,298,97,198
1,79,298,102,198
1,80,298,113,198
1,81,298,95,198
1,82,298,94,198
1,83,298,117,198
1,84,298,114,198
1,85,298,106,198
1,86,298,25,198
1,87,298,115,198
1,88,298,93,198
1,89,298,92,198
1,90,298,107,198
1,91,298,101,198
1,92,298,91,198
1,93,298,100,198
1,94,298,116,198
1,95,298,89,198
1,96,298,103,198
1,97,298,112,198
1,98,298,17,198
1,99,298,96,198
1,100,298,118,198
1,101,298,90,198
1,102,298,111,198
1,103,298,110,198
1,104,298,99,198
1,105,298,98,198
1,106,298,104,198
1,107,298,109,198
1,108,298,8,198
1,109,298,105,198
1,110,298,84,198
1,111,298,66,198
1,112,298,23,198
1,113,298,69,198
1,114,298,85,198
1,115,298,77,198
1,116,298,87,198
1,117,298,70,198
1,118,298,72,198
1,119,298,83,198
1,120,298,79,198
1,121,298,82,198
1,122,298,81,198
1,123,298,78,198
1,124,298,76,198
1,125,298,86,198
1,126,298,64,198
1,127,298,71,198
1,128,298,80,198
1,129,298,88,198
1,130,298,48,198
1,131,298,75,198
1,132,298,67,198
1,133,298,73,198
1,134,298,44,198
1,135,298,63,198
1,136,298,74,198
1,137,298,65,198
1,138,298,62,198
1,139,298,68,198
1,140,298,51,198
1,141,298,36,198
1,142,298,54,198
1,143,298,41,198
1,144,298,33,198
1,145,298,61,198
1,146,298,55,198
1,147,298,43,198
1,148,298,46,198
1,149,298,40,198
1,150,298,37,198
1,151,298,60,198
1,152,298,50,198
1,153,298,47,198
1,154,298,53,198
1,155,298,39,198
1,156,298,58,198
1,157,298,35,198
1,158,298,59,198
1,159,298,45,198
1,160,298,42,198
1,161,298,49,198
1,162,298,56,198
1,163,298,38,198
1,164,298,34,198
1,165,298,57,198
1,166,298,52,198
1,1,299,146,206
1,2,299,141,206
1,3,299,155,206
1,4,299,147,206
1,5,299,139,206
1,6,299,134,206
1,7,299,166,206
1,8,299,152,206
1,9,299,138,206
1,10,299,144,206
1,11,299,124,206
1,12,299,122,206
1,13,299,149,206
1,14,299,128,206
1,15,299,129,206
1,16,299,119,206
1,17,299,123,206
1,18,299,161,206
1,19,299,154,206
1,20,299,145,206
1,21,299,125,206
1,22,299,150,206
1,23,299,156,206
1,24,299,142,206
1,25,299,165,206
1,26,299,159,206
1,27,299,158,206
1,28,299,153,206
1,29,299,135,206
1,30,299,137,206
1,31,299,164,206
1,32,299,148,206
1,33,299,151,206
1,34,299,157,206
1,35,299,22,206
1,36,299,127,206
1,37,299,1,206
1,38,299,131,206
1,39,299,136,206
1,40,299,140,206
1,41,299,120,206
1,42,299,21,206
1,43,299,121,206
1,44,299,16,206
1,45,299,32,206
1,46,299,10,206
1,47,299,126,206
1,48,299,19,206
1,49,299,31,206
1,50,299,27,206
1,51,299,163,206
1,52,299,133,206
1,53,299,28,206
1,54,299,9,206
1,55,299,13,206
1,56,299,20,206
1,57,299,30,206
1,58,299,143,206
1,59,299,15,206
1,60,299,26,206
1,61,299,24,206
1,62,299,162,206
1,63,299,5,206
1,64,299,3,206
1,65,299,130,206
1,66,299,18,206
1,67,299,12,206
1,68,299,160,206
1,69,299,108,206
1,70,299,6,206
1,71,299,14,206
1,72,299,29,206
1,73,299,132,206
1,74,299,4,206
1,75,299,2,206
1,76,299,7,206
1,77,299,11,206
1,78,299,97,206
1,79,299,102,206
1,80,299,113,206
1,81,299,95,206
1,82,299,94,206
1,83,299,117,206
1,84,299,114,206
1,85,299,106,206
1,86,299,25,206
1,87,299,115,206
1,88,299,93,206
1,89,299,92,206
1,90,299,107,206
1,91,299,101,206
1,92,299,91,206
1,93,299,100,206
1,94,299,116,206
1,95,299,89,206
1,96,299,103,206
1,97,299,112,206
1,98,299,17,206
1,99,299,96,206
1,100,299,118,206
1,101,299,90,206
1,102,299,111,206
1,103,299,110,206
1,104,299,99,206
1,105,299,98,206
1,106,299,104,206
1,107,299,109,206
1,108,299,8,206
1,109,299,105,206
1,110,299,84,206
1,111,299,66,206
1,112,299,23,206
1,113,299,69,206
1,114,299,85,206
1,115,299,77,206
1,116,299,87,206
1,117,299,70,206
1,118,299,72,206
1,119,299,83,206
1,120,299,79,206
1,121,299,82,206
1,122,299,81,206
1,123,299,78,206
1,124,299,76,206
1,125,299,86,206
1,126,299,64,206
1,127,299,71,206
1,128,299,80,206
1,129,299,88,206
1,130,299,48,206
1,131,299,75,206
1,132,299,67,206
1,133,299,73,206
1,134,299,44,206
1,135,299,63,206
1,136,299,74,206
1,137,299,65,206
1,138,299,62,206
1,139,299,68,206
1,140,299,51,206
1,141,299,36,206
1,142,299,54,206
1,143,299,41,206
1,144,299,33,206
1,145,299,61,206
1,146,299,55,206
1,147,299,43,206
1,148,299,46,206
1,149,299,40,206
1,150,299,37,206
1,151,299,60,206
1,152,299,50,206
1,153,299,47,206
1,154,299,53,206
1,155,299,39,206
1,156,299,58,206
1,157,299,35,206
1,158,299,59,206
1,159,299,45,206
1,160,299,42,206
1,161,299,49,206
1,162,299,56,206
1,163,299,38,206
1,164,299,34,206
1,165,299,57,206
1,166,299,52,206
1,1,300,146,208
1,2,300,141,208
1,3,300,155,208
1,4,300,147,208
1,5,300,139,208
1,6,300,134,208
1,7,300,166,208
1,8,300,152,208
1,9,300,138,208
1,10,300,144,208
1,11,300,124,208
1,12,300,122,208
1,13,300,149,208
1,14,300,128,208
1,15,300,129,208
1,16,300,119,208
1,17,300,123,208
1,18,300,161,208
1,19,300,154,208
1,20,300,145,208
1,21,300,125,208
1,22,300,150,208
1,23,300,156,208
1,24,300,142,208
1,25,300,165,208
1,26,300,159,208
1,27,300,158,208
1,28,300,153,208
1,29,300,135,208
1,30,300,137,208
1,31,300,164,208
1,32,300,148,208
1,33,300,151,208
1,34,300,157,208
1,35,300,22,208
1,36,300,127,208
1,37,300,1,208
1,38,300,131,208
1,39,300,136,208
1,40,300,140,208
1,41,300,120,208
1,42,300,21,208
1,43,300,121,208
1,44,300,16,208
1,45,300,32,208
1,46,300,10,208
1,47,300,126,208
1,48,300,19,208
1,49,300,31,208
1,50,300,27,208
1,51,300,163,208
1,52,300,133,208
1,53,300,28,208
1,54,300,9,208
1,55,300,13,208
1,56,300,20,208
1,57,300,30,208
1,58,300,143,208
1,59,300,15,208
1,60,300,26,208
1,61,300,24,208
1,62,300,162,208
1,63,300,5,208
1,64,300,3,208
1,65,300,130,208
1,66,300,18,208
1,67,300,12,208
1,68,300,160,208
1,69,300,108,208
1,70,300,6,208
1,71,300,14,208
1,72,300,29,208
1,73,300,132,208
1,74,300,4,208
1,75,300,2,208
1,76,300,7,208
1,77,300,11,208
1,78,300,97,208
1,79,300,102,208
1,80,300,113,208
1,81,300,95,208
1,82,300,94,208
1,83,300,117,208
1,84,300,114,208
1,85,300,106,208
1,86,300,25,208
1,87,300,115,208
1,88,300,93,208
1,89,300,92,208
1,90,300,107,208
1,91,300,101,208
1,92,300,91,208
1,93,300,100,208
1,94,300,116,208
1,95,300,89,208
1,96,300,103,208
1,97,300,112,208
1,98,300,17,208
1,99,300,96,208
1,100,300,118,208
1,101,300,90,208
1,102,300,111,208
1,103,300,110,208
1,104,300,99,208
1,105,300,98,208
1,106,300,104,208
1,107,300,109,208
1,108,300,8,208
1,109,300,105,208
1,110,300,84,208
1,111,300,66,208
1,112,300,23,208
1,113,300,69,208
1,114,300,85,208
1,115,300,77,208
1,116,300,87,208
1,117,300,70,208
1,118,300,72,208
1,119,300,83,208
1,120,300,79,208
1,121,300,82,208
1,122,300,81,208
1,123,300,78,208
1,124,300,76,208
1,125,300,86,208
1,126,300,64,208
1,127,300,71,208
1,128,300,80,208
1,129,300,88,208
1,130,300,48,208
1,131,300,75,208
1,132,300,67,208
1,133,300,73,208
1,134,300,44,208
1,135,300,63,208
1,136,300,74,208
1,137,300,65,208
1,138,300,62,208
1,139,300,68,208
1,140,300,51,208
1,141,300,36,208
1,142,300,54,208
1,143,300,41,208
1,144,300,33,208
1,145,300,61,208
1,146,300,55,208
1,147,300,43,208
1,148,300,46,208
1,149,300,40,208
1,150,300,37,208
1,151,300,60,208
1,152,300,50,208
1,153,300,47,208
1,154,300,53,208
1,155,300,39,208
1,156,300,58,208
1,157,300,35,208
1,158,300,59,208
1,159,300,45,208
1,160,300,42,208
1,161,300,49,208
1,162,300,56,208
1,163,300,38,208
1,164,300,34,208
1,165,300,57,208
1,166,300,52,208
1,1,301,146,252
1,2,301,141,252
1,3,301,155,252
1,4,301,147,252
1,5,301,139,252
1,6,301,134,252
1,7,301,166,252
1,8,301,152,252
1,9,301,138,252
1,10,301,144,252
1,11,301,124,252
1,12,301,122,252
1,13,301,149,252
1,14,301,128,252
1,15,301,129,252
1,16,301,119,252
1,17,301,123,252
1,18,301,161,252
1,19,301,154,252
1,20,301,145,252
1,21,301,125,252
1,22,301,150,252
1,23,301,156,252
1,24,301,142,252
1,25,301,165,252
1,26,301,159,252
1,27,301,158,252
1,28,301,153,252
1,29,301,135,252
1,30,301,137,252
1,31,301,164,252
1,32,301,148,252
1,33,301,151,252
1,34,301,157,252
1,35,301,22,252
1,36,301,127,252
1,37,301,1,252
1,38,301,131,252
1,39,301,136,252
1,40,301,140,252
1,41,301,120,252
1,42,301,21,252
1,43,301,121,252
1,44,301,16,252
1,45,301,32,252
1,46,301,10,252
1,47,301,126,252
1,48,301,19,252
1,49,301,31,252
1,50,301,27,252
1,51,301,163,252
1,52,301,133,252
1,53,301,28,252
1,54,301,9,252
1,55,301,13,252
1,56,301,20,252
1,57,301,30,252
1,58,301,143,252
1,59,301,15,252
1,60,301,26,252
1,61,301,24,252
1,62,301,162,252
1,63,301,5,252
1,64,301,3,252
1,65,301,130,252
1,66,301,18,252
1,67,301,12,252
1,68,301,160,252
1,69,301,108,252
1,70,301,6,252
1,71,301,14,252
1,72,301,29,252
1,73,301,132,252
1,74,301,4,252
1,75,301,2,252
1,76,301,7,252
1,77,301,11,252
1,78,301,97,252
1,79,301,102,252
1,80,301,113,252
1,81,301,95,252
1,82,301,94,252
1,83,301,117,252
1,84,301,114,252
1,85,301,106,252
1,86,301,25,252
1,87,301,115,252
1,88,301,93,252
1,89,301,92,252
1,90,301,107,252
1,91,301,101,252
1,92,301,91,252
1,93,301,100,252
1,94,301,116,252
1,95,301,89,252
1,96,301,103,252
1,97,301,112,252
1,98,301,17,252
1,99,301,96,252
1,100,301,118,252
1,101,301,90,252
1,102,301,111,252
1,103,301,110,252
1,104,301,99,252
1,105,301,98,252
1,106,301,104,252
1,107,301,109,252
1,108,301,8,252
1,109,301,105,252
1,110,301,84,252
1,111,301,66,252
1,112,301,23,252
1,113,301,69,252
1,114,301,85,252
1,115,301,77,252
1,116,301,87,252
1,117,301,70,252
1,118,301,72,252
1,119,301,83,252
1,120,301,79,252
1,121,301,82,252
1,122,301,81,252
1,123,301,78,252
1,124,301,76,252
1,125,301,86,252
1,126,301,64,252
1,127,301,71,252
1,128,301,80,252
1,129,301,88,252
1,130,301,48,252
1,131,301,75,252
1,132,301,67,252
1,133,301,73,252
1,134,301,44,252
1,135,301,63,252
1,136,301,74,252
1,137,301,65,252
1,138,301,62,252
1,139,301,68,252
1,140,301,51,252
1,141,301,36,252
1,142,301,54,252
1,143,301,41,252
1,144,301,33,252
1,145,301,61,252
1,146,301,55,252
1,147,301,43,252
1,148,301,46,252
1,149,301,40,252
1,150,301,37,252
1,151,301,60,252
1,152,301,50,252
1,153,301,47,252
1,154,301,53,252
1,155,301,39,252
1,156,301,58,252
1,157,301,35,252
1,158,301,59,252
1,159,301,45,252
1,160,301,42,252
1,161,301,49,252
1,162,301,56,252
1,163,301,38,252
1,164,301,34,252
1,165,301,57,252
1,166,301,52,252
