label,row_new,col_new,row_orig,col_orig
7,1,1,35,2
7,2,1,40,2
7,3,1,49,2
7,4,1,52,2
1,5,1,41,2
1,6,1,38,2
1,7,1,39,2
1,8,1,58,2
1,9,1,47,2
1,10,1,50,2
1,11,1,57,2
1,12,1,42,2
1,13,1,51,2
1,14,1,56,2
1,15,1,34,2
1,16,1,46,2
1,17,1,61,2
1,18,1,60,2
1,19,1,45,2
1,20,1,54,2
1,21,1,43,2
1,22,1,33,2
1,23,1,55,2
1,24,1,59,2
1,25,1,48,2
1,26,1,53,2
1,27,1,37,2
1,28,1,23,2
1,29,1,44,2
1,30,1,70,2
1,31,1,62,2
1,32,1,81,2
1,33,1,79,2
1,34,1,85,2
1,35,1,36,2
1,36,1,75,2
1,37,1,68,2
1,38,1,88,2
1,39,1,71,2
1,40,1,63,2
1,41,1,77,2
1,42,1,83,2
1,43,1,87,2
1,44,1,84,2
1,45,1,72,2
1,46,1,65,2
1,47,1,73,2
1,48,1,86,2
1,49,1,17,2
1,50,1,78,2
1,51,1,67,2
1,52,1,76,2
1,53,1,64,2
1,54,1,69,2
1,55,1,66,2
1,56,1,74,2
1,57,1,80,2
1,58,1,163,2
1,59,1,25,2
1,60,1,8,2
1,61,1,12,2
1,62,1,82,2
1,63,1,2,2
1,64,1,151,2
1,65,1,162,2
1,66,1,24,2
1,67,1,30,2
1,68,1,26,2
1,69,1,13,2
1,70,1,7,2
1,71,1,4,2
1,72,1,21,2
1,73,1,10,2
1,74,1,165,2
1,75,1,27,2
1,76,1,152,2
1,77,1,159,2
1,78,1,32,2
1,79,1,11,2
1,80,1,29,2
1,81,1,28,2
1,82,1,16,2
1,83,1,20,2
1,84,1,145,2
1,85,1,164,2
1,86,1,1,2
1,87,1,150,2
1,88,1,142,2
1,89,1,138,2
1,90,1,156,2
1,91,1,161,2
1,92,1,160,2
1,93,1,158,2
1,94,1,136,2
1,95,1,19,2
1,96,1,132,2
1,97,1,9,2
1,98,1,3,2
1,99,1,31,2
1,100,1,144,2
1,101,1,140,2
1,102,1,137,2
1,103,1,22,2
1,104,1,154,2
1,105,1,166,2
1,106,1,121,2
1,107,1,149,2
1,108,1,14,2
1,109,1,155,2
1,110,1,141,2
1,111,1,15,2
1,112,1,139,2
1,113,1,127,2
1,114,1,147,2
1,115,1,122,2
1,116,1,131,2
1,117,1,18,2
1,118,1,120,2
1,119,1,146,2
1,120,1,5,2
1,121,1,110,2
1,122,1,6,2
1,123,1,157,2
1,124,1,130,2
1,125,1,148,2
1,126,1,109,2
1,127,1,126,2
1,128,1,124,2
1,129,1,135,2
1,130,1,153,2
1,131,1,128,2
1,132,1,134,2
1,133,1,123,2
1,134,1,129,2
1,135,1,111,2
1,136,1,125,2
1,137,1,119,2
1,138,1,105,2
1,139,1,143,2
1,140,1,98,2
1,141,1,99,2
1,142,1,90,2
1,143,1,94,2
1,144,1,96,2
1,145,1,93,2
1,146,1,117,2
1,147,1,89,2
1,148,1,107,2
1,149,1,95,2
1,150,1,103,2
1,151,1,108,2
1,152,1,97,2
1,153,1,104,2
1,154,1,114,2
1,155,1,116,2
1,156,1,92,2
1,157,1,91,2
1,158,1,113,2
1,159,1,133,2
1,160,1,112,2
1,161,1,106,2
1,162,1,101,2
1,163,1,100,2
1,164,1,102,2
1,165,1,115,2
1,166,1,118,2
7,1,2,35,139
7,2,2,40,139
7,3,2,49,139
7,4,2,52,139
1,5,2,41,139
1,6,2,38,139
1,7,2,39,139
1,8,2,58,139
1,9,2,47,139
1,10,2,50,139
1,11,2,57,139
1,12,2,42,139
1,13,2,51,139
1,14,2,56,139
1,15,2,34,139
1,16,2,46,139
1,17,2,61,139
1,18,2,60,139
1,19,2,45,139
1,20,2,54,139
1,21,2,43,139
1,22,2,33,139
1,23,2,55,139
1,24,2,59,139
1,25,2,48,139
1,26,2,53,139
1,27,2,37,139
1,28,2,23,139
1,29,2,44,139
1,30,2,70,139
1,31,2,62,139
1,32,2,81,139
1,33,2,79,139
1,34,2,85,139
1,35,2,36,139
1,36,2,75,139
1,37,2,68,139
1,38,2,88,139
1,39,2,71,139
1,40,2,63,139
1,41,2,77,139
1,42,2,83,139
1,43,2,87,139
1,44,2,84,139
1,45,2,72,139
1,46,2,65,139
1,47,2,73,139
1,48,2,86,139
1,49,2,17,139
1,50,2,78,139
1,51,2,67,139
1,52,2,76,139
1,53,2,64,139
1,54,2,69,139
1,55,2,66,139
1,56,2,74,139
1,57,2,80,139
1,58,2,163,139
1,59,2,25,139
1,60,2,8,139
1,61,2,12,139
1,62,2,82,139
1,63,2,2,139
1,64,2,151,139
1,65,2,162,139
1,66,2,24,139
1,67,2,30,139
1,68,2,26,139
1,69,2,13,139
1,70,2,7,139
1,71,2,4,139
1,72,2,21,139
1,73,2,10,139
1,74,2,165,139
1,75,2,27,139
1,76,2,152,139
1,77,2,159,139
1,78,2,32,139
1,79,2,11,139
1,80,2,29,139
1,81,2,28,139
1,82,2,16,139
1,83,2,20,139
1,84,2,145,139
1,85,2,164,139
1,86,2,1,139
1,87,2,150,139
1,88,2,142,139
1,89,2,138,139
1,90,2,156,139
1,91,2,161,139
1,92,2,160,139
1,93,2,158,139
1,94,2,136,139
1,95,2,19,139
1,96,2,132,139
1,97,2,9,139
1,98,2,3,139
1,99,2,31,139
1,100,2,144,139
1,101,2,140,139
1,102,2,137,139
1,103,2,22,139
1,104,2,154,139
1,105,2,166,139
1,106,2,121,139
1,107,2,149,139
1,108,2,14,139
1,109,2,155,139
1,110,2,141,139
1,111,2,15,139
1,112,2,139,139
1,113,2,127,139
1,114,2,147,139
1,115,2,122,139
1,116,2,131,139
1,117,2,18,139
1,118,2,120,139
1,119,2,146,139
1,120,2,5,139
1,121,2,110,139
1,122,2,6,139
1,123,2,157,139
1,124,2,130,139
1,125,2,148,139
1,126,2,109,139
1,127,2,126,139
1,128,2,124,139
1,129,2,135,139
1,130,2,153,139
1,131,2,128,139
1,132,2,134,139
1,133,2,123,139
1,134,2,129,139
1,135,2,111,139
1,136,2,125,139
1,137,2,119,139
1,138,2,105,139
1,139,2,143,139
1,140,2,98,139
1,141,2,99,139
1,142,2,90,139
1,143,2,94,139
1,144,2,96,139
1,145,2,93,139
1,146,2,117,139
1,147,2,89,139
1,148,2,107,139
1,149,2,95,139
1,150,2,103,139
1,151,2,108,139
1,152,2,97,139
1,153,2,104,139
1,154,2,114,139
1,155,2,116,139
1,156,2,92,139
1,157,2,91,139
1,158,2,113,139
1,159,2,133,139
1,160,2,112,139
1,161,2,106,139
1,162,2,101,139
1,163,2,100,139
1,164,2,102,139
1,165,2,115,139
1,166,2,118,139
7,1,3,35,147
7,2,3,40,147
7,3,3,49,147
7,4,3,52,147
1,5,3,41,147
1,6,3,38,147
1,7,3,39,147
1,8,3,58,147
1,9,3,47,147
1,10,3,50,147
1,11,3,57,147
1,12,3,42,147
1,13,3,51,147
1,14,3,56,147
1,15,3,34,147
1,16,3,46,147
1,17,3,61,147
1,18,3,60,147
1,19,3,45,147
1,20,3,54,147
1,21,3,43,147
1,22,3,33,147
1,23,3,55,147
1,24,3,59,147
1,25,3,48,147
1,26,3,53,147
1,27,3,37,147
1,28,3,23,147
1,29,3,44,147
1,30,3,70,147
1,31,3,62,147
1,32,3,81,147
1,33,3,79,147
1,34,3,85,147
1,35,3,36,147
1,36,3,75,147
1,37,3,68,147
1,38,3,88,147
1,39,3,71,147
1,40,3,63,147
1,41,3,77,147
1,42,3,83,147
1,43,3,87,147
1,44,3,84,147
1,45,3,72,147
1,46,3,65,147
1,47,3,73,147
1,48,3,86,147
1,49,3,17,147
1,50,3,78,147
1,51,3,67,147
1,52,3,76,147
1,53,3,64,147
1,54,3,69,147
1,55,3,66,147
1,56,3,74,147
1,57,3,80,147
1,58,3,163,147
1,59,3,25,147
1,60,3,8,147
1,61,3,12,147
1,62,3,82,147
1,63,3,2,147
1,64,3,151,147
1,65,3,162,147
1,66,3,24,147
1,67,3,30,147
1,68,3,26,147
1,69,3,13,147
1,70,3,7,147
1,71,3,4,147
1,72,3,21,147
1,73,3,10,147
1,74,3,165,147
1,75,3,27,147
1,76,3,152,147
1,77,3,159,147
1,78,3,32,147
1,79,3,11,147
1,80,3,29,147
1,81,3,28,147
1,82,3,16,147
1,83,3,20,147
1,84,3,145,147
1,85,3,164,147
1,86,3,1,147
1,87,3,150,147
1,88,3,142,147
1,89,3,138,147
1,90,3,156,147
1,91,3,161,147
1,92,3,160,147
1,93,3,158,147
1,94,3,136,147
1,95,3,19,147
1,96,3,132,147
1,97,3,9,147
1,98,3,3,147
1,99,3,31,147
1,100,3,144,147
1,101,3,140,147
1,102,3,137,147
1,103,3,22,147
1,104,3,154,147
1,105,3,166,147
1,106,3,121,147
1,107,3,149,147
1,108,3,14,147
1,109,3,155,147
1,110,3,141,147
1,111,3,15,147
1,112,3,139,147
1,113,3,127,147
1,114,3,147,147
1,115,3,122,147
1,116,3,131,147
1,117,3,18,147
1,118,3,120,147
1,119,3,146,147
1,120,3,5,147
1,121,3,110,147
1,122,3,6,147
1,123,3,157,147
1,124,3,130,147
1,125,3,148,147
1,126,3,109,147
1,127,3,126,147
1,128,3,124,147
1,129,3,135,147
1,130,3,153,147
1,131,3,128,147
1,132,3,134,147
1,133,3,123,147
1,134,3,129,147
1,135,3,111,147
1,136,3,125,147
1,137,3,119,147
1,138,3,105,147
1,139,3,143,147
1,140,3,98,147
1,141,3,99,147
1,142,3,90,147
1,143,3,94,147
1,144,3,96,147
1,145,3,93,147
1,146,3,117,147
1,147,3,89,147
1,148,3,107,147
1,149,3,95,147
1,150,3,103,147
1,151,3,108,147
1,152,3,97,147
1,153,3,104,147
1,154,3,114,147
1,155,3,116,147
1,156,3,92,147
1,157,3,91,147
1,158,3,113,147
1,159,3,133,147
1,160,3,112,147
1,161,3,106,147
1,162,3,101,147
1,163,3,100,147
1,164,3,102,147
1,165,3,115,147
1,166,3,118,147
7,1,4,35,78
7,2,4,40,78
7,3,4,49,78
7,4,4,52,78
1,5,4,41,78
1,6,4,38,78
1,7,4,39,78
1,8,4,58,78
1,9,4,47,78
1,10,4,50,78
1,11,4,57,78
1,12,4,42,78
1,13,4,51,78
1,14,4,56,78
1,15,4,34,78
1,16,4,46,78
1,17,4,61,78
1,18,4,60,78
1,19,4,45,78
1,20,4,54,78
1,21,4,43,78
1,22,4,33,78
1,23,4,55,78
1,24,4,59,78
1,25,4,48,78
1,26,4,53,78
1,27,4,37,78
1,28,4,23,78
1,29,4,44,78
1,30,4,70,78
1,31,4,62,78
1,32,4,81,78
1,33,4,79,78
1,34,4,85,78
1,35,4,36,78
1,36,4,75,78
1,37,4,68,78
1,38,4,88,78
1,39,4,71,78
1,40,4,63,78
1,41,4,77,78
1,42,4,83,78
1,43,4,87,78
1,44,4,84,78
1,45,4,72,78
1,46,4,65,78
1,47,4,73,78
1,48,4,86,78
1,49,4,17,78
1,50,4,78,78
1,51,4,67,78
1,52,4,76,78
1,53,4,64,78
1,54,4,69,78
1,55,4,66,78
1,56,4,74,78
1,57,4,80,78
1,58,4,163,78
1,59,4,25,78
1,60,4,8,78
1,61,4,12,78
1,62,4,82,78
1,63,4,2,78
1,64,4,151,78
1,65,4,162,78
1,66,4,24,78
1,67,4,30,78
1,68,4,26,78
1,69,4,13,78
1,70,4,7,78
1,71,4,4,78
1,72,4,21,78
1,73,4,10,78
1,74,4,165,78
1,75,4,27,78
1,76,4,152,78
1,77,4,159,78
1,78,4,32,78
1,79,4,11,78
1,80,4,29,78
1,81,4,28,78
1,82,4,16,78
1,83,4,20,78
1,84,4,145,78
1,85,4,164,78
1,86,4,1,78
1,87,4,150,78
1,88,4,142,78
1,89,4,138,78
1,90,4,156,78
1,91,4,161,78
1,92,4,160,78
1,93,4,158,78
1,94,4,136,78
1,95,4,19,78
1,96,4,132,78
1,97,4,9,78
1,98,4,3,78
1,99,4,31,78
1,100,4,144,78
1,101,4,140,78
1,102,4,137,78
1,103,4,22,78
1,104,4,154,78
1,105,4,166,78
1,106,4,121,78
1,107,4,149,78
1,108,4,14,78
1,109,4,155,78
1,110,4,141,78
1,111,4,15,78
1,112,4,139,78
1,113,4,127,78
1,114,4,147,78
1,115,4,122,78
1,116,4,131,78
1,117,4,18,78
1,118,4,120,78
1,119,4,146,78
1,120,4,5,78
1,121,4,110,78
1,122,4,6,78
1,123,4,157,78
1,124,4,130,78
1,125,4,148,78
1,126,4,109,78
1,127,4,126,78
1,128,4,124,78
1,129,4,135,78
1,130,4,153,78
1,131,4,128,78
1,132,4,134,78
1,133,4,123,78
1,134,4,129,78
1,135,4,111,78
1,136,4,125,78
1,137,4,119,78
1,138,4,105,78
1,139,4,143,78
1,140,4,98,78
1,141,4,99,78
1,142,4,90,78
1,143,4,94,78
1,144,4,96,78
1,145,4,93,78
1,146,4,117,78
1,147,4,89,78
1,148,4,107,78
1,149,4,95,78
1,150,4,103,78
1,151,4,108,78
1,152,4,97,78
1,153,4,104,78
1,154,4,114,78
1,155,4,116,78
1,156,4,92,78
1,157,4,91,78
1,158,4,113,78
1,159,4,133,78
1,160,4,112,78
1,161,4,106,78
1,162,4,101,78
1,163,4,100,78
1,164,4,102,78
1,165,4,115,78
1,166,4,118,78
7,1,5,35,51
7,2,5,40,51
7,3,5,49,51
7,4,5,52,51
1,5,5,41,51
1,6,5,38,51
1,7,5,39,51
1,8,5,58,51
1,9,5,47,51
1,10,5,50,51
1,11,5,57,51
1,12,5,42,51
1,13,5,51,51
1,14,5,56,51
1,15,5,34,51
1,16,5,46,51
1,17,5,61,51
1,18,5,60,51
1,19,5,45,51
1,20,5,54,51
1,21,5,43,51
1,22,5,33,51
1,23,5,55,51
1,24,5,59,51
1,25,5,48,51
1,26,5,53,51
1,27,5,37,51
1,28,5,23,51
1,29,5,44,51
1,30,5,70,51
1,31,5,62,51
1,32,5,81,51
1,33,5,79,51
1,34,5,85,51
1,35,5,36,51
1,36,5,75,51
1,37,5,68,51
1,38,5,88,51
1,39,5,71,51
1,40,5,63,51
1,41,5,77,51
1,42,5,83,51
1,43,5,87,51
1,44,5,84,51
1,45,5,72,51
1,46,5,65,51
1,47,5,73,51
1,48,5,86,51
1,49,5,17,51
1,50,5,78,51
1,51,5,67,51
1,52,5,76,51
1,53,5,64,51
1,54,5,69,51
1,55,5,66,51
1,56,5,74,51
1,57,5,80,51
1,58,5,163,51
1,59,5,25,51
1,60,5,8,51
1,61,5,12,51
1,62,5,82,51
1,63,5,2,51
1,64,5,151,51
1,65,5,162,51
1,66,5,24,51
1,67,5,30,51
1,68,5,26,51
1,69,5,13,51
1,70,5,7,51
1,71,5,4,51
1,72,5,21,51
1,73,5,10,51
1,74,5,165,51
1,75,5,27,51
1,76,5,152,51
1,77,5,159,51
1,78,5,32,51
1,79,5,11,51
1,80,5,29,51
1,81,5,28,51
1,82,5,16,51
1,83,5,20,51
1,84,5,145,51
1,85,5,164,51
1,86,5,1,51
1,87,5,150,51
1,88,5,142,51
1,89,5,138,51
1,90,5,156,51
1,91,5,161,51
1,92,5,160,51
1,93,5,158,51
1,94,5,136,51
1,95,5,19,51
1,96,5,132,51
1,97,5,9,51
1,98,5,3,51
1,99,5,31,51
1,100,5,144,51
1,101,5,140,51
1,102,5,137,51
1,103,5,22,51
1,104,5,154,51
1,105,5,166,51
1,106,5,121,51
1,107,5,149,51
1,108,5,14,51
1,109,5,155,51
1,110,5,141,51
1,111,5,15,51
1,112,5,139,51
1,113,5,127,51
1,114,5,147,51
1,115,5,122,51
1,116,5,131,51
1,117,5,18,51
1,118,5,120,51
1,119,5,146,51
1,120,5,5,51
1,121,5,110,51
1,122,5,6,51
1,123,5,157,51
1,124,5,130,51
1,125,5,148,51
1,126,5,109,51
1,127,5,126,51
1,128,5,124,51
1,129,5,135,51
1,130,5,153,51
1,131,5,128,51
1,132,5,134,51
1,133,5,123,51
1,134,5,129,51
1,135,5,111,51
1,136,5,125,51
1,137,5,119,51
1,138,5,105,51
1,139,5,143,51
1,140,5,98,51
1,141,5,99,51
1,142,5,90,51
1,143,5,94,51
1,144,5,96,51
1,145,5,93,51
1,146,5,117,51
1,147,5,89,51
1,148,5,107,51
1,149,5,95,51
1,150,5,103,51
1,151,5,108,51
1,152,5,97,51
1,153,5,104,51
1,154,5,114,51
1,155,5,116,51
1,156,5,92,51
1,157,5,91,51
1,158,5,113,51
1,159,5,133,51
1,160,5,112,51
1,161,5,106,51
1,162,5,101,51
1,163,5,100,51
1,164,5,102,51
1,165,5,115,51
1,166,5,118,51
7,1,6,35,108
7,2,6,40,108
7,3,6,49,108
7,4,6,52,108
1,5,6,41,108
1,6,6,38,108
1,7,6,39,108
1,8,6,58,108
1,9,6,47,108
1,10,6,50,108
1,11,6,57,108
1,12,6,42,108
1,13,6,51,108
1,14,6,56,108
1,15,6,34,108
1,16,6,46,108
1,17,6,61,108
1,18,6,60,108
1,19,6,45,108
1,20,6,54,108
1,21,6,43,108
1,22,6,33,108
1,23,6,55,108
1,24,6,59,108
1,25,6,48,108
1,26,6,53,108
1,27,6,37,108
1,28,6,23,108
1,29,6,44,108
1,30,6,70,108
1,31,6,62,108
1,32,6,81,108
1,33,6,79,108
1,34,6,85,108
1,35,6,36,108
1,36,6,75,108
1,37,6,68,108
1,38,6,88,108
1,39,6,71,108
1,40,6,63,108
1,41,6,77,108
1,42,6,83,108
1,43,6,87,108
1,44,6,84,108
1,45,6,72,108
1,46,6,65,108
1,47,6,73,108
1,48,6,86,108
1,49,6,17,108
1,50,6,78,108
1,51,6,67,108
1,52,6,76,108
1,53,6,64,108
1,54,6,69,108
1,55,6,66,108
1,56,6,74,108
1,57,6,80,108
1,58,6,163,108
1,59,6,25,108
1,60,6,8,108
1,61,6,12,108
1,62,6,82,108
1,63,6,2,108
1,64,6,151,108
1,65,6,162,108
1,66,6,24,108
1,67,6,30,108
1,68,6,26,108
1,69,6,13,108
1,70,6,7,108
1,71,6,4,108
1,72,6,21,108
1,73,6,10,108
1,74,6,165,108
1,75,6,27,108
1,76,6,152,108
1,77,6,159,108
1,78,6,32,108
1,79,6,11,108
1,80,6,29,108
1,81,6,28,108
1,82,6,16,108
1,83,6,20,108
1,84,6,145,108
1,85,6,164,108
1,86,6,1,108
1,87,6,150,108
1,88,6,142,108
1,89,6,138,108
1,90,6,156,108
1,91,6,161,108
1,92,6,160,108
1,93,6,158,108
1,94,6,136,108
1,95,6,19,108
1,96,6,132,108
1,97,6,9,108
1,98,6,3,108
1,99,6,31,108
1,100,6,144,108
1,101,6,140,108
1,102,6,137,108
1,103,6,22,108
1,104,6,154,108
1,105,6,166,108
1,106,6,121,108
1,107,6,149,108
1,108,6,14,108
1,109,6,155,108
1,110,6,141,108
1,111,6,15,108
1,112,6,139,108
1,113,6,127,108
1,114,6,147,108
1,115,6,122,108
1,116,6,131,108
1,117,6,18,108
1,118,6,120,108
1,119,6,146,108
1,120,6,5,108
1,121,6,110,108
1,122,6,6,108
1,123,6,157,108
1,124,6,130,108
1,125,6,148,108
1,126,6,109,108
1,127,6,126,108
1,128,6,124,108
1,129,6,135,108
1,130,6,153,108
1,131,6,128,108
1,132,6,134,108
1,133,6,123,108
1,134,6,129,108
1,135,6,111,108
1,136,6,125,108
1,137,6,119,108
1,138,6,105,108
1,139,6,143,108
1,140,6,98,108
1,141,6,99,108
1,142,6,90,108
1,143,6,94,108
1,144,6,96,108
1,145,6,93,108
1,146,6,117,108
1,147,6,89,108
1,148,6,107,108
1,149,6,95,108
1,150,6,103,108
1,151,6,108,108
1,152,6,97,108
1,153,6,104,108
1,154,6,114,108
1,155,6,116,108
1,156,6,92,108
1,157,6,91,108
1,158,6,113,108
1,159,6,133,108
1,160,6,112,108
1,161,6,106,108
1,162,6,101,108
1,163,6,100,108
1,164,6,102,108
1,165,6,115,108
1,166,6,118,108
7,1,7,35,38
7,2,7,40,38
7,3,7,49,38
7,4,7,52,38
1,5,7,41,38
1,6,7,38,38
1,7,7,39,38
1,8,7,58,38
1,9,7,47,38
1,10,7,50,38
1,11,7,57,38
1,12,7,42,38
1,13,7,51,38
1,14,7,56,38
1,15,7,34,38
1,16,7,46,38
1,17,7,61,38
1,18,7,60,38
1,19,7,45,38
1,20,7,54,38
1,21,7,43,38
1,22,7,33,38
1,23,7,55,38
1,24,7,59,38
1,25,7,48,38
1,26,7,53,38
1,27,7,37,38
1,28,7,23,38
1,29,7,44,38
1,30,7,70,38
1,31,7,62,38
1,32,7,81,38
1,33,7,79,38
1,34,7,85,38
1,35,7,36,38
1,36,7,75,38
1,37,7,68,38
1,38,7,88,38
1,39,7,71,38
1,40,7,63,38
1,41,7,77,38
1,42,7,83,38
1,43,7,87,38
1,44,7,84,38
1,45,7,72,38
1,46,7,65,38
1,47,7,73,38
1,48,7,86,38
1,49,7,17,38
1,50,7,78,38
1,51,7,67,38
1,52,7,76,38
1,53,7,64,38
1,54,7,69,38
1,55,7,66,38
1,56,7,74,38
1,57,7,80,38
1,58,7,163,38
1,59,7,25,38
1,60,7,8,38
1,61,7,12,38
1,62,7,82,38
1,63,7,2,38
1,64,7,151,38
1,65,7,162,38
1,66,7,24,38
1,67,7,30,38
1,68,7,26,38
1,69,7,13,38
1,70,7,7,38
1,71,7,4,38
1,72,7,21,38
1,73,7,10,38
1,74,7,165,38
1,75,7,27,38
1,76,7,152,38
1,77,7,159,38
1,78,7,32,38
1,79,7,11,38
1,80,7,29,38
1,81,7,28,38
1,82,7,16,38
1,83,7,20,38
1,84,7,145,38
1,85,7,164,38
1,86,7,1,38
1,87,7,150,38
1,88,7,142,38
1,89,7,138,38
1,90,7,156,38
1,91,7,161,38
1,92,7,160,38
1,93,7,158,38
1,94,7,136,38
1,95,7,19,38
1,96,7,132,38
1,97,7,9,38
1,98,7,3,38
1,99,7,31,38
1,100,7,144,38
1,101,7,140,38
1,102,7,137,38
1,103,7,22,38
1,104,7,154,38
1,105,7,166,38
1,106,7,121,38
1,107,7,149,38
1,108,7,14,38
1,109,7,155,38
1,110,7,141,38
1,111,7,15,38
1,112,7,139,38
1,113,7,127,38
1,114,7,147,38
1,115,7,122,38
1,116,7,131,38
1,117,7,18,38
1,118,7,120,38
1,119,7,146,38
1,120,7,5,38
1,121,7,110,38
1,122,7,6,38
1,123,7,157,38
1,124,7,130,38
1,125,7,148,38
1,126,7,109,38
1,127,7,126,38
1,128,7,124,38
1,129,7,135,38
1,130,7,153,38
1,131,7,128,38
1,132,7,134,38
1,133,7,123,38
1,134,7,129,38
1,135,7,111,38
1,136,7,125,38
1,137,7,119,38
1,138,7,105,38
1,139,7,143,38
1,140,7,98,38
1,141,7,99,38
1,142,7,90,38
1,143,7,94,38
1,144,7,96,38
1,145,7,93,38
1,146,7,117,38
1,147,7,89,38
1,148,7,107,38
1,149,7,95,38
1,150,7,103,38
1,151,7,108,38
1,152,7,97,38
1,153,7,104,38
1,154,7,114,38
1,155,7,116,38
1,156,7,92,38
1,157,7,91,38
1,158,7,113,38
1,159,7,133,38
1,160,7,112,38
1,161,7,106,38
1,162,7,101,38
1,163,7,100,38
1,164,7,102,38
1,165,7,115,38
1,166,7,118,38
7,1,8,35,94
7,2,8,40,94
7,3,8,49,94
7,4,8,52,94
1,5,8,41,94
1,6,8,38,94
1,7,8,39,94
1,8,8,58,94
1,9,8,47,94
1,10,8,50,94
1,11,8,57,94
1,12,8,42,94
1,13,8,51,94
1,14,8,56,94
1,15,8,34,94
1,16,8,46,94
1,17,8,61,94
1,18,8,60,94
1,19,8,45,94
1,20,8,54,94
1,21,8,43,94
1,22,8,33,94
1,23,8,55,94
1,24,8,59,94
1,25,8,48,94
1,26,8,53,94
1,27,8,37,94
1,28,8,23,94
1,29,8,44,94
1,30,8,70,94
1,31,8,62,94
1,32,8,81,94
1,33,8,79,94
1,34,8,85,94
1,35,8,36,94
1,36,8,75,94
1,37,8,68,94
1,38,8,88,94
1,39,8,71,94
1,40,8,63,94
1,41,8,77,94
1,42,8,83,94
1,43,8,87,94
1,44,8,84,94
1,45,8,72,94
1,46,8,65,94
1,47,8,73,94
1,48,8,86,94
1,49,8,17,94
1,50,8,78,94
1,51,8,67,94
1,52,8,76,94
1,53,8,64,94
1,54,8,69,94
1,55,8,66,94
1,56,8,74,94
1,57,8,80,94
1,58,8,163,94
1,59,8,25,94
1,60,8,8,94
1,61,8,12,94
1,62,8,82,94
1,63,8,2,94
1,64,8,151,94
1,65,8,162,94
1,66,8,24,94
1,67,8,30,94
1,68,8,26,94
1,69,8,13,94
1,70,8,7,94
1,71,8,4,94
1,72,8,21,94
1,73,8,10,94
1,74,8,165,94
1,75,8,27,94
1,76,8,152,94
1,77,8,159,94
1,78,8,32,94
1,79,8,11,94
1,80,8,29,94
1,81,8,28,94
1,82,8,16,94
1,83,8,20,94
1,84,8,145,94
1,85,8,164,94
1,86,8,1,94
1,87,8,150,94
1,88,8,142,94
1,89,8,138,94
1,90,8,156,94
1,91,8,161,94
1,92,8,160,94
1,93,8,158,94
1,94,8,136,94
1,95,8,19,94
1,96,8,132,94
1,97,8,9,94
1,98,8,3,94
1,99,8,31,94
1,100,8,144,94
1,101,8,140,94
1,102,8,137,94
1,103,8,22,94
1,104,8,154,94
1,105,8,166,94
1,106,8,121,94
1,107,8,149,94
1,108,8,14,94
1,109,8,155,94
1,110,8,141,94
1,111,8,15,94
1,112,8,139,94
1,113,8,127,94
1,114,8,147,94
1,115,8,122,94
1,116,8,131,94
1,117,8,18,94
1,118,8,120,94
1,119,8,146,94
1,120,8,5,94
1,121,8,110,94
1,122,8,6,94
1,123,8,157,94
1,124,8,130,94
1,125,8,148,94
1,126,8,109,94
1,127,8,126,94
1,128,8,124,94
1,129,8,135,94
1,130,8,153,94
1,131,8,128,94
1,132,8,134,94
1,133,8,123,94
1,134,8,129,94
1,135,8,111,94
1,136,8,125,94
1,137,8,119,94
1,138,8,105,94
1,139,8,143,94
1,140,8,98,94
1,141,8,99,94
1,142,8,90,94
1,143,8,94,94
1,144,8,96,94
1,145,8,93,94
1,146,8,117,94
1,147,8,89,94
1,148,8,107,94
1,149,8,95,94
1,150,8,103,94
1,151,8,108,94
1,152,8,97,94
1,153,8,104,94
1,154,8,114,94
1,155,8,116,94
1,156,8,92,94
1,157,8,91,94
1,158,8,113,94
1,159,8,133,94
1,160,8,112,94
1,161,8,106,94
1,162,8,101,94
1,163,8,100,94
1,164,8,102,94
1,165,8,115,94
1,166,8,118,94
7,1,9,35,1
7,2,9,40,1
7,3,9,49,1
7,4,9,52,1
1,5,9,41,1
1,6,9,38,1
1,7,9,39,1
1,8,9,58,1
1,9,9,47,1
1,10,9,50,1
1,11,9,57,1
1,12,9,42,1
1,13,9,51,1
1,14,9,56,1
1,15,9,34,1
1,16,9,46,1
1,17,9,61,1
1,18,9,60,1
1,19,9,45,1
1,20,9,54,1
1,21,9,43,1
1,22,9,33,1
1,23,9,55,1
1,24,9,59,1
1,25,9,48,1
1,26,9,53,1
1,27,9,37,1
1,28,9,23,1
1,29,9,44,1
1,30,9,70,1
1,31,9,62,1
1,32,9,81,1
1,33,9,79,1
1,34,9,85,1
1,35,9,36,1
1,36,9,75,1
1,37,9,68,1
1,38,9,88,1
1,39,9,71,1
1,40,9,63,1
1,41,9,77,1
1,42,9,83,1
1,43,9,87,1
1,44,9,84,1
1,45,9,72,1
1,46,9,65,1
1,47,9,73,1
1,48,9,86,1
1,49,9,17,1
1,50,9,78,1
1,51,9,67,1
1,52,9,76,1
1,53,9,64,1
1,54,9,69,1
1,55,9,66,1
1,56,9,74,1
1,57,9,80,1
1,58,9,163,1
1,59,9,25,1
1,60,9,8,1
1,61,9,12,1
1,62,9,82,1
1,63,9,2,1
1,64,9,151,1
1,65,9,162,1
1,66,9,24,1
1,67,9,30,1
1,68,9,26,1
1,69,9,13,1
1,70,9,7,1
1,71,9,4,1
1,72,9,21,1
1,73,9,10,1
1,74,9,165,1
1,75,9,27,1
1,76,9,152,1
1,77,9,159,1
1,78,9,32,1
1,79,9,11,1
1,80,9,29,1
1,81,9,28,1
1,82,9,16,1
1,83,9,20,1
1,84,9,145,1
1,85,9,164,1
1,86,9,1,1
1,87,9,150,1
1,88,9,142,1
1,89,9,138,1
1,90,9,156,1
1,91,9,161,1
1,92,9,160,1
1,93,9,158,1
1,94,9,136,1
1,95,9,19,1
1,96,9,132,1
1,97,9,9,1
1,98,9,3,1
1,99,9,31,1
1,100,9,144,1
1,101,9,140,1
1,102,9,137,1
1,103,9,22,1
1,104,9,154,1
1,105,9,166,1
1,106,9,121,1
1,107,9,149,1
1,108,9,14,1
1,109,9,155,1
1,110,9,141,1
1,111,9,15,1
1,112,9,139,1
1,113,9,127,1
1,114,9,147,1
1,115,9,122,1
1,116,9,131,1
1,117,9,18,1
1,118,9,120,1
1,119,9,146,1
1,120,9,5,1
1,121,9,110,1
1,122,9,6,1
1,123,9,157,1
1,124,9,130,1
1,125,9,148,1
1,126,9,109,1
1,127,9,126,1
1,128,9,124,1
1,129,9,135,1
1,130,9,153,1
1,131,9,128,1
1,132,9,134,1
1,133,9,123,1
1,134,9,129,1
1,135,9,111,1
1,136,9,125,1
1,137,9,119,1
1,138,9,105,1
1,139,9,143,1
1,140,9,98,1
1,141,9,99,1
1,142,9,90,1
1,143,9,94,1
1,144,9,96,1
1,145,9,93,1
1,146,9,117,1
1,147,9,89,1
1,148,9,107,1
1,149,9,95,1
1,150,9,103,1
1,151,9,108,1
1,152,9,97,1
1,153,9,104,1
1,154,9,114,1
1,155,9,116,1
1,156,9,92,1
1,157,9,91,1
1,158,9,113,1
1,159,9,133,1
1,160,9,112,1
1,161,9,106,1
1,162,9,101,1
1,163,9,100,1
1,164,9,102,1
1,165,9,115,1
1,166,9,118,1
7,1,10,35,60
7,2,10,40,60
7,3,10,49,60
7,4,10,52,60
1,5,10,41,60
1,6,10,38,60
1,7,10,39,60
1,8,10,58,60
1,9,10,47,60
1,10,10,50,60
1,11,10,57,60
1,12,10,42,60
1,13,10,51,60
1,14,10,56,60
1,15,10,34,60
1,16,10,46,60
1,17,10,61,60
1,18,10,60,60
1,19,10,45,60
1,20,10,54,60
1,21,10,43,60
1,22,10,33,60
1,23,10,55,60
1,24,10,59,60
1,25,10,48,60
1,26,10,53,60
1,27,10,37,60
1,28,10,23,60
1,29,10,44,60
1,30,10,70,60
1,31,10,62,60
1,32,10,81,60
1,33,10,79,60
1,34,10,85,60
1,35,10,36,60
1,36,10,75,60
1,37,10,68,60
1,38,10,88,60
1,39,10,71,60
1,40,10,63,60
1,41,10,77,60
1,42,10,83,60
1,43,10,87,60
1,44,10,84,60
1,45,10,72,60
1,46,10,65,60
1,47,10,73,60
1,48,10,86,60
1,49,10,17,60
1,50,10,78,60
1,51,10,67,60
1,52,10,76,60
1,53,10,64,60
1,54,10,69,60
1,55,10,66,60
1,56,10,74,60
1,57,10,80,60
1,58,10,163,60
1,59,10,25,60
1,60,10,8,60
1,61,10,12,60
1,62,10,82,60
1,63,10,2,60
1,64,10,151,60
1,65,10,162,60
1,66,10,24,60
1,67,10,30,60
1,68,10,26,60
1,69,10,13,60
1,70,10,7,60
1,71,10,4,60
1,72,10,21,60
1,73,10,10,60
1,74,10,165,60
1,75,10,27,60
1,76,10,152,60
1,77,10,159,60
1,78,10,32,60
1,79,10,11,60
1,80,10,29,60
1,81,10,28,60
1,82,10,16,60
1,83,10,20,60
1,84,10,145,60
1,85,10,164,60
1,86,10,1,60
1,87,10,150,60
1,88,10,142,60
1,89,10,138,60
1,90,10,156,60
1,91,10,161,60
1,92,10,160,60
1,93,10,158,60
1,94,10,136,60
1,95,10,19,60
1,96,10,132,60
1,97,10,9,60
1,98,10,3,60
1,99,10,31,60
1,100,10,144,60
1,101,10,140,60
1,102,10,137,60
1,103,10,22,60
1,104,10,154,60
1,105,10,166,60
1,106,10,121,60
1,107,10,149,60
1,108,10,14,60
1,109,10,155,60
1,110,10,141,60
1,111,10,15,60
1,112,10,139,60
1,113,10,127,60
1,114,10,147,60
1,115,10,122,60
1,116,10,131,60
1,117,10,18,60
1,118,10,120,60
1,119,10,146,60
1,120,10,5,60
1,121,10,110,60
1,122,10,6,60
1,123,10,157,60
1,124,10,130,60
1,125,10,148,60
1,126,10,109,60
1,127,10,126,60
1,128,10,124,60
1,129,10,135,60
1,130,10,153,60
1,131,10,128,60
1,132,10,134,60
1,133,10,123,60
1,134,10,129,60
1,135,10,111,60
1,136,10,125,60
1,137,10,119,60
1,138,10,105,60
1,139,10,143,60
1,140,10,98,60
1,141,10,99,60
1,142,10,90,60
1,143,10,94,60
1,144,10,96,60
1,145,10,93,60
1,146,10,117,60
1,147,10,89,60
1,148,10,107,60
1,149,10,95,60
1,150,10,103,60
1,151,10,108,60
1,152,10,97,60
1,153,10,104,60
1,154,10,114,60
1,155,10,116,60
1,156,10,92,60
1,157,10,91,60
1,158,10,113,60
1,159,10,133,60
1,160,10,112,60
1,161,10,106,60
1,162,10,101,60
1,163,10,100,60
1,164,10,102,60
1,165,10,115,60
1,166,10,118,60
7,1,11,35,67
7,2,11,40,67
7,3,11,49,67
7,4,11,52,67
1,5,11,41,67
1,6,11,38,67
1,7,11,39,67
1,8,11,58,67
1,9,11,47,67
1,10,11,50,67
1,11,11,57,67
1,12,11,42,67
1,13,11,51,67
1,14,11,56,67
1,15,11,34,67
1,16,11,46,67
1,17,11,61,67
1,18,11,60,67
1,19,11,45,67
1,20,11,54,67
1,21,11,43,67
1,22,11,33,67
1,23,11,55,67
1,24,11,59,67
1,25,11,48,67
1,26,11,53,67
1,27,11,37,67
1,28,11,23,67
1,29,11,44,67
1,30,11,70,67
1,31,11,62,67
1,32,11,81,67
1,33,11,79,67
1,34,11,85,67
1,35,11,36,67
1,36,11,75,67
1,37,11,68,67
1,38,11,88,67
1,39,11,71,67
1,40,11,63,67
1,41,11,77,67
1,42,11,83,67
1,43,11,87,67
1,44,11,84,67
1,45,11,72,67
1,46,11,65,67
1,47,11,73,67
1,48,11,86,67
1,49,11,17,67
1,50,11,78,67
1,51,11,67,67
1,52,11,76,67
1,53,11,64,67
1,54,11,69,67
1,55,11,66,67
1,56,11,74,67
1,57,11,80,67
1,58,11,163,67
1,59,11,25,67
1,60,11,8,67
1,61,11,12,67
1,62,11,82,67
1,63,11,2,67
1,64,11,151,67
1,65,11,162,67
1,66,11,24,67
1,67,11,30,67
1,68,11,26,67
1,69,11,13,67
1,70,11,7,67
1,71,11,4,67
1,72,11,21,67
1,73,11,10,67
1,74,11,165,67
1,75,11,27,67
1,76,11,152,67
1,77,11,159,67
1,78,11,32,67
1,79,11,11,67
1,80,11,29,67
1,81,11,28,67
1,82,11,16,67
1,83,11,20,67
1,84,11,145,67
1,85,11,164,67
1,86,11,1,67
1,87,11,150,67
1,88,11,142,67
1,89,11,138,67
1,90,11,156,67
1,91,11,161,67
1,92,11,160,67
1,93,11,158,67
1,94,11,136,67
1,95,11,19,67
1,96,11,132,67
1,97,11,9,67
1,98,11,3,67
1,99,11,31,67
1,100,11,144,67
1,101,11,140,67
1,102,11,137,67
1,103,11,22,67
1,104,11,154,67
1,105,11,166,67
1,106,11,121,67
1,107,11,149,67
1,108,11,14,67
1,109,11,155,67
1,110,11,141,67
1,111,11,15,67
1,112,11,139,67
1,113,11,127,67
1,114,11,147,67
1,115,11,122,67
1,116,11,131,67
1,117,11,18,67
1,118,11,120,67
1,119,11,146,67
1,120,11,5,67
1,121,11,110,67
1,122,11,6,67
1,123,11,157,67
1,124,11,130,67
1,125,11,148,67
1,126,11,109,67
1,127,11,126,67
1,128,11,124,67
1,129,11,135,67
1,130,11,153,67
1,131,11,128,67
1,132,11,134,67
1,133,11,123,67
1,134,11,129,67
1,135,11,111,67
1,136,11,125,67
1,137,11,119,67
1,138,11,105,67
1,139,11,143,67
1,140,11,98,67
1,141,11,99,67
1,142,11,90,67
1,143,11,94,67
1,144,11,96,67
1,145,11,93,67
1,146,11,117,67
1,147,11,89,67
1,148,11,107,67
1,149,11,95,67
1,150,11,103,67
1,151,11,108,67
1,152,11,97,67
1,153,11,104,67
1,154,11,114,67
1,155,11,116,67
1,156,11,92,67
1,157,11,91,67
1,158,11,113,67
1,159,11,133,67
1,160,11,112,67
1,161,11,106,67
1,162,11,101,67
1,163,11,100,67
1,164,11,102,67
1,165,11,115,67
1,166,11,118,67
7,1,12,35,7
7,2,12,40,7
7,3,12,49,7
7,4,12,52,7
1,5,12,41,7
1,6,12,38,7
1,7,12,39,7
1,8,12,58,7
1,9,12,47,7
1,10,12,50,7
1,11,12,57,7
1,12,12,42,7
1,13,12,51,7
1,14,12,56,7
1,15,12,34,7
1,16,12,46,7
1,17,12,61,7
1,18,12,60,7
1,19,12,45,7
1,20,12,54,7
1,21,12,43,7
1,22,12,33,7
1,23,12,55,7
1,24,12,59,7
1,25,12,48,7
1,26,12,53,7
1,27,12,37,7
1,28,12,23,7
1,29,12,44,7
1,30,12,70,7
1,31,12,62,7
1,32,12,81,7
1,33,12,79,7
1,34,12,85,7
1,35,12,36,7
1,36,12,75,7
1,37,12,68,7
1,38,12,88,7
1,39,12,71,7
1,40,12,63,7
1,41,12,77,7
1,42,12,83,7
1,43,12,87,7
1,44,12,84,7
1,45,12,72,7
1,46,12,65,7
1,47,12,73,7
1,48,12,86,7
1,49,12,17,7
1,50,12,78,7
1,51,12,67,7
1,52,12,76,7
1,53,12,64,7
1,54,12,69,7
1,55,12,66,7
1,56,12,74,7
1,57,12,80,7
1,58,12,163,7
1,59,12,25,7
1,60,12,8,7
1,61,12,12,7
1,62,12,82,7
1,63,12,2,7
1,64,12,151,7
1,65,12,162,7
1,66,12,24,7
1,67,12,30,7
1,68,12,26,7
1,69,12,13,7
1,70,12,7,7
1,71,12,4,7
1,72,12,21,7
1,73,12,10,7
1,74,12,165,7
1,75,12,27,7
1,76,12,152,7
1,77,12,159,7
1,78,12,32,7
1,79,12,11,7
1,80,12,29,7
1,81,12,28,7
1,82,12,16,7
1,83,12,20,7
1,84,12,145,7
1,85,12,164,7
1,86,12,1,7
1,87,12,150,7
1,88,12,142,7
1,89,12,138,7
1,90,12,156,7
1,91,12,161,7
1,92,12,160,7
1,93,12,158,7
1,94,12,136,7
1,95,12,19,7
1,96,12,132,7
1,97,12,9,7
1,98,12,3,7
1,99,12,31,7
1,100,12,144,7
1,101,12,140,7
1,102,12,137,7
1,103,12,22,7
1,104,12,154,7
1,105,12,166,7
1,106,12,121,7
1,107,12,149,7
1,108,12,14,7
1,109,12,155,7
1,110,12,141,7
1,111,12,15,7
1,112,12,139,7
1,113,12,127,7
1,114,12,147,7
1,115,12,122,7
1,116,12,131,7
1,117,12,18,7
1,118,12,120,7
1,119,12,146,7
1,120,12,5,7
1,121,12,110,7
1,122,12,6,7
1,123,12,157,7
1,124,12,130,7
1,125,12,148,7
1,126,12,109,7
1,127,12,126,7
1,128,12,124,7
1,129,12,135,7
1,130,12,153,7
1,131,12,128,7
1,132,12,134,7
1,133,12,123,7
1,134,12,129,7
1,135,12,111,7
1,136,12,125,7
1,137,12,119,7
1,138,12,105,7
1,139,12,143,7
1,140,12,98,7
1,141,12,99,7
1,142,12,90,7
1,143,12,94,7
1,144,12,96,7
1,145,12,93,7
1,146,12,117,7
1,147,12,89,7
1,148,12,107,7
1,149,12,95,7
1,150,12,103,7
1,151,12,108,7
1,152,12,97,7
1,153,12,104,7
1,154,12,114,7
1,155,12,116,7
1,156,12,92,7
1,157,12,91,7
1,158,12,113,7
1,159,12,133,7
1,160,12,112,7
1,161,12,106,7
1,162,12,101,7
1,163,12,100,7
1,164,12,102,7
1,165,12,115,7
1,166,12,118,7
7,1,13,35,131
7,2,13,40,131
7,3,13,49,131
7,4,13,52,131
1,5,13,41,131
1,6,13,38,131
1,7,13,39,131
1,8,13,58,131
1,9,13,47,131
1,10,13,50,131
1,11,13,57,131
1,12,13,42,131
1,13,13,51,131
1,14,13,56,131
1,15,13,34,131
1,16,13,46,131
1,17,13,61,131
1,18,13,60,131
1,19,13,45,131
1,20,13,54,131
1,21,13,43,131
1,22,13,33,131
1,23,13,55,131
1,24,13,59,131
1,25,13,48,131
1,26,13,53,131
1,27,13,37,131
1,28,13,23,131
1,29,13,44,131
1,30,13,70,131
1,31,13,62,131
1,32,13,81,131
1,33,13,79,131
1,34,13,85,131
1,35,13,36,131
1,36,13,75,131
1,37,13,68,131
1,38,13,88,131
1,39,13,71,131
1,40,13,63,131
1,41,13,77,131
1,42,13,83,131
1,43,13,87,131
1,44,13,84,131
1,45,13,72,131
1,46,13,65,131
1,47,13,73,131
1,48,13,86,131
1,49,13,17,131
1,50,13,78,131
1,51,13,67,131
1,52,13,76,131
1,53,13,64,131
1,54,13,69,131
1,55,13,66,131
1,56,13,74,131
1,57,13,80,131
1,58,13,163,131
1,59,13,25,131
1,60,13,8,131
1,61,13,12,131
1,62,13,82,131
1,63,13,2,131
1,64,13,151,131
1,65,13,162,131
1,66,13,24,131
1,67,13,30,131
1,68,13,26,131
1,69,13,13,131
1,70,13,7,131
1,71,13,4,131
1,72,13,21,131
1,73,13,10,131
1,74,13,165,131
1,75,13,27,131
1,76,13,152,131
1,77,13,159,131
1,78,13,32,131
1,79,13,11,131
1,80,13,29,131
1,81,13,28,131
1,82,13,16,131
1,83,13,20,131
1,84,13,145,131
1,85,13,164,131
1,86,13,1,131
1,87,13,150,131
1,88,13,142,131
1,89,13,138,131
1,90,13,156,131
1,91,13,161,131
1,92,13,160,131
1,93,13,158,131
1,94,13,136,131
1,95,13,19,131
1,96,13,132,131
1,97,13,9,131
1,98,13,3,131
1,99,13,31,131
1,100,13,144,131
1,101,13,140,131
1,102,13,137,131
1,103,13,22,131
1,104,13,154,131
1,105,13,166,131
1,106,13,121,131
1,107,13,149,131
1,108,13,14,131
1,109,13,155,131
1,110,13,141,131
1,111,13,15,131
1,112,13,139,131
1,113,13,127,131
1,114,13,147,131
1,115,13,122,131
1,116,13,131,131
1,117,13,18,131
1,118,13,120,131
1,119,13,146,131
1,120,13,5,131
1,121,13,110,131
1,122,13,6,131
1,123,13,157,131
1,124,13,130,131
1,125,13,148,131
1,126,13,109,131
1,127,13,126,131
1,128,13,124,131
1,129,13,135,131
1,130,13,153,131
1,131,13,128,131
1,132,13,134,131
1,133,13,123,131
1,134,13,129,131
1,135,13,111,131
1,136,13,125,131
1,137,13,119,131
1,138,13,105,131
1,139,13,143,131
1,140,13,98,131
1,141,13,99,131
1,142,13,90,131
1,143,13,94,131
1,144,13,96,131
1,145,13,93,131
1,146,13,117,131
1,147,13,89,131
1,148,13,107,131
1,149,13,95,131
1,150,13,103,131
1,151,13,108,131
1,152,13,97,131
1,153,13,104,131
1,154,13,114,131
1,155,13,116,131
1,156,13,92,131
1,157,13,91,131
1,158,13,113,131
1,159,13,133,131
1,160,13,112,131
1,161,13,106,131
1,162,13,101,131
1,163,13,100,131
1,164,13,102,131
1,165,13,115,131
1,166,13,118,131
7,1,14,35,26
7,2,14,40,26
7,3,14,49,26
7,4,14,52,26
1,5,14,41,26
1,6,14,38,26
1,7,14,39,26
1,8,14,58,26
1,9,14,47,26
1,10,14,50,26
1,11,14,57,26
1,12,14,42,26
1,13,14,51,26
1,14,14,56,26
1,15,14,34,26
1,16,14,46,26
1,17,14,61,26
1,18,14,60,26
1,19,14,45,26
1,20,14,54,26
1,21,14,43,26
1,22,14,33,26
1,23,14,55,26
1,24,14,59,26
1,25,14,48,26
1,26,14,53,26
1,27,14,37,26
1,28,14,23,26
1,29,14,44,26
1,30,14,70,26
1,31,14,62,26
1,32,14,81,26
1,33,14,79,26
1,34,14,85,26
1,35,14,36,26
1,36,14,75,26
1,37,14,68,26
1,38,14,88,26
1,39,14,71,26
1,40,14,63,26
1,41,14,77,26
1,42,14,83,26
1,43,14,87,26
1,44,14,84,26
1,45,14,72,26
1,46,14,65,26
1,47,14,73,26
1,48,14,86,26
1,49,14,17,26
1,50,14,78,26
1,51,14,67,26
1,52,14,76,26
1,53,14,64,26
1,54,14,69,26
1,55,14,66,26
1,56,14,74,26
1,57,14,80,26
1,58,14,163,26
1,59,14,25,26
1,60,14,8,26
1,61,14,12,26
1,62,14,82,26
1,63,14,2,26
1,64,14,151,26
1,65,14,162,26
1,66,14,24,26
1,67,14,30,26
1,68,14,26,26
1,69,14,13,26
1,70,14,7,26
1,71,14,4,26
1,72,14,21,26
1,73,14,10,26
1,74,14,165,26
1,75,14,27,26
1,76,14,152,26
1,77,14,159,26
1,78,14,32,26
1,79,14,11,26
1,80,14,29,26
1,81,14,28,26
1,82,14,16,26
1,83,14,20,26
1,84,14,145,26
1,85,14,164,26
1,86,14,1,26
1,87,14,150,26
1,88,14,142,26
1,89,14,138,26
1,90,14,156,26
1,91,14,161,26
1,92,14,160,26
1,93,14,158,26
1,94,14,136,26
1,95,14,19,26
1,96,14,132,26
1,97,14,9,26
1,98,14,3,26
1,99,14,31,26
1,100,14,144,26
1,101,14,140,26
1,102,14,137,26
1,103,14,22,26
1,104,14,154,26
1,105,14,166,26
1,106,14,121,26
1,107,14,149,26
1,108,14,14,26
1,109,14,155,26
1,110,14,141,26
1,111,14,15,26
1,112,14,139,26
1,113,14,127,26
1,114,14,147,26
1,115,14,122,26
1,116,14,131,26
1,117,14,18,26
1,118,14,120,26
1,119,14,146,26
1,120,14,5,26
1,121,14,110,26
1,122,14,6,26
1,123,14,157,26
1,124,14,130,26
1,125,14,148,26
1,126,14,109,26
1,127,14,126,26
1,128,14,124,26
1,129,14,135,26
1,130,14,153,26
1,131,14,128,26
1,132,14,134,26
1,133,14,123,26
1,134,14,129,26
1,135,14,111,26
1,136,14,125,26
1,137,14,119,26
1,138,14,105,26
1,139,14,143,26
1,140,14,98,26
1,141,14,99,26
1,142,14,90,26
1,143,14,94,26
1,144,14,96,26
1,145,14,93,26
1,146,14,117,26
1,147,14,89,26
1,148,14,107,26
1,149,14,95,26
1,150,14,103,26
1,151,14,108,26
1,152,14,97,26
1,153,14,104,26
1,154,14,114,26
1,155,14,116,26
1,156,14,92,26
1,157,14,91,26
1,158,14,113,26
1,159,14,133,26
1,160,14,112,26
1,161,14,106,26
1,162,14,101,26
1,163,14,100,26
1,164,14,102,26
1,165,14,115,26
1,166,14,118,26
7,1,15,35,145
7,2,15,40,145
7,3,15,49,145
7,4,15,52,145
1,5,15,41,145
1,6,15,38,145
1,7,15,39,145
1,8,15,58,145
1,9,15,47,145
1,10,15,50,145
1,11,15,57,145
1,12,15,42,145
1,13,15,51,145
1,14,15,56,145
1,15,15,34,145
1,16,15,46,145
1,17,15,61,145
1,18,15,60,145
1,19,15,45,145
1,20,15,54,145
1,21,15,43,145
1,22,15,33,145
1,23,15,55,145
1,24,15,59,145
1,25,15,48,145
1,26,15,53,145
1,27,15,37,145
1,28,15,23,145
1,29,15,44,145
1,30,15,70,145
1,31,15,62,145
1,32,15,81,145
1,33,15,79,145
1,34,15,85,145
1,35,15,36,145
1,36,15,75,145
1,37,15,68,145
1,38,15,88,145
1,39,15,71,145
1,40,15,63,145
1,41,15,77,145
1,42,15,83,145
1,43,15,87,145
1,44,15,84,145
1,45,15,72,145
1,46,15,65,145
1,47,15,73,145
1,48,15,86,145
1,49,15,17,145
1,50,15,78,145
1,51,15,67,145
1,52,15,76,145
1,53,15,64,145
1,54,15,69,145
1,55,15,66,145
1,56,15,74,145
1,57,15,80,145
1,58,15,163,145
1,59,15,25,145
1,60,15,8,145
1,61,15,12,145
1,62,15,82,145
1,63,15,2,145
1,64,15,151,145
1,65,15,162,145
1,66,15,24,145
1,67,15,30,145
1,68,15,26,145
1,69,15,13,145
1,70,15,7,145
1,71,15,4,145
1,72,15,21,145
1,73,15,10,145
1,74,15,165,145
1,75,15,27,145
1,76,15,152,145
1,77,15,159,145
1,78,15,32,145
1,79,15,11,145
1,80,15,29,145
1,81,15,28,145
1,82,15,16,145
1,83,15,20,145
1,84,15,145,145
1,85,15,164,145
1,86,15,1,145
1,87,15,150,145
1,88,15,142,145
1,89,15,138,145
1,90,15,156,145
1,91,15,161,145
1,92,15,160,145
1,93,15,158,145
1,94,15,136,145
1,95,15,19,145
1,96,15,132,145
1,97,15,9,145
1,98,15,3,145
1,99,15,31,145
1,100,15,144,145
1,101,15,140,145
1,102,15,137,145
1,103,15,22,145
1,104,15,154,145
1,105,15,166,145
1,106,15,121,145
1,107,15,149,145
1,108,15,14,145
1,109,15,155,145
1,110,15,141,145
1,111,15,15,145
1,112,15,139,145
1,113,15,127,145
1,114,15,147,145
1,115,15,122,145
1,116,15,131,145
1,117,15,18,145
1,118,15,120,145
1,119,15,146,145
1,120,15,5,145
1,121,15,110,145
1,122,15,6,145
1,123,15,157,145
1,124,15,130,145
1,125,15,148,145
1,126,15,109,145
1,127,15,126,145
1,128,15,124,145
1,129,15,135,145
1,130,15,153,145
1,131,15,128,145
1,132,15,134,145
1,133,15,123,145
1,134,15,129,145
1,135,15,111,145
1,136,15,125,145
1,137,15,119,145
1,138,15,105,145
1,139,15,143,145
1,140,15,98,145
1,141,15,99,145
1,142,15,90,145
1,143,15,94,145
1,144,15,96,145
1,145,15,93,145
1,146,15,117,145
1,147,15,89,145
1,148,15,107,145
1,149,15,95,145
1,150,15,103,145
1,151,15,108,145
1,152,15,97,145
1,153,15,104,145
1,154,15,114,145
1,155,15,116,145
1,156,15,92,145
1,157,15,91,145
1,158,15,113,145
1,159,15,133,145
1,160,15,112,145
1,161,15,106,145
1,162,15,101,145
1,163,15,100,145
1,164,15,102,145
1,165,15,115,145
1,166,15,118,145
1,1,16,35,62
1,2,16,40,62
1,3,16,49,62
1,4,16,52,62
1,5,16,41,62
1,6,16,38,62
1,7,16,39,62
1,8,16,58,62
1,9,16,47,62
1,10,16,50,62
1,11,16,57,62
1,12,16,42,62
1,13,16,51,62
1,14,16,56,62
1,15,16,34,62
1,16,16,46,62
1,17,16,61,62
1,18,16,60,62
1,19,16,45,62
1,20,16,54,62
1,21,16,43,62
1,22,16,33,62
1,23,16,55,62
1,24,16,59,62
1,25,16,48,62
1,26,16,53,62
1,27,16,37,62
1,28,16,23,62
1,29,16,44,62
1,30,16,70,62
1,31,16,62,62
1,32,16,81,62
1,33,16,79,62
1,34,16,85,62
1,35,16,36,62
1,36,16,75,62
1,37,16,68,62
1,38,16,88,62
1,39,16,71,62
1,40,16,63,62
1,41,16,77,62
1,42,16,83,62
1,43,16,87,62
1,44,16,84,62
1,45,16,72,62
1,46,16,65,62
1,47,16,73,62
1,48,16,86,62
1,49,16,17,62
1,50,16,78,62
1,51,16,67,62
1,52,16,76,62
1,53,16,64,62
1,54,16,69,62
1,55,16,66,62
1,56,16,74,62
1,57,16,80,62
1,58,16,163,62
1,59,16,25,62
1,60,16,8,62
1,61,16,12,62
1,62,16,82,62
1,63,16,2,62
1,64,16,151,62
1,65,16,162,62
1,66,16,24,62
1,67,16,30,62
1,68,16,26,62
1,69,16,13,62
1,70,16,7,62
1,71,16,4,62
1,72,16,21,62
1,73,16,10,62
1,74,16,165,62
1,75,16,27,62
1,76,16,152,62
1,77,16,159,62
1,78,16,32,62
1,79,16,11,62
1,80,16,29,62
1,81,16,28,62
1,82,16,16,62
1,83,16,20,62
1,84,16,145,62
1,85,16,164,62
1,86,16,1,62
1,87,16,150,62
1,88,16,142,62
1,89,16,138,62
1,90,16,156,62
1,91,16,161,62
1,92,16,160,62
1,93,16,158,62
1,94,16,136,62
1,95,16,19,62
1,96,16,132,62
1,97,16,9,62
1,98,16,3,62
1,99,16,31,62
1,100,16,144,62
1,101,16,140,62
1,102,16,137,62
1,103,16,22,62
1,104,16,154,62
1,105,16,166,62
1,106,16,121,62
1,107,16,149,62
1,108,16,14,62
1,109,16,155,62
1,110,16,141,62
1,111,16,15,62
1,112,16,139,62
1,113,16,127,62
1,114,16,147,62
1,115,16,122,62
1,116,16,131,62
1,117,16,18,62
1,118,16,120,62
1,119,16,146,62
1,120,16,5,62
1,121,16,110,62
1,122,16,6,62
1,123,16,157,62
1,124,16,130,62
1,125,16,148,62
1,126,16,109,62
1,127,16,126,62
1,128,16,124,62
1,129,16,135,62
1,130,16,153,62
1,131,16,128,62
1,132,16,134,62
1,133,16,123,62
1,134,16,129,62
1,135,16,111,62
1,136,16,125,62
1,137,16,119,62
1,138,16,105,62
1,139,16,143,62
1,140,16,98,62
1,141,16,99,62
1,142,16,90,62
1,143,16,94,62
1,144,16,96,62
1,145,16,93,62
1,146,16,117,62
1,147,16,89,62
1,148,16,107,62
1,149,16,95,62
1,150,16,103,62
1,151,16,108,62
1,152,16,97,62
1,153,16,104,62
1,154,16,114,62
1,155,16,116,62
1,156,16,92,62
1,157,16,91,62
1,158,16,113,62
1,159,16,133,62
1,160,16,112,62
1,161,16,106,62
1,162,16,101,62
1,163,16,100,62
1,164,16,102,62
1,165,16,115,62
1,166,16,118,62
1,1,17,35,3
1,2,17,40,3
1,3,17,49,3
1,4,17,52,3
1,5,17,41,3
1,6,17,38,3
1,7,17,39,3
1,8,17,58,3
1,9,17,47,3
1,10,17,50,3
1,11,17,57,3
1,12,17,42,3
1,13,17,51,3
1,14,17,56,3
1,15,17,34,3
1,16,17,46,3
1,17,17,61,3
1,18,17,60,3
1,19,17,45,3
1,20,17,54,3
1,21,17,43,3
1,22,17,33,3
1,23,17,55,3
1,24,17,59,3
1,25,17,48,3
1,26,17,53,3
1,27,17,37,3
1,28,17,23,3
1,29,17,44,3
1,30,17,70,3
1,31,17,62,3
1,32,17,81,3
1,33,17,79,3
1,34,17,85,3
1,35,17,36,3
1,36,17,75,3
1,37,17,68,3
1,38,17,88,3
1,39,17,71,3
1,40,17,63,3
1,41,17,77,3
1,42,17,83,3
1,43,17,87,3
1,44,17,84,3
1,45,17,72,3
1,46,17,65,3
1,47,17,73,3
1,48,17,86,3
1,49,17,17,3
1,50,17,78,3
1,51,17,67,3
1,52,17,76,3
1,53,17,64,3
1,54,17,69,3
1,55,17,66,3
1,56,17,74,3
1,57,17,80,3
1,58,17,163,3
1,59,17,25,3
1,60,17,8,3
1,61,17,12,3
1,62,17,82,3
1,63,17,2,3
1,64,17,151,3
1,65,17,162,3
1,66,17,24,3
1,67,17,30,3
1,68,17,26,3
1,69,17,13,3
1,70,17,7,3
1,71,17,4,3
1,72,17,21,3
1,73,17,10,3
1,74,17,165,3
1,75,17,27,3
1,76,17,152,3
1,77,17,159,3
1,78,17,32,3
1,79,17,11,3
1,80,17,29,3
1,81,17,28,3
1,82,17,16,3
1,83,17,20,3
1,84,17,145,3
1,85,17,164,3
1,86,17,1,3
1,87,17,150,3
1,88,17,142,3
1,89,17,138,3
1,90,17,156,3
1,91,17,161,3
1,92,17,160,3
1,93,17,158,3
1,94,17,136,3
1,95,17,19,3
1,96,17,132,3
1,97,17,9,3
1,98,17,3,3
1,99,17,31,3
1,100,17,144,3
1,101,17,140,3
1,102,17,137,3
1,103,17,22,3
1,104,17,154,3
1,105,17,166,3
1,106,17,121,3
1,107,17,149,3
1,108,17,14,3
1,109,17,155,3
1,110,17,141,3
1,111,17,15,3
1,112,17,139,3
1,113,17,127,3
1,114,17,147,3
1,115,17,122,3
1,116,17,131,3
1,117,17,18,3
1,118,17,120,3
1,119,17,146,3
1,120,17,5,3
1,121,17,110,3
1,122,17,6,3
1,123,17,157,3
1,124,17,130,3
1,125,17,148,3
1,126,17,109,3
1,127,17,126,3
1,128,17,124,3
1,129,17,135,3
1,130,17,153,3
1,131,17,128,3
1,132,17,134,3
1,133,17,123,3
1,134,17,129,3
1,135,17,111,3
1,136,17,125,3
1,137,17,119,3
1,138,17,105,3
1,139,17,143,3
1,140,17,98,3
1,141,17,99,3
1,142,17,90,3
1,143,17,94,3
1,144,17,96,3
1,145,17,93,3
1,146,17,117,3
1,147,17,89,3
1,148,17,107,3
1,149,17,95,3
1,150,17,103,3
1,151,17,108,3
1,152,17,97,3
1,153,17,104,3
1,154,17,114,3
1,155,17,116,3
1,156,17,92,3
1,157,17,91,3
1,158,17,113,3
1,159,17,133,3
1,160,17,112,3
1,161,17,106,3
1,162,17,101,3
1,163,17,100,3
1,164,17,102,3
1,165,17,115,3
1,166,17,118,3
1,1,18,35,133
1,2,18,40,133
1,3,18,49,133
1,4,18,52,133
1,5,18,41,133
1,6,18,38,133
1,7,18,39,133
1,8,18,58,133
1,9,18,47,133
1,10,18,50,133
1,11,18,57,133
1,12,18,42,133
1,13,18,51,133
1,14,18,56,133
1,15,18,34,133
1,16,18,46,133
1,17,18,61,133
1,18,18,60,133
1,19,18,45,133
1,20,18,54,133
1,21,18,43,133
1,22,18,33,133
1,23,18,55,133
1,24,18,59,133
1,25,18,48,133
1,26,18,53,133
1,27,18,37,133
1,28,18,23,133
1,29,18,44,133
1,30,18,70,133
1,31,18,62,133
1,32,18,81,133
1,33,18,79,133
1,34,18,85,133
1,35,18,36,133
1,36,18,75,133
1,37,18,68,133
1,38,18,88,133
1,39,18,71,133
1,40,18,63,133
1,41,18,77,133
1,42,18,83,133
1,43,18,87,133
1,44,18,84,133
1,45,18,72,133
1,46,18,65,133
1,47,18,73,133
1,48,18,86,133
1,49,18,17,133
1,50,18,78,133
1,51,18,67,133
1,52,18,76,133
1,53,18,64,133
1,54,18,69,133
1,55,18,66,133
1,56,18,74,133
1,57,18,80,133
1,58,18,163,133
1,59,18,25,133
1,60,18,8,133
1,61,18,12,133
1,62,18,82,133
1,63,18,2,133
1,64,18,151,133
1,65,18,162,133
1,66,18,24,133
1,67,18,30,133
1,68,18,26,133
1,69,18,13,133
1,70,18,7,133
1,71,18,4,133
1,72,18,21,133
1,73,18,10,133
1,74,18,165,133
1,75,18,27,133
1,76,18,152,133
1,77,18,159,133
1,78,18,32,133
1,79,18,11,133
1,80,18,29,133
1,81,18,28,133
1,82,18,16,133
1,83,18,20,133
1,84,18,145,133
1,85,18,164,133
1,86,18,1,133
1,87,18,150,133
1,88,18,142,133
1,89,18,138,133
1,90,18,156,133
1,91,18,161,133
1,92,18,160,133
1,93,18,158,133
1,94,18,136,133
1,95,18,19,133
1,96,18,132,133
1,97,18,9,133
1,98,18,3,133
1,99,18,31,133
1,100,18,144,133
1,101,18,140,133
1,102,18,137,133
1,103,18,22,133
1,104,18,154,133
1,105,18,166,133
1,106,18,121,133
1,107,18,149,133
1,108,18,14,133
1,109,18,155,133
1,110,18,141,133
1,111,18,15,133
1,112,18,139,133
1,113,18,127,133
1,114,18,147,133
1,115,18,122,133
1,116,18,131,133
1,117,18,18,133
1,118,18,120,133
1,119,18,146,133
1,120,18,5,133
1,121,18,110,133
1,122,18,6,133
1,123,18,157,133
1,124,18,130,133
1,125,18,148,133
1,126,18,109,133
1,127,18,126,133
1,128,18,124,133
1,129,18,135,133
1,130,18,153,133
1,131,18,128,133
1,132,18,134,133
1,133,18,123,133
1,134,18,129,133
1,135,18,111,133
1,136,18,125,133
1,137,18,119,133
1,138,18,105,133
1,139,18,143,133
1,140,18,98,133
1,141,18,99,133
1,142,18,90,133
1,143,18,94,133
1,144,18,96,133
1,145,18,93,133
1,146,18,117,133
1,147,18,89,133
1,148,18,107,133
1,149,18,95,133
1,150,18,103,133
1,151,18,108,133
1,152,18,97,133
1,153,18,104,133
1,154,18,114,133
1,155,18,116,133
1,156,18,92,133
1,157,18,91,133
1,158,18,113,133
1,159,18,133,133
1,160,18,112,133
1,161,18,106,133
1,162,18,101,133
1,163,18,100,133
1,164,18,102,133
1,165,18,115,133
1,166,18,118,133
1,1,19,35,40
1,2,19,40,40
1,3,19,49,40
1,4,19,52,40
1,5,19,41,40
1,6,19,38,40
1,7,19,39,40
1,8,19,58,40
1,9,19,47,40
1,10,19,50,40
1,11,19,57,40
1,12,19,42,40
1,13,19,51,40
1,14,19,56,40
1,15,19,34,40
1,16,19,46,40
1,17,19,61,40
1,18,19,60,40
1,19,19,45,40
1,20,19,54,40
1,21,19,43,40
2,22,19,33,40
2,23,19,55,40
2,24,19,59,40
2,25,19,48,40
2,26,19,53,40
2,27,19,37,40
2,28,19,23,40
2,29,19,44,40
2,30,19,70,40
2,31,19,62,40
2,32,19,81,40
2,33,19,79,40
2,34,19,85,40
2,35,19,36,40
2,36,19,75,40
2,37,19,68,40
2,38,19,88,40
2,39,19,71,40
2,40,19,63,40
2,41,19,77,40
2,42,19,83,40
2,43,19,87,40
2,44,19,84,40
2,45,19,72,40
2,46,19,65,40
2,47,19,73,40
2,48,19,86,40
2,49,19,17,40
2,50,19,78,40
2,51,19,67,40
2,52,19,76,40
2,53,19,64,40
2,54,19,69,40
2,55,19,66,40
2,56,19,74,40
2,57,19,80,40
1,58,19,163,40
1,59,19,25,40
1,60,19,8,40
1,61,19,12,40
1,62,19,82,40
1,63,19,2,40
1,64,19,151,40
1,65,19,162,40
1,66,19,24,40
1,67,19,30,40
1,68,19,26,40
1,69,19,13,40
1,70,19,7,40
1,71,19,4,40
1,72,19,21,40
1,73,19,10,40
1,74,19,165,40
1,75,19,27,40
1,76,19,152,40
1,77,19,159,40
1,78,19,32,40
1,79,19,11,40
1,80,19,29,40
1,81,19,28,40
1,82,19,16,40
1,83,19,20,40
1,84,19,145,40
1,85,19,164,40
1,86,19,1,40
1,87,19,150,40
1,88,19,142,40
1,89,19,138,40
1,90,19,156,40
1,91,19,161,40
1,92,19,160,40
1,93,19,158,40
1,94,19,136,40
1,95,19,19,40
1,96,19,132,40
1,97,19,9,40
1,98,19,3,40
1,99,19,31,40
1,100,19,144,40
1,101,19,140,40
1,102,19,137,40
1,103,19,22,40
1,104,19,154,40
1,105,19,166,40
1,106,19,121,40
1,107,19,149,40
1,108,19,14,40
1,109,19,155,40
1,110,19,141,40
1,111,19,15,40
1,112,19,139,40
1,113,19,127,40
1,114,19,147,40
1,115,19,122,40
1,116,19,131,40
1,117,19,18,40
1,118,19,120,40
1,119,19,146,40
1,120,19,5,40
1,121,19,110,40
1,122,19,6,40
1,123,19,157,40
1,124,19,130,40
1,125,19,148,40
1,126,19,109,40
1,127,19,126,40
1,128,19,124,40
1,129,19,135,40
1,130,19,153,40
1,131,19,128,40
1,132,19,134,40
1,133,19,123,40
1,134,19,129,40
1,135,19,111,40
1,136,19,125,40
1,137,19,119,40
1,138,19,105,40
1,139,19,143,40
1,140,19,98,40
1,141,19,99,40
1,142,19,90,40
1,143,19,94,40
1,144,19,96,40
1,145,19,93,40
1,146,19,117,40
1,147,19,89,40
1,148,19,107,40
1,149,19,95,40
1,150,19,103,40
1,151,19,108,40
1,152,19,97,40
1,153,19,104,40
1,154,19,114,40
1,155,19,116,40
1,156,19,92,40
1,157,19,91,40
1,158,19,113,40
1,159,19,133,40
1,160,19,112,40
1,161,19,106,40
1,162,19,101,40
1,163,19,100,40
1,164,19,102,40
1,165,19,115,40
1,166,19,118,40
1,1,20,35,9
1,2,20,40,9
1,3,20,49,9
1,4,20,52,9
1,5,20,41,9
1,6,20,38,9
1,7,20,39,9
1,8,20,58,9
1,9,20,47,9
1,10,20,50,9
1,11,20,57,9
1,12,20,42,9
1,13,20,51,9
1,14,20,56,9
1,15,20,34,9
1,16,20,46,9
1,17,20,61,9
1,18,20,60,9
1,19,20,45,9
1,20,20,54,9
1,21,20,43,9
2,22,20,33,9
2,23,20,55,9
2,24,20,59,9
2,25,20,48,9
2,26,20,53,9
2,27,20,37,9
2,28,20,23,9
2,29,20,44,9
2,30,20,70,9
2,31,20,62,9
2,32,20,81,9
2,33,20,79,9
2,34,20,85,9
2,35,20,36,9
2,36,20,75,9
2,37,20,68,9
2,38,20,88,9
2,39,20,71,9
2,40,20,63,9
2,41,20,77,9
2,42,20,83,9
2,43,20,87,9
2,44,20,84,9
2,45,20,72,9
2,46,20,65,9
2,47,20,73,9
2,48,20,86,9
2,49,20,17,9
2,50,20,78,9
2,51,20,67,9
2,52,20,76,9
2,53,20,64,9
2,54,20,69,9
2,55,20,66,9
2,56,20,74,9
2,57,20,80,9
1,58,20,163,9
1,59,20,25,9
1,60,20,8,9
1,61,20,12,9
1,62,20,82,9
1,63,20,2,9
1,64,20,151,9
1,65,20,162,9
1,66,20,24,9
1,67,20,30,9
1,68,20,26,9
1,69,20,13,9
1,70,20,7,9
1,71,20,4,9
1,72,20,21,9
1,73,20,10,9
1,74,20,165,9
1,75,20,27,9
1,76,20,152,9
1,77,20,159,9
1,78,20,32,9
1,79,20,11,9
1,80,20,29,9
1,81,20,28,9
1,82,20,16,9
1,83,20,20,9
1,84,20,145,9
1,85,20,164,9
1,86,20,1,9
1,87,20,150,9
1,88,20,142,9
1,89,20,138,9
1,90,20,156,9
1,91,20,161,9
1,92,20,160,9
1,93,20,158,9
1,94,20,136,9
1,95,20,19,9
1,96,20,132,9
1,97,20,9,9
1,98,20,3,9
1,99,20,31,9
1,100,20,144,9
1,101,20,140,9
1,102,20,137,9
1,103,20,22,9
1,104,20,154,9
1,105,20,166,9
1,106,20,121,9
1,107,20,149,9
1,108,20,14,9
1,109,20,155,9
1,110,20,141,9
1,111,20,15,9
1,112,20,139,9
1,113,20,127,9
1,114,20,147,9
1,115,20,122,9
1,116,20,131,9
1,117,20,18,9
1,118,20,120,9
1,119,20,146,9
1,120,20,5,9
1,121,20,110,9
1,122,20,6,9
1,123,20,157,9
1,124,20,130,9
1,125,20,148,9
1,126,20,109,9
1,127,20,126,9
1,128,20,124,9
1,129,20,135,9
1,130,20,153,9
1,131,20,128,9
1,132,20,134,9
1,133,20,123,9
1,134,20,129,9
1,135,20,111,9
1,136,20,125,9
1,137,20,119,9
1,138,20,105,9
1,139,20,143,9
1,140,20,98,9
1,141,20,99,9
1,142,20,90,9
1,143,20,94,9
1,144,20,96,9
1,145,20,93,9
1,146,20,117,9
1,147,20,89,9
1,148,20,107,9
1,149,20,95,9
1,150,20,103,9
1,151,20,108,9
1,152,20,97,9
1,153,20,104,9
1,154,20,114,9
1,155,20,116,9
1,156,20,92,9
1,157,20,91,9
1,158,20,113,9
1,159,20,133,9
1,160,20,112,9
1,161,20,106,9
1,162,20,101,9
1,163,20,100,9
1,164,20,102,9
1,165,20,115,9
1,166,20,118,9
1,1,21,35,42
1,2,21,40,42
1,3,21,49,42
1,4,21,52,42
1,5,21,41,42
1,6,21,38,42
1,7,21,39,42
1,8,21,58,42
1,9,21,47,42
1,10,21,50,42
1,11,21,57,42
1,12,21,42,42
1,13,21,51,42
1,14,21,56,42
1,15,21,34,42
1,16,21,46,42
1,17,21,61,42
1,18,21,60,42
1,19,21,45,42
1,20,21,54,42
1,21,21,43,42
2,22,21,33,42
2,23,21,55,42
2,24,21,59,42
2,25,21,48,42
2,26,21,53,42
2,27,21,37,42
2,28,21,23,42
2,29,21,44,42
2,30,21,70,42
2,31,21,62,42
2,32,21,81,42
2,33,21,79,42
2,34,21,85,42
2,35,21,36,42
2,36,21,75,42
2,37,21,68,42
2,38,21,88,42
2,39,21,71,42
2,40,21,63,42
2,41,21,77,42
2,42,21,83,42
2,43,21,87,42
2,44,21,84,42
2,45,21,72,42
2,46,21,65,42
2,47,21,73,42
2,48,21,86,42
2,49,21,17,42
2,50,21,78,42
2,51,21,67,42
2,52,21,76,42
2,53,21,64,42
2,54,21,69,42
2,55,21,66,42
2,56,21,74,42
2,57,21,80,42
1,58,21,163,42
1,59,21,25,42
1,60,21,8,42
1,61,21,12,42
1,62,21,82,42
1,63,21,2,42
1,64,21,151,42
1,65,21,162,42
1,66,21,24,42
1,67,21,30,42
1,68,21,26,42
1,69,21,13,42
1,70,21,7,42
1,71,21,4,42
1,72,21,21,42
1,73,21,10,42
1,74,21,165,42
1,75,21,27,42
1,76,21,152,42
1,77,21,159,42
1,78,21,32,42
1,79,21,11,42
1,80,21,29,42
1,81,21,28,42
1,82,21,16,42
1,83,21,20,42
1,84,21,145,42
1,85,21,164,42
1,86,21,1,42
1,87,21,150,42
1,88,21,142,42
1,89,21,138,42
1,90,21,156,42
1,91,21,161,42
1,92,21,160,42
1,93,21,158,42
1,94,21,136,42
1,95,21,19,42
1,96,21,132,42
1,97,21,9,42
1,98,21,3,42
1,99,21,31,42
1,100,21,144,42
1,101,21,140,42
1,102,21,137,42
1,103,21,22,42
1,104,21,154,42
1,105,21,166,42
1,106,21,121,42
1,107,21,149,42
1,108,21,14,42
1,109,21,155,42
1,110,21,141,42
1,111,21,15,42
1,112,21,139,42
1,113,21,127,42
1,114,21,147,42
1,115,21,122,42
1,116,21,131,42
1,117,21,18,42
1,118,21,120,42
1,119,21,146,42
1,120,21,5,42
1,121,21,110,42
1,122,21,6,42
1,123,21,157,42
1,124,21,130,42
1,125,21,148,42
1,126,21,109,42
1,127,21,126,42
1,128,21,124,42
1,129,21,135,42
1,130,21,153,42
1,131,21,128,42
1,132,21,134,42
1,133,21,123,42
1,134,21,129,42
1,135,21,111,42
1,136,21,125,42
1,137,21,119,42
1,138,21,105,42
1,139,21,143,42
1,140,21,98,42
1,141,21,99,42
1,142,21,90,42
1,143,21,94,42
1,144,21,96,42
1,145,21,93,42
1,146,21,117,42
1,147,21,89,42
1,148,21,107,42
1,149,21,95,42
1,150,21,103,42
1,151,21,108,42
1,152,21,97,42
1,153,21,104,42
1,154,21,114,42
1,155,21,116,42
1,156,21,92,42
1,157,21,91,42
1,158,21,113,42
1,159,21,133,42
1,160,21,112,42
1,161,21,106,42
1,162,21,101,42
1,163,21,100,42
1,164,21,102,42
1,165,21,115,42
1,166,21,118,42
1,1,22,35,63
1,2,22,40,63
1,3,22,49,63
1,4,22,52,63
1,5,22,41,63
1,6,22,38,63
1,7,22,39,63
1,8,22,58,63
1,9,22,47,63
1,10,22,50,63
1,11,22,57,63
1,12,22,42,63
1,13,22,51,63
1,14,22,56,63
1,15,22,34,63
1,16,22,46,63
1,17,22,61,63
1,18,22,60,63
1,19,22,45,63
1,20,22,54,63
1,21,22,43,63
2,22,22,33,63
2,23,22,55,63
2,24,22,59,63
2,25,22,48,63
2,26,22,53,63
2,27,22,37,63
2,28,22,23,63
2,29,22,44,63
2,30,22,70,63
2,31,22,62,63
2,32,22,81,63
2,33,22,79,63
2,34,22,85,63
2,35,22,36,63
2,36,22,75,63
2,37,22,68,63
2,38,22,88,63
2,39,22,71,63
2,40,22,63,63
2,41,22,77,63
2,42,22,83,63
2,43,22,87,63
2,44,22,84,63
2,45,22,72,63
2,46,22,65,63
2,47,22,73,63
2,48,22,86,63
2,49,22,17,63
2,50,22,78,63
2,51,22,67,63
2,52,22,76,63
2,53,22,64,63
2,54,22,69,63
2,55,22,66,63
2,56,22,74,63
2,57,22,80,63
1,58,22,163,63
1,59,22,25,63
1,60,22,8,63
1,61,22,12,63
1,62,22,82,63
1,63,22,2,63
1,64,22,151,63
1,65,22,162,63
1,66,22,24,63
1,67,22,30,63
1,68,22,26,63
1,69,22,13,63
1,70,22,7,63
1,71,22,4,63
1,72,22,21,63
1,73,22,10,63
1,74,22,165,63
1,75,22,27,63
1,76,22,152,63
1,77,22,159,63
1,78,22,32,63
1,79,22,11,63
1,80,22,29,63
1,81,22,28,63
1,82,22,16,63
1,83,22,20,63
1,84,22,145,63
1,85,22,164,63
1,86,22,1,63
1,87,22,150,63
1,88,22,142,63
1,89,22,138,63
1,90,22,156,63
1,91,22,161,63
1,92,22,160,63
1,93,22,158,63
1,94,22,136,63
1,95,22,19,63
1,96,22,132,63
1,97,22,9,63
1,98,22,3,63
1,99,22,31,63
1,100,22,144,63
1,101,22,140,63
1,102,22,137,63
1,103,22,22,63
1,104,22,154,63
1,105,22,166,63
1,106,22,121,63
1,107,22,149,63
1,108,22,14,63
1,109,22,155,63
1,110,22,141,63
1,111,22,15,63
1,112,22,139,63
1,113,22,127,63
1,114,22,147,63
1,115,22,122,63
1,116,22,131,63
1,117,22,18,63
1,118,22,120,63
1,119,22,146,63
1,120,22,5,63
1,121,22,110,63
1,122,22,6,63
1,123,22,157,63
1,124,22,130,63
1,125,22,148,63
1,126,22,109,63
1,127,22,126,63
1,128,22,124,63
1,129,22,135,63
1,130,22,153,63
1,131,22,128,63
1,132,22,134,63
1,133,22,123,63
1,134,22,129,63
1,135,22,111,63
1,136,22,125,63
1,137,22,119,63
1,138,22,105,63
1,139,22,143,63
1,140,22,98,63
1,141,22,99,63
1,142,22,90,63
1,143,22,94,63
1,144,22,96,63
1,145,22,93,63
1,146,22,117,63
1,147,22,89,63
1,148,22,107,63
1,149,22,95,63
1,150,22,103,63
1,151,22,108,63
1,152,22,97,63
1,153,22,104,63
1,154,22,114,63
1,155,22,116,63
1,156,22,92,63
1,157,22,91,63
1,158,22,113,63
1,159,22,133,63
1,160,22,112,63
1,161,22,106,63
1,162,22,101,63
1,163,22,100,63
1,164,22,102,63
1,165,22,115,63
1,166,22,118,63
1,1,23,35,47
1,2,23,40,47
1,3,23,49,47
1,4,23,52,47
1,5,23,41,47
1,6,23,38,47
1,7,23,39,47
1,8,23,58,47
1,9,23,47,47
1,10,23,50,47
1,11,23,57,47
1,12,23,42,47
1,13,23,51,47
1,14,23,56,47
1,15,23,34,47
1,16,23,46,47
1,17,23,61,47
1,18,23,60,47
1,19,23,45,47
1,20,23,54,47
1,21,23,43,47
2,22,23,33,47
2,23,23,55,47
2,24,23,59,47
2,25,23,48,47
2,26,23,53,47
2,27,23,37,47
2,28,23,23,47
2,29,23,44,47
2,30,23,70,47
2,31,23,62,47
2,32,23,81,47
2,33,23,79,47
2,34,23,85,47
2,35,23,36,47
2,36,23,75,47
2,37,23,68,47
2,38,23,88,47
2,39,23,71,47
2,40,23,63,47
2,41,23,77,47
2,42,23,83,47
2,43,23,87,47
2,44,23,84,47
2,45,23,72,47
2,46,23,65,47
2,47,23,73,47
2,48,23,86,47
2,49,23,17,47
2,50,23,78,47
2,51,23,67,47
2,52,23,76,47
2,53,23,64,47
2,54,23,69,47
2,55,23,66,47
2,56,23,74,47
2,57,23,80,47
1,58,23,163,47
1,59,23,25,47
1,60,23,8,47
1,61,23,12,47
1,62,23,82,47
1,63,23,2,47
1,64,23,151,47
1,65,23,162,47
1,66,23,24,47
1,67,23,30,47
1,68,23,26,47
1,69,23,13,47
1,70,23,7,47
1,71,23,4,47
1,72,23,21,47
1,73,23,10,47
1,74,23,165,47
1,75,23,27,47
1,76,23,152,47
1,77,23,159,47
1,78,23,32,47
1,79,23,11,47
1,80,23,29,47
1,81,23,28,47
1,82,23,16,47
1,83,23,20,47
1,84,23,145,47
1,85,23,164,47
1,86,23,1,47
1,87,23,150,47
1,88,23,142,47
1,89,23,138,47
1,90,23,156,47
1,91,23,161,47
1,92,23,160,47
1,93,23,158,47
1,94,23,136,47
1,95,23,19,47
1,96,23,132,47
1,97,23,9,47
1,98,23,3,47
1,99,23,31,47
1,100,23,144,47
1,101,23,140,47
1,102,23,137,47
1,103,23,22,47
1,104,23,154,47
1,105,23,166,47
1,106,23,121,47
1,107,23,149,47
1,108,23,14,47
1,109,23,155,47
1,110,23,141,47
1,111,23,15,47
1,112,23,139,47
1,113,23,127,47
1,114,23,147,47
1,115,23,122,47
1,116,23,131,47
1,117,23,18,47
1,118,23,120,47
1,119,23,146,47
1,120,23,5,47
1,121,23,110,47
1,122,23,6,47
1,123,23,157,47
1,124,23,130,47
1,125,23,148,47
1,126,23,109,47
1,127,23,126,47
1,128,23,124,47
1,129,23,135,47
1,130,23,153,47
1,131,23,128,47
1,132,23,134,47
1,133,23,123,47
1,134,23,129,47
1,135,23,111,47
1,136,23,125,47
1,137,23,119,47
1,138,23,105,47
1,139,23,143,47
1,140,23,98,47
1,141,23,99,47
1,142,23,90,47
1,143,23,94,47
1,144,23,96,47
1,145,23,93,47
1,146,23,117,47
1,147,23,89,47
1,148,23,107,47
1,149,23,95,47
1,150,23,103,47
1,151,23,108,47
1,152,23,97,47
1,153,23,104,47
1,154,23,114,47
1,155,23,116,47
1,156,23,92,47
1,157,23,91,47
1,158,23,113,47
1,159,23,133,47
1,160,23,112,47
1,161,23,106,47
1,162,23,101,47
1,163,23,100,47
1,164,23,102,47
1,165,23,115,47
1,166,23,118,47
1,1,24,35,91
1,2,24,40,91
1,3,24,49,91
1,4,24,52,91
1,5,24,41,91
1,6,24,38,91
1,7,24,39,91
1,8,24,58,91
1,9,24,47,91
1,10,24,50,91
1,11,24,57,91
1,12,24,42,91
1,13,24,51,91
1,14,24,56,91
1,15,24,34,91
1,16,24,46,91
1,17,24,61,91
1,18,24,60,91
1,19,24,45,91
1,20,24,54,91
1,21,24,43,91
2,22,24,33,91
2,23,24,55,91
2,24,24,59,91
2,25,24,48,91
2,26,24,53,91
2,27,24,37,91
2,28,24,23,91
2,29,24,44,91
2,30,24,70,91
2,31,24,62,91
2,32,24,81,91
2,33,24,79,91
2,34,24,85,91
2,35,24,36,91
2,36,24,75,91
2,37,24,68,91
2,38,24,88,91
2,39,24,71,91
2,40,24,63,91
2,41,24,77,91
2,42,24,83,91
2,43,24,87,91
2,44,24,84,91
2,45,24,72,91
2,46,24,65,91
2,47,24,73,91
2,48,24,86,91
2,49,24,17,91
2,50,24,78,91
2,51,24,67,91
2,52,24,76,91
2,53,24,64,91
2,54,24,69,91
2,55,24,66,91
2,56,24,74,91
2,57,24,80,91
1,58,24,163,91
1,59,24,25,91
1,60,24,8,91
1,61,24,12,91
1,62,24,82,91
1,63,24,2,91
1,64,24,151,91
1,65,24,162,91
1,66,24,24,91
1,67,24,30,91
1,68,24,26,91
1,69,24,13,91
1,70,24,7,91
1,71,24,4,91
1,72,24,21,91
1,73,24,10,91
1,74,24,165,91
1,75,24,27,91
1,76,24,152,91
1,77,24,159,91
1,78,24,32,91
1,79,24,11,91
1,80,24,29,91
1,81,24,28,91
1,82,24,16,91
1,83,24,20,91
1,84,24,145,91
1,85,24,164,91
1,86,24,1,91
1,87,24,150,91
1,88,24,142,91
1,89,24,138,91
1,90,24,156,91
1,91,24,161,91
1,92,24,160,91
1,93,24,158,91
1,94,24,136,91
1,95,24,19,91
1,96,24,132,91
1,97,24,9,91
1,98,24,3,91
1,99,24,31,91
1,100,24,144,91
1,101,24,140,91
1,102,24,137,91
1,103,24,22,91
1,104,24,154,91
1,105,24,166,91
1,106,24,121,91
1,107,24,149,91
1,108,24,14,91
1,109,24,155,91
1,110,24,141,91
1,111,24,15,91
1,112,24,139,91
1,113,24,127,91
1,114,24,147,91
1,115,24,122,91
1,116,24,131,91
1,117,24,18,91
1,118,24,120,91
1,119,24,146,91
1,120,24,5,91
1,121,24,110,91
1,122,24,6,91
1,123,24,157,91
1,124,24,130,91
1,125,24,148,91
1,126,24,109,91
1,127,24,126,91
1,128,24,124,91
1,129,24,135,91
1,130,24,153,91
1,131,24,128,91
1,132,24,134,91
1,133,24,123,91
1,134,24,129,91
1,135,24,111,91
1,136,24,125,91
1,137,24,119,91
1,138,24,105,91
1,139,24,143,91
1,140,24,98,91
1,141,24,99,91
1,142,24,90,91
1,143,24,94,91
1,144,24,96,91
1,145,24,93,91
1,146,24,117,91
1,147,24,89,91
1,148,24,107,91
1,149,24,95,91
1,150,24,103,91
1,151,24,108,91
1,152,24,97,91
1,153,24,104,91
1,154,24,114,91
1,155,24,116,91
1,156,24,92,91
1,157,24,91,91
1,158,24,113,91
1,159,24,133,91
1,160,24,112,91
1,161,24,106,91
1,162,24,101,91
1,163,24,100,91
1,164,24,102,91
1,165,24,115,91
1,166,24,118,91
1,1,25,35,11
1,2,25,40,11
1,3,25,49,11
1,4,25,52,11
1,5,25,41,11
1,6,25,38,11
1,7,25,39,11
1,8,25,58,11
1,9,25,47,11
1,10,25,50,11
1,11,25,57,11
1,12,25,42,11
1,13,25,51,11
1,14,25,56,11
1,15,25,34,11
1,16,25,46,11
1,17,25,61,11
1,18,25,60,11
1,19,25,45,11
1,20,25,54,11
1,21,25,43,11
1,22,25,33,11
1,23,25,55,11
1,24,25,59,11
1,25,25,48,11
1,26,25,53,11
1,27,25,37,11
1,28,25,23,11
1,29,25,44,11
1,30,25,70,11
1,31,25,62,11
1,32,25,81,11
1,33,25,79,11
1,34,25,85,11
1,35,25,36,11
1,36,25,75,11
1,37,25,68,11
1,38,25,88,11
1,39,25,71,11
1,40,25,63,11
1,41,25,77,11
1,42,25,83,11
1,43,25,87,11
1,44,25,84,11
1,45,25,72,11
1,46,25,65,11
1,47,25,73,11
1,48,25,86,11
1,49,25,17,11
1,50,25,78,11
1,51,25,67,11
1,52,25,76,11
1,53,25,64,11
1,54,25,69,11
1,55,25,66,11
1,56,25,74,11
1,57,25,80,11
1,58,25,163,11
1,59,25,25,11
1,60,25,8,11
1,61,25,12,11
1,62,25,82,11
1,63,25,2,11
1,64,25,151,11
1,65,25,162,11
1,66,25,24,11
1,67,25,30,11
1,68,25,26,11
1,69,25,13,11
1,70,25,7,11
1,71,25,4,11
1,72,25,21,11
1,73,25,10,11
1,74,25,165,11
1,75,25,27,11
1,76,25,152,11
1,77,25,159,11
1,78,25,32,11
1,79,25,11,11
1,80,25,29,11
1,81,25,28,11
1,82,25,16,11
1,83,25,20,11
1,84,25,145,11
1,85,25,164,11
1,86,25,1,11
1,87,25,150,11
1,88,25,142,11
1,89,25,138,11
1,90,25,156,11
1,91,25,161,11
1,92,25,160,11
1,93,25,158,11
1,94,25,136,11
1,95,25,19,11
1,96,25,132,11
1,97,25,9,11
1,98,25,3,11
1,99,25,31,11
1,100,25,144,11
1,101,25,140,11
1,102,25,137,11
1,103,25,22,11
1,104,25,154,11
1,105,25,166,11
1,106,25,121,11
1,107,25,149,11
1,108,25,14,11
1,109,25,155,11
1,110,25,141,11
1,111,25,15,11
1,112,25,139,11
1,113,25,127,11
1,114,25,147,11
1,115,25,122,11
1,116,25,131,11
1,117,25,18,11
1,118,25,120,11
1,119,25,146,11
1,120,25,5,11
1,121,25,110,11
1,122,25,6,11
1,123,25,157,11
1,124,25,130,11
1,125,25,148,11
1,126,25,109,11
1,127,25,126,11
1,128,25,124,11
1,129,25,135,11
1,130,25,153,11
1,131,25,128,11
1,132,25,134,11
1,133,25,123,11
1,134,25,129,11
1,135,25,111,11
1,136,25,125,11
1,137,25,119,11
1,138,25,105,11
1,139,25,143,11
1,140,25,98,11
1,141,25,99,11
1,142,25,90,11
1,143,25,94,11
1,144,25,96,11
1,145,25,93,11
1,146,25,117,11
1,147,25,89,11
1,148,25,107,11
1,149,25,95,11
1,150,25,103,11
1,151,25,108,11
1,152,25,97,11
1,153,25,104,11
1,154,25,114,11
1,155,25,116,11
1,156,25,92,11
1,157,25,91,11
1,158,25,113,11
1,159,25,133,11
1,160,25,112,11
1,161,25,106,11
1,162,25,101,11
1,163,25,100,11
1,164,25,102,11
1,165,25,115,11
1,166,25,118,11
1,1,26,35,84
1,2,26,40,84
1,3,26,49,84
1,4,26,52,84
1,5,26,41,84
1,6,26,38,84
1,7,26,39,84
1,8,26,58,84
1,9,26,47,84
1,10,26,50,84
1,11,26,57,84
1,12,26,42,84
1,13,26,51,84
1,14,26,56,84
1,15,26,34,84
1,16,26,46,84
1,17,26,61,84
1,18,26,60,84
1,19,26,45,84
1,20,26,54,84
1,21,26,43,84
1,22,26,33,84
1,23,26,55,84
1,24,26,59,84
1,25,26,48,84
1,26,26,53,84
1,27,26,37,84
1,28,26,23,84
1,29,26,44,84
1,30,26,70,84
1,31,26,62,84
1,32,26,81,84
1,33,26,79,84
1,34,26,85,84
1,35,26,36,84
1,36,26,75,84
1,37,26,68,84
1,38,26,88,84
1,39,26,71,84
1,40,26,63,84
1,41,26,77,84
1,42,26,83,84
1,43,26,87,84
1,44,26,84,84
1,45,26,72,84
1,46,26,65,84
1,47,26,73,84
1,48,26,86,84
1,49,26,17,84
1,50,26,78,84
1,51,26,67,84
1,52,26,76,84
1,53,26,64,84
1,54,26,69,84
1,55,26,66,84
1,56,26,74,84
1,57,26,80,84
1,58,26,163,84
1,59,26,25,84
1,60,26,8,84
1,61,26,12,84
1,62,26,82,84
1,63,26,2,84
1,64,26,151,84
1,65,26,162,84
1,66,26,24,84
1,67,26,30,84
1,68,26,26,84
1,69,26,13,84
1,70,26,7,84
1,71,26,4,84
1,72,26,21,84
1,73,26,10,84
1,74,26,165,84
1,75,26,27,84
1,76,26,152,84
1,77,26,159,84
1,78,26,32,84
1,79,26,11,84
1,80,26,29,84
1,81,26,28,84
1,82,26,16,84
1,83,26,20,84
1,84,26,145,84
1,85,26,164,84
1,86,26,1,84
1,87,26,150,84
1,88,26,142,84
1,89,26,138,84
1,90,26,156,84
1,91,26,161,84
1,92,26,160,84
1,93,26,158,84
1,94,26,136,84
1,95,26,19,84
1,96,26,132,84
1,97,26,9,84
1,98,26,3,84
1,99,26,31,84
1,100,26,144,84
1,101,26,140,84
1,102,26,137,84
1,103,26,22,84
1,104,26,154,84
1,105,26,166,84
1,106,26,121,84
1,107,26,149,84
1,108,26,14,84
1,109,26,155,84
1,110,26,141,84
1,111,26,15,84
1,112,26,139,84
1,113,26,127,84
1,114,26,147,84
1,115,26,122,84
1,116,26,131,84
1,117,26,18,84
1,118,26,120,84
1,119,26,146,84
1,120,26,5,84
1,121,26,110,84
1,122,26,6,84
1,123,26,157,84
1,124,26,130,84
1,125,26,148,84
1,126,26,109,84
1,127,26,126,84
1,128,26,124,84
1,129,26,135,84
1,130,26,153,84
1,131,26,128,84
1,132,26,134,84
1,133,26,123,84
1,134,26,129,84
1,135,26,111,84
1,136,26,125,84
1,137,26,119,84
1,138,26,105,84
1,139,26,143,84
1,140,26,98,84
1,141,26,99,84
1,142,26,90,84
1,143,26,94,84
1,144,26,96,84
1,145,26,93,84
1,146,26,117,84
1,147,26,89,84
1,148,26,107,84
1,149,26,95,84
1,150,26,103,84
1,151,26,108,84
1,152,26,97,84
1,153,26,104,84
1,154,26,114,84
1,155,26,116,84
1,156,26,92,84
1,157,26,91,84
1,158,26,113,84
1,159,26,133,84
1,160,26,112,84
1,161,26,106,84
1,162,26,101,84
1,163,26,100,84
1,164,26,102,84
1,165,26,115,84
1,166,26,118,84
1,1,27,35,23
1,2,27,40,23
1,3,27,49,23
1,4,27,52,23
1,5,27,41,23
1,6,27,38,23
1,7,27,39,23
1,8,27,58,23
1,9,27,47,23
1,10,27,50,23
1,11,27,57,23
1,12,27,42,23
1,13,27,51,23
1,14,27,56,23
1,15,27,34,23
1,16,27,46,23
1,17,27,61,23
1,18,27,60,23
1,19,27,45,23
1,20,27,54,23
1,21,27,43,23
1,22,27,33,23
1,23,27,55,23
1,24,27,59,23
1,25,27,48,23
1,26,27,53,23
1,27,27,37,23
1,28,27,23,23
1,29,27,44,23
1,30,27,70,23
1,31,27,62,23
1,32,27,81,23
1,33,27,79,23
1,34,27,85,23
1,35,27,36,23
1,36,27,75,23
1,37,27,68,23
1,38,27,88,23
1,39,27,71,23
1,40,27,63,23
1,41,27,77,23
1,42,27,83,23
1,43,27,87,23
1,44,27,84,23
1,45,27,72,23
1,46,27,65,23
1,47,27,73,23
1,48,27,86,23
1,49,27,17,23
1,50,27,78,23
1,51,27,67,23
1,52,27,76,23
1,53,27,64,23
1,54,27,69,23
1,55,27,66,23
1,56,27,74,23
1,57,27,80,23
1,58,27,163,23
1,59,27,25,23
1,60,27,8,23
1,61,27,12,23
1,62,27,82,23
1,63,27,2,23
1,64,27,151,23
1,65,27,162,23
1,66,27,24,23
1,67,27,30,23
1,68,27,26,23
1,69,27,13,23
1,70,27,7,23
1,71,27,4,23
1,72,27,21,23
1,73,27,10,23
1,74,27,165,23
1,75,27,27,23
1,76,27,152,23
1,77,27,159,23
1,78,27,32,23
1,79,27,11,23
1,80,27,29,23
1,81,27,28,23
1,82,27,16,23
1,83,27,20,23
1,84,27,145,23
1,85,27,164,23
1,86,27,1,23
1,87,27,150,23
1,88,27,142,23
1,89,27,138,23
1,90,27,156,23
1,91,27,161,23
1,92,27,160,23
1,93,27,158,23
1,94,27,136,23
1,95,27,19,23
1,96,27,132,23
1,97,27,9,23
1,98,27,3,23
1,99,27,31,23
1,100,27,144,23
1,101,27,140,23
1,102,27,137,23
1,103,27,22,23
1,104,27,154,23
1,105,27,166,23
1,106,27,121,23
1,107,27,149,23
1,108,27,14,23
1,109,27,155,23
1,110,27,141,23
1,111,27,15,23
1,112,27,139,23
1,113,27,127,23
1,114,27,147,23
1,115,27,122,23
1,116,27,131,23
1,117,27,18,23
1,118,27,120,23
1,119,27,146,23
1,120,27,5,23
1,121,27,110,23
1,122,27,6,23
1,123,27,157,23
1,124,27,130,23
1,125,27,148,23
1,126,27,109,23
1,127,27,126,23
1,128,27,124,23
1,129,27,135,23
1,130,27,153,23
1,131,27,128,23
1,132,27,134,23
1,133,27,123,23
1,134,27,129,23
1,135,27,111,23
1,136,27,125,23
1,137,27,119,23
1,138,27,105,23
1,139,27,143,23
1,140,27,98,23
1,141,27,99,23
1,142,27,90,23
1,143,27,94,23
1,144,27,96,23
1,145,27,93,23
1,146,27,117,23
1,147,27,89,23
1,148,27,107,23
1,149,27,95,23
1,150,27,103,23
1,151,27,108,23
1,152,27,97,23
1,153,27,104,23
1,154,27,114,23
1,155,27,116,23
1,156,27,92,23
1,157,27,91,23
1,158,27,113,23
1,159,27,133,23
1,160,27,112,23
1,161,27,106,23
1,162,27,101,23
1,163,27,100,23
1,164,27,102,23
1,165,27,115,23
1,166,27,118,23
1,1,28,35,100
1,2,28,40,100
1,3,28,49,100
1,4,28,52,100
1,5,28,41,100
1,6,28,38,100
1,7,28,39,100
1,8,28,58,100
1,9,28,47,100
1,10,28,50,100
1,11,28,57,100
1,12,28,42,100
1,13,28,51,100
1,14,28,56,100
1,15,28,34,100
1,16,28,46,100
1,17,28,61,100
1,18,28,60,100
1,19,28,45,100
1,20,28,54,100
1,21,28,43,100
1,22,28,33,100
1,23,28,55,100
1,24,28,59,100
1,25,28,48,100
1,26,28,53,100
1,27,28,37,100
1,28,28,23,100
1,29,28,44,100
1,30,28,70,100
1,31,28,62,100
1,32,28,81,100
1,33,28,79,100
1,34,28,85,100
1,35,28,36,100
1,36,28,75,100
1,37,28,68,100
1,38,28,88,100
1,39,28,71,100
1,40,28,63,100
1,41,28,77,100
1,42,28,83,100
1,43,28,87,100
1,44,28,84,100
1,45,28,72,100
1,46,28,65,100
1,47,28,73,100
1,48,28,86,100
1,49,28,17,100
1,50,28,78,100
1,51,28,67,100
1,52,28,76,100
1,53,28,64,100
1,54,28,69,100
1,55,28,66,100
1,56,28,74,100
1,57,28,80,100
1,58,28,163,100
1,59,28,25,100
1,60,28,8,100
1,61,28,12,100
1,62,28,82,100
1,63,28,2,100
1,64,28,151,100
1,65,28,162,100
1,66,28,24,100
1,67,28,30,100
1,68,28,26,100
1,69,28,13,100
1,70,28,7,100
1,71,28,4,100
1,72,28,21,100
1,73,28,10,100
1,74,28,165,100
1,75,28,27,100
1,76,28,152,100
1,77,28,159,100
1,78,28,32,100
1,79,28,11,100
1,80,28,29,100
1,81,28,28,100
1,82,28,16,100
1,83,28,20,100
1,84,28,145,100
1,85,28,164,100
1,86,28,1,100
1,87,28,150,100
1,88,28,142,100
1,89,28,138,100
1,90,28,156,100
1,91,28,161,100
1,92,28,160,100
1,93,28,158,100
1,94,28,136,100
1,95,28,19,100
1,96,28,132,100
1,97,28,9,100
1,98,28,3,100
1,99,28,31,100
1,100,28,144,100
1,101,28,140,100
1,102,28,137,100
1,103,28,22,100
1,104,28,154,100
1,105,28,166,100
1,106,28,121,100
1,107,28,149,100
1,108,28,14,100
1,109,28,155,100
1,110,28,141,100
1,111,28,15,100
1,112,28,139,100
1,113,28,127,100
1,114,28,147,100
1,115,28,122,100
1,116,28,131,100
1,117,28,18,100
1,118,28,120,100
1,119,28,146,100
1,120,28,5,100
1,121,28,110,100
1,122,28,6,100
1,123,28,157,100
1,124,28,130,100
1,125,28,148,100
1,126,28,109,100
1,127,28,126,100
1,128,28,124,100
1,129,28,135,100
1,130,28,153,100
1,131,28,128,100
1,132,28,134,100
1,133,28,123,100
1,134,28,129,100
1,135,28,111,100
1,136,28,125,100
1,137,28,119,100
1,138,28,105,100
1,139,28,143,100
1,140,28,98,100
1,141,28,99,100
1,142,28,90,100
1,143,28,94,100
1,144,28,96,100
1,145,28,93,100
1,146,28,117,100
1,147,28,89,100
1,148,28,107,100
1,149,28,95,100
1,150,28,103,100
1,151,28,108,100
1,152,28,97,100
1,153,28,104,100
1,154,28,114,100
1,155,28,116,100
1,156,28,92,100
1,157,28,91,100
1,158,28,113,100
1,159,28,133,100
1,160,28,112,100
1,161,28,106,100
1,162,28,101,100
1,163,28,100,100
1,164,28,102,100
1,165,28,115,100
1,166,28,118,100
1,1,29,35,116
1,2,29,40,116
1,3,29,49,116
1,4,29,52,116
1,5,29,41,116
1,6,29,38,116
1,7,29,39,116
1,8,29,58,116
1,9,29,47,116
1,10,29,50,116
1,11,29,57,116
1,12,29,42,116
1,13,29,51,116
1,14,29,56,116
1,15,29,34,116
1,16,29,46,116
1,17,29,61,116
1,18,29,60,116
1,19,29,45,116
1,20,29,54,116
1,21,29,43,116
1,22,29,33,116
1,23,29,55,116
1,24,29,59,116
1,25,29,48,116
1,26,29,53,116
1,27,29,37,116
1,28,29,23,116
1,29,29,44,116
1,30,29,70,116
1,31,29,62,116
1,32,29,81,116
1,33,29,79,116
1,34,29,85,116
1,35,29,36,116
1,36,29,75,116
1,37,29,68,116
1,38,29,88,116
1,39,29,71,116
1,40,29,63,116
1,41,29,77,116
1,42,29,83,116
1,43,29,87,116
1,44,29,84,116
1,45,29,72,116
1,46,29,65,116
1,47,29,73,116
1,48,29,86,116
1,49,29,17,116
1,50,29,78,116
1,51,29,67,116
1,52,29,76,116
1,53,29,64,116
1,54,29,69,116
1,55,29,66,116
1,56,29,74,116
1,57,29,80,116
1,58,29,163,116
1,59,29,25,116
1,60,29,8,116
1,61,29,12,116
1,62,29,82,116
1,63,29,2,116
1,64,29,151,116
1,65,29,162,116
1,66,29,24,116
1,67,29,30,116
1,68,29,26,116
1,69,29,13,116
1,70,29,7,116
1,71,29,4,116
1,72,29,21,116
1,73,29,10,116
1,74,29,165,116
1,75,29,27,116
1,76,29,152,116
1,77,29,159,116
1,78,29,32,116
1,79,29,11,116
1,80,29,29,116
1,81,29,28,116
1,82,29,16,116
1,83,29,20,116
1,84,29,145,116
1,85,29,164,116
1,86,29,1,116
1,87,29,150,116
1,88,29,142,116
1,89,29,138,116
1,90,29,156,116
1,91,29,161,116
1,92,29,160,116
1,93,29,158,116
1,94,29,136,116
1,95,29,19,116
1,96,29,132,116
1,97,29,9,116
1,98,29,3,116
1,99,29,31,116
1,100,29,144,116
1,101,29,140,116
1,102,29,137,116
1,103,29,22,116
1,104,29,154,116
1,105,29,166,116
1,106,29,121,116
1,107,29,149,116
1,108,29,14,116
1,109,29,155,116
1,110,29,141,116
1,111,29,15,116
1,112,29,139,116
1,113,29,127,116
1,114,29,147,116
1,115,29,122,116
1,116,29,131,116
1,117,29,18,116
1,118,29,120,116
1,119,29,146,116
1,120,29,5,116
1,121,29,110,116
1,122,29,6,116
1,123,29,157,116
1,124,29,130,116
1,125,29,148,116
1,126,29,109,116
1,127,29,126,116
1,128,29,124,116
1,129,29,135,116
1,130,29,153,116
1,131,29,128,116
1,132,29,134,116
1,133,29,123,116
1,134,29,129,116
1,135,29,111,116
1,136,29,125,116
1,137,29,119,116
1,138,29,105,116
1,139,29,143,116
1,140,29,98,116
1,141,29,99,116
1,142,29,90,116
1,143,29,94,116
1,144,29,96,116
1,145,29,93,116
1,146,29,117,116
1,147,29,89,116
1,148,29,107,116
1,149,29,95,116
1,150,29,103,116
1,151,29,108,116
1,152,29,97,116
1,153,29,104,116
1,154,29,114,116
1,155,29,116,116
1,156,29,92,116
1,157,29,91,116
1,158,29,113,116
1,159,29,133,116
1,160,29,112,116
1,161,29,106,116
1,162,29,101,116
1,163,29,100,116
1,164,29,102,116
1,165,29,115,116
1,166,29,118,116
1,1,30,35,33
1,2,30,40,33
1,3,30,49,33
1,4,30,52,33
1,5,30,41,33
1,6,30,38,33
1,7,30,39,33
1,8,30,58,33
1,9,30,47,33
1,10,30,50,33
1,11,30,57,33
1,12,30,42,33
1,13,30,51,33
1,14,30,56,33
1,15,30,34,33
1,16,30,46,33
1,17,30,61,33
1,18,30,60,33
1,19,30,45,33
1,20,30,54,33
1,21,30,43,33
1,22,30,33,33
1,23,30,55,33
1,24,30,59,33
1,25,30,48,33
1,26,30,53,33
1,27,30,37,33
1,28,30,23,33
1,29,30,44,33
1,30,30,70,33
1,31,30,62,33
1,32,30,81,33
1,33,30,79,33
1,34,30,85,33
1,35,30,36,33
1,36,30,75,33
1,37,30,68,33
1,38,30,88,33
1,39,30,71,33
1,40,30,63,33
1,41,30,77,33
1,42,30,83,33
1,43,30,87,33
1,44,30,84,33
1,45,30,72,33
1,46,30,65,33
1,47,30,73,33
1,48,30,86,33
1,49,30,17,33
1,50,30,78,33
1,51,30,67,33
1,52,30,76,33
1,53,30,64,33
1,54,30,69,33
1,55,30,66,33
1,56,30,74,33
1,57,30,80,33
1,58,30,163,33
1,59,30,25,33
1,60,30,8,33
1,61,30,12,33
1,62,30,82,33
1,63,30,2,33
1,64,30,151,33
1,65,30,162,33
1,66,30,24,33
1,67,30,30,33
1,68,30,26,33
1,69,30,13,33
1,70,30,7,33
1,71,30,4,33
1,72,30,21,33
1,73,30,10,33
1,74,30,165,33
1,75,30,27,33
1,76,30,152,33
1,77,30,159,33
1,78,30,32,33
1,79,30,11,33
1,80,30,29,33
1,81,30,28,33
1,82,30,16,33
1,83,30,20,33
1,84,30,145,33
1,85,30,164,33
1,86,30,1,33
1,87,30,150,33
1,88,30,142,33
1,89,30,138,33
1,90,30,156,33
1,91,30,161,33
1,92,30,160,33
1,93,30,158,33
1,94,30,136,33
1,95,30,19,33
1,96,30,132,33
1,97,30,9,33
1,98,30,3,33
1,99,30,31,33
1,100,30,144,33
1,101,30,140,33
1,102,30,137,33
1,103,30,22,33
1,104,30,154,33
1,105,30,166,33
1,106,30,121,33
1,107,30,149,33
1,108,30,14,33
1,109,30,155,33
1,110,30,141,33
1,111,30,15,33
1,112,30,139,33
1,113,30,127,33
1,114,30,147,33
1,115,30,122,33
1,116,30,131,33
1,117,30,18,33
1,118,30,120,33
1,119,30,146,33
1,120,30,5,33
1,121,30,110,33
1,122,30,6,33
1,123,30,157,33
1,124,30,130,33
1,125,30,148,33
1,126,30,109,33
1,127,30,126,33
1,128,30,124,33
1,129,30,135,33
1,130,30,153,33
1,131,30,128,33
1,132,30,134,33
1,133,30,123,33
1,134,30,129,33
1,135,30,111,33
1,136,30,125,33
1,137,30,119,33
1,138,30,105,33
1,139,30,143,33
1,140,30,98,33
1,141,30,99,33
1,142,30,90,33
1,143,30,94,33
1,144,30,96,33
1,145,30,93,33
1,146,30,117,33
1,147,30,89,33
1,148,30,107,33
1,149,30,95,33
1,150,30,103,33
1,151,30,108,33
1,152,30,97,33
1,153,30,104,33
1,154,30,114,33
1,155,30,116,33
1,156,30,92,33
1,157,30,91,33
1,158,30,113,33
1,159,30,133,33
1,160,30,112,33
1,161,30,106,33
1,162,30,101,33
1,163,30,100,33
1,164,30,102,33
1,165,30,115,33
1,166,30,118,33
1,1,31,35,114
1,2,31,40,114
1,3,31,49,114
1,4,31,52,114
1,5,31,41,114
1,6,31,38,114
1,7,31,39,114
1,8,31,58,114
1,9,31,47,114
1,10,31,50,114
1,11,31,57,114
1,12,31,42,114
1,13,31,51,114
1,14,31,56,114
1,15,31,34,114
1,16,31,46,114
1,17,31,61,114
1,18,31,60,114
1,19,31,45,114
1,20,31,54,114
1,21,31,43,114
1,22,31,33,114
1,23,31,55,114
1,24,31,59,114
1,25,31,48,114
1,26,31,53,114
1,27,31,37,114
1,28,31,23,114
1,29,31,44,114
1,30,31,70,114
1,31,31,62,114
1,32,31,81,114
1,33,31,79,114
1,34,31,85,114
1,35,31,36,114
1,36,31,75,114
1,37,31,68,114
1,38,31,88,114
1,39,31,71,114
1,40,31,63,114
1,41,31,77,114
1,42,31,83,114
1,43,31,87,114
1,44,31,84,114
1,45,31,72,114
1,46,31,65,114
1,47,31,73,114
1,48,31,86,114
1,49,31,17,114
1,50,31,78,114
1,51,31,67,114
1,52,31,76,114
1,53,31,64,114
1,54,31,69,114
1,55,31,66,114
1,56,31,74,114
1,57,31,80,114
1,58,31,163,114
1,59,31,25,114
1,60,31,8,114
1,61,31,12,114
1,62,31,82,114
1,63,31,2,114
1,64,31,151,114
1,65,31,162,114
1,66,31,24,114
1,67,31,30,114
1,68,31,26,114
1,69,31,13,114
1,70,31,7,114
1,71,31,4,114
1,72,31,21,114
1,73,31,10,114
1,74,31,165,114
1,75,31,27,114
1,76,31,152,114
1,77,31,159,114
1,78,31,32,114
1,79,31,11,114
1,80,31,29,114
1,81,31,28,114
1,82,31,16,114
1,83,31,20,114
1,84,31,145,114
1,85,31,164,114
1,86,31,1,114
1,87,31,150,114
1,88,31,142,114
1,89,31,138,114
1,90,31,156,114
1,91,31,161,114
1,92,31,160,114
1,93,31,158,114
1,94,31,136,114
1,95,31,19,114
1,96,31,132,114
1,97,31,9,114
1,98,31,3,114
1,99,31,31,114
1,100,31,144,114
1,101,31,140,114
1,102,31,137,114
1,103,31,22,114
1,104,31,154,114
1,105,31,166,114
1,106,31,121,114
1,107,31,149,114
1,108,31,14,114
1,109,31,155,114
1,110,31,141,114
1,111,31,15,114
1,112,31,139,114
1,113,31,127,114
1,114,31,147,114
1,115,31,122,114
1,116,31,131,114
1,117,31,18,114
1,118,31,120,114
1,119,31,146,114
1,120,31,5,114
1,121,31,110,114
1,122,31,6,114
1,123,31,157,114
1,124,31,130,114
1,125,31,148,114
1,126,31,109,114
1,127,31,126,114
1,128,31,124,114
1,129,31,135,114
1,130,31,153,114
1,131,31,128,114
1,132,31,134,114
1,133,31,123,114
1,134,31,129,114
1,135,31,111,114
1,136,31,125,114
1,137,31,119,114
1,138,31,105,114
1,139,31,143,114
1,140,31,98,114
1,141,31,99,114
1,142,31,90,114
1,143,31,94,114
1,144,31,96,114
1,145,31,93,114
1,146,31,117,114
1,147,31,89,114
1,148,31,107,114
1,149,31,95,114
1,150,31,103,114
1,151,31,108,114
1,152,31,97,114
1,153,31,104,114
1,154,31,114,114
1,155,31,116,114
1,156,31,92,114
1,157,31,91,114
1,158,31,113,114
1,159,31,133,114
1,160,31,112,114
1,161,31,106,114
1,162,31,101,114
1,163,31,100,114
1,164,31,102,114
1,165,31,115,114
1,166,31,118,114
1,1,32,35,134
1,2,32,40,134
1,3,32,49,134
1,4,32,52,134
1,5,32,41,134
1,6,32,38,134
1,7,32,39,134
1,8,32,58,134
1,9,32,47,134
1,10,32,50,134
1,11,32,57,134
1,12,32,42,134
1,13,32,51,134
1,14,32,56,134
1,15,32,34,134
1,16,32,46,134
1,17,32,61,134
1,18,32,60,134
1,19,32,45,134
1,20,32,54,134
1,21,32,43,134
1,22,32,33,134
1,23,32,55,134
1,24,32,59,134
1,25,32,48,134
1,26,32,53,134
1,27,32,37,134
1,28,32,23,134
1,29,32,44,134
1,30,32,70,134
1,31,32,62,134
1,32,32,81,134
1,33,32,79,134
1,34,32,85,134
1,35,32,36,134
1,36,32,75,134
1,37,32,68,134
1,38,32,88,134
1,39,32,71,134
1,40,32,63,134
1,41,32,77,134
1,42,32,83,134
1,43,32,87,134
1,44,32,84,134
1,45,32,72,134
1,46,32,65,134
1,47,32,73,134
1,48,32,86,134
1,49,32,17,134
1,50,32,78,134
1,51,32,67,134
1,52,32,76,134
1,53,32,64,134
1,54,32,69,134
1,55,32,66,134
1,56,32,74,134
1,57,32,80,134
1,58,32,163,134
1,59,32,25,134
1,60,32,8,134
1,61,32,12,134
1,62,32,82,134
1,63,32,2,134
1,64,32,151,134
1,65,32,162,134
1,66,32,24,134
1,67,32,30,134
1,68,32,26,134
1,69,32,13,134
1,70,32,7,134
1,71,32,4,134
1,72,32,21,134
1,73,32,10,134
1,74,32,165,134
1,75,32,27,134
1,76,32,152,134
1,77,32,159,134
1,78,32,32,134
1,79,32,11,134
1,80,32,29,134
1,81,32,28,134
1,82,32,16,134
1,83,32,20,134
1,84,32,145,134
1,85,32,164,134
1,86,32,1,134
1,87,32,150,134
1,88,32,142,134
1,89,32,138,134
1,90,32,156,134
1,91,32,161,134
1,92,32,160,134
1,93,32,158,134
1,94,32,136,134
1,95,32,19,134
1,96,32,132,134
1,97,32,9,134
1,98,32,3,134
1,99,32,31,134
1,100,32,144,134
1,101,32,140,134
1,102,32,137,134
1,103,32,22,134
1,104,32,154,134
1,105,32,166,134
1,106,32,121,134
1,107,32,149,134
1,108,32,14,134
1,109,32,155,134
1,110,32,141,134
1,111,32,15,134
1,112,32,139,134
1,113,32,127,134
1,114,32,147,134
1,115,32,122,134
1,116,32,131,134
1,117,32,18,134
1,118,32,120,134
1,119,32,146,134
1,120,32,5,134
1,121,32,110,134
1,122,32,6,134
1,123,32,157,134
1,124,32,130,134
1,125,32,148,134
1,126,32,109,134
1,127,32,126,134
1,128,32,124,134
1,129,32,135,134
1,130,32,153,134
1,131,32,128,134
1,132,32,134,134
1,133,32,123,134
1,134,32,129,134
1,135,32,111,134
1,136,32,125,134
1,137,32,119,134
1,138,32,105,134
1,139,32,143,134
1,140,32,98,134
1,141,32,99,134
1,142,32,90,134
1,143,32,94,134
1,144,32,96,134
1,145,32,93,134
1,146,32,117,134
1,147,32,89,134
1,148,32,107,134
1,149,32,95,134
1,150,32,103,134
1,151,32,108,134
1,152,32,97,134
1,153,32,104,134
1,154,32,114,134
1,155,32,116,134
1,156,32,92,134
1,157,32,91,134
1,158,32,113,134
1,159,32,133,134
1,160,32,112,134
1,161,32,106,134
1,162,32,101,134
1,163,32,100,134
1,164,32,102,134
1,165,32,115,134
1,166,32,118,134
1,1,33,35,68
1,2,33,40,68
1,3,33,49,68
1,4,33,52,68
1,5,33,41,68
1,6,33,38,68
1,7,33,39,68
1,8,33,58,68
1,9,33,47,68
1,10,33,50,68
1,11,33,57,68
1,12,33,42,68
1,13,33,51,68
1,14,33,56,68
1,15,33,34,68
1,16,33,46,68
1,17,33,61,68
1,18,33,60,68
1,19,33,45,68
1,20,33,54,68
1,21,33,43,68
1,22,33,33,68
1,23,33,55,68
1,24,33,59,68
1,25,33,48,68
1,26,33,53,68
1,27,33,37,68
1,28,33,23,68
1,29,33,44,68
1,30,33,70,68
1,31,33,62,68
1,32,33,81,68
1,33,33,79,68
1,34,33,85,68
1,35,33,36,68
1,36,33,75,68
1,37,33,68,68
1,38,33,88,68
1,39,33,71,68
1,40,33,63,68
1,41,33,77,68
1,42,33,83,68
1,43,33,87,68
1,44,33,84,68
1,45,33,72,68
1,46,33,65,68
1,47,33,73,68
1,48,33,86,68
1,49,33,17,68
1,50,33,78,68
1,51,33,67,68
1,52,33,76,68
1,53,33,64,68
1,54,33,69,68
1,55,33,66,68
1,56,33,74,68
1,57,33,80,68
1,58,33,163,68
1,59,33,25,68
1,60,33,8,68
1,61,33,12,68
1,62,33,82,68
1,63,33,2,68
1,64,33,151,68
1,65,33,162,68
1,66,33,24,68
1,67,33,30,68
1,68,33,26,68
1,69,33,13,68
1,70,33,7,68
1,71,33,4,68
1,72,33,21,68
1,73,33,10,68
1,74,33,165,68
1,75,33,27,68
1,76,33,152,68
1,77,33,159,68
1,78,33,32,68
1,79,33,11,68
1,80,33,29,68
1,81,33,28,68
1,82,33,16,68
1,83,33,20,68
1,84,33,145,68
1,85,33,164,68
1,86,33,1,68
1,87,33,150,68
1,88,33,142,68
1,89,33,138,68
1,90,33,156,68
1,91,33,161,68
1,92,33,160,68
1,93,33,158,68
1,94,33,136,68
1,95,33,19,68
1,96,33,132,68
1,97,33,9,68
1,98,33,3,68
1,99,33,31,68
1,100,33,144,68
1,101,33,140,68
1,102,33,137,68
1,103,33,22,68
1,104,33,154,68
1,105,33,166,68
1,106,33,121,68
1,107,33,149,68
1,108,33,14,68
1,109,33,155,68
1,110,33,141,68
1,111,33,15,68
1,112,33,139,68
1,113,33,127,68
1,114,33,147,68
1,115,33,122,68
1,116,33,131,68
1,117,33,18,68
1,118,33,120,68
1,119,33,146,68
1,120,33,5,68
1,121,33,110,68
1,122,33,6,68
1,123,33,157,68
1,124,33,130,68
1,125,33,148,68
1,126,33,109,68
1,127,33,126,68
1,128,33,124,68
1,129,33,135,68
1,130,33,153,68
1,131,33,128,68
1,132,33,134,68
1,133,33,123,68
1,134,33,129,68
1,135,33,111,68
1,136,33,125,68
1,137,33,119,68
1,138,33,105,68
1,139,33,143,68
1,140,33,98,68
1,141,33,99,68
1,142,33,90,68
1,143,33,94,68
1,144,33,96,68
1,145,33,93,68
1,146,33,117,68
1,147,33,89,68
1,148,33,107,68
1,149,33,95,68
1,150,33,103,68
1,151,33,108,68
1,152,33,97,68
1,153,33,104,68
1,154,33,114,68
1,155,33,116,68
1,156,33,92,68
1,157,33,91,68
1,158,33,113,68
1,159,33,133,68
1,160,33,112,68
1,161,33,106,68
1,162,33,101,68
1,163,33,100,68
1,164,33,102,68
1,165,33,115,68
1,166,33,118,68
1,1,34,35,31
1,2,34,40,31
1,3,34,49,31
1,4,34,52,31
1,5,34,41,31
1,6,34,38,31
1,7,34,39,31
1,8,34,58,31
1,9,34,47,31
1,10,34,50,31
1,11,34,57,31
1,12,34,42,31
1,13,34,51,31
1,14,34,56,31
1,15,34,34,31
1,16,34,46,31
1,17,34,61,31
1,18,34,60,31
1,19,34,45,31
1,20,34,54,31
1,21,34,43,31
1,22,34,33,31
1,23,34,55,31
1,24,34,59,31
1,25,34,48,31
1,26,34,53,31
1,27,34,37,31
1,28,34,23,31
1,29,34,44,31
1,30,34,70,31
1,31,34,62,31
1,32,34,81,31
1,33,34,79,31
1,34,34,85,31
1,35,34,36,31
1,36,34,75,31
1,37,34,68,31
1,38,34,88,31
1,39,34,71,31
1,40,34,63,31
1,41,34,77,31
1,42,34,83,31
1,43,34,87,31
1,44,34,84,31
1,45,34,72,31
1,46,34,65,31
1,47,34,73,31
1,48,34,86,31
1,49,34,17,31
1,50,34,78,31
1,51,34,67,31
1,52,34,76,31
1,53,34,64,31
1,54,34,69,31
1,55,34,66,31
1,56,34,74,31
1,57,34,80,31
1,58,34,163,31
1,59,34,25,31
1,60,34,8,31
1,61,34,12,31
1,62,34,82,31
1,63,34,2,31
1,64,34,151,31
1,65,34,162,31
1,66,34,24,31
1,67,34,30,31
1,68,34,26,31
1,69,34,13,31
1,70,34,7,31
1,71,34,4,31
1,72,34,21,31
1,73,34,10,31
1,74,34,165,31
1,75,34,27,31
1,76,34,152,31
1,77,34,159,31
1,78,34,32,31
1,79,34,11,31
1,80,34,29,31
1,81,34,28,31
1,82,34,16,31
1,83,34,20,31
1,84,34,145,31
1,85,34,164,31
1,86,34,1,31
1,87,34,150,31
1,88,34,142,31
1,89,34,138,31
1,90,34,156,31
1,91,34,161,31
1,92,34,160,31
1,93,34,158,31
1,94,34,136,31
1,95,34,19,31
1,96,34,132,31
1,97,34,9,31
1,98,34,3,31
1,99,34,31,31
1,100,34,144,31
1,101,34,140,31
1,102,34,137,31
1,103,34,22,31
1,104,34,154,31
1,105,34,166,31
1,106,34,121,31
1,107,34,149,31
1,108,34,14,31
1,109,34,155,31
1,110,34,141,31
1,111,34,15,31
1,112,34,139,31
1,113,34,127,31
1,114,34,147,31
1,115,34,122,31
1,116,34,131,31
1,117,34,18,31
1,118,34,120,31
1,119,34,146,31
1,120,34,5,31
1,121,34,110,31
1,122,34,6,31
1,123,34,157,31
1,124,34,130,31
1,125,34,148,31
1,126,34,109,31
1,127,34,126,31
1,128,34,124,31
1,129,34,135,31
1,130,34,153,31
1,131,34,128,31
1,132,34,134,31
1,133,34,123,31
1,134,34,129,31
1,135,34,111,31
1,136,34,125,31
1,137,34,119,31
1,138,34,105,31
1,139,34,143,31
1,140,34,98,31
1,141,34,99,31
1,142,34,90,31
1,143,34,94,31
1,144,34,96,31
1,145,34,93,31
1,146,34,117,31
1,147,34,89,31
1,148,34,107,31
1,149,34,95,31
1,150,34,103,31
1,151,34,108,31
1,152,34,97,31
1,153,34,104,31
1,154,34,114,31
1,155,34,116,31
1,156,34,92,31
1,157,34,91,31
1,158,34,113,31
1,159,34,133,31
1,160,34,112,31
1,161,34,106,31
1,162,34,101,31
1,163,34,100,31
1,164,34,102,31
1,165,34,115,31
1,166,34,118,31
1,1,35,35,140
1,2,35,40,140
1,3,35,49,140
1,4,35,52,140
1,5,35,41,140
1,6,35,38,140
1,7,35,39,140
1,8,35,58,140
1,9,35,47,140
1,10,35,50,140
1,11,35,57,140
1,12,35,42,140
1,13,35,51,140
1,14,35,56,140
1,15,35,34,140
1,16,35,46,140
1,17,35,61,140
1,18,35,60,140
1,19,35,45,140
1,20,35,54,140
1,21,35,43,140
1,22,35,33,140
1,23,35,55,140
1,24,35,59,140
1,25,35,48,140
1,26,35,53,140
1,27,35,37,140
1,28,35,23,140
1,29,35,44,140
1,30,35,70,140
1,31,35,62,140
1,32,35,81,140
1,33,35,79,140
1,34,35,85,140
1,35,35,36,140
1,36,35,75,140
1,37,35,68,140
1,38,35,88,140
1,39,35,71,140
1,40,35,63,140
1,41,35,77,140
1,42,35,83,140
1,43,35,87,140
1,44,35,84,140
1,45,35,72,140
1,46,35,65,140
1,47,35,73,140
1,48,35,86,140
1,49,35,17,140
1,50,35,78,140
1,51,35,67,140
1,52,35,76,140
1,53,35,64,140
1,54,35,69,140
1,55,35,66,140
1,56,35,74,140
1,57,35,80,140
1,58,35,163,140
1,59,35,25,140
1,60,35,8,140
1,61,35,12,140
1,62,35,82,140
1,63,35,2,140
1,64,35,151,140
1,65,35,162,140
1,66,35,24,140
1,67,35,30,140
1,68,35,26,140
1,69,35,13,140
1,70,35,7,140
1,71,35,4,140
1,72,35,21,140
1,73,35,10,140
1,74,35,165,140
1,75,35,27,140
1,76,35,152,140
1,77,35,159,140
1,78,35,32,140
1,79,35,11,140
1,80,35,29,140
1,81,35,28,140
1,82,35,16,140
1,83,35,20,140
1,84,35,145,140
1,85,35,164,140
1,86,35,1,140
1,87,35,150,140
1,88,35,142,140
1,89,35,138,140
1,90,35,156,140
1,91,35,161,140
1,92,35,160,140
1,93,35,158,140
1,94,35,136,140
1,95,35,19,140
1,96,35,132,140
1,97,35,9,140
1,98,35,3,140
1,99,35,31,140
1,100,35,144,140
1,101,35,140,140
1,102,35,137,140
1,103,35,22,140
1,104,35,154,140
1,105,35,166,140
1,106,35,121,140
1,107,35,149,140
1,108,35,14,140
1,109,35,155,140
1,110,35,141,140
1,111,35,15,140
1,112,35,139,140
1,113,35,127,140
1,114,35,147,140
1,115,35,122,140
1,116,35,131,140
1,117,35,18,140
1,118,35,120,140
1,119,35,146,140
1,120,35,5,140
1,121,35,110,140
1,122,35,6,140
1,123,35,157,140
1,124,35,130,140
1,125,35,148,140
1,126,35,109,140
1,127,35,126,140
1,128,35,124,140
1,129,35,135,140
1,130,35,153,140
1,131,35,128,140
1,132,35,134,140
1,133,35,123,140
1,134,35,129,140
1,135,35,111,140
1,136,35,125,140
1,137,35,119,140
1,138,35,105,140
1,139,35,143,140
1,140,35,98,140
1,141,35,99,140
1,142,35,90,140
1,143,35,94,140
1,144,35,96,140
1,145,35,93,140
1,146,35,117,140
1,147,35,89,140
1,148,35,107,140
1,149,35,95,140
1,150,35,103,140
1,151,35,108,140
1,152,35,97,140
1,153,35,104,140
1,154,35,114,140
1,155,35,116,140
1,156,35,92,140
1,157,35,91,140
1,158,35,113,140
1,159,35,133,140
1,160,35,112,140
1,161,35,106,140
1,162,35,101,140
1,163,35,100,140
1,164,35,102,140
1,165,35,115,140
1,166,35,118,140
1,1,36,35,112
1,2,36,40,112
1,3,36,49,112
1,4,36,52,112
1,5,36,41,112
1,6,36,38,112
1,7,36,39,112
1,8,36,58,112
1,9,36,47,112
1,10,36,50,112
1,11,36,57,112
1,12,36,42,112
1,13,36,51,112
1,14,36,56,112
1,15,36,34,112
1,16,36,46,112
1,17,36,61,112
1,18,36,60,112
1,19,36,45,112
1,20,36,54,112
1,21,36,43,112
1,22,36,33,112
1,23,36,55,112
1,24,36,59,112
1,25,36,48,112
1,26,36,53,112
1,27,36,37,112
1,28,36,23,112
1,29,36,44,112
1,30,36,70,112
1,31,36,62,112
1,32,36,81,112
1,33,36,79,112
1,34,36,85,112
1,35,36,36,112
1,36,36,75,112
1,37,36,68,112
1,38,36,88,112
1,39,36,71,112
1,40,36,63,112
1,41,36,77,112
1,42,36,83,112
1,43,36,87,112
1,44,36,84,112
1,45,36,72,112
1,46,36,65,112
1,47,36,73,112
1,48,36,86,112
1,49,36,17,112
1,50,36,78,112
1,51,36,67,112
1,52,36,76,112
1,53,36,64,112
1,54,36,69,112
1,55,36,66,112
1,56,36,74,112
1,57,36,80,112
1,58,36,163,112
1,59,36,25,112
1,60,36,8,112
1,61,36,12,112
1,62,36,82,112
1,63,36,2,112
1,64,36,151,112
1,65,36,162,112
1,66,36,24,112
1,67,36,30,112
1,68,36,26,112
1,69,36,13,112
1,70,36,7,112
1,71,36,4,112
1,72,36,21,112
1,73,36,10,112
1,74,36,165,112
1,75,36,27,112
1,76,36,152,112
1,77,36,159,112
1,78,36,32,112
1,79,36,11,112
1,80,36,29,112
1,81,36,28,112
1,82,36,16,112
1,83,36,20,112
1,84,36,145,112
1,85,36,164,112
1,86,36,1,112
1,87,36,150,112
1,88,36,142,112
1,89,36,138,112
1,90,36,156,112
1,91,36,161,112
1,92,36,160,112
1,93,36,158,112
1,94,36,136,112
1,95,36,19,112
1,96,36,132,112
1,97,36,9,112
1,98,36,3,112
1,99,36,31,112
1,100,36,144,112
1,101,36,140,112
1,102,36,137,112
1,103,36,22,112
1,104,36,154,112
1,105,36,166,112
1,106,36,121,112
1,107,36,149,112
1,108,36,14,112
1,109,36,155,112
1,110,36,141,112
1,111,36,15,112
1,112,36,139,112
1,113,36,127,112
1,114,36,147,112
1,115,36,122,112
1,116,36,131,112
1,117,36,18,112
1,118,36,120,112
1,119,36,146,112
1,120,36,5,112
1,121,36,110,112
1,122,36,6,112
1,123,36,157,112
1,124,36,130,112
1,125,36,148,112
1,126,36,109,112
1,127,36,126,112
1,128,36,124,112
1,129,36,135,112
1,130,36,153,112
1,131,36,128,112
1,132,36,134,112
1,133,36,123,112
1,134,36,129,112
1,135,36,111,112
1,136,36,125,112
1,137,36,119,112
1,138,36,105,112
1,139,36,143,112
1,140,36,98,112
1,141,36,99,112
1,142,36,90,112
1,143,36,94,112
1,144,36,96,112
1,145,36,93,112
1,146,36,117,112
1,147,36,89,112
1,148,36,107,112
1,149,36,95,112
1,150,36,103,112
1,151,36,108,112
1,152,36,97,112
1,153,36,104,112
1,154,36,114,112
1,155,36,116,112
1,156,36,92,112
1,157,36,91,112
1,158,36,113,112
1,159,36,133,112
1,160,36,112,112
1,161,36,106,112
1,162,36,101,112
1,163,36,100,112
1,164,36,102,112
1,165,36,115,112
1,166,36,118,112
1,1,37,35,125
1,2,37,40,125
1,3,37,49,125
1,4,37,52,125
1,5,37,41,125
1,6,37,38,125
1,7,37,39,125
1,8,37,58,125
1,9,37,47,125
1,10,37,50,125
1,11,37,57,125
1,12,37,42,125
1,13,37,51,125
1,14,37,56,125
1,15,37,34,125
1,16,37,46,125
1,17,37,61,125
1,18,37,60,125
1,19,37,45,125
1,20,37,54,125
1,21,37,43,125
1,22,37,33,125
1,23,37,55,125
1,24,37,59,125
1,25,37,48,125
1,26,37,53,125
1,27,37,37,125
1,28,37,23,125
1,29,37,44,125
1,30,37,70,125
1,31,37,62,125
1,32,37,81,125
1,33,37,79,125
1,34,37,85,125
1,35,37,36,125
1,36,37,75,125
1,37,37,68,125
1,38,37,88,125
1,39,37,71,125
1,40,37,63,125
1,41,37,77,125
1,42,37,83,125
1,43,37,87,125
1,44,37,84,125
1,45,37,72,125
1,46,37,65,125
1,47,37,73,125
1,48,37,86,125
1,49,37,17,125
1,50,37,78,125
1,51,37,67,125
1,52,37,76,125
1,53,37,64,125
1,54,37,69,125
1,55,37,66,125
1,56,37,74,125
1,57,37,80,125
9,58,37,163,125
9,59,37,25,125
9,60,37,8,125
9,61,37,12,125
9,62,37,82,125
9,63,37,2,125
9,64,37,151,125
9,65,37,162,125
9,66,37,24,125
9,67,37,30,125
9,68,37,26,125
9,69,37,13,125
9,70,37,7,125
9,71,37,4,125
1,72,37,21,125
1,73,37,10,125
1,74,37,165,125
1,75,37,27,125
1,76,37,152,125
1,77,37,159,125
1,78,37,32,125
1,79,37,11,125
1,80,37,29,125
1,81,37,28,125
1,82,37,16,125
1,83,37,20,125
1,84,37,145,125
1,85,37,164,125
1,86,37,1,125
1,87,37,150,125
1,88,37,142,125
1,89,37,138,125
1,90,37,156,125
1,91,37,161,125
1,92,37,160,125
1,93,37,158,125
1,94,37,136,125
1,95,37,19,125
1,96,37,132,125
1,97,37,9,125
1,98,37,3,125
1,99,37,31,125
1,100,37,144,125
1,101,37,140,125
1,102,37,137,125
1,103,37,22,125
1,104,37,154,125
1,105,37,166,125
1,106,37,121,125
1,107,37,149,125
1,108,37,14,125
1,109,37,155,125
1,110,37,141,125
1,111,37,15,125
1,112,37,139,125
1,113,37,127,125
14,114,37,147,125
14,115,37,122,125
14,116,37,131,125
1,117,37,18,125
1,118,37,120,125
1,119,37,146,125
1,120,37,5,125
1,121,37,110,125
1,122,37,6,125
1,123,37,157,125
1,124,37,130,125
1,125,37,148,125
1,126,37,109,125
1,127,37,126,125
1,128,37,124,125
1,129,37,135,125
1,130,37,153,125
1,131,37,128,125
1,132,37,134,125
1,133,37,123,125
1,134,37,129,125
1,135,37,111,125
1,136,37,125,125
1,137,37,119,125
1,138,37,105,125
1,139,37,143,125
1,140,37,98,125
1,141,37,99,125
1,142,37,90,125
1,143,37,94,125
1,144,37,96,125
1,145,37,93,125
1,146,37,117,125
1,147,37,89,125
1,148,37,107,125
1,149,37,95,125
1,150,37,103,125
1,151,37,108,125
1,152,37,97,125
1,153,37,104,125
1,154,37,114,125
1,155,37,116,125
1,156,37,92,125
1,157,37,91,125
1,158,37,113,125
1,159,37,133,125
1,160,37,112,125
1,161,37,106,125
1,162,37,101,125
1,163,37,100,125
1,164,37,102,125
1,165,37,115,125
1,166,37,118,125
1,1,38,35,35
1,2,38,40,35
1,3,38,49,35
1,4,38,52,35
1,5,38,41,35
1,6,38,38,35
1,7,38,39,35
1,8,38,58,35
1,9,38,47,35
1,10,38,50,35
1,11,38,57,35
1,12,38,42,35
1,13,38,51,35
1,14,38,56,35
1,15,38,34,35
1,16,38,46,35
1,17,38,61,35
1,18,38,60,35
1,19,38,45,35
1,20,38,54,35
1,21,38,43,35
1,22,38,33,35
1,23,38,55,35
1,24,38,59,35
1,25,38,48,35
1,26,38,53,35
1,27,38,37,35
1,28,38,23,35
1,29,38,44,35
1,30,38,70,35
1,31,38,62,35
1,32,38,81,35
1,33,38,79,35
1,34,38,85,35
1,35,38,36,35
1,36,38,75,35
1,37,38,68,35
1,38,38,88,35
1,39,38,71,35
1,40,38,63,35
1,41,38,77,35
1,42,38,83,35
1,43,38,87,35
1,44,38,84,35
1,45,38,72,35
1,46,38,65,35
1,47,38,73,35
1,48,38,86,35
1,49,38,17,35
1,50,38,78,35
1,51,38,67,35
1,52,38,76,35
1,53,38,64,35
1,54,38,69,35
1,55,38,66,35
1,56,38,74,35
1,57,38,80,35
1,58,38,163,35
1,59,38,25,35
1,60,38,8,35
1,61,38,12,35
1,62,38,82,35
1,63,38,2,35
1,64,38,151,35
1,65,38,162,35
1,66,38,24,35
1,67,38,30,35
1,68,38,26,35
1,69,38,13,35
1,70,38,7,35
1,71,38,4,35
1,72,38,21,35
1,73,38,10,35
1,74,38,165,35
1,75,38,27,35
1,76,38,152,35
1,77,38,159,35
1,78,38,32,35
1,79,38,11,35
1,80,38,29,35
1,81,38,28,35
1,82,38,16,35
1,83,38,20,35
1,84,38,145,35
1,85,38,164,35
1,86,38,1,35
1,87,38,150,35
1,88,38,142,35
1,89,38,138,35
1,90,38,156,35
1,91,38,161,35
1,92,38,160,35
1,93,38,158,35
1,94,38,136,35
1,95,38,19,35
1,96,38,132,35
1,97,38,9,35
1,98,38,3,35
1,99,38,31,35
1,100,38,144,35
1,101,38,140,35
1,102,38,137,35
1,103,38,22,35
1,104,38,154,35
1,105,38,166,35
1,106,38,121,35
1,107,38,149,35
1,108,38,14,35
1,109,38,155,35
1,110,38,141,35
1,111,38,15,35
1,112,38,139,35
1,113,38,127,35
14,114,38,147,35
14,115,38,122,35
14,116,38,131,35
1,117,38,18,35
1,118,38,120,35
1,119,38,146,35
1,120,38,5,35
1,121,38,110,35
1,122,38,6,35
1,123,38,157,35
1,124,38,130,35
1,125,38,148,35
1,126,38,109,35
1,127,38,126,35
1,128,38,124,35
1,129,38,135,35
1,130,38,153,35
1,131,38,128,35
1,132,38,134,35
1,133,38,123,35
1,134,38,129,35
1,135,38,111,35
1,136,38,125,35
1,137,38,119,35
1,138,38,105,35
1,139,38,143,35
1,140,38,98,35
1,141,38,99,35
1,142,38,90,35
1,143,38,94,35
1,144,38,96,35
1,145,38,93,35
1,146,38,117,35
1,147,38,89,35
1,148,38,107,35
1,149,38,95,35
1,150,38,103,35
1,151,38,108,35
1,152,38,97,35
1,153,38,104,35
1,154,38,114,35
1,155,38,116,35
1,156,38,92,35
1,157,38,91,35
1,158,38,113,35
1,159,38,133,35
1,160,38,112,35
1,161,38,106,35
1,162,38,101,35
1,163,38,100,35
1,164,38,102,35
1,165,38,115,35
1,166,38,118,35
1,1,39,35,105
1,2,39,40,105
1,3,39,49,105
1,4,39,52,105
1,5,39,41,105
1,6,39,38,105
1,7,39,39,105
1,8,39,58,105
1,9,39,47,105
1,10,39,50,105
1,11,39,57,105
1,12,39,42,105
1,13,39,51,105
1,14,39,56,105
1,15,39,34,105
1,16,39,46,105
1,17,39,61,105
1,18,39,60,105
1,19,39,45,105
1,20,39,54,105
1,21,39,43,105
1,22,39,33,105
1,23,39,55,105
1,24,39,59,105
1,25,39,48,105
1,26,39,53,105
1,27,39,37,105
1,28,39,23,105
1,29,39,44,105
1,30,39,70,105
1,31,39,62,105
1,32,39,81,105
1,33,39,79,105
1,34,39,85,105
1,35,39,36,105
1,36,39,75,105
1,37,39,68,105
1,38,39,88,105
1,39,39,71,105
1,40,39,63,105
1,41,39,77,105
1,42,39,83,105
1,43,39,87,105
1,44,39,84,105
1,45,39,72,105
1,46,39,65,105
1,47,39,73,105
1,48,39,86,105
1,49,39,17,105
1,50,39,78,105
1,51,39,67,105
1,52,39,76,105
1,53,39,64,105
1,54,39,69,105
1,55,39,66,105
1,56,39,74,105
1,57,39,80,105
1,58,39,163,105
1,59,39,25,105
1,60,39,8,105
1,61,39,12,105
1,62,39,82,105
1,63,39,2,105
1,64,39,151,105
1,65,39,162,105
1,66,39,24,105
1,67,39,30,105
1,68,39,26,105
1,69,39,13,105
1,70,39,7,105
1,71,39,4,105
1,72,39,21,105
1,73,39,10,105
1,74,39,165,105
1,75,39,27,105
1,76,39,152,105
1,77,39,159,105
1,78,39,32,105
1,79,39,11,105
1,80,39,29,105
1,81,39,28,105
1,82,39,16,105
1,83,39,20,105
1,84,39,145,105
1,85,39,164,105
1,86,39,1,105
1,87,39,150,105
1,88,39,142,105
1,89,39,138,105
1,90,39,156,105
1,91,39,161,105
1,92,39,160,105
1,93,39,158,105
1,94,39,136,105
1,95,39,19,105
1,96,39,132,105
1,97,39,9,105
1,98,39,3,105
1,99,39,31,105
1,100,39,144,105
1,101,39,140,105
1,102,39,137,105
1,103,39,22,105
1,104,39,154,105
1,105,39,166,105
1,106,39,121,105
1,107,39,149,105
1,108,39,14,105
1,109,39,155,105
1,110,39,141,105
1,111,39,15,105
1,112,39,139,105
1,113,39,127,105
14,114,39,147,105
14,115,39,122,105
14,116,39,131,105
1,117,39,18,105
1,118,39,120,105
1,119,39,146,105
1,120,39,5,105
1,121,39,110,105
1,122,39,6,105
1,123,39,157,105
1,124,39,130,105
1,125,39,148,105
1,126,39,109,105
1,127,39,126,105
1,128,39,124,105
1,129,39,135,105
1,130,39,153,105
1,131,39,128,105
1,132,39,134,105
1,133,39,123,105
1,134,39,129,105
1,135,39,111,105
1,136,39,125,105
1,137,39,119,105
1,138,39,105,105
1,139,39,143,105
1,140,39,98,105
1,141,39,99,105
1,142,39,90,105
1,143,39,94,105
1,144,39,96,105
1,145,39,93,105
1,146,39,117,105
1,147,39,89,105
1,148,39,107,105
1,149,39,95,105
1,150,39,103,105
1,151,39,108,105
1,152,39,97,105
1,153,39,104,105
1,154,39,114,105
1,155,39,116,105
1,156,39,92,105
1,157,39,91,105
1,158,39,113,105
1,159,39,133,105
1,160,39,112,105
1,161,39,106,105
1,162,39,101,105
1,163,39,100,105
1,164,39,102,105
1,165,39,115,105
1,166,39,118,105
1,1,40,35,75
1,2,40,40,75
1,3,40,49,75
1,4,40,52,75
1,5,40,41,75
1,6,40,38,75
1,7,40,39,75
1,8,40,58,75
1,9,40,47,75
1,10,40,50,75
1,11,40,57,75
1,12,40,42,75
1,13,40,51,75
1,14,40,56,75
1,15,40,34,75
1,16,40,46,75
1,17,40,61,75
1,18,40,60,75
1,19,40,45,75
1,20,40,54,75
1,21,40,43,75
1,22,40,33,75
1,23,40,55,75
1,24,40,59,75
1,25,40,48,75
1,26,40,53,75
1,27,40,37,75
1,28,40,23,75
1,29,40,44,75
1,30,40,70,75
1,31,40,62,75
1,32,40,81,75
1,33,40,79,75
1,34,40,85,75
1,35,40,36,75
1,36,40,75,75
1,37,40,68,75
1,38,40,88,75
1,39,40,71,75
1,40,40,63,75
1,41,40,77,75
1,42,40,83,75
1,43,40,87,75
1,44,40,84,75
1,45,40,72,75
1,46,40,65,75
1,47,40,73,75
1,48,40,86,75
1,49,40,17,75
1,50,40,78,75
1,51,40,67,75
1,52,40,76,75
1,53,40,64,75
1,54,40,69,75
1,55,40,66,75
1,56,40,74,75
1,57,40,80,75
1,58,40,163,75
1,59,40,25,75
1,60,40,8,75
1,61,40,12,75
1,62,40,82,75
1,63,40,2,75
1,64,40,151,75
1,65,40,162,75
1,66,40,24,75
1,67,40,30,75
1,68,40,26,75
1,69,40,13,75
1,70,40,7,75
1,71,40,4,75
1,72,40,21,75
1,73,40,10,75
1,74,40,165,75
1,75,40,27,75
1,76,40,152,75
1,77,40,159,75
1,78,40,32,75
1,79,40,11,75
1,80,40,29,75
1,81,40,28,75
1,82,40,16,75
1,83,40,20,75
1,84,40,145,75
1,85,40,164,75
1,86,40,1,75
1,87,40,150,75
1,88,40,142,75
1,89,40,138,75
1,90,40,156,75
1,91,40,161,75
1,92,40,160,75
1,93,40,158,75
1,94,40,136,75
1,95,40,19,75
1,96,40,132,75
1,97,40,9,75
1,98,40,3,75
1,99,40,31,75
1,100,40,144,75
1,101,40,140,75
1,102,40,137,75
1,103,40,22,75
1,104,40,154,75
1,105,40,166,75
1,106,40,121,75
1,107,40,149,75
1,108,40,14,75
1,109,40,155,75
1,110,40,141,75
1,111,40,15,75
1,112,40,139,75
1,113,40,127,75
14,114,40,147,75
14,115,40,122,75
14,116,40,131,75
1,117,40,18,75
1,118,40,120,75
1,119,40,146,75
1,120,40,5,75
1,121,40,110,75
1,122,40,6,75
1,123,40,157,75
1,124,40,130,75
1,125,40,148,75
1,126,40,109,75
1,127,40,126,75
1,128,40,124,75
1,129,40,135,75
1,130,40,153,75
1,131,40,128,75
1,132,40,134,75
1,133,40,123,75
1,134,40,129,75
1,135,40,111,75
1,136,40,125,75
1,137,40,119,75
1,138,40,105,75
1,139,40,143,75
1,140,40,98,75
1,141,40,99,75
1,142,40,90,75
1,143,40,94,75
1,144,40,96,75
1,145,40,93,75
1,146,40,117,75
1,147,40,89,75
1,148,40,107,75
1,149,40,95,75
1,150,40,103,75
1,151,40,108,75
1,152,40,97,75
1,153,40,104,75
1,154,40,114,75
1,155,40,116,75
1,156,40,92,75
1,157,40,91,75
1,158,40,113,75
1,159,40,133,75
1,160,40,112,75
1,161,40,106,75
1,162,40,101,75
1,163,40,100,75
1,164,40,102,75
1,165,40,115,75
1,166,40,118,75
1,1,41,35,79
1,2,41,40,79
1,3,41,49,79
1,4,41,52,79
1,5,41,41,79
1,6,41,38,79
1,7,41,39,79
1,8,41,58,79
1,9,41,47,79
1,10,41,50,79
1,11,41,57,79
1,12,41,42,79
1,13,41,51,79
1,14,41,56,79
1,15,41,34,79
1,16,41,46,79
1,17,41,61,79
1,18,41,60,79
1,19,41,45,79
1,20,41,54,79
1,21,41,43,79
1,22,41,33,79
1,23,41,55,79
1,24,41,59,79
1,25,41,48,79
1,26,41,53,79
1,27,41,37,79
1,28,41,23,79
1,29,41,44,79
1,30,41,70,79
1,31,41,62,79
1,32,41,81,79
1,33,41,79,79
1,34,41,85,79
1,35,41,36,79
1,36,41,75,79
1,37,41,68,79
1,38,41,88,79
1,39,41,71,79
1,40,41,63,79
1,41,41,77,79
1,42,41,83,79
1,43,41,87,79
1,44,41,84,79
1,45,41,72,79
1,46,41,65,79
1,47,41,73,79
1,48,41,86,79
1,49,41,17,79
1,50,41,78,79
1,51,41,67,79
1,52,41,76,79
1,53,41,64,79
1,54,41,69,79
1,55,41,66,79
1,56,41,74,79
1,57,41,80,79
1,58,41,163,79
1,59,41,25,79
1,60,41,8,79
1,61,41,12,79
1,62,41,82,79
1,63,41,2,79
1,64,41,151,79
1,65,41,162,79
1,66,41,24,79
1,67,41,30,79
1,68,41,26,79
1,69,41,13,79
1,70,41,7,79
1,71,41,4,79
1,72,41,21,79
1,73,41,10,79
1,74,41,165,79
1,75,41,27,79
1,76,41,152,79
1,77,41,159,79
1,78,41,32,79
1,79,41,11,79
1,80,41,29,79
1,81,41,28,79
1,82,41,16,79
1,83,41,20,79
1,84,41,145,79
1,85,41,164,79
1,86,41,1,79
1,87,41,150,79
1,88,41,142,79
1,89,41,138,79
1,90,41,156,79
1,91,41,161,79
1,92,41,160,79
1,93,41,158,79
1,94,41,136,79
1,95,41,19,79
1,96,41,132,79
1,97,41,9,79
1,98,41,3,79
1,99,41,31,79
1,100,41,144,79
1,101,41,140,79
1,102,41,137,79
1,103,41,22,79
1,104,41,154,79
1,105,41,166,79
1,106,41,121,79
1,107,41,149,79
1,108,41,14,79
1,109,41,155,79
1,110,41,141,79
1,111,41,15,79
1,112,41,139,79
1,113,41,127,79
14,114,41,147,79
14,115,41,122,79
14,116,41,131,79
1,117,41,18,79
1,118,41,120,79
1,119,41,146,79
1,120,41,5,79
1,121,41,110,79
1,122,41,6,79
1,123,41,157,79
1,124,41,130,79
1,125,41,148,79
1,126,41,109,79
1,127,41,126,79
1,128,41,124,79
1,129,41,135,79
1,130,41,153,79
1,131,41,128,79
1,132,41,134,79
1,133,41,123,79
1,134,41,129,79
1,135,41,111,79
1,136,41,125,79
1,137,41,119,79
1,138,41,105,79
1,139,41,143,79
1,140,41,98,79
1,141,41,99,79
1,142,41,90,79
1,143,41,94,79
1,144,41,96,79
1,145,41,93,79
1,146,41,117,79
1,147,41,89,79
1,148,41,107,79
1,149,41,95,79
1,150,41,103,79
1,151,41,108,79
1,152,41,97,79
1,153,41,104,79
1,154,41,114,79
1,155,41,116,79
1,156,41,92,79
1,157,41,91,79
1,158,41,113,79
1,159,41,133,79
1,160,41,112,79
1,161,41,106,79
1,162,41,101,79
1,163,41,100,79
1,164,41,102,79
1,165,41,115,79
1,166,41,118,79
1,1,42,35,144
1,2,42,40,144
1,3,42,49,144
1,4,42,52,144
1,5,42,41,144
1,6,42,38,144
1,7,42,39,144
1,8,42,58,144
1,9,42,47,144
1,10,42,50,144
1,11,42,57,144
1,12,42,42,144
1,13,42,51,144
1,14,42,56,144
1,15,42,34,144
1,16,42,46,144
1,17,42,61,144
1,18,42,60,144
1,19,42,45,144
1,20,42,54,144
1,21,42,43,144
1,22,42,33,144
1,23,42,55,144
1,24,42,59,144
1,25,42,48,144
1,26,42,53,144
1,27,42,37,144
1,28,42,23,144
1,29,42,44,144
1,30,42,70,144
1,31,42,62,144
1,32,42,81,144
1,33,42,79,144
1,34,42,85,144
1,35,42,36,144
1,36,42,75,144
1,37,42,68,144
1,38,42,88,144
1,39,42,71,144
1,40,42,63,144
1,41,42,77,144
1,42,42,83,144
1,43,42,87,144
1,44,42,84,144
1,45,42,72,144
1,46,42,65,144
1,47,42,73,144
1,48,42,86,144
1,49,42,17,144
1,50,42,78,144
1,51,42,67,144
1,52,42,76,144
1,53,42,64,144
1,54,42,69,144
1,55,42,66,144
1,56,42,74,144
1,57,42,80,144
1,58,42,163,144
1,59,42,25,144
1,60,42,8,144
1,61,42,12,144
1,62,42,82,144
1,63,42,2,144
1,64,42,151,144
1,65,42,162,144
1,66,42,24,144
1,67,42,30,144
1,68,42,26,144
1,69,42,13,144
1,70,42,7,144
1,71,42,4,144
1,72,42,21,144
1,73,42,10,144
1,74,42,165,144
1,75,42,27,144
1,76,42,152,144
1,77,42,159,144
1,78,42,32,144
1,79,42,11,144
1,80,42,29,144
1,81,42,28,144
1,82,42,16,144
1,83,42,20,144
1,84,42,145,144
1,85,42,164,144
1,86,42,1,144
1,87,42,150,144
1,88,42,142,144
1,89,42,138,144
1,90,42,156,144
1,91,42,161,144
1,92,42,160,144
1,93,42,158,144
1,94,42,136,144
1,95,42,19,144
1,96,42,132,144
1,97,42,9,144
1,98,42,3,144
1,99,42,31,144
1,100,42,144,144
1,101,42,140,144
1,102,42,137,144
1,103,42,22,144
1,104,42,154,144
1,105,42,166,144
1,106,42,121,144
1,107,42,149,144
1,108,42,14,144
1,109,42,155,144
1,110,42,141,144
1,111,42,15,144
1,112,42,139,144
1,113,42,127,144
1,114,42,147,144
1,115,42,122,144
1,116,42,131,144
1,117,42,18,144
1,118,42,120,144
1,119,42,146,144
1,120,42,5,144
1,121,42,110,144
1,122,42,6,144
1,123,42,157,144
1,124,42,130,144
1,125,42,148,144
1,126,42,109,144
1,127,42,126,144
1,128,42,124,144
1,129,42,135,144
1,130,42,153,144
1,131,42,128,144
1,132,42,134,144
1,133,42,123,144
1,134,42,129,144
1,135,42,111,144
1,136,42,125,144
1,137,42,119,144
1,138,42,105,144
1,139,42,143,144
1,140,42,98,144
1,141,42,99,144
1,142,42,90,144
1,143,42,94,144
1,144,42,96,144
1,145,42,93,144
1,146,42,117,144
1,147,42,89,144
1,148,42,107,144
1,149,42,95,144
1,150,42,103,144
1,151,42,108,144
1,152,42,97,144
1,153,42,104,144
1,154,42,114,144
1,155,42,116,144
1,156,42,92,144
1,157,42,91,144
1,158,42,113,144
1,159,42,133,144
1,160,42,112,144
1,161,42,106,144
1,162,42,101,144
1,163,42,100,144
1,164,42,102,144
1,165,42,115,144
1,166,42,118,144
1,1,43,35,6
1,2,43,40,6
1,3,43,49,6
1,4,43,52,6
1,5,43,41,6
1,6,43,38,6
1,7,43,39,6
1,8,43,58,6
1,9,43,47,6
1,10,43,50,6
1,11,43,57,6
1,12,43,42,6
1,13,43,51,6
1,14,43,56,6
1,15,43,34,6
1,16,43,46,6
1,17,43,61,6
1,18,43,60,6
1,19,43,45,6
1,20,43,54,6
1,21,43,43,6
1,22,43,33,6
1,23,43,55,6
1,24,43,59,6
1,25,43,48,6
1,26,43,53,6
1,27,43,37,6
1,28,43,23,6
1,29,43,44,6
1,30,43,70,6
1,31,43,62,6
1,32,43,81,6
1,33,43,79,6
1,34,43,85,6
1,35,43,36,6
1,36,43,75,6
1,37,43,68,6
1,38,43,88,6
1,39,43,71,6
1,40,43,63,6
1,41,43,77,6
1,42,43,83,6
1,43,43,87,6
1,44,43,84,6
1,45,43,72,6
1,46,43,65,6
1,47,43,73,6
1,48,43,86,6
1,49,43,17,6
1,50,43,78,6
1,51,43,67,6
1,52,43,76,6
1,53,43,64,6
1,54,43,69,6
1,55,43,66,6
1,56,43,74,6
1,57,43,80,6
1,58,43,163,6
1,59,43,25,6
1,60,43,8,6
1,61,43,12,6
1,62,43,82,6
1,63,43,2,6
1,64,43,151,6
1,65,43,162,6
1,66,43,24,6
1,67,43,30,6
1,68,43,26,6
1,69,43,13,6
1,70,43,7,6
1,71,43,4,6
1,72,43,21,6
1,73,43,10,6
1,74,43,165,6
1,75,43,27,6
1,76,43,152,6
1,77,43,159,6
1,78,43,32,6
1,79,43,11,6
1,80,43,29,6
1,81,43,28,6
1,82,43,16,6
1,83,43,20,6
1,84,43,145,6
1,85,43,164,6
1,86,43,1,6
1,87,43,150,6
1,88,43,142,6
1,89,43,138,6
1,90,43,156,6
1,91,43,161,6
1,92,43,160,6
1,93,43,158,6
1,94,43,136,6
1,95,43,19,6
1,96,43,132,6
1,97,43,9,6
1,98,43,3,6
1,99,43,31,6
1,100,43,144,6
1,101,43,140,6
1,102,43,137,6
1,103,43,22,6
1,104,43,154,6
1,105,43,166,6
1,106,43,121,6
1,107,43,149,6
1,108,43,14,6
1,109,43,155,6
1,110,43,141,6
1,111,43,15,6
1,112,43,139,6
1,113,43,127,6
1,114,43,147,6
1,115,43,122,6
1,116,43,131,6
1,117,43,18,6
1,118,43,120,6
1,119,43,146,6
1,120,43,5,6
1,121,43,110,6
1,122,43,6,6
1,123,43,157,6
1,124,43,130,6
1,125,43,148,6
1,126,43,109,6
1,127,43,126,6
1,128,43,124,6
1,129,43,135,6
1,130,43,153,6
1,131,43,128,6
1,132,43,134,6
1,133,43,123,6
1,134,43,129,6
1,135,43,111,6
1,136,43,125,6
1,137,43,119,6
1,138,43,105,6
1,139,43,143,6
1,140,43,98,6
1,141,43,99,6
1,142,43,90,6
1,143,43,94,6
1,144,43,96,6
1,145,43,93,6
1,146,43,117,6
1,147,43,89,6
1,148,43,107,6
1,149,43,95,6
1,150,43,103,6
1,151,43,108,6
1,152,43,97,6
1,153,43,104,6
1,154,43,114,6
1,155,43,116,6
1,156,43,92,6
1,157,43,91,6
1,158,43,113,6
1,159,43,133,6
1,160,43,112,6
1,161,43,106,6
1,162,43,101,6
1,163,43,100,6
1,164,43,102,6
1,165,43,115,6
1,166,43,118,6
1,1,44,35,88
1,2,44,40,88
1,3,44,49,88
1,4,44,52,88
1,5,44,41,88
1,6,44,38,88
1,7,44,39,88
1,8,44,58,88
1,9,44,47,88
1,10,44,50,88
1,11,44,57,88
1,12,44,42,88
1,13,44,51,88
1,14,44,56,88
1,15,44,34,88
1,16,44,46,88
1,17,44,61,88
1,18,44,60,88
1,19,44,45,88
1,20,44,54,88
1,21,44,43,88
1,22,44,33,88
1,23,44,55,88
1,24,44,59,88
1,25,44,48,88
1,26,44,53,88
1,27,44,37,88
1,28,44,23,88
1,29,44,44,88
1,30,44,70,88
1,31,44,62,88
1,32,44,81,88
1,33,44,79,88
1,34,44,85,88
1,35,44,36,88
1,36,44,75,88
1,37,44,68,88
1,38,44,88,88
1,39,44,71,88
1,40,44,63,88
1,41,44,77,88
1,42,44,83,88
1,43,44,87,88
1,44,44,84,88
1,45,44,72,88
1,46,44,65,88
1,47,44,73,88
1,48,44,86,88
1,49,44,17,88
1,50,44,78,88
1,51,44,67,88
1,52,44,76,88
1,53,44,64,88
1,54,44,69,88
1,55,44,66,88
1,56,44,74,88
1,57,44,80,88
1,58,44,163,88
1,59,44,25,88
1,60,44,8,88
1,61,44,12,88
1,62,44,82,88
1,63,44,2,88
1,64,44,151,88
1,65,44,162,88
1,66,44,24,88
1,67,44,30,88
1,68,44,26,88
1,69,44,13,88
1,70,44,7,88
1,71,44,4,88
1,72,44,21,88
1,73,44,10,88
1,74,44,165,88
1,75,44,27,88
1,76,44,152,88
1,77,44,159,88
1,78,44,32,88
1,79,44,11,88
1,80,44,29,88
1,81,44,28,88
1,82,44,16,88
1,83,44,20,88
1,84,44,145,88
1,85,44,164,88
1,86,44,1,88
1,87,44,150,88
1,88,44,142,88
1,89,44,138,88
1,90,44,156,88
1,91,44,161,88
1,92,44,160,88
1,93,44,158,88
1,94,44,136,88
1,95,44,19,88
1,96,44,132,88
1,97,44,9,88
1,98,44,3,88
1,99,44,31,88
1,100,44,144,88
1,101,44,140,88
1,102,44,137,88
1,103,44,22,88
1,104,44,154,88
1,105,44,166,88
1,106,44,121,88
1,107,44,149,88
1,108,44,14,88
1,109,44,155,88
1,110,44,141,88
1,111,44,15,88
1,112,44,139,88
1,113,44,127,88
1,114,44,147,88
1,115,44,122,88
1,116,44,131,88
1,117,44,18,88
1,118,44,120,88
1,119,44,146,88
1,120,44,5,88
1,121,44,110,88
1,122,44,6,88
1,123,44,157,88
1,124,44,130,88
1,125,44,148,88
1,126,44,109,88
1,127,44,126,88
1,128,44,124,88
1,129,44,135,88
1,130,44,153,88
1,131,44,128,88
1,132,44,134,88
1,133,44,123,88
1,134,44,129,88
1,135,44,111,88
1,136,44,125,88
1,137,44,119,88
1,138,44,105,88
1,139,44,143,88
1,140,44,98,88
1,141,44,99,88
1,142,44,90,88
1,143,44,94,88
1,144,44,96,88
1,145,44,93,88
1,146,44,117,88
1,147,44,89,88
1,148,44,107,88
1,149,44,95,88
1,150,44,103,88
1,151,44,108,88
1,152,44,97,88
1,153,44,104,88
1,154,44,114,88
1,155,44,116,88
1,156,44,92,88
1,157,44,91,88
1,158,44,113,88
1,159,44,133,88
1,160,44,112,88
1,161,44,106,88
1,162,44,101,88
1,163,44,100,88
1,164,44,102,88
1,165,44,115,88
1,166,44,118,88
1,1,45,35,93
1,2,45,40,93
1,3,45,49,93
1,4,45,52,93
1,5,45,41,93
1,6,45,38,93
1,7,45,39,93
1,8,45,58,93
1,9,45,47,93
1,10,45,50,93
1,11,45,57,93
1,12,45,42,93
1,13,45,51,93
1,14,45,56,93
1,15,45,34,93
1,16,45,46,93
1,17,45,61,93
1,18,45,60,93
1,19,45,45,93
1,20,45,54,93
1,21,45,43,93
1,22,45,33,93
1,23,45,55,93
1,24,45,59,93
1,25,45,48,93
1,26,45,53,93
1,27,45,37,93
1,28,45,23,93
1,29,45,44,93
1,30,45,70,93
1,31,45,62,93
1,32,45,81,93
1,33,45,79,93
1,34,45,85,93
1,35,45,36,93
1,36,45,75,93
1,37,45,68,93
1,38,45,88,93
1,39,45,71,93
1,40,45,63,93
1,41,45,77,93
1,42,45,83,93
1,43,45,87,93
1,44,45,84,93
1,45,45,72,93
1,46,45,65,93
1,47,45,73,93
1,48,45,86,93
1,49,45,17,93
1,50,45,78,93
1,51,45,67,93
1,52,45,76,93
1,53,45,64,93
1,54,45,69,93
1,55,45,66,93
1,56,45,74,93
1,57,45,80,93
1,58,45,163,93
1,59,45,25,93
1,60,45,8,93
1,61,45,12,93
1,62,45,82,93
1,63,45,2,93
1,64,45,151,93
1,65,45,162,93
1,66,45,24,93
1,67,45,30,93
1,68,45,26,93
1,69,45,13,93
1,70,45,7,93
1,71,45,4,93
1,72,45,21,93
1,73,45,10,93
1,74,45,165,93
1,75,45,27,93
1,76,45,152,93
1,77,45,159,93
1,78,45,32,93
1,79,45,11,93
1,80,45,29,93
1,81,45,28,93
1,82,45,16,93
1,83,45,20,93
1,84,45,145,93
1,85,45,164,93
1,86,45,1,93
1,87,45,150,93
1,88,45,142,93
1,89,45,138,93
1,90,45,156,93
1,91,45,161,93
1,92,45,160,93
1,93,45,158,93
1,94,45,136,93
1,95,45,19,93
1,96,45,132,93
1,97,45,9,93
1,98,45,3,93
1,99,45,31,93
1,100,45,144,93
1,101,45,140,93
1,102,45,137,93
1,103,45,22,93
1,104,45,154,93
1,105,45,166,93
1,106,45,121,93
1,107,45,149,93
1,108,45,14,93
1,109,45,155,93
1,110,45,141,93
1,111,45,15,93
1,112,45,139,93
1,113,45,127,93
1,114,45,147,93
1,115,45,122,93
1,116,45,131,93
1,117,45,18,93
1,118,45,120,93
1,119,45,146,93
1,120,45,5,93
1,121,45,110,93
1,122,45,6,93
1,123,45,157,93
1,124,45,130,93
1,125,45,148,93
1,126,45,109,93
1,127,45,126,93
1,128,45,124,93
1,129,45,135,93
1,130,45,153,93
1,131,45,128,93
1,132,45,134,93
1,133,45,123,93
1,134,45,129,93
1,135,45,111,93
1,136,45,125,93
1,137,45,119,93
1,138,45,105,93
1,139,45,143,93
1,140,45,98,93
1,141,45,99,93
1,142,45,90,93
1,143,45,94,93
1,144,45,96,93
1,145,45,93,93
1,146,45,117,93
1,147,45,89,93
1,148,45,107,93
1,149,45,95,93
1,150,45,103,93
1,151,45,108,93
1,152,45,97,93
1,153,45,104,93
1,154,45,114,93
1,155,45,116,93
1,156,45,92,93
1,157,45,91,93
1,158,45,113,93
1,159,45,133,93
1,160,45,112,93
1,161,45,106,93
1,162,45,101,93
1,163,45,100,93
1,164,45,102,93
1,165,45,115,93
1,166,45,118,93
1,1,46,35,89
1,2,46,40,89
1,3,46,49,89
1,4,46,52,89
1,5,46,41,89
1,6,46,38,89
1,7,46,39,89
1,8,46,58,89
1,9,46,47,89
1,10,46,50,89
1,11,46,57,89
1,12,46,42,89
1,13,46,51,89
1,14,46,56,89
1,15,46,34,89
1,16,46,46,89
1,17,46,61,89
1,18,46,60,89
1,19,46,45,89
1,20,46,54,89
1,21,46,43,89
1,22,46,33,89
1,23,46,55,89
1,24,46,59,89
1,25,46,48,89
1,26,46,53,89
1,27,46,37,89
1,28,46,23,89
1,29,46,44,89
1,30,46,70,89
1,31,46,62,89
1,32,46,81,89
1,33,46,79,89
1,34,46,85,89
1,35,46,36,89
1,36,46,75,89
1,37,46,68,89
1,38,46,88,89
1,39,46,71,89
1,40,46,63,89
1,41,46,77,89
1,42,46,83,89
1,43,46,87,89
1,44,46,84,89
1,45,46,72,89
1,46,46,65,89
1,47,46,73,89
1,48,46,86,89
1,49,46,17,89
1,50,46,78,89
1,51,46,67,89
1,52,46,76,89
1,53,46,64,89
1,54,46,69,89
1,55,46,66,89
1,56,46,74,89
1,57,46,80,89
1,58,46,163,89
1,59,46,25,89
1,60,46,8,89
1,61,46,12,89
1,62,46,82,89
1,63,46,2,89
1,64,46,151,89
1,65,46,162,89
1,66,46,24,89
1,67,46,30,89
1,68,46,26,89
1,69,46,13,89
1,70,46,7,89
1,71,46,4,89
1,72,46,21,89
1,73,46,10,89
1,74,46,165,89
1,75,46,27,89
1,76,46,152,89
1,77,46,159,89
1,78,46,32,89
1,79,46,11,89
1,80,46,29,89
1,81,46,28,89
1,82,46,16,89
1,83,46,20,89
1,84,46,145,89
1,85,46,164,89
1,86,46,1,89
1,87,46,150,89
1,88,46,142,89
1,89,46,138,89
1,90,46,156,89
1,91,46,161,89
1,92,46,160,89
1,93,46,158,89
1,94,46,136,89
1,95,46,19,89
1,96,46,132,89
1,97,46,9,89
1,98,46,3,89
1,99,46,31,89
1,100,46,144,89
1,101,46,140,89
1,102,46,137,89
1,103,46,22,89
1,104,46,154,89
1,105,46,166,89
1,106,46,121,89
1,107,46,149,89
1,108,46,14,89
1,109,46,155,89
1,110,46,141,89
1,111,46,15,89
1,112,46,139,89
1,113,46,127,89
1,114,46,147,89
1,115,46,122,89
1,116,46,131,89
1,117,46,18,89
1,118,46,120,89
1,119,46,146,89
1,120,46,5,89
1,121,46,110,89
1,122,46,6,89
1,123,46,157,89
1,124,46,130,89
1,125,46,148,89
1,126,46,109,89
1,127,46,126,89
1,128,46,124,89
1,129,46,135,89
1,130,46,153,89
1,131,46,128,89
1,132,46,134,89
1,133,46,123,89
1,134,46,129,89
1,135,46,111,89
1,136,46,125,89
1,137,46,119,89
1,138,46,105,89
1,139,46,143,89
1,140,46,98,89
1,141,46,99,89
1,142,46,90,89
1,143,46,94,89
1,144,46,96,89
1,145,46,93,89
1,146,46,117,89
1,147,46,89,89
1,148,46,107,89
1,149,46,95,89
1,150,46,103,89
1,151,46,108,89
1,152,46,97,89
1,153,46,104,89
1,154,46,114,89
1,155,46,116,89
1,156,46,92,89
1,157,46,91,89
1,158,46,113,89
1,159,46,133,89
1,160,46,112,89
1,161,46,106,89
1,162,46,101,89
1,163,46,100,89
1,164,46,102,89
1,165,46,115,89
1,166,46,118,89
1,1,47,35,12
1,2,47,40,12
1,3,47,49,12
1,4,47,52,12
1,5,47,41,12
1,6,47,38,12
1,7,47,39,12
1,8,47,58,12
1,9,47,47,12
1,10,47,50,12
1,11,47,57,12
1,12,47,42,12
1,13,47,51,12
1,14,47,56,12
1,15,47,34,12
1,16,47,46,12
1,17,47,61,12
1,18,47,60,12
1,19,47,45,12
1,20,47,54,12
1,21,47,43,12
1,22,47,33,12
1,23,47,55,12
1,24,47,59,12
1,25,47,48,12
1,26,47,53,12
1,27,47,37,12
1,28,47,23,12
1,29,47,44,12
1,30,47,70,12
1,31,47,62,12
1,32,47,81,12
1,33,47,79,12
1,34,47,85,12
1,35,47,36,12
1,36,47,75,12
1,37,47,68,12
1,38,47,88,12
1,39,47,71,12
1,40,47,63,12
1,41,47,77,12
1,42,47,83,12
1,43,47,87,12
1,44,47,84,12
1,45,47,72,12
1,46,47,65,12
1,47,47,73,12
1,48,47,86,12
1,49,47,17,12
1,50,47,78,12
1,51,47,67,12
1,52,47,76,12
1,53,47,64,12
1,54,47,69,12
1,55,47,66,12
1,56,47,74,12
1,57,47,80,12
1,58,47,163,12
1,59,47,25,12
1,60,47,8,12
1,61,47,12,12
1,62,47,82,12
1,63,47,2,12
1,64,47,151,12
1,65,47,162,12
1,66,47,24,12
1,67,47,30,12
1,68,47,26,12
1,69,47,13,12
1,70,47,7,12
1,71,47,4,12
1,72,47,21,12
1,73,47,10,12
1,74,47,165,12
1,75,47,27,12
1,76,47,152,12
1,77,47,159,12
1,78,47,32,12
1,79,47,11,12
1,80,47,29,12
1,81,47,28,12
1,82,47,16,12
1,83,47,20,12
1,84,47,145,12
1,85,47,164,12
1,86,47,1,12
1,87,47,150,12
1,88,47,142,12
1,89,47,138,12
1,90,47,156,12
1,91,47,161,12
1,92,47,160,12
1,93,47,158,12
1,94,47,136,12
1,95,47,19,12
1,96,47,132,12
1,97,47,9,12
1,98,47,3,12
1,99,47,31,12
1,100,47,144,12
1,101,47,140,12
1,102,47,137,12
1,103,47,22,12
1,104,47,154,12
1,105,47,166,12
1,106,47,121,12
1,107,47,149,12
1,108,47,14,12
1,109,47,155,12
1,110,47,141,12
1,111,47,15,12
1,112,47,139,12
1,113,47,127,12
1,114,47,147,12
1,115,47,122,12
1,116,47,131,12
1,117,47,18,12
1,118,47,120,12
1,119,47,146,12
1,120,47,5,12
1,121,47,110,12
1,122,47,6,12
1,123,47,157,12
1,124,47,130,12
1,125,47,148,12
1,126,47,109,12
1,127,47,126,12
1,128,47,124,12
1,129,47,135,12
1,130,47,153,12
1,131,47,128,12
1,132,47,134,12
1,133,47,123,12
1,134,47,129,12
1,135,47,111,12
1,136,47,125,12
1,137,47,119,12
1,138,47,105,12
1,139,47,143,12
1,140,47,98,12
1,141,47,99,12
1,142,47,90,12
1,143,47,94,12
1,144,47,96,12
1,145,47,93,12
1,146,47,117,12
1,147,47,89,12
1,148,47,107,12
1,149,47,95,12
1,150,47,103,12
1,151,47,108,12
1,152,47,97,12
1,153,47,104,12
1,154,47,114,12
1,155,47,116,12
1,156,47,92,12
1,157,47,91,12
1,158,47,113,12
1,159,47,133,12
1,160,47,112,12
1,161,47,106,12
1,162,47,101,12
1,163,47,100,12
1,164,47,102,12
1,165,47,115,12
1,166,47,118,12
1,1,48,35,129
1,2,48,40,129
1,3,48,49,129
1,4,48,52,129
1,5,48,41,129
1,6,48,38,129
1,7,48,39,129
1,8,48,58,129
1,9,48,47,129
1,10,48,50,129
1,11,48,57,129
1,12,48,42,129
1,13,48,51,129
1,14,48,56,129
1,15,48,34,129
1,16,48,46,129
1,17,48,61,129
1,18,48,60,129
1,19,48,45,129
1,20,48,54,129
1,21,48,43,129
1,22,48,33,129
1,23,48,55,129
1,24,48,59,129
1,25,48,48,129
1,26,48,53,129
1,27,48,37,129
1,28,48,23,129
1,29,48,44,129
1,30,48,70,129
1,31,48,62,129
1,32,48,81,129
1,33,48,79,129
1,34,48,85,129
1,35,48,36,129
1,36,48,75,129
1,37,48,68,129
1,38,48,88,129
1,39,48,71,129
1,40,48,63,129
1,41,48,77,129
1,42,48,83,129
1,43,48,87,129
1,44,48,84,129
1,45,48,72,129
1,46,48,65,129
1,47,48,73,129
1,48,48,86,129
1,49,48,17,129
1,50,48,78,129
1,51,48,67,129
1,52,48,76,129
1,53,48,64,129
1,54,48,69,129
1,55,48,66,129
1,56,48,74,129
1,57,48,80,129
1,58,48,163,129
1,59,48,25,129
1,60,48,8,129
1,61,48,12,129
1,62,48,82,129
1,63,48,2,129
1,64,48,151,129
1,65,48,162,129
1,66,48,24,129
1,67,48,30,129
1,68,48,26,129
1,69,48,13,129
1,70,48,7,129
1,71,48,4,129
1,72,48,21,129
1,73,48,10,129
1,74,48,165,129
1,75,48,27,129
1,76,48,152,129
1,77,48,159,129
1,78,48,32,129
1,79,48,11,129
1,80,48,29,129
1,81,48,28,129
1,82,48,16,129
1,83,48,20,129
1,84,48,145,129
1,85,48,164,129
1,86,48,1,129
1,87,48,150,129
1,88,48,142,129
1,89,48,138,129
1,90,48,156,129
1,91,48,161,129
1,92,48,160,129
1,93,48,158,129
1,94,48,136,129
1,95,48,19,129
1,96,48,132,129
1,97,48,9,129
1,98,48,3,129
1,99,48,31,129
1,100,48,144,129
1,101,48,140,129
1,102,48,137,129
1,103,48,22,129
1,104,48,154,129
1,105,48,166,129
1,106,48,121,129
1,107,48,149,129
1,108,48,14,129
1,109,48,155,129
1,110,48,141,129
1,111,48,15,129
1,112,48,139,129
1,113,48,127,129
1,114,48,147,129
1,115,48,122,129
1,116,48,131,129
1,117,48,18,129
1,118,48,120,129
1,119,48,146,129
1,120,48,5,129
1,121,48,110,129
1,122,48,6,129
1,123,48,157,129
1,124,48,130,129
1,125,48,148,129
1,126,48,109,129
1,127,48,126,129
1,128,48,124,129
1,129,48,135,129
1,130,48,153,129
1,131,48,128,129
1,132,48,134,129
1,133,48,123,129
1,134,48,129,129
1,135,48,111,129
1,136,48,125,129
1,137,48,119,129
1,138,48,105,129
1,139,48,143,129
1,140,48,98,129
1,141,48,99,129
1,142,48,90,129
1,143,48,94,129
1,144,48,96,129
1,145,48,93,129
1,146,48,117,129
1,147,48,89,129
1,148,48,107,129
1,149,48,95,129
1,150,48,103,129
1,151,48,108,129
1,152,48,97,129
1,153,48,104,129
1,154,48,114,129
1,155,48,116,129
1,156,48,92,129
1,157,48,91,129
1,158,48,113,129
1,159,48,133,129
1,160,48,112,129
1,161,48,106,129
1,162,48,101,129
1,163,48,100,129
1,164,48,102,129
1,165,48,115,129
1,166,48,118,129
1,1,49,35,54
1,2,49,40,54
1,3,49,49,54
1,4,49,52,54
1,5,49,41,54
1,6,49,38,54
1,7,49,39,54
1,8,49,58,54
1,9,49,47,54
1,10,49,50,54
1,11,49,57,54
1,12,49,42,54
1,13,49,51,54
1,14,49,56,54
1,15,49,34,54
1,16,49,46,54
1,17,49,61,54
1,18,49,60,54
1,19,49,45,54
1,20,49,54,54
1,21,49,43,54
1,22,49,33,54
1,23,49,55,54
1,24,49,59,54
1,25,49,48,54
1,26,49,53,54
1,27,49,37,54
1,28,49,23,54
1,29,49,44,54
1,30,49,70,54
1,31,49,62,54
1,32,49,81,54
1,33,49,79,54
1,34,49,85,54
1,35,49,36,54
1,36,49,75,54
1,37,49,68,54
1,38,49,88,54
1,39,49,71,54
1,40,49,63,54
1,41,49,77,54
1,42,49,83,54
1,43,49,87,54
1,44,49,84,54
1,45,49,72,54
1,46,49,65,54
1,47,49,73,54
1,48,49,86,54
1,49,49,17,54
1,50,49,78,54
1,51,49,67,54
1,52,49,76,54
1,53,49,64,54
1,54,49,69,54
1,55,49,66,54
1,56,49,74,54
1,57,49,80,54
1,58,49,163,54
1,59,49,25,54
1,60,49,8,54
1,61,49,12,54
1,62,49,82,54
1,63,49,2,54
1,64,49,151,54
1,65,49,162,54
1,66,49,24,54
1,67,49,30,54
1,68,49,26,54
1,69,49,13,54
1,70,49,7,54
1,71,49,4,54
1,72,49,21,54
1,73,49,10,54
1,74,49,165,54
1,75,49,27,54
1,76,49,152,54
1,77,49,159,54
1,78,49,32,54
1,79,49,11,54
1,80,49,29,54
1,81,49,28,54
1,82,49,16,54
1,83,49,20,54
1,84,49,145,54
1,85,49,164,54
1,86,49,1,54
1,87,49,150,54
1,88,49,142,54
1,89,49,138,54
1,90,49,156,54
1,91,49,161,54
1,92,49,160,54
1,93,49,158,54
1,94,49,136,54
1,95,49,19,54
1,96,49,132,54
1,97,49,9,54
1,98,49,3,54
1,99,49,31,54
1,100,49,144,54
1,101,49,140,54
1,102,49,137,54
1,103,49,22,54
1,104,49,154,54
1,105,49,166,54
1,106,49,121,54
1,107,49,149,54
1,108,49,14,54
1,109,49,155,54
1,110,49,141,54
1,111,49,15,54
1,112,49,139,54
1,113,49,127,54
1,114,49,147,54
1,115,49,122,54
1,116,49,131,54
1,117,49,18,54
1,118,49,120,54
1,119,49,146,54
1,120,49,5,54
1,121,49,110,54
1,122,49,6,54
1,123,49,157,54
1,124,49,130,54
1,125,49,148,54
1,126,49,109,54
1,127,49,126,54
1,128,49,124,54
1,129,49,135,54
1,130,49,153,54
1,131,49,128,54
1,132,49,134,54
1,133,49,123,54
1,134,49,129,54
1,135,49,111,54
1,136,49,125,54
1,137,49,119,54
1,138,49,105,54
1,139,49,143,54
1,140,49,98,54
1,141,49,99,54
1,142,49,90,54
1,143,49,94,54
1,144,49,96,54
1,145,49,93,54
1,146,49,117,54
1,147,49,89,54
1,148,49,107,54
1,149,49,95,54
1,150,49,103,54
1,151,49,108,54
1,152,49,97,54
1,153,49,104,54
1,154,49,114,54
1,155,49,116,54
1,156,49,92,54
1,157,49,91,54
1,158,49,113,54
1,159,49,133,54
1,160,49,112,54
1,161,49,106,54
1,162,49,101,54
1,163,49,100,54
1,164,49,102,54
1,165,49,115,54
1,166,49,118,54
1,1,50,35,59
1,2,50,40,59
1,3,50,49,59
1,4,50,52,59
1,5,50,41,59
1,6,50,38,59
1,7,50,39,59
1,8,50,58,59
1,9,50,47,59
1,10,50,50,59
1,11,50,57,59
1,12,50,42,59
1,13,50,51,59
1,14,50,56,59
1,15,50,34,59
1,16,50,46,59
1,17,50,61,59
1,18,50,60,59
1,19,50,45,59
1,20,50,54,59
1,21,50,43,59
1,22,50,33,59
1,23,50,55,59
1,24,50,59,59
1,25,50,48,59
1,26,50,53,59
1,27,50,37,59
1,28,50,23,59
1,29,50,44,59
1,30,50,70,59
1,31,50,62,59
1,32,50,81,59
1,33,50,79,59
1,34,50,85,59
1,35,50,36,59
1,36,50,75,59
1,37,50,68,59
1,38,50,88,59
1,39,50,71,59
1,40,50,63,59
1,41,50,77,59
1,42,50,83,59
1,43,50,87,59
1,44,50,84,59
1,45,50,72,59
1,46,50,65,59
1,47,50,73,59
1,48,50,86,59
1,49,50,17,59
1,50,50,78,59
1,51,50,67,59
1,52,50,76,59
1,53,50,64,59
1,54,50,69,59
1,55,50,66,59
1,56,50,74,59
1,57,50,80,59
1,58,50,163,59
1,59,50,25,59
1,60,50,8,59
1,61,50,12,59
1,62,50,82,59
1,63,50,2,59
1,64,50,151,59
1,65,50,162,59
1,66,50,24,59
1,67,50,30,59
1,68,50,26,59
1,69,50,13,59
1,70,50,7,59
1,71,50,4,59
1,72,50,21,59
1,73,50,10,59
1,74,50,165,59
1,75,50,27,59
1,76,50,152,59
1,77,50,159,59
1,78,50,32,59
1,79,50,11,59
1,80,50,29,59
1,81,50,28,59
1,82,50,16,59
1,83,50,20,59
1,84,50,145,59
1,85,50,164,59
1,86,50,1,59
1,87,50,150,59
1,88,50,142,59
1,89,50,138,59
1,90,50,156,59
1,91,50,161,59
1,92,50,160,59
1,93,50,158,59
1,94,50,136,59
1,95,50,19,59
1,96,50,132,59
1,97,50,9,59
1,98,50,3,59
1,99,50,31,59
1,100,50,144,59
1,101,50,140,59
1,102,50,137,59
1,103,50,22,59
1,104,50,154,59
1,105,50,166,59
1,106,50,121,59
1,107,50,149,59
1,108,50,14,59
1,109,50,155,59
1,110,50,141,59
1,111,50,15,59
1,112,50,139,59
1,113,50,127,59
1,114,50,147,59
1,115,50,122,59
1,116,50,131,59
1,117,50,18,59
1,118,50,120,59
1,119,50,146,59
1,120,50,5,59
1,121,50,110,59
1,122,50,6,59
1,123,50,157,59
1,124,50,130,59
1,125,50,148,59
1,126,50,109,59
1,127,50,126,59
1,128,50,124,59
1,129,50,135,59
1,130,50,153,59
1,131,50,128,59
1,132,50,134,59
1,133,50,123,59
1,134,50,129,59
1,135,50,111,59
1,136,50,125,59
1,137,50,119,59
1,138,50,105,59
1,139,50,143,59
1,140,50,98,59
1,141,50,99,59
1,142,50,90,59
1,143,50,94,59
1,144,50,96,59
1,145,50,93,59
1,146,50,117,59
1,147,50,89,59
1,148,50,107,59
1,149,50,95,59
1,150,50,103,59
1,151,50,108,59
1,152,50,97,59
1,153,50,104,59
1,154,50,114,59
1,155,50,116,59
1,156,50,92,59
1,157,50,91,59
1,158,50,113,59
1,159,50,133,59
1,160,50,112,59
1,161,50,106,59
1,162,50,101,59
1,163,50,100,59
1,164,50,102,59
1,165,50,115,59
1,166,50,118,59
1,1,51,35,115
1,2,51,40,115
1,3,51,49,115
1,4,51,52,115
1,5,51,41,115
1,6,51,38,115
1,7,51,39,115
1,8,51,58,115
1,9,51,47,115
1,10,51,50,115
1,11,51,57,115
1,12,51,42,115
1,13,51,51,115
1,14,51,56,115
1,15,51,34,115
1,16,51,46,115
1,17,51,61,115
1,18,51,60,115
1,19,51,45,115
1,20,51,54,115
1,21,51,43,115
1,22,51,33,115
1,23,51,55,115
1,24,51,59,115
1,25,51,48,115
1,26,51,53,115
1,27,51,37,115
1,28,51,23,115
1,29,51,44,115
1,30,51,70,115
1,31,51,62,115
1,32,51,81,115
1,33,51,79,115
1,34,51,85,115
1,35,51,36,115
1,36,51,75,115
1,37,51,68,115
1,38,51,88,115
1,39,51,71,115
1,40,51,63,115
1,41,51,77,115
1,42,51,83,115
1,43,51,87,115
1,44,51,84,115
1,45,51,72,115
1,46,51,65,115
1,47,51,73,115
1,48,51,86,115
1,49,51,17,115
1,50,51,78,115
1,51,51,67,115
1,52,51,76,115
1,53,51,64,115
1,54,51,69,115
1,55,51,66,115
1,56,51,74,115
1,57,51,80,115
1,58,51,163,115
1,59,51,25,115
1,60,51,8,115
1,61,51,12,115
1,62,51,82,115
1,63,51,2,115
1,64,51,151,115
1,65,51,162,115
1,66,51,24,115
1,67,51,30,115
1,68,51,26,115
1,69,51,13,115
1,70,51,7,115
1,71,51,4,115
1,72,51,21,115
1,73,51,10,115
1,74,51,165,115
1,75,51,27,115
1,76,51,152,115
1,77,51,159,115
1,78,51,32,115
1,79,51,11,115
1,80,51,29,115
1,81,51,28,115
1,82,51,16,115
1,83,51,20,115
1,84,51,145,115
1,85,51,164,115
1,86,51,1,115
1,87,51,150,115
1,88,51,142,115
1,89,51,138,115
1,90,51,156,115
1,91,51,161,115
1,92,51,160,115
1,93,51,158,115
1,94,51,136,115
1,95,51,19,115
1,96,51,132,115
1,97,51,9,115
1,98,51,3,115
1,99,51,31,115
1,100,51,144,115
1,101,51,140,115
1,102,51,137,115
1,103,51,22,115
1,104,51,154,115
1,105,51,166,115
1,106,51,121,115
1,107,51,149,115
1,108,51,14,115
1,109,51,155,115
1,110,51,141,115
1,111,51,15,115
1,112,51,139,115
1,113,51,127,115
1,114,51,147,115
1,115,51,122,115
1,116,51,131,115
1,117,51,18,115
1,118,51,120,115
1,119,51,146,115
1,120,51,5,115
1,121,51,110,115
1,122,51,6,115
1,123,51,157,115
1,124,51,130,115
1,125,51,148,115
1,126,51,109,115
1,127,51,126,115
1,128,51,124,115
1,129,51,135,115
1,130,51,153,115
1,131,51,128,115
1,132,51,134,115
1,133,51,123,115
1,134,51,129,115
1,135,51,111,115
1,136,51,125,115
1,137,51,119,115
1,138,51,105,115
1,139,51,143,115
1,140,51,98,115
1,141,51,99,115
1,142,51,90,115
1,143,51,94,115
1,144,51,96,115
1,145,51,93,115
1,146,51,117,115
1,147,51,89,115
1,148,51,107,115
1,149,51,95,115
1,150,51,103,115
1,151,51,108,115
1,152,51,97,115
1,153,51,104,115
1,154,51,114,115
1,155,51,116,115
1,156,51,92,115
1,157,51,91,115
1,158,51,113,115
1,159,51,133,115
1,160,51,112,115
1,161,51,106,115
1,162,51,101,115
1,163,51,100,115
1,164,51,102,115
1,165,51,115,115
1,166,51,118,115
1,1,52,35,109
1,2,52,40,109
1,3,52,49,109
1,4,52,52,109
1,5,52,41,109
1,6,52,38,109
1,7,52,39,109
1,8,52,58,109
1,9,52,47,109
1,10,52,50,109
1,11,52,57,109
1,12,52,42,109
1,13,52,51,109
1,14,52,56,109
1,15,52,34,109
1,16,52,46,109
1,17,52,61,109
1,18,52,60,109
1,19,52,45,109
1,20,52,54,109
1,21,52,43,109
1,22,52,33,109
1,23,52,55,109
1,24,52,59,109
1,25,52,48,109
1,26,52,53,109
1,27,52,37,109
1,28,52,23,109
1,29,52,44,109
1,30,52,70,109
1,31,52,62,109
1,32,52,81,109
1,33,52,79,109
1,34,52,85,109
1,35,52,36,109
1,36,52,75,109
1,37,52,68,109
1,38,52,88,109
1,39,52,71,109
1,40,52,63,109
1,41,52,77,109
1,42,52,83,109
1,43,52,87,109
1,44,52,84,109
1,45,52,72,109
1,46,52,65,109
1,47,52,73,109
1,48,52,86,109
1,49,52,17,109
1,50,52,78,109
1,51,52,67,109
1,52,52,76,109
1,53,52,64,109
1,54,52,69,109
1,55,52,66,109
1,56,52,74,109
1,57,52,80,109
1,58,52,163,109
1,59,52,25,109
1,60,52,8,109
1,61,52,12,109
1,62,52,82,109
1,63,52,2,109
1,64,52,151,109
1,65,52,162,109
1,66,52,24,109
1,67,52,30,109
1,68,52,26,109
1,69,52,13,109
1,70,52,7,109
1,71,52,4,109
1,72,52,21,109
1,73,52,10,109
1,74,52,165,109
1,75,52,27,109
1,76,52,152,109
1,77,52,159,109
1,78,52,32,109
1,79,52,11,109
1,80,52,29,109
1,81,52,28,109
1,82,52,16,109
1,83,52,20,109
1,84,52,145,109
1,85,52,164,109
1,86,52,1,109
1,87,52,150,109
1,88,52,142,109
1,89,52,138,109
1,90,52,156,109
1,91,52,161,109
1,92,52,160,109
1,93,52,158,109
1,94,52,136,109
1,95,52,19,109
1,96,52,132,109
1,97,52,9,109
1,98,52,3,109
1,99,52,31,109
1,100,52,144,109
1,101,52,140,109
1,102,52,137,109
1,103,52,22,109
1,104,52,154,109
1,105,52,166,109
1,106,52,121,109
1,107,52,149,109
1,108,52,14,109
1,109,52,155,109
1,110,52,141,109
1,111,52,15,109
1,112,52,139,109
1,113,52,127,109
1,114,52,147,109
1,115,52,122,109
1,116,52,131,109
1,117,52,18,109
1,118,52,120,109
1,119,52,146,109
1,120,52,5,109
1,121,52,110,109
1,122,52,6,109
1,123,52,157,109
1,124,52,130,109
1,125,52,148,109
1,126,52,109,109
1,127,52,126,109
1,128,52,124,109
1,129,52,135,109
1,130,52,153,109
1,131,52,128,109
1,132,52,134,109
1,133,52,123,109
1,134,52,129,109
1,135,52,111,109
1,136,52,125,109
1,137,52,119,109
1,138,52,105,109
1,139,52,143,109
1,140,52,98,109
1,141,52,99,109
1,142,52,90,109
1,143,52,94,109
1,144,52,96,109
1,145,52,93,109
1,146,52,117,109
1,147,52,89,109
1,148,52,107,109
1,149,52,95,109
1,150,52,103,109
1,151,52,108,109
1,152,52,97,109
1,153,52,104,109
1,154,52,114,109
1,155,52,116,109
1,156,52,92,109
1,157,52,91,109
1,158,52,113,109
1,159,52,133,109
1,160,52,112,109
1,161,52,106,109
1,162,52,101,109
1,163,52,100,109
1,164,52,102,109
1,165,52,115,109
1,166,52,118,109
1,1,53,35,43
1,2,53,40,43
1,3,53,49,43
1,4,53,52,43
1,5,53,41,43
1,6,53,38,43
1,7,53,39,43
1,8,53,58,43
1,9,53,47,43
1,10,53,50,43
1,11,53,57,43
1,12,53,42,43
1,13,53,51,43
1,14,53,56,43
1,15,53,34,43
1,16,53,46,43
1,17,53,61,43
1,18,53,60,43
1,19,53,45,43
1,20,53,54,43
1,21,53,43,43
1,22,53,33,43
1,23,53,55,43
1,24,53,59,43
1,25,53,48,43
1,26,53,53,43
1,27,53,37,43
1,28,53,23,43
1,29,53,44,43
1,30,53,70,43
1,31,53,62,43
1,32,53,81,43
1,33,53,79,43
1,34,53,85,43
1,35,53,36,43
1,36,53,75,43
1,37,53,68,43
1,38,53,88,43
1,39,53,71,43
1,40,53,63,43
1,41,53,77,43
1,42,53,83,43
1,43,53,87,43
1,44,53,84,43
1,45,53,72,43
1,46,53,65,43
1,47,53,73,43
1,48,53,86,43
1,49,53,17,43
1,50,53,78,43
1,51,53,67,43
1,52,53,76,43
1,53,53,64,43
1,54,53,69,43
1,55,53,66,43
1,56,53,74,43
1,57,53,80,43
1,58,53,163,43
1,59,53,25,43
1,60,53,8,43
1,61,53,12,43
1,62,53,82,43
1,63,53,2,43
1,64,53,151,43
1,65,53,162,43
1,66,53,24,43
1,67,53,30,43
1,68,53,26,43
1,69,53,13,43
1,70,53,7,43
1,71,53,4,43
1,72,53,21,43
1,73,53,10,43
1,74,53,165,43
1,75,53,27,43
1,76,53,152,43
1,77,53,159,43
1,78,53,32,43
1,79,53,11,43
1,80,53,29,43
1,81,53,28,43
1,82,53,16,43
1,83,53,20,43
1,84,53,145,43
1,85,53,164,43
1,86,53,1,43
1,87,53,150,43
1,88,53,142,43
1,89,53,138,43
1,90,53,156,43
1,91,53,161,43
1,92,53,160,43
1,93,53,158,43
1,94,53,136,43
1,95,53,19,43
1,96,53,132,43
1,97,53,9,43
1,98,53,3,43
1,99,53,31,43
1,100,53,144,43
1,101,53,140,43
1,102,53,137,43
1,103,53,22,43
1,104,53,154,43
1,105,53,166,43
1,106,53,121,43
1,107,53,149,43
1,108,53,14,43
1,109,53,155,43
1,110,53,141,43
1,111,53,15,43
1,112,53,139,43
1,113,53,127,43
1,114,53,147,43
1,115,53,122,43
1,116,53,131,43
1,117,53,18,43
1,118,53,120,43
1,119,53,146,43
1,120,53,5,43
1,121,53,110,43
1,122,53,6,43
1,123,53,157,43
1,124,53,130,43
1,125,53,148,43
1,126,53,109,43
1,127,53,126,43
1,128,53,124,43
1,129,53,135,43
1,130,53,153,43
1,131,53,128,43
1,132,53,134,43
1,133,53,123,43
1,134,53,129,43
1,135,53,111,43
1,136,53,125,43
1,137,53,119,43
1,138,53,105,43
1,139,53,143,43
1,140,53,98,43
1,141,53,99,43
1,142,53,90,43
1,143,53,94,43
1,144,53,96,43
1,145,53,93,43
1,146,53,117,43
1,147,53,89,43
1,148,53,107,43
1,149,53,95,43
1,150,53,103,43
1,151,53,108,43
1,152,53,97,43
1,153,53,104,43
1,154,53,114,43
1,155,53,116,43
1,156,53,92,43
1,157,53,91,43
1,158,53,113,43
1,159,53,133,43
1,160,53,112,43
1,161,53,106,43
1,162,53,101,43
1,163,53,100,43
1,164,53,102,43
1,165,53,115,43
1,166,53,118,43
15,1,54,35,32
15,2,54,40,32
15,3,54,49,32
15,4,54,52,32
15,5,54,41,32
15,6,54,38,32
15,7,54,39,32
15,8,54,58,32
15,9,54,47,32
15,10,54,50,32
15,11,54,57,32
15,12,54,42,32
15,13,54,51,32
15,14,54,56,32
15,15,54,34,32
15,16,54,46,32
15,17,54,61,32
15,18,54,60,32
15,19,54,45,32
15,20,54,54,32
15,21,54,43,32
15,22,54,33,32
15,23,54,55,32
15,24,54,59,32
15,25,54,48,32
15,26,54,53,32
15,27,54,37,32
15,28,54,23,32
16,29,54,44,32
16,30,54,70,32
16,31,54,62,32
16,32,54,81,32
16,33,54,79,32
16,34,54,85,32
16,35,54,36,32
16,36,54,75,32
16,37,54,68,32
16,38,54,88,32
16,39,54,71,32
16,40,54,63,32
16,41,54,77,32
16,42,54,83,32
16,43,54,87,32
16,44,54,84,32
16,45,54,72,32
16,46,54,65,32
16,47,54,73,32
16,48,54,86,32
16,49,54,17,32
16,50,54,78,32
16,51,54,67,32
16,52,54,76,32
16,53,54,64,32
16,54,54,69,32
16,55,54,66,32
16,56,54,74,32
16,57,54,80,32
1,58,54,163,32
1,59,54,25,32
1,60,54,8,32
1,61,54,12,32
1,62,54,82,32
1,63,54,2,32
1,64,54,151,32
1,65,54,162,32
1,66,54,24,32
1,67,54,30,32
1,68,54,26,32
1,69,54,13,32
1,70,54,7,32
1,71,54,4,32
1,72,54,21,32
1,73,54,10,32
1,74,54,165,32
1,75,54,27,32
1,76,54,152,32
1,77,54,159,32
1,78,54,32,32
1,79,54,11,32
1,80,54,29,32
1,81,54,28,32
1,82,54,16,32
1,83,54,20,32
1,84,54,145,32
1,85,54,164,32
1,86,54,1,32
1,87,54,150,32
1,88,54,142,32
1,89,54,138,32
1,90,54,156,32
1,91,54,161,32
1,92,54,160,32
1,93,54,158,32
1,94,54,136,32
1,95,54,19,32
1,96,54,132,32
1,97,54,9,32
1,98,54,3,32
1,99,54,31,32
1,100,54,144,32
1,101,54,140,32
1,102,54,137,32
1,103,54,22,32
1,104,54,154,32
1,105,54,166,32
1,106,54,121,32
1,107,54,149,32
1,108,54,14,32
1,109,54,155,32
1,110,54,141,32
1,111,54,15,32
1,112,54,139,32
1,113,54,127,32
1,114,54,147,32
1,115,54,122,32
1,116,54,131,32
1,117,54,18,32
1,118,54,120,32
1,119,54,146,32
1,120,54,5,32
1,121,54,110,32
1,122,54,6,32
1,123,54,157,32
1,124,54,130,32
1,125,54,148,32
1,126,54,109,32
1,127,54,126,32
1,128,54,124,32
1,129,54,135,32
1,130,54,153,32
1,131,54,128,32
1,132,54,134,32
1,133,54,123,32
1,134,54,129,32
1,135,54,111,32
1,136,54,125,32
1,137,54,119,32
1,138,54,105,32
1,139,54,143,32
1,140,54,98,32
1,141,54,99,32
1,142,54,90,32
1,143,54,94,32
1,144,54,96,32
1,145,54,93,32
1,146,54,117,32
1,147,54,89,32
1,148,54,107,32
1,149,54,95,32
1,150,54,103,32
1,151,54,108,32
1,152,54,97,32
1,153,54,104,32
1,154,54,114,32
1,155,54,116,32
1,156,54,92,32
1,157,54,91,32
1,158,54,113,32
1,159,54,133,32
1,160,54,112,32
1,161,54,106,32
1,162,54,101,32
1,163,54,100,32
1,164,54,102,32
1,165,54,115,32
1,166,54,118,32
15,1,55,35,110
15,2,55,40,110
15,3,55,49,110
15,4,55,52,110
15,5,55,41,110
15,6,55,38,110
15,7,55,39,110
15,8,55,58,110
15,9,55,47,110
15,10,55,50,110
15,11,55,57,110
15,12,55,42,110
15,13,55,51,110
15,14,55,56,110
15,15,55,34,110
15,16,55,46,110
15,17,55,61,110
15,18,55,60,110
15,19,55,45,110
15,20,55,54,110
15,21,55,43,110
15,22,55,33,110
15,23,55,55,110
15,24,55,59,110
15,25,55,48,110
15,26,55,53,110
15,27,55,37,110
15,28,55,23,110
16,29,55,44,110
16,30,55,70,110
16,31,55,62,110
16,32,55,81,110
16,33,55,79,110
16,34,55,85,110
16,35,55,36,110
16,36,55,75,110
16,37,55,68,110
16,38,55,88,110
16,39,55,71,110
16,40,55,63,110
16,41,55,77,110
16,42,55,83,110
16,43,55,87,110
16,44,55,84,110
16,45,55,72,110
16,46,55,65,110
16,47,55,73,110
16,48,55,86,110
16,49,55,17,110
16,50,55,78,110
16,51,55,67,110
16,52,55,76,110
16,53,55,64,110
16,54,55,69,110
16,55,55,66,110
16,56,55,74,110
16,57,55,80,110
1,58,55,163,110
1,59,55,25,110
1,60,55,8,110
1,61,55,12,110
1,62,55,82,110
1,63,55,2,110
1,64,55,151,110
1,65,55,162,110
1,66,55,24,110
1,67,55,30,110
1,68,55,26,110
1,69,55,13,110
1,70,55,7,110
1,71,55,4,110
1,72,55,21,110
1,73,55,10,110
1,74,55,165,110
1,75,55,27,110
1,76,55,152,110
1,77,55,159,110
1,78,55,32,110
1,79,55,11,110
1,80,55,29,110
1,81,55,28,110
1,82,55,16,110
1,83,55,20,110
1,84,55,145,110
1,85,55,164,110
1,86,55,1,110
1,87,55,150,110
1,88,55,142,110
1,89,55,138,110
1,90,55,156,110
1,91,55,161,110
1,92,55,160,110
1,93,55,158,110
1,94,55,136,110
1,95,55,19,110
1,96,55,132,110
1,97,55,9,110
1,98,55,3,110
1,99,55,31,110
1,100,55,144,110
1,101,55,140,110
1,102,55,137,110
1,103,55,22,110
1,104,55,154,110
1,105,55,166,110
1,106,55,121,110
1,107,55,149,110
1,108,55,14,110
1,109,55,155,110
1,110,55,141,110
1,111,55,15,110
1,112,55,139,110
1,113,55,127,110
1,114,55,147,110
1,115,55,122,110
1,116,55,131,110
1,117,55,18,110
1,118,55,120,110
1,119,55,146,110
1,120,55,5,110
1,121,55,110,110
1,122,55,6,110
1,123,55,157,110
1,124,55,130,110
1,125,55,148,110
1,126,55,109,110
1,127,55,126,110
1,128,55,124,110
1,129,55,135,110
1,130,55,153,110
1,131,55,128,110
1,132,55,134,110
1,133,55,123,110
1,134,55,129,110
1,135,55,111,110
1,136,55,125,110
1,137,55,119,110
1,138,55,105,110
1,139,55,143,110
1,140,55,98,110
1,141,55,99,110
1,142,55,90,110
1,143,55,94,110
1,144,55,96,110
1,145,55,93,110
1,146,55,117,110
1,147,55,89,110
1,148,55,107,110
1,149,55,95,110
1,150,55,103,110
1,151,55,108,110
1,152,55,97,110
1,153,55,104,110
1,154,55,114,110
1,155,55,116,110
1,156,55,92,110
1,157,55,91,110
1,158,55,113,110
1,159,55,133,110
1,160,55,112,110
1,161,55,106,110
1,162,55,101,110
1,163,55,100,110
1,164,55,102,110
1,165,55,115,110
1,166,55,118,110
1,1,56,35,61
1,2,56,40,61
1,3,56,49,61
1,4,56,52,61
1,5,56,41,61
1,6,56,38,61
1,7,56,39,61
1,8,56,58,61
1,9,56,47,61
1,10,56,50,61
1,11,56,57,61
1,12,56,42,61
1,13,56,51,61
1,14,56,56,61
1,15,56,34,61
1,16,56,46,61
1,17,56,61,61
1,18,56,60,61
1,19,56,45,61
1,20,56,54,61
1,21,56,43,61
1,22,56,33,61
1,23,56,55,61
1,24,56,59,61
1,25,56,48,61
1,26,56,53,61
1,27,56,37,61
1,28,56,23,61
1,29,56,44,61
1,30,56,70,61
1,31,56,62,61
1,32,56,81,61
1,33,56,79,61
1,34,56,85,61
1,35,56,36,61
1,36,56,75,61
1,37,56,68,61
1,38,56,88,61
1,39,56,71,61
1,40,56,63,61
1,41,56,77,61
1,42,56,83,61
1,43,56,87,61
1,44,56,84,61
1,45,56,72,61
1,46,56,65,61
1,47,56,73,61
1,48,56,86,61
1,49,56,17,61
1,50,56,78,61
1,51,56,67,61
1,52,56,76,61
1,53,56,64,61
1,54,56,69,61
1,55,56,66,61
1,56,56,74,61
1,57,56,80,61
1,58,56,163,61
1,59,56,25,61
1,60,56,8,61
1,61,56,12,61
1,62,56,82,61
1,63,56,2,61
1,64,56,151,61
1,65,56,162,61
1,66,56,24,61
1,67,56,30,61
1,68,56,26,61
1,69,56,13,61
1,70,56,7,61
1,71,56,4,61
1,72,56,21,61
1,73,56,10,61
1,74,56,165,61
1,75,56,27,61
1,76,56,152,61
1,77,56,159,61
1,78,56,32,61
1,79,56,11,61
1,80,56,29,61
1,81,56,28,61
1,82,56,16,61
1,83,56,20,61
1,84,56,145,61
1,85,56,164,61
1,86,56,1,61
1,87,56,150,61
1,88,56,142,61
1,89,56,138,61
1,90,56,156,61
1,91,56,161,61
1,92,56,160,61
1,93,56,158,61
1,94,56,136,61
1,95,56,19,61
1,96,56,132,61
1,97,56,9,61
1,98,56,3,61
1,99,56,31,61
1,100,56,144,61
1,101,56,140,61
1,102,56,137,61
1,103,56,22,61
1,104,56,154,61
1,105,56,166,61
1,106,56,121,61
1,107,56,149,61
1,108,56,14,61
1,109,56,155,61
1,110,56,141,61
1,111,56,15,61
1,112,56,139,61
1,113,56,127,61
1,114,56,147,61
1,115,56,122,61
1,116,56,131,61
1,117,56,18,61
1,118,56,120,61
1,119,56,146,61
1,120,56,5,61
1,121,56,110,61
1,122,56,6,61
1,123,56,157,61
1,124,56,130,61
1,125,56,148,61
1,126,56,109,61
1,127,56,126,61
1,128,56,124,61
1,129,56,135,61
1,130,56,153,61
1,131,56,128,61
1,132,56,134,61
1,133,56,123,61
1,134,56,129,61
1,135,56,111,61
1,136,56,125,61
1,137,56,119,61
1,138,56,105,61
1,139,56,143,61
1,140,56,98,61
1,141,56,99,61
1,142,56,90,61
1,143,56,94,61
1,144,56,96,61
1,145,56,93,61
1,146,56,117,61
1,147,56,89,61
1,148,56,107,61
1,149,56,95,61
1,150,56,103,61
1,151,56,108,61
1,152,56,97,61
1,153,56,104,61
1,154,56,114,61
1,155,56,116,61
1,156,56,92,61
1,157,56,91,61
1,158,56,113,61
1,159,56,133,61
1,160,56,112,61
1,161,56,106,61
1,162,56,101,61
1,163,56,100,61
1,164,56,102,61
1,165,56,115,61
1,166,56,118,61
1,1,57,35,44
1,2,57,40,44
1,3,57,49,44
1,4,57,52,44
1,5,57,41,44
1,6,57,38,44
1,7,57,39,44
1,8,57,58,44
1,9,57,47,44
1,10,57,50,44
1,11,57,57,44
1,12,57,42,44
1,13,57,51,44
1,14,57,56,44
1,15,57,34,44
1,16,57,46,44
1,17,57,61,44
1,18,57,60,44
1,19,57,45,44
1,20,57,54,44
1,21,57,43,44
1,22,57,33,44
1,23,57,55,44
1,24,57,59,44
1,25,57,48,44
1,26,57,53,44
1,27,57,37,44
1,28,57,23,44
1,29,57,44,44
1,30,57,70,44
1,31,57,62,44
1,32,57,81,44
1,33,57,79,44
1,34,57,85,44
1,35,57,36,44
1,36,57,75,44
1,37,57,68,44
1,38,57,88,44
1,39,57,71,44
1,40,57,63,44
1,41,57,77,44
1,42,57,83,44
1,43,57,87,44
1,44,57,84,44
1,45,57,72,44
1,46,57,65,44
1,47,57,73,44
1,48,57,86,44
1,49,57,17,44
1,50,57,78,44
1,51,57,67,44
1,52,57,76,44
1,53,57,64,44
1,54,57,69,44
1,55,57,66,44
1,56,57,74,44
1,57,57,80,44
1,58,57,163,44
1,59,57,25,44
1,60,57,8,44
1,61,57,12,44
1,62,57,82,44
1,63,57,2,44
1,64,57,151,44
1,65,57,162,44
1,66,57,24,44
1,67,57,30,44
1,68,57,26,44
1,69,57,13,44
1,70,57,7,44
1,71,57,4,44
1,72,57,21,44
1,73,57,10,44
1,74,57,165,44
1,75,57,27,44
1,76,57,152,44
1,77,57,159,44
1,78,57,32,44
1,79,57,11,44
1,80,57,29,44
1,81,57,28,44
1,82,57,16,44
1,83,57,20,44
1,84,57,145,44
1,85,57,164,44
1,86,57,1,44
1,87,57,150,44
1,88,57,142,44
1,89,57,138,44
1,90,57,156,44
1,91,57,161,44
1,92,57,160,44
1,93,57,158,44
1,94,57,136,44
1,95,57,19,44
1,96,57,132,44
1,97,57,9,44
1,98,57,3,44
1,99,57,31,44
1,100,57,144,44
1,101,57,140,44
1,102,57,137,44
1,103,57,22,44
1,104,57,154,44
1,105,57,166,44
1,106,57,121,44
1,107,57,149,44
1,108,57,14,44
1,109,57,155,44
1,110,57,141,44
1,111,57,15,44
1,112,57,139,44
1,113,57,127,44
1,114,57,147,44
1,115,57,122,44
1,116,57,131,44
1,117,57,18,44
1,118,57,120,44
1,119,57,146,44
1,120,57,5,44
1,121,57,110,44
1,122,57,6,44
1,123,57,157,44
1,124,57,130,44
1,125,57,148,44
1,126,57,109,44
1,127,57,126,44
1,128,57,124,44
1,129,57,135,44
1,130,57,153,44
1,131,57,128,44
1,132,57,134,44
1,133,57,123,44
1,134,57,129,44
1,135,57,111,44
1,136,57,125,44
1,137,57,119,44
1,138,57,105,44
1,139,57,143,44
1,140,57,98,44
1,141,57,99,44
1,142,57,90,44
1,143,57,94,44
1,144,57,96,44
1,145,57,93,44
1,146,57,117,44
1,147,57,89,44
1,148,57,107,44
1,149,57,95,44
1,150,57,103,44
1,151,57,108,44
1,152,57,97,44
1,153,57,104,44
1,154,57,114,44
1,155,57,116,44
1,156,57,92,44
1,157,57,91,44
1,158,57,113,44
1,159,57,133,44
1,160,57,112,44
1,161,57,106,44
1,162,57,101,44
1,163,57,100,44
1,164,57,102,44
1,165,57,115,44
1,166,57,118,44
1,1,58,35,13
1,2,58,40,13
1,3,58,49,13
1,4,58,52,13
1,5,58,41,13
1,6,58,38,13
1,7,58,39,13
1,8,58,58,13
1,9,58,47,13
1,10,58,50,13
1,11,58,57,13
1,12,58,42,13
1,13,58,51,13
1,14,58,56,13
1,15,58,34,13
1,16,58,46,13
1,17,58,61,13
1,18,58,60,13
1,19,58,45,13
1,20,58,54,13
1,21,58,43,13
1,22,58,33,13
1,23,58,55,13
1,24,58,59,13
1,25,58,48,13
1,26,58,53,13
1,27,58,37,13
1,28,58,23,13
1,29,58,44,13
1,30,58,70,13
1,31,58,62,13
1,32,58,81,13
1,33,58,79,13
1,34,58,85,13
1,35,58,36,13
1,36,58,75,13
1,37,58,68,13
1,38,58,88,13
1,39,58,71,13
1,40,58,63,13
1,41,58,77,13
1,42,58,83,13
1,43,58,87,13
1,44,58,84,13
1,45,58,72,13
1,46,58,65,13
1,47,58,73,13
1,48,58,86,13
1,49,58,17,13
1,50,58,78,13
1,51,58,67,13
1,52,58,76,13
1,53,58,64,13
1,54,58,69,13
1,55,58,66,13
1,56,58,74,13
1,57,58,80,13
1,58,58,163,13
1,59,58,25,13
1,60,58,8,13
1,61,58,12,13
1,62,58,82,13
1,63,58,2,13
1,64,58,151,13
1,65,58,162,13
1,66,58,24,13
1,67,58,30,13
1,68,58,26,13
1,69,58,13,13
1,70,58,7,13
1,71,58,4,13
1,72,58,21,13
1,73,58,10,13
1,74,58,165,13
1,75,58,27,13
1,76,58,152,13
1,77,58,159,13
1,78,58,32,13
1,79,58,11,13
1,80,58,29,13
1,81,58,28,13
1,82,58,16,13
1,83,58,20,13
1,84,58,145,13
1,85,58,164,13
1,86,58,1,13
1,87,58,150,13
1,88,58,142,13
1,89,58,138,13
1,90,58,156,13
1,91,58,161,13
1,92,58,160,13
1,93,58,158,13
1,94,58,136,13
1,95,58,19,13
1,96,58,132,13
1,97,58,9,13
1,98,58,3,13
1,99,58,31,13
1,100,58,144,13
1,101,58,140,13
1,102,58,137,13
1,103,58,22,13
1,104,58,154,13
1,105,58,166,13
1,106,58,121,13
1,107,58,149,13
1,108,58,14,13
1,109,58,155,13
1,110,58,141,13
1,111,58,15,13
1,112,58,139,13
1,113,58,127,13
1,114,58,147,13
1,115,58,122,13
1,116,58,131,13
1,117,58,18,13
1,118,58,120,13
1,119,58,146,13
1,120,58,5,13
1,121,58,110,13
1,122,58,6,13
1,123,58,157,13
1,124,58,130,13
1,125,58,148,13
1,126,58,109,13
1,127,58,126,13
1,128,58,124,13
1,129,58,135,13
1,130,58,153,13
1,131,58,128,13
1,132,58,134,13
1,133,58,123,13
1,134,58,129,13
1,135,58,111,13
1,136,58,125,13
1,137,58,119,13
1,138,58,105,13
1,139,58,143,13
1,140,58,98,13
1,141,58,99,13
1,142,58,90,13
1,143,58,94,13
1,144,58,96,13
1,145,58,93,13
1,146,58,117,13
1,147,58,89,13
1,148,58,107,13
1,149,58,95,13
1,150,58,103,13
1,151,58,108,13
1,152,58,97,13
1,153,58,104,13
1,154,58,114,13
1,155,58,116,13
1,156,58,92,13
1,157,58,91,13
1,158,58,113,13
1,159,58,133,13
1,160,58,112,13
1,161,58,106,13
1,162,58,101,13
1,163,58,100,13
1,164,58,102,13
1,165,58,115,13
1,166,58,118,13
1,1,59,35,80
1,2,59,40,80
1,3,59,49,80
1,4,59,52,80
1,5,59,41,80
1,6,59,38,80
1,7,59,39,80
1,8,59,58,80
1,9,59,47,80
1,10,59,50,80
1,11,59,57,80
1,12,59,42,80
1,13,59,51,80
1,14,59,56,80
1,15,59,34,80
1,16,59,46,80
1,17,59,61,80
1,18,59,60,80
1,19,59,45,80
1,20,59,54,80
1,21,59,43,80
1,22,59,33,80
1,23,59,55,80
1,24,59,59,80
1,25,59,48,80
1,26,59,53,80
1,27,59,37,80
1,28,59,23,80
1,29,59,44,80
1,30,59,70,80
1,31,59,62,80
1,32,59,81,80
1,33,59,79,80
1,34,59,85,80
1,35,59,36,80
1,36,59,75,80
1,37,59,68,80
1,38,59,88,80
1,39,59,71,80
1,40,59,63,80
1,41,59,77,80
1,42,59,83,80
1,43,59,87,80
1,44,59,84,80
1,45,59,72,80
1,46,59,65,80
1,47,59,73,80
1,48,59,86,80
1,49,59,17,80
1,50,59,78,80
1,51,59,67,80
1,52,59,76,80
1,53,59,64,80
1,54,59,69,80
1,55,59,66,80
1,56,59,74,80
1,57,59,80,80
1,58,59,163,80
1,59,59,25,80
1,60,59,8,80
1,61,59,12,80
1,62,59,82,80
1,63,59,2,80
1,64,59,151,80
1,65,59,162,80
1,66,59,24,80
1,67,59,30,80
1,68,59,26,80
1,69,59,13,80
1,70,59,7,80
1,71,59,4,80
1,72,59,21,80
1,73,59,10,80
1,74,59,165,80
1,75,59,27,80
1,76,59,152,80
1,77,59,159,80
1,78,59,32,80
1,79,59,11,80
1,80,59,29,80
1,81,59,28,80
1,82,59,16,80
1,83,59,20,80
1,84,59,145,80
1,85,59,164,80
1,86,59,1,80
1,87,59,150,80
1,88,59,142,80
1,89,59,138,80
1,90,59,156,80
1,91,59,161,80
1,92,59,160,80
1,93,59,158,80
1,94,59,136,80
1,95,59,19,80
1,96,59,132,80
1,97,59,9,80
1,98,59,3,80
1,99,59,31,80
1,100,59,144,80
1,101,59,140,80
1,102,59,137,80
1,103,59,22,80
1,104,59,154,80
1,105,59,166,80
1,106,59,121,80
1,107,59,149,80
1,108,59,14,80
1,109,59,155,80
1,110,59,141,80
1,111,59,15,80
1,112,59,139,80
1,113,59,127,80
1,114,59,147,80
1,115,59,122,80
1,116,59,131,80
1,117,59,18,80
1,118,59,120,80
1,119,59,146,80
1,120,59,5,80
1,121,59,110,80
1,122,59,6,80
1,123,59,157,80
1,124,59,130,80
1,125,59,148,80
1,126,59,109,80
1,127,59,126,80
1,128,59,124,80
1,129,59,135,80
1,130,59,153,80
1,131,59,128,80
1,132,59,134,80
1,133,59,123,80
1,134,59,129,80
1,135,59,111,80
1,136,59,125,80
1,137,59,119,80
1,138,59,105,80
1,139,59,143,80
1,140,59,98,80
1,141,59,99,80
1,142,59,90,80
1,143,59,94,80
1,144,59,96,80
1,145,59,93,80
1,146,59,117,80
1,147,59,89,80
1,148,59,107,80
1,149,59,95,80
1,150,59,103,80
1,151,59,108,80
1,152,59,97,80
1,153,59,104,80
1,154,59,114,80
1,155,59,116,80
1,156,59,92,80
1,157,59,91,80
1,158,59,113,80
1,159,59,133,80
1,160,59,112,80
1,161,59,106,80
1,162,59,101,80
1,163,59,100,80
1,164,59,102,80
1,165,59,115,80
1,166,59,118,80
1,1,60,35,124
1,2,60,40,124
1,3,60,49,124
1,4,60,52,124
1,5,60,41,124
1,6,60,38,124
1,7,60,39,124
1,8,60,58,124
1,9,60,47,124
1,10,60,50,124
1,11,60,57,124
1,12,60,42,124
1,13,60,51,124
1,14,60,56,124
1,15,60,34,124
1,16,60,46,124
1,17,60,61,124
1,18,60,60,124
1,19,60,45,124
1,20,60,54,124
1,21,60,43,124
1,22,60,33,124
1,23,60,55,124
1,24,60,59,124
1,25,60,48,124
1,26,60,53,124
1,27,60,37,124
1,28,60,23,124
1,29,60,44,124
1,30,60,70,124
1,31,60,62,124
1,32,60,81,124
1,33,60,79,124
1,34,60,85,124
1,35,60,36,124
1,36,60,75,124
1,37,60,68,124
1,38,60,88,124
1,39,60,71,124
1,40,60,63,124
1,41,60,77,124
1,42,60,83,124
1,43,60,87,124
1,44,60,84,124
1,45,60,72,124
1,46,60,65,124
1,47,60,73,124
1,48,60,86,124
1,49,60,17,124
1,50,60,78,124
1,51,60,67,124
1,52,60,76,124
1,53,60,64,124
1,54,60,69,124
1,55,60,66,124
1,56,60,74,124
1,57,60,80,124
1,58,60,163,124
1,59,60,25,124
1,60,60,8,124
1,61,60,12,124
1,62,60,82,124
1,63,60,2,124
1,64,60,151,124
1,65,60,162,124
1,66,60,24,124
1,67,60,30,124
1,68,60,26,124
1,69,60,13,124
1,70,60,7,124
1,71,60,4,124
1,72,60,21,124
1,73,60,10,124
1,74,60,165,124
1,75,60,27,124
1,76,60,152,124
1,77,60,159,124
1,78,60,32,124
1,79,60,11,124
1,80,60,29,124
1,81,60,28,124
1,82,60,16,124
1,83,60,20,124
1,84,60,145,124
1,85,60,164,124
1,86,60,1,124
1,87,60,150,124
1,88,60,142,124
1,89,60,138,124
1,90,60,156,124
1,91,60,161,124
1,92,60,160,124
1,93,60,158,124
1,94,60,136,124
1,95,60,19,124
1,96,60,132,124
1,97,60,9,124
1,98,60,3,124
1,99,60,31,124
1,100,60,144,124
1,101,60,140,124
1,102,60,137,124
1,103,60,22,124
1,104,60,154,124
1,105,60,166,124
1,106,60,121,124
1,107,60,149,124
1,108,60,14,124
1,109,60,155,124
1,110,60,141,124
1,111,60,15,124
1,112,60,139,124
1,113,60,127,124
1,114,60,147,124
1,115,60,122,124
1,116,60,131,124
1,117,60,18,124
1,118,60,120,124
1,119,60,146,124
1,120,60,5,124
1,121,60,110,124
1,122,60,6,124
1,123,60,157,124
1,124,60,130,124
1,125,60,148,124
1,126,60,109,124
1,127,60,126,124
1,128,60,124,124
1,129,60,135,124
1,130,60,153,124
1,131,60,128,124
1,132,60,134,124
1,133,60,123,124
1,134,60,129,124
1,135,60,111,124
1,136,60,125,124
1,137,60,119,124
1,138,60,105,124
1,139,60,143,124
1,140,60,98,124
1,141,60,99,124
1,142,60,90,124
1,143,60,94,124
1,144,60,96,124
1,145,60,93,124
1,146,60,117,124
1,147,60,89,124
1,148,60,107,124
1,149,60,95,124
1,150,60,103,124
1,151,60,108,124
1,152,60,97,124
1,153,60,104,124
1,154,60,114,124
1,155,60,116,124
1,156,60,92,124
1,157,60,91,124
1,158,60,113,124
1,159,60,133,124
1,160,60,112,124
1,161,60,106,124
1,162,60,101,124
1,163,60,100,124
1,164,60,102,124
1,165,60,115,124
1,166,60,118,124
1,1,61,35,72
1,2,61,40,72
1,3,61,49,72
1,4,61,52,72
1,5,61,41,72
1,6,61,38,72
1,7,61,39,72
1,8,61,58,72
1,9,61,47,72
1,10,61,50,72
1,11,61,57,72
1,12,61,42,72
1,13,61,51,72
1,14,61,56,72
1,15,61,34,72
1,16,61,46,72
1,17,61,61,72
1,18,61,60,72
1,19,61,45,72
1,20,61,54,72
1,21,61,43,72
1,22,61,33,72
1,23,61,55,72
1,24,61,59,72
1,25,61,48,72
1,26,61,53,72
1,27,61,37,72
1,28,61,23,72
1,29,61,44,72
1,30,61,70,72
1,31,61,62,72
1,32,61,81,72
1,33,61,79,72
1,34,61,85,72
1,35,61,36,72
1,36,61,75,72
1,37,61,68,72
1,38,61,88,72
1,39,61,71,72
1,40,61,63,72
1,41,61,77,72
1,42,61,83,72
1,43,61,87,72
1,44,61,84,72
1,45,61,72,72
1,46,61,65,72
1,47,61,73,72
1,48,61,86,72
1,49,61,17,72
1,50,61,78,72
1,51,61,67,72
1,52,61,76,72
1,53,61,64,72
1,54,61,69,72
1,55,61,66,72
1,56,61,74,72
1,57,61,80,72
1,58,61,163,72
1,59,61,25,72
1,60,61,8,72
1,61,61,12,72
1,62,61,82,72
1,63,61,2,72
1,64,61,151,72
1,65,61,162,72
1,66,61,24,72
1,67,61,30,72
1,68,61,26,72
1,69,61,13,72
1,70,61,7,72
1,71,61,4,72
1,72,61,21,72
1,73,61,10,72
1,74,61,165,72
1,75,61,27,72
1,76,61,152,72
1,77,61,159,72
1,78,61,32,72
1,79,61,11,72
1,80,61,29,72
1,81,61,28,72
1,82,61,16,72
1,83,61,20,72
1,84,61,145,72
1,85,61,164,72
1,86,61,1,72
1,87,61,150,72
1,88,61,142,72
1,89,61,138,72
1,90,61,156,72
1,91,61,161,72
1,92,61,160,72
1,93,61,158,72
1,94,61,136,72
1,95,61,19,72
1,96,61,132,72
1,97,61,9,72
1,98,61,3,72
1,99,61,31,72
1,100,61,144,72
1,101,61,140,72
1,102,61,137,72
1,103,61,22,72
1,104,61,154,72
1,105,61,166,72
1,106,61,121,72
1,107,61,149,72
1,108,61,14,72
1,109,61,155,72
1,110,61,141,72
1,111,61,15,72
1,112,61,139,72
1,113,61,127,72
1,114,61,147,72
1,115,61,122,72
1,116,61,131,72
1,117,61,18,72
1,118,61,120,72
1,119,61,146,72
1,120,61,5,72
1,121,61,110,72
1,122,61,6,72
1,123,61,157,72
1,124,61,130,72
1,125,61,148,72
1,126,61,109,72
1,127,61,126,72
1,128,61,124,72
1,129,61,135,72
1,130,61,153,72
1,131,61,128,72
1,132,61,134,72
1,133,61,123,72
1,134,61,129,72
1,135,61,111,72
1,136,61,125,72
1,137,61,119,72
1,138,61,105,72
1,139,61,143,72
1,140,61,98,72
1,141,61,99,72
1,142,61,90,72
1,143,61,94,72
1,144,61,96,72
1,145,61,93,72
1,146,61,117,72
1,147,61,89,72
1,148,61,107,72
1,149,61,95,72
1,150,61,103,72
1,151,61,108,72
1,152,61,97,72
1,153,61,104,72
1,154,61,114,72
1,155,61,116,72
1,156,61,92,72
1,157,61,91,72
1,158,61,113,72
1,159,61,133,72
1,160,61,112,72
1,161,61,106,72
1,162,61,101,72
1,163,61,100,72
1,164,61,102,72
1,165,61,115,72
1,166,61,118,72
3,1,62,35,4
3,2,62,40,4
3,3,62,49,4
3,4,62,52,4
3,5,62,41,4
3,6,62,38,4
3,7,62,39,4
3,8,62,58,4
3,9,62,47,4
3,10,62,50,4
3,11,62,57,4
3,12,62,42,4
3,13,62,51,4
3,14,62,56,4
3,15,62,34,4
3,16,62,46,4
3,17,62,61,4
3,18,62,60,4
3,19,62,45,4
3,20,62,54,4
3,21,62,43,4
3,22,62,33,4
3,23,62,55,4
3,24,62,59,4
3,25,62,48,4
3,26,62,53,4
3,27,62,37,4
3,28,62,23,4
3,29,62,44,4
3,30,62,70,4
3,31,62,62,4
3,32,62,81,4
3,33,62,79,4
3,34,62,85,4
3,35,62,36,4
3,36,62,75,4
3,37,62,68,4
3,38,62,88,4
3,39,62,71,4
3,40,62,63,4
3,41,62,77,4
3,42,62,83,4
3,43,62,87,4
3,44,62,84,4
3,45,62,72,4
3,46,62,65,4
3,47,62,73,4
3,48,62,86,4
3,49,62,17,4
3,50,62,78,4
3,51,62,67,4
3,52,62,76,4
3,53,62,64,4
3,54,62,69,4
3,55,62,66,4
3,56,62,74,4
3,57,62,80,4
3,58,62,163,4
3,59,62,25,4
3,60,62,8,4
3,61,62,12,4
3,62,62,82,4
3,63,62,2,4
3,64,62,151,4
3,65,62,162,4
3,66,62,24,4
3,67,62,30,4
3,68,62,26,4
3,69,62,13,4
3,70,62,7,4
3,71,62,4,4
4,72,62,21,4
4,73,62,10,4
4,74,62,165,4
4,75,62,27,4
4,76,62,152,4
4,77,62,159,4
4,78,62,32,4
4,79,62,11,4
4,80,62,29,4
4,81,62,28,4
4,82,62,16,4
12,83,62,20,4
12,84,62,145,4
12,85,62,164,4
12,86,62,1,4
12,87,62,150,4
12,88,62,142,4
12,89,62,138,4
12,90,62,156,4
12,91,62,161,4
12,92,62,160,4
12,93,62,158,4
12,94,62,136,4
12,95,62,19,4
12,96,62,132,4
12,97,62,9,4
12,98,62,3,4
12,99,62,31,4
12,100,62,144,4
12,101,62,140,4
12,102,62,137,4
12,103,62,22,4
12,104,62,154,4
12,105,62,166,4
12,106,62,121,4
12,107,62,149,4
12,108,62,14,4
12,109,62,155,4
12,110,62,141,4
12,111,62,15,4
12,112,62,139,4
12,113,62,127,4
12,114,62,147,4
12,115,62,122,4
12,116,62,131,4
12,117,62,18,4
12,118,62,120,4
12,119,62,146,4
12,120,62,5,4
12,121,62,110,4
12,122,62,6,4
12,123,62,157,4
12,124,62,130,4
12,125,62,148,4
12,126,62,109,4
12,127,62,126,4
12,128,62,124,4
13,129,62,135,4
13,130,62,153,4
13,131,62,128,4
13,132,62,134,4
13,133,62,123,4
13,134,62,129,4
13,135,62,111,4
13,136,62,125,4
13,137,62,119,4
1,138,62,105,4
1,139,62,143,4
1,140,62,98,4
1,141,62,99,4
1,142,62,90,4
1,143,62,94,4
1,144,62,96,4
1,145,62,93,4
1,146,62,117,4
1,147,62,89,4
1,148,62,107,4
1,149,62,95,4
1,150,62,103,4
1,151,62,108,4
1,152,62,97,4
1,153,62,104,4
1,154,62,114,4
1,155,62,116,4
1,156,62,92,4
1,157,62,91,4
1,158,62,113,4
1,159,62,133,4
1,160,62,112,4
1,161,62,106,4
1,162,62,101,4
1,163,62,100,4
1,164,62,102,4
1,165,62,115,4
1,166,62,118,4
3,1,63,35,18
3,2,63,40,18
3,3,63,49,18
3,4,63,52,18
3,5,63,41,18
3,6,63,38,18
3,7,63,39,18
3,8,63,58,18
3,9,63,47,18
3,10,63,50,18
3,11,63,57,18
3,12,63,42,18
3,13,63,51,18
3,14,63,56,18
3,15,63,34,18
3,16,63,46,18
3,17,63,61,18
3,18,63,60,18
3,19,63,45,18
3,20,63,54,18
3,21,63,43,18
3,22,63,33,18
3,23,63,55,18
3,24,63,59,18
3,25,63,48,18
3,26,63,53,18
3,27,63,37,18
3,28,63,23,18
3,29,63,44,18
3,30,63,70,18
3,31,63,62,18
3,32,63,81,18
3,33,63,79,18
3,34,63,85,18
3,35,63,36,18
3,36,63,75,18
3,37,63,68,18
3,38,63,88,18
3,39,63,71,18
3,40,63,63,18
3,41,63,77,18
3,42,63,83,18
3,43,63,87,18
3,44,63,84,18
3,45,63,72,18
3,46,63,65,18
3,47,63,73,18
3,48,63,86,18
3,49,63,17,18
3,50,63,78,18
3,51,63,67,18
3,52,63,76,18
3,53,63,64,18
3,54,63,69,18
3,55,63,66,18
3,56,63,74,18
3,57,63,80,18
3,58,63,163,18
3,59,63,25,18
3,60,63,8,18
3,61,63,12,18
3,62,63,82,18
3,63,63,2,18
3,64,63,151,18
3,65,63,162,18
3,66,63,24,18
3,67,63,30,18
3,68,63,26,18
3,69,63,13,18
3,70,63,7,18
3,71,63,4,18
4,72,63,21,18
4,73,63,10,18
4,74,63,165,18
4,75,63,27,18
4,76,63,152,18
4,77,63,159,18
4,78,63,32,18
4,79,63,11,18
4,80,63,29,18
4,81,63,28,18
4,82,63,16,18
12,83,63,20,18
12,84,63,145,18
12,85,63,164,18
12,86,63,1,18
12,87,63,150,18
12,88,63,142,18
12,89,63,138,18
12,90,63,156,18
12,91,63,161,18
12,92,63,160,18
12,93,63,158,18
12,94,63,136,18
12,95,63,19,18
12,96,63,132,18
12,97,63,9,18
12,98,63,3,18
12,99,63,31,18
12,100,63,144,18
12,101,63,140,18
12,102,63,137,18
12,103,63,22,18
12,104,63,154,18
12,105,63,166,18
12,106,63,121,18
12,107,63,149,18
12,108,63,14,18
12,109,63,155,18
12,110,63,141,18
12,111,63,15,18
12,112,63,139,18
12,113,63,127,18
12,114,63,147,18
12,115,63,122,18
12,116,63,131,18
12,117,63,18,18
12,118,63,120,18
12,119,63,146,18
12,120,63,5,18
12,121,63,110,18
12,122,63,6,18
12,123,63,157,18
12,124,63,130,18
12,125,63,148,18
12,126,63,109,18
12,127,63,126,18
12,128,63,124,18
13,129,63,135,18
13,130,63,153,18
13,131,63,128,18
13,132,63,134,18
13,133,63,123,18
13,134,63,129,18
13,135,63,111,18
13,136,63,125,18
13,137,63,119,18
1,138,63,105,18
1,139,63,143,18
1,140,63,98,18
1,141,63,99,18
1,142,63,90,18
1,143,63,94,18
1,144,63,96,18
1,145,63,93,18
1,146,63,117,18
1,147,63,89,18
1,148,63,107,18
1,149,63,95,18
1,150,63,103,18
1,151,63,108,18
1,152,63,97,18
1,153,63,104,18
1,154,63,114,18
1,155,63,116,18
1,156,63,92,18
1,157,63,91,18
1,158,63,113,18
1,159,63,133,18
1,160,63,112,18
1,161,63,106,18
1,162,63,101,18
1,163,63,100,18
1,164,63,102,18
1,165,63,115,18
1,166,63,118,18
3,1,64,35,19
3,2,64,40,19
3,3,64,49,19
3,4,64,52,19
3,5,64,41,19
3,6,64,38,19
3,7,64,39,19
3,8,64,58,19
3,9,64,47,19
3,10,64,50,19
3,11,64,57,19
3,12,64,42,19
3,13,64,51,19
3,14,64,56,19
3,15,64,34,19
3,16,64,46,19
3,17,64,61,19
3,18,64,60,19
3,19,64,45,19
3,20,64,54,19
3,21,64,43,19
3,22,64,33,19
3,23,64,55,19
3,24,64,59,19
3,25,64,48,19
3,26,64,53,19
3,27,64,37,19
3,28,64,23,19
3,29,64,44,19
3,30,64,70,19
3,31,64,62,19
3,32,64,81,19
3,33,64,79,19
3,34,64,85,19
3,35,64,36,19
3,36,64,75,19
3,37,64,68,19
3,38,64,88,19
3,39,64,71,19
3,40,64,63,19
3,41,64,77,19
3,42,64,83,19
3,43,64,87,19
3,44,64,84,19
3,45,64,72,19
3,46,64,65,19
3,47,64,73,19
3,48,64,86,19
3,49,64,17,19
3,50,64,78,19
3,51,64,67,19
3,52,64,76,19
3,53,64,64,19
3,54,64,69,19
3,55,64,66,19
3,56,64,74,19
3,57,64,80,19
3,58,64,163,19
3,59,64,25,19
3,60,64,8,19
3,61,64,12,19
3,62,64,82,19
3,63,64,2,19
3,64,64,151,19
3,65,64,162,19
3,66,64,24,19
3,67,64,30,19
3,68,64,26,19
3,69,64,13,19
3,70,64,7,19
3,71,64,4,19
4,72,64,21,19
4,73,64,10,19
4,74,64,165,19
4,75,64,27,19
4,76,64,152,19
4,77,64,159,19
4,78,64,32,19
4,79,64,11,19
4,80,64,29,19
4,81,64,28,19
4,82,64,16,19
12,83,64,20,19
12,84,64,145,19
12,85,64,164,19
12,86,64,1,19
12,87,64,150,19
12,88,64,142,19
12,89,64,138,19
12,90,64,156,19
12,91,64,161,19
12,92,64,160,19
12,93,64,158,19
12,94,64,136,19
12,95,64,19,19
12,96,64,132,19
12,97,64,9,19
12,98,64,3,19
12,99,64,31,19
12,100,64,144,19
12,101,64,140,19
12,102,64,137,19
12,103,64,22,19
12,104,64,154,19
12,105,64,166,19
12,106,64,121,19
12,107,64,149,19
12,108,64,14,19
12,109,64,155,19
12,110,64,141,19
12,111,64,15,19
12,112,64,139,19
12,113,64,127,19
12,114,64,147,19
12,115,64,122,19
12,116,64,131,19
12,117,64,18,19
12,118,64,120,19
12,119,64,146,19
12,120,64,5,19
12,121,64,110,19
12,122,64,6,19
12,123,64,157,19
12,124,64,130,19
12,125,64,148,19
12,126,64,109,19
12,127,64,126,19
12,128,64,124,19
13,129,64,135,19
13,130,64,153,19
13,131,64,128,19
13,132,64,134,19
13,133,64,123,19
13,134,64,129,19
13,135,64,111,19
13,136,64,125,19
13,137,64,119,19
1,138,64,105,19
1,139,64,143,19
1,140,64,98,19
1,141,64,99,19
1,142,64,90,19
1,143,64,94,19
1,144,64,96,19
1,145,64,93,19
1,146,64,117,19
1,147,64,89,19
1,148,64,107,19
1,149,64,95,19
1,150,64,103,19
1,151,64,108,19
1,152,64,97,19
1,153,64,104,19
1,154,64,114,19
1,155,64,116,19
1,156,64,92,19
1,157,64,91,19
1,158,64,113,19
1,159,64,133,19
1,160,64,112,19
1,161,64,106,19
1,162,64,101,19
1,163,64,100,19
1,164,64,102,19
1,165,64,115,19
1,166,64,118,19
3,1,65,35,41
3,2,65,40,41
3,3,65,49,41
3,4,65,52,41
3,5,65,41,41
3,6,65,38,41
3,7,65,39,41
3,8,65,58,41
3,9,65,47,41
3,10,65,50,41
3,11,65,57,41
3,12,65,42,41
3,13,65,51,41
3,14,65,56,41
3,15,65,34,41
3,16,65,46,41
3,17,65,61,41
3,18,65,60,41
3,19,65,45,41
3,20,65,54,41
3,21,65,43,41
3,22,65,33,41
3,23,65,55,41
3,24,65,59,41
3,25,65,48,41
3,26,65,53,41
3,27,65,37,41
3,28,65,23,41
3,29,65,44,41
3,30,65,70,41
3,31,65,62,41
3,32,65,81,41
3,33,65,79,41
3,34,65,85,41
3,35,65,36,41
3,36,65,75,41
3,37,65,68,41
3,38,65,88,41
3,39,65,71,41
3,40,65,63,41
3,41,65,77,41
3,42,65,83,41
3,43,65,87,41
3,44,65,84,41
3,45,65,72,41
3,46,65,65,41
3,47,65,73,41
3,48,65,86,41
3,49,65,17,41
3,50,65,78,41
3,51,65,67,41
3,52,65,76,41
3,53,65,64,41
3,54,65,69,41
3,55,65,66,41
3,56,65,74,41
3,57,65,80,41
3,58,65,163,41
3,59,65,25,41
3,60,65,8,41
3,61,65,12,41
3,62,65,82,41
3,63,65,2,41
3,64,65,151,41
3,65,65,162,41
3,66,65,24,41
3,67,65,30,41
3,68,65,26,41
3,69,65,13,41
3,70,65,7,41
3,71,65,4,41
4,72,65,21,41
4,73,65,10,41
4,74,65,165,41
4,75,65,27,41
4,76,65,152,41
4,77,65,159,41
4,78,65,32,41
4,79,65,11,41
4,80,65,29,41
4,81,65,28,41
4,82,65,16,41
12,83,65,20,41
12,84,65,145,41
12,85,65,164,41
12,86,65,1,41
12,87,65,150,41
12,88,65,142,41
12,89,65,138,41
12,90,65,156,41
12,91,65,161,41
12,92,65,160,41
12,93,65,158,41
12,94,65,136,41
12,95,65,19,41
12,96,65,132,41
12,97,65,9,41
12,98,65,3,41
12,99,65,31,41
12,100,65,144,41
12,101,65,140,41
12,102,65,137,41
12,103,65,22,41
12,104,65,154,41
12,105,65,166,41
12,106,65,121,41
12,107,65,149,41
12,108,65,14,41
12,109,65,155,41
12,110,65,141,41
12,111,65,15,41
12,112,65,139,41
12,113,65,127,41
12,114,65,147,41
12,115,65,122,41
12,116,65,131,41
12,117,65,18,41
12,118,65,120,41
12,119,65,146,41
12,120,65,5,41
12,121,65,110,41
12,122,65,6,41
12,123,65,157,41
12,124,65,130,41
12,125,65,148,41
12,126,65,109,41
12,127,65,126,41
12,128,65,124,41
13,129,65,135,41
13,130,65,153,41
13,131,65,128,41
13,132,65,134,41
13,133,65,123,41
13,134,65,129,41
13,135,65,111,41
13,136,65,125,41
13,137,65,119,41
1,138,65,105,41
1,139,65,143,41
1,140,65,98,41
1,141,65,99,41
1,142,65,90,41
1,143,65,94,41
1,144,65,96,41
1,145,65,93,41
1,146,65,117,41
1,147,65,89,41
1,148,65,107,41
1,149,65,95,41
1,150,65,103,41
1,151,65,108,41
1,152,65,97,41
1,153,65,104,41
1,154,65,114,41
1,155,65,116,41
1,156,65,92,41
1,157,65,91,41
1,158,65,113,41
1,159,65,133,41
1,160,65,112,41
1,161,65,106,41
1,162,65,101,41
1,163,65,100,41
1,164,65,102,41
1,165,65,115,41
1,166,65,118,41
3,1,66,35,46
3,2,66,40,46
3,3,66,49,46
3,4,66,52,46
3,5,66,41,46
3,6,66,38,46
3,7,66,39,46
3,8,66,58,46
3,9,66,47,46
3,10,66,50,46
3,11,66,57,46
3,12,66,42,46
3,13,66,51,46
3,14,66,56,46
3,15,66,34,46
3,16,66,46,46
3,17,66,61,46
3,18,66,60,46
3,19,66,45,46
3,20,66,54,46
3,21,66,43,46
3,22,66,33,46
3,23,66,55,46
3,24,66,59,46
3,25,66,48,46
3,26,66,53,46
3,27,66,37,46
3,28,66,23,46
3,29,66,44,46
3,30,66,70,46
3,31,66,62,46
3,32,66,81,46
3,33,66,79,46
3,34,66,85,46
3,35,66,36,46
3,36,66,75,46
3,37,66,68,46
3,38,66,88,46
3,39,66,71,46
3,40,66,63,46
3,41,66,77,46
3,42,66,83,46
3,43,66,87,46
3,44,66,84,46
3,45,66,72,46
3,46,66,65,46
3,47,66,73,46
3,48,66,86,46
3,49,66,17,46
3,50,66,78,46
3,51,66,67,46
3,52,66,76,46
3,53,66,64,46
3,54,66,69,46
3,55,66,66,46
3,56,66,74,46
3,57,66,80,46
3,58,66,163,46
3,59,66,25,46
3,60,66,8,46
3,61,66,12,46
3,62,66,82,46
3,63,66,2,46
3,64,66,151,46
3,65,66,162,46
3,66,66,24,46
3,67,66,30,46
3,68,66,26,46
3,69,66,13,46
3,70,66,7,46
3,71,66,4,46
4,72,66,21,46
4,73,66,10,46
4,74,66,165,46
4,75,66,27,46
4,76,66,152,46
4,77,66,159,46
4,78,66,32,46
4,79,66,11,46
4,80,66,29,46
4,81,66,28,46
4,82,66,16,46
12,83,66,20,46
12,84,66,145,46
12,85,66,164,46
12,86,66,1,46
12,87,66,150,46
12,88,66,142,46
12,89,66,138,46
12,90,66,156,46
12,91,66,161,46
12,92,66,160,46
12,93,66,158,46
12,94,66,136,46
12,95,66,19,46
12,96,66,132,46
12,97,66,9,46
12,98,66,3,46
12,99,66,31,46
12,100,66,144,46
12,101,66,140,46
12,102,66,137,46
12,103,66,22,46
12,104,66,154,46
12,105,66,166,46
12,106,66,121,46
12,107,66,149,46
12,108,66,14,46
12,109,66,155,46
12,110,66,141,46
12,111,66,15,46
12,112,66,139,46
12,113,66,127,46
12,114,66,147,46
12,115,66,122,46
12,116,66,131,46
12,117,66,18,46
12,118,66,120,46
12,119,66,146,46
12,120,66,5,46
12,121,66,110,46
12,122,66,6,46
12,123,66,157,46
12,124,66,130,46
12,125,66,148,46
12,126,66,109,46
12,127,66,126,46
12,128,66,124,46
13,129,66,135,46
13,130,66,153,46
13,131,66,128,46
13,132,66,134,46
13,133,66,123,46
13,134,66,129,46
13,135,66,111,46
13,136,66,125,46
13,137,66,119,46
1,138,66,105,46
1,139,66,143,46
1,140,66,98,46
1,141,66,99,46
1,142,66,90,46
1,143,66,94,46
1,144,66,96,46
1,145,66,93,46
1,146,66,117,46
1,147,66,89,46
1,148,66,107,46
1,149,66,95,46
1,150,66,103,46
1,151,66,108,46
1,152,66,97,46
1,153,66,104,46
1,154,66,114,46
1,155,66,116,46
1,156,66,92,46
1,157,66,91,46
1,158,66,113,46
1,159,66,133,46
1,160,66,112,46
1,161,66,106,46
1,162,66,101,46
1,163,66,100,46
1,164,66,102,46
1,165,66,115,46
1,166,66,118,46
3,1,67,35,87
3,2,67,40,87
3,3,67,49,87
3,4,67,52,87
3,5,67,41,87
3,6,67,38,87
3,7,67,39,87
3,8,67,58,87
3,9,67,47,87
3,10,67,50,87
3,11,67,57,87
3,12,67,42,87
3,13,67,51,87
3,14,67,56,87
3,15,67,34,87
3,16,67,46,87
3,17,67,61,87
3,18,67,60,87
3,19,67,45,87
3,20,67,54,87
3,21,67,43,87
3,22,67,33,87
3,23,67,55,87
3,24,67,59,87
3,25,67,48,87
3,26,67,53,87
3,27,67,37,87
3,28,67,23,87
3,29,67,44,87
3,30,67,70,87
3,31,67,62,87
3,32,67,81,87
3,33,67,79,87
3,34,67,85,87
3,35,67,36,87
3,36,67,75,87
3,37,67,68,87
3,38,67,88,87
3,39,67,71,87
3,40,67,63,87
3,41,67,77,87
3,42,67,83,87
3,43,67,87,87
3,44,67,84,87
3,45,67,72,87
3,46,67,65,87
3,47,67,73,87
3,48,67,86,87
3,49,67,17,87
3,50,67,78,87
3,51,67,67,87
3,52,67,76,87
3,53,67,64,87
3,54,67,69,87
3,55,67,66,87
3,56,67,74,87
3,57,67,80,87
3,58,67,163,87
3,59,67,25,87
3,60,67,8,87
3,61,67,12,87
3,62,67,82,87
3,63,67,2,87
3,64,67,151,87
3,65,67,162,87
3,66,67,24,87
3,67,67,30,87
3,68,67,26,87
3,69,67,13,87
3,70,67,7,87
3,71,67,4,87
4,72,67,21,87
4,73,67,10,87
4,74,67,165,87
4,75,67,27,87
4,76,67,152,87
4,77,67,159,87
4,78,67,32,87
4,79,67,11,87
4,80,67,29,87
4,81,67,28,87
4,82,67,16,87
12,83,67,20,87
12,84,67,145,87
12,85,67,164,87
12,86,67,1,87
12,87,67,150,87
12,88,67,142,87
12,89,67,138,87
12,90,67,156,87
12,91,67,161,87
12,92,67,160,87
12,93,67,158,87
12,94,67,136,87
12,95,67,19,87
12,96,67,132,87
12,97,67,9,87
12,98,67,3,87
12,99,67,31,87
12,100,67,144,87
12,101,67,140,87
12,102,67,137,87
12,103,67,22,87
12,104,67,154,87
12,105,67,166,87
12,106,67,121,87
12,107,67,149,87
12,108,67,14,87
12,109,67,155,87
12,110,67,141,87
12,111,67,15,87
12,112,67,139,87
12,113,67,127,87
12,114,67,147,87
12,115,67,122,87
12,116,67,131,87
12,117,67,18,87
12,118,67,120,87
12,119,67,146,87
12,120,67,5,87
12,121,67,110,87
12,122,67,6,87
12,123,67,157,87
12,124,67,130,87
12,125,67,148,87
12,126,67,109,87
12,127,67,126,87
12,128,67,124,87
13,129,67,135,87
13,130,67,153,87
13,131,67,128,87
13,132,67,134,87
13,133,67,123,87
13,134,67,129,87
13,135,67,111,87
13,136,67,125,87
13,137,67,119,87
1,138,67,105,87
1,139,67,143,87
1,140,67,98,87
1,141,67,99,87
1,142,67,90,87
1,143,67,94,87
1,144,67,96,87
1,145,67,93,87
1,146,67,117,87
1,147,67,89,87
1,148,67,107,87
1,149,67,95,87
1,150,67,103,87
1,151,67,108,87
1,152,67,97,87
1,153,67,104,87
1,154,67,114,87
1,155,67,116,87
1,156,67,92,87
1,157,67,91,87
1,158,67,113,87
1,159,67,133,87
1,160,67,112,87
1,161,67,106,87
1,162,67,101,87
1,163,67,100,87
1,164,67,102,87
1,165,67,115,87
1,166,67,118,87
3,1,68,35,99
3,2,68,40,99
3,3,68,49,99
3,4,68,52,99
3,5,68,41,99
3,6,68,38,99
3,7,68,39,99
3,8,68,58,99
3,9,68,47,99
3,10,68,50,99
3,11,68,57,99
3,12,68,42,99
3,13,68,51,99
3,14,68,56,99
3,15,68,34,99
3,16,68,46,99
3,17,68,61,99
3,18,68,60,99
3,19,68,45,99
3,20,68,54,99
3,21,68,43,99
3,22,68,33,99
3,23,68,55,99
3,24,68,59,99
3,25,68,48,99
3,26,68,53,99
3,27,68,37,99
3,28,68,23,99
3,29,68,44,99
3,30,68,70,99
3,31,68,62,99
3,32,68,81,99
3,33,68,79,99
3,34,68,85,99
3,35,68,36,99
3,36,68,75,99
3,37,68,68,99
3,38,68,88,99
3,39,68,71,99
3,40,68,63,99
3,41,68,77,99
3,42,68,83,99
3,43,68,87,99
3,44,68,84,99
3,45,68,72,99
3,46,68,65,99
3,47,68,73,99
3,48,68,86,99
3,49,68,17,99
3,50,68,78,99
3,51,68,67,99
3,52,68,76,99
3,53,68,64,99
3,54,68,69,99
3,55,68,66,99
3,56,68,74,99
3,57,68,80,99
3,58,68,163,99
3,59,68,25,99
3,60,68,8,99
3,61,68,12,99
3,62,68,82,99
3,63,68,2,99
3,64,68,151,99
3,65,68,162,99
3,66,68,24,99
3,67,68,30,99
3,68,68,26,99
3,69,68,13,99
3,70,68,7,99
3,71,68,4,99
4,72,68,21,99
4,73,68,10,99
4,74,68,165,99
4,75,68,27,99
4,76,68,152,99
4,77,68,159,99
4,78,68,32,99
4,79,68,11,99
4,80,68,29,99
4,81,68,28,99
4,82,68,16,99
12,83,68,20,99
12,84,68,145,99
12,85,68,164,99
12,86,68,1,99
12,87,68,150,99
12,88,68,142,99
12,89,68,138,99
12,90,68,156,99
12,91,68,161,99
12,92,68,160,99
12,93,68,158,99
12,94,68,136,99
12,95,68,19,99
12,96,68,132,99
12,97,68,9,99
12,98,68,3,99
12,99,68,31,99
12,100,68,144,99
12,101,68,140,99
12,102,68,137,99
12,103,68,22,99
12,104,68,154,99
12,105,68,166,99
12,106,68,121,99
12,107,68,149,99
12,108,68,14,99
12,109,68,155,99
12,110,68,141,99
12,111,68,15,99
12,112,68,139,99
12,113,68,127,99
12,114,68,147,99
12,115,68,122,99
12,116,68,131,99
12,117,68,18,99
12,118,68,120,99
12,119,68,146,99
12,120,68,5,99
12,121,68,110,99
12,122,68,6,99
12,123,68,157,99
12,124,68,130,99
12,125,68,148,99
12,126,68,109,99
12,127,68,126,99
12,128,68,124,99
13,129,68,135,99
13,130,68,153,99
13,131,68,128,99
13,132,68,134,99
13,133,68,123,99
13,134,68,129,99
13,135,68,111,99
13,136,68,125,99
13,137,68,119,99
1,138,68,105,99
1,139,68,143,99
1,140,68,98,99
1,141,68,99,99
1,142,68,90,99
1,143,68,94,99
1,144,68,96,99
1,145,68,93,99
1,146,68,117,99
1,147,68,89,99
1,148,68,107,99
1,149,68,95,99
1,150,68,103,99
1,151,68,108,99
1,152,68,97,99
1,153,68,104,99
1,154,68,114,99
1,155,68,116,99
1,156,68,92,99
1,157,68,91,99
1,158,68,113,99
1,159,68,133,99
1,160,68,112,99
1,161,68,106,99
1,162,68,101,99
1,163,68,100,99
1,164,68,102,99
1,165,68,115,99
1,166,68,118,99
3,1,69,35,138
3,2,69,40,138
3,3,69,49,138
3,4,69,52,138
3,5,69,41,138
3,6,69,38,138
3,7,69,39,138
3,8,69,58,138
3,9,69,47,138
3,10,69,50,138
3,11,69,57,138
3,12,69,42,138
3,13,69,51,138
3,14,69,56,138
3,15,69,34,138
3,16,69,46,138
3,17,69,61,138
3,18,69,60,138
3,19,69,45,138
3,20,69,54,138
3,21,69,43,138
3,22,69,33,138
3,23,69,55,138
3,24,69,59,138
3,25,69,48,138
3,26,69,53,138
3,27,69,37,138
3,28,69,23,138
3,29,69,44,138
3,30,69,70,138
3,31,69,62,138
3,32,69,81,138
3,33,69,79,138
3,34,69,85,138
3,35,69,36,138
3,36,69,75,138
3,37,69,68,138
3,38,69,88,138
3,39,69,71,138
3,40,69,63,138
3,41,69,77,138
3,42,69,83,138
3,43,69,87,138
3,44,69,84,138
3,45,69,72,138
3,46,69,65,138
3,47,69,73,138
3,48,69,86,138
3,49,69,17,138
3,50,69,78,138
3,51,69,67,138
3,52,69,76,138
3,53,69,64,138
3,54,69,69,138
3,55,69,66,138
3,56,69,74,138
3,57,69,80,138
3,58,69,163,138
3,59,69,25,138
3,60,69,8,138
3,61,69,12,138
3,62,69,82,138
3,63,69,2,138
3,64,69,151,138
3,65,69,162,138
3,66,69,24,138
3,67,69,30,138
3,68,69,26,138
3,69,69,13,138
3,70,69,7,138
3,71,69,4,138
4,72,69,21,138
4,73,69,10,138
4,74,69,165,138
4,75,69,27,138
4,76,69,152,138
4,77,69,159,138
4,78,69,32,138
4,79,69,11,138
4,80,69,29,138
4,81,69,28,138
4,82,69,16,138
12,83,69,20,138
12,84,69,145,138
12,85,69,164,138
12,86,69,1,138
12,87,69,150,138
12,88,69,142,138
12,89,69,138,138
12,90,69,156,138
12,91,69,161,138
12,92,69,160,138
12,93,69,158,138
12,94,69,136,138
12,95,69,19,138
12,96,69,132,138
12,97,69,9,138
12,98,69,3,138
12,99,69,31,138
12,100,69,144,138
12,101,69,140,138
12,102,69,137,138
12,103,69,22,138
12,104,69,154,138
12,105,69,166,138
12,106,69,121,138
12,107,69,149,138
12,108,69,14,138
12,109,69,155,138
12,110,69,141,138
12,111,69,15,138
12,112,69,139,138
12,113,69,127,138
12,114,69,147,138
12,115,69,122,138
12,116,69,131,138
12,117,69,18,138
12,118,69,120,138
12,119,69,146,138
12,120,69,5,138
12,121,69,110,138
12,122,69,6,138
12,123,69,157,138
12,124,69,130,138
12,125,69,148,138
12,126,69,109,138
12,127,69,126,138
12,128,69,124,138
13,129,69,135,138
13,130,69,153,138
13,131,69,128,138
13,132,69,134,138
13,133,69,123,138
13,134,69,129,138
13,135,69,111,138
13,136,69,125,138
13,137,69,119,138
1,138,69,105,138
1,139,69,143,138
1,140,69,98,138
1,141,69,99,138
1,142,69,90,138
1,143,69,94,138
1,144,69,96,138
1,145,69,93,138
1,146,69,117,138
1,147,69,89,138
1,148,69,107,138
1,149,69,95,138
1,150,69,103,138
1,151,69,108,138
1,152,69,97,138
1,153,69,104,138
1,154,69,114,138
1,155,69,116,138
1,156,69,92,138
1,157,69,91,138
1,158,69,113,138
1,159,69,133,138
1,160,69,112,138
1,161,69,106,138
1,162,69,101,138
1,163,69,100,138
1,164,69,102,138
1,165,69,115,138
1,166,69,118,138
3,1,70,35,58
3,2,70,40,58
3,3,70,49,58
3,4,70,52,58
3,5,70,41,58
3,6,70,38,58
3,7,70,39,58
3,8,70,58,58
3,9,70,47,58
3,10,70,50,58
3,11,70,57,58
3,12,70,42,58
3,13,70,51,58
3,14,70,56,58
3,15,70,34,58
3,16,70,46,58
3,17,70,61,58
3,18,70,60,58
3,19,70,45,58
3,20,70,54,58
3,21,70,43,58
3,22,70,33,58
3,23,70,55,58
3,24,70,59,58
3,25,70,48,58
3,26,70,53,58
3,27,70,37,58
3,28,70,23,58
3,29,70,44,58
3,30,70,70,58
3,31,70,62,58
3,32,70,81,58
3,33,70,79,58
3,34,70,85,58
3,35,70,36,58
3,36,70,75,58
3,37,70,68,58
3,38,70,88,58
3,39,70,71,58
3,40,70,63,58
3,41,70,77,58
3,42,70,83,58
3,43,70,87,58
3,44,70,84,58
3,45,70,72,58
3,46,70,65,58
3,47,70,73,58
3,48,70,86,58
3,49,70,17,58
3,50,70,78,58
3,51,70,67,58
3,52,70,76,58
3,53,70,64,58
3,54,70,69,58
3,55,70,66,58
3,56,70,74,58
3,57,70,80,58
3,58,70,163,58
3,59,70,25,58
3,60,70,8,58
3,61,70,12,58
3,62,70,82,58
3,63,70,2,58
3,64,70,151,58
3,65,70,162,58
3,66,70,24,58
3,67,70,30,58
3,68,70,26,58
3,69,70,13,58
3,70,70,7,58
3,71,70,4,58
4,72,70,21,58
4,73,70,10,58
4,74,70,165,58
4,75,70,27,58
4,76,70,152,58
4,77,70,159,58
4,78,70,32,58
4,79,70,11,58
4,80,70,29,58
4,81,70,28,58
4,82,70,16,58
12,83,70,20,58
12,84,70,145,58
12,85,70,164,58
12,86,70,1,58
12,87,70,150,58
12,88,70,142,58
12,89,70,138,58
12,90,70,156,58
12,91,70,161,58
12,92,70,160,58
12,93,70,158,58
12,94,70,136,58
12,95,70,19,58
12,96,70,132,58
12,97,70,9,58
12,98,70,3,58
12,99,70,31,58
12,100,70,144,58
12,101,70,140,58
12,102,70,137,58
12,103,70,22,58
12,104,70,154,58
12,105,70,166,58
12,106,70,121,58
12,107,70,149,58
12,108,70,14,58
12,109,70,155,58
12,110,70,141,58
12,111,70,15,58
12,112,70,139,58
12,113,70,127,58
12,114,70,147,58
12,115,70,122,58
12,116,70,131,58
12,117,70,18,58
12,118,70,120,58
12,119,70,146,58
12,120,70,5,58
12,121,70,110,58
12,122,70,6,58
12,123,70,157,58
12,124,70,130,58
12,125,70,148,58
12,126,70,109,58
12,127,70,126,58
12,128,70,124,58
13,129,70,135,58
13,130,70,153,58
13,131,70,128,58
13,132,70,134,58
13,133,70,123,58
13,134,70,129,58
13,135,70,111,58
13,136,70,125,58
13,137,70,119,58
1,138,70,105,58
1,139,70,143,58
1,140,70,98,58
1,141,70,99,58
1,142,70,90,58
1,143,70,94,58
1,144,70,96,58
1,145,70,93,58
1,146,70,117,58
1,147,70,89,58
1,148,70,107,58
1,149,70,95,58
1,150,70,103,58
1,151,70,108,58
1,152,70,97,58
1,153,70,104,58
1,154,70,114,58
1,155,70,116,58
1,156,70,92,58
1,157,70,91,58
1,158,70,113,58
1,159,70,133,58
1,160,70,112,58
1,161,70,106,58
1,162,70,101,58
1,163,70,100,58
1,164,70,102,58
1,165,70,115,58
1,166,70,118,58
1,1,71,35,53
1,2,71,40,53
1,3,71,49,53
1,4,71,52,53
1,5,71,41,53
1,6,71,38,53
1,7,71,39,53
1,8,71,58,53
1,9,71,47,53
1,10,71,50,53
1,11,71,57,53
1,12,71,42,53
1,13,71,51,53
1,14,71,56,53
1,15,71,34,53
1,16,71,46,53
1,17,71,61,53
1,18,71,60,53
1,19,71,45,53
1,20,71,54,53
1,21,71,43,53
1,22,71,33,53
1,23,71,55,53
1,24,71,59,53
1,25,71,48,53
1,26,71,53,53
1,27,71,37,53
1,28,71,23,53
1,29,71,44,53
1,30,71,70,53
1,31,71,62,53
1,32,71,81,53
1,33,71,79,53
1,34,71,85,53
1,35,71,36,53
1,36,71,75,53
1,37,71,68,53
1,38,71,88,53
1,39,71,71,53
1,40,71,63,53
1,41,71,77,53
1,42,71,83,53
1,43,71,87,53
1,44,71,84,53
1,45,71,72,53
1,46,71,65,53
1,47,71,73,53
1,48,71,86,53
1,49,71,17,53
1,50,71,78,53
1,51,71,67,53
1,52,71,76,53
1,53,71,64,53
1,54,71,69,53
1,55,71,66,53
1,56,71,74,53
1,57,71,80,53
1,58,71,163,53
1,59,71,25,53
1,60,71,8,53
1,61,71,12,53
1,62,71,82,53
1,63,71,2,53
1,64,71,151,53
1,65,71,162,53
1,66,71,24,53
1,67,71,30,53
11,68,71,26,53
11,69,71,13,53
11,70,71,7,53
11,71,71,4,53
11,72,71,21,53
11,73,71,10,53
11,74,71,165,53
11,75,71,27,53
11,76,71,152,53
11,77,71,159,53
11,78,71,32,53
11,79,71,11,53
11,80,71,29,53
11,81,71,28,53
11,82,71,16,53
1,83,71,20,53
1,84,71,145,53
1,85,71,164,53
1,86,71,1,53
1,87,71,150,53
1,88,71,142,53
1,89,71,138,53
1,90,71,156,53
1,91,71,161,53
1,92,71,160,53
1,93,71,158,53
1,94,71,136,53
1,95,71,19,53
1,96,71,132,53
1,97,71,9,53
1,98,71,3,53
1,99,71,31,53
1,100,71,144,53
1,101,71,140,53
1,102,71,137,53
1,103,71,22,53
1,104,71,154,53
1,105,71,166,53
1,106,71,121,53
1,107,71,149,53
1,108,71,14,53
1,109,71,155,53
1,110,71,141,53
1,111,71,15,53
1,112,71,139,53
1,113,71,127,53
1,114,71,147,53
1,115,71,122,53
1,116,71,131,53
1,117,71,18,53
1,118,71,120,53
1,119,71,146,53
1,120,71,5,53
1,121,71,110,53
1,122,71,6,53
1,123,71,157,53
1,124,71,130,53
1,125,71,148,53
1,126,71,109,53
1,127,71,126,53
1,128,71,124,53
1,129,71,135,53
1,130,71,153,53
1,131,71,128,53
1,132,71,134,53
1,133,71,123,53
1,134,71,129,53
1,135,71,111,53
1,136,71,125,53
1,137,71,119,53
1,138,71,105,53
1,139,71,143,53
1,140,71,98,53
1,141,71,99,53
1,142,71,90,53
1,143,71,94,53
1,144,71,96,53
1,145,71,93,53
1,146,71,117,53
1,147,71,89,53
1,148,71,107,53
1,149,71,95,53
1,150,71,103,53
1,151,71,108,53
1,152,71,97,53
1,153,71,104,53
1,154,71,114,53
1,155,71,116,53
1,156,71,92,53
1,157,71,91,53
1,158,71,113,53
1,159,71,133,53
1,160,71,112,53
1,161,71,106,53
1,162,71,101,53
1,163,71,100,53
1,164,71,102,53
1,165,71,115,53
1,166,71,118,53
1,1,72,35,101
1,2,72,40,101
1,3,72,49,101
1,4,72,52,101
1,5,72,41,101
1,6,72,38,101
1,7,72,39,101
1,8,72,58,101
1,9,72,47,101
1,10,72,50,101
1,11,72,57,101
1,12,72,42,101
1,13,72,51,101
1,14,72,56,101
1,15,72,34,101
1,16,72,46,101
1,17,72,61,101
1,18,72,60,101
1,19,72,45,101
1,20,72,54,101
1,21,72,43,101
1,22,72,33,101
1,23,72,55,101
1,24,72,59,101
1,25,72,48,101
1,26,72,53,101
1,27,72,37,101
1,28,72,23,101
1,29,72,44,101
1,30,72,70,101
1,31,72,62,101
1,32,72,81,101
1,33,72,79,101
1,34,72,85,101
1,35,72,36,101
1,36,72,75,101
1,37,72,68,101
1,38,72,88,101
1,39,72,71,101
1,40,72,63,101
1,41,72,77,101
1,42,72,83,101
1,43,72,87,101
1,44,72,84,101
1,45,72,72,101
1,46,72,65,101
1,47,72,73,101
1,48,72,86,101
1,49,72,17,101
1,50,72,78,101
1,51,72,67,101
1,52,72,76,101
1,53,72,64,101
1,54,72,69,101
1,55,72,66,101
1,56,72,74,101
1,57,72,80,101
1,58,72,163,101
1,59,72,25,101
1,60,72,8,101
1,61,72,12,101
1,62,72,82,101
1,63,72,2,101
1,64,72,151,101
1,65,72,162,101
1,66,72,24,101
1,67,72,30,101
1,68,72,26,101
1,69,72,13,101
1,70,72,7,101
1,71,72,4,101
1,72,72,21,101
1,73,72,10,101
1,74,72,165,101
1,75,72,27,101
1,76,72,152,101
1,77,72,159,101
1,78,72,32,101
1,79,72,11,101
1,80,72,29,101
1,81,72,28,101
1,82,72,16,101
1,83,72,20,101
1,84,72,145,101
1,85,72,164,101
1,86,72,1,101
1,87,72,150,101
1,88,72,142,101
1,89,72,138,101
1,90,72,156,101
1,91,72,161,101
1,92,72,160,101
1,93,72,158,101
1,94,72,136,101
1,95,72,19,101
1,96,72,132,101
1,97,72,9,101
1,98,72,3,101
1,99,72,31,101
1,100,72,144,101
1,101,72,140,101
1,102,72,137,101
1,103,72,22,101
1,104,72,154,101
1,105,72,166,101
1,106,72,121,101
1,107,72,149,101
1,108,72,14,101
1,109,72,155,101
1,110,72,141,101
1,111,72,15,101
1,112,72,139,101
1,113,72,127,101
1,114,72,147,101
1,115,72,122,101
1,116,72,131,101
1,117,72,18,101
1,118,72,120,101
1,119,72,146,101
1,120,72,5,101
1,121,72,110,101
1,122,72,6,101
1,123,72,157,101
1,124,72,130,101
1,125,72,148,101
1,126,72,109,101
1,127,72,126,101
1,128,72,124,101
1,129,72,135,101
1,130,72,153,101
1,131,72,128,101
1,132,72,134,101
1,133,72,123,101
1,134,72,129,101
1,135,72,111,101
1,136,72,125,101
1,137,72,119,101
1,138,72,105,101
1,139,72,143,101
1,140,72,98,101
1,141,72,99,101
1,142,72,90,101
1,143,72,94,101
1,144,72,96,101
1,145,72,93,101
1,146,72,117,101
1,147,72,89,101
1,148,72,107,101
1,149,72,95,101
1,150,72,103,101
1,151,72,108,101
1,152,72,97,101
1,153,72,104,101
1,154,72,114,101
1,155,72,116,101
1,156,72,92,101
1,157,72,91,101
1,158,72,113,101
1,159,72,133,101
1,160,72,112,101
1,161,72,106,101
1,162,72,101,101
1,163,72,100,101
1,164,72,102,101
1,165,72,115,101
1,166,72,118,101
1,1,73,35,28
1,2,73,40,28
1,3,73,49,28
1,4,73,52,28
1,5,73,41,28
1,6,73,38,28
1,7,73,39,28
1,8,73,58,28
1,9,73,47,28
1,10,73,50,28
1,11,73,57,28
1,12,73,42,28
1,13,73,51,28
1,14,73,56,28
1,15,73,34,28
1,16,73,46,28
1,17,73,61,28
1,18,73,60,28
1,19,73,45,28
1,20,73,54,28
1,21,73,43,28
1,22,73,33,28
1,23,73,55,28
1,24,73,59,28
1,25,73,48,28
1,26,73,53,28
1,27,73,37,28
1,28,73,23,28
1,29,73,44,28
1,30,73,70,28
1,31,73,62,28
1,32,73,81,28
1,33,73,79,28
1,34,73,85,28
1,35,73,36,28
1,36,73,75,28
1,37,73,68,28
1,38,73,88,28
1,39,73,71,28
1,40,73,63,28
1,41,73,77,28
1,42,73,83,28
1,43,73,87,28
1,44,73,84,28
1,45,73,72,28
1,46,73,65,28
1,47,73,73,28
1,48,73,86,28
1,49,73,17,28
1,50,73,78,28
1,51,73,67,28
1,52,73,76,28
1,53,73,64,28
1,54,73,69,28
1,55,73,66,28
1,56,73,74,28
1,57,73,80,28
1,58,73,163,28
1,59,73,25,28
1,60,73,8,28
1,61,73,12,28
1,62,73,82,28
1,63,73,2,28
1,64,73,151,28
1,65,73,162,28
1,66,73,24,28
1,67,73,30,28
1,68,73,26,28
1,69,73,13,28
1,70,73,7,28
1,71,73,4,28
1,72,73,21,28
1,73,73,10,28
1,74,73,165,28
1,75,73,27,28
1,76,73,152,28
1,77,73,159,28
1,78,73,32,28
1,79,73,11,28
1,80,73,29,28
1,81,73,28,28
1,82,73,16,28
1,83,73,20,28
1,84,73,145,28
1,85,73,164,28
1,86,73,1,28
1,87,73,150,28
1,88,73,142,28
1,89,73,138,28
1,90,73,156,28
1,91,73,161,28
1,92,73,160,28
1,93,73,158,28
1,94,73,136,28
1,95,73,19,28
1,96,73,132,28
1,97,73,9,28
1,98,73,3,28
1,99,73,31,28
1,100,73,144,28
1,101,73,140,28
1,102,73,137,28
1,103,73,22,28
1,104,73,154,28
1,105,73,166,28
1,106,73,121,28
1,107,73,149,28
1,108,73,14,28
1,109,73,155,28
1,110,73,141,28
1,111,73,15,28
1,112,73,139,28
1,113,73,127,28
1,114,73,147,28
1,115,73,122,28
1,116,73,131,28
1,117,73,18,28
1,118,73,120,28
1,119,73,146,28
1,120,73,5,28
1,121,73,110,28
1,122,73,6,28
1,123,73,157,28
1,124,73,130,28
1,125,73,148,28
1,126,73,109,28
1,127,73,126,28
1,128,73,124,28
1,129,73,135,28
1,130,73,153,28
1,131,73,128,28
1,132,73,134,28
1,133,73,123,28
1,134,73,129,28
1,135,73,111,28
1,136,73,125,28
1,137,73,119,28
1,138,73,105,28
1,139,73,143,28
1,140,73,98,28
1,141,73,99,28
1,142,73,90,28
1,143,73,94,28
1,144,73,96,28
1,145,73,93,28
1,146,73,117,28
1,147,73,89,28
1,148,73,107,28
1,149,73,95,28
1,150,73,103,28
1,151,73,108,28
1,152,73,97,28
1,153,73,104,28
1,154,73,114,28
1,155,73,116,28
1,156,73,92,28
1,157,73,91,28
1,158,73,113,28
1,159,73,133,28
1,160,73,112,28
1,161,73,106,28
1,162,73,101,28
1,163,73,100,28
1,164,73,102,28
1,165,73,115,28
1,166,73,118,28
1,1,74,35,126
1,2,74,40,126
1,3,74,49,126
1,4,74,52,126
1,5,74,41,126
1,6,74,38,126
1,7,74,39,126
1,8,74,58,126
1,9,74,47,126
1,10,74,50,126
1,11,74,57,126
1,12,74,42,126
1,13,74,51,126
1,14,74,56,126
1,15,74,34,126
1,16,74,46,126
1,17,74,61,126
1,18,74,60,126
1,19,74,45,126
1,20,74,54,126
1,21,74,43,126
1,22,74,33,126
1,23,74,55,126
1,24,74,59,126
1,25,74,48,126
1,26,74,53,126
1,27,74,37,126
1,28,74,23,126
1,29,74,44,126
1,30,74,70,126
1,31,74,62,126
1,32,74,81,126
1,33,74,79,126
1,34,74,85,126
1,35,74,36,126
1,36,74,75,126
1,37,74,68,126
1,38,74,88,126
1,39,74,71,126
1,40,74,63,126
1,41,74,77,126
1,42,74,83,126
1,43,74,87,126
1,44,74,84,126
1,45,74,72,126
1,46,74,65,126
1,47,74,73,126
1,48,74,86,126
1,49,74,17,126
1,50,74,78,126
1,51,74,67,126
1,52,74,76,126
1,53,74,64,126
1,54,74,69,126
1,55,74,66,126
1,56,74,74,126
1,57,74,80,126
1,58,74,163,126
1,59,74,25,126
1,60,74,8,126
1,61,74,12,126
1,62,74,82,126
1,63,74,2,126
1,64,74,151,126
1,65,74,162,126
1,66,74,24,126
1,67,74,30,126
1,68,74,26,126
1,69,74,13,126
1,70,74,7,126
1,71,74,4,126
1,72,74,21,126
1,73,74,10,126
1,74,74,165,126
1,75,74,27,126
1,76,74,152,126
1,77,74,159,126
1,78,74,32,126
1,79,74,11,126
1,80,74,29,126
1,81,74,28,126
1,82,74,16,126
1,83,74,20,126
1,84,74,145,126
1,85,74,164,126
1,86,74,1,126
1,87,74,150,126
1,88,74,142,126
1,89,74,138,126
1,90,74,156,126
1,91,74,161,126
1,92,74,160,126
1,93,74,158,126
1,94,74,136,126
1,95,74,19,126
1,96,74,132,126
1,97,74,9,126
1,98,74,3,126
1,99,74,31,126
1,100,74,144,126
1,101,74,140,126
1,102,74,137,126
1,103,74,22,126
1,104,74,154,126
1,105,74,166,126
1,106,74,121,126
1,107,74,149,126
1,108,74,14,126
1,109,74,155,126
1,110,74,141,126
1,111,74,15,126
1,112,74,139,126
1,113,74,127,126
1,114,74,147,126
1,115,74,122,126
1,116,74,131,126
1,117,74,18,126
1,118,74,120,126
1,119,74,146,126
1,120,74,5,126
1,121,74,110,126
1,122,74,6,126
1,123,74,157,126
1,124,74,130,126
1,125,74,148,126
1,126,74,109,126
1,127,74,126,126
1,128,74,124,126
1,129,74,135,126
1,130,74,153,126
1,131,74,128,126
1,132,74,134,126
1,133,74,123,126
1,134,74,129,126
1,135,74,111,126
1,136,74,125,126
1,137,74,119,126
1,138,74,105,126
1,139,74,143,126
1,140,74,98,126
1,141,74,99,126
1,142,74,90,126
1,143,74,94,126
1,144,74,96,126
1,145,74,93,126
1,146,74,117,126
1,147,74,89,126
1,148,74,107,126
1,149,74,95,126
1,150,74,103,126
1,151,74,108,126
1,152,74,97,126
1,153,74,104,126
1,154,74,114,126
1,155,74,116,126
1,156,74,92,126
1,157,74,91,126
1,158,74,113,126
1,159,74,133,126
1,160,74,112,126
1,161,74,106,126
1,162,74,101,126
1,163,74,100,126
1,164,74,102,126
1,165,74,115,126
1,166,74,118,126
1,1,75,35,22
1,2,75,40,22
1,3,75,49,22
1,4,75,52,22
1,5,75,41,22
1,6,75,38,22
1,7,75,39,22
1,8,75,58,22
1,9,75,47,22
1,10,75,50,22
1,11,75,57,22
1,12,75,42,22
1,13,75,51,22
1,14,75,56,22
1,15,75,34,22
1,16,75,46,22
1,17,75,61,22
1,18,75,60,22
1,19,75,45,22
1,20,75,54,22
1,21,75,43,22
1,22,75,33,22
1,23,75,55,22
1,24,75,59,22
1,25,75,48,22
1,26,75,53,22
1,27,75,37,22
1,28,75,23,22
1,29,75,44,22
1,30,75,70,22
1,31,75,62,22
1,32,75,81,22
1,33,75,79,22
1,34,75,85,22
1,35,75,36,22
1,36,75,75,22
1,37,75,68,22
1,38,75,88,22
1,39,75,71,22
1,40,75,63,22
1,41,75,77,22
1,42,75,83,22
1,43,75,87,22
1,44,75,84,22
1,45,75,72,22
1,46,75,65,22
1,47,75,73,22
1,48,75,86,22
1,49,75,17,22
1,50,75,78,22
1,51,75,67,22
1,52,75,76,22
1,53,75,64,22
1,54,75,69,22
1,55,75,66,22
1,56,75,74,22
1,57,75,80,22
1,58,75,163,22
1,59,75,25,22
1,60,75,8,22
1,61,75,12,22
1,62,75,82,22
1,63,75,2,22
1,64,75,151,22
1,65,75,162,22
1,66,75,24,22
1,67,75,30,22
1,68,75,26,22
1,69,75,13,22
1,70,75,7,22
1,71,75,4,22
1,72,75,21,22
1,73,75,10,22
1,74,75,165,22
1,75,75,27,22
1,76,75,152,22
1,77,75,159,22
1,78,75,32,22
1,79,75,11,22
1,80,75,29,22
1,81,75,28,22
1,82,75,16,22
1,83,75,20,22
1,84,75,145,22
1,85,75,164,22
1,86,75,1,22
1,87,75,150,22
1,88,75,142,22
1,89,75,138,22
1,90,75,156,22
1,91,75,161,22
1,92,75,160,22
1,93,75,158,22
1,94,75,136,22
1,95,75,19,22
1,96,75,132,22
1,97,75,9,22
1,98,75,3,22
1,99,75,31,22
1,100,75,144,22
1,101,75,140,22
1,102,75,137,22
1,103,75,22,22
1,104,75,154,22
1,105,75,166,22
1,106,75,121,22
1,107,75,149,22
1,108,75,14,22
1,109,75,155,22
1,110,75,141,22
1,111,75,15,22
1,112,75,139,22
1,113,75,127,22
1,114,75,147,22
1,115,75,122,22
1,116,75,131,22
1,117,75,18,22
1,118,75,120,22
1,119,75,146,22
1,120,75,5,22
1,121,75,110,22
1,122,75,6,22
1,123,75,157,22
1,124,75,130,22
1,125,75,148,22
1,126,75,109,22
1,127,75,126,22
1,128,75,124,22
1,129,75,135,22
1,130,75,153,22
1,131,75,128,22
1,132,75,134,22
1,133,75,123,22
1,134,75,129,22
1,135,75,111,22
1,136,75,125,22
1,137,75,119,22
1,138,75,105,22
1,139,75,143,22
1,140,75,98,22
1,141,75,99,22
1,142,75,90,22
1,143,75,94,22
1,144,75,96,22
1,145,75,93,22
1,146,75,117,22
1,147,75,89,22
1,148,75,107,22
1,149,75,95,22
1,150,75,103,22
1,151,75,108,22
1,152,75,97,22
1,153,75,104,22
1,154,75,114,22
1,155,75,116,22
1,156,75,92,22
1,157,75,91,22
1,158,75,113,22
1,159,75,133,22
1,160,75,112,22
1,161,75,106,22
1,162,75,101,22
1,163,75,100,22
1,164,75,102,22
1,165,75,115,22
1,166,75,118,22
1,1,76,35,5
1,2,76,40,5
1,3,76,49,5
1,4,76,52,5
1,5,76,41,5
1,6,76,38,5
1,7,76,39,5
1,8,76,58,5
1,9,76,47,5
1,10,76,50,5
1,11,76,57,5
1,12,76,42,5
1,13,76,51,5
1,14,76,56,5
1,15,76,34,5
1,16,76,46,5
1,17,76,61,5
1,18,76,60,5
1,19,76,45,5
1,20,76,54,5
1,21,76,43,5
1,22,76,33,5
1,23,76,55,5
1,24,76,59,5
1,25,76,48,5
1,26,76,53,5
1,27,76,37,5
1,28,76,23,5
1,29,76,44,5
1,30,76,70,5
1,31,76,62,5
1,32,76,81,5
1,33,76,79,5
1,34,76,85,5
1,35,76,36,5
1,36,76,75,5
1,37,76,68,5
1,38,76,88,5
1,39,76,71,5
1,40,76,63,5
1,41,76,77,5
1,42,76,83,5
1,43,76,87,5
1,44,76,84,5
1,45,76,72,5
1,46,76,65,5
1,47,76,73,5
1,48,76,86,5
1,49,76,17,5
1,50,76,78,5
1,51,76,67,5
1,52,76,76,5
1,53,76,64,5
1,54,76,69,5
1,55,76,66,5
1,56,76,74,5
1,57,76,80,5
1,58,76,163,5
1,59,76,25,5
1,60,76,8,5
1,61,76,12,5
1,62,76,82,5
1,63,76,2,5
1,64,76,151,5
1,65,76,162,5
1,66,76,24,5
1,67,76,30,5
1,68,76,26,5
1,69,76,13,5
1,70,76,7,5
1,71,76,4,5
1,72,76,21,5
1,73,76,10,5
1,74,76,165,5
1,75,76,27,5
1,76,76,152,5
1,77,76,159,5
1,78,76,32,5
1,79,76,11,5
1,80,76,29,5
1,81,76,28,5
1,82,76,16,5
1,83,76,20,5
1,84,76,145,5
1,85,76,164,5
1,86,76,1,5
1,87,76,150,5
1,88,76,142,5
1,89,76,138,5
1,90,76,156,5
1,91,76,161,5
1,92,76,160,5
1,93,76,158,5
1,94,76,136,5
1,95,76,19,5
1,96,76,132,5
1,97,76,9,5
1,98,76,3,5
1,99,76,31,5
1,100,76,144,5
1,101,76,140,5
1,102,76,137,5
1,103,76,22,5
1,104,76,154,5
1,105,76,166,5
1,106,76,121,5
1,107,76,149,5
1,108,76,14,5
1,109,76,155,5
1,110,76,141,5
1,111,76,15,5
1,112,76,139,5
1,113,76,127,5
1,114,76,147,5
1,115,76,122,5
1,116,76,131,5
1,117,76,18,5
1,118,76,120,5
1,119,76,146,5
1,120,76,5,5
1,121,76,110,5
1,122,76,6,5
1,123,76,157,5
1,124,76,130,5
1,125,76,148,5
1,126,76,109,5
1,127,76,126,5
1,128,76,124,5
1,129,76,135,5
1,130,76,153,5
1,131,76,128,5
1,132,76,134,5
1,133,76,123,5
1,134,76,129,5
1,135,76,111,5
1,136,76,125,5
1,137,76,119,5
1,138,76,105,5
1,139,76,143,5
1,140,76,98,5
1,141,76,99,5
1,142,76,90,5
1,143,76,94,5
1,144,76,96,5
1,145,76,93,5
1,146,76,117,5
1,147,76,89,5
1,148,76,107,5
1,149,76,95,5
1,150,76,103,5
1,151,76,108,5
1,152,76,97,5
1,153,76,104,5
1,154,76,114,5
1,155,76,116,5
1,156,76,92,5
1,157,76,91,5
1,158,76,113,5
1,159,76,133,5
1,160,76,112,5
1,161,76,106,5
1,162,76,101,5
1,163,76,100,5
1,164,76,102,5
1,165,76,115,5
1,166,76,118,5
1,1,77,35,37
1,2,77,40,37
1,3,77,49,37
1,4,77,52,37
1,5,77,41,37
1,6,77,38,37
1,7,77,39,37
1,8,77,58,37
1,9,77,47,37
1,10,77,50,37
1,11,77,57,37
1,12,77,42,37
1,13,77,51,37
1,14,77,56,37
1,15,77,34,37
1,16,77,46,37
1,17,77,61,37
1,18,77,60,37
1,19,77,45,37
1,20,77,54,37
1,21,77,43,37
1,22,77,33,37
1,23,77,55,37
1,24,77,59,37
1,25,77,48,37
1,26,77,53,37
1,27,77,37,37
1,28,77,23,37
1,29,77,44,37
1,30,77,70,37
1,31,77,62,37
1,32,77,81,37
1,33,77,79,37
1,34,77,85,37
1,35,77,36,37
1,36,77,75,37
1,37,77,68,37
1,38,77,88,37
1,39,77,71,37
1,40,77,63,37
1,41,77,77,37
1,42,77,83,37
1,43,77,87,37
1,44,77,84,37
1,45,77,72,37
1,46,77,65,37
1,47,77,73,37
1,48,77,86,37
1,49,77,17,37
1,50,77,78,37
1,51,77,67,37
1,52,77,76,37
1,53,77,64,37
1,54,77,69,37
1,55,77,66,37
1,56,77,74,37
1,57,77,80,37
1,58,77,163,37
1,59,77,25,37
1,60,77,8,37
1,61,77,12,37
1,62,77,82,37
1,63,77,2,37
1,64,77,151,37
1,65,77,162,37
1,66,77,24,37
1,67,77,30,37
1,68,77,26,37
1,69,77,13,37
1,70,77,7,37
1,71,77,4,37
1,72,77,21,37
1,73,77,10,37
1,74,77,165,37
1,75,77,27,37
1,76,77,152,37
1,77,77,159,37
1,78,77,32,37
1,79,77,11,37
1,80,77,29,37
1,81,77,28,37
1,82,77,16,37
1,83,77,20,37
1,84,77,145,37
1,85,77,164,37
1,86,77,1,37
1,87,77,150,37
1,88,77,142,37
1,89,77,138,37
1,90,77,156,37
1,91,77,161,37
1,92,77,160,37
1,93,77,158,37
1,94,77,136,37
1,95,77,19,37
1,96,77,132,37
1,97,77,9,37
1,98,77,3,37
1,99,77,31,37
1,100,77,144,37
1,101,77,140,37
1,102,77,137,37
1,103,77,22,37
1,104,77,154,37
1,105,77,166,37
1,106,77,121,37
1,107,77,149,37
1,108,77,14,37
1,109,77,155,37
1,110,77,141,37
1,111,77,15,37
1,112,77,139,37
1,113,77,127,37
1,114,77,147,37
1,115,77,122,37
1,116,77,131,37
1,117,77,18,37
1,118,77,120,37
1,119,77,146,37
1,120,77,5,37
1,121,77,110,37
1,122,77,6,37
1,123,77,157,37
1,124,77,130,37
1,125,77,148,37
1,126,77,109,37
1,127,77,126,37
1,128,77,124,37
1,129,77,135,37
1,130,77,153,37
1,131,77,128,37
1,132,77,134,37
1,133,77,123,37
1,134,77,129,37
1,135,77,111,37
1,136,77,125,37
1,137,77,119,37
1,138,77,105,37
1,139,77,143,37
1,140,77,98,37
1,141,77,99,37
1,142,77,90,37
1,143,77,94,37
1,144,77,96,37
1,145,77,93,37
1,146,77,117,37
1,147,77,89,37
1,148,77,107,37
1,149,77,95,37
1,150,77,103,37
1,151,77,108,37
1,152,77,97,37
1,153,77,104,37
1,154,77,114,37
1,155,77,116,37
1,156,77,92,37
1,157,77,91,37
1,158,77,113,37
1,159,77,133,37
1,160,77,112,37
1,161,77,106,37
1,162,77,101,37
1,163,77,100,37
1,164,77,102,37
1,165,77,115,37
1,166,77,118,37
1,1,78,35,76
1,2,78,40,76
1,3,78,49,76
1,4,78,52,76
1,5,78,41,76
1,6,78,38,76
1,7,78,39,76
1,8,78,58,76
1,9,78,47,76
1,10,78,50,76
1,11,78,57,76
1,12,78,42,76
1,13,78,51,76
1,14,78,56,76
1,15,78,34,76
1,16,78,46,76
1,17,78,61,76
1,18,78,60,76
1,19,78,45,76
1,20,78,54,76
1,21,78,43,76
1,22,78,33,76
1,23,78,55,76
1,24,78,59,76
1,25,78,48,76
1,26,78,53,76
1,27,78,37,76
1,28,78,23,76
1,29,78,44,76
1,30,78,70,76
1,31,78,62,76
1,32,78,81,76
1,33,78,79,76
1,34,78,85,76
1,35,78,36,76
1,36,78,75,76
1,37,78,68,76
1,38,78,88,76
1,39,78,71,76
1,40,78,63,76
1,41,78,77,76
1,42,78,83,76
1,43,78,87,76
1,44,78,84,76
1,45,78,72,76
1,46,78,65,76
1,47,78,73,76
1,48,78,86,76
1,49,78,17,76
1,50,78,78,76
1,51,78,67,76
1,52,78,76,76
1,53,78,64,76
1,54,78,69,76
1,55,78,66,76
1,56,78,74,76
1,57,78,80,76
1,58,78,163,76
1,59,78,25,76
1,60,78,8,76
1,61,78,12,76
1,62,78,82,76
1,63,78,2,76
1,64,78,151,76
1,65,78,162,76
1,66,78,24,76
1,67,78,30,76
1,68,78,26,76
1,69,78,13,76
1,70,78,7,76
1,71,78,4,76
1,72,78,21,76
1,73,78,10,76
1,74,78,165,76
1,75,78,27,76
1,76,78,152,76
1,77,78,159,76
1,78,78,32,76
1,79,78,11,76
1,80,78,29,76
1,81,78,28,76
1,82,78,16,76
1,83,78,20,76
1,84,78,145,76
1,85,78,164,76
1,86,78,1,76
1,87,78,150,76
1,88,78,142,76
1,89,78,138,76
1,90,78,156,76
1,91,78,161,76
1,92,78,160,76
1,93,78,158,76
1,94,78,136,76
1,95,78,19,76
1,96,78,132,76
1,97,78,9,76
1,98,78,3,76
1,99,78,31,76
1,100,78,144,76
1,101,78,140,76
1,102,78,137,76
1,103,78,22,76
1,104,78,154,76
1,105,78,166,76
1,106,78,121,76
1,107,78,149,76
1,108,78,14,76
1,109,78,155,76
1,110,78,141,76
1,111,78,15,76
1,112,78,139,76
1,113,78,127,76
1,114,78,147,76
1,115,78,122,76
1,116,78,131,76
1,117,78,18,76
1,118,78,120,76
1,119,78,146,76
1,120,78,5,76
1,121,78,110,76
1,122,78,6,76
1,123,78,157,76
1,124,78,130,76
1,125,78,148,76
1,126,78,109,76
1,127,78,126,76
1,128,78,124,76
1,129,78,135,76
1,130,78,153,76
1,131,78,128,76
1,132,78,134,76
1,133,78,123,76
1,134,78,129,76
1,135,78,111,76
1,136,78,125,76
1,137,78,119,76
1,138,78,105,76
1,139,78,143,76
1,140,78,98,76
1,141,78,99,76
1,142,78,90,76
1,143,78,94,76
1,144,78,96,76
1,145,78,93,76
1,146,78,117,76
1,147,78,89,76
1,148,78,107,76
1,149,78,95,76
1,150,78,103,76
1,151,78,108,76
1,152,78,97,76
1,153,78,104,76
1,154,78,114,76
1,155,78,116,76
1,156,78,92,76
1,157,78,91,76
1,158,78,113,76
1,159,78,133,76
1,160,78,112,76
1,161,78,106,76
1,162,78,101,76
1,163,78,100,76
1,164,78,102,76
1,165,78,115,76
1,166,78,118,76
1,1,79,35,77
1,2,79,40,77
1,3,79,49,77
1,4,79,52,77
1,5,79,41,77
1,6,79,38,77
1,7,79,39,77
1,8,79,58,77
1,9,79,47,77
1,10,79,50,77
1,11,79,57,77
1,12,79,42,77
1,13,79,51,77
1,14,79,56,77
1,15,79,34,77
1,16,79,46,77
1,17,79,61,77
1,18,79,60,77
1,19,79,45,77
1,20,79,54,77
1,21,79,43,77
1,22,79,33,77
1,23,79,55,77
1,24,79,59,77
1,25,79,48,77
1,26,79,53,77
1,27,79,37,77
1,28,79,23,77
1,29,79,44,77
1,30,79,70,77
1,31,79,62,77
1,32,79,81,77
1,33,79,79,77
1,34,79,85,77
1,35,79,36,77
1,36,79,75,77
1,37,79,68,77
1,38,79,88,77
1,39,79,71,77
1,40,79,63,77
1,41,79,77,77
1,42,79,83,77
1,43,79,87,77
1,44,79,84,77
1,45,79,72,77
1,46,79,65,77
1,47,79,73,77
1,48,79,86,77
1,49,79,17,77
1,50,79,78,77
1,51,79,67,77
1,52,79,76,77
1,53,79,64,77
1,54,79,69,77
1,55,79,66,77
1,56,79,74,77
1,57,79,80,77
1,58,79,163,77
1,59,79,25,77
1,60,79,8,77
1,61,79,12,77
1,62,79,82,77
1,63,79,2,77
1,64,79,151,77
1,65,79,162,77
1,66,79,24,77
1,67,79,30,77
1,68,79,26,77
1,69,79,13,77
1,70,79,7,77
1,71,79,4,77
1,72,79,21,77
1,73,79,10,77
1,74,79,165,77
1,75,79,27,77
1,76,79,152,77
1,77,79,159,77
1,78,79,32,77
1,79,79,11,77
1,80,79,29,77
1,81,79,28,77
1,82,79,16,77
1,83,79,20,77
1,84,79,145,77
1,85,79,164,77
1,86,79,1,77
1,87,79,150,77
1,88,79,142,77
1,89,79,138,77
1,90,79,156,77
1,91,79,161,77
1,92,79,160,77
1,93,79,158,77
1,94,79,136,77
1,95,79,19,77
1,96,79,132,77
1,97,79,9,77
1,98,79,3,77
1,99,79,31,77
1,100,79,144,77
1,101,79,140,77
1,102,79,137,77
1,103,79,22,77
1,104,79,154,77
1,105,79,166,77
1,106,79,121,77
1,107,79,149,77
1,108,79,14,77
1,109,79,155,77
1,110,79,141,77
1,111,79,15,77
1,112,79,139,77
1,113,79,127,77
1,114,79,147,77
1,115,79,122,77
1,116,79,131,77
1,117,79,18,77
1,118,79,120,77
1,119,79,146,77
1,120,79,5,77
1,121,79,110,77
1,122,79,6,77
1,123,79,157,77
1,124,79,130,77
1,125,79,148,77
1,126,79,109,77
1,127,79,126,77
1,128,79,124,77
1,129,79,135,77
1,130,79,153,77
1,131,79,128,77
1,132,79,134,77
1,133,79,123,77
1,134,79,129,77
1,135,79,111,77
1,136,79,125,77
1,137,79,119,77
1,138,79,105,77
1,139,79,143,77
1,140,79,98,77
1,141,79,99,77
1,142,79,90,77
1,143,79,94,77
1,144,79,96,77
1,145,79,93,77
1,146,79,117,77
1,147,79,89,77
1,148,79,107,77
1,149,79,95,77
1,150,79,103,77
1,151,79,108,77
1,152,79,97,77
1,153,79,104,77
1,154,79,114,77
1,155,79,116,77
1,156,79,92,77
1,157,79,91,77
1,158,79,113,77
1,159,79,133,77
1,160,79,112,77
1,161,79,106,77
1,162,79,101,77
1,163,79,100,77
1,164,79,102,77
1,165,79,115,77
1,166,79,118,77
1,1,80,35,27
1,2,80,40,27
1,3,80,49,27
1,4,80,52,27
1,5,80,41,27
1,6,80,38,27
1,7,80,39,27
1,8,80,58,27
1,9,80,47,27
1,10,80,50,27
1,11,80,57,27
1,12,80,42,27
1,13,80,51,27
1,14,80,56,27
1,15,80,34,27
1,16,80,46,27
1,17,80,61,27
1,18,80,60,27
1,19,80,45,27
1,20,80,54,27
1,21,80,43,27
1,22,80,33,27
1,23,80,55,27
1,24,80,59,27
1,25,80,48,27
1,26,80,53,27
1,27,80,37,27
1,28,80,23,27
1,29,80,44,27
1,30,80,70,27
1,31,80,62,27
1,32,80,81,27
1,33,80,79,27
1,34,80,85,27
1,35,80,36,27
1,36,80,75,27
1,37,80,68,27
1,38,80,88,27
1,39,80,71,27
1,40,80,63,27
1,41,80,77,27
1,42,80,83,27
1,43,80,87,27
1,44,80,84,27
1,45,80,72,27
1,46,80,65,27
1,47,80,73,27
1,48,80,86,27
1,49,80,17,27
1,50,80,78,27
1,51,80,67,27
1,52,80,76,27
1,53,80,64,27
1,54,80,69,27
1,55,80,66,27
1,56,80,74,27
1,57,80,80,27
1,58,80,163,27
1,59,80,25,27
1,60,80,8,27
1,61,80,12,27
1,62,80,82,27
1,63,80,2,27
1,64,80,151,27
1,65,80,162,27
1,66,80,24,27
1,67,80,30,27
1,68,80,26,27
1,69,80,13,27
1,70,80,7,27
1,71,80,4,27
1,72,80,21,27
1,73,80,10,27
1,74,80,165,27
1,75,80,27,27
1,76,80,152,27
1,77,80,159,27
1,78,80,32,27
1,79,80,11,27
1,80,80,29,27
1,81,80,28,27
1,82,80,16,27
1,83,80,20,27
1,84,80,145,27
1,85,80,164,27
1,86,80,1,27
1,87,80,150,27
1,88,80,142,27
1,89,80,138,27
1,90,80,156,27
1,91,80,161,27
1,92,80,160,27
1,93,80,158,27
1,94,80,136,27
1,95,80,19,27
1,96,80,132,27
1,97,80,9,27
1,98,80,3,27
1,99,80,31,27
1,100,80,144,27
1,101,80,140,27
1,102,80,137,27
1,103,80,22,27
1,104,80,154,27
1,105,80,166,27
1,106,80,121,27
1,107,80,149,27
1,108,80,14,27
1,109,80,155,27
1,110,80,141,27
1,111,80,15,27
1,112,80,139,27
1,113,80,127,27
1,114,80,147,27
1,115,80,122,27
1,116,80,131,27
1,117,80,18,27
1,118,80,120,27
1,119,80,146,27
1,120,80,5,27
1,121,80,110,27
1,122,80,6,27
1,123,80,157,27
1,124,80,130,27
1,125,80,148,27
1,126,80,109,27
1,127,80,126,27
1,128,80,124,27
1,129,80,135,27
1,130,80,153,27
1,131,80,128,27
1,132,80,134,27
1,133,80,123,27
1,134,80,129,27
1,135,80,111,27
1,136,80,125,27
1,137,80,119,27
1,138,80,105,27
1,139,80,143,27
1,140,80,98,27
1,141,80,99,27
1,142,80,90,27
1,143,80,94,27
1,144,80,96,27
1,145,80,93,27
1,146,80,117,27
1,147,80,89,27
1,148,80,107,27
1,149,80,95,27
1,150,80,103,27
1,151,80,108,27
1,152,80,97,27
1,153,80,104,27
1,154,80,114,27
1,155,80,116,27
1,156,80,92,27
1,157,80,91,27
1,158,80,113,27
1,159,80,133,27
1,160,80,112,27
1,161,80,106,27
1,162,80,101,27
1,163,80,100,27
1,164,80,102,27
1,165,80,115,27
1,166,80,118,27
1,1,81,35,149
1,2,81,40,149
1,3,81,49,149
1,4,81,52,149
1,5,81,41,149
1,6,81,38,149
1,7,81,39,149
1,8,81,58,149
1,9,81,47,149
1,10,81,50,149
1,11,81,57,149
1,12,81,42,149
1,13,81,51,149
1,14,81,56,149
1,15,81,34,149
1,16,81,46,149
1,17,81,61,149
1,18,81,60,149
1,19,81,45,149
1,20,81,54,149
1,21,81,43,149
1,22,81,33,149
1,23,81,55,149
1,24,81,59,149
1,25,81,48,149
1,26,81,53,149
1,27,81,37,149
1,28,81,23,149
1,29,81,44,149
1,30,81,70,149
1,31,81,62,149
1,32,81,81,149
1,33,81,79,149
1,34,81,85,149
1,35,81,36,149
1,36,81,75,149
1,37,81,68,149
1,38,81,88,149
1,39,81,71,149
1,40,81,63,149
1,41,81,77,149
1,42,81,83,149
1,43,81,87,149
1,44,81,84,149
1,45,81,72,149
1,46,81,65,149
1,47,81,73,149
1,48,81,86,149
1,49,81,17,149
1,50,81,78,149
1,51,81,67,149
1,52,81,76,149
1,53,81,64,149
1,54,81,69,149
1,55,81,66,149
1,56,81,74,149
1,57,81,80,149
1,58,81,163,149
1,59,81,25,149
1,60,81,8,149
1,61,81,12,149
1,62,81,82,149
1,63,81,2,149
1,64,81,151,149
1,65,81,162,149
1,66,81,24,149
1,67,81,30,149
1,68,81,26,149
1,69,81,13,149
1,70,81,7,149
1,71,81,4,149
1,72,81,21,149
1,73,81,10,149
1,74,81,165,149
1,75,81,27,149
1,76,81,152,149
1,77,81,159,149
1,78,81,32,149
1,79,81,11,149
1,80,81,29,149
1,81,81,28,149
1,82,81,16,149
1,83,81,20,149
1,84,81,145,149
1,85,81,164,149
1,86,81,1,149
1,87,81,150,149
1,88,81,142,149
1,89,81,138,149
1,90,81,156,149
1,91,81,161,149
1,92,81,160,149
1,93,81,158,149
1,94,81,136,149
1,95,81,19,149
1,96,81,132,149
1,97,81,9,149
1,98,81,3,149
1,99,81,31,149
1,100,81,144,149
1,101,81,140,149
1,102,81,137,149
1,103,81,22,149
1,104,81,154,149
1,105,81,166,149
1,106,81,121,149
1,107,81,149,149
1,108,81,14,149
1,109,81,155,149
1,110,81,141,149
1,111,81,15,149
1,112,81,139,149
1,113,81,127,149
1,114,81,147,149
1,115,81,122,149
1,116,81,131,149
1,117,81,18,149
1,118,81,120,149
1,119,81,146,149
1,120,81,5,149
1,121,81,110,149
1,122,81,6,149
1,123,81,157,149
1,124,81,130,149
1,125,81,148,149
1,126,81,109,149
1,127,81,126,149
1,128,81,124,149
1,129,81,135,149
1,130,81,153,149
1,131,81,128,149
1,132,81,134,149
1,133,81,123,149
1,134,81,129,149
1,135,81,111,149
1,136,81,125,149
1,137,81,119,149
1,138,81,105,149
1,139,81,143,149
1,140,81,98,149
1,141,81,99,149
1,142,81,90,149
1,143,81,94,149
1,144,81,96,149
1,145,81,93,149
1,146,81,117,149
1,147,81,89,149
1,148,81,107,149
1,149,81,95,149
1,150,81,103,149
1,151,81,108,149
1,152,81,97,149
1,153,81,104,149
1,154,81,114,149
1,155,81,116,149
1,156,81,92,149
1,157,81,91,149
1,158,81,113,149
1,159,81,133,149
1,160,81,112,149
1,161,81,106,149
1,162,81,101,149
1,163,81,100,149
1,164,81,102,149
1,165,81,115,149
1,166,81,118,149
1,1,82,35,102
1,2,82,40,102
1,3,82,49,102
1,4,82,52,102
1,5,82,41,102
1,6,82,38,102
1,7,82,39,102
1,8,82,58,102
1,9,82,47,102
1,10,82,50,102
1,11,82,57,102
1,12,82,42,102
1,13,82,51,102
1,14,82,56,102
1,15,82,34,102
1,16,82,46,102
1,17,82,61,102
1,18,82,60,102
1,19,82,45,102
1,20,82,54,102
1,21,82,43,102
1,22,82,33,102
1,23,82,55,102
1,24,82,59,102
1,25,82,48,102
1,26,82,53,102
1,27,82,37,102
1,28,82,23,102
1,29,82,44,102
1,30,82,70,102
1,31,82,62,102
1,32,82,81,102
1,33,82,79,102
1,34,82,85,102
1,35,82,36,102
1,36,82,75,102
1,37,82,68,102
1,38,82,88,102
1,39,82,71,102
1,40,82,63,102
1,41,82,77,102
1,42,82,83,102
1,43,82,87,102
1,44,82,84,102
1,45,82,72,102
1,46,82,65,102
1,47,82,73,102
1,48,82,86,102
1,49,82,17,102
1,50,82,78,102
1,51,82,67,102
1,52,82,76,102
1,53,82,64,102
1,54,82,69,102
1,55,82,66,102
1,56,82,74,102
1,57,82,80,102
1,58,82,163,102
1,59,82,25,102
1,60,82,8,102
1,61,82,12,102
1,62,82,82,102
1,63,82,2,102
1,64,82,151,102
1,65,82,162,102
1,66,82,24,102
1,67,82,30,102
1,68,82,26,102
1,69,82,13,102
1,70,82,7,102
1,71,82,4,102
1,72,82,21,102
1,73,82,10,102
1,74,82,165,102
1,75,82,27,102
1,76,82,152,102
1,77,82,159,102
1,78,82,32,102
1,79,82,11,102
1,80,82,29,102
1,81,82,28,102
1,82,82,16,102
1,83,82,20,102
1,84,82,145,102
1,85,82,164,102
1,86,82,1,102
1,87,82,150,102
1,88,82,142,102
1,89,82,138,102
1,90,82,156,102
1,91,82,161,102
1,92,82,160,102
1,93,82,158,102
1,94,82,136,102
1,95,82,19,102
1,96,82,132,102
1,97,82,9,102
1,98,82,3,102
1,99,82,31,102
1,100,82,144,102
1,101,82,140,102
1,102,82,137,102
1,103,82,22,102
1,104,82,154,102
1,105,82,166,102
1,106,82,121,102
1,107,82,149,102
1,108,82,14,102
1,109,82,155,102
1,110,82,141,102
1,111,82,15,102
1,112,82,139,102
1,113,82,127,102
1,114,82,147,102
1,115,82,122,102
1,116,82,131,102
1,117,82,18,102
1,118,82,120,102
1,119,82,146,102
1,120,82,5,102
1,121,82,110,102
1,122,82,6,102
1,123,82,157,102
1,124,82,130,102
1,125,82,148,102
1,126,82,109,102
1,127,82,126,102
1,128,82,124,102
1,129,82,135,102
1,130,82,153,102
1,131,82,128,102
1,132,82,134,102
1,133,82,123,102
1,134,82,129,102
1,135,82,111,102
1,136,82,125,102
1,137,82,119,102
1,138,82,105,102
1,139,82,143,102
1,140,82,98,102
1,141,82,99,102
1,142,82,90,102
1,143,82,94,102
1,144,82,96,102
1,145,82,93,102
1,146,82,117,102
1,147,82,89,102
1,148,82,107,102
1,149,82,95,102
1,150,82,103,102
1,151,82,108,102
1,152,82,97,102
1,153,82,104,102
1,154,82,114,102
1,155,82,116,102
1,156,82,92,102
1,157,82,91,102
1,158,82,113,102
1,159,82,133,102
1,160,82,112,102
1,161,82,106,102
1,162,82,101,102
1,163,82,100,102
1,164,82,102,102
1,165,82,115,102
1,166,82,118,102
1,1,83,35,74
1,2,83,40,74
1,3,83,49,74
1,4,83,52,74
1,5,83,41,74
1,6,83,38,74
1,7,83,39,74
1,8,83,58,74
1,9,83,47,74
1,10,83,50,74
1,11,83,57,74
1,12,83,42,74
1,13,83,51,74
1,14,83,56,74
1,15,83,34,74
1,16,83,46,74
1,17,83,61,74
1,18,83,60,74
1,19,83,45,74
1,20,83,54,74
1,21,83,43,74
1,22,83,33,74
1,23,83,55,74
1,24,83,59,74
1,25,83,48,74
1,26,83,53,74
1,27,83,37,74
1,28,83,23,74
1,29,83,44,74
1,30,83,70,74
1,31,83,62,74
1,32,83,81,74
1,33,83,79,74
1,34,83,85,74
1,35,83,36,74
1,36,83,75,74
1,37,83,68,74
1,38,83,88,74
1,39,83,71,74
1,40,83,63,74
1,41,83,77,74
1,42,83,83,74
1,43,83,87,74
1,44,83,84,74
1,45,83,72,74
1,46,83,65,74
1,47,83,73,74
1,48,83,86,74
1,49,83,17,74
1,50,83,78,74
1,51,83,67,74
1,52,83,76,74
1,53,83,64,74
1,54,83,69,74
1,55,83,66,74
1,56,83,74,74
1,57,83,80,74
1,58,83,163,74
1,59,83,25,74
1,60,83,8,74
1,61,83,12,74
1,62,83,82,74
1,63,83,2,74
1,64,83,151,74
1,65,83,162,74
1,66,83,24,74
1,67,83,30,74
1,68,83,26,74
1,69,83,13,74
1,70,83,7,74
1,71,83,4,74
1,72,83,21,74
1,73,83,10,74
1,74,83,165,74
1,75,83,27,74
1,76,83,152,74
1,77,83,159,74
1,78,83,32,74
1,79,83,11,74
1,80,83,29,74
1,81,83,28,74
1,82,83,16,74
1,83,83,20,74
1,84,83,145,74
1,85,83,164,74
1,86,83,1,74
1,87,83,150,74
1,88,83,142,74
1,89,83,138,74
1,90,83,156,74
1,91,83,161,74
1,92,83,160,74
1,93,83,158,74
1,94,83,136,74
1,95,83,19,74
1,96,83,132,74
1,97,83,9,74
1,98,83,3,74
1,99,83,31,74
1,100,83,144,74
1,101,83,140,74
1,102,83,137,74
1,103,83,22,74
1,104,83,154,74
1,105,83,166,74
1,106,83,121,74
1,107,83,149,74
1,108,83,14,74
1,109,83,155,74
1,110,83,141,74
1,111,83,15,74
1,112,83,139,74
1,113,83,127,74
1,114,83,147,74
1,115,83,122,74
1,116,83,131,74
1,117,83,18,74
1,118,83,120,74
1,119,83,146,74
1,120,83,5,74
1,121,83,110,74
1,122,83,6,74
1,123,83,157,74
1,124,83,130,74
1,125,83,148,74
1,126,83,109,74
1,127,83,126,74
1,128,83,124,74
1,129,83,135,74
1,130,83,153,74
1,131,83,128,74
1,132,83,134,74
1,133,83,123,74
1,134,83,129,74
1,135,83,111,74
1,136,83,125,74
1,137,83,119,74
1,138,83,105,74
1,139,83,143,74
1,140,83,98,74
1,141,83,99,74
1,142,83,90,74
1,143,83,94,74
1,144,83,96,74
1,145,83,93,74
1,146,83,117,74
1,147,83,89,74
1,148,83,107,74
1,149,83,95,74
1,150,83,103,74
1,151,83,108,74
1,152,83,97,74
1,153,83,104,74
1,154,83,114,74
1,155,83,116,74
1,156,83,92,74
1,157,83,91,74
1,158,83,113,74
1,159,83,133,74
1,160,83,112,74
1,161,83,106,74
1,162,83,101,74
1,163,83,100,74
1,164,83,102,74
1,165,83,115,74
1,166,83,118,74
1,1,84,35,127
1,2,84,40,127
1,3,84,49,127
1,4,84,52,127
1,5,84,41,127
1,6,84,38,127
1,7,84,39,127
1,8,84,58,127
1,9,84,47,127
1,10,84,50,127
1,11,84,57,127
1,12,84,42,127
1,13,84,51,127
1,14,84,56,127
1,15,84,34,127
1,16,84,46,127
1,17,84,61,127
1,18,84,60,127
1,19,84,45,127
1,20,84,54,127
1,21,84,43,127
1,22,84,33,127
1,23,84,55,127
1,24,84,59,127
1,25,84,48,127
1,26,84,53,127
1,27,84,37,127
1,28,84,23,127
1,29,84,44,127
1,30,84,70,127
1,31,84,62,127
1,32,84,81,127
1,33,84,79,127
1,34,84,85,127
1,35,84,36,127
1,36,84,75,127
1,37,84,68,127
1,38,84,88,127
1,39,84,71,127
1,40,84,63,127
1,41,84,77,127
1,42,84,83,127
1,43,84,87,127
1,44,84,84,127
1,45,84,72,127
1,46,84,65,127
1,47,84,73,127
1,48,84,86,127
1,49,84,17,127
1,50,84,78,127
1,51,84,67,127
1,52,84,76,127
1,53,84,64,127
1,54,84,69,127
1,55,84,66,127
1,56,84,74,127
1,57,84,80,127
1,58,84,163,127
1,59,84,25,127
1,60,84,8,127
1,61,84,12,127
1,62,84,82,127
1,63,84,2,127
1,64,84,151,127
1,65,84,162,127
1,66,84,24,127
1,67,84,30,127
1,68,84,26,127
1,69,84,13,127
1,70,84,7,127
1,71,84,4,127
1,72,84,21,127
1,73,84,10,127
1,74,84,165,127
1,75,84,27,127
1,76,84,152,127
1,77,84,159,127
1,78,84,32,127
1,79,84,11,127
1,80,84,29,127
1,81,84,28,127
1,82,84,16,127
1,83,84,20,127
1,84,84,145,127
1,85,84,164,127
1,86,84,1,127
1,87,84,150,127
1,88,84,142,127
1,89,84,138,127
1,90,84,156,127
1,91,84,161,127
1,92,84,160,127
1,93,84,158,127
1,94,84,136,127
1,95,84,19,127
1,96,84,132,127
1,97,84,9,127
1,98,84,3,127
1,99,84,31,127
1,100,84,144,127
1,101,84,140,127
1,102,84,137,127
1,103,84,22,127
1,104,84,154,127
1,105,84,166,127
1,106,84,121,127
1,107,84,149,127
1,108,84,14,127
1,109,84,155,127
1,110,84,141,127
1,111,84,15,127
1,112,84,139,127
1,113,84,127,127
1,114,84,147,127
1,115,84,122,127
1,116,84,131,127
1,117,84,18,127
1,118,84,120,127
1,119,84,146,127
1,120,84,5,127
1,121,84,110,127
1,122,84,6,127
1,123,84,157,127
1,124,84,130,127
1,125,84,148,127
1,126,84,109,127
1,127,84,126,127
1,128,84,124,127
1,129,84,135,127
1,130,84,153,127
1,131,84,128,127
1,132,84,134,127
1,133,84,123,127
1,134,84,129,127
1,135,84,111,127
1,136,84,125,127
1,137,84,119,127
1,138,84,105,127
1,139,84,143,127
1,140,84,98,127
1,141,84,99,127
1,142,84,90,127
1,143,84,94,127
1,144,84,96,127
1,145,84,93,127
1,146,84,117,127
1,147,84,89,127
1,148,84,107,127
1,149,84,95,127
1,150,84,103,127
1,151,84,108,127
1,152,84,97,127
1,153,84,104,127
1,154,84,114,127
1,155,84,116,127
1,156,84,92,127
1,157,84,91,127
1,158,84,113,127
1,159,84,133,127
1,160,84,112,127
1,161,84,106,127
1,162,84,101,127
1,163,84,100,127
1,164,84,102,127
1,165,84,115,127
1,166,84,118,127
1,1,85,35,103
1,2,85,40,103
1,3,85,49,103
1,4,85,52,103
1,5,85,41,103
1,6,85,38,103
1,7,85,39,103
1,8,85,58,103
1,9,85,47,103
1,10,85,50,103
1,11,85,57,103
1,12,85,42,103
1,13,85,51,103
1,14,85,56,103
1,15,85,34,103
1,16,85,46,103
1,17,85,61,103
1,18,85,60,103
1,19,85,45,103
1,20,85,54,103
1,21,85,43,103
1,22,85,33,103
1,23,85,55,103
1,24,85,59,103
1,25,85,48,103
1,26,85,53,103
1,27,85,37,103
1,28,85,23,103
1,29,85,44,103
1,30,85,70,103
1,31,85,62,103
1,32,85,81,103
1,33,85,79,103
1,34,85,85,103
1,35,85,36,103
1,36,85,75,103
1,37,85,68,103
1,38,85,88,103
1,39,85,71,103
1,40,85,63,103
1,41,85,77,103
1,42,85,83,103
1,43,85,87,103
1,44,85,84,103
1,45,85,72,103
1,46,85,65,103
1,47,85,73,103
1,48,85,86,103
1,49,85,17,103
1,50,85,78,103
1,51,85,67,103
1,52,85,76,103
1,53,85,64,103
1,54,85,69,103
1,55,85,66,103
1,56,85,74,103
1,57,85,80,103
1,58,85,163,103
1,59,85,25,103
1,60,85,8,103
1,61,85,12,103
1,62,85,82,103
1,63,85,2,103
1,64,85,151,103
1,65,85,162,103
1,66,85,24,103
1,67,85,30,103
1,68,85,26,103
1,69,85,13,103
1,70,85,7,103
1,71,85,4,103
1,72,85,21,103
1,73,85,10,103
1,74,85,165,103
1,75,85,27,103
1,76,85,152,103
1,77,85,159,103
1,78,85,32,103
1,79,85,11,103
1,80,85,29,103
1,81,85,28,103
1,82,85,16,103
19,83,85,20,103
19,84,85,145,103
19,85,85,164,103
19,86,85,1,103
19,87,85,150,103
19,88,85,142,103
19,89,85,138,103
19,90,85,156,103
19,91,85,161,103
19,92,85,160,103
19,93,85,158,103
19,94,85,136,103
19,95,85,19,103
19,96,85,132,103
19,97,85,9,103
19,98,85,3,103
19,99,85,31,103
20,100,85,144,103
20,101,85,140,103
20,102,85,137,103
20,103,85,22,103
20,104,85,154,103
20,105,85,166,103
20,106,85,121,103
20,107,85,149,103
20,108,85,14,103
20,109,85,155,103
20,110,85,141,103
20,111,85,15,103
20,112,85,139,103
20,113,85,127,103
20,114,85,147,103
20,115,85,122,103
20,116,85,131,103
20,117,85,18,103
20,118,85,120,103
20,119,85,146,103
20,120,85,5,103
1,121,85,110,103
1,122,85,6,103
1,123,85,157,103
1,124,85,130,103
1,125,85,148,103
1,126,85,109,103
1,127,85,126,103
1,128,85,124,103
1,129,85,135,103
1,130,85,153,103
1,131,85,128,103
1,132,85,134,103
1,133,85,123,103
1,134,85,129,103
1,135,85,111,103
1,136,85,125,103
1,137,85,119,103
1,138,85,105,103
1,139,85,143,103
1,140,85,98,103
1,141,85,99,103
1,142,85,90,103
1,143,85,94,103
1,144,85,96,103
1,145,85,93,103
1,146,85,117,103
1,147,85,89,103
1,148,85,107,103
1,149,85,95,103
1,150,85,103,103
1,151,85,108,103
1,152,85,97,103
1,153,85,104,103
1,154,85,114,103
1,155,85,116,103
1,156,85,92,103
1,157,85,91,103
1,158,85,113,103
1,159,85,133,103
1,160,85,112,103
1,161,85,106,103
1,162,85,101,103
1,163,85,100,103
1,164,85,102,103
1,165,85,115,103
1,166,85,118,103
1,1,86,35,15
1,2,86,40,15
1,3,86,49,15
1,4,86,52,15
1,5,86,41,15
1,6,86,38,15
1,7,86,39,15
1,8,86,58,15
1,9,86,47,15
1,10,86,50,15
1,11,86,57,15
1,12,86,42,15
1,13,86,51,15
1,14,86,56,15
1,15,86,34,15
1,16,86,46,15
1,17,86,61,15
1,18,86,60,15
1,19,86,45,15
1,20,86,54,15
1,21,86,43,15
1,22,86,33,15
1,23,86,55,15
1,24,86,59,15
1,25,86,48,15
1,26,86,53,15
1,27,86,37,15
1,28,86,23,15
1,29,86,44,15
1,30,86,70,15
1,31,86,62,15
1,32,86,81,15
1,33,86,79,15
1,34,86,85,15
1,35,86,36,15
1,36,86,75,15
1,37,86,68,15
1,38,86,88,15
1,39,86,71,15
1,40,86,63,15
1,41,86,77,15
1,42,86,83,15
1,43,86,87,15
1,44,86,84,15
1,45,86,72,15
1,46,86,65,15
1,47,86,73,15
1,48,86,86,15
1,49,86,17,15
1,50,86,78,15
1,51,86,67,15
1,52,86,76,15
1,53,86,64,15
1,54,86,69,15
1,55,86,66,15
1,56,86,74,15
1,57,86,80,15
1,58,86,163,15
1,59,86,25,15
1,60,86,8,15
1,61,86,12,15
1,62,86,82,15
1,63,86,2,15
1,64,86,151,15
1,65,86,162,15
1,66,86,24,15
1,67,86,30,15
1,68,86,26,15
1,69,86,13,15
1,70,86,7,15
1,71,86,4,15
1,72,86,21,15
1,73,86,10,15
1,74,86,165,15
1,75,86,27,15
1,76,86,152,15
1,77,86,159,15
1,78,86,32,15
1,79,86,11,15
1,80,86,29,15
1,81,86,28,15
1,82,86,16,15
19,83,86,20,15
19,84,86,145,15
19,85,86,164,15
19,86,86,1,15
19,87,86,150,15
19,88,86,142,15
19,89,86,138,15
19,90,86,156,15
19,91,86,161,15
19,92,86,160,15
19,93,86,158,15
19,94,86,136,15
19,95,86,19,15
19,96,86,132,15
19,97,86,9,15
19,98,86,3,15
19,99,86,31,15
20,100,86,144,15
20,101,86,140,15
20,102,86,137,15
20,103,86,22,15
20,104,86,154,15
20,105,86,166,15
20,106,86,121,15
20,107,86,149,15
20,108,86,14,15
20,109,86,155,15
20,110,86,141,15
20,111,86,15,15
20,112,86,139,15
20,113,86,127,15
20,114,86,147,15
20,115,86,122,15
20,116,86,131,15
20,117,86,18,15
20,118,86,120,15
20,119,86,146,15
20,120,86,5,15
1,121,86,110,15
1,122,86,6,15
1,123,86,157,15
1,124,86,130,15
1,125,86,148,15
1,126,86,109,15
1,127,86,126,15
1,128,86,124,15
1,129,86,135,15
1,130,86,153,15
1,131,86,128,15
1,132,86,134,15
1,133,86,123,15
1,134,86,129,15
1,135,86,111,15
1,136,86,125,15
1,137,86,119,15
1,138,86,105,15
1,139,86,143,15
1,140,86,98,15
1,141,86,99,15
1,142,86,90,15
1,143,86,94,15
1,144,86,96,15
1,145,86,93,15
1,146,86,117,15
1,147,86,89,15
1,148,86,107,15
1,149,86,95,15
1,150,86,103,15
1,151,86,108,15
1,152,86,97,15
1,153,86,104,15
1,154,86,114,15
1,155,86,116,15
1,156,86,92,15
1,157,86,91,15
1,158,86,113,15
1,159,86,133,15
1,160,86,112,15
1,161,86,106,15
1,162,86,101,15
1,163,86,100,15
1,164,86,102,15
1,165,86,115,15
1,166,86,118,15
1,1,87,35,141
1,2,87,40,141
1,3,87,49,141
1,4,87,52,141
1,5,87,41,141
1,6,87,38,141
1,7,87,39,141
1,8,87,58,141
1,9,87,47,141
1,10,87,50,141
1,11,87,57,141
1,12,87,42,141
1,13,87,51,141
1,14,87,56,141
1,15,87,34,141
1,16,87,46,141
1,17,87,61,141
1,18,87,60,141
1,19,87,45,141
1,20,87,54,141
1,21,87,43,141
1,22,87,33,141
1,23,87,55,141
1,24,87,59,141
1,25,87,48,141
1,26,87,53,141
1,27,87,37,141
1,28,87,23,141
1,29,87,44,141
1,30,87,70,141
1,31,87,62,141
1,32,87,81,141
1,33,87,79,141
1,34,87,85,141
1,35,87,36,141
1,36,87,75,141
1,37,87,68,141
1,38,87,88,141
1,39,87,71,141
1,40,87,63,141
1,41,87,77,141
1,42,87,83,141
1,43,87,87,141
1,44,87,84,141
1,45,87,72,141
1,46,87,65,141
1,47,87,73,141
1,48,87,86,141
1,49,87,17,141
1,50,87,78,141
1,51,87,67,141
1,52,87,76,141
1,53,87,64,141
1,54,87,69,141
1,55,87,66,141
1,56,87,74,141
1,57,87,80,141
1,58,87,163,141
1,59,87,25,141
1,60,87,8,141
1,61,87,12,141
1,62,87,82,141
1,63,87,2,141
1,64,87,151,141
1,65,87,162,141
1,66,87,24,141
1,67,87,30,141
1,68,87,26,141
1,69,87,13,141
1,70,87,7,141
1,71,87,4,141
1,72,87,21,141
1,73,87,10,141
1,74,87,165,141
1,75,87,27,141
1,76,87,152,141
1,77,87,159,141
1,78,87,32,141
1,79,87,11,141
1,80,87,29,141
1,81,87,28,141
1,82,87,16,141
19,83,87,20,141
19,84,87,145,141
19,85,87,164,141
19,86,87,1,141
19,87,87,150,141
19,88,87,142,141
19,89,87,138,141
19,90,87,156,141
19,91,87,161,141
19,92,87,160,141
19,93,87,158,141
19,94,87,136,141
19,95,87,19,141
19,96,87,132,141
19,97,87,9,141
19,98,87,3,141
19,99,87,31,141
20,100,87,144,141
20,101,87,140,141
20,102,87,137,141
20,103,87,22,141
20,104,87,154,141
20,105,87,166,141
20,106,87,121,141
20,107,87,149,141
20,108,87,14,141
20,109,87,155,141
20,110,87,141,141
20,111,87,15,141
20,112,87,139,141
20,113,87,127,141
20,114,87,147,141
20,115,87,122,141
20,116,87,131,141
20,117,87,18,141
20,118,87,120,141
20,119,87,146,141
20,120,87,5,141
1,121,87,110,141
1,122,87,6,141
1,123,87,157,141
1,124,87,130,141
1,125,87,148,141
1,126,87,109,141
1,127,87,126,141
1,128,87,124,141
1,129,87,135,141
1,130,87,153,141
1,131,87,128,141
1,132,87,134,141
1,133,87,123,141
1,134,87,129,141
1,135,87,111,141
1,136,87,125,141
1,137,87,119,141
1,138,87,105,141
1,139,87,143,141
1,140,87,98,141
1,141,87,99,141
1,142,87,90,141
1,143,87,94,141
1,144,87,96,141
1,145,87,93,141
1,146,87,117,141
1,147,87,89,141
1,148,87,107,141
1,149,87,95,141
1,150,87,103,141
1,151,87,108,141
1,152,87,97,141
1,153,87,104,141
1,154,87,114,141
1,155,87,116,141
1,156,87,92,141
1,157,87,91,141
1,158,87,113,141
1,159,87,133,141
1,160,87,112,141
1,161,87,106,141
1,162,87,101,141
1,163,87,100,141
1,164,87,102,141
1,165,87,115,141
1,166,87,118,141
1,1,88,35,52
1,2,88,40,52
1,3,88,49,52
1,4,88,52,52
1,5,88,41,52
1,6,88,38,52
1,7,88,39,52
1,8,88,58,52
1,9,88,47,52
1,10,88,50,52
1,11,88,57,52
1,12,88,42,52
1,13,88,51,52
1,14,88,56,52
1,15,88,34,52
1,16,88,46,52
1,17,88,61,52
1,18,88,60,52
1,19,88,45,52
1,20,88,54,52
1,21,88,43,52
1,22,88,33,52
1,23,88,55,52
1,24,88,59,52
1,25,88,48,52
1,26,88,53,52
1,27,88,37,52
1,28,88,23,52
1,29,88,44,52
1,30,88,70,52
1,31,88,62,52
1,32,88,81,52
1,33,88,79,52
1,34,88,85,52
1,35,88,36,52
1,36,88,75,52
1,37,88,68,52
1,38,88,88,52
1,39,88,71,52
1,40,88,63,52
1,41,88,77,52
1,42,88,83,52
1,43,88,87,52
1,44,88,84,52
1,45,88,72,52
1,46,88,65,52
1,47,88,73,52
1,48,88,86,52
1,49,88,17,52
1,50,88,78,52
1,51,88,67,52
1,52,88,76,52
1,53,88,64,52
1,54,88,69,52
1,55,88,66,52
1,56,88,74,52
1,57,88,80,52
1,58,88,163,52
1,59,88,25,52
1,60,88,8,52
1,61,88,12,52
1,62,88,82,52
1,63,88,2,52
1,64,88,151,52
1,65,88,162,52
1,66,88,24,52
1,67,88,30,52
1,68,88,26,52
1,69,88,13,52
1,70,88,7,52
1,71,88,4,52
1,72,88,21,52
1,73,88,10,52
1,74,88,165,52
1,75,88,27,52
1,76,88,152,52
1,77,88,159,52
1,78,88,32,52
1,79,88,11,52
1,80,88,29,52
1,81,88,28,52
1,82,88,16,52
19,83,88,20,52
19,84,88,145,52
19,85,88,164,52
19,86,88,1,52
19,87,88,150,52
19,88,88,142,52
19,89,88,138,52
19,90,88,156,52
19,91,88,161,52
19,92,88,160,52
19,93,88,158,52
19,94,88,136,52
19,95,88,19,52
19,96,88,132,52
19,97,88,9,52
19,98,88,3,52
19,99,88,31,52
20,100,88,144,52
20,101,88,140,52
20,102,88,137,52
20,103,88,22,52
20,104,88,154,52
20,105,88,166,52
20,106,88,121,52
20,107,88,149,52
20,108,88,14,52
20,109,88,155,52
20,110,88,141,52
20,111,88,15,52
20,112,88,139,52
20,113,88,127,52
20,114,88,147,52
20,115,88,122,52
20,116,88,131,52
20,117,88,18,52
20,118,88,120,52
20,119,88,146,52
20,120,88,5,52
1,121,88,110,52
1,122,88,6,52
1,123,88,157,52
1,124,88,130,52
1,125,88,148,52
1,126,88,109,52
1,127,88,126,52
1,128,88,124,52
1,129,88,135,52
1,130,88,153,52
1,131,88,128,52
1,132,88,134,52
1,133,88,123,52
1,134,88,129,52
1,135,88,111,52
1,136,88,125,52
1,137,88,119,52
1,138,88,105,52
1,139,88,143,52
1,140,88,98,52
1,141,88,99,52
1,142,88,90,52
1,143,88,94,52
1,144,88,96,52
1,145,88,93,52
1,146,88,117,52
1,147,88,89,52
1,148,88,107,52
1,149,88,95,52
1,150,88,103,52
1,151,88,108,52
1,152,88,97,52
1,153,88,104,52
1,154,88,114,52
1,155,88,116,52
1,156,88,92,52
1,157,88,91,52
1,158,88,113,52
1,159,88,133,52
1,160,88,112,52
1,161,88,106,52
1,162,88,101,52
1,163,88,100,52
1,164,88,102,52
1,165,88,115,52
1,166,88,118,52
1,1,89,35,86
1,2,89,40,86
1,3,89,49,86
1,4,89,52,86
1,5,89,41,86
1,6,89,38,86
1,7,89,39,86
1,8,89,58,86
1,9,89,47,86
1,10,89,50,86
1,11,89,57,86
1,12,89,42,86
1,13,89,51,86
1,14,89,56,86
1,15,89,34,86
1,16,89,46,86
1,17,89,61,86
1,18,89,60,86
1,19,89,45,86
1,20,89,54,86
1,21,89,43,86
1,22,89,33,86
1,23,89,55,86
1,24,89,59,86
1,25,89,48,86
1,26,89,53,86
1,27,89,37,86
1,28,89,23,86
1,29,89,44,86
1,30,89,70,86
1,31,89,62,86
1,32,89,81,86
1,33,89,79,86
1,34,89,85,86
1,35,89,36,86
1,36,89,75,86
1,37,89,68,86
1,38,89,88,86
1,39,89,71,86
1,40,89,63,86
1,41,89,77,86
1,42,89,83,86
1,43,89,87,86
1,44,89,84,86
1,45,89,72,86
1,46,89,65,86
1,47,89,73,86
1,48,89,86,86
1,49,89,17,86
1,50,89,78,86
1,51,89,67,86
1,52,89,76,86
1,53,89,64,86
1,54,89,69,86
1,55,89,66,86
1,56,89,74,86
1,57,89,80,86
1,58,89,163,86
1,59,89,25,86
1,60,89,8,86
1,61,89,12,86
1,62,89,82,86
1,63,89,2,86
1,64,89,151,86
1,65,89,162,86
1,66,89,24,86
1,67,89,30,86
1,68,89,26,86
1,69,89,13,86
1,70,89,7,86
1,71,89,4,86
1,72,89,21,86
1,73,89,10,86
1,74,89,165,86
1,75,89,27,86
1,76,89,152,86
1,77,89,159,86
1,78,89,32,86
1,79,89,11,86
1,80,89,29,86
1,81,89,28,86
1,82,89,16,86
19,83,89,20,86
19,84,89,145,86
19,85,89,164,86
19,86,89,1,86
19,87,89,150,86
19,88,89,142,86
19,89,89,138,86
19,90,89,156,86
19,91,89,161,86
19,92,89,160,86
19,93,89,158,86
19,94,89,136,86
19,95,89,19,86
19,96,89,132,86
19,97,89,9,86
19,98,89,3,86
19,99,89,31,86
20,100,89,144,86
20,101,89,140,86
20,102,89,137,86
20,103,89,22,86
20,104,89,154,86
20,105,89,166,86
20,106,89,121,86
20,107,89,149,86
20,108,89,14,86
20,109,89,155,86
20,110,89,141,86
20,111,89,15,86
20,112,89,139,86
20,113,89,127,86
20,114,89,147,86
20,115,89,122,86
20,116,89,131,86
20,117,89,18,86
20,118,89,120,86
20,119,89,146,86
20,120,89,5,86
1,121,89,110,86
1,122,89,6,86
1,123,89,157,86
1,124,89,130,86
1,125,89,148,86
1,126,89,109,86
1,127,89,126,86
1,128,89,124,86
1,129,89,135,86
1,130,89,153,86
1,131,89,128,86
1,132,89,134,86
1,133,89,123,86
1,134,89,129,86
1,135,89,111,86
1,136,89,125,86
1,137,89,119,86
1,138,89,105,86
1,139,89,143,86
1,140,89,98,86
1,141,89,99,86
1,142,89,90,86
1,143,89,94,86
1,144,89,96,86
1,145,89,93,86
1,146,89,117,86
1,147,89,89,86
1,148,89,107,86
1,149,89,95,86
1,150,89,103,86
1,151,89,108,86
1,152,89,97,86
1,153,89,104,86
1,154,89,114,86
1,155,89,116,86
1,156,89,92,86
1,157,89,91,86
1,158,89,113,86
1,159,89,133,86
1,160,89,112,86
1,161,89,106,86
1,162,89,101,86
1,163,89,100,86
1,164,89,102,86
1,165,89,115,86
1,166,89,118,86
1,1,90,35,57
1,2,90,40,57
1,3,90,49,57
1,4,90,52,57
1,5,90,41,57
1,6,90,38,57
1,7,90,39,57
1,8,90,58,57
1,9,90,47,57
1,10,90,50,57
1,11,90,57,57
1,12,90,42,57
1,13,90,51,57
1,14,90,56,57
1,15,90,34,57
1,16,90,46,57
1,17,90,61,57
1,18,90,60,57
1,19,90,45,57
1,20,90,54,57
1,21,90,43,57
1,22,90,33,57
1,23,90,55,57
1,24,90,59,57
1,25,90,48,57
1,26,90,53,57
1,27,90,37,57
1,28,90,23,57
1,29,90,44,57
1,30,90,70,57
1,31,90,62,57
1,32,90,81,57
1,33,90,79,57
1,34,90,85,57
1,35,90,36,57
1,36,90,75,57
1,37,90,68,57
1,38,90,88,57
1,39,90,71,57
1,40,90,63,57
1,41,90,77,57
1,42,90,83,57
1,43,90,87,57
1,44,90,84,57
1,45,90,72,57
1,46,90,65,57
1,47,90,73,57
1,48,90,86,57
1,49,90,17,57
1,50,90,78,57
1,51,90,67,57
1,52,90,76,57
1,53,90,64,57
1,54,90,69,57
1,55,90,66,57
1,56,90,74,57
1,57,90,80,57
1,58,90,163,57
1,59,90,25,57
1,60,90,8,57
1,61,90,12,57
1,62,90,82,57
1,63,90,2,57
1,64,90,151,57
1,65,90,162,57
1,66,90,24,57
1,67,90,30,57
1,68,90,26,57
1,69,90,13,57
1,70,90,7,57
1,71,90,4,57
1,72,90,21,57
1,73,90,10,57
1,74,90,165,57
1,75,90,27,57
1,76,90,152,57
1,77,90,159,57
1,78,90,32,57
1,79,90,11,57
1,80,90,29,57
1,81,90,28,57
1,82,90,16,57
19,83,90,20,57
19,84,90,145,57
19,85,90,164,57
19,86,90,1,57
19,87,90,150,57
19,88,90,142,57
19,89,90,138,57
19,90,90,156,57
19,91,90,161,57
19,92,90,160,57
19,93,90,158,57
19,94,90,136,57
19,95,90,19,57
19,96,90,132,57
19,97,90,9,57
19,98,90,3,57
19,99,90,31,57
20,100,90,144,57
20,101,90,140,57
20,102,90,137,57
20,103,90,22,57
20,104,90,154,57
20,105,90,166,57
20,106,90,121,57
20,107,90,149,57
20,108,90,14,57
20,109,90,155,57
20,110,90,141,57
20,111,90,15,57
20,112,90,139,57
20,113,90,127,57
20,114,90,147,57
20,115,90,122,57
20,116,90,131,57
20,117,90,18,57
20,118,90,120,57
20,119,90,146,57
20,120,90,5,57
1,121,90,110,57
1,122,90,6,57
1,123,90,157,57
1,124,90,130,57
1,125,90,148,57
1,126,90,109,57
1,127,90,126,57
1,128,90,124,57
1,129,90,135,57
1,130,90,153,57
1,131,90,128,57
1,132,90,134,57
1,133,90,123,57
1,134,90,129,57
1,135,90,111,57
1,136,90,125,57
1,137,90,119,57
1,138,90,105,57
1,139,90,143,57
1,140,90,98,57
1,141,90,99,57
1,142,90,90,57
1,143,90,94,57
1,144,90,96,57
1,145,90,93,57
1,146,90,117,57
1,147,90,89,57
1,148,90,107,57
1,149,90,95,57
1,150,90,103,57
1,151,90,108,57
1,152,90,97,57
1,153,90,104,57
1,154,90,114,57
1,155,90,116,57
1,156,90,92,57
1,157,90,91,57
1,158,90,113,57
1,159,90,133,57
1,160,90,112,57
1,161,90,106,57
1,162,90,101,57
1,163,90,100,57
1,164,90,102,57
1,165,90,115,57
1,166,90,118,57
1,1,91,35,97
1,2,91,40,97
1,3,91,49,97
1,4,91,52,97
1,5,91,41,97
1,6,91,38,97
1,7,91,39,97
1,8,91,58,97
1,9,91,47,97
1,10,91,50,97
1,11,91,57,97
1,12,91,42,97
1,13,91,51,97
1,14,91,56,97
1,15,91,34,97
1,16,91,46,97
1,17,91,61,97
1,18,91,60,97
1,19,91,45,97
1,20,91,54,97
1,21,91,43,97
1,22,91,33,97
1,23,91,55,97
1,24,91,59,97
1,25,91,48,97
1,26,91,53,97
1,27,91,37,97
1,28,91,23,97
1,29,91,44,97
10,30,91,70,97
10,31,91,62,97
10,32,91,81,97
10,33,91,79,97
10,34,91,85,97
10,35,91,36,97
10,36,91,75,97
10,37,91,68,97
10,38,91,88,97
10,39,91,71,97
10,40,91,63,97
18,41,91,77,97
18,42,91,83,97
18,43,91,87,97
18,44,91,84,97
18,45,91,72,97
18,46,91,65,97
18,47,91,73,97
18,48,91,86,97
18,49,91,17,97
18,50,91,78,97
18,51,91,67,97
18,52,91,76,97
18,53,91,64,97
18,54,91,69,97
18,55,91,66,97
18,56,91,74,97
18,57,91,80,97
18,58,91,163,97
18,59,91,25,97
1,60,91,8,97
1,61,91,12,97
1,62,91,82,97
1,63,91,2,97
1,64,91,151,97
1,65,91,162,97
1,66,91,24,97
1,67,91,30,97
1,68,91,26,97
1,69,91,13,97
1,70,91,7,97
1,71,91,4,97
1,72,91,21,97
1,73,91,10,97
1,74,91,165,97
1,75,91,27,97
1,76,91,152,97
1,77,91,159,97
1,78,91,32,97
1,79,91,11,97
1,80,91,29,97
1,81,91,28,97
1,82,91,16,97
19,83,91,20,97
19,84,91,145,97
19,85,91,164,97
19,86,91,1,97
19,87,91,150,97
19,88,91,142,97
19,89,91,138,97
19,90,91,156,97
19,91,91,161,97
19,92,91,160,97
19,93,91,158,97
19,94,91,136,97
19,95,91,19,97
19,96,91,132,97
19,97,91,9,97
19,98,91,3,97
19,99,91,31,97
20,100,91,144,97
20,101,91,140,97
20,102,91,137,97
20,103,91,22,97
20,104,91,154,97
20,105,91,166,97
20,106,91,121,97
20,107,91,149,97
20,108,91,14,97
20,109,91,155,97
20,110,91,141,97
20,111,91,15,97
20,112,91,139,97
20,113,91,127,97
20,114,91,147,97
20,115,91,122,97
20,116,91,131,97
20,117,91,18,97
20,118,91,120,97
20,119,91,146,97
20,120,91,5,97
1,121,91,110,97
1,122,91,6,97
1,123,91,157,97
1,124,91,130,97
1,125,91,148,97
1,126,91,109,97
1,127,91,126,97
1,128,91,124,97
1,129,91,135,97
1,130,91,153,97
1,131,91,128,97
1,132,91,134,97
1,133,91,123,97
1,134,91,129,97
1,135,91,111,97
1,136,91,125,97
1,137,91,119,97
1,138,91,105,97
1,139,91,143,97
1,140,91,98,97
1,141,91,99,97
1,142,91,90,97
1,143,91,94,97
1,144,91,96,97
1,145,91,93,97
1,146,91,117,97
1,147,91,89,97
1,148,91,107,97
1,149,91,95,97
1,150,91,103,97
1,151,91,108,97
1,152,91,97,97
1,153,91,104,97
1,154,91,114,97
1,155,91,116,97
1,156,91,92,97
1,157,91,91,97
1,158,91,113,97
1,159,91,133,97
1,160,91,112,97
1,161,91,106,97
1,162,91,101,97
1,163,91,100,97
1,164,91,102,97
1,165,91,115,97
1,166,91,118,97
1,1,92,35,36
1,2,92,40,36
1,3,92,49,36
1,4,92,52,36
1,5,92,41,36
1,6,92,38,36
1,7,92,39,36
1,8,92,58,36
1,9,92,47,36
1,10,92,50,36
1,11,92,57,36
1,12,92,42,36
1,13,92,51,36
1,14,92,56,36
1,15,92,34,36
1,16,92,46,36
1,17,92,61,36
1,18,92,60,36
1,19,92,45,36
1,20,92,54,36
1,21,92,43,36
1,22,92,33,36
1,23,92,55,36
1,24,92,59,36
1,25,92,48,36
1,26,92,53,36
1,27,92,37,36
1,28,92,23,36
1,29,92,44,36
10,30,92,70,36
10,31,92,62,36
10,32,92,81,36
10,33,92,79,36
10,34,92,85,36
10,35,92,36,36
10,36,92,75,36
10,37,92,68,36
10,38,92,88,36
10,39,92,71,36
10,40,92,63,36
18,41,92,77,36
18,42,92,83,36
18,43,92,87,36
18,44,92,84,36
18,45,92,72,36
18,46,92,65,36
18,47,92,73,36
18,48,92,86,36
18,49,92,17,36
18,50,92,78,36
18,51,92,67,36
18,52,92,76,36
18,53,92,64,36
18,54,92,69,36
18,55,92,66,36
18,56,92,74,36
18,57,92,80,36
18,58,92,163,36
18,59,92,25,36
1,60,92,8,36
1,61,92,12,36
1,62,92,82,36
1,63,92,2,36
1,64,92,151,36
1,65,92,162,36
1,66,92,24,36
1,67,92,30,36
1,68,92,26,36
1,69,92,13,36
1,70,92,7,36
1,71,92,4,36
1,72,92,21,36
1,73,92,10,36
1,74,92,165,36
1,75,92,27,36
1,76,92,152,36
1,77,92,159,36
1,78,92,32,36
1,79,92,11,36
1,80,92,29,36
1,81,92,28,36
1,82,92,16,36
19,83,92,20,36
19,84,92,145,36
19,85,92,164,36
19,86,92,1,36
19,87,92,150,36
19,88,92,142,36
19,89,92,138,36
19,90,92,156,36
19,91,92,161,36
19,92,92,160,36
19,93,92,158,36
19,94,92,136,36
19,95,92,19,36
19,96,92,132,36
19,97,92,9,36
19,98,92,3,36
19,99,92,31,36
20,100,92,144,36
20,101,92,140,36
20,102,92,137,36
20,103,92,22,36
20,104,92,154,36
20,105,92,166,36
20,106,92,121,36
20,107,92,149,36
20,108,92,14,36
20,109,92,155,36
20,110,92,141,36
20,111,92,15,36
20,112,92,139,36
20,113,92,127,36
20,114,92,147,36
20,115,92,122,36
20,116,92,131,36
20,117,92,18,36
20,118,92,120,36
20,119,92,146,36
20,120,92,5,36
1,121,92,110,36
1,122,92,6,36
1,123,92,157,36
1,124,92,130,36
1,125,92,148,36
1,126,92,109,36
1,127,92,126,36
1,128,92,124,36
1,129,92,135,36
1,130,92,153,36
1,131,92,128,36
1,132,92,134,36
1,133,92,123,36
1,134,92,129,36
1,135,92,111,36
1,136,92,125,36
1,137,92,119,36
1,138,92,105,36
1,139,92,143,36
1,140,92,98,36
1,141,92,99,36
1,142,92,90,36
1,143,92,94,36
1,144,92,96,36
1,145,92,93,36
1,146,92,117,36
1,147,92,89,36
1,148,92,107,36
1,149,92,95,36
1,150,92,103,36
1,151,92,108,36
1,152,92,97,36
1,153,92,104,36
1,154,92,114,36
1,155,92,116,36
1,156,92,92,36
1,157,92,91,36
1,158,92,113,36
1,159,92,133,36
1,160,92,112,36
1,161,92,106,36
1,162,92,101,36
1,163,92,100,36
1,164,92,102,36
1,165,92,115,36
1,166,92,118,36
1,1,93,35,148
1,2,93,40,148
1,3,93,49,148
1,4,93,52,148
1,5,93,41,148
1,6,93,38,148
1,7,93,39,148
1,8,93,58,148
1,9,93,47,148
1,10,93,50,148
1,11,93,57,148
1,12,93,42,148
1,13,93,51,148
1,14,93,56,148
1,15,93,34,148
1,16,93,46,148
1,17,93,61,148
1,18,93,60,148
1,19,93,45,148
1,20,93,54,148
1,21,93,43,148
1,22,93,33,148
1,23,93,55,148
1,24,93,59,148
1,25,93,48,148
1,26,93,53,148
1,27,93,37,148
1,28,93,23,148
1,29,93,44,148
10,30,93,70,148
10,31,93,62,148
10,32,93,81,148
10,33,93,79,148
10,34,93,85,148
10,35,93,36,148
10,36,93,75,148
10,37,93,68,148
10,38,93,88,148
10,39,93,71,148
10,40,93,63,148
18,41,93,77,148
18,42,93,83,148
18,43,93,87,148
18,44,93,84,148
18,45,93,72,148
18,46,93,65,148
18,47,93,73,148
18,48,93,86,148
18,49,93,17,148
18,50,93,78,148
18,51,93,67,148
18,52,93,76,148
18,53,93,64,148
18,54,93,69,148
18,55,93,66,148
18,56,93,74,148
18,57,93,80,148
18,58,93,163,148
18,59,93,25,148
1,60,93,8,148
1,61,93,12,148
1,62,93,82,148
1,63,93,2,148
1,64,93,151,148
1,65,93,162,148
1,66,93,24,148
1,67,93,30,148
1,68,93,26,148
1,69,93,13,148
1,70,93,7,148
1,71,93,4,148
1,72,93,21,148
1,73,93,10,148
1,74,93,165,148
1,75,93,27,148
1,76,93,152,148
1,77,93,159,148
1,78,93,32,148
1,79,93,11,148
1,80,93,29,148
1,81,93,28,148
1,82,93,16,148
1,83,93,20,148
1,84,93,145,148
1,85,93,164,148
1,86,93,1,148
1,87,93,150,148
1,88,93,142,148
1,89,93,138,148
1,90,93,156,148
1,91,93,161,148
1,92,93,160,148
1,93,93,158,148
1,94,93,136,148
1,95,93,19,148
1,96,93,132,148
1,97,93,9,148
1,98,93,3,148
1,99,93,31,148
1,100,93,144,148
1,101,93,140,148
1,102,93,137,148
1,103,93,22,148
1,104,93,154,148
1,105,93,166,148
1,106,93,121,148
1,107,93,149,148
1,108,93,14,148
1,109,93,155,148
1,110,93,141,148
1,111,93,15,148
1,112,93,139,148
1,113,93,127,148
1,114,93,147,148
1,115,93,122,148
1,116,93,131,148
1,117,93,18,148
1,118,93,120,148
1,119,93,146,148
1,120,93,5,148
1,121,93,110,148
1,122,93,6,148
1,123,93,157,148
1,124,93,130,148
1,125,93,148,148
1,126,93,109,148
1,127,93,126,148
1,128,93,124,148
1,129,93,135,148
1,130,93,153,148
1,131,93,128,148
1,132,93,134,148
1,133,93,123,148
1,134,93,129,148
1,135,93,111,148
1,136,93,125,148
1,137,93,119,148
1,138,93,105,148
1,139,93,143,148
1,140,93,98,148
1,141,93,99,148
1,142,93,90,148
1,143,93,94,148
1,144,93,96,148
1,145,93,93,148
1,146,93,117,148
1,147,93,89,148
1,148,93,107,148
1,149,93,95,148
1,150,93,103,148
1,151,93,108,148
1,152,93,97,148
1,153,93,104,148
1,154,93,114,148
1,155,93,116,148
1,156,93,92,148
1,157,93,91,148
1,158,93,113,148
1,159,93,133,148
1,160,93,112,148
1,161,93,106,148
1,162,93,101,148
1,163,93,100,148
1,164,93,102,148
1,165,93,115,148
1,166,93,118,148
1,1,94,35,113
1,2,94,40,113
1,3,94,49,113
1,4,94,52,113
1,5,94,41,113
1,6,94,38,113
1,7,94,39,113
1,8,94,58,113
1,9,94,47,113
1,10,94,50,113
1,11,94,57,113
1,12,94,42,113
1,13,94,51,113
1,14,94,56,113
1,15,94,34,113
1,16,94,46,113
1,17,94,61,113
1,18,94,60,113
1,19,94,45,113
1,20,94,54,113
1,21,94,43,113
1,22,94,33,113
1,23,94,55,113
1,24,94,59,113
1,25,94,48,113
1,26,94,53,113
1,27,94,37,113
1,28,94,23,113
1,29,94,44,113
1,30,94,70,113
1,31,94,62,113
1,32,94,81,113
1,33,94,79,113
1,34,94,85,113
1,35,94,36,113
1,36,94,75,113
1,37,94,68,113
1,38,94,88,113
1,39,94,71,113
1,40,94,63,113
1,41,94,77,113
1,42,94,83,113
1,43,94,87,113
1,44,94,84,113
1,45,94,72,113
1,46,94,65,113
1,47,94,73,113
1,48,94,86,113
1,49,94,17,113
1,50,94,78,113
1,51,94,67,113
1,52,94,76,113
1,53,94,64,113
1,54,94,69,113
1,55,94,66,113
1,56,94,74,113
1,57,94,80,113
1,58,94,163,113
1,59,94,25,113
1,60,94,8,113
1,61,94,12,113
1,62,94,82,113
1,63,94,2,113
1,64,94,151,113
1,65,94,162,113
1,66,94,24,113
1,67,94,30,113
1,68,94,26,113
1,69,94,13,113
1,70,94,7,113
1,71,94,4,113
1,72,94,21,113
1,73,94,10,113
1,74,94,165,113
1,75,94,27,113
1,76,94,152,113
1,77,94,159,113
1,78,94,32,113
1,79,94,11,113
1,80,94,29,113
1,81,94,28,113
1,82,94,16,113
1,83,94,20,113
1,84,94,145,113
1,85,94,164,113
1,86,94,1,113
1,87,94,150,113
1,88,94,142,113
1,89,94,138,113
1,90,94,156,113
1,91,94,161,113
1,92,94,160,113
1,93,94,158,113
1,94,94,136,113
1,95,94,19,113
1,96,94,132,113
1,97,94,9,113
1,98,94,3,113
1,99,94,31,113
1,100,94,144,113
1,101,94,140,113
1,102,94,137,113
1,103,94,22,113
1,104,94,154,113
1,105,94,166,113
1,106,94,121,113
1,107,94,149,113
1,108,94,14,113
1,109,94,155,113
1,110,94,141,113
1,111,94,15,113
1,112,94,139,113
1,113,94,127,113
1,114,94,147,113
1,115,94,122,113
1,116,94,131,113
1,117,94,18,113
1,118,94,120,113
1,119,94,146,113
1,120,94,5,113
1,121,94,110,113
1,122,94,6,113
1,123,94,157,113
1,124,94,130,113
1,125,94,148,113
1,126,94,109,113
1,127,94,126,113
1,128,94,124,113
1,129,94,135,113
1,130,94,153,113
1,131,94,128,113
1,132,94,134,113
1,133,94,123,113
1,134,94,129,113
1,135,94,111,113
1,136,94,125,113
1,137,94,119,113
1,138,94,105,113
1,139,94,143,113
1,140,94,98,113
1,141,94,99,113
1,142,94,90,113
1,143,94,94,113
1,144,94,96,113
1,145,94,93,113
1,146,94,117,113
1,147,94,89,113
1,148,94,107,113
1,149,94,95,113
1,150,94,103,113
1,151,94,108,113
1,152,94,97,113
1,153,94,104,113
1,154,94,114,113
1,155,94,116,113
1,156,94,92,113
1,157,94,91,113
1,158,94,113,113
1,159,94,133,113
1,160,94,112,113
1,161,94,106,113
1,162,94,101,113
1,163,94,100,113
1,164,94,102,113
1,165,94,115,113
1,166,94,118,113
1,1,95,35,49
1,2,95,40,49
1,3,95,49,49
1,4,95,52,49
1,5,95,41,49
1,6,95,38,49
1,7,95,39,49
1,8,95,58,49
1,9,95,47,49
1,10,95,50,49
1,11,95,57,49
1,12,95,42,49
1,13,95,51,49
1,14,95,56,49
1,15,95,34,49
1,16,95,46,49
1,17,95,61,49
1,18,95,60,49
1,19,95,45,49
1,20,95,54,49
1,21,95,43,49
1,22,95,33,49
1,23,95,55,49
1,24,95,59,49
1,25,95,48,49
1,26,95,53,49
1,27,95,37,49
1,28,95,23,49
1,29,95,44,49
1,30,95,70,49
1,31,95,62,49
1,32,95,81,49
1,33,95,79,49
1,34,95,85,49
1,35,95,36,49
1,36,95,75,49
1,37,95,68,49
1,38,95,88,49
1,39,95,71,49
1,40,95,63,49
1,41,95,77,49
1,42,95,83,49
1,43,95,87,49
1,44,95,84,49
1,45,95,72,49
1,46,95,65,49
1,47,95,73,49
1,48,95,86,49
1,49,95,17,49
1,50,95,78,49
1,51,95,67,49
1,52,95,76,49
1,53,95,64,49
1,54,95,69,49
1,55,95,66,49
1,56,95,74,49
1,57,95,80,49
1,58,95,163,49
1,59,95,25,49
1,60,95,8,49
1,61,95,12,49
1,62,95,82,49
1,63,95,2,49
1,64,95,151,49
1,65,95,162,49
1,66,95,24,49
1,67,95,30,49
1,68,95,26,49
1,69,95,13,49
1,70,95,7,49
1,71,95,4,49
1,72,95,21,49
1,73,95,10,49
1,74,95,165,49
1,75,95,27,49
1,76,95,152,49
1,77,95,159,49
1,78,95,32,49
1,79,95,11,49
1,80,95,29,49
1,81,95,28,49
1,82,95,16,49
1,83,95,20,49
1,84,95,145,49
1,85,95,164,49
1,86,95,1,49
1,87,95,150,49
1,88,95,142,49
1,89,95,138,49
1,90,95,156,49
1,91,95,161,49
1,92,95,160,49
1,93,95,158,49
1,94,95,136,49
1,95,95,19,49
1,96,95,132,49
1,97,95,9,49
1,98,95,3,49
1,99,95,31,49
1,100,95,144,49
1,101,95,140,49
1,102,95,137,49
1,103,95,22,49
1,104,95,154,49
1,105,95,166,49
1,106,95,121,49
1,107,95,149,49
1,108,95,14,49
1,109,95,155,49
1,110,95,141,49
1,111,95,15,49
1,112,95,139,49
1,113,95,127,49
1,114,95,147,49
1,115,95,122,49
1,116,95,131,49
1,117,95,18,49
1,118,95,120,49
1,119,95,146,49
1,120,95,5,49
1,121,95,110,49
1,122,95,6,49
1,123,95,157,49
1,124,95,130,49
1,125,95,148,49
1,126,95,109,49
1,127,95,126,49
1,128,95,124,49
1,129,95,135,49
1,130,95,153,49
1,131,95,128,49
1,132,95,134,49
1,133,95,123,49
1,134,95,129,49
1,135,95,111,49
1,136,95,125,49
1,137,95,119,49
1,138,95,105,49
1,139,95,143,49
1,140,95,98,49
1,141,95,99,49
1,142,95,90,49
1,143,95,94,49
1,144,95,96,49
1,145,95,93,49
1,146,95,117,49
1,147,95,89,49
1,148,95,107,49
1,149,95,95,49
1,150,95,103,49
1,151,95,108,49
1,152,95,97,49
1,153,95,104,49
1,154,95,114,49
1,155,95,116,49
1,156,95,92,49
1,157,95,91,49
1,158,95,113,49
1,159,95,133,49
1,160,95,112,49
1,161,95,106,49
1,162,95,101,49
1,163,95,100,49
1,164,95,102,49
1,165,95,115,49
1,166,95,118,49
1,1,96,35,17
1,2,96,40,17
1,3,96,49,17
1,4,96,52,17
1,5,96,41,17
1,6,96,38,17
1,7,96,39,17
1,8,96,58,17
1,9,96,47,17
1,10,96,50,17
1,11,96,57,17
1,12,96,42,17
1,13,96,51,17
1,14,96,56,17
1,15,96,34,17
1,16,96,46,17
1,17,96,61,17
1,18,96,60,17
1,19,96,45,17
1,20,96,54,17
1,21,96,43,17
1,22,96,33,17
1,23,96,55,17
1,24,96,59,17
1,25,96,48,17
1,26,96,53,17
1,27,96,37,17
1,28,96,23,17
1,29,96,44,17
1,30,96,70,17
1,31,96,62,17
1,32,96,81,17
1,33,96,79,17
1,34,96,85,17
1,35,96,36,17
1,36,96,75,17
1,37,96,68,17
1,38,96,88,17
1,39,96,71,17
1,40,96,63,17
1,41,96,77,17
1,42,96,83,17
1,43,96,87,17
1,44,96,84,17
1,45,96,72,17
1,46,96,65,17
1,47,96,73,17
1,48,96,86,17
1,49,96,17,17
1,50,96,78,17
1,51,96,67,17
1,52,96,76,17
1,53,96,64,17
1,54,96,69,17
1,55,96,66,17
1,56,96,74,17
1,57,96,80,17
1,58,96,163,17
1,59,96,25,17
1,60,96,8,17
1,61,96,12,17
1,62,96,82,17
1,63,96,2,17
1,64,96,151,17
1,65,96,162,17
1,66,96,24,17
1,67,96,30,17
1,68,96,26,17
1,69,96,13,17
1,70,96,7,17
1,71,96,4,17
1,72,96,21,17
1,73,96,10,17
1,74,96,165,17
1,75,96,27,17
1,76,96,152,17
1,77,96,159,17
1,78,96,32,17
1,79,96,11,17
1,80,96,29,17
1,81,96,28,17
1,82,96,16,17
1,83,96,20,17
1,84,96,145,17
1,85,96,164,17
1,86,96,1,17
1,87,96,150,17
1,88,96,142,17
1,89,96,138,17
1,90,96,156,17
1,91,96,161,17
1,92,96,160,17
1,93,96,158,17
1,94,96,136,17
1,95,96,19,17
1,96,96,132,17
1,97,96,9,17
1,98,96,3,17
1,99,96,31,17
1,100,96,144,17
1,101,96,140,17
1,102,96,137,17
1,103,96,22,17
1,104,96,154,17
1,105,96,166,17
1,106,96,121,17
1,107,96,149,17
1,108,96,14,17
1,109,96,155,17
1,110,96,141,17
1,111,96,15,17
1,112,96,139,17
1,113,96,127,17
1,114,96,147,17
1,115,96,122,17
1,116,96,131,17
1,117,96,18,17
1,118,96,120,17
1,119,96,146,17
1,120,96,5,17
1,121,96,110,17
1,122,96,6,17
1,123,96,157,17
1,124,96,130,17
1,125,96,148,17
1,126,96,109,17
1,127,96,126,17
1,128,96,124,17
1,129,96,135,17
1,130,96,153,17
1,131,96,128,17
1,132,96,134,17
1,133,96,123,17
1,134,96,129,17
1,135,96,111,17
1,136,96,125,17
1,137,96,119,17
1,138,96,105,17
1,139,96,143,17
1,140,96,98,17
1,141,96,99,17
1,142,96,90,17
1,143,96,94,17
1,144,96,96,17
1,145,96,93,17
1,146,96,117,17
1,147,96,89,17
1,148,96,107,17
1,149,96,95,17
1,150,96,103,17
1,151,96,108,17
1,152,96,97,17
1,153,96,104,17
1,154,96,114,17
1,155,96,116,17
1,156,96,92,17
1,157,96,91,17
1,158,96,113,17
1,159,96,133,17
1,160,96,112,17
1,161,96,106,17
1,162,96,101,17
1,163,96,100,17
1,164,96,102,17
1,165,96,115,17
1,166,96,118,17
1,1,97,35,66
1,2,97,40,66
1,3,97,49,66
1,4,97,52,66
1,5,97,41,66
1,6,97,38,66
1,7,97,39,66
1,8,97,58,66
1,9,97,47,66
1,10,97,50,66
1,11,97,57,66
1,12,97,42,66
1,13,97,51,66
1,14,97,56,66
1,15,97,34,66
1,16,97,46,66
1,17,97,61,66
1,18,97,60,66
1,19,97,45,66
1,20,97,54,66
1,21,97,43,66
1,22,97,33,66
1,23,97,55,66
1,24,97,59,66
1,25,97,48,66
1,26,97,53,66
1,27,97,37,66
1,28,97,23,66
1,29,97,44,66
1,30,97,70,66
1,31,97,62,66
1,32,97,81,66
1,33,97,79,66
1,34,97,85,66
1,35,97,36,66
1,36,97,75,66
1,37,97,68,66
1,38,97,88,66
1,39,97,71,66
1,40,97,63,66
1,41,97,77,66
1,42,97,83,66
1,43,97,87,66
1,44,97,84,66
1,45,97,72,66
1,46,97,65,66
1,47,97,73,66
1,48,97,86,66
1,49,97,17,66
1,50,97,78,66
1,51,97,67,66
1,52,97,76,66
1,53,97,64,66
1,54,97,69,66
1,55,97,66,66
1,56,97,74,66
1,57,97,80,66
1,58,97,163,66
1,59,97,25,66
1,60,97,8,66
1,61,97,12,66
1,62,97,82,66
1,63,97,2,66
1,64,97,151,66
1,65,97,162,66
1,66,97,24,66
1,67,97,30,66
1,68,97,26,66
1,69,97,13,66
1,70,97,7,66
1,71,97,4,66
1,72,97,21,66
1,73,97,10,66
1,74,97,165,66
1,75,97,27,66
1,76,97,152,66
1,77,97,159,66
1,78,97,32,66
1,79,97,11,66
1,80,97,29,66
1,81,97,28,66
1,82,97,16,66
1,83,97,20,66
1,84,97,145,66
1,85,97,164,66
1,86,97,1,66
1,87,97,150,66
1,88,97,142,66
1,89,97,138,66
1,90,97,156,66
1,91,97,161,66
1,92,97,160,66
1,93,97,158,66
1,94,97,136,66
1,95,97,19,66
1,96,97,132,66
1,97,97,9,66
1,98,97,3,66
1,99,97,31,66
1,100,97,144,66
1,101,97,140,66
1,102,97,137,66
1,103,97,22,66
1,104,97,154,66
1,105,97,166,66
1,106,97,121,66
1,107,97,149,66
1,108,97,14,66
1,109,97,155,66
1,110,97,141,66
1,111,97,15,66
1,112,97,139,66
1,113,97,127,66
1,114,97,147,66
1,115,97,122,66
1,116,97,131,66
1,117,97,18,66
1,118,97,120,66
1,119,97,146,66
1,120,97,5,66
1,121,97,110,66
1,122,97,6,66
1,123,97,157,66
1,124,97,130,66
1,125,97,148,66
1,126,97,109,66
1,127,97,126,66
1,128,97,124,66
1,129,97,135,66
1,130,97,153,66
1,131,97,128,66
1,132,97,134,66
1,133,97,123,66
1,134,97,129,66
1,135,97,111,66
1,136,97,125,66
1,137,97,119,66
1,138,97,105,66
1,139,97,143,66
1,140,97,98,66
1,141,97,99,66
1,142,97,90,66
1,143,97,94,66
1,144,97,96,66
1,145,97,93,66
1,146,97,117,66
1,147,97,89,66
1,148,97,107,66
1,149,97,95,66
1,150,97,103,66
1,151,97,108,66
1,152,97,97,66
1,153,97,104,66
1,154,97,114,66
1,155,97,116,66
1,156,97,92,66
1,157,97,91,66
1,158,97,113,66
1,159,97,133,66
1,160,97,112,66
1,161,97,106,66
1,162,97,101,66
1,163,97,100,66
1,164,97,102,66
1,165,97,115,66
1,166,97,118,66
1,1,98,35,29
1,2,98,40,29
1,3,98,49,29
1,4,98,52,29
1,5,98,41,29
1,6,98,38,29
1,7,98,39,29
1,8,98,58,29
1,9,98,47,29
1,10,98,50,29
1,11,98,57,29
1,12,98,42,29
1,13,98,51,29
1,14,98,56,29
1,15,98,34,29
1,16,98,46,29
1,17,98,61,29
1,18,98,60,29
1,19,98,45,29
1,20,98,54,29
1,21,98,43,29
1,22,98,33,29
1,23,98,55,29
1,24,98,59,29
1,25,98,48,29
1,26,98,53,29
1,27,98,37,29
1,28,98,23,29
1,29,98,44,29
1,30,98,70,29
1,31,98,62,29
1,32,98,81,29
1,33,98,79,29
1,34,98,85,29
1,35,98,36,29
1,36,98,75,29
1,37,98,68,29
1,38,98,88,29
1,39,98,71,29
1,40,98,63,29
1,41,98,77,29
1,42,98,83,29
1,43,98,87,29
1,44,98,84,29
1,45,98,72,29
1,46,98,65,29
1,47,98,73,29
1,48,98,86,29
1,49,98,17,29
1,50,98,78,29
1,51,98,67,29
1,52,98,76,29
1,53,98,64,29
1,54,98,69,29
1,55,98,66,29
1,56,98,74,29
1,57,98,80,29
1,58,98,163,29
1,59,98,25,29
1,60,98,8,29
1,61,98,12,29
1,62,98,82,29
1,63,98,2,29
1,64,98,151,29
1,65,98,162,29
1,66,98,24,29
1,67,98,30,29
1,68,98,26,29
1,69,98,13,29
1,70,98,7,29
1,71,98,4,29
1,72,98,21,29
1,73,98,10,29
1,74,98,165,29
1,75,98,27,29
1,76,98,152,29
1,77,98,159,29
1,78,98,32,29
1,79,98,11,29
1,80,98,29,29
1,81,98,28,29
1,82,98,16,29
1,83,98,20,29
1,84,98,145,29
1,85,98,164,29
1,86,98,1,29
1,87,98,150,29
1,88,98,142,29
1,89,98,138,29
1,90,98,156,29
1,91,98,161,29
1,92,98,160,29
1,93,98,158,29
1,94,98,136,29
1,95,98,19,29
1,96,98,132,29
1,97,98,9,29
1,98,98,3,29
1,99,98,31,29
1,100,98,144,29
1,101,98,140,29
1,102,98,137,29
1,103,98,22,29
1,104,98,154,29
1,105,98,166,29
1,106,98,121,29
1,107,98,149,29
1,108,98,14,29
1,109,98,155,29
1,110,98,141,29
1,111,98,15,29
1,112,98,139,29
1,113,98,127,29
1,114,98,147,29
1,115,98,122,29
1,116,98,131,29
1,117,98,18,29
1,118,98,120,29
1,119,98,146,29
1,120,98,5,29
1,121,98,110,29
1,122,98,6,29
1,123,98,157,29
1,124,98,130,29
1,125,98,148,29
1,126,98,109,29
1,127,98,126,29
1,128,98,124,29
1,129,98,135,29
1,130,98,153,29
1,131,98,128,29
1,132,98,134,29
1,133,98,123,29
1,134,98,129,29
1,135,98,111,29
1,136,98,125,29
1,137,98,119,29
1,138,98,105,29
1,139,98,143,29
1,140,98,98,29
1,141,98,99,29
1,142,98,90,29
1,143,98,94,29
1,144,98,96,29
1,145,98,93,29
1,146,98,117,29
1,147,98,89,29
1,148,98,107,29
1,149,98,95,29
1,150,98,103,29
1,151,98,108,29
1,152,98,97,29
1,153,98,104,29
1,154,98,114,29
1,155,98,116,29
1,156,98,92,29
1,157,98,91,29
1,158,98,113,29
1,159,98,133,29
1,160,98,112,29
1,161,98,106,29
1,162,98,101,29
1,163,98,100,29
1,164,98,102,29
1,165,98,115,29
1,166,98,118,29
1,1,99,35,56
1,2,99,40,56
1,3,99,49,56
1,4,99,52,56
1,5,99,41,56
1,6,99,38,56
1,7,99,39,56
1,8,99,58,56
1,9,99,47,56
1,10,99,50,56
1,11,99,57,56
1,12,99,42,56
1,13,99,51,56
1,14,99,56,56
1,15,99,34,56
1,16,99,46,56
1,17,99,61,56
1,18,99,60,56
1,19,99,45,56
1,20,99,54,56
1,21,99,43,56
1,22,99,33,56
1,23,99,55,56
1,24,99,59,56
1,25,99,48,56
1,26,99,53,56
1,27,99,37,56
1,28,99,23,56
1,29,99,44,56
1,30,99,70,56
1,31,99,62,56
1,32,99,81,56
1,33,99,79,56
1,34,99,85,56
1,35,99,36,56
1,36,99,75,56
1,37,99,68,56
1,38,99,88,56
1,39,99,71,56
1,40,99,63,56
1,41,99,77,56
1,42,99,83,56
1,43,99,87,56
1,44,99,84,56
1,45,99,72,56
1,46,99,65,56
1,47,99,73,56
1,48,99,86,56
1,49,99,17,56
1,50,99,78,56
1,51,99,67,56
1,52,99,76,56
1,53,99,64,56
1,54,99,69,56
1,55,99,66,56
1,56,99,74,56
1,57,99,80,56
1,58,99,163,56
1,59,99,25,56
1,60,99,8,56
1,61,99,12,56
1,62,99,82,56
1,63,99,2,56
1,64,99,151,56
1,65,99,162,56
1,66,99,24,56
1,67,99,30,56
1,68,99,26,56
1,69,99,13,56
1,70,99,7,56
1,71,99,4,56
1,72,99,21,56
1,73,99,10,56
1,74,99,165,56
1,75,99,27,56
1,76,99,152,56
1,77,99,159,56
1,78,99,32,56
1,79,99,11,56
1,80,99,29,56
1,81,99,28,56
1,82,99,16,56
1,83,99,20,56
1,84,99,145,56
1,85,99,164,56
1,86,99,1,56
1,87,99,150,56
1,88,99,142,56
1,89,99,138,56
1,90,99,156,56
1,91,99,161,56
1,92,99,160,56
1,93,99,158,56
1,94,99,136,56
1,95,99,19,56
1,96,99,132,56
1,97,99,9,56
1,98,99,3,56
1,99,99,31,56
1,100,99,144,56
1,101,99,140,56
1,102,99,137,56
1,103,99,22,56
1,104,99,154,56
1,105,99,166,56
1,106,99,121,56
1,107,99,149,56
1,108,99,14,56
1,109,99,155,56
1,110,99,141,56
1,111,99,15,56
1,112,99,139,56
1,113,99,127,56
1,114,99,147,56
1,115,99,122,56
1,116,99,131,56
1,117,99,18,56
1,118,99,120,56
1,119,99,146,56
1,120,99,5,56
1,121,99,110,56
1,122,99,6,56
1,123,99,157,56
1,124,99,130,56
1,125,99,148,56
1,126,99,109,56
1,127,99,126,56
1,128,99,124,56
1,129,99,135,56
1,130,99,153,56
1,131,99,128,56
1,132,99,134,56
1,133,99,123,56
1,134,99,129,56
1,135,99,111,56
1,136,99,125,56
1,137,99,119,56
1,138,99,105,56
1,139,99,143,56
1,140,99,98,56
1,141,99,99,56
1,142,99,90,56
1,143,99,94,56
1,144,99,96,56
1,145,99,93,56
1,146,99,117,56
1,147,99,89,56
1,148,99,107,56
1,149,99,95,56
1,150,99,103,56
1,151,99,108,56
1,152,99,97,56
1,153,99,104,56
1,154,99,114,56
1,155,99,116,56
1,156,99,92,56
1,157,99,91,56
1,158,99,113,56
1,159,99,133,56
1,160,99,112,56
1,161,99,106,56
1,162,99,101,56
1,163,99,100,56
1,164,99,102,56
1,165,99,115,56
1,166,99,118,56
1,1,100,35,10
1,2,100,40,10
1,3,100,49,10
1,4,100,52,10
1,5,100,41,10
1,6,100,38,10
1,7,100,39,10
1,8,100,58,10
1,9,100,47,10
1,10,100,50,10
1,11,100,57,10
1,12,100,42,10
1,13,100,51,10
1,14,100,56,10
1,15,100,34,10
1,16,100,46,10
1,17,100,61,10
1,18,100,60,10
1,19,100,45,10
1,20,100,54,10
1,21,100,43,10
1,22,100,33,10
1,23,100,55,10
1,24,100,59,10
1,25,100,48,10
1,26,100,53,10
1,27,100,37,10
1,28,100,23,10
1,29,100,44,10
1,30,100,70,10
1,31,100,62,10
1,32,100,81,10
1,33,100,79,10
1,34,100,85,10
1,35,100,36,10
1,36,100,75,10
1,37,100,68,10
1,38,100,88,10
1,39,100,71,10
1,40,100,63,10
1,41,100,77,10
1,42,100,83,10
1,43,100,87,10
1,44,100,84,10
1,45,100,72,10
1,46,100,65,10
1,47,100,73,10
1,48,100,86,10
1,49,100,17,10
1,50,100,78,10
1,51,100,67,10
1,52,100,76,10
1,53,100,64,10
1,54,100,69,10
1,55,100,66,10
1,56,100,74,10
1,57,100,80,10
1,58,100,163,10
1,59,100,25,10
1,60,100,8,10
1,61,100,12,10
1,62,100,82,10
1,63,100,2,10
1,64,100,151,10
1,65,100,162,10
1,66,100,24,10
1,67,100,30,10
1,68,100,26,10
1,69,100,13,10
1,70,100,7,10
1,71,100,4,10
1,72,100,21,10
1,73,100,10,10
1,74,100,165,10
1,75,100,27,10
1,76,100,152,10
1,77,100,159,10
1,78,100,32,10
1,79,100,11,10
1,80,100,29,10
1,81,100,28,10
1,82,100,16,10
1,83,100,20,10
1,84,100,145,10
1,85,100,164,10
1,86,100,1,10
1,87,100,150,10
1,88,100,142,10
1,89,100,138,10
1,90,100,156,10
1,91,100,161,10
1,92,100,160,10
1,93,100,158,10
1,94,100,136,10
1,95,100,19,10
1,96,100,132,10
1,97,100,9,10
1,98,100,3,10
1,99,100,31,10
1,100,100,144,10
1,101,100,140,10
1,102,100,137,10
1,103,100,22,10
1,104,100,154,10
1,105,100,166,10
1,106,100,121,10
1,107,100,149,10
1,108,100,14,10
1,109,100,155,10
1,110,100,141,10
1,111,100,15,10
1,112,100,139,10
1,113,100,127,10
1,114,100,147,10
1,115,100,122,10
1,116,100,131,10
1,117,100,18,10
1,118,100,120,10
1,119,100,146,10
1,120,100,5,10
1,121,100,110,10
1,122,100,6,10
1,123,100,157,10
1,124,100,130,10
1,125,100,148,10
1,126,100,109,10
1,127,100,126,10
1,128,100,124,10
1,129,100,135,10
1,130,100,153,10
1,131,100,128,10
1,132,100,134,10
1,133,100,123,10
1,134,100,129,10
1,135,100,111,10
1,136,100,125,10
1,137,100,119,10
1,138,100,105,10
1,139,100,143,10
1,140,100,98,10
1,141,100,99,10
1,142,100,90,10
1,143,100,94,10
1,144,100,96,10
1,145,100,93,10
1,146,100,117,10
1,147,100,89,10
1,148,100,107,10
1,149,100,95,10
1,150,100,103,10
1,151,100,108,10
1,152,100,97,10
1,153,100,104,10
1,154,100,114,10
1,155,100,116,10
1,156,100,92,10
1,157,100,91,10
1,158,100,113,10
1,159,100,133,10
1,160,100,112,10
1,161,100,106,10
1,162,100,101,10
1,163,100,100,10
1,164,100,102,10
1,165,100,115,10
1,166,100,118,10
1,1,101,35,121
1,2,101,40,121
1,3,101,49,121
1,4,101,52,121
1,5,101,41,121
1,6,101,38,121
1,7,101,39,121
1,8,101,58,121
1,9,101,47,121
1,10,101,50,121
1,11,101,57,121
1,12,101,42,121
1,13,101,51,121
1,14,101,56,121
1,15,101,34,121
1,16,101,46,121
1,17,101,61,121
1,18,101,60,121
1,19,101,45,121
1,20,101,54,121
1,21,101,43,121
1,22,101,33,121
1,23,101,55,121
1,24,101,59,121
1,25,101,48,121
1,26,101,53,121
1,27,101,37,121
1,28,101,23,121
1,29,101,44,121
1,30,101,70,121
1,31,101,62,121
1,32,101,81,121
1,33,101,79,121
1,34,101,85,121
1,35,101,36,121
1,36,101,75,121
1,37,101,68,121
1,38,101,88,121
1,39,101,71,121
1,40,101,63,121
1,41,101,77,121
1,42,101,83,121
1,43,101,87,121
1,44,101,84,121
1,45,101,72,121
1,46,101,65,121
1,47,101,73,121
1,48,101,86,121
1,49,101,17,121
1,50,101,78,121
1,51,101,67,121
1,52,101,76,121
1,53,101,64,121
1,54,101,69,121
1,55,101,66,121
1,56,101,74,121
1,57,101,80,121
1,58,101,163,121
1,59,101,25,121
1,60,101,8,121
1,61,101,12,121
1,62,101,82,121
1,63,101,2,121
1,64,101,151,121
1,65,101,162,121
1,66,101,24,121
1,67,101,30,121
1,68,101,26,121
1,69,101,13,121
1,70,101,7,121
1,71,101,4,121
1,72,101,21,121
1,73,101,10,121
1,74,101,165,121
1,75,101,27,121
1,76,101,152,121
1,77,101,159,121
1,78,101,32,121
1,79,101,11,121
1,80,101,29,121
1,81,101,28,121
1,82,101,16,121
1,83,101,20,121
1,84,101,145,121
1,85,101,164,121
1,86,101,1,121
1,87,101,150,121
1,88,101,142,121
1,89,101,138,121
1,90,101,156,121
1,91,101,161,121
1,92,101,160,121
1,93,101,158,121
1,94,101,136,121
1,95,101,19,121
1,96,101,132,121
1,97,101,9,121
1,98,101,3,121
1,99,101,31,121
1,100,101,144,121
1,101,101,140,121
1,102,101,137,121
1,103,101,22,121
1,104,101,154,121
1,105,101,166,121
1,106,101,121,121
1,107,101,149,121
1,108,101,14,121
1,109,101,155,121
1,110,101,141,121
1,111,101,15,121
1,112,101,139,121
1,113,101,127,121
1,114,101,147,121
1,115,101,122,121
1,116,101,131,121
1,117,101,18,121
1,118,101,120,121
1,119,101,146,121
1,120,101,5,121
1,121,101,110,121
1,122,101,6,121
1,123,101,157,121
1,124,101,130,121
1,125,101,148,121
1,126,101,109,121
1,127,101,126,121
1,128,101,124,121
1,129,101,135,121
1,130,101,153,121
1,131,101,128,121
1,132,101,134,121
1,133,101,123,121
1,134,101,129,121
1,135,101,111,121
1,136,101,125,121
1,137,101,119,121
1,138,101,105,121
1,139,101,143,121
1,140,101,98,121
1,141,101,99,121
1,142,101,90,121
1,143,101,94,121
1,144,101,96,121
1,145,101,93,121
1,146,101,117,121
1,147,101,89,121
1,148,101,107,121
1,149,101,95,121
1,150,101,103,121
1,151,101,108,121
1,152,101,97,121
1,153,101,104,121
1,154,101,114,121
1,155,101,116,121
1,156,101,92,121
1,157,101,91,121
1,158,101,113,121
1,159,101,133,121
1,160,101,112,121
1,161,101,106,121
1,162,101,101,121
1,163,101,100,121
1,164,101,102,121
1,165,101,115,121
1,166,101,118,121
1,1,102,35,104
1,2,102,40,104
1,3,102,49,104
1,4,102,52,104
1,5,102,41,104
1,6,102,38,104
1,7,102,39,104
1,8,102,58,104
1,9,102,47,104
1,10,102,50,104
1,11,102,57,104
1,12,102,42,104
1,13,102,51,104
1,14,102,56,104
1,15,102,34,104
1,16,102,46,104
1,17,102,61,104
1,18,102,60,104
1,19,102,45,104
1,20,102,54,104
1,21,102,43,104
1,22,102,33,104
1,23,102,55,104
1,24,102,59,104
1,25,102,48,104
1,26,102,53,104
1,27,102,37,104
1,28,102,23,104
1,29,102,44,104
1,30,102,70,104
1,31,102,62,104
1,32,102,81,104
1,33,102,79,104
1,34,102,85,104
1,35,102,36,104
1,36,102,75,104
1,37,102,68,104
1,38,102,88,104
1,39,102,71,104
1,40,102,63,104
1,41,102,77,104
1,42,102,83,104
1,43,102,87,104
1,44,102,84,104
1,45,102,72,104
1,46,102,65,104
1,47,102,73,104
1,48,102,86,104
1,49,102,17,104
1,50,102,78,104
1,51,102,67,104
1,52,102,76,104
1,53,102,64,104
1,54,102,69,104
1,55,102,66,104
1,56,102,74,104
1,57,102,80,104
1,58,102,163,104
1,59,102,25,104
1,60,102,8,104
1,61,102,12,104
1,62,102,82,104
1,63,102,2,104
1,64,102,151,104
1,65,102,162,104
1,66,102,24,104
1,67,102,30,104
1,68,102,26,104
1,69,102,13,104
1,70,102,7,104
1,71,102,4,104
1,72,102,21,104
1,73,102,10,104
1,74,102,165,104
1,75,102,27,104
1,76,102,152,104
1,77,102,159,104
1,78,102,32,104
1,79,102,11,104
1,80,102,29,104
1,81,102,28,104
1,82,102,16,104
1,83,102,20,104
1,84,102,145,104
1,85,102,164,104
1,86,102,1,104
1,87,102,150,104
1,88,102,142,104
1,89,102,138,104
1,90,102,156,104
1,91,102,161,104
1,92,102,160,104
1,93,102,158,104
1,94,102,136,104
1,95,102,19,104
1,96,102,132,104
1,97,102,9,104
1,98,102,3,104
1,99,102,31,104
1,100,102,144,104
1,101,102,140,104
1,102,102,137,104
1,103,102,22,104
1,104,102,154,104
1,105,102,166,104
1,106,102,121,104
1,107,102,149,104
1,108,102,14,104
1,109,102,155,104
1,110,102,141,104
1,111,102,15,104
1,112,102,139,104
1,113,102,127,104
1,114,102,147,104
1,115,102,122,104
1,116,102,131,104
1,117,102,18,104
1,118,102,120,104
1,119,102,146,104
1,120,102,5,104
1,121,102,110,104
1,122,102,6,104
1,123,102,157,104
1,124,102,130,104
1,125,102,148,104
1,126,102,109,104
1,127,102,126,104
1,128,102,124,104
1,129,102,135,104
1,130,102,153,104
1,131,102,128,104
1,132,102,134,104
1,133,102,123,104
1,134,102,129,104
1,135,102,111,104
1,136,102,125,104
1,137,102,119,104
1,138,102,105,104
1,139,102,143,104
1,140,102,98,104
1,141,102,99,104
1,142,102,90,104
1,143,102,94,104
1,144,102,96,104
1,145,102,93,104
1,146,102,117,104
1,147,102,89,104
1,148,102,107,104
1,149,102,95,104
1,150,102,103,104
1,151,102,108,104
1,152,102,97,104
1,153,102,104,104
1,154,102,114,104
1,155,102,116,104
1,156,102,92,104
1,157,102,91,104
1,158,102,113,104
1,159,102,133,104
1,160,102,112,104
1,161,102,106,104
1,162,102,101,104
1,163,102,100,104
1,164,102,102,104
1,165,102,115,104
1,166,102,118,104
1,1,103,35,146
1,2,103,40,146
1,3,103,49,146
1,4,103,52,146
1,5,103,41,146
1,6,103,38,146
1,7,103,39,146
1,8,103,58,146
1,9,103,47,146
1,10,103,50,146
1,11,103,57,146
1,12,103,42,146
1,13,103,51,146
1,14,103,56,146
1,15,103,34,146
1,16,103,46,146
1,17,103,61,146
1,18,103,60,146
1,19,103,45,146
1,20,103,54,146
1,21,103,43,146
1,22,103,33,146
1,23,103,55,146
1,24,103,59,146
1,25,103,48,146
1,26,103,53,146
1,27,103,37,146
1,28,103,23,146
1,29,103,44,146
1,30,103,70,146
1,31,103,62,146
1,32,103,81,146
1,33,103,79,146
1,34,103,85,146
1,35,103,36,146
1,36,103,75,146
1,37,103,68,146
1,38,103,88,146
1,39,103,71,146
1,40,103,63,146
1,41,103,77,146
1,42,103,83,146
1,43,103,87,146
1,44,103,84,146
1,45,103,72,146
1,46,103,65,146
1,47,103,73,146
1,48,103,86,146
1,49,103,17,146
1,50,103,78,146
1,51,103,67,146
1,52,103,76,146
1,53,103,64,146
1,54,103,69,146
1,55,103,66,146
1,56,103,74,146
1,57,103,80,146
1,58,103,163,146
1,59,103,25,146
1,60,103,8,146
1,61,103,12,146
1,62,103,82,146
1,63,103,2,146
1,64,103,151,146
1,65,103,162,146
1,66,103,24,146
1,67,103,30,146
1,68,103,26,146
1,69,103,13,146
1,70,103,7,146
1,71,103,4,146
1,72,103,21,146
1,73,103,10,146
1,74,103,165,146
1,75,103,27,146
1,76,103,152,146
1,77,103,159,146
1,78,103,32,146
1,79,103,11,146
1,80,103,29,146
1,81,103,28,146
1,82,103,16,146
1,83,103,20,146
1,84,103,145,146
1,85,103,164,146
1,86,103,1,146
1,87,103,150,146
1,88,103,142,146
1,89,103,138,146
1,90,103,156,146
1,91,103,161,146
1,92,103,160,146
1,93,103,158,146
1,94,103,136,146
1,95,103,19,146
1,96,103,132,146
1,97,103,9,146
1,98,103,3,146
1,99,103,31,146
1,100,103,144,146
1,101,103,140,146
1,102,103,137,146
1,103,103,22,146
1,104,103,154,146
1,105,103,166,146
1,106,103,121,146
1,107,103,149,146
1,108,103,14,146
1,109,103,155,146
1,110,103,141,146
1,111,103,15,146
1,112,103,139,146
1,113,103,127,146
1,114,103,147,146
1,115,103,122,146
1,116,103,131,146
1,117,103,18,146
1,118,103,120,146
1,119,103,146,146
1,120,103,5,146
1,121,103,110,146
1,122,103,6,146
1,123,103,157,146
1,124,103,130,146
1,125,103,148,146
1,126,103,109,146
1,127,103,126,146
1,128,103,124,146
1,129,103,135,146
1,130,103,153,146
1,131,103,128,146
1,132,103,134,146
1,133,103,123,146
1,134,103,129,146
1,135,103,111,146
1,136,103,125,146
1,137,103,119,146
1,138,103,105,146
1,139,103,143,146
1,140,103,98,146
1,141,103,99,146
1,142,103,90,146
1,143,103,94,146
1,144,103,96,146
1,145,103,93,146
1,146,103,117,146
1,147,103,89,146
1,148,103,107,146
1,149,103,95,146
1,150,103,103,146
1,151,103,108,146
1,152,103,97,146
1,153,103,104,146
1,154,103,114,146
1,155,103,116,146
1,156,103,92,146
1,157,103,91,146
1,158,103,113,146
1,159,103,133,146
1,160,103,112,146
1,161,103,106,146
1,162,103,101,146
1,163,103,100,146
1,164,103,102,146
1,165,103,115,146
1,166,103,118,146
1,1,104,35,117
1,2,104,40,117
1,3,104,49,117
1,4,104,52,117
1,5,104,41,117
1,6,104,38,117
1,7,104,39,117
1,8,104,58,117
1,9,104,47,117
1,10,104,50,117
1,11,104,57,117
1,12,104,42,117
1,13,104,51,117
1,14,104,56,117
1,15,104,34,117
1,16,104,46,117
1,17,104,61,117
1,18,104,60,117
1,19,104,45,117
1,20,104,54,117
1,21,104,43,117
1,22,104,33,117
1,23,104,55,117
1,24,104,59,117
1,25,104,48,117
1,26,104,53,117
1,27,104,37,117
1,28,104,23,117
1,29,104,44,117
1,30,104,70,117
1,31,104,62,117
1,32,104,81,117
1,33,104,79,117
1,34,104,85,117
1,35,104,36,117
1,36,104,75,117
1,37,104,68,117
1,38,104,88,117
1,39,104,71,117
1,40,104,63,117
1,41,104,77,117
1,42,104,83,117
1,43,104,87,117
1,44,104,84,117
1,45,104,72,117
1,46,104,65,117
1,47,104,73,117
1,48,104,86,117
1,49,104,17,117
1,50,104,78,117
1,51,104,67,117
1,52,104,76,117
1,53,104,64,117
1,54,104,69,117
1,55,104,66,117
1,56,104,74,117
1,57,104,80,117
1,58,104,163,117
1,59,104,25,117
1,60,104,8,117
1,61,104,12,117
1,62,104,82,117
1,63,104,2,117
1,64,104,151,117
1,65,104,162,117
1,66,104,24,117
1,67,104,30,117
1,68,104,26,117
1,69,104,13,117
1,70,104,7,117
1,71,104,4,117
1,72,104,21,117
1,73,104,10,117
1,74,104,165,117
1,75,104,27,117
1,76,104,152,117
1,77,104,159,117
1,78,104,32,117
1,79,104,11,117
1,80,104,29,117
1,81,104,28,117
1,82,104,16,117
1,83,104,20,117
1,84,104,145,117
1,85,104,164,117
1,86,104,1,117
1,87,104,150,117
1,88,104,142,117
1,89,104,138,117
1,90,104,156,117
1,91,104,161,117
1,92,104,160,117
1,93,104,158,117
1,94,104,136,117
1,95,104,19,117
1,96,104,132,117
1,97,104,9,117
1,98,104,3,117
1,99,104,31,117
1,100,104,144,117
1,101,104,140,117
1,102,104,137,117
1,103,104,22,117
1,104,104,154,117
1,105,104,166,117
1,106,104,121,117
1,107,104,149,117
1,108,104,14,117
1,109,104,155,117
1,110,104,141,117
1,111,104,15,117
1,112,104,139,117
1,113,104,127,117
1,114,104,147,117
1,115,104,122,117
1,116,104,131,117
1,117,104,18,117
1,118,104,120,117
1,119,104,146,117
1,120,104,5,117
1,121,104,110,117
1,122,104,6,117
1,123,104,157,117
1,124,104,130,117
1,125,104,148,117
1,126,104,109,117
1,127,104,126,117
1,128,104,124,117
1,129,104,135,117
1,130,104,153,117
1,131,104,128,117
1,132,104,134,117
1,133,104,123,117
1,134,104,129,117
1,135,104,111,117
1,136,104,125,117
1,137,104,119,117
1,138,104,105,117
1,139,104,143,117
1,140,104,98,117
1,141,104,99,117
1,142,104,90,117
1,143,104,94,117
1,144,104,96,117
1,145,104,93,117
1,146,104,117,117
1,147,104,89,117
1,148,104,107,117
1,149,104,95,117
1,150,104,103,117
1,151,104,108,117
1,152,104,97,117
1,153,104,104,117
1,154,104,114,117
1,155,104,116,117
1,156,104,92,117
1,157,104,91,117
1,158,104,113,117
1,159,104,133,117
1,160,104,112,117
1,161,104,106,117
1,162,104,101,117
1,163,104,100,117
1,164,104,102,117
1,165,104,115,117
1,166,104,118,117
1,1,105,35,90
1,2,105,40,90
1,3,105,49,90
1,4,105,52,90
1,5,105,41,90
1,6,105,38,90
1,7,105,39,90
1,8,105,58,90
1,9,105,47,90
1,10,105,50,90
1,11,105,57,90
1,12,105,42,90
1,13,105,51,90
1,14,105,56,90
1,15,105,34,90
1,16,105,46,90
1,17,105,61,90
1,18,105,60,90
1,19,105,45,90
1,20,105,54,90
1,21,105,43,90
1,22,105,33,90
1,23,105,55,90
1,24,105,59,90
1,25,105,48,90
1,26,105,53,90
1,27,105,37,90
1,28,105,23,90
1,29,105,44,90
1,30,105,70,90
1,31,105,62,90
1,32,105,81,90
1,33,105,79,90
1,34,105,85,90
1,35,105,36,90
1,36,105,75,90
1,37,105,68,90
1,38,105,88,90
1,39,105,71,90
1,40,105,63,90
1,41,105,77,90
1,42,105,83,90
1,43,105,87,90
1,44,105,84,90
1,45,105,72,90
1,46,105,65,90
1,47,105,73,90
1,48,105,86,90
1,49,105,17,90
1,50,105,78,90
1,51,105,67,90
1,52,105,76,90
1,53,105,64,90
1,54,105,69,90
1,55,105,66,90
1,56,105,74,90
1,57,105,80,90
1,58,105,163,90
1,59,105,25,90
1,60,105,8,90
1,61,105,12,90
1,62,105,82,90
1,63,105,2,90
1,64,105,151,90
1,65,105,162,90
1,66,105,24,90
1,67,105,30,90
1,68,105,26,90
1,69,105,13,90
1,70,105,7,90
1,71,105,4,90
1,72,105,21,90
1,73,105,10,90
1,74,105,165,90
1,75,105,27,90
1,76,105,152,90
1,77,105,159,90
1,78,105,32,90
1,79,105,11,90
1,80,105,29,90
1,81,105,28,90
1,82,105,16,90
1,83,105,20,90
1,84,105,145,90
1,85,105,164,90
1,86,105,1,90
1,87,105,150,90
1,88,105,142,90
1,89,105,138,90
1,90,105,156,90
1,91,105,161,90
1,92,105,160,90
1,93,105,158,90
1,94,105,136,90
1,95,105,19,90
1,96,105,132,90
1,97,105,9,90
1,98,105,3,90
1,99,105,31,90
1,100,105,144,90
1,101,105,140,90
1,102,105,137,90
1,103,105,22,90
1,104,105,154,90
1,105,105,166,90
1,106,105,121,90
1,107,105,149,90
1,108,105,14,90
1,109,105,155,90
1,110,105,141,90
1,111,105,15,90
1,112,105,139,90
1,113,105,127,90
1,114,105,147,90
1,115,105,122,90
1,116,105,131,90
1,117,105,18,90
1,118,105,120,90
1,119,105,146,90
1,120,105,5,90
1,121,105,110,90
1,122,105,6,90
1,123,105,157,90
1,124,105,130,90
1,125,105,148,90
1,126,105,109,90
1,127,105,126,90
1,128,105,124,90
1,129,105,135,90
1,130,105,153,90
1,131,105,128,90
1,132,105,134,90
1,133,105,123,90
1,134,105,129,90
1,135,105,111,90
1,136,105,125,90
1,137,105,119,90
1,138,105,105,90
1,139,105,143,90
1,140,105,98,90
1,141,105,99,90
1,142,105,90,90
1,143,105,94,90
1,144,105,96,90
1,145,105,93,90
1,146,105,117,90
1,147,105,89,90
1,148,105,107,90
1,149,105,95,90
1,150,105,103,90
1,151,105,108,90
1,152,105,97,90
1,153,105,104,90
1,154,105,114,90
1,155,105,116,90
1,156,105,92,90
1,157,105,91,90
1,158,105,113,90
1,159,105,133,90
1,160,105,112,90
1,161,105,106,90
1,162,105,101,90
1,163,105,100,90
1,164,105,102,90
1,165,105,115,90
1,166,105,118,90
1,1,106,35,83
1,2,106,40,83
1,3,106,49,83
1,4,106,52,83
1,5,106,41,83
1,6,106,38,83
1,7,106,39,83
1,8,106,58,83
1,9,106,47,83
1,10,106,50,83
1,11,106,57,83
1,12,106,42,83
1,13,106,51,83
1,14,106,56,83
1,15,106,34,83
1,16,106,46,83
1,17,106,61,83
1,18,106,60,83
1,19,106,45,83
1,20,106,54,83
1,21,106,43,83
1,22,106,33,83
1,23,106,55,83
1,24,106,59,83
1,25,106,48,83
1,26,106,53,83
1,27,106,37,83
1,28,106,23,83
1,29,106,44,83
1,30,106,70,83
1,31,106,62,83
1,32,106,81,83
1,33,106,79,83
1,34,106,85,83
1,35,106,36,83
1,36,106,75,83
1,37,106,68,83
1,38,106,88,83
1,39,106,71,83
1,40,106,63,83
1,41,106,77,83
1,42,106,83,83
1,43,106,87,83
1,44,106,84,83
1,45,106,72,83
1,46,106,65,83
1,47,106,73,83
1,48,106,86,83
1,49,106,17,83
1,50,106,78,83
1,51,106,67,83
1,52,106,76,83
1,53,106,64,83
1,54,106,69,83
1,55,106,66,83
1,56,106,74,83
1,57,106,80,83
1,58,106,163,83
1,59,106,25,83
1,60,106,8,83
1,61,106,12,83
1,62,106,82,83
1,63,106,2,83
1,64,106,151,83
1,65,106,162,83
1,66,106,24,83
1,67,106,30,83
1,68,106,26,83
1,69,106,13,83
1,70,106,7,83
1,71,106,4,83
1,72,106,21,83
1,73,106,10,83
1,74,106,165,83
1,75,106,27,83
1,76,106,152,83
1,77,106,159,83
1,78,106,32,83
1,79,106,11,83
1,80,106,29,83
1,81,106,28,83
1,82,106,16,83
1,83,106,20,83
1,84,106,145,83
1,85,106,164,83
1,86,106,1,83
1,87,106,150,83
1,88,106,142,83
1,89,106,138,83
1,90,106,156,83
1,91,106,161,83
1,92,106,160,83
1,93,106,158,83
1,94,106,136,83
1,95,106,19,83
1,96,106,132,83
1,97,106,9,83
1,98,106,3,83
1,99,106,31,83
1,100,106,144,83
1,101,106,140,83
1,102,106,137,83
1,103,106,22,83
1,104,106,154,83
1,105,106,166,83
1,106,106,121,83
1,107,106,149,83
1,108,106,14,83
1,109,106,155,83
1,110,106,141,83
1,111,106,15,83
1,112,106,139,83
1,113,106,127,83
1,114,106,147,83
1,115,106,122,83
1,116,106,131,83
1,117,106,18,83
1,118,106,120,83
1,119,106,146,83
1,120,106,5,83
1,121,106,110,83
1,122,106,6,83
1,123,106,157,83
1,124,106,130,83
1,125,106,148,83
1,126,106,109,83
1,127,106,126,83
1,128,106,124,83
1,129,106,135,83
1,130,106,153,83
1,131,106,128,83
1,132,106,134,83
1,133,106,123,83
1,134,106,129,83
1,135,106,111,83
1,136,106,125,83
1,137,106,119,83
1,138,106,105,83
1,139,106,143,83
1,140,106,98,83
1,141,106,99,83
1,142,106,90,83
1,143,106,94,83
1,144,106,96,83
1,145,106,93,83
1,146,106,117,83
1,147,106,89,83
1,148,106,107,83
1,149,106,95,83
1,150,106,103,83
1,151,106,108,83
1,152,106,97,83
1,153,106,104,83
1,154,106,114,83
1,155,106,116,83
1,156,106,92,83
1,157,106,91,83
1,158,106,113,83
1,159,106,133,83
1,160,106,112,83
1,161,106,106,83
1,162,106,101,83
1,163,106,100,83
1,164,106,102,83
1,165,106,115,83
1,166,106,118,83
1,1,107,35,137
1,2,107,40,137
1,3,107,49,137
1,4,107,52,137
1,5,107,41,137
1,6,107,38,137
1,7,107,39,137
1,8,107,58,137
1,9,107,47,137
1,10,107,50,137
1,11,107,57,137
1,12,107,42,137
1,13,107,51,137
1,14,107,56,137
1,15,107,34,137
1,16,107,46,137
1,17,107,61,137
1,18,107,60,137
1,19,107,45,137
1,20,107,54,137
1,21,107,43,137
1,22,107,33,137
1,23,107,55,137
1,24,107,59,137
1,25,107,48,137
1,26,107,53,137
1,27,107,37,137
1,28,107,23,137
1,29,107,44,137
1,30,107,70,137
1,31,107,62,137
1,32,107,81,137
1,33,107,79,137
1,34,107,85,137
1,35,107,36,137
1,36,107,75,137
1,37,107,68,137
1,38,107,88,137
1,39,107,71,137
1,40,107,63,137
1,41,107,77,137
1,42,107,83,137
1,43,107,87,137
1,44,107,84,137
1,45,107,72,137
1,46,107,65,137
1,47,107,73,137
1,48,107,86,137
1,49,107,17,137
1,50,107,78,137
1,51,107,67,137
1,52,107,76,137
1,53,107,64,137
1,54,107,69,137
1,55,107,66,137
1,56,107,74,137
1,57,107,80,137
1,58,107,163,137
1,59,107,25,137
1,60,107,8,137
1,61,107,12,137
1,62,107,82,137
1,63,107,2,137
1,64,107,151,137
1,65,107,162,137
1,66,107,24,137
1,67,107,30,137
1,68,107,26,137
1,69,107,13,137
1,70,107,7,137
1,71,107,4,137
1,72,107,21,137
1,73,107,10,137
1,74,107,165,137
1,75,107,27,137
1,76,107,152,137
1,77,107,159,137
1,78,107,32,137
1,79,107,11,137
1,80,107,29,137
1,81,107,28,137
1,82,107,16,137
1,83,107,20,137
1,84,107,145,137
1,85,107,164,137
1,86,107,1,137
1,87,107,150,137
1,88,107,142,137
1,89,107,138,137
1,90,107,156,137
1,91,107,161,137
1,92,107,160,137
1,93,107,158,137
1,94,107,136,137
1,95,107,19,137
1,96,107,132,137
1,97,107,9,137
1,98,107,3,137
1,99,107,31,137
1,100,107,144,137
1,101,107,140,137
1,102,107,137,137
1,103,107,22,137
1,104,107,154,137
1,105,107,166,137
1,106,107,121,137
1,107,107,149,137
1,108,107,14,137
1,109,107,155,137
1,110,107,141,137
1,111,107,15,137
1,112,107,139,137
1,113,107,127,137
1,114,107,147,137
1,115,107,122,137
1,116,107,131,137
1,117,107,18,137
1,118,107,120,137
1,119,107,146,137
1,120,107,5,137
1,121,107,110,137
1,122,107,6,137
1,123,107,157,137
1,124,107,130,137
1,125,107,148,137
1,126,107,109,137
1,127,107,126,137
1,128,107,124,137
1,129,107,135,137
1,130,107,153,137
1,131,107,128,137
1,132,107,134,137
1,133,107,123,137
1,134,107,129,137
1,135,107,111,137
1,136,107,125,137
1,137,107,119,137
1,138,107,105,137
1,139,107,143,137
1,140,107,98,137
1,141,107,99,137
1,142,107,90,137
1,143,107,94,137
1,144,107,96,137
1,145,107,93,137
1,146,107,117,137
1,147,107,89,137
1,148,107,107,137
1,149,107,95,137
1,150,107,103,137
1,151,107,108,137
1,152,107,97,137
1,153,107,104,137
1,154,107,114,137
1,155,107,116,137
1,156,107,92,137
1,157,107,91,137
1,158,107,113,137
1,159,107,133,137
1,160,107,112,137
1,161,107,106,137
1,162,107,101,137
1,163,107,100,137
1,164,107,102,137
1,165,107,115,137
1,166,107,118,137
1,1,108,35,45
1,2,108,40,45
1,3,108,49,45
1,4,108,52,45
1,5,108,41,45
1,6,108,38,45
1,7,108,39,45
1,8,108,58,45
1,9,108,47,45
1,10,108,50,45
1,11,108,57,45
1,12,108,42,45
1,13,108,51,45
1,14,108,56,45
1,15,108,34,45
1,16,108,46,45
1,17,108,61,45
1,18,108,60,45
1,19,108,45,45
1,20,108,54,45
1,21,108,43,45
1,22,108,33,45
1,23,108,55,45
1,24,108,59,45
1,25,108,48,45
1,26,108,53,45
1,27,108,37,45
1,28,108,23,45
1,29,108,44,45
1,30,108,70,45
1,31,108,62,45
1,32,108,81,45
1,33,108,79,45
1,34,108,85,45
1,35,108,36,45
1,36,108,75,45
1,37,108,68,45
1,38,108,88,45
1,39,108,71,45
1,40,108,63,45
1,41,108,77,45
1,42,108,83,45
1,43,108,87,45
1,44,108,84,45
1,45,108,72,45
1,46,108,65,45
1,47,108,73,45
1,48,108,86,45
1,49,108,17,45
1,50,108,78,45
1,51,108,67,45
1,52,108,76,45
1,53,108,64,45
1,54,108,69,45
1,55,108,66,45
1,56,108,74,45
1,57,108,80,45
1,58,108,163,45
1,59,108,25,45
1,60,108,8,45
1,61,108,12,45
1,62,108,82,45
1,63,108,2,45
1,64,108,151,45
1,65,108,162,45
1,66,108,24,45
1,67,108,30,45
1,68,108,26,45
1,69,108,13,45
1,70,108,7,45
1,71,108,4,45
1,72,108,21,45
1,73,108,10,45
1,74,108,165,45
1,75,108,27,45
1,76,108,152,45
1,77,108,159,45
1,78,108,32,45
1,79,108,11,45
1,80,108,29,45
1,81,108,28,45
1,82,108,16,45
1,83,108,20,45
1,84,108,145,45
1,85,108,164,45
1,86,108,1,45
1,87,108,150,45
1,88,108,142,45
1,89,108,138,45
1,90,108,156,45
1,91,108,161,45
1,92,108,160,45
1,93,108,158,45
1,94,108,136,45
1,95,108,19,45
1,96,108,132,45
1,97,108,9,45
1,98,108,3,45
1,99,108,31,45
1,100,108,144,45
1,101,108,140,45
1,102,108,137,45
1,103,108,22,45
1,104,108,154,45
1,105,108,166,45
1,106,108,121,45
1,107,108,149,45
1,108,108,14,45
1,109,108,155,45
1,110,108,141,45
1,111,108,15,45
1,112,108,139,45
1,113,108,127,45
1,114,108,147,45
1,115,108,122,45
1,116,108,131,45
1,117,108,18,45
1,118,108,120,45
1,119,108,146,45
1,120,108,5,45
1,121,108,110,45
1,122,108,6,45
1,123,108,157,45
1,124,108,130,45
1,125,108,148,45
1,126,108,109,45
1,127,108,126,45
1,128,108,124,45
1,129,108,135,45
1,130,108,153,45
1,131,108,128,45
1,132,108,134,45
1,133,108,123,45
1,134,108,129,45
1,135,108,111,45
1,136,108,125,45
1,137,108,119,45
1,138,108,105,45
1,139,108,143,45
1,140,108,98,45
1,141,108,99,45
1,142,108,90,45
1,143,108,94,45
1,144,108,96,45
1,145,108,93,45
1,146,108,117,45
1,147,108,89,45
1,148,108,107,45
1,149,108,95,45
1,150,108,103,45
1,151,108,108,45
1,152,108,97,45
1,153,108,104,45
1,154,108,114,45
1,155,108,116,45
1,156,108,92,45
1,157,108,91,45
1,158,108,113,45
1,159,108,133,45
1,160,108,112,45
1,161,108,106,45
1,162,108,101,45
1,163,108,100,45
1,164,108,102,45
1,165,108,115,45
1,166,108,118,45
1,1,109,35,24
1,2,109,40,24
1,3,109,49,24
1,4,109,52,24
1,5,109,41,24
1,6,109,38,24
1,7,109,39,24
1,8,109,58,24
1,9,109,47,24
1,10,109,50,24
1,11,109,57,24
1,12,109,42,24
1,13,109,51,24
1,14,109,56,24
1,15,109,34,24
17,16,109,46,24
1,17,109,61,24
1,18,109,60,24
1,19,109,45,24
1,20,109,54,24
1,21,109,43,24
1,22,109,33,24
1,23,109,55,24
1,24,109,59,24
1,25,109,48,24
1,26,109,53,24
1,27,109,37,24
1,28,109,23,24
1,29,109,44,24
1,30,109,70,24
1,31,109,62,24
1,32,109,81,24
1,33,109,79,24
1,34,109,85,24
1,35,109,36,24
1,36,109,75,24
1,37,109,68,24
1,38,109,88,24
1,39,109,71,24
1,40,109,63,24
1,41,109,77,24
1,42,109,83,24
1,43,109,87,24
1,44,109,84,24
1,45,109,72,24
1,46,109,65,24
1,47,109,73,24
1,48,109,86,24
1,49,109,17,24
1,50,109,78,24
1,51,109,67,24
1,52,109,76,24
1,53,109,64,24
1,54,109,69,24
1,55,109,66,24
1,56,109,74,24
1,57,109,80,24
1,58,109,163,24
1,59,109,25,24
1,60,109,8,24
1,61,109,12,24
1,62,109,82,24
1,63,109,2,24
1,64,109,151,24
1,65,109,162,24
1,66,109,24,24
1,67,109,30,24
1,68,109,26,24
1,69,109,13,24
1,70,109,7,24
1,71,109,4,24
1,72,109,21,24
1,73,109,10,24
1,74,109,165,24
1,75,109,27,24
1,76,109,152,24
1,77,109,159,24
1,78,109,32,24
1,79,109,11,24
1,80,109,29,24
1,81,109,28,24
1,82,109,16,24
1,83,109,20,24
1,84,109,145,24
1,85,109,164,24
1,86,109,1,24
1,87,109,150,24
1,88,109,142,24
1,89,109,138,24
1,90,109,156,24
1,91,109,161,24
1,92,109,160,24
1,93,109,158,24
1,94,109,136,24
1,95,109,19,24
1,96,109,132,24
1,97,109,9,24
1,98,109,3,24
1,99,109,31,24
1,100,109,144,24
1,101,109,140,24
1,102,109,137,24
1,103,109,22,24
1,104,109,154,24
1,105,109,166,24
1,106,109,121,24
1,107,109,149,24
1,108,109,14,24
1,109,109,155,24
1,110,109,141,24
1,111,109,15,24
1,112,109,139,24
1,113,109,127,24
1,114,109,147,24
1,115,109,122,24
1,116,109,131,24
1,117,109,18,24
1,118,109,120,24
1,119,109,146,24
1,120,109,5,24
1,121,109,110,24
1,122,109,6,24
1,123,109,157,24
1,124,109,130,24
1,125,109,148,24
1,126,109,109,24
1,127,109,126,24
1,128,109,124,24
1,129,109,135,24
1,130,109,153,24
1,131,109,128,24
1,132,109,134,24
1,133,109,123,24
1,134,109,129,24
1,135,109,111,24
1,136,109,125,24
1,137,109,119,24
1,138,109,105,24
1,139,109,143,24
1,140,109,98,24
1,141,109,99,24
1,142,109,90,24
1,143,109,94,24
1,144,109,96,24
1,145,109,93,24
1,146,109,117,24
1,147,109,89,24
1,148,109,107,24
1,149,109,95,24
1,150,109,103,24
1,151,109,108,24
1,152,109,97,24
1,153,109,104,24
1,154,109,114,24
1,155,109,116,24
1,156,109,92,24
1,157,109,91,24
1,158,109,113,24
1,159,109,133,24
1,160,109,112,24
1,161,109,106,24
1,162,109,101,24
1,163,109,100,24
1,164,109,102,24
1,165,109,115,24
1,166,109,118,24
1,1,110,35,71
1,2,110,40,71
1,3,110,49,71
1,4,110,52,71
1,5,110,41,71
1,6,110,38,71
1,7,110,39,71
1,8,110,58,71
1,9,110,47,71
1,10,110,50,71
1,11,110,57,71
1,12,110,42,71
1,13,110,51,71
1,14,110,56,71
1,15,110,34,71
1,16,110,46,71
1,17,110,61,71
1,18,110,60,71
1,19,110,45,71
1,20,110,54,71
1,21,110,43,71
1,22,110,33,71
1,23,110,55,71
1,24,110,59,71
1,25,110,48,71
1,26,110,53,71
1,27,110,37,71
1,28,110,23,71
1,29,110,44,71
1,30,110,70,71
1,31,110,62,71
1,32,110,81,71
1,33,110,79,71
1,34,110,85,71
1,35,110,36,71
1,36,110,75,71
1,37,110,68,71
1,38,110,88,71
1,39,110,71,71
1,40,110,63,71
1,41,110,77,71
1,42,110,83,71
1,43,110,87,71
1,44,110,84,71
1,45,110,72,71
1,46,110,65,71
1,47,110,73,71
1,48,110,86,71
1,49,110,17,71
1,50,110,78,71
1,51,110,67,71
1,52,110,76,71
1,53,110,64,71
1,54,110,69,71
1,55,110,66,71
1,56,110,74,71
1,57,110,80,71
1,58,110,163,71
1,59,110,25,71
1,60,110,8,71
1,61,110,12,71
1,62,110,82,71
1,63,110,2,71
1,64,110,151,71
1,65,110,162,71
1,66,110,24,71
1,67,110,30,71
1,68,110,26,71
1,69,110,13,71
1,70,110,7,71
1,71,110,4,71
1,72,110,21,71
1,73,110,10,71
1,74,110,165,71
1,75,110,27,71
1,76,110,152,71
1,77,110,159,71
1,78,110,32,71
1,79,110,11,71
1,80,110,29,71
1,81,110,28,71
1,82,110,16,71
1,83,110,20,71
1,84,110,145,71
1,85,110,164,71
1,86,110,1,71
1,87,110,150,71
1,88,110,142,71
1,89,110,138,71
1,90,110,156,71
1,91,110,161,71
1,92,110,160,71
1,93,110,158,71
1,94,110,136,71
1,95,110,19,71
1,96,110,132,71
1,97,110,9,71
1,98,110,3,71
1,99,110,31,71
1,100,110,144,71
1,101,110,140,71
1,102,110,137,71
1,103,110,22,71
1,104,110,154,71
1,105,110,166,71
1,106,110,121,71
1,107,110,149,71
1,108,110,14,71
1,109,110,155,71
1,110,110,141,71
1,111,110,15,71
1,112,110,139,71
1,113,110,127,71
1,114,110,147,71
1,115,110,122,71
1,116,110,131,71
1,117,110,18,71
1,118,110,120,71
1,119,110,146,71
1,120,110,5,71
1,121,110,110,71
1,122,110,6,71
1,123,110,157,71
1,124,110,130,71
1,125,110,148,71
1,126,110,109,71
1,127,110,126,71
1,128,110,124,71
1,129,110,135,71
1,130,110,153,71
1,131,110,128,71
1,132,110,134,71
1,133,110,123,71
1,134,110,129,71
1,135,110,111,71
1,136,110,125,71
1,137,110,119,71
1,138,110,105,71
1,139,110,143,71
1,140,110,98,71
1,141,110,99,71
1,142,110,90,71
1,143,110,94,71
1,144,110,96,71
1,145,110,93,71
1,146,110,117,71
1,147,110,89,71
1,148,110,107,71
1,149,110,95,71
1,150,110,103,71
1,151,110,108,71
1,152,110,97,71
1,153,110,104,71
1,154,110,114,71
1,155,110,116,71
1,156,110,92,71
1,157,110,91,71
1,158,110,113,71
1,159,110,133,71
1,160,110,112,71
1,161,110,106,71
1,162,110,101,71
1,163,110,100,71
1,164,110,102,71
1,165,110,115,71
1,166,110,118,71
1,1,111,35,107
1,2,111,40,107
1,3,111,49,107
1,4,111,52,107
1,5,111,41,107
1,6,111,38,107
1,7,111,39,107
1,8,111,58,107
1,9,111,47,107
1,10,111,50,107
1,11,111,57,107
1,12,111,42,107
1,13,111,51,107
1,14,111,56,107
1,15,111,34,107
1,16,111,46,107
1,17,111,61,107
1,18,111,60,107
1,19,111,45,107
1,20,111,54,107
1,21,111,43,107
1,22,111,33,107
1,23,111,55,107
1,24,111,59,107
1,25,111,48,107
1,26,111,53,107
1,27,111,37,107
1,28,111,23,107
1,29,111,44,107
1,30,111,70,107
1,31,111,62,107
1,32,111,81,107
1,33,111,79,107
1,34,111,85,107
1,35,111,36,107
1,36,111,75,107
1,37,111,68,107
1,38,111,88,107
1,39,111,71,107
1,40,111,63,107
1,41,111,77,107
1,42,111,83,107
1,43,111,87,107
1,44,111,84,107
1,45,111,72,107
1,46,111,65,107
1,47,111,73,107
1,48,111,86,107
1,49,111,17,107
1,50,111,78,107
1,51,111,67,107
1,52,111,76,107
1,53,111,64,107
1,54,111,69,107
1,55,111,66,107
1,56,111,74,107
1,57,111,80,107
1,58,111,163,107
1,59,111,25,107
1,60,111,8,107
1,61,111,12,107
1,62,111,82,107
1,63,111,2,107
1,64,111,151,107
1,65,111,162,107
1,66,111,24,107
1,67,111,30,107
1,68,111,26,107
1,69,111,13,107
1,70,111,7,107
1,71,111,4,107
1,72,111,21,107
1,73,111,10,107
1,74,111,165,107
1,75,111,27,107
1,76,111,152,107
1,77,111,159,107
1,78,111,32,107
1,79,111,11,107
1,80,111,29,107
1,81,111,28,107
1,82,111,16,107
1,83,111,20,107
1,84,111,145,107
1,85,111,164,107
1,86,111,1,107
1,87,111,150,107
1,88,111,142,107
1,89,111,138,107
1,90,111,156,107
1,91,111,161,107
1,92,111,160,107
1,93,111,158,107
1,94,111,136,107
1,95,111,19,107
1,96,111,132,107
1,97,111,9,107
1,98,111,3,107
1,99,111,31,107
1,100,111,144,107
1,101,111,140,107
1,102,111,137,107
1,103,111,22,107
1,104,111,154,107
1,105,111,166,107
1,106,111,121,107
1,107,111,149,107
1,108,111,14,107
1,109,111,155,107
1,110,111,141,107
1,111,111,15,107
1,112,111,139,107
1,113,111,127,107
1,114,111,147,107
1,115,111,122,107
1,116,111,131,107
1,117,111,18,107
1,118,111,120,107
1,119,111,146,107
1,120,111,5,107
1,121,111,110,107
1,122,111,6,107
1,123,111,157,107
1,124,111,130,107
1,125,111,148,107
1,126,111,109,107
1,127,111,126,107
1,128,111,124,107
1,129,111,135,107
1,130,111,153,107
1,131,111,128,107
1,132,111,134,107
1,133,111,123,107
1,134,111,129,107
1,135,111,111,107
1,136,111,125,107
1,137,111,119,107
1,138,111,105,107
1,139,111,143,107
1,140,111,98,107
1,141,111,99,107
1,142,111,90,107
1,143,111,94,107
1,144,111,96,107
1,145,111,93,107
1,146,111,117,107
1,147,111,89,107
1,148,111,107,107
1,149,111,95,107
1,150,111,103,107
1,151,111,108,107
1,152,111,97,107
1,153,111,104,107
1,154,111,114,107
1,155,111,116,107
1,156,111,92,107
1,157,111,91,107
1,158,111,113,107
1,159,111,133,107
1,160,111,112,107
1,161,111,106,107
1,162,111,101,107
1,163,111,100,107
1,164,111,102,107
1,165,111,115,107
1,166,111,118,107
1,1,112,35,21
1,2,112,40,21
1,3,112,49,21
1,4,112,52,21
1,5,112,41,21
1,6,112,38,21
1,7,112,39,21
1,8,112,58,21
1,9,112,47,21
1,10,112,50,21
1,11,112,57,21
1,12,112,42,21
1,13,112,51,21
1,14,112,56,21
1,15,112,34,21
1,16,112,46,21
1,17,112,61,21
1,18,112,60,21
1,19,112,45,21
1,20,112,54,21
1,21,112,43,21
1,22,112,33,21
1,23,112,55,21
1,24,112,59,21
1,25,112,48,21
1,26,112,53,21
1,27,112,37,21
1,28,112,23,21
1,29,112,44,21
1,30,112,70,21
1,31,112,62,21
1,32,112,81,21
1,33,112,79,21
1,34,112,85,21
1,35,112,36,21
1,36,112,75,21
1,37,112,68,21
1,38,112,88,21
1,39,112,71,21
1,40,112,63,21
1,41,112,77,21
1,42,112,83,21
1,43,112,87,21
1,44,112,84,21
1,45,112,72,21
1,46,112,65,21
1,47,112,73,21
1,48,112,86,21
1,49,112,17,21
1,50,112,78,21
1,51,112,67,21
1,52,112,76,21
1,53,112,64,21
1,54,112,69,21
1,55,112,66,21
1,56,112,74,21
1,57,112,80,21
1,58,112,163,21
1,59,112,25,21
1,60,112,8,21
1,61,112,12,21
1,62,112,82,21
1,63,112,2,21
1,64,112,151,21
1,65,112,162,21
1,66,112,24,21
1,67,112,30,21
1,68,112,26,21
1,69,112,13,21
1,70,112,7,21
1,71,112,4,21
1,72,112,21,21
1,73,112,10,21
1,74,112,165,21
1,75,112,27,21
1,76,112,152,21
1,77,112,159,21
1,78,112,32,21
1,79,112,11,21
1,80,112,29,21
1,81,112,28,21
1,82,112,16,21
1,83,112,20,21
1,84,112,145,21
1,85,112,164,21
1,86,112,1,21
1,87,112,150,21
1,88,112,142,21
1,89,112,138,21
1,90,112,156,21
1,91,112,161,21
1,92,112,160,21
1,93,112,158,21
1,94,112,136,21
1,95,112,19,21
1,96,112,132,21
1,97,112,9,21
1,98,112,3,21
1,99,112,31,21
1,100,112,144,21
1,101,112,140,21
1,102,112,137,21
1,103,112,22,21
1,104,112,154,21
1,105,112,166,21
1,106,112,121,21
1,107,112,149,21
1,108,112,14,21
1,109,112,155,21
1,110,112,141,21
1,111,112,15,21
1,112,112,139,21
1,113,112,127,21
1,114,112,147,21
1,115,112,122,21
1,116,112,131,21
1,117,112,18,21
1,118,112,120,21
1,119,112,146,21
1,120,112,5,21
1,121,112,110,21
1,122,112,6,21
1,123,112,157,21
1,124,112,130,21
1,125,112,148,21
1,126,112,109,21
1,127,112,126,21
1,128,112,124,21
1,129,112,135,21
1,130,112,153,21
1,131,112,128,21
1,132,112,134,21
1,133,112,123,21
1,134,112,129,21
1,135,112,111,21
1,136,112,125,21
1,137,112,119,21
1,138,112,105,21
1,139,112,143,21
1,140,112,98,21
1,141,112,99,21
1,142,112,90,21
1,143,112,94,21
1,144,112,96,21
1,145,112,93,21
1,146,112,117,21
1,147,112,89,21
1,148,112,107,21
1,149,112,95,21
1,150,112,103,21
1,151,112,108,21
1,152,112,97,21
1,153,112,104,21
1,154,112,114,21
1,155,112,116,21
1,156,112,92,21
1,157,112,91,21
1,158,112,113,21
1,159,112,133,21
1,160,112,112,21
1,161,112,106,21
1,162,112,101,21
1,163,112,100,21
1,164,112,102,21
1,165,112,115,21
1,166,112,118,21
1,1,113,35,122
1,2,113,40,122
1,3,113,49,122
1,4,113,52,122
1,5,113,41,122
1,6,113,38,122
1,7,113,39,122
1,8,113,58,122
1,9,113,47,122
1,10,113,50,122
1,11,113,57,122
1,12,113,42,122
1,13,113,51,122
1,14,113,56,122
1,15,113,34,122
1,16,113,46,122
1,17,113,61,122
1,18,113,60,122
1,19,113,45,122
1,20,113,54,122
1,21,113,43,122
1,22,113,33,122
1,23,113,55,122
1,24,113,59,122
1,25,113,48,122
1,26,113,53,122
1,27,113,37,122
1,28,113,23,122
1,29,113,44,122
1,30,113,70,122
1,31,113,62,122
1,32,113,81,122
1,33,113,79,122
1,34,113,85,122
1,35,113,36,122
1,36,113,75,122
1,37,113,68,122
1,38,113,88,122
1,39,113,71,122
1,40,113,63,122
1,41,113,77,122
1,42,113,83,122
1,43,113,87,122
1,44,113,84,122
1,45,113,72,122
1,46,113,65,122
1,47,113,73,122
1,48,113,86,122
1,49,113,17,122
1,50,113,78,122
1,51,113,67,122
1,52,113,76,122
1,53,113,64,122
1,54,113,69,122
1,55,113,66,122
1,56,113,74,122
1,57,113,80,122
1,58,113,163,122
1,59,113,25,122
1,60,113,8,122
1,61,113,12,122
1,62,113,82,122
1,63,113,2,122
1,64,113,151,122
1,65,113,162,122
1,66,113,24,122
1,67,113,30,122
1,68,113,26,122
1,69,113,13,122
1,70,113,7,122
1,71,113,4,122
1,72,113,21,122
1,73,113,10,122
1,74,113,165,122
1,75,113,27,122
1,76,113,152,122
1,77,113,159,122
1,78,113,32,122
1,79,113,11,122
1,80,113,29,122
1,81,113,28,122
1,82,113,16,122
1,83,113,20,122
1,84,113,145,122
1,85,113,164,122
1,86,113,1,122
1,87,113,150,122
1,88,113,142,122
1,89,113,138,122
1,90,113,156,122
1,91,113,161,122
1,92,113,160,122
1,93,113,158,122
1,94,113,136,122
1,95,113,19,122
1,96,113,132,122
1,97,113,9,122
1,98,113,3,122
1,99,113,31,122
1,100,113,144,122
1,101,113,140,122
1,102,113,137,122
1,103,113,22,122
1,104,113,154,122
1,105,113,166,122
1,106,113,121,122
1,107,113,149,122
1,108,113,14,122
1,109,113,155,122
1,110,113,141,122
1,111,113,15,122
1,112,113,139,122
1,113,113,127,122
1,114,113,147,122
1,115,113,122,122
1,116,113,131,122
1,117,113,18,122
1,118,113,120,122
1,119,113,146,122
1,120,113,5,122
1,121,113,110,122
1,122,113,6,122
1,123,113,157,122
1,124,113,130,122
1,125,113,148,122
1,126,113,109,122
1,127,113,126,122
1,128,113,124,122
1,129,113,135,122
1,130,113,153,122
1,131,113,128,122
1,132,113,134,122
1,133,113,123,122
1,134,113,129,122
1,135,113,111,122
1,136,113,125,122
1,137,113,119,122
1,138,113,105,122
1,139,113,143,122
1,140,113,98,122
1,141,113,99,122
1,142,113,90,122
1,143,113,94,122
1,144,113,96,122
1,145,113,93,122
1,146,113,117,122
1,147,113,89,122
1,148,113,107,122
1,149,113,95,122
1,150,113,103,122
1,151,113,108,122
1,152,113,97,122
1,153,113,104,122
1,154,113,114,122
1,155,113,116,122
1,156,113,92,122
1,157,113,91,122
1,158,113,113,122
1,159,113,133,122
1,160,113,112,122
1,161,113,106,122
1,162,113,101,122
1,163,113,100,122
1,164,113,102,122
1,165,113,115,122
1,166,113,118,122
1,1,114,35,64
1,2,114,40,64
1,3,114,49,64
1,4,114,52,64
1,5,114,41,64
1,6,114,38,64
1,7,114,39,64
1,8,114,58,64
1,9,114,47,64
1,10,114,50,64
1,11,114,57,64
1,12,114,42,64
1,13,114,51,64
1,14,114,56,64
1,15,114,34,64
1,16,114,46,64
1,17,114,61,64
1,18,114,60,64
1,19,114,45,64
1,20,114,54,64
1,21,114,43,64
1,22,114,33,64
1,23,114,55,64
1,24,114,59,64
1,25,114,48,64
1,26,114,53,64
1,27,114,37,64
1,28,114,23,64
1,29,114,44,64
1,30,114,70,64
1,31,114,62,64
1,32,114,81,64
1,33,114,79,64
1,34,114,85,64
1,35,114,36,64
1,36,114,75,64
1,37,114,68,64
1,38,114,88,64
1,39,114,71,64
1,40,114,63,64
1,41,114,77,64
1,42,114,83,64
1,43,114,87,64
1,44,114,84,64
1,45,114,72,64
1,46,114,65,64
1,47,114,73,64
1,48,114,86,64
1,49,114,17,64
1,50,114,78,64
1,51,114,67,64
1,52,114,76,64
1,53,114,64,64
1,54,114,69,64
1,55,114,66,64
1,56,114,74,64
1,57,114,80,64
1,58,114,163,64
1,59,114,25,64
1,60,114,8,64
1,61,114,12,64
1,62,114,82,64
1,63,114,2,64
1,64,114,151,64
1,65,114,162,64
1,66,114,24,64
1,67,114,30,64
1,68,114,26,64
1,69,114,13,64
1,70,114,7,64
1,71,114,4,64
1,72,114,21,64
1,73,114,10,64
1,74,114,165,64
1,75,114,27,64
1,76,114,152,64
1,77,114,159,64
1,78,114,32,64
1,79,114,11,64
1,80,114,29,64
1,81,114,28,64
1,82,114,16,64
1,83,114,20,64
1,84,114,145,64
1,85,114,164,64
1,86,114,1,64
1,87,114,150,64
1,88,114,142,64
1,89,114,138,64
1,90,114,156,64
1,91,114,161,64
1,92,114,160,64
1,93,114,158,64
1,94,114,136,64
1,95,114,19,64
1,96,114,132,64
1,97,114,9,64
1,98,114,3,64
1,99,114,31,64
1,100,114,144,64
1,101,114,140,64
1,102,114,137,64
1,103,114,22,64
1,104,114,154,64
1,105,114,166,64
1,106,114,121,64
1,107,114,149,64
1,108,114,14,64
1,109,114,155,64
1,110,114,141,64
1,111,114,15,64
1,112,114,139,64
1,113,114,127,64
1,114,114,147,64
1,115,114,122,64
1,116,114,131,64
1,117,114,18,64
1,118,114,120,64
1,119,114,146,64
1,120,114,5,64
1,121,114,110,64
1,122,114,6,64
1,123,114,157,64
1,124,114,130,64
1,125,114,148,64
1,126,114,109,64
1,127,114,126,64
1,128,114,124,64
1,129,114,135,64
1,130,114,153,64
1,131,114,128,64
1,132,114,134,64
1,133,114,123,64
1,134,114,129,64
1,135,114,111,64
1,136,114,125,64
1,137,114,119,64
1,138,114,105,64
1,139,114,143,64
1,140,114,98,64
1,141,114,99,64
1,142,114,90,64
1,143,114,94,64
1,144,114,96,64
1,145,114,93,64
1,146,114,117,64
1,147,114,89,64
1,148,114,107,64
1,149,114,95,64
1,150,114,103,64
1,151,114,108,64
1,152,114,97,64
1,153,114,104,64
1,154,114,114,64
1,155,114,116,64
1,156,114,92,64
1,157,114,91,64
1,158,114,113,64
1,159,114,133,64
1,160,114,112,64
1,161,114,106,64
1,162,114,101,64
1,163,114,100,64
1,164,114,102,64
1,165,114,115,64
1,166,114,118,64
1,1,115,35,30
1,2,115,40,30
1,3,115,49,30
1,4,115,52,30
1,5,115,41,30
1,6,115,38,30
1,7,115,39,30
1,8,115,58,30
1,9,115,47,30
1,10,115,50,30
1,11,115,57,30
1,12,115,42,30
1,13,115,51,30
1,14,115,56,30
1,15,115,34,30
1,16,115,46,30
1,17,115,61,30
1,18,115,60,30
1,19,115,45,30
1,20,115,54,30
1,21,115,43,30
1,22,115,33,30
1,23,115,55,30
1,24,115,59,30
1,25,115,48,30
1,26,115,53,30
1,27,115,37,30
1,28,115,23,30
1,29,115,44,30
1,30,115,70,30
1,31,115,62,30
1,32,115,81,30
1,33,115,79,30
1,34,115,85,30
1,35,115,36,30
1,36,115,75,30
1,37,115,68,30
1,38,115,88,30
1,39,115,71,30
1,40,115,63,30
1,41,115,77,30
1,42,115,83,30
1,43,115,87,30
1,44,115,84,30
1,45,115,72,30
1,46,115,65,30
1,47,115,73,30
1,48,115,86,30
1,49,115,17,30
1,50,115,78,30
1,51,115,67,30
1,52,115,76,30
1,53,115,64,30
1,54,115,69,30
1,55,115,66,30
1,56,115,74,30
1,57,115,80,30
1,58,115,163,30
1,59,115,25,30
1,60,115,8,30
1,61,115,12,30
1,62,115,82,30
1,63,115,2,30
1,64,115,151,30
1,65,115,162,30
1,66,115,24,30
1,67,115,30,30
1,68,115,26,30
1,69,115,13,30
1,70,115,7,30
1,71,115,4,30
1,72,115,21,30
1,73,115,10,30
1,74,115,165,30
1,75,115,27,30
1,76,115,152,30
1,77,115,159,30
1,78,115,32,30
1,79,115,11,30
1,80,115,29,30
1,81,115,28,30
1,82,115,16,30
1,83,115,20,30
1,84,115,145,30
1,85,115,164,30
1,86,115,1,30
1,87,115,150,30
1,88,115,142,30
1,89,115,138,30
1,90,115,156,30
1,91,115,161,30
1,92,115,160,30
1,93,115,158,30
1,94,115,136,30
1,95,115,19,30
1,96,115,132,30
1,97,115,9,30
1,98,115,3,30
1,99,115,31,30
1,100,115,144,30
1,101,115,140,30
1,102,115,137,30
1,103,115,22,30
1,104,115,154,30
1,105,115,166,30
1,106,115,121,30
1,107,115,149,30
1,108,115,14,30
1,109,115,155,30
1,110,115,141,30
1,111,115,15,30
1,112,115,139,30
1,113,115,127,30
1,114,115,147,30
1,115,115,122,30
1,116,115,131,30
1,117,115,18,30
1,118,115,120,30
1,119,115,146,30
1,120,115,5,30
1,121,115,110,30
1,122,115,6,30
1,123,115,157,30
1,124,115,130,30
1,125,115,148,30
1,126,115,109,30
1,127,115,126,30
1,128,115,124,30
1,129,115,135,30
1,130,115,153,30
1,131,115,128,30
1,132,115,134,30
1,133,115,123,30
1,134,115,129,30
1,135,115,111,30
1,136,115,125,30
1,137,115,119,30
1,138,115,105,30
1,139,115,143,30
1,140,115,98,30
1,141,115,99,30
1,142,115,90,30
1,143,115,94,30
1,144,115,96,30
1,145,115,93,30
1,146,115,117,30
1,147,115,89,30
1,148,115,107,30
1,149,115,95,30
1,150,115,103,30
1,151,115,108,30
1,152,115,97,30
1,153,115,104,30
1,154,115,114,30
1,155,115,116,30
1,156,115,92,30
1,157,115,91,30
1,158,115,113,30
1,159,115,133,30
1,160,115,112,30
1,161,115,106,30
1,162,115,101,30
1,163,115,100,30
1,164,115,102,30
1,165,115,115,30
1,166,115,118,30
1,1,116,35,142
1,2,116,40,142
1,3,116,49,142
1,4,116,52,142
1,5,116,41,142
1,6,116,38,142
1,7,116,39,142
1,8,116,58,142
1,9,116,47,142
1,10,116,50,142
1,11,116,57,142
1,12,116,42,142
1,13,116,51,142
1,14,116,56,142
1,15,116,34,142
1,16,116,46,142
1,17,116,61,142
1,18,116,60,142
1,19,116,45,142
1,20,116,54,142
1,21,116,43,142
1,22,116,33,142
1,23,116,55,142
1,24,116,59,142
1,25,116,48,142
1,26,116,53,142
1,27,116,37,142
1,28,116,23,142
1,29,116,44,142
1,30,116,70,142
1,31,116,62,142
1,32,116,81,142
1,33,116,79,142
1,34,116,85,142
1,35,116,36,142
1,36,116,75,142
1,37,116,68,142
1,38,116,88,142
1,39,116,71,142
1,40,116,63,142
1,41,116,77,142
1,42,116,83,142
1,43,116,87,142
1,44,116,84,142
1,45,116,72,142
1,46,116,65,142
1,47,116,73,142
1,48,116,86,142
1,49,116,17,142
1,50,116,78,142
1,51,116,67,142
1,52,116,76,142
1,53,116,64,142
1,54,116,69,142
1,55,116,66,142
1,56,116,74,142
1,57,116,80,142
1,58,116,163,142
1,59,116,25,142
1,60,116,8,142
1,61,116,12,142
1,62,116,82,142
1,63,116,2,142
1,64,116,151,142
1,65,116,162,142
1,66,116,24,142
1,67,116,30,142
1,68,116,26,142
1,69,116,13,142
1,70,116,7,142
1,71,116,4,142
1,72,116,21,142
1,73,116,10,142
1,74,116,165,142
1,75,116,27,142
1,76,116,152,142
1,77,116,159,142
1,78,116,32,142
1,79,116,11,142
1,80,116,29,142
1,81,116,28,142
1,82,116,16,142
1,83,116,20,142
1,84,116,145,142
1,85,116,164,142
1,86,116,1,142
1,87,116,150,142
1,88,116,142,142
1,89,116,138,142
1,90,116,156,142
1,91,116,161,142
1,92,116,160,142
1,93,116,158,142
1,94,116,136,142
1,95,116,19,142
1,96,116,132,142
1,97,116,9,142
1,98,116,3,142
1,99,116,31,142
1,100,116,144,142
1,101,116,140,142
1,102,116,137,142
1,103,116,22,142
1,104,116,154,142
21,105,116,166,142
21,106,116,121,142
21,107,116,149,142
21,108,116,14,142
21,109,116,155,142
21,110,116,141,142
21,111,116,15,142
21,112,116,139,142
21,113,116,127,142
21,114,116,147,142
21,115,116,122,142
21,116,116,131,142
1,117,116,18,142
1,118,116,120,142
1,119,116,146,142
1,120,116,5,142
1,121,116,110,142
1,122,116,6,142
1,123,116,157,142
1,124,116,130,142
1,125,116,148,142
1,126,116,109,142
1,127,116,126,142
1,128,116,124,142
1,129,116,135,142
1,130,116,153,142
1,131,116,128,142
1,132,116,134,142
1,133,116,123,142
1,134,116,129,142
1,135,116,111,142
1,136,116,125,142
1,137,116,119,142
1,138,116,105,142
1,139,116,143,142
1,140,116,98,142
1,141,116,99,142
1,142,116,90,142
1,143,116,94,142
1,144,116,96,142
1,145,116,93,142
1,146,116,117,142
1,147,116,89,142
1,148,116,107,142
1,149,116,95,142
1,150,116,103,142
1,151,116,108,142
1,152,116,97,142
1,153,116,104,142
1,154,116,114,142
1,155,116,116,142
1,156,116,92,142
1,157,116,91,142
1,158,116,113,142
1,159,116,133,142
1,160,116,112,142
1,161,116,106,142
1,162,116,101,142
1,163,116,100,142
1,164,116,102,142
1,165,116,115,142
1,166,116,118,142
1,1,117,35,20
1,2,117,40,20
1,3,117,49,20
1,4,117,52,20
1,5,117,41,20
1,6,117,38,20
1,7,117,39,20
1,8,117,58,20
1,9,117,47,20
1,10,117,50,20
1,11,117,57,20
1,12,117,42,20
1,13,117,51,20
1,14,117,56,20
1,15,117,34,20
1,16,117,46,20
1,17,117,61,20
1,18,117,60,20
1,19,117,45,20
1,20,117,54,20
1,21,117,43,20
1,22,117,33,20
1,23,117,55,20
1,24,117,59,20
1,25,117,48,20
1,26,117,53,20
1,27,117,37,20
1,28,117,23,20
1,29,117,44,20
1,30,117,70,20
1,31,117,62,20
1,32,117,81,20
1,33,117,79,20
1,34,117,85,20
1,35,117,36,20
1,36,117,75,20
1,37,117,68,20
1,38,117,88,20
1,39,117,71,20
1,40,117,63,20
1,41,117,77,20
1,42,117,83,20
1,43,117,87,20
1,44,117,84,20
1,45,117,72,20
1,46,117,65,20
1,47,117,73,20
1,48,117,86,20
1,49,117,17,20
1,50,117,78,20
1,51,117,67,20
1,52,117,76,20
1,53,117,64,20
1,54,117,69,20
1,55,117,66,20
1,56,117,74,20
1,57,117,80,20
1,58,117,163,20
1,59,117,25,20
1,60,117,8,20
1,61,117,12,20
1,62,117,82,20
1,63,117,2,20
1,64,117,151,20
1,65,117,162,20
1,66,117,24,20
1,67,117,30,20
1,68,117,26,20
1,69,117,13,20
1,70,117,7,20
1,71,117,4,20
1,72,117,21,20
1,73,117,10,20
1,74,117,165,20
1,75,117,27,20
1,76,117,152,20
1,77,117,159,20
1,78,117,32,20
1,79,117,11,20
1,80,117,29,20
1,81,117,28,20
1,82,117,16,20
1,83,117,20,20
1,84,117,145,20
1,85,117,164,20
1,86,117,1,20
1,87,117,150,20
1,88,117,142,20
1,89,117,138,20
1,90,117,156,20
1,91,117,161,20
1,92,117,160,20
1,93,117,158,20
1,94,117,136,20
1,95,117,19,20
1,96,117,132,20
1,97,117,9,20
1,98,117,3,20
1,99,117,31,20
1,100,117,144,20
1,101,117,140,20
1,102,117,137,20
1,103,117,22,20
1,104,117,154,20
21,105,117,166,20
21,106,117,121,20
21,107,117,149,20
21,108,117,14,20
21,109,117,155,20
21,110,117,141,20
21,111,117,15,20
21,112,117,139,20
21,113,117,127,20
21,114,117,147,20
21,115,117,122,20
21,116,117,131,20
22,117,117,18,20
22,118,117,120,20
22,119,117,146,20
22,120,117,5,20
1,121,117,110,20
1,122,117,6,20
1,123,117,157,20
1,124,117,130,20
1,125,117,148,20
1,126,117,109,20
1,127,117,126,20
1,128,117,124,20
1,129,117,135,20
1,130,117,153,20
1,131,117,128,20
1,132,117,134,20
1,133,117,123,20
1,134,117,129,20
1,135,117,111,20
1,136,117,125,20
1,137,117,119,20
5,138,117,105,20
5,139,117,143,20
5,140,117,98,20
5,141,117,99,20
5,142,117,90,20
5,143,117,94,20
5,144,117,96,20
5,145,117,93,20
5,146,117,117,20
5,147,117,89,20
5,148,117,107,20
5,149,117,95,20
5,150,117,103,20
5,151,117,108,20
5,152,117,97,20
5,153,117,104,20
5,154,117,114,20
5,155,117,116,20
5,156,117,92,20
5,157,117,91,20
5,158,117,113,20
5,159,117,133,20
5,160,117,112,20
5,161,117,106,20
5,162,117,101,20
5,163,117,100,20
5,164,117,102,20
5,165,117,115,20
5,166,117,118,20
1,1,118,35,65
1,2,118,40,65
1,3,118,49,65
1,4,118,52,65
1,5,118,41,65
1,6,118,38,65
1,7,118,39,65
1,8,118,58,65
1,9,118,47,65
1,10,118,50,65
1,11,118,57,65
1,12,118,42,65
1,13,118,51,65
1,14,118,56,65
1,15,118,34,65
1,16,118,46,65
1,17,118,61,65
1,18,118,60,65
1,19,118,45,65
1,20,118,54,65
1,21,118,43,65
1,22,118,33,65
1,23,118,55,65
1,24,118,59,65
1,25,118,48,65
1,26,118,53,65
1,27,118,37,65
1,28,118,23,65
1,29,118,44,65
1,30,118,70,65
1,31,118,62,65
1,32,118,81,65
1,33,118,79,65
1,34,118,85,65
1,35,118,36,65
1,36,118,75,65
1,37,118,68,65
1,38,118,88,65
1,39,118,71,65
1,40,118,63,65
1,41,118,77,65
1,42,118,83,65
1,43,118,87,65
1,44,118,84,65
1,45,118,72,65
1,46,118,65,65
1,47,118,73,65
1,48,118,86,65
1,49,118,17,65
1,50,118,78,65
1,51,118,67,65
1,52,118,76,65
1,53,118,64,65
1,54,118,69,65
1,55,118,66,65
1,56,118,74,65
1,57,118,80,65
1,58,118,163,65
1,59,118,25,65
1,60,118,8,65
1,61,118,12,65
1,62,118,82,65
1,63,118,2,65
1,64,118,151,65
1,65,118,162,65
1,66,118,24,65
1,67,118,30,65
1,68,118,26,65
1,69,118,13,65
1,70,118,7,65
1,71,118,4,65
1,72,118,21,65
1,73,118,10,65
1,74,118,165,65
1,75,118,27,65
1,76,118,152,65
1,77,118,159,65
1,78,118,32,65
1,79,118,11,65
1,80,118,29,65
1,81,118,28,65
1,82,118,16,65
1,83,118,20,65
1,84,118,145,65
1,85,118,164,65
1,86,118,1,65
1,87,118,150,65
1,88,118,142,65
1,89,118,138,65
1,90,118,156,65
1,91,118,161,65
1,92,118,160,65
1,93,118,158,65
1,94,118,136,65
1,95,118,19,65
1,96,118,132,65
1,97,118,9,65
1,98,118,3,65
1,99,118,31,65
1,100,118,144,65
1,101,118,140,65
1,102,118,137,65
1,103,118,22,65
1,104,118,154,65
21,105,118,166,65
21,106,118,121,65
21,107,118,149,65
21,108,118,14,65
21,109,118,155,65
21,110,118,141,65
21,111,118,15,65
21,112,118,139,65
21,113,118,127,65
21,114,118,147,65
21,115,118,122,65
21,116,118,131,65
22,117,118,18,65
22,118,118,120,65
22,119,118,146,65
22,120,118,5,65
1,121,118,110,65
1,122,118,6,65
1,123,118,157,65
1,124,118,130,65
1,125,118,148,65
1,126,118,109,65
1,127,118,126,65
1,128,118,124,65
1,129,118,135,65
1,130,118,153,65
1,131,118,128,65
1,132,118,134,65
1,133,118,123,65
1,134,118,129,65
1,135,118,111,65
1,136,118,125,65
1,137,118,119,65
5,138,118,105,65
5,139,118,143,65
5,140,118,98,65
5,141,118,99,65
5,142,118,90,65
5,143,118,94,65
5,144,118,96,65
5,145,118,93,65
5,146,118,117,65
5,147,118,89,65
5,148,118,107,65
5,149,118,95,65
5,150,118,103,65
5,151,118,108,65
5,152,118,97,65
5,153,118,104,65
5,154,118,114,65
5,155,118,116,65
5,156,118,92,65
5,157,118,91,65
5,158,118,113,65
5,159,118,133,65
5,160,118,112,65
5,161,118,106,65
5,162,118,101,65
5,163,118,100,65
5,164,118,102,65
5,165,118,115,65
5,166,118,118,65
1,1,119,35,34
1,2,119,40,34
1,3,119,49,34
1,4,119,52,34
1,5,119,41,34
1,6,119,38,34
1,7,119,39,34
1,8,119,58,34
1,9,119,47,34
1,10,119,50,34
1,11,119,57,34
1,12,119,42,34
1,13,119,51,34
1,14,119,56,34
1,15,119,34,34
1,16,119,46,34
1,17,119,61,34
1,18,119,60,34
1,19,119,45,34
1,20,119,54,34
1,21,119,43,34
1,22,119,33,34
1,23,119,55,34
1,24,119,59,34
1,25,119,48,34
1,26,119,53,34
1,27,119,37,34
1,28,119,23,34
1,29,119,44,34
1,30,119,70,34
1,31,119,62,34
1,32,119,81,34
1,33,119,79,34
1,34,119,85,34
1,35,119,36,34
1,36,119,75,34
1,37,119,68,34
1,38,119,88,34
1,39,119,71,34
1,40,119,63,34
1,41,119,77,34
1,42,119,83,34
1,43,119,87,34
1,44,119,84,34
1,45,119,72,34
1,46,119,65,34
1,47,119,73,34
1,48,119,86,34
1,49,119,17,34
1,50,119,78,34
1,51,119,67,34
1,52,119,76,34
1,53,119,64,34
1,54,119,69,34
1,55,119,66,34
1,56,119,74,34
1,57,119,80,34
1,58,119,163,34
1,59,119,25,34
1,60,119,8,34
1,61,119,12,34
1,62,119,82,34
1,63,119,2,34
1,64,119,151,34
1,65,119,162,34
1,66,119,24,34
1,67,119,30,34
1,68,119,26,34
1,69,119,13,34
1,70,119,7,34
1,71,119,4,34
1,72,119,21,34
1,73,119,10,34
1,74,119,165,34
1,75,119,27,34
1,76,119,152,34
1,77,119,159,34
1,78,119,32,34
1,79,119,11,34
1,80,119,29,34
1,81,119,28,34
1,82,119,16,34
1,83,119,20,34
1,84,119,145,34
1,85,119,164,34
1,86,119,1,34
1,87,119,150,34
1,88,119,142,34
1,89,119,138,34
1,90,119,156,34
1,91,119,161,34
1,92,119,160,34
1,93,119,158,34
1,94,119,136,34
1,95,119,19,34
1,96,119,132,34
1,97,119,9,34
1,98,119,3,34
1,99,119,31,34
1,100,119,144,34
1,101,119,140,34
1,102,119,137,34
1,103,119,22,34
1,104,119,154,34
21,105,119,166,34
21,106,119,121,34
21,107,119,149,34
21,108,119,14,34
21,109,119,155,34
21,110,119,141,34
21,111,119,15,34
21,112,119,139,34
21,113,119,127,34
21,114,119,147,34
21,115,119,122,34
21,116,119,131,34
22,117,119,18,34
22,118,119,120,34
22,119,119,146,34
22,120,119,5,34
1,121,119,110,34
1,122,119,6,34
1,123,119,157,34
1,124,119,130,34
1,125,119,148,34
1,126,119,109,34
1,127,119,126,34
1,128,119,124,34
1,129,119,135,34
1,130,119,153,34
1,131,119,128,34
1,132,119,134,34
1,133,119,123,34
1,134,119,129,34
1,135,119,111,34
1,136,119,125,34
1,137,119,119,34
5,138,119,105,34
5,139,119,143,34
5,140,119,98,34
5,141,119,99,34
5,142,119,90,34
5,143,119,94,34
5,144,119,96,34
5,145,119,93,34
5,146,119,117,34
5,147,119,89,34
5,148,119,107,34
5,149,119,95,34
5,150,119,103,34
5,151,119,108,34
5,152,119,97,34
5,153,119,104,34
5,154,119,114,34
5,155,119,116,34
5,156,119,92,34
5,157,119,91,34
5,158,119,113,34
5,159,119,133,34
5,160,119,112,34
5,161,119,106,34
5,162,119,101,34
5,163,119,100,34
5,164,119,102,34
5,165,119,115,34
5,166,119,118,34
1,1,120,35,119
1,2,120,40,119
1,3,120,49,119
1,4,120,52,119
1,5,120,41,119
1,6,120,38,119
1,7,120,39,119
1,8,120,58,119
1,9,120,47,119
1,10,120,50,119
1,11,120,57,119
1,12,120,42,119
1,13,120,51,119
1,14,120,56,119
1,15,120,34,119
1,16,120,46,119
1,17,120,61,119
1,18,120,60,119
1,19,120,45,119
1,20,120,54,119
1,21,120,43,119
1,22,120,33,119
1,23,120,55,119
1,24,120,59,119
1,25,120,48,119
1,26,120,53,119
1,27,120,37,119
1,28,120,23,119
1,29,120,44,119
1,30,120,70,119
1,31,120,62,119
1,32,120,81,119
1,33,120,79,119
1,34,120,85,119
1,35,120,36,119
1,36,120,75,119
1,37,120,68,119
1,38,120,88,119
1,39,120,71,119
1,40,120,63,119
1,41,120,77,119
1,42,120,83,119
1,43,120,87,119
1,44,120,84,119
1,45,120,72,119
1,46,120,65,119
1,47,120,73,119
1,48,120,86,119
1,49,120,17,119
1,50,120,78,119
1,51,120,67,119
1,52,120,76,119
1,53,120,64,119
1,54,120,69,119
1,55,120,66,119
1,56,120,74,119
1,57,120,80,119
1,58,120,163,119
1,59,120,25,119
1,60,120,8,119
1,61,120,12,119
1,62,120,82,119
1,63,120,2,119
1,64,120,151,119
1,65,120,162,119
1,66,120,24,119
1,67,120,30,119
1,68,120,26,119
1,69,120,13,119
1,70,120,7,119
1,71,120,4,119
1,72,120,21,119
1,73,120,10,119
1,74,120,165,119
1,75,120,27,119
1,76,120,152,119
1,77,120,159,119
1,78,120,32,119
1,79,120,11,119
1,80,120,29,119
1,81,120,28,119
1,82,120,16,119
1,83,120,20,119
1,84,120,145,119
1,85,120,164,119
1,86,120,1,119
1,87,120,150,119
1,88,120,142,119
1,89,120,138,119
1,90,120,156,119
1,91,120,161,119
1,92,120,160,119
1,93,120,158,119
1,94,120,136,119
1,95,120,19,119
1,96,120,132,119
1,97,120,9,119
1,98,120,3,119
1,99,120,31,119
1,100,120,144,119
1,101,120,140,119
1,102,120,137,119
1,103,120,22,119
1,104,120,154,119
21,105,120,166,119
21,106,120,121,119
21,107,120,149,119
21,108,120,14,119
21,109,120,155,119
21,110,120,141,119
21,111,120,15,119
21,112,120,139,119
21,113,120,127,119
21,114,120,147,119
21,115,120,122,119
21,116,120,131,119
22,117,120,18,119
22,118,120,120,119
22,119,120,146,119
22,120,120,5,119
1,121,120,110,119
1,122,120,6,119
1,123,120,157,119
1,124,120,130,119
1,125,120,148,119
1,126,120,109,119
1,127,120,126,119
1,128,120,124,119
1,129,120,135,119
1,130,120,153,119
1,131,120,128,119
1,132,120,134,119
1,133,120,123,119
1,134,120,129,119
1,135,120,111,119
1,136,120,125,119
1,137,120,119,119
5,138,120,105,119
5,139,120,143,119
5,140,120,98,119
5,141,120,99,119
5,142,120,90,119
5,143,120,94,119
5,144,120,96,119
5,145,120,93,119
5,146,120,117,119
5,147,120,89,119
5,148,120,107,119
5,149,120,95,119
5,150,120,103,119
5,151,120,108,119
5,152,120,97,119
5,153,120,104,119
5,154,120,114,119
5,155,120,116,119
5,156,120,92,119
5,157,120,91,119
5,158,120,113,119
5,159,120,133,119
5,160,120,112,119
5,161,120,106,119
5,162,120,101,119
5,163,120,100,119
5,164,120,102,119
5,165,120,115,119
5,166,120,118,119
1,1,121,35,130
1,2,121,40,130
1,3,121,49,130
1,4,121,52,130
1,5,121,41,130
1,6,121,38,130
1,7,121,39,130
1,8,121,58,130
1,9,121,47,130
1,10,121,50,130
1,11,121,57,130
1,12,121,42,130
1,13,121,51,130
1,14,121,56,130
1,15,121,34,130
1,16,121,46,130
1,17,121,61,130
1,18,121,60,130
1,19,121,45,130
1,20,121,54,130
1,21,121,43,130
1,22,121,33,130
1,23,121,55,130
1,24,121,59,130
1,25,121,48,130
1,26,121,53,130
1,27,121,37,130
1,28,121,23,130
1,29,121,44,130
1,30,121,70,130
1,31,121,62,130
1,32,121,81,130
1,33,121,79,130
1,34,121,85,130
1,35,121,36,130
1,36,121,75,130
1,37,121,68,130
1,38,121,88,130
1,39,121,71,130
1,40,121,63,130
1,41,121,77,130
1,42,121,83,130
1,43,121,87,130
1,44,121,84,130
1,45,121,72,130
1,46,121,65,130
1,47,121,73,130
1,48,121,86,130
1,49,121,17,130
1,50,121,78,130
1,51,121,67,130
1,52,121,76,130
1,53,121,64,130
1,54,121,69,130
1,55,121,66,130
1,56,121,74,130
1,57,121,80,130
1,58,121,163,130
1,59,121,25,130
1,60,121,8,130
1,61,121,12,130
1,62,121,82,130
1,63,121,2,130
1,64,121,151,130
1,65,121,162,130
1,66,121,24,130
1,67,121,30,130
1,68,121,26,130
1,69,121,13,130
1,70,121,7,130
1,71,121,4,130
1,72,121,21,130
1,73,121,10,130
1,74,121,165,130
1,75,121,27,130
1,76,121,152,130
1,77,121,159,130
1,78,121,32,130
1,79,121,11,130
1,80,121,29,130
1,81,121,28,130
1,82,121,16,130
1,83,121,20,130
1,84,121,145,130
1,85,121,164,130
1,86,121,1,130
1,87,121,150,130
1,88,121,142,130
1,89,121,138,130
1,90,121,156,130
1,91,121,161,130
1,92,121,160,130
1,93,121,158,130
1,94,121,136,130
1,95,121,19,130
1,96,121,132,130
1,97,121,9,130
1,98,121,3,130
1,99,121,31,130
1,100,121,144,130
1,101,121,140,130
1,102,121,137,130
1,103,121,22,130
1,104,121,154,130
1,105,121,166,130
1,106,121,121,130
1,107,121,149,130
1,108,121,14,130
1,109,121,155,130
1,110,121,141,130
1,111,121,15,130
1,112,121,139,130
1,113,121,127,130
1,114,121,147,130
1,115,121,122,130
1,116,121,131,130
1,117,121,18,130
1,118,121,120,130
1,119,121,146,130
1,120,121,5,130
1,121,121,110,130
1,122,121,6,130
1,123,121,157,130
1,124,121,130,130
1,125,121,148,130
1,126,121,109,130
1,127,121,126,130
1,128,121,124,130
1,129,121,135,130
1,130,121,153,130
1,131,121,128,130
1,132,121,134,130
1,133,121,123,130
1,134,121,129,130
1,135,121,111,130
1,136,121,125,130
1,137,121,119,130
5,138,121,105,130
5,139,121,143,130
5,140,121,98,130
5,141,121,99,130
5,142,121,90,130
5,143,121,94,130
5,144,121,96,130
5,145,121,93,130
5,146,121,117,130
5,147,121,89,130
5,148,121,107,130
5,149,121,95,130
5,150,121,103,130
5,151,121,108,130
5,152,121,97,130
5,153,121,104,130
5,154,121,114,130
5,155,121,116,130
5,156,121,92,130
5,157,121,91,130
5,158,121,113,130
5,159,121,133,130
5,160,121,112,130
5,161,121,106,130
5,162,121,101,130
5,163,121,100,130
5,164,121,102,130
5,165,121,115,130
5,166,121,118,130
1,1,122,35,143
1,2,122,40,143
1,3,122,49,143
1,4,122,52,143
1,5,122,41,143
1,6,122,38,143
1,7,122,39,143
1,8,122,58,143
1,9,122,47,143
1,10,122,50,143
1,11,122,57,143
1,12,122,42,143
1,13,122,51,143
1,14,122,56,143
1,15,122,34,143
1,16,122,46,143
1,17,122,61,143
1,18,122,60,143
1,19,122,45,143
1,20,122,54,143
1,21,122,43,143
1,22,122,33,143
1,23,122,55,143
1,24,122,59,143
1,25,122,48,143
1,26,122,53,143
1,27,122,37,143
1,28,122,23,143
1,29,122,44,143
1,30,122,70,143
1,31,122,62,143
1,32,122,81,143
1,33,122,79,143
1,34,122,85,143
1,35,122,36,143
1,36,122,75,143
1,37,122,68,143
1,38,122,88,143
1,39,122,71,143
1,40,122,63,143
1,41,122,77,143
1,42,122,83,143
1,43,122,87,143
1,44,122,84,143
1,45,122,72,143
1,46,122,65,143
1,47,122,73,143
1,48,122,86,143
1,49,122,17,143
1,50,122,78,143
1,51,122,67,143
1,52,122,76,143
1,53,122,64,143
1,54,122,69,143
1,55,122,66,143
1,56,122,74,143
1,57,122,80,143
1,58,122,163,143
1,59,122,25,143
1,60,122,8,143
1,61,122,12,143
1,62,122,82,143
1,63,122,2,143
1,64,122,151,143
1,65,122,162,143
1,66,122,24,143
1,67,122,30,143
1,68,122,26,143
1,69,122,13,143
1,70,122,7,143
1,71,122,4,143
1,72,122,21,143
1,73,122,10,143
1,74,122,165,143
1,75,122,27,143
1,76,122,152,143
1,77,122,159,143
1,78,122,32,143
1,79,122,11,143
1,80,122,29,143
1,81,122,28,143
1,82,122,16,143
1,83,122,20,143
1,84,122,145,143
1,85,122,164,143
1,86,122,1,143
1,87,122,150,143
1,88,122,142,143
1,89,122,138,143
1,90,122,156,143
1,91,122,161,143
1,92,122,160,143
1,93,122,158,143
1,94,122,136,143
1,95,122,19,143
1,96,122,132,143
1,97,122,9,143
1,98,122,3,143
1,99,122,31,143
1,100,122,144,143
1,101,122,140,143
1,102,122,137,143
1,103,122,22,143
1,104,122,154,143
1,105,122,166,143
1,106,122,121,143
1,107,122,149,143
1,108,122,14,143
1,109,122,155,143
1,110,122,141,143
1,111,122,15,143
1,112,122,139,143
1,113,122,127,143
1,114,122,147,143
1,115,122,122,143
1,116,122,131,143
1,117,122,18,143
1,118,122,120,143
1,119,122,146,143
1,120,122,5,143
1,121,122,110,143
1,122,122,6,143
1,123,122,157,143
1,124,122,130,143
1,125,122,148,143
1,126,122,109,143
1,127,122,126,143
1,128,122,124,143
1,129,122,135,143
1,130,122,153,143
1,131,122,128,143
1,132,122,134,143
1,133,122,123,143
1,134,122,129,143
1,135,122,111,143
1,136,122,125,143
1,137,122,119,143
5,138,122,105,143
5,139,122,143,143
5,140,122,98,143
5,141,122,99,143
5,142,122,90,143
5,143,122,94,143
5,144,122,96,143
5,145,122,93,143
5,146,122,117,143
5,147,122,89,143
5,148,122,107,143
5,149,122,95,143
5,150,122,103,143
5,151,122,108,143
5,152,122,97,143
5,153,122,104,143
5,154,122,114,143
5,155,122,116,143
5,156,122,92,143
5,157,122,91,143
5,158,122,113,143
5,159,122,133,143
5,160,122,112,143
5,161,122,106,143
5,162,122,101,143
5,163,122,100,143
5,164,122,102,143
5,165,122,115,143
5,166,122,118,143
1,1,123,35,128
1,2,123,40,128
1,3,123,49,128
1,4,123,52,128
1,5,123,41,128
1,6,123,38,128
1,7,123,39,128
1,8,123,58,128
1,9,123,47,128
1,10,123,50,128
1,11,123,57,128
1,12,123,42,128
1,13,123,51,128
1,14,123,56,128
1,15,123,34,128
1,16,123,46,128
1,17,123,61,128
1,18,123,60,128
1,19,123,45,128
1,20,123,54,128
1,21,123,43,128
1,22,123,33,128
1,23,123,55,128
1,24,123,59,128
1,25,123,48,128
1,26,123,53,128
1,27,123,37,128
1,28,123,23,128
1,29,123,44,128
1,30,123,70,128
1,31,123,62,128
1,32,123,81,128
1,33,123,79,128
1,34,123,85,128
1,35,123,36,128
1,36,123,75,128
1,37,123,68,128
1,38,123,88,128
1,39,123,71,128
1,40,123,63,128
1,41,123,77,128
1,42,123,83,128
1,43,123,87,128
1,44,123,84,128
1,45,123,72,128
1,46,123,65,128
1,47,123,73,128
1,48,123,86,128
1,49,123,17,128
1,50,123,78,128
1,51,123,67,128
1,52,123,76,128
1,53,123,64,128
1,54,123,69,128
1,55,123,66,128
1,56,123,74,128
1,57,123,80,128
1,58,123,163,128
1,59,123,25,128
1,60,123,8,128
1,61,123,12,128
1,62,123,82,128
1,63,123,2,128
1,64,123,151,128
1,65,123,162,128
1,66,123,24,128
1,67,123,30,128
1,68,123,26,128
1,69,123,13,128
1,70,123,7,128
1,71,123,4,128
1,72,123,21,128
1,73,123,10,128
1,74,123,165,128
1,75,123,27,128
1,76,123,152,128
1,77,123,159,128
1,78,123,32,128
1,79,123,11,128
1,80,123,29,128
1,81,123,28,128
1,82,123,16,128
1,83,123,20,128
1,84,123,145,128
1,85,123,164,128
1,86,123,1,128
1,87,123,150,128
1,88,123,142,128
1,89,123,138,128
1,90,123,156,128
1,91,123,161,128
1,92,123,160,128
1,93,123,158,128
1,94,123,136,128
1,95,123,19,128
1,96,123,132,128
1,97,123,9,128
1,98,123,3,128
1,99,123,31,128
1,100,123,144,128
1,101,123,140,128
1,102,123,137,128
1,103,123,22,128
1,104,123,154,128
1,105,123,166,128
1,106,123,121,128
1,107,123,149,128
1,108,123,14,128
1,109,123,155,128
1,110,123,141,128
1,111,123,15,128
1,112,123,139,128
1,113,123,127,128
1,114,123,147,128
1,115,123,122,128
1,116,123,131,128
1,117,123,18,128
1,118,123,120,128
1,119,123,146,128
1,120,123,5,128
1,121,123,110,128
1,122,123,6,128
1,123,123,157,128
1,124,123,130,128
1,125,123,148,128
1,126,123,109,128
1,127,123,126,128
1,128,123,124,128
1,129,123,135,128
1,130,123,153,128
1,131,123,128,128
1,132,123,134,128
1,133,123,123,128
1,134,123,129,128
1,135,123,111,128
1,136,123,125,128
1,137,123,119,128
5,138,123,105,128
5,139,123,143,128
5,140,123,98,128
5,141,123,99,128
5,142,123,90,128
5,143,123,94,128
5,144,123,96,128
5,145,123,93,128
5,146,123,117,128
5,147,123,89,128
5,148,123,107,128
5,149,123,95,128
5,150,123,103,128
5,151,123,108,128
5,152,123,97,128
5,153,123,104,128
5,154,123,114,128
5,155,123,116,128
5,156,123,92,128
5,157,123,91,128
5,158,123,113,128
5,159,123,133,128
5,160,123,112,128
5,161,123,106,128
5,162,123,101,128
5,163,123,100,128
5,164,123,102,128
5,165,123,115,128
5,166,123,118,128
1,1,124,35,69
1,2,124,40,69
1,3,124,49,69
1,4,124,52,69
1,5,124,41,69
1,6,124,38,69
1,7,124,39,69
1,8,124,58,69
1,9,124,47,69
1,10,124,50,69
1,11,124,57,69
1,12,124,42,69
1,13,124,51,69
1,14,124,56,69
1,15,124,34,69
1,16,124,46,69
1,17,124,61,69
1,18,124,60,69
1,19,124,45,69
1,20,124,54,69
1,21,124,43,69
1,22,124,33,69
1,23,124,55,69
1,24,124,59,69
1,25,124,48,69
1,26,124,53,69
1,27,124,37,69
1,28,124,23,69
1,29,124,44,69
1,30,124,70,69
1,31,124,62,69
1,32,124,81,69
1,33,124,79,69
1,34,124,85,69
1,35,124,36,69
1,36,124,75,69
1,37,124,68,69
1,38,124,88,69
1,39,124,71,69
1,40,124,63,69
1,41,124,77,69
1,42,124,83,69
1,43,124,87,69
1,44,124,84,69
1,45,124,72,69
1,46,124,65,69
1,47,124,73,69
1,48,124,86,69
1,49,124,17,69
1,50,124,78,69
1,51,124,67,69
1,52,124,76,69
1,53,124,64,69
1,54,124,69,69
1,55,124,66,69
1,56,124,74,69
1,57,124,80,69
1,58,124,163,69
1,59,124,25,69
1,60,124,8,69
1,61,124,12,69
1,62,124,82,69
1,63,124,2,69
1,64,124,151,69
1,65,124,162,69
1,66,124,24,69
1,67,124,30,69
1,68,124,26,69
1,69,124,13,69
1,70,124,7,69
1,71,124,4,69
1,72,124,21,69
1,73,124,10,69
1,74,124,165,69
1,75,124,27,69
1,76,124,152,69
1,77,124,159,69
1,78,124,32,69
1,79,124,11,69
1,80,124,29,69
1,81,124,28,69
1,82,124,16,69
1,83,124,20,69
1,84,124,145,69
1,85,124,164,69
1,86,124,1,69
1,87,124,150,69
1,88,124,142,69
1,89,124,138,69
1,90,124,156,69
1,91,124,161,69
1,92,124,160,69
1,93,124,158,69
1,94,124,136,69
1,95,124,19,69
1,96,124,132,69
1,97,124,9,69
1,98,124,3,69
1,99,124,31,69
1,100,124,144,69
1,101,124,140,69
1,102,124,137,69
1,103,124,22,69
1,104,124,154,69
1,105,124,166,69
1,106,124,121,69
1,107,124,149,69
1,108,124,14,69
1,109,124,155,69
1,110,124,141,69
1,111,124,15,69
1,112,124,139,69
1,113,124,127,69
1,114,124,147,69
1,115,124,122,69
1,116,124,131,69
1,117,124,18,69
1,118,124,120,69
1,119,124,146,69
1,120,124,5,69
1,121,124,110,69
1,122,124,6,69
1,123,124,157,69
1,124,124,130,69
1,125,124,148,69
1,126,124,109,69
1,127,124,126,69
1,128,124,124,69
1,129,124,135,69
1,130,124,153,69
1,131,124,128,69
1,132,124,134,69
1,133,124,123,69
1,134,124,129,69
1,135,124,111,69
1,136,124,125,69
1,137,124,119,69
5,138,124,105,69
5,139,124,143,69
5,140,124,98,69
5,141,124,99,69
5,142,124,90,69
5,143,124,94,69
5,144,124,96,69
5,145,124,93,69
5,146,124,117,69
5,147,124,89,69
5,148,124,107,69
5,149,124,95,69
5,150,124,103,69
5,151,124,108,69
5,152,124,97,69
5,153,124,104,69
5,154,124,114,69
5,155,124,116,69
5,156,124,92,69
5,157,124,91,69
5,158,124,113,69
5,159,124,133,69
5,160,124,112,69
5,161,124,106,69
5,162,124,101,69
5,163,124,100,69
5,164,124,102,69
5,165,124,115,69
5,166,124,118,69
1,1,125,35,70
1,2,125,40,70
1,3,125,49,70
1,4,125,52,70
1,5,125,41,70
1,6,125,38,70
1,7,125,39,70
1,8,125,58,70
1,9,125,47,70
1,10,125,50,70
1,11,125,57,70
1,12,125,42,70
1,13,125,51,70
1,14,125,56,70
1,15,125,34,70
1,16,125,46,70
1,17,125,61,70
1,18,125,60,70
1,19,125,45,70
1,20,125,54,70
1,21,125,43,70
1,22,125,33,70
1,23,125,55,70
1,24,125,59,70
1,25,125,48,70
1,26,125,53,70
1,27,125,37,70
1,28,125,23,70
1,29,125,44,70
1,30,125,70,70
1,31,125,62,70
1,32,125,81,70
1,33,125,79,70
1,34,125,85,70
1,35,125,36,70
1,36,125,75,70
1,37,125,68,70
1,38,125,88,70
1,39,125,71,70
1,40,125,63,70
1,41,125,77,70
1,42,125,83,70
1,43,125,87,70
1,44,125,84,70
1,45,125,72,70
1,46,125,65,70
1,47,125,73,70
1,48,125,86,70
1,49,125,17,70
1,50,125,78,70
1,51,125,67,70
1,52,125,76,70
1,53,125,64,70
1,54,125,69,70
1,55,125,66,70
1,56,125,74,70
1,57,125,80,70
1,58,125,163,70
1,59,125,25,70
1,60,125,8,70
1,61,125,12,70
1,62,125,82,70
1,63,125,2,70
1,64,125,151,70
1,65,125,162,70
1,66,125,24,70
1,67,125,30,70
1,68,125,26,70
1,69,125,13,70
1,70,125,7,70
1,71,125,4,70
1,72,125,21,70
1,73,125,10,70
1,74,125,165,70
1,75,125,27,70
1,76,125,152,70
1,77,125,159,70
1,78,125,32,70
1,79,125,11,70
1,80,125,29,70
1,81,125,28,70
1,82,125,16,70
1,83,125,20,70
1,84,125,145,70
1,85,125,164,70
1,86,125,1,70
1,87,125,150,70
1,88,125,142,70
1,89,125,138,70
1,90,125,156,70
1,91,125,161,70
1,92,125,160,70
1,93,125,158,70
1,94,125,136,70
1,95,125,19,70
1,96,125,132,70
1,97,125,9,70
1,98,125,3,70
1,99,125,31,70
1,100,125,144,70
1,101,125,140,70
1,102,125,137,70
1,103,125,22,70
1,104,125,154,70
1,105,125,166,70
1,106,125,121,70
1,107,125,149,70
1,108,125,14,70
1,109,125,155,70
1,110,125,141,70
1,111,125,15,70
1,112,125,139,70
1,113,125,127,70
1,114,125,147,70
1,115,125,122,70
1,116,125,131,70
1,117,125,18,70
1,118,125,120,70
1,119,125,146,70
1,120,125,5,70
1,121,125,110,70
1,122,125,6,70
1,123,125,157,70
1,124,125,130,70
1,125,125,148,70
1,126,125,109,70
1,127,125,126,70
1,128,125,124,70
1,129,125,135,70
1,130,125,153,70
8,131,125,128,70
8,132,125,134,70
8,133,125,123,70
8,134,125,129,70
8,135,125,111,70
8,136,125,125,70
8,137,125,119,70
1,138,125,105,70
1,139,125,143,70
1,140,125,98,70
1,141,125,99,70
1,142,125,90,70
1,143,125,94,70
1,144,125,96,70
1,145,125,93,70
1,146,125,117,70
1,147,125,89,70
1,148,125,107,70
1,149,125,95,70
1,150,125,103,70
1,151,125,108,70
1,152,125,97,70
1,153,125,104,70
1,154,125,114,70
1,155,125,116,70
1,156,125,92,70
1,157,125,91,70
1,158,125,113,70
1,159,125,133,70
1,160,125,112,70
1,161,125,106,70
1,162,125,101,70
1,163,125,100,70
1,164,125,102,70
1,165,125,115,70
1,166,125,118,70
1,1,126,35,111
1,2,126,40,111
1,3,126,49,111
1,4,126,52,111
1,5,126,41,111
1,6,126,38,111
1,7,126,39,111
1,8,126,58,111
1,9,126,47,111
1,10,126,50,111
1,11,126,57,111
1,12,126,42,111
1,13,126,51,111
1,14,126,56,111
1,15,126,34,111
1,16,126,46,111
1,17,126,61,111
1,18,126,60,111
1,19,126,45,111
1,20,126,54,111
1,21,126,43,111
1,22,126,33,111
1,23,126,55,111
1,24,126,59,111
1,25,126,48,111
1,26,126,53,111
1,27,126,37,111
1,28,126,23,111
1,29,126,44,111
1,30,126,70,111
1,31,126,62,111
1,32,126,81,111
1,33,126,79,111
1,34,126,85,111
1,35,126,36,111
1,36,126,75,111
1,37,126,68,111
1,38,126,88,111
1,39,126,71,111
1,40,126,63,111
1,41,126,77,111
1,42,126,83,111
1,43,126,87,111
1,44,126,84,111
1,45,126,72,111
1,46,126,65,111
1,47,126,73,111
1,48,126,86,111
1,49,126,17,111
1,50,126,78,111
1,51,126,67,111
1,52,126,76,111
1,53,126,64,111
1,54,126,69,111
1,55,126,66,111
1,56,126,74,111
1,57,126,80,111
1,58,126,163,111
1,59,126,25,111
1,60,126,8,111
1,61,126,12,111
1,62,126,82,111
1,63,126,2,111
1,64,126,151,111
1,65,126,162,111
1,66,126,24,111
1,67,126,30,111
1,68,126,26,111
1,69,126,13,111
1,70,126,7,111
1,71,126,4,111
1,72,126,21,111
1,73,126,10,111
1,74,126,165,111
1,75,126,27,111
1,76,126,152,111
1,77,126,159,111
1,78,126,32,111
1,79,126,11,111
1,80,126,29,111
1,81,126,28,111
1,82,126,16,111
1,83,126,20,111
1,84,126,145,111
1,85,126,164,111
1,86,126,1,111
1,87,126,150,111
1,88,126,142,111
1,89,126,138,111
1,90,126,156,111
1,91,126,161,111
1,92,126,160,111
1,93,126,158,111
1,94,126,136,111
1,95,126,19,111
1,96,126,132,111
1,97,126,9,111
1,98,126,3,111
1,99,126,31,111
1,100,126,144,111
1,101,126,140,111
1,102,126,137,111
1,103,126,22,111
1,104,126,154,111
1,105,126,166,111
1,106,126,121,111
1,107,126,149,111
1,108,126,14,111
1,109,126,155,111
1,110,126,141,111
1,111,126,15,111
1,112,126,139,111
1,113,126,127,111
1,114,126,147,111
1,115,126,122,111
1,116,126,131,111
1,117,126,18,111
1,118,126,120,111
1,119,126,146,111
1,120,126,5,111
1,121,126,110,111
1,122,126,6,111
1,123,126,157,111
1,124,126,130,111
1,125,126,148,111
1,126,126,109,111
1,127,126,126,111
1,128,126,124,111
1,129,126,135,111
1,130,126,153,111
8,131,126,128,111
8,132,126,134,111
8,133,126,123,111
8,134,126,129,111
8,135,126,111,111
8,136,126,125,111
8,137,126,119,111
1,138,126,105,111
1,139,126,143,111
1,140,126,98,111
1,141,126,99,111
1,142,126,90,111
1,143,126,94,111
1,144,126,96,111
1,145,126,93,111
1,146,126,117,111
1,147,126,89,111
1,148,126,107,111
1,149,126,95,111
1,150,126,103,111
1,151,126,108,111
1,152,126,97,111
1,153,126,104,111
1,154,126,114,111
1,155,126,116,111
1,156,126,92,111
1,157,126,91,111
1,158,126,113,111
1,159,126,133,111
1,160,126,112,111
1,161,126,106,111
1,162,126,101,111
1,163,126,100,111
1,164,126,102,111
1,165,126,115,111
1,166,126,118,111
1,1,127,35,132
1,2,127,40,132
1,3,127,49,132
1,4,127,52,132
1,5,127,41,132
1,6,127,38,132
1,7,127,39,132
1,8,127,58,132
1,9,127,47,132
1,10,127,50,132
1,11,127,57,132
1,12,127,42,132
1,13,127,51,132
1,14,127,56,132
1,15,127,34,132
1,16,127,46,132
1,17,127,61,132
1,18,127,60,132
1,19,127,45,132
1,20,127,54,132
1,21,127,43,132
1,22,127,33,132
1,23,127,55,132
1,24,127,59,132
1,25,127,48,132
1,26,127,53,132
1,27,127,37,132
1,28,127,23,132
1,29,127,44,132
1,30,127,70,132
1,31,127,62,132
1,32,127,81,132
1,33,127,79,132
1,34,127,85,132
1,35,127,36,132
1,36,127,75,132
1,37,127,68,132
1,38,127,88,132
1,39,127,71,132
1,40,127,63,132
1,41,127,77,132
1,42,127,83,132
1,43,127,87,132
1,44,127,84,132
1,45,127,72,132
1,46,127,65,132
1,47,127,73,132
1,48,127,86,132
1,49,127,17,132
1,50,127,78,132
1,51,127,67,132
1,52,127,76,132
1,53,127,64,132
1,54,127,69,132
1,55,127,66,132
1,56,127,74,132
1,57,127,80,132
1,58,127,163,132
1,59,127,25,132
1,60,127,8,132
1,61,127,12,132
1,62,127,82,132
1,63,127,2,132
1,64,127,151,132
1,65,127,162,132
1,66,127,24,132
1,67,127,30,132
1,68,127,26,132
1,69,127,13,132
1,70,127,7,132
1,71,127,4,132
1,72,127,21,132
1,73,127,10,132
1,74,127,165,132
1,75,127,27,132
1,76,127,152,132
1,77,127,159,132
1,78,127,32,132
1,79,127,11,132
1,80,127,29,132
1,81,127,28,132
1,82,127,16,132
1,83,127,20,132
1,84,127,145,132
1,85,127,164,132
1,86,127,1,132
1,87,127,150,132
1,88,127,142,132
1,89,127,138,132
1,90,127,156,132
1,91,127,161,132
1,92,127,160,132
1,93,127,158,132
1,94,127,136,132
1,95,127,19,132
1,96,127,132,132
1,97,127,9,132
1,98,127,3,132
1,99,127,31,132
1,100,127,144,132
1,101,127,140,132
1,102,127,137,132
1,103,127,22,132
1,104,127,154,132
1,105,127,166,132
1,106,127,121,132
1,107,127,149,132
1,108,127,14,132
1,109,127,155,132
1,110,127,141,132
1,111,127,15,132
1,112,127,139,132
1,113,127,127,132
1,114,127,147,132
1,115,127,122,132
1,116,127,131,132
1,117,127,18,132
1,118,127,120,132
1,119,127,146,132
1,120,127,5,132
1,121,127,110,132
1,122,127,6,132
1,123,127,157,132
1,124,127,130,132
1,125,127,148,132
1,126,127,109,132
1,127,127,126,132
1,128,127,124,132
1,129,127,135,132
1,130,127,153,132
1,131,127,128,132
1,132,127,134,132
1,133,127,123,132
1,134,127,129,132
1,135,127,111,132
1,136,127,125,132
1,137,127,119,132
1,138,127,105,132
1,139,127,143,132
1,140,127,98,132
1,141,127,99,132
1,142,127,90,132
1,143,127,94,132
1,144,127,96,132
1,145,127,93,132
1,146,127,117,132
1,147,127,89,132
1,148,127,107,132
1,149,127,95,132
1,150,127,103,132
1,151,127,108,132
1,152,127,97,132
1,153,127,104,132
1,154,127,114,132
1,155,127,116,132
1,156,127,92,132
1,157,127,91,132
1,158,127,113,132
1,159,127,133,132
1,160,127,112,132
1,161,127,106,132
1,162,127,101,132
1,163,127,100,132
1,164,127,102,132
1,165,127,115,132
1,166,127,118,132
1,1,128,35,39
1,2,128,40,39
1,3,128,49,39
1,4,128,52,39
1,5,128,41,39
1,6,128,38,39
1,7,128,39,39
1,8,128,58,39
1,9,128,47,39
1,10,128,50,39
1,11,128,57,39
1,12,128,42,39
1,13,128,51,39
1,14,128,56,39
1,15,128,34,39
1,16,128,46,39
1,17,128,61,39
1,18,128,60,39
1,19,128,45,39
1,20,128,54,39
1,21,128,43,39
1,22,128,33,39
1,23,128,55,39
1,24,128,59,39
1,25,128,48,39
1,26,128,53,39
1,27,128,37,39
1,28,128,23,39
1,29,128,44,39
1,30,128,70,39
1,31,128,62,39
1,32,128,81,39
1,33,128,79,39
1,34,128,85,39
1,35,128,36,39
1,36,128,75,39
1,37,128,68,39
1,38,128,88,39
1,39,128,71,39
1,40,128,63,39
1,41,128,77,39
1,42,128,83,39
1,43,128,87,39
1,44,128,84,39
1,45,128,72,39
1,46,128,65,39
1,47,128,73,39
1,48,128,86,39
1,49,128,17,39
1,50,128,78,39
1,51,128,67,39
1,52,128,76,39
1,53,128,64,39
1,54,128,69,39
1,55,128,66,39
1,56,128,74,39
1,57,128,80,39
1,58,128,163,39
1,59,128,25,39
1,60,128,8,39
1,61,128,12,39
1,62,128,82,39
1,63,128,2,39
1,64,128,151,39
1,65,128,162,39
1,66,128,24,39
1,67,128,30,39
1,68,128,26,39
1,69,128,13,39
1,70,128,7,39
1,71,128,4,39
1,72,128,21,39
1,73,128,10,39
1,74,128,165,39
1,75,128,27,39
1,76,128,152,39
1,77,128,159,39
1,78,128,32,39
1,79,128,11,39
1,80,128,29,39
1,81,128,28,39
1,82,128,16,39
1,83,128,20,39
1,84,128,145,39
1,85,128,164,39
1,86,128,1,39
1,87,128,150,39
1,88,128,142,39
1,89,128,138,39
1,90,128,156,39
1,91,128,161,39
1,92,128,160,39
1,93,128,158,39
1,94,128,136,39
1,95,128,19,39
1,96,128,132,39
1,97,128,9,39
1,98,128,3,39
1,99,128,31,39
1,100,128,144,39
1,101,128,140,39
1,102,128,137,39
1,103,128,22,39
1,104,128,154,39
1,105,128,166,39
1,106,128,121,39
1,107,128,149,39
1,108,128,14,39
1,109,128,155,39
1,110,128,141,39
1,111,128,15,39
1,112,128,139,39
1,113,128,127,39
1,114,128,147,39
1,115,128,122,39
1,116,128,131,39
1,117,128,18,39
1,118,128,120,39
1,119,128,146,39
1,120,128,5,39
1,121,128,110,39
1,122,128,6,39
1,123,128,157,39
1,124,128,130,39
1,125,128,148,39
1,126,128,109,39
1,127,128,126,39
1,128,128,124,39
1,129,128,135,39
1,130,128,153,39
1,131,128,128,39
1,132,128,134,39
1,133,128,123,39
1,134,128,129,39
1,135,128,111,39
1,136,128,125,39
1,137,128,119,39
1,138,128,105,39
1,139,128,143,39
1,140,128,98,39
1,141,128,99,39
1,142,128,90,39
1,143,128,94,39
1,144,128,96,39
1,145,128,93,39
1,146,128,117,39
1,147,128,89,39
1,148,128,107,39
1,149,128,95,39
1,150,128,103,39
1,151,128,108,39
1,152,128,97,39
1,153,128,104,39
1,154,128,114,39
1,155,128,116,39
1,156,128,92,39
1,157,128,91,39
1,158,128,113,39
1,159,128,133,39
1,160,128,112,39
1,161,128,106,39
1,162,128,101,39
1,163,128,100,39
1,164,128,102,39
1,165,128,115,39
1,166,128,118,39
1,1,129,35,118
1,2,129,40,118
1,3,129,49,118
1,4,129,52,118
1,5,129,41,118
1,6,129,38,118
1,7,129,39,118
1,8,129,58,118
1,9,129,47,118
1,10,129,50,118
1,11,129,57,118
1,12,129,42,118
1,13,129,51,118
1,14,129,56,118
1,15,129,34,118
1,16,129,46,118
1,17,129,61,118
1,18,129,60,118
1,19,129,45,118
1,20,129,54,118
1,21,129,43,118
1,22,129,33,118
1,23,129,55,118
1,24,129,59,118
1,25,129,48,118
1,26,129,53,118
1,27,129,37,118
1,28,129,23,118
1,29,129,44,118
1,30,129,70,118
1,31,129,62,118
1,32,129,81,118
1,33,129,79,118
1,34,129,85,118
1,35,129,36,118
1,36,129,75,118
1,37,129,68,118
1,38,129,88,118
1,39,129,71,118
1,40,129,63,118
1,41,129,77,118
1,42,129,83,118
1,43,129,87,118
1,44,129,84,118
1,45,129,72,118
1,46,129,65,118
1,47,129,73,118
1,48,129,86,118
1,49,129,17,118
1,50,129,78,118
1,51,129,67,118
1,52,129,76,118
1,53,129,64,118
1,54,129,69,118
1,55,129,66,118
1,56,129,74,118
1,57,129,80,118
1,58,129,163,118
1,59,129,25,118
1,60,129,8,118
1,61,129,12,118
1,62,129,82,118
1,63,129,2,118
1,64,129,151,118
1,65,129,162,118
1,66,129,24,118
1,67,129,30,118
1,68,129,26,118
1,69,129,13,118
1,70,129,7,118
1,71,129,4,118
1,72,129,21,118
1,73,129,10,118
1,74,129,165,118
1,75,129,27,118
1,76,129,152,118
1,77,129,159,118
1,78,129,32,118
1,79,129,11,118
1,80,129,29,118
1,81,129,28,118
1,82,129,16,118
1,83,129,20,118
1,84,129,145,118
1,85,129,164,118
1,86,129,1,118
1,87,129,150,118
1,88,129,142,118
1,89,129,138,118
1,90,129,156,118
1,91,129,161,118
1,92,129,160,118
1,93,129,158,118
1,94,129,136,118
1,95,129,19,118
1,96,129,132,118
1,97,129,9,118
1,98,129,3,118
1,99,129,31,118
1,100,129,144,118
1,101,129,140,118
1,102,129,137,118
1,103,129,22,118
1,104,129,154,118
1,105,129,166,118
1,106,129,121,118
1,107,129,149,118
1,108,129,14,118
1,109,129,155,118
1,110,129,141,118
1,111,129,15,118
1,112,129,139,118
1,113,129,127,118
1,114,129,147,118
1,115,129,122,118
1,116,129,131,118
1,117,129,18,118
1,118,129,120,118
1,119,129,146,118
1,120,129,5,118
1,121,129,110,118
1,122,129,6,118
1,123,129,157,118
1,124,129,130,118
1,125,129,148,118
1,126,129,109,118
1,127,129,126,118
1,128,129,124,118
1,129,129,135,118
1,130,129,153,118
1,131,129,128,118
1,132,129,134,118
1,133,129,123,118
1,134,129,129,118
1,135,129,111,118
1,136,129,125,118
1,137,129,119,118
6,138,129,105,118
6,139,129,143,118
6,140,129,98,118
6,141,129,99,118
6,142,129,90,118
6,143,129,94,118
6,144,129,96,118
6,145,129,93,118
6,146,129,117,118
6,147,129,89,118
6,148,129,107,118
6,149,129,95,118
6,150,129,103,118
6,151,129,108,118
6,152,129,97,118
6,153,129,104,118
6,154,129,114,118
6,155,129,116,118
6,156,129,92,118
6,157,129,91,118
6,158,129,113,118
6,159,129,133,118
6,160,129,112,118
6,161,129,106,118
6,162,129,101,118
6,163,129,100,118
6,164,129,102,118
6,165,129,115,118
6,166,129,118,118
1,1,130,35,95
1,2,130,40,95
1,3,130,49,95
1,4,130,52,95
1,5,130,41,95
1,6,130,38,95
1,7,130,39,95
1,8,130,58,95
1,9,130,47,95
1,10,130,50,95
1,11,130,57,95
1,12,130,42,95
1,13,130,51,95
1,14,130,56,95
1,15,130,34,95
1,16,130,46,95
1,17,130,61,95
1,18,130,60,95
1,19,130,45,95
1,20,130,54,95
1,21,130,43,95
1,22,130,33,95
1,23,130,55,95
1,24,130,59,95
1,25,130,48,95
1,26,130,53,95
1,27,130,37,95
1,28,130,23,95
1,29,130,44,95
1,30,130,70,95
1,31,130,62,95
1,32,130,81,95
1,33,130,79,95
1,34,130,85,95
1,35,130,36,95
1,36,130,75,95
1,37,130,68,95
1,38,130,88,95
1,39,130,71,95
1,40,130,63,95
1,41,130,77,95
1,42,130,83,95
1,43,130,87,95
1,44,130,84,95
1,45,130,72,95
1,46,130,65,95
1,47,130,73,95
1,48,130,86,95
1,49,130,17,95
1,50,130,78,95
1,51,130,67,95
1,52,130,76,95
1,53,130,64,95
1,54,130,69,95
1,55,130,66,95
1,56,130,74,95
1,57,130,80,95
1,58,130,163,95
1,59,130,25,95
1,60,130,8,95
1,61,130,12,95
1,62,130,82,95
1,63,130,2,95
1,64,130,151,95
1,65,130,162,95
1,66,130,24,95
1,67,130,30,95
1,68,130,26,95
1,69,130,13,95
1,70,130,7,95
1,71,130,4,95
1,72,130,21,95
1,73,130,10,95
1,74,130,165,95
1,75,130,27,95
1,76,130,152,95
1,77,130,159,95
1,78,130,32,95
1,79,130,11,95
1,80,130,29,95
1,81,130,28,95
1,82,130,16,95
1,83,130,20,95
1,84,130,145,95
1,85,130,164,95
1,86,130,1,95
1,87,130,150,95
1,88,130,142,95
1,89,130,138,95
1,90,130,156,95
1,91,130,161,95
1,92,130,160,95
1,93,130,158,95
1,94,130,136,95
1,95,130,19,95
1,96,130,132,95
1,97,130,9,95
1,98,130,3,95
1,99,130,31,95
1,100,130,144,95
1,101,130,140,95
1,102,130,137,95
1,103,130,22,95
1,104,130,154,95
1,105,130,166,95
1,106,130,121,95
1,107,130,149,95
1,108,130,14,95
1,109,130,155,95
1,110,130,141,95
1,111,130,15,95
1,112,130,139,95
1,113,130,127,95
1,114,130,147,95
1,115,130,122,95
1,116,130,131,95
1,117,130,18,95
1,118,130,120,95
1,119,130,146,95
1,120,130,5,95
1,121,130,110,95
1,122,130,6,95
1,123,130,157,95
1,124,130,130,95
1,125,130,148,95
1,126,130,109,95
1,127,130,126,95
1,128,130,124,95
1,129,130,135,95
1,130,130,153,95
1,131,130,128,95
1,132,130,134,95
1,133,130,123,95
1,134,130,129,95
1,135,130,111,95
1,136,130,125,95
1,137,130,119,95
6,138,130,105,95
6,139,130,143,95
6,140,130,98,95
6,141,130,99,95
6,142,130,90,95
6,143,130,94,95
6,144,130,96,95
6,145,130,93,95
6,146,130,117,95
6,147,130,89,95
6,148,130,107,95
6,149,130,95,95
6,150,130,103,95
6,151,130,108,95
6,152,130,97,95
6,153,130,104,95
6,154,130,114,95
6,155,130,116,95
6,156,130,92,95
6,157,130,91,95
6,158,130,113,95
6,159,130,133,95
6,160,130,112,95
6,161,130,106,95
6,162,130,101,95
6,163,130,100,95
6,164,130,102,95
6,165,130,115,95
6,166,130,118,95
1,1,131,35,50
1,2,131,40,50
1,3,131,49,50
1,4,131,52,50
1,5,131,41,50
1,6,131,38,50
1,7,131,39,50
1,8,131,58,50
1,9,131,47,50
1,10,131,50,50
1,11,131,57,50
1,12,131,42,50
1,13,131,51,50
1,14,131,56,50
1,15,131,34,50
1,16,131,46,50
1,17,131,61,50
1,18,131,60,50
1,19,131,45,50
1,20,131,54,50
1,21,131,43,50
1,22,131,33,50
1,23,131,55,50
1,24,131,59,50
1,25,131,48,50
1,26,131,53,50
1,27,131,37,50
1,28,131,23,50
1,29,131,44,50
1,30,131,70,50
1,31,131,62,50
1,32,131,81,50
1,33,131,79,50
1,34,131,85,50
1,35,131,36,50
1,36,131,75,50
1,37,131,68,50
1,38,131,88,50
1,39,131,71,50
1,40,131,63,50
1,41,131,77,50
1,42,131,83,50
1,43,131,87,50
1,44,131,84,50
1,45,131,72,50
1,46,131,65,50
1,47,131,73,50
1,48,131,86,50
1,49,131,17,50
1,50,131,78,50
1,51,131,67,50
1,52,131,76,50
1,53,131,64,50
1,54,131,69,50
1,55,131,66,50
1,56,131,74,50
1,57,131,80,50
1,58,131,163,50
1,59,131,25,50
1,60,131,8,50
1,61,131,12,50
1,62,131,82,50
1,63,131,2,50
1,64,131,151,50
1,65,131,162,50
1,66,131,24,50
1,67,131,30,50
1,68,131,26,50
1,69,131,13,50
1,70,131,7,50
1,71,131,4,50
1,72,131,21,50
1,73,131,10,50
1,74,131,165,50
1,75,131,27,50
1,76,131,152,50
1,77,131,159,50
1,78,131,32,50
1,79,131,11,50
1,80,131,29,50
1,81,131,28,50
1,82,131,16,50
1,83,131,20,50
1,84,131,145,50
1,85,131,164,50
1,86,131,1,50
1,87,131,150,50
1,88,131,142,50
1,89,131,138,50
1,90,131,156,50
1,91,131,161,50
1,92,131,160,50
1,93,131,158,50
1,94,131,136,50
1,95,131,19,50
1,96,131,132,50
1,97,131,9,50
1,98,131,3,50
1,99,131,31,50
1,100,131,144,50
1,101,131,140,50
1,102,131,137,50
1,103,131,22,50
1,104,131,154,50
1,105,131,166,50
1,106,131,121,50
1,107,131,149,50
1,108,131,14,50
1,109,131,155,50
1,110,131,141,50
1,111,131,15,50
1,112,131,139,50
1,113,131,127,50
1,114,131,147,50
1,115,131,122,50
1,116,131,131,50
1,117,131,18,50
1,118,131,120,50
1,119,131,146,50
1,120,131,5,50
1,121,131,110,50
1,122,131,6,50
1,123,131,157,50
1,124,131,130,50
1,125,131,148,50
1,126,131,109,50
1,127,131,126,50
1,128,131,124,50
1,129,131,135,50
1,130,131,153,50
1,131,131,128,50
1,132,131,134,50
1,133,131,123,50
1,134,131,129,50
1,135,131,111,50
1,136,131,125,50
1,137,131,119,50
6,138,131,105,50
6,139,131,143,50
6,140,131,98,50
6,141,131,99,50
6,142,131,90,50
6,143,131,94,50
6,144,131,96,50
6,145,131,93,50
6,146,131,117,50
6,147,131,89,50
6,148,131,107,50
6,149,131,95,50
6,150,131,103,50
6,151,131,108,50
6,152,131,97,50
6,153,131,104,50
6,154,131,114,50
6,155,131,116,50
6,156,131,92,50
6,157,131,91,50
6,158,131,113,50
6,159,131,133,50
6,160,131,112,50
6,161,131,106,50
6,162,131,101,50
6,163,131,100,50
6,164,131,102,50
6,165,131,115,50
6,166,131,118,50
1,1,132,35,136
1,2,132,40,136
1,3,132,49,136
1,4,132,52,136
1,5,132,41,136
1,6,132,38,136
1,7,132,39,136
1,8,132,58,136
1,9,132,47,136
1,10,132,50,136
1,11,132,57,136
1,12,132,42,136
1,13,132,51,136
1,14,132,56,136
1,15,132,34,136
1,16,132,46,136
1,17,132,61,136
1,18,132,60,136
1,19,132,45,136
1,20,132,54,136
1,21,132,43,136
1,22,132,33,136
1,23,132,55,136
1,24,132,59,136
1,25,132,48,136
1,26,132,53,136
1,27,132,37,136
1,28,132,23,136
1,29,132,44,136
1,30,132,70,136
1,31,132,62,136
1,32,132,81,136
1,33,132,79,136
1,34,132,85,136
1,35,132,36,136
1,36,132,75,136
1,37,132,68,136
1,38,132,88,136
1,39,132,71,136
1,40,132,63,136
1,41,132,77,136
1,42,132,83,136
1,43,132,87,136
1,44,132,84,136
1,45,132,72,136
1,46,132,65,136
1,47,132,73,136
1,48,132,86,136
1,49,132,17,136
1,50,132,78,136
1,51,132,67,136
1,52,132,76,136
1,53,132,64,136
1,54,132,69,136
1,55,132,66,136
1,56,132,74,136
1,57,132,80,136
1,58,132,163,136
1,59,132,25,136
1,60,132,8,136
1,61,132,12,136
1,62,132,82,136
1,63,132,2,136
1,64,132,151,136
1,65,132,162,136
1,66,132,24,136
1,67,132,30,136
1,68,132,26,136
1,69,132,13,136
1,70,132,7,136
1,71,132,4,136
1,72,132,21,136
1,73,132,10,136
1,74,132,165,136
1,75,132,27,136
1,76,132,152,136
1,77,132,159,136
1,78,132,32,136
1,79,132,11,136
1,80,132,29,136
1,81,132,28,136
1,82,132,16,136
1,83,132,20,136
1,84,132,145,136
1,85,132,164,136
1,86,132,1,136
1,87,132,150,136
1,88,132,142,136
1,89,132,138,136
1,90,132,156,136
1,91,132,161,136
1,92,132,160,136
1,93,132,158,136
1,94,132,136,136
1,95,132,19,136
1,96,132,132,136
1,97,132,9,136
1,98,132,3,136
1,99,132,31,136
1,100,132,144,136
1,101,132,140,136
1,102,132,137,136
1,103,132,22,136
1,104,132,154,136
1,105,132,166,136
1,106,132,121,136
1,107,132,149,136
1,108,132,14,136
1,109,132,155,136
1,110,132,141,136
1,111,132,15,136
1,112,132,139,136
1,113,132,127,136
1,114,132,147,136
1,115,132,122,136
1,116,132,131,136
1,117,132,18,136
1,118,132,120,136
1,119,132,146,136
1,120,132,5,136
1,121,132,110,136
1,122,132,6,136
1,123,132,157,136
1,124,132,130,136
1,125,132,148,136
1,126,132,109,136
1,127,132,126,136
1,128,132,124,136
1,129,132,135,136
1,130,132,153,136
1,131,132,128,136
1,132,132,134,136
1,133,132,123,136
1,134,132,129,136
1,135,132,111,136
1,136,132,125,136
1,137,132,119,136
6,138,132,105,136
6,139,132,143,136
6,140,132,98,136
6,141,132,99,136
6,142,132,90,136
6,143,132,94,136
6,144,132,96,136
6,145,132,93,136
6,146,132,117,136
6,147,132,89,136
6,148,132,107,136
6,149,132,95,136
6,150,132,103,136
6,151,132,108,136
6,152,132,97,136
6,153,132,104,136
6,154,132,114,136
6,155,132,116,136
6,156,132,92,136
6,157,132,91,136
6,158,132,113,136
6,159,132,133,136
6,160,132,112,136
6,161,132,106,136
6,162,132,101,136
6,163,132,100,136
6,164,132,102,136
6,165,132,115,136
6,166,132,118,136
1,1,133,35,81
1,2,133,40,81
1,3,133,49,81
1,4,133,52,81
1,5,133,41,81
1,6,133,38,81
1,7,133,39,81
1,8,133,58,81
1,9,133,47,81
1,10,133,50,81
1,11,133,57,81
1,12,133,42,81
1,13,133,51,81
1,14,133,56,81
1,15,133,34,81
1,16,133,46,81
1,17,133,61,81
1,18,133,60,81
1,19,133,45,81
1,20,133,54,81
1,21,133,43,81
1,22,133,33,81
1,23,133,55,81
1,24,133,59,81
1,25,133,48,81
1,26,133,53,81
1,27,133,37,81
1,28,133,23,81
1,29,133,44,81
1,30,133,70,81
1,31,133,62,81
1,32,133,81,81
1,33,133,79,81
1,34,133,85,81
1,35,133,36,81
1,36,133,75,81
1,37,133,68,81
1,38,133,88,81
1,39,133,71,81
1,40,133,63,81
1,41,133,77,81
1,42,133,83,81
1,43,133,87,81
1,44,133,84,81
1,45,133,72,81
1,46,133,65,81
1,47,133,73,81
1,48,133,86,81
1,49,133,17,81
1,50,133,78,81
1,51,133,67,81
1,52,133,76,81
1,53,133,64,81
1,54,133,69,81
1,55,133,66,81
1,56,133,74,81
1,57,133,80,81
1,58,133,163,81
1,59,133,25,81
1,60,133,8,81
1,61,133,12,81
1,62,133,82,81
1,63,133,2,81
1,64,133,151,81
1,65,133,162,81
1,66,133,24,81
1,67,133,30,81
1,68,133,26,81
1,69,133,13,81
1,70,133,7,81
1,71,133,4,81
1,72,133,21,81
1,73,133,10,81
1,74,133,165,81
1,75,133,27,81
1,76,133,152,81
1,77,133,159,81
1,78,133,32,81
1,79,133,11,81
1,80,133,29,81
1,81,133,28,81
1,82,133,16,81
1,83,133,20,81
1,84,133,145,81
1,85,133,164,81
1,86,133,1,81
1,87,133,150,81
1,88,133,142,81
1,89,133,138,81
1,90,133,156,81
1,91,133,161,81
1,92,133,160,81
1,93,133,158,81
1,94,133,136,81
1,95,133,19,81
1,96,133,132,81
1,97,133,9,81
1,98,133,3,81
1,99,133,31,81
1,100,133,144,81
1,101,133,140,81
1,102,133,137,81
1,103,133,22,81
1,104,133,154,81
1,105,133,166,81
1,106,133,121,81
1,107,133,149,81
1,108,133,14,81
1,109,133,155,81
1,110,133,141,81
1,111,133,15,81
1,112,133,139,81
1,113,133,127,81
1,114,133,147,81
1,115,133,122,81
1,116,133,131,81
1,117,133,18,81
1,118,133,120,81
1,119,133,146,81
1,120,133,5,81
1,121,133,110,81
1,122,133,6,81
1,123,133,157,81
1,124,133,130,81
1,125,133,148,81
1,126,133,109,81
1,127,133,126,81
1,128,133,124,81
1,129,133,135,81
1,130,133,153,81
1,131,133,128,81
1,132,133,134,81
1,133,133,123,81
1,134,133,129,81
1,135,133,111,81
1,136,133,125,81
1,137,133,119,81
6,138,133,105,81
6,139,133,143,81
6,140,133,98,81
6,141,133,99,81
6,142,133,90,81
6,143,133,94,81
6,144,133,96,81
6,145,133,93,81
6,146,133,117,81
6,147,133,89,81
6,148,133,107,81
6,149,133,95,81
6,150,133,103,81
6,151,133,108,81
6,152,133,97,81
6,153,133,104,81
6,154,133,114,81
6,155,133,116,81
6,156,133,92,81
6,157,133,91,81
6,158,133,113,81
6,159,133,133,81
6,160,133,112,81
6,161,133,106,81
6,162,133,101,81
6,163,133,100,81
6,164,133,102,81
6,165,133,115,81
6,166,133,118,81
1,1,134,35,14
1,2,134,40,14
1,3,134,49,14
1,4,134,52,14
1,5,134,41,14
1,6,134,38,14
1,7,134,39,14
1,8,134,58,14
1,9,134,47,14
1,10,134,50,14
1,11,134,57,14
1,12,134,42,14
1,13,134,51,14
1,14,134,56,14
1,15,134,34,14
1,16,134,46,14
1,17,134,61,14
1,18,134,60,14
1,19,134,45,14
1,20,134,54,14
1,21,134,43,14
1,22,134,33,14
1,23,134,55,14
1,24,134,59,14
1,25,134,48,14
1,26,134,53,14
1,27,134,37,14
1,28,134,23,14
1,29,134,44,14
1,30,134,70,14
1,31,134,62,14
1,32,134,81,14
1,33,134,79,14
1,34,134,85,14
1,35,134,36,14
1,36,134,75,14
1,37,134,68,14
1,38,134,88,14
1,39,134,71,14
1,40,134,63,14
1,41,134,77,14
1,42,134,83,14
1,43,134,87,14
1,44,134,84,14
1,45,134,72,14
1,46,134,65,14
1,47,134,73,14
1,48,134,86,14
1,49,134,17,14
1,50,134,78,14
1,51,134,67,14
1,52,134,76,14
1,53,134,64,14
1,54,134,69,14
1,55,134,66,14
1,56,134,74,14
1,57,134,80,14
1,58,134,163,14
1,59,134,25,14
1,60,134,8,14
1,61,134,12,14
1,62,134,82,14
1,63,134,2,14
1,64,134,151,14
1,65,134,162,14
1,66,134,24,14
1,67,134,30,14
1,68,134,26,14
1,69,134,13,14
1,70,134,7,14
1,71,134,4,14
1,72,134,21,14
1,73,134,10,14
1,74,134,165,14
1,75,134,27,14
1,76,134,152,14
1,77,134,159,14
1,78,134,32,14
1,79,134,11,14
1,80,134,29,14
1,81,134,28,14
1,82,134,16,14
1,83,134,20,14
1,84,134,145,14
1,85,134,164,14
1,86,134,1,14
1,87,134,150,14
1,88,134,142,14
1,89,134,138,14
1,90,134,156,14
1,91,134,161,14
1,92,134,160,14
1,93,134,158,14
1,94,134,136,14
1,95,134,19,14
1,96,134,132,14
1,97,134,9,14
1,98,134,3,14
1,99,134,31,14
1,100,134,144,14
1,101,134,140,14
1,102,134,137,14
1,103,134,22,14
1,104,134,154,14
1,105,134,166,14
1,106,134,121,14
1,107,134,149,14
1,108,134,14,14
1,109,134,155,14
1,110,134,141,14
1,111,134,15,14
1,112,134,139,14
1,113,134,127,14
1,114,134,147,14
1,115,134,122,14
1,116,134,131,14
1,117,134,18,14
1,118,134,120,14
1,119,134,146,14
1,120,134,5,14
1,121,134,110,14
1,122,134,6,14
1,123,134,157,14
1,124,134,130,14
1,125,134,148,14
1,126,134,109,14
1,127,134,126,14
1,128,134,124,14
1,129,134,135,14
1,130,134,153,14
1,131,134,128,14
1,132,134,134,14
1,133,134,123,14
1,134,134,129,14
1,135,134,111,14
1,136,134,125,14
1,137,134,119,14
6,138,134,105,14
6,139,134,143,14
6,140,134,98,14
6,141,134,99,14
6,142,134,90,14
6,143,134,94,14
6,144,134,96,14
6,145,134,93,14
6,146,134,117,14
6,147,134,89,14
6,148,134,107,14
6,149,134,95,14
6,150,134,103,14
6,151,134,108,14
6,152,134,97,14
6,153,134,104,14
6,154,134,114,14
6,155,134,116,14
6,156,134,92,14
6,157,134,91,14
6,158,134,113,14
6,159,134,133,14
6,160,134,112,14
6,161,134,106,14
6,162,134,101,14
6,163,134,100,14
6,164,134,102,14
6,165,134,115,14
6,166,134,118,14
1,1,135,35,73
1,2,135,40,73
1,3,135,49,73
1,4,135,52,73
1,5,135,41,73
1,6,135,38,73
1,7,135,39,73
1,8,135,58,73
1,9,135,47,73
1,10,135,50,73
1,11,135,57,73
1,12,135,42,73
1,13,135,51,73
1,14,135,56,73
1,15,135,34,73
1,16,135,46,73
1,17,135,61,73
1,18,135,60,73
1,19,135,45,73
1,20,135,54,73
1,21,135,43,73
1,22,135,33,73
1,23,135,55,73
1,24,135,59,73
1,25,135,48,73
1,26,135,53,73
1,27,135,37,73
1,28,135,23,73
1,29,135,44,73
1,30,135,70,73
1,31,135,62,73
1,32,135,81,73
1,33,135,79,73
1,34,135,85,73
1,35,135,36,73
1,36,135,75,73
1,37,135,68,73
1,38,135,88,73
1,39,135,71,73
1,40,135,63,73
1,41,135,77,73
1,42,135,83,73
1,43,135,87,73
1,44,135,84,73
1,45,135,72,73
1,46,135,65,73
1,47,135,73,73
1,48,135,86,73
1,49,135,17,73
1,50,135,78,73
1,51,135,67,73
1,52,135,76,73
1,53,135,64,73
1,54,135,69,73
1,55,135,66,73
1,56,135,74,73
1,57,135,80,73
1,58,135,163,73
1,59,135,25,73
1,60,135,8,73
1,61,135,12,73
1,62,135,82,73
1,63,135,2,73
1,64,135,151,73
1,65,135,162,73
1,66,135,24,73
1,67,135,30,73
1,68,135,26,73
1,69,135,13,73
1,70,135,7,73
1,71,135,4,73
1,72,135,21,73
1,73,135,10,73
1,74,135,165,73
1,75,135,27,73
1,76,135,152,73
1,77,135,159,73
1,78,135,32,73
1,79,135,11,73
1,80,135,29,73
1,81,135,28,73
1,82,135,16,73
1,83,135,20,73
1,84,135,145,73
1,85,135,164,73
1,86,135,1,73
1,87,135,150,73
1,88,135,142,73
1,89,135,138,73
1,90,135,156,73
1,91,135,161,73
1,92,135,160,73
1,93,135,158,73
1,94,135,136,73
1,95,135,19,73
1,96,135,132,73
1,97,135,9,73
1,98,135,3,73
1,99,135,31,73
1,100,135,144,73
1,101,135,140,73
1,102,135,137,73
1,103,135,22,73
1,104,135,154,73
1,105,135,166,73
1,106,135,121,73
1,107,135,149,73
1,108,135,14,73
1,109,135,155,73
1,110,135,141,73
1,111,135,15,73
1,112,135,139,73
1,113,135,127,73
1,114,135,147,73
1,115,135,122,73
1,116,135,131,73
1,117,135,18,73
1,118,135,120,73
1,119,135,146,73
1,120,135,5,73
1,121,135,110,73
1,122,135,6,73
1,123,135,157,73
1,124,135,130,73
1,125,135,148,73
1,126,135,109,73
1,127,135,126,73
1,128,135,124,73
1,129,135,135,73
1,130,135,153,73
1,131,135,128,73
1,132,135,134,73
1,133,135,123,73
1,134,135,129,73
1,135,135,111,73
1,136,135,125,73
1,137,135,119,73
6,138,135,105,73
6,139,135,143,73
6,140,135,98,73
6,141,135,99,73
6,142,135,90,73
6,143,135,94,73
6,144,135,96,73
6,145,135,93,73
6,146,135,117,73
6,147,135,89,73
6,148,135,107,73
6,149,135,95,73
6,150,135,103,73
6,151,135,108,73
6,152,135,97,73
6,153,135,104,73
6,154,135,114,73
6,155,135,116,73
6,156,135,92,73
6,157,135,91,73
6,158,135,113,73
6,159,135,133,73
6,160,135,112,73
6,161,135,106,73
6,162,135,101,73
6,163,135,100,73
6,164,135,102,73
6,165,135,115,73
6,166,135,118,73
1,1,136,35,92
1,2,136,40,92
1,3,136,49,92
1,4,136,52,92
1,5,136,41,92
1,6,136,38,92
1,7,136,39,92
1,8,136,58,92
1,9,136,47,92
1,10,136,50,92
1,11,136,57,92
1,12,136,42,92
1,13,136,51,92
1,14,136,56,92
1,15,136,34,92
1,16,136,46,92
1,17,136,61,92
1,18,136,60,92
1,19,136,45,92
1,20,136,54,92
1,21,136,43,92
1,22,136,33,92
1,23,136,55,92
1,24,136,59,92
1,25,136,48,92
1,26,136,53,92
1,27,136,37,92
1,28,136,23,92
1,29,136,44,92
1,30,136,70,92
1,31,136,62,92
1,32,136,81,92
1,33,136,79,92
1,34,136,85,92
1,35,136,36,92
1,36,136,75,92
1,37,136,68,92
1,38,136,88,92
1,39,136,71,92
1,40,136,63,92
1,41,136,77,92
1,42,136,83,92
1,43,136,87,92
1,44,136,84,92
1,45,136,72,92
1,46,136,65,92
1,47,136,73,92
1,48,136,86,92
1,49,136,17,92
1,50,136,78,92
1,51,136,67,92
1,52,136,76,92
1,53,136,64,92
1,54,136,69,92
1,55,136,66,92
1,56,136,74,92
1,57,136,80,92
1,58,136,163,92
1,59,136,25,92
1,60,136,8,92
1,61,136,12,92
1,62,136,82,92
1,63,136,2,92
1,64,136,151,92
1,65,136,162,92
1,66,136,24,92
1,67,136,30,92
1,68,136,26,92
1,69,136,13,92
1,70,136,7,92
1,71,136,4,92
1,72,136,21,92
1,73,136,10,92
1,74,136,165,92
1,75,136,27,92
1,76,136,152,92
1,77,136,159,92
1,78,136,32,92
1,79,136,11,92
1,80,136,29,92
1,81,136,28,92
1,82,136,16,92
1,83,136,20,92
1,84,136,145,92
1,85,136,164,92
1,86,136,1,92
1,87,136,150,92
1,88,136,142,92
1,89,136,138,92
1,90,136,156,92
1,91,136,161,92
1,92,136,160,92
1,93,136,158,92
1,94,136,136,92
1,95,136,19,92
1,96,136,132,92
1,97,136,9,92
1,98,136,3,92
1,99,136,31,92
1,100,136,144,92
1,101,136,140,92
1,102,136,137,92
1,103,136,22,92
1,104,136,154,92
1,105,136,166,92
1,106,136,121,92
1,107,136,149,92
1,108,136,14,92
1,109,136,155,92
1,110,136,141,92
1,111,136,15,92
1,112,136,139,92
1,113,136,127,92
1,114,136,147,92
1,115,136,122,92
1,116,136,131,92
1,117,136,18,92
1,118,136,120,92
1,119,136,146,92
1,120,136,5,92
1,121,136,110,92
1,122,136,6,92
1,123,136,157,92
1,124,136,130,92
1,125,136,148,92
1,126,136,109,92
1,127,136,126,92
1,128,136,124,92
1,129,136,135,92
1,130,136,153,92
1,131,136,128,92
1,132,136,134,92
1,133,136,123,92
1,134,136,129,92
1,135,136,111,92
1,136,136,125,92
1,137,136,119,92
6,138,136,105,92
6,139,136,143,92
6,140,136,98,92
6,141,136,99,92
6,142,136,90,92
6,143,136,94,92
6,144,136,96,92
6,145,136,93,92
6,146,136,117,92
6,147,136,89,92
6,148,136,107,92
6,149,136,95,92
6,150,136,103,92
6,151,136,108,92
6,152,136,97,92
6,153,136,104,92
6,154,136,114,92
6,155,136,116,92
6,156,136,92,92
6,157,136,91,92
6,158,136,113,92
6,159,136,133,92
6,160,136,112,92
6,161,136,106,92
6,162,136,101,92
6,163,136,100,92
6,164,136,102,92
6,165,136,115,92
6,166,136,118,92
1,1,137,35,8
1,2,137,40,8
1,3,137,49,8
1,4,137,52,8
1,5,137,41,8
1,6,137,38,8
1,7,137,39,8
1,8,137,58,8
1,9,137,47,8
1,10,137,50,8
1,11,137,57,8
1,12,137,42,8
1,13,137,51,8
1,14,137,56,8
1,15,137,34,8
1,16,137,46,8
1,17,137,61,8
1,18,137,60,8
1,19,137,45,8
1,20,137,54,8
1,21,137,43,8
1,22,137,33,8
1,23,137,55,8
1,24,137,59,8
1,25,137,48,8
1,26,137,53,8
1,27,137,37,8
1,28,137,23,8
1,29,137,44,8
1,30,137,70,8
1,31,137,62,8
1,32,137,81,8
1,33,137,79,8
1,34,137,85,8
1,35,137,36,8
1,36,137,75,8
1,37,137,68,8
1,38,137,88,8
1,39,137,71,8
1,40,137,63,8
1,41,137,77,8
1,42,137,83,8
1,43,137,87,8
1,44,137,84,8
1,45,137,72,8
1,46,137,65,8
1,47,137,73,8
1,48,137,86,8
1,49,137,17,8
1,50,137,78,8
1,51,137,67,8
1,52,137,76,8
1,53,137,64,8
1,54,137,69,8
1,55,137,66,8
1,56,137,74,8
1,57,137,80,8
1,58,137,163,8
1,59,137,25,8
1,60,137,8,8
1,61,137,12,8
1,62,137,82,8
1,63,137,2,8
1,64,137,151,8
1,65,137,162,8
1,66,137,24,8
1,67,137,30,8
1,68,137,26,8
1,69,137,13,8
1,70,137,7,8
1,71,137,4,8
1,72,137,21,8
1,73,137,10,8
1,74,137,165,8
1,75,137,27,8
1,76,137,152,8
1,77,137,159,8
1,78,137,32,8
1,79,137,11,8
1,80,137,29,8
1,81,137,28,8
1,82,137,16,8
1,83,137,20,8
1,84,137,145,8
1,85,137,164,8
1,86,137,1,8
1,87,137,150,8
1,88,137,142,8
1,89,137,138,8
1,90,137,156,8
1,91,137,161,8
1,92,137,160,8
1,93,137,158,8
1,94,137,136,8
1,95,137,19,8
1,96,137,132,8
1,97,137,9,8
1,98,137,3,8
1,99,137,31,8
1,100,137,144,8
1,101,137,140,8
1,102,137,137,8
1,103,137,22,8
1,104,137,154,8
1,105,137,166,8
1,106,137,121,8
1,107,137,149,8
1,108,137,14,8
1,109,137,155,8
1,110,137,141,8
1,111,137,15,8
1,112,137,139,8
1,113,137,127,8
1,114,137,147,8
1,115,137,122,8
1,116,137,131,8
1,117,137,18,8
1,118,137,120,8
1,119,137,146,8
1,120,137,5,8
1,121,137,110,8
1,122,137,6,8
1,123,137,157,8
1,124,137,130,8
1,125,137,148,8
1,126,137,109,8
1,127,137,126,8
1,128,137,124,8
1,129,137,135,8
1,130,137,153,8
1,131,137,128,8
1,132,137,134,8
1,133,137,123,8
1,134,137,129,8
1,135,137,111,8
1,136,137,125,8
1,137,137,119,8
6,138,137,105,8
6,139,137,143,8
6,140,137,98,8
6,141,137,99,8
6,142,137,90,8
6,143,137,94,8
6,144,137,96,8
6,145,137,93,8
6,146,137,117,8
6,147,137,89,8
6,148,137,107,8
6,149,137,95,8
6,150,137,103,8
6,151,137,108,8
6,152,137,97,8
6,153,137,104,8
6,154,137,114,8
6,155,137,116,8
6,156,137,92,8
6,157,137,91,8
6,158,137,113,8
6,159,137,133,8
6,160,137,112,8
6,161,137,106,8
6,162,137,101,8
6,163,137,100,8
6,164,137,102,8
6,165,137,115,8
6,166,137,118,8
1,1,138,35,96
1,2,138,40,96
1,3,138,49,96
1,4,138,52,96
1,5,138,41,96
1,6,138,38,96
1,7,138,39,96
1,8,138,58,96
1,9,138,47,96
1,10,138,50,96
1,11,138,57,96
1,12,138,42,96
1,13,138,51,96
1,14,138,56,96
1,15,138,34,96
1,16,138,46,96
1,17,138,61,96
1,18,138,60,96
1,19,138,45,96
1,20,138,54,96
1,21,138,43,96
1,22,138,33,96
1,23,138,55,96
1,24,138,59,96
1,25,138,48,96
1,26,138,53,96
1,27,138,37,96
1,28,138,23,96
1,29,138,44,96
1,30,138,70,96
1,31,138,62,96
1,32,138,81,96
1,33,138,79,96
1,34,138,85,96
1,35,138,36,96
1,36,138,75,96
1,37,138,68,96
1,38,138,88,96
1,39,138,71,96
1,40,138,63,96
1,41,138,77,96
1,42,138,83,96
1,43,138,87,96
1,44,138,84,96
1,45,138,72,96
1,46,138,65,96
1,47,138,73,96
1,48,138,86,96
1,49,138,17,96
1,50,138,78,96
1,51,138,67,96
1,52,138,76,96
1,53,138,64,96
1,54,138,69,96
1,55,138,66,96
1,56,138,74,96
1,57,138,80,96
1,58,138,163,96
1,59,138,25,96
1,60,138,8,96
1,61,138,12,96
1,62,138,82,96
1,63,138,2,96
1,64,138,151,96
1,65,138,162,96
1,66,138,24,96
1,67,138,30,96
1,68,138,26,96
1,69,138,13,96
1,70,138,7,96
1,71,138,4,96
1,72,138,21,96
1,73,138,10,96
1,74,138,165,96
1,75,138,27,96
1,76,138,152,96
1,77,138,159,96
1,78,138,32,96
1,79,138,11,96
1,80,138,29,96
1,81,138,28,96
1,82,138,16,96
1,83,138,20,96
1,84,138,145,96
1,85,138,164,96
1,86,138,1,96
1,87,138,150,96
1,88,138,142,96
1,89,138,138,96
1,90,138,156,96
1,91,138,161,96
1,92,138,160,96
1,93,138,158,96
1,94,138,136,96
1,95,138,19,96
1,96,138,132,96
1,97,138,9,96
1,98,138,3,96
1,99,138,31,96
1,100,138,144,96
1,101,138,140,96
1,102,138,137,96
1,103,138,22,96
1,104,138,154,96
1,105,138,166,96
1,106,138,121,96
1,107,138,149,96
1,108,138,14,96
1,109,138,155,96
1,110,138,141,96
1,111,138,15,96
1,112,138,139,96
1,113,138,127,96
1,114,138,147,96
1,115,138,122,96
1,116,138,131,96
1,117,138,18,96
1,118,138,120,96
1,119,138,146,96
1,120,138,5,96
1,121,138,110,96
1,122,138,6,96
1,123,138,157,96
1,124,138,130,96
1,125,138,148,96
1,126,138,109,96
1,127,138,126,96
1,128,138,124,96
1,129,138,135,96
1,130,138,153,96
1,131,138,128,96
1,132,138,134,96
1,133,138,123,96
1,134,138,129,96
1,135,138,111,96
1,136,138,125,96
1,137,138,119,96
6,138,138,105,96
6,139,138,143,96
6,140,138,98,96
6,141,138,99,96
6,142,138,90,96
6,143,138,94,96
6,144,138,96,96
6,145,138,93,96
6,146,138,117,96
6,147,138,89,96
6,148,138,107,96
6,149,138,95,96
6,150,138,103,96
6,151,138,108,96
6,152,138,97,96
6,153,138,104,96
6,154,138,114,96
6,155,138,116,96
6,156,138,92,96
6,157,138,91,96
6,158,138,113,96
6,159,138,133,96
6,160,138,112,96
6,161,138,106,96
6,162,138,101,96
6,163,138,100,96
6,164,138,102,96
6,165,138,115,96
6,166,138,118,96
1,1,139,35,82
1,2,139,40,82
1,3,139,49,82
1,4,139,52,82
1,5,139,41,82
1,6,139,38,82
1,7,139,39,82
1,8,139,58,82
1,9,139,47,82
1,10,139,50,82
1,11,139,57,82
1,12,139,42,82
1,13,139,51,82
1,14,139,56,82
1,15,139,34,82
1,16,139,46,82
1,17,139,61,82
1,18,139,60,82
1,19,139,45,82
1,20,139,54,82
1,21,139,43,82
1,22,139,33,82
1,23,139,55,82
1,24,139,59,82
1,25,139,48,82
1,26,139,53,82
1,27,139,37,82
1,28,139,23,82
1,29,139,44,82
1,30,139,70,82
1,31,139,62,82
1,32,139,81,82
1,33,139,79,82
1,34,139,85,82
1,35,139,36,82
1,36,139,75,82
1,37,139,68,82
1,38,139,88,82
1,39,139,71,82
1,40,139,63,82
1,41,139,77,82
1,42,139,83,82
1,43,139,87,82
1,44,139,84,82
1,45,139,72,82
1,46,139,65,82
1,47,139,73,82
1,48,139,86,82
1,49,139,17,82
1,50,139,78,82
1,51,139,67,82
1,52,139,76,82
1,53,139,64,82
1,54,139,69,82
1,55,139,66,82
1,56,139,74,82
1,57,139,80,82
1,58,139,163,82
1,59,139,25,82
1,60,139,8,82
1,61,139,12,82
1,62,139,82,82
1,63,139,2,82
1,64,139,151,82
1,65,139,162,82
1,66,139,24,82
1,67,139,30,82
1,68,139,26,82
1,69,139,13,82
1,70,139,7,82
1,71,139,4,82
1,72,139,21,82
1,73,139,10,82
1,74,139,165,82
1,75,139,27,82
1,76,139,152,82
1,77,139,159,82
1,78,139,32,82
1,79,139,11,82
1,80,139,29,82
1,81,139,28,82
1,82,139,16,82
1,83,139,20,82
1,84,139,145,82
1,85,139,164,82
1,86,139,1,82
1,87,139,150,82
1,88,139,142,82
1,89,139,138,82
1,90,139,156,82
1,91,139,161,82
1,92,139,160,82
1,93,139,158,82
1,94,139,136,82
1,95,139,19,82
1,96,139,132,82
1,97,139,9,82
1,98,139,3,82
1,99,139,31,82
1,100,139,144,82
1,101,139,140,82
1,102,139,137,82
1,103,139,22,82
1,104,139,154,82
1,105,139,166,82
1,106,139,121,82
1,107,139,149,82
1,108,139,14,82
1,109,139,155,82
1,110,139,141,82
1,111,139,15,82
1,112,139,139,82
1,113,139,127,82
1,114,139,147,82
1,115,139,122,82
1,116,139,131,82
1,117,139,18,82
1,118,139,120,82
1,119,139,146,82
1,120,139,5,82
1,121,139,110,82
1,122,139,6,82
1,123,139,157,82
1,124,139,130,82
1,125,139,148,82
1,126,139,109,82
1,127,139,126,82
1,128,139,124,82
1,129,139,135,82
1,130,139,153,82
1,131,139,128,82
1,132,139,134,82
1,133,139,123,82
1,134,139,129,82
1,135,139,111,82
1,136,139,125,82
1,137,139,119,82
6,138,139,105,82
6,139,139,143,82
6,140,139,98,82
6,141,139,99,82
6,142,139,90,82
6,143,139,94,82
6,144,139,96,82
6,145,139,93,82
6,146,139,117,82
6,147,139,89,82
6,148,139,107,82
6,149,139,95,82
6,150,139,103,82
6,151,139,108,82
6,152,139,97,82
6,153,139,104,82
6,154,139,114,82
6,155,139,116,82
6,156,139,92,82
6,157,139,91,82
6,158,139,113,82
6,159,139,133,82
6,160,139,112,82
6,161,139,106,82
6,162,139,101,82
6,163,139,100,82
6,164,139,102,82
6,165,139,115,82
6,166,139,118,82
1,1,140,35,55
1,2,140,40,55
1,3,140,49,55
1,4,140,52,55
1,5,140,41,55
1,6,140,38,55
1,7,140,39,55
1,8,140,58,55
1,9,140,47,55
1,10,140,50,55
1,11,140,57,55
1,12,140,42,55
1,13,140,51,55
1,14,140,56,55
1,15,140,34,55
1,16,140,46,55
1,17,140,61,55
1,18,140,60,55
1,19,140,45,55
1,20,140,54,55
1,21,140,43,55
1,22,140,33,55
1,23,140,55,55
1,24,140,59,55
1,25,140,48,55
1,26,140,53,55
1,27,140,37,55
1,28,140,23,55
1,29,140,44,55
1,30,140,70,55
1,31,140,62,55
1,32,140,81,55
1,33,140,79,55
1,34,140,85,55
1,35,140,36,55
1,36,140,75,55
1,37,140,68,55
1,38,140,88,55
1,39,140,71,55
1,40,140,63,55
1,41,140,77,55
1,42,140,83,55
1,43,140,87,55
1,44,140,84,55
1,45,140,72,55
1,46,140,65,55
1,47,140,73,55
1,48,140,86,55
1,49,140,17,55
1,50,140,78,55
1,51,140,67,55
1,52,140,76,55
1,53,140,64,55
1,54,140,69,55
1,55,140,66,55
1,56,140,74,55
1,57,140,80,55
1,58,140,163,55
1,59,140,25,55
1,60,140,8,55
1,61,140,12,55
1,62,140,82,55
1,63,140,2,55
1,64,140,151,55
1,65,140,162,55
1,66,140,24,55
1,67,140,30,55
1,68,140,26,55
1,69,140,13,55
1,70,140,7,55
1,71,140,4,55
1,72,140,21,55
1,73,140,10,55
1,74,140,165,55
1,75,140,27,55
1,76,140,152,55
1,77,140,159,55
1,78,140,32,55
1,79,140,11,55
1,80,140,29,55
1,81,140,28,55
1,82,140,16,55
1,83,140,20,55
1,84,140,145,55
1,85,140,164,55
1,86,140,1,55
1,87,140,150,55
1,88,140,142,55
1,89,140,138,55
1,90,140,156,55
1,91,140,161,55
1,92,140,160,55
1,93,140,158,55
1,94,140,136,55
1,95,140,19,55
1,96,140,132,55
1,97,140,9,55
1,98,140,3,55
1,99,140,31,55
1,100,140,144,55
1,101,140,140,55
1,102,140,137,55
1,103,140,22,55
1,104,140,154,55
1,105,140,166,55
1,106,140,121,55
1,107,140,149,55
1,108,140,14,55
1,109,140,155,55
1,110,140,141,55
1,111,140,15,55
1,112,140,139,55
1,113,140,127,55
1,114,140,147,55
1,115,140,122,55
1,116,140,131,55
1,117,140,18,55
1,118,140,120,55
1,119,140,146,55
1,120,140,5,55
1,121,140,110,55
1,122,140,6,55
1,123,140,157,55
1,124,140,130,55
1,125,140,148,55
1,126,140,109,55
1,127,140,126,55
1,128,140,124,55
1,129,140,135,55
1,130,140,153,55
1,131,140,128,55
1,132,140,134,55
1,133,140,123,55
1,134,140,129,55
1,135,140,111,55
1,136,140,125,55
1,137,140,119,55
6,138,140,105,55
6,139,140,143,55
6,140,140,98,55
6,141,140,99,55
6,142,140,90,55
6,143,140,94,55
6,144,140,96,55
6,145,140,93,55
6,146,140,117,55
6,147,140,89,55
6,148,140,107,55
6,149,140,95,55
6,150,140,103,55
6,151,140,108,55
6,152,140,97,55
6,153,140,104,55
6,154,140,114,55
6,155,140,116,55
6,156,140,92,55
6,157,140,91,55
6,158,140,113,55
6,159,140,133,55
6,160,140,112,55
6,161,140,106,55
6,162,140,101,55
6,163,140,100,55
6,164,140,102,55
6,165,140,115,55
6,166,140,118,55
1,1,141,35,98
1,2,141,40,98
1,3,141,49,98
1,4,141,52,98
1,5,141,41,98
1,6,141,38,98
1,7,141,39,98
1,8,141,58,98
1,9,141,47,98
1,10,141,50,98
1,11,141,57,98
1,12,141,42,98
1,13,141,51,98
1,14,141,56,98
1,15,141,34,98
1,16,141,46,98
1,17,141,61,98
1,18,141,60,98
1,19,141,45,98
1,20,141,54,98
1,21,141,43,98
1,22,141,33,98
1,23,141,55,98
1,24,141,59,98
1,25,141,48,98
1,26,141,53,98
1,27,141,37,98
1,28,141,23,98
1,29,141,44,98
1,30,141,70,98
1,31,141,62,98
1,32,141,81,98
1,33,141,79,98
1,34,141,85,98
1,35,141,36,98
1,36,141,75,98
1,37,141,68,98
1,38,141,88,98
1,39,141,71,98
1,40,141,63,98
1,41,141,77,98
1,42,141,83,98
1,43,141,87,98
1,44,141,84,98
1,45,141,72,98
1,46,141,65,98
1,47,141,73,98
1,48,141,86,98
1,49,141,17,98
1,50,141,78,98
1,51,141,67,98
1,52,141,76,98
1,53,141,64,98
1,54,141,69,98
1,55,141,66,98
1,56,141,74,98
1,57,141,80,98
1,58,141,163,98
1,59,141,25,98
1,60,141,8,98
1,61,141,12,98
1,62,141,82,98
1,63,141,2,98
1,64,141,151,98
1,65,141,162,98
1,66,141,24,98
1,67,141,30,98
1,68,141,26,98
1,69,141,13,98
1,70,141,7,98
1,71,141,4,98
1,72,141,21,98
1,73,141,10,98
1,74,141,165,98
1,75,141,27,98
1,76,141,152,98
1,77,141,159,98
1,78,141,32,98
1,79,141,11,98
1,80,141,29,98
1,81,141,28,98
1,82,141,16,98
1,83,141,20,98
1,84,141,145,98
1,85,141,164,98
1,86,141,1,98
1,87,141,150,98
1,88,141,142,98
1,89,141,138,98
1,90,141,156,98
1,91,141,161,98
1,92,141,160,98
1,93,141,158,98
1,94,141,136,98
1,95,141,19,98
1,96,141,132,98
1,97,141,9,98
1,98,141,3,98
1,99,141,31,98
1,100,141,144,98
1,101,141,140,98
1,102,141,137,98
1,103,141,22,98
1,104,141,154,98
1,105,141,166,98
1,106,141,121,98
1,107,141,149,98
1,108,141,14,98
1,109,141,155,98
1,110,141,141,98
1,111,141,15,98
1,112,141,139,98
1,113,141,127,98
1,114,141,147,98
1,115,141,122,98
1,116,141,131,98
1,117,141,18,98
1,118,141,120,98
1,119,141,146,98
1,120,141,5,98
1,121,141,110,98
1,122,141,6,98
1,123,141,157,98
1,124,141,130,98
1,125,141,148,98
1,126,141,109,98
1,127,141,126,98
1,128,141,124,98
1,129,141,135,98
1,130,141,153,98
1,131,141,128,98
1,132,141,134,98
1,133,141,123,98
1,134,141,129,98
1,135,141,111,98
1,136,141,125,98
1,137,141,119,98
6,138,141,105,98
6,139,141,143,98
6,140,141,98,98
6,141,141,99,98
6,142,141,90,98
6,143,141,94,98
6,144,141,96,98
6,145,141,93,98
6,146,141,117,98
6,147,141,89,98
6,148,141,107,98
6,149,141,95,98
6,150,141,103,98
6,151,141,108,98
6,152,141,97,98
6,153,141,104,98
6,154,141,114,98
6,155,141,116,98
6,156,141,92,98
6,157,141,91,98
6,158,141,113,98
6,159,141,133,98
6,160,141,112,98
6,161,141,106,98
6,162,141,101,98
6,163,141,100,98
6,164,141,102,98
6,165,141,115,98
6,166,141,118,98
1,1,142,35,25
1,2,142,40,25
1,3,142,49,25
1,4,142,52,25
1,5,142,41,25
1,6,142,38,25
1,7,142,39,25
1,8,142,58,25
1,9,142,47,25
1,10,142,50,25
1,11,142,57,25
1,12,142,42,25
1,13,142,51,25
1,14,142,56,25
1,15,142,34,25
1,16,142,46,25
1,17,142,61,25
1,18,142,60,25
1,19,142,45,25
1,20,142,54,25
1,21,142,43,25
1,22,142,33,25
1,23,142,55,25
1,24,142,59,25
1,25,142,48,25
1,26,142,53,25
1,27,142,37,25
1,28,142,23,25
1,29,142,44,25
1,30,142,70,25
1,31,142,62,25
1,32,142,81,25
1,33,142,79,25
1,34,142,85,25
1,35,142,36,25
1,36,142,75,25
1,37,142,68,25
1,38,142,88,25
1,39,142,71,25
1,40,142,63,25
1,41,142,77,25
1,42,142,83,25
1,43,142,87,25
1,44,142,84,25
1,45,142,72,25
1,46,142,65,25
1,47,142,73,25
1,48,142,86,25
1,49,142,17,25
1,50,142,78,25
1,51,142,67,25
1,52,142,76,25
1,53,142,64,25
1,54,142,69,25
1,55,142,66,25
1,56,142,74,25
1,57,142,80,25
1,58,142,163,25
1,59,142,25,25
1,60,142,8,25
1,61,142,12,25
1,62,142,82,25
1,63,142,2,25
1,64,142,151,25
1,65,142,162,25
1,66,142,24,25
1,67,142,30,25
1,68,142,26,25
1,69,142,13,25
1,70,142,7,25
1,71,142,4,25
1,72,142,21,25
1,73,142,10,25
1,74,142,165,25
1,75,142,27,25
1,76,142,152,25
1,77,142,159,25
1,78,142,32,25
1,79,142,11,25
1,80,142,29,25
1,81,142,28,25
1,82,142,16,25
1,83,142,20,25
1,84,142,145,25
1,85,142,164,25
1,86,142,1,25
1,87,142,150,25
1,88,142,142,25
1,89,142,138,25
1,90,142,156,25
1,91,142,161,25
1,92,142,160,25
1,93,142,158,25
1,94,142,136,25
1,95,142,19,25
1,96,142,132,25
1,97,142,9,25
1,98,142,3,25
1,99,142,31,25
1,100,142,144,25
1,101,142,140,25
1,102,142,137,25
1,103,142,22,25
1,104,142,154,25
1,105,142,166,25
1,106,142,121,25
1,107,142,149,25
1,108,142,14,25
1,109,142,155,25
1,110,142,141,25
1,111,142,15,25
1,112,142,139,25
1,113,142,127,25
1,114,142,147,25
1,115,142,122,25
1,116,142,131,25
1,117,142,18,25
1,118,142,120,25
1,119,142,146,25
1,120,142,5,25
1,121,142,110,25
1,122,142,6,25
1,123,142,157,25
1,124,142,130,25
1,125,142,148,25
1,126,142,109,25
1,127,142,126,25
1,128,142,124,25
1,129,142,135,25
1,130,142,153,25
1,131,142,128,25
1,132,142,134,25
1,133,142,123,25
1,134,142,129,25
1,135,142,111,25
1,136,142,125,25
1,137,142,119,25
6,138,142,105,25
6,139,142,143,25
6,140,142,98,25
6,141,142,99,25
6,142,142,90,25
6,143,142,94,25
6,144,142,96,25
6,145,142,93,25
6,146,142,117,25
6,147,142,89,25
6,148,142,107,25
6,149,142,95,25
6,150,142,103,25
6,151,142,108,25
6,152,142,97,25
6,153,142,104,25
6,154,142,114,25
6,155,142,116,25
6,156,142,92,25
6,157,142,91,25
6,158,142,113,25
6,159,142,133,25
6,160,142,112,25
6,161,142,106,25
6,162,142,101,25
6,163,142,100,25
6,164,142,102,25
6,165,142,115,25
6,166,142,118,25
1,1,143,35,120
1,2,143,40,120
1,3,143,49,120
1,4,143,52,120
1,5,143,41,120
1,6,143,38,120
1,7,143,39,120
1,8,143,58,120
1,9,143,47,120
1,10,143,50,120
1,11,143,57,120
1,12,143,42,120
1,13,143,51,120
1,14,143,56,120
1,15,143,34,120
1,16,143,46,120
1,17,143,61,120
1,18,143,60,120
1,19,143,45,120
1,20,143,54,120
1,21,143,43,120
1,22,143,33,120
1,23,143,55,120
1,24,143,59,120
1,25,143,48,120
1,26,143,53,120
1,27,143,37,120
1,28,143,23,120
1,29,143,44,120
1,30,143,70,120
1,31,143,62,120
1,32,143,81,120
1,33,143,79,120
1,34,143,85,120
1,35,143,36,120
1,36,143,75,120
1,37,143,68,120
1,38,143,88,120
1,39,143,71,120
1,40,143,63,120
1,41,143,77,120
1,42,143,83,120
1,43,143,87,120
1,44,143,84,120
1,45,143,72,120
1,46,143,65,120
1,47,143,73,120
1,48,143,86,120
1,49,143,17,120
1,50,143,78,120
1,51,143,67,120
1,52,143,76,120
1,53,143,64,120
1,54,143,69,120
1,55,143,66,120
1,56,143,74,120
1,57,143,80,120
1,58,143,163,120
1,59,143,25,120
1,60,143,8,120
1,61,143,12,120
1,62,143,82,120
1,63,143,2,120
1,64,143,151,120
1,65,143,162,120
1,66,143,24,120
1,67,143,30,120
1,68,143,26,120
1,69,143,13,120
1,70,143,7,120
1,71,143,4,120
1,72,143,21,120
1,73,143,10,120
1,74,143,165,120
1,75,143,27,120
1,76,143,152,120
1,77,143,159,120
1,78,143,32,120
1,79,143,11,120
1,80,143,29,120
1,81,143,28,120
1,82,143,16,120
1,83,143,20,120
1,84,143,145,120
1,85,143,164,120
1,86,143,1,120
1,87,143,150,120
1,88,143,142,120
1,89,143,138,120
1,90,143,156,120
1,91,143,161,120
1,92,143,160,120
1,93,143,158,120
1,94,143,136,120
1,95,143,19,120
1,96,143,132,120
1,97,143,9,120
1,98,143,3,120
1,99,143,31,120
1,100,143,144,120
1,101,143,140,120
1,102,143,137,120
1,103,143,22,120
1,104,143,154,120
1,105,143,166,120
1,106,143,121,120
1,107,143,149,120
1,108,143,14,120
1,109,143,155,120
1,110,143,141,120
1,111,143,15,120
1,112,143,139,120
1,113,143,127,120
1,114,143,147,120
1,115,143,122,120
1,116,143,131,120
1,117,143,18,120
1,118,143,120,120
1,119,143,146,120
1,120,143,5,120
1,121,143,110,120
1,122,143,6,120
1,123,143,157,120
1,124,143,130,120
1,125,143,148,120
1,126,143,109,120
1,127,143,126,120
1,128,143,124,120
1,129,143,135,120
1,130,143,153,120
1,131,143,128,120
1,132,143,134,120
1,133,143,123,120
1,134,143,129,120
1,135,143,111,120
1,136,143,125,120
1,137,143,119,120
6,138,143,105,120
6,139,143,143,120
6,140,143,98,120
6,141,143,99,120
6,142,143,90,120
6,143,143,94,120
6,144,143,96,120
6,145,143,93,120
6,146,143,117,120
6,147,143,89,120
6,148,143,107,120
6,149,143,95,120
6,150,143,103,120
6,151,143,108,120
6,152,143,97,120
6,153,143,104,120
6,154,143,114,120
6,155,143,116,120
6,156,143,92,120
6,157,143,91,120
6,158,143,113,120
6,159,143,133,120
6,160,143,112,120
6,161,143,106,120
6,162,143,101,120
6,163,143,100,120
6,164,143,102,120
6,165,143,115,120
6,166,143,118,120
1,1,144,35,123
1,2,144,40,123
1,3,144,49,123
1,4,144,52,123
1,5,144,41,123
1,6,144,38,123
1,7,144,39,123
1,8,144,58,123
1,9,144,47,123
1,10,144,50,123
1,11,144,57,123
1,12,144,42,123
1,13,144,51,123
1,14,144,56,123
1,15,144,34,123
1,16,144,46,123
1,17,144,61,123
1,18,144,60,123
1,19,144,45,123
1,20,144,54,123
1,21,144,43,123
1,22,144,33,123
1,23,144,55,123
1,24,144,59,123
1,25,144,48,123
1,26,144,53,123
1,27,144,37,123
1,28,144,23,123
1,29,144,44,123
1,30,144,70,123
1,31,144,62,123
1,32,144,81,123
1,33,144,79,123
1,34,144,85,123
1,35,144,36,123
1,36,144,75,123
1,37,144,68,123
1,38,144,88,123
1,39,144,71,123
1,40,144,63,123
1,41,144,77,123
1,42,144,83,123
1,43,144,87,123
1,44,144,84,123
1,45,144,72,123
1,46,144,65,123
1,47,144,73,123
1,48,144,86,123
1,49,144,17,123
1,50,144,78,123
1,51,144,67,123
1,52,144,76,123
1,53,144,64,123
1,54,144,69,123
1,55,144,66,123
1,56,144,74,123
1,57,144,80,123
1,58,144,163,123
1,59,144,25,123
1,60,144,8,123
1,61,144,12,123
1,62,144,82,123
1,63,144,2,123
1,64,144,151,123
1,65,144,162,123
1,66,144,24,123
1,67,144,30,123
1,68,144,26,123
1,69,144,13,123
1,70,144,7,123
1,71,144,4,123
1,72,144,21,123
1,73,144,10,123
1,74,144,165,123
1,75,144,27,123
1,76,144,152,123
1,77,144,159,123
1,78,144,32,123
1,79,144,11,123
1,80,144,29,123
1,81,144,28,123
1,82,144,16,123
1,83,144,20,123
1,84,144,145,123
1,85,144,164,123
1,86,144,1,123
1,87,144,150,123
1,88,144,142,123
1,89,144,138,123
1,90,144,156,123
1,91,144,161,123
1,92,144,160,123
1,93,144,158,123
1,94,144,136,123
1,95,144,19,123
1,96,144,132,123
1,97,144,9,123
1,98,144,3,123
1,99,144,31,123
1,100,144,144,123
1,101,144,140,123
1,102,144,137,123
1,103,144,22,123
1,104,144,154,123
1,105,144,166,123
1,106,144,121,123
1,107,144,149,123
1,108,144,14,123
1,109,144,155,123
1,110,144,141,123
1,111,144,15,123
1,112,144,139,123
1,113,144,127,123
1,114,144,147,123
1,115,144,122,123
1,116,144,131,123
1,117,144,18,123
1,118,144,120,123
1,119,144,146,123
1,120,144,5,123
1,121,144,110,123
1,122,144,6,123
1,123,144,157,123
1,124,144,130,123
1,125,144,148,123
1,126,144,109,123
1,127,144,126,123
1,128,144,124,123
1,129,144,135,123
1,130,144,153,123
1,131,144,128,123
1,132,144,134,123
1,133,144,123,123
1,134,144,129,123
1,135,144,111,123
1,136,144,125,123
1,137,144,119,123
6,138,144,105,123
6,139,144,143,123
6,140,144,98,123
6,141,144,99,123
6,142,144,90,123
6,143,144,94,123
6,144,144,96,123
6,145,144,93,123
6,146,144,117,123
6,147,144,89,123
6,148,144,107,123
6,149,144,95,123
6,150,144,103,123
6,151,144,108,123
6,152,144,97,123
6,153,144,104,123
6,154,144,114,123
6,155,144,116,123
6,156,144,92,123
6,157,144,91,123
6,158,144,113,123
6,159,144,133,123
6,160,144,112,123
6,161,144,106,123
6,162,144,101,123
6,163,144,100,123
6,164,144,102,123
6,165,144,115,123
6,166,144,118,123
1,1,145,35,85
1,2,145,40,85
1,3,145,49,85
1,4,145,52,85
1,5,145,41,85
1,6,145,38,85
1,7,145,39,85
1,8,145,58,85
1,9,145,47,85
1,10,145,50,85
1,11,145,57,85
1,12,145,42,85
1,13,145,51,85
1,14,145,56,85
1,15,145,34,85
1,16,145,46,85
1,17,145,61,85
1,18,145,60,85
1,19,145,45,85
1,20,145,54,85
1,21,145,43,85
1,22,145,33,85
1,23,145,55,85
1,24,145,59,85
1,25,145,48,85
1,26,145,53,85
1,27,145,37,85
1,28,145,23,85
1,29,145,44,85
1,30,145,70,85
1,31,145,62,85
1,32,145,81,85
1,33,145,79,85
1,34,145,85,85
1,35,145,36,85
1,36,145,75,85
1,37,145,68,85
1,38,145,88,85
1,39,145,71,85
1,40,145,63,85
1,41,145,77,85
1,42,145,83,85
1,43,145,87,85
1,44,145,84,85
1,45,145,72,85
1,46,145,65,85
1,47,145,73,85
1,48,145,86,85
1,49,145,17,85
1,50,145,78,85
1,51,145,67,85
1,52,145,76,85
1,53,145,64,85
1,54,145,69,85
1,55,145,66,85
1,56,145,74,85
1,57,145,80,85
1,58,145,163,85
1,59,145,25,85
1,60,145,8,85
1,61,145,12,85
1,62,145,82,85
1,63,145,2,85
1,64,145,151,85
1,65,145,162,85
1,66,145,24,85
1,67,145,30,85
1,68,145,26,85
1,69,145,13,85
1,70,145,7,85
1,71,145,4,85
1,72,145,21,85
1,73,145,10,85
1,74,145,165,85
1,75,145,27,85
1,76,145,152,85
1,77,145,159,85
1,78,145,32,85
1,79,145,11,85
1,80,145,29,85
1,81,145,28,85
1,82,145,16,85
1,83,145,20,85
1,84,145,145,85
1,85,145,164,85
1,86,145,1,85
1,87,145,150,85
1,88,145,142,85
1,89,145,138,85
1,90,145,156,85
1,91,145,161,85
1,92,145,160,85
1,93,145,158,85
1,94,145,136,85
1,95,145,19,85
1,96,145,132,85
1,97,145,9,85
1,98,145,3,85
1,99,145,31,85
1,100,145,144,85
1,101,145,140,85
1,102,145,137,85
1,103,145,22,85
1,104,145,154,85
1,105,145,166,85
1,106,145,121,85
1,107,145,149,85
1,108,145,14,85
1,109,145,155,85
1,110,145,141,85
1,111,145,15,85
1,112,145,139,85
1,113,145,127,85
1,114,145,147,85
1,115,145,122,85
1,116,145,131,85
1,117,145,18,85
1,118,145,120,85
1,119,145,146,85
1,120,145,5,85
1,121,145,110,85
1,122,145,6,85
1,123,145,157,85
1,124,145,130,85
1,125,145,148,85
1,126,145,109,85
1,127,145,126,85
1,128,145,124,85
1,129,145,135,85
1,130,145,153,85
1,131,145,128,85
1,132,145,134,85
1,133,145,123,85
1,134,145,129,85
1,135,145,111,85
1,136,145,125,85
1,137,145,119,85
6,138,145,105,85
6,139,145,143,85
6,140,145,98,85
6,141,145,99,85
6,142,145,90,85
6,143,145,94,85
6,144,145,96,85
6,145,145,93,85
6,146,145,117,85
6,147,145,89,85
6,148,145,107,85
6,149,145,95,85
6,150,145,103,85
6,151,145,108,85
6,152,145,97,85
6,153,145,104,85
6,154,145,114,85
6,155,145,116,85
6,156,145,92,85
6,157,145,91,85
6,158,145,113,85
6,159,145,133,85
6,160,145,112,85
6,161,145,106,85
6,162,145,101,85
6,163,145,100,85
6,164,145,102,85
6,165,145,115,85
6,166,145,118,85
1,1,146,35,48
1,2,146,40,48
1,3,146,49,48
1,4,146,52,48
1,5,146,41,48
1,6,146,38,48
1,7,146,39,48
1,8,146,58,48
1,9,146,47,48
1,10,146,50,48
1,11,146,57,48
1,12,146,42,48
1,13,146,51,48
1,14,146,56,48
1,15,146,34,48
1,16,146,46,48
1,17,146,61,48
1,18,146,60,48
1,19,146,45,48
1,20,146,54,48
1,21,146,43,48
1,22,146,33,48
1,23,146,55,48
1,24,146,59,48
1,25,146,48,48
1,26,146,53,48
1,27,146,37,48
1,28,146,23,48
1,29,146,44,48
1,30,146,70,48
1,31,146,62,48
1,32,146,81,48
1,33,146,79,48
1,34,146,85,48
1,35,146,36,48
1,36,146,75,48
1,37,146,68,48
1,38,146,88,48
1,39,146,71,48
1,40,146,63,48
1,41,146,77,48
1,42,146,83,48
1,43,146,87,48
1,44,146,84,48
1,45,146,72,48
1,46,146,65,48
1,47,146,73,48
1,48,146,86,48
1,49,146,17,48
1,50,146,78,48
1,51,146,67,48
1,52,146,76,48
1,53,146,64,48
1,54,146,69,48
1,55,146,66,48
1,56,146,74,48
1,57,146,80,48
1,58,146,163,48
1,59,146,25,48
1,60,146,8,48
1,61,146,12,48
1,62,146,82,48
1,63,146,2,48
1,64,146,151,48
1,65,146,162,48
1,66,146,24,48
1,67,146,30,48
1,68,146,26,48
1,69,146,13,48
1,70,146,7,48
1,71,146,4,48
1,72,146,21,48
1,73,146,10,48
1,74,146,165,48
1,75,146,27,48
1,76,146,152,48
1,77,146,159,48
1,78,146,32,48
1,79,146,11,48
1,80,146,29,48
1,81,146,28,48
1,82,146,16,48
1,83,146,20,48
1,84,146,145,48
1,85,146,164,48
1,86,146,1,48
1,87,146,150,48
1,88,146,142,48
1,89,146,138,48
1,90,146,156,48
1,91,146,161,48
1,92,146,160,48
1,93,146,158,48
1,94,146,136,48
1,95,146,19,48
1,96,146,132,48
1,97,146,9,48
1,98,146,3,48
1,99,146,31,48
1,100,146,144,48
1,101,146,140,48
1,102,146,137,48
1,103,146,22,48
1,104,146,154,48
1,105,146,166,48
1,106,146,121,48
1,107,146,149,48
1,108,146,14,48
1,109,146,155,48
1,110,146,141,48
1,111,146,15,48
1,112,146,139,48
1,113,146,127,48
1,114,146,147,48
1,115,146,122,48
1,116,146,131,48
1,117,146,18,48
1,118,146,120,48
1,119,146,146,48
1,120,146,5,48
1,121,146,110,48
1,122,146,6,48
1,123,146,157,48
1,124,146,130,48
1,125,146,148,48
1,126,146,109,48
1,127,146,126,48
1,128,146,124,48
1,129,146,135,48
1,130,146,153,48
1,131,146,128,48
1,132,146,134,48
1,133,146,123,48
1,134,146,129,48
1,135,146,111,48
1,136,146,125,48
1,137,146,119,48
6,138,146,105,48
6,139,146,143,48
6,140,146,98,48
6,141,146,99,48
6,142,146,90,48
6,143,146,94,48
6,144,146,96,48
6,145,146,93,48
6,146,146,117,48
6,147,146,89,48
6,148,146,107,48
6,149,146,95,48
6,150,146,103,48
6,151,146,108,48
6,152,146,97,48
6,153,146,104,48
6,154,146,114,48
6,155,146,116,48
6,156,146,92,48
6,157,146,91,48
6,158,146,113,48
6,159,146,133,48
6,160,146,112,48
6,161,146,106,48
6,162,146,101,48
6,163,146,100,48
6,164,146,102,48
6,165,146,115,48
6,166,146,118,48
1,1,147,35,106
1,2,147,40,106
1,3,147,49,106
1,4,147,52,106
1,5,147,41,106
1,6,147,38,106
1,7,147,39,106
1,8,147,58,106
1,9,147,47,106
1,10,147,50,106
1,11,147,57,106
1,12,147,42,106
1,13,147,51,106
1,14,147,56,106
1,15,147,34,106
1,16,147,46,106
1,17,147,61,106
1,18,147,60,106
1,19,147,45,106
1,20,147,54,106
1,21,147,43,106
1,22,147,33,106
1,23,147,55,106
1,24,147,59,106
1,25,147,48,106
1,26,147,53,106
1,27,147,37,106
1,28,147,23,106
1,29,147,44,106
1,30,147,70,106
1,31,147,62,106
1,32,147,81,106
1,33,147,79,106
1,34,147,85,106
1,35,147,36,106
1,36,147,75,106
1,37,147,68,106
1,38,147,88,106
1,39,147,71,106
1,40,147,63,106
1,41,147,77,106
1,42,147,83,106
1,43,147,87,106
1,44,147,84,106
1,45,147,72,106
1,46,147,65,106
1,47,147,73,106
1,48,147,86,106
1,49,147,17,106
1,50,147,78,106
1,51,147,67,106
1,52,147,76,106
1,53,147,64,106
1,54,147,69,106
1,55,147,66,106
1,56,147,74,106
1,57,147,80,106
1,58,147,163,106
1,59,147,25,106
1,60,147,8,106
1,61,147,12,106
1,62,147,82,106
1,63,147,2,106
1,64,147,151,106
1,65,147,162,106
1,66,147,24,106
1,67,147,30,106
1,68,147,26,106
1,69,147,13,106
1,70,147,7,106
1,71,147,4,106
1,72,147,21,106
1,73,147,10,106
1,74,147,165,106
1,75,147,27,106
1,76,147,152,106
1,77,147,159,106
1,78,147,32,106
1,79,147,11,106
1,80,147,29,106
1,81,147,28,106
1,82,147,16,106
1,83,147,20,106
1,84,147,145,106
1,85,147,164,106
1,86,147,1,106
1,87,147,150,106
1,88,147,142,106
1,89,147,138,106
1,90,147,156,106
1,91,147,161,106
1,92,147,160,106
1,93,147,158,106
1,94,147,136,106
1,95,147,19,106
1,96,147,132,106
1,97,147,9,106
1,98,147,3,106
1,99,147,31,106
1,100,147,144,106
1,101,147,140,106
1,102,147,137,106
1,103,147,22,106
1,104,147,154,106
1,105,147,166,106
1,106,147,121,106
1,107,147,149,106
1,108,147,14,106
1,109,147,155,106
1,110,147,141,106
1,111,147,15,106
1,112,147,139,106
1,113,147,127,106
1,114,147,147,106
1,115,147,122,106
1,116,147,131,106
1,117,147,18,106
1,118,147,120,106
1,119,147,146,106
1,120,147,5,106
1,121,147,110,106
1,122,147,6,106
1,123,147,157,106
1,124,147,130,106
1,125,147,148,106
1,126,147,109,106
1,127,147,126,106
1,128,147,124,106
1,129,147,135,106
1,130,147,153,106
1,131,147,128,106
1,132,147,134,106
1,133,147,123,106
1,134,147,129,106
1,135,147,111,106
1,136,147,125,106
1,137,147,119,106
6,138,147,105,106
6,139,147,143,106
6,140,147,98,106
6,141,147,99,106
6,142,147,90,106
6,143,147,94,106
6,144,147,96,106
6,145,147,93,106
6,146,147,117,106
6,147,147,89,106
6,148,147,107,106
6,149,147,95,106
6,150,147,103,106
6,151,147,108,106
6,152,147,97,106
6,153,147,104,106
6,154,147,114,106
6,155,147,116,106
6,156,147,92,106
6,157,147,91,106
6,158,147,113,106
6,159,147,133,106
6,160,147,112,106
6,161,147,106,106
6,162,147,101,106
6,163,147,100,106
6,164,147,102,106
6,165,147,115,106
6,166,147,118,106
1,1,148,35,16
1,2,148,40,16
1,3,148,49,16
1,4,148,52,16
1,5,148,41,16
1,6,148,38,16
1,7,148,39,16
1,8,148,58,16
1,9,148,47,16
1,10,148,50,16
1,11,148,57,16
1,12,148,42,16
1,13,148,51,16
1,14,148,56,16
1,15,148,34,16
1,16,148,46,16
1,17,148,61,16
1,18,148,60,16
1,19,148,45,16
1,20,148,54,16
1,21,148,43,16
1,22,148,33,16
1,23,148,55,16
1,24,148,59,16
1,25,148,48,16
1,26,148,53,16
1,27,148,37,16
1,28,148,23,16
1,29,148,44,16
1,30,148,70,16
1,31,148,62,16
1,32,148,81,16
1,33,148,79,16
1,34,148,85,16
1,35,148,36,16
1,36,148,75,16
1,37,148,68,16
1,38,148,88,16
1,39,148,71,16
1,40,148,63,16
1,41,148,77,16
1,42,148,83,16
1,43,148,87,16
1,44,148,84,16
1,45,148,72,16
1,46,148,65,16
1,47,148,73,16
1,48,148,86,16
1,49,148,17,16
1,50,148,78,16
1,51,148,67,16
1,52,148,76,16
1,53,148,64,16
1,54,148,69,16
1,55,148,66,16
1,56,148,74,16
1,57,148,80,16
1,58,148,163,16
1,59,148,25,16
1,60,148,8,16
1,61,148,12,16
1,62,148,82,16
1,63,148,2,16
1,64,148,151,16
1,65,148,162,16
1,66,148,24,16
1,67,148,30,16
1,68,148,26,16
1,69,148,13,16
1,70,148,7,16
1,71,148,4,16
1,72,148,21,16
1,73,148,10,16
1,74,148,165,16
1,75,148,27,16
1,76,148,152,16
1,77,148,159,16
1,78,148,32,16
1,79,148,11,16
1,80,148,29,16
1,81,148,28,16
1,82,148,16,16
1,83,148,20,16
1,84,148,145,16
1,85,148,164,16
1,86,148,1,16
1,87,148,150,16
1,88,148,142,16
1,89,148,138,16
1,90,148,156,16
1,91,148,161,16
1,92,148,160,16
1,93,148,158,16
1,94,148,136,16
1,95,148,19,16
1,96,148,132,16
1,97,148,9,16
1,98,148,3,16
1,99,148,31,16
1,100,148,144,16
1,101,148,140,16
1,102,148,137,16
1,103,148,22,16
1,104,148,154,16
1,105,148,166,16
1,106,148,121,16
1,107,148,149,16
1,108,148,14,16
1,109,148,155,16
1,110,148,141,16
1,111,148,15,16
1,112,148,139,16
1,113,148,127,16
1,114,148,147,16
1,115,148,122,16
1,116,148,131,16
1,117,148,18,16
1,118,148,120,16
1,119,148,146,16
1,120,148,5,16
1,121,148,110,16
1,122,148,6,16
1,123,148,157,16
1,124,148,130,16
1,125,148,148,16
1,126,148,109,16
1,127,148,126,16
1,128,148,124,16
1,129,148,135,16
1,130,148,153,16
1,131,148,128,16
1,132,148,134,16
1,133,148,123,16
1,134,148,129,16
1,135,148,111,16
1,136,148,125,16
1,137,148,119,16
6,138,148,105,16
6,139,148,143,16
6,140,148,98,16
6,141,148,99,16
6,142,148,90,16
6,143,148,94,16
6,144,148,96,16
6,145,148,93,16
6,146,148,117,16
6,147,148,89,16
6,148,148,107,16
6,149,148,95,16
6,150,148,103,16
6,151,148,108,16
6,152,148,97,16
6,153,148,104,16
6,154,148,114,16
6,155,148,116,16
6,156,148,92,16
6,157,148,91,16
6,158,148,113,16
6,159,148,133,16
6,160,148,112,16
6,161,148,106,16
6,162,148,101,16
6,163,148,100,16
6,164,148,102,16
6,165,148,115,16
6,166,148,118,16
1,1,149,35,135
1,2,149,40,135
1,3,149,49,135
1,4,149,52,135
1,5,149,41,135
1,6,149,38,135
1,7,149,39,135
1,8,149,58,135
1,9,149,47,135
1,10,149,50,135
1,11,149,57,135
1,12,149,42,135
1,13,149,51,135
1,14,149,56,135
1,15,149,34,135
1,16,149,46,135
1,17,149,61,135
1,18,149,60,135
1,19,149,45,135
1,20,149,54,135
1,21,149,43,135
1,22,149,33,135
1,23,149,55,135
1,24,149,59,135
1,25,149,48,135
1,26,149,53,135
1,27,149,37,135
1,28,149,23,135
1,29,149,44,135
1,30,149,70,135
1,31,149,62,135
1,32,149,81,135
1,33,149,79,135
1,34,149,85,135
1,35,149,36,135
1,36,149,75,135
1,37,149,68,135
1,38,149,88,135
1,39,149,71,135
1,40,149,63,135
1,41,149,77,135
1,42,149,83,135
1,43,149,87,135
1,44,149,84,135
1,45,149,72,135
1,46,149,65,135
1,47,149,73,135
1,48,149,86,135
1,49,149,17,135
1,50,149,78,135
1,51,149,67,135
1,52,149,76,135
1,53,149,64,135
1,54,149,69,135
1,55,149,66,135
1,56,149,74,135
1,57,149,80,135
1,58,149,163,135
1,59,149,25,135
1,60,149,8,135
1,61,149,12,135
1,62,149,82,135
1,63,149,2,135
1,64,149,151,135
1,65,149,162,135
1,66,149,24,135
1,67,149,30,135
1,68,149,26,135
1,69,149,13,135
1,70,149,7,135
1,71,149,4,135
1,72,149,21,135
1,73,149,10,135
1,74,149,165,135
1,75,149,27,135
1,76,149,152,135
1,77,149,159,135
1,78,149,32,135
1,79,149,11,135
1,80,149,29,135
1,81,149,28,135
1,82,149,16,135
1,83,149,20,135
1,84,149,145,135
1,85,149,164,135
1,86,149,1,135
1,87,149,150,135
1,88,149,142,135
1,89,149,138,135
1,90,149,156,135
1,91,149,161,135
1,92,149,160,135
1,93,149,158,135
1,94,149,136,135
1,95,149,19,135
1,96,149,132,135
1,97,149,9,135
1,98,149,3,135
1,99,149,31,135
1,100,149,144,135
1,101,149,140,135
1,102,149,137,135
1,103,149,22,135
1,104,149,154,135
1,105,149,166,135
1,106,149,121,135
1,107,149,149,135
1,108,149,14,135
1,109,149,155,135
1,110,149,141,135
1,111,149,15,135
1,112,149,139,135
1,113,149,127,135
1,114,149,147,135
1,115,149,122,135
1,116,149,131,135
1,117,149,18,135
1,118,149,120,135
1,119,149,146,135
1,120,149,5,135
1,121,149,110,135
1,122,149,6,135
1,123,149,157,135
1,124,149,130,135
1,125,149,148,135
1,126,149,109,135
1,127,149,126,135
1,128,149,124,135
1,129,149,135,135
1,130,149,153,135
1,131,149,128,135
1,132,149,134,135
1,133,149,123,135
1,134,149,129,135
1,135,149,111,135
1,136,149,125,135
1,137,149,119,135
6,138,149,105,135
6,139,149,143,135
6,140,149,98,135
6,141,149,99,135
6,142,149,90,135
6,143,149,94,135
6,144,149,96,135
6,145,149,93,135
6,146,149,117,135
6,147,149,89,135
6,148,149,107,135
6,149,149,95,135
6,150,149,103,135
6,151,149,108,135
6,152,149,97,135
6,153,149,104,135
6,154,149,114,135
6,155,149,116,135
6,156,149,92,135
6,157,149,91,135
6,158,149,113,135
6,159,149,133,135
6,160,149,112,135
6,161,149,106,135
6,162,149,101,135
6,163,149,100,135
6,164,149,102,135
6,165,149,115,135
6,166,149,118,135
