label,row_new,col_new,row_orig,col_orig
1,1,1,78,5
1,2,1,74,5
1,3,1,76,5
1,4,1,80,5
1,5,1,67,5
1,6,1,69,5
1,7,1,87,5
1,8,1,65,5
1,9,1,118,5
1,10,1,88,5
1,11,1,85,5
1,12,1,81,5
1,13,1,68,5
1,14,1,63,5
1,15,1,104,5
1,16,1,101,5
1,17,1,86,5
1,18,1,82,5
1,19,1,97,5
1,20,1,115,5
1,21,1,75,5
1,22,1,106,5
1,23,1,100,5
1,24,1,133,5
1,25,1,125,5
1,26,1,66,5
1,27,1,114,5
1,28,1,70,5
1,29,1,73,5
1,30,1,84,5
1,31,1,123,5
1,32,1,119,5
1,33,1,116,5
1,34,1,71,5
1,35,1,64,5
1,36,1,112,5
1,37,1,91,5
1,38,1,128,5
1,39,1,92,5
1,40,1,102,5
1,41,1,129,5
1,42,1,134,5
1,43,1,93,5
1,44,1,107,5
1,45,1,90,5
1,46,1,108,5
1,47,1,130,5
1,48,1,83,5
1,49,1,157,5
1,50,1,113,5
1,51,1,94,5
1,52,1,117,5
1,53,1,72,5
1,54,1,126,5
1,55,1,124,5
1,56,1,103,5
1,57,1,79,5
1,58,1,62,5
1,59,1,105,5
1,60,1,96,5
1,61,1,137,5
1,62,1,95,5
1,63,1,135,5
1,64,1,131,5
1,65,1,153,5
1,66,1,132,5
1,67,1,89,5
1,68,1,127,5
1,69,1,121,5
1,70,1,136,5
1,71,1,146,5
1,72,1,6,5
1,73,1,99,5
1,74,1,147,5
1,75,1,141,5
1,76,1,155,5
1,77,1,143,5
1,78,1,148,5
1,79,1,140,5
1,80,1,139,5
1,81,1,77,5
1,82,1,122,5
1,83,1,120,5
1,84,1,154,5
1,85,1,98,5
1,86,1,166,5
1,87,1,165,5
1,88,1,14,5
1,89,1,110,5
1,90,1,18,5
1,91,1,5,5
1,92,1,158,5
1,93,1,164,5
1,94,1,144,5
1,95,1,111,5
1,96,1,149,5
1,97,1,160,5
1,98,1,145,5
1,99,1,15,5
1,100,1,161,5
1,101,1,156,5
1,102,1,9,5
1,103,1,142,5
1,104,1,159,5
1,105,1,109,5
1,106,1,150,5
1,107,1,162,5
1,108,1,31,5
1,109,1,138,5
1,110,1,163,5
1,111,1,151,5
1,112,1,152,5
1,113,1,22,5
1,114,1,3,5
1,115,1,30,5
1,116,1,19,5
1,117,1,29,5
1,118,1,11,5
1,119,1,48,5
1,120,1,10,5
1,121,1,32,5
1,122,1,21,5
1,123,1,16,5
1,124,1,1,5
1,125,1,28,5
1,126,1,20,5
1,127,1,4,5
1,128,1,13,5
1,129,1,24,5
1,130,1,26,5
1,131,1,51,5
1,132,1,43,5
1,133,1,7,5
1,134,1,27,5
1,135,1,44,5
1,136,1,39,5
1,137,1,40,5
1,138,1,50,5
1,139,1,42,5
1,140,1,17,5
1,141,1,2,5
1,142,1,12,5
1,143,1,41,5
1,144,1,49,5
1,145,1,25,5
1,146,1,47,5
1,147,1,46,5
1,148,1,60,5
1,149,1,53,5
1,150,1,8,5
1,151,1,36,5
1,152,1,23,5
1,153,1,35,5
1,154,1,37,5
1,155,1,57,5
1,156,1,34,5
1,157,1,38,5
1,158,1,61,5
1,159,1,55,5
1,160,1,52,5
1,161,1,33,5
1,162,1,56,5
1,163,1,45,5
1,164,1,58,5
1,165,1,54,5
1,166,1,59,5
1,1,2,78,59
1,2,2,74,59
1,3,2,76,59
1,4,2,80,59
1,5,2,67,59
1,6,2,69,59
1,7,2,87,59
1,8,2,65,59
1,9,2,118,59
1,10,2,88,59
1,11,2,85,59
1,12,2,81,59
1,13,2,68,59
1,14,2,63,59
1,15,2,104,59
1,16,2,101,59
1,17,2,86,59
1,18,2,82,59
1,19,2,97,59
1,20,2,115,59
1,21,2,75,59
1,22,2,106,59
1,23,2,100,59
1,24,2,133,59
1,25,2,125,59
1,26,2,66,59
1,27,2,114,59
1,28,2,70,59
1,29,2,73,59
1,30,2,84,59
1,31,2,123,59
1,32,2,119,59
1,33,2,116,59
1,34,2,71,59
1,35,2,64,59
1,36,2,112,59
1,37,2,91,59
1,38,2,128,59
1,39,2,92,59
1,40,2,102,59
1,41,2,129,59
1,42,2,134,59
1,43,2,93,59
1,44,2,107,59
1,45,2,90,59
1,46,2,108,59
1,47,2,130,59
1,48,2,83,59
1,49,2,157,59
1,50,2,113,59
1,51,2,94,59
1,52,2,117,59
1,53,2,72,59
1,54,2,126,59
1,55,2,124,59
1,56,2,103,59
1,57,2,79,59
1,58,2,62,59
1,59,2,105,59
1,60,2,96,59
1,61,2,137,59
1,62,2,95,59
1,63,2,135,59
1,64,2,131,59
1,65,2,153,59
1,66,2,132,59
1,67,2,89,59
1,68,2,127,59
1,69,2,121,59
1,70,2,136,59
1,71,2,146,59
1,72,2,6,59
1,73,2,99,59
1,74,2,147,59
1,75,2,141,59
1,76,2,155,59
1,77,2,143,59
1,78,2,148,59
1,79,2,140,59
1,80,2,139,59
1,81,2,77,59
1,82,2,122,59
1,83,2,120,59
1,84,2,154,59
1,85,2,98,59
1,86,2,166,59
1,87,2,165,59
1,88,2,14,59
1,89,2,110,59
1,90,2,18,59
1,91,2,5,59
1,92,2,158,59
1,93,2,164,59
1,94,2,144,59
1,95,2,111,59
1,96,2,149,59
1,97,2,160,59
1,98,2,145,59
1,99,2,15,59
1,100,2,161,59
1,101,2,156,59
1,102,2,9,59
1,103,2,142,59
1,104,2,159,59
1,105,2,109,59
1,106,2,150,59
1,107,2,162,59
1,108,2,31,59
1,109,2,138,59
1,110,2,163,59
1,111,2,151,59
1,112,2,152,59
1,113,2,22,59
1,114,2,3,59
1,115,2,30,59
1,116,2,19,59
1,117,2,29,59
1,118,2,11,59
1,119,2,48,59
1,120,2,10,59
1,121,2,32,59
1,122,2,21,59
1,123,2,16,59
1,124,2,1,59
1,125,2,28,59
1,126,2,20,59
1,127,2,4,59
1,128,2,13,59
1,129,2,24,59
1,130,2,26,59
1,131,2,51,59
1,132,2,43,59
1,133,2,7,59
1,134,2,27,59
1,135,2,44,59
1,136,2,39,59
1,137,2,40,59
1,138,2,50,59
1,139,2,42,59
1,140,2,17,59
1,141,2,2,59
1,142,2,12,59
1,143,2,41,59
1,144,2,49,59
1,145,2,25,59
1,146,2,47,59
1,147,2,46,59
1,148,2,60,59
1,149,2,53,59
1,150,2,8,59
1,151,2,36,59
1,152,2,23,59
1,153,2,35,59
1,154,2,37,59
1,155,2,57,59
1,156,2,34,59
1,157,2,38,59
1,158,2,61,59
1,159,2,55,59
1,160,2,52,59
1,161,2,33,59
1,162,2,56,59
1,163,2,45,59
1,164,2,58,59
1,165,2,54,59
1,166,2,59,59
1,1,3,78,78
1,2,3,74,78
1,3,3,76,78
1,4,3,80,78
1,5,3,67,78
1,6,3,69,78
1,7,3,87,78
1,8,3,65,78
1,9,3,118,78
1,10,3,88,78
1,11,3,85,78
1,12,3,81,78
1,13,3,68,78
1,14,3,63,78
1,15,3,104,78
1,16,3,101,78
1,17,3,86,78
1,18,3,82,78
1,19,3,97,78
1,20,3,115,78
1,21,3,75,78
1,22,3,106,78
1,23,3,100,78
1,24,3,133,78
1,25,3,125,78
1,26,3,66,78
1,27,3,114,78
1,28,3,70,78
1,29,3,73,78
1,30,3,84,78
1,31,3,123,78
1,32,3,119,78
1,33,3,116,78
1,34,3,71,78
1,35,3,64,78
1,36,3,112,78
1,37,3,91,78
1,38,3,128,78
1,39,3,92,78
1,40,3,102,78
1,41,3,129,78
1,42,3,134,78
1,43,3,93,78
1,44,3,107,78
1,45,3,90,78
1,46,3,108,78
1,47,3,130,78
1,48,3,83,78
1,49,3,157,78
1,50,3,113,78
1,51,3,94,78
1,52,3,117,78
1,53,3,72,78
1,54,3,126,78
1,55,3,124,78
1,56,3,103,78
1,57,3,79,78
1,58,3,62,78
1,59,3,105,78
1,60,3,96,78
1,61,3,137,78
1,62,3,95,78
1,63,3,135,78
1,64,3,131,78
1,65,3,153,78
1,66,3,132,78
1,67,3,89,78
1,68,3,127,78
1,69,3,121,78
1,70,3,136,78
1,71,3,146,78
1,72,3,6,78
1,73,3,99,78
1,74,3,147,78
1,75,3,141,78
1,76,3,155,78
1,77,3,143,78
1,78,3,148,78
1,79,3,140,78
1,80,3,139,78
1,81,3,77,78
1,82,3,122,78
1,83,3,120,78
1,84,3,154,78
1,85,3,98,78
1,86,3,166,78
1,87,3,165,78
1,88,3,14,78
1,89,3,110,78
1,90,3,18,78
1,91,3,5,78
1,92,3,158,78
1,93,3,164,78
1,94,3,144,78
1,95,3,111,78
1,96,3,149,78
1,97,3,160,78
1,98,3,145,78
1,99,3,15,78
1,100,3,161,78
1,101,3,156,78
1,102,3,9,78
1,103,3,142,78
1,104,3,159,78
1,105,3,109,78
1,106,3,150,78
1,107,3,162,78
1,108,3,31,78
1,109,3,138,78
1,110,3,163,78
1,111,3,151,78
1,112,3,152,78
1,113,3,22,78
1,114,3,3,78
1,115,3,30,78
1,116,3,19,78
1,117,3,29,78
1,118,3,11,78
1,119,3,48,78
1,120,3,10,78
1,121,3,32,78
1,122,3,21,78
1,123,3,16,78
1,124,3,1,78
1,125,3,28,78
1,126,3,20,78
1,127,3,4,78
1,128,3,13,78
1,129,3,24,78
1,130,3,26,78
1,131,3,51,78
1,132,3,43,78
1,133,3,7,78
1,134,3,27,78
1,135,3,44,78
1,136,3,39,78
1,137,3,40,78
1,138,3,50,78
1,139,3,42,78
1,140,3,17,78
1,141,3,2,78
1,142,3,12,78
1,143,3,41,78
1,144,3,49,78
1,145,3,25,78
1,146,3,47,78
1,147,3,46,78
1,148,3,60,78
1,149,3,53,78
1,150,3,8,78
1,151,3,36,78
1,152,3,23,78
1,153,3,35,78
1,154,3,37,78
1,155,3,57,78
1,156,3,34,78
1,157,3,38,78
1,158,3,61,78
1,159,3,55,78
1,160,3,52,78
1,161,3,33,78
1,162,3,56,78
1,163,3,45,78
1,164,3,58,78
1,165,3,54,78
1,166,3,59,78
1,1,4,78,12
1,2,4,74,12
1,3,4,76,12
1,4,4,80,12
1,5,4,67,12
1,6,4,69,12
1,7,4,87,12
1,8,4,65,12
1,9,4,118,12
1,10,4,88,12
1,11,4,85,12
1,12,4,81,12
1,13,4,68,12
1,14,4,63,12
1,15,4,104,12
1,16,4,101,12
1,17,4,86,12
1,18,4,82,12
1,19,4,97,12
1,20,4,115,12
1,21,4,75,12
1,22,4,106,12
1,23,4,100,12
1,24,4,133,12
1,25,4,125,12
1,26,4,66,12
1,27,4,114,12
1,28,4,70,12
1,29,4,73,12
1,30,4,84,12
1,31,4,123,12
1,32,4,119,12
1,33,4,116,12
1,34,4,71,12
1,35,4,64,12
1,36,4,112,12
1,37,4,91,12
1,38,4,128,12
1,39,4,92,12
1,40,4,102,12
1,41,4,129,12
1,42,4,134,12
1,43,4,93,12
1,44,4,107,12
1,45,4,90,12
1,46,4,108,12
1,47,4,130,12
1,48,4,83,12
1,49,4,157,12
1,50,4,113,12
1,51,4,94,12
1,52,4,117,12
1,53,4,72,12
1,54,4,126,12
1,55,4,124,12
1,56,4,103,12
1,57,4,79,12
1,58,4,62,12
1,59,4,105,12
1,60,4,96,12
1,61,4,137,12
1,62,4,95,12
1,63,4,135,12
1,64,4,131,12
1,65,4,153,12
1,66,4,132,12
1,67,4,89,12
1,68,4,127,12
1,69,4,121,12
1,70,4,136,12
1,71,4,146,12
1,72,4,6,12
1,73,4,99,12
1,74,4,147,12
1,75,4,141,12
1,76,4,155,12
1,77,4,143,12
1,78,4,148,12
1,79,4,140,12
1,80,4,139,12
1,81,4,77,12
1,82,4,122,12
1,83,4,120,12
1,84,4,154,12
1,85,4,98,12
1,86,4,166,12
1,87,4,165,12
1,88,4,14,12
1,89,4,110,12
1,90,4,18,12
1,91,4,5,12
1,92,4,158,12
1,93,4,164,12
1,94,4,144,12
1,95,4,111,12
1,96,4,149,12
1,97,4,160,12
1,98,4,145,12
1,99,4,15,12
1,100,4,161,12
1,101,4,156,12
1,102,4,9,12
1,103,4,142,12
1,104,4,159,12
1,105,4,109,12
1,106,4,150,12
1,107,4,162,12
1,108,4,31,12
1,109,4,138,12
1,110,4,163,12
1,111,4,151,12
1,112,4,152,12
1,113,4,22,12
1,114,4,3,12
1,115,4,30,12
1,116,4,19,12
1,117,4,29,12
1,118,4,11,12
1,119,4,48,12
1,120,4,10,12
1,121,4,32,12
1,122,4,21,12
1,123,4,16,12
1,124,4,1,12
1,125,4,28,12
1,126,4,20,12
1,127,4,4,12
1,128,4,13,12
1,129,4,24,12
1,130,4,26,12
1,131,4,51,12
1,132,4,43,12
1,133,4,7,12
1,134,4,27,12
1,135,4,44,12
1,136,4,39,12
1,137,4,40,12
1,138,4,50,12
1,139,4,42,12
1,140,4,17,12
1,141,4,2,12
1,142,4,12,12
1,143,4,41,12
1,144,4,49,12
1,145,4,25,12
1,146,4,47,12
1,147,4,46,12
1,148,4,60,12
1,149,4,53,12
1,150,4,8,12
1,151,4,36,12
1,152,4,23,12
1,153,4,35,12
1,154,4,37,12
1,155,4,57,12
1,156,4,34,12
1,157,4,38,12
1,158,4,61,12
1,159,4,55,12
1,160,4,52,12
1,161,4,33,12
1,162,4,56,12
1,163,4,45,12
1,164,4,58,12
1,165,4,54,12
1,166,4,59,12
1,1,5,78,111
1,2,5,74,111
1,3,5,76,111
1,4,5,80,111
1,5,5,67,111
1,6,5,69,111
1,7,5,87,111
1,8,5,65,111
1,9,5,118,111
1,10,5,88,111
1,11,5,85,111
1,12,5,81,111
1,13,5,68,111
1,14,5,63,111
1,15,5,104,111
1,16,5,101,111
1,17,5,86,111
1,18,5,82,111
1,19,5,97,111
1,20,5,115,111
1,21,5,75,111
1,22,5,106,111
1,23,5,100,111
1,24,5,133,111
1,25,5,125,111
1,26,5,66,111
1,27,5,114,111
1,28,5,70,111
1,29,5,73,111
1,30,5,84,111
1,31,5,123,111
1,32,5,119,111
1,33,5,116,111
1,34,5,71,111
1,35,5,64,111
1,36,5,112,111
1,37,5,91,111
1,38,5,128,111
1,39,5,92,111
1,40,5,102,111
1,41,5,129,111
1,42,5,134,111
1,43,5,93,111
1,44,5,107,111
1,45,5,90,111
1,46,5,108,111
1,47,5,130,111
1,48,5,83,111
1,49,5,157,111
1,50,5,113,111
1,51,5,94,111
1,52,5,117,111
1,53,5,72,111
1,54,5,126,111
1,55,5,124,111
1,56,5,103,111
1,57,5,79,111
1,58,5,62,111
1,59,5,105,111
1,60,5,96,111
1,61,5,137,111
1,62,5,95,111
1,63,5,135,111
1,64,5,131,111
1,65,5,153,111
1,66,5,132,111
1,67,5,89,111
1,68,5,127,111
1,69,5,121,111
1,70,5,136,111
1,71,5,146,111
1,72,5,6,111
1,73,5,99,111
1,74,5,147,111
1,75,5,141,111
1,76,5,155,111
1,77,5,143,111
1,78,5,148,111
1,79,5,140,111
1,80,5,139,111
1,81,5,77,111
1,82,5,122,111
1,83,5,120,111
1,84,5,154,111
1,85,5,98,111
1,86,5,166,111
1,87,5,165,111
1,88,5,14,111
1,89,5,110,111
1,90,5,18,111
1,91,5,5,111
1,92,5,158,111
1,93,5,164,111
1,94,5,144,111
1,95,5,111,111
1,96,5,149,111
1,97,5,160,111
1,98,5,145,111
1,99,5,15,111
1,100,5,161,111
1,101,5,156,111
1,102,5,9,111
1,103,5,142,111
1,104,5,159,111
1,105,5,109,111
1,106,5,150,111
1,107,5,162,111
1,108,5,31,111
1,109,5,138,111
1,110,5,163,111
1,111,5,151,111
1,112,5,152,111
1,113,5,22,111
1,114,5,3,111
1,115,5,30,111
1,116,5,19,111
1,117,5,29,111
1,118,5,11,111
1,119,5,48,111
1,120,5,10,111
1,121,5,32,111
1,122,5,21,111
1,123,5,16,111
1,124,5,1,111
1,125,5,28,111
1,126,5,20,111
1,127,5,4,111
1,128,5,13,111
1,129,5,24,111
1,130,5,26,111
1,131,5,51,111
1,132,5,43,111
1,133,5,7,111
1,134,5,27,111
1,135,5,44,111
1,136,5,39,111
1,137,5,40,111
1,138,5,50,111
1,139,5,42,111
1,140,5,17,111
1,141,5,2,111
1,142,5,12,111
1,143,5,41,111
1,144,5,49,111
1,145,5,25,111
1,146,5,47,111
1,147,5,46,111
1,148,5,60,111
1,149,5,53,111
1,150,5,8,111
1,151,5,36,111
1,152,5,23,111
1,153,5,35,111
1,154,5,37,111
1,155,5,57,111
1,156,5,34,111
1,157,5,38,111
1,158,5,61,111
1,159,5,55,111
1,160,5,52,111
1,161,5,33,111
1,162,5,56,111
1,163,5,45,111
1,164,5,58,111
1,165,5,54,111
1,166,5,59,111
1,1,6,78,99
1,2,6,74,99
1,3,6,76,99
1,4,6,80,99
1,5,6,67,99
1,6,6,69,99
1,7,6,87,99
1,8,6,65,99
1,9,6,118,99
1,10,6,88,99
1,11,6,85,99
1,12,6,81,99
1,13,6,68,99
1,14,6,63,99
1,15,6,104,99
1,16,6,101,99
1,17,6,86,99
1,18,6,82,99
1,19,6,97,99
1,20,6,115,99
1,21,6,75,99
1,22,6,106,99
1,23,6,100,99
1,24,6,133,99
1,25,6,125,99
1,26,6,66,99
1,27,6,114,99
1,28,6,70,99
1,29,6,73,99
1,30,6,84,99
1,31,6,123,99
1,32,6,119,99
1,33,6,116,99
1,34,6,71,99
1,35,6,64,99
1,36,6,112,99
1,37,6,91,99
1,38,6,128,99
1,39,6,92,99
1,40,6,102,99
1,41,6,129,99
1,42,6,134,99
1,43,6,93,99
1,44,6,107,99
1,45,6,90,99
1,46,6,108,99
1,47,6,130,99
1,48,6,83,99
1,49,6,157,99
1,50,6,113,99
1,51,6,94,99
1,52,6,117,99
1,53,6,72,99
1,54,6,126,99
1,55,6,124,99
1,56,6,103,99
1,57,6,79,99
1,58,6,62,99
1,59,6,105,99
1,60,6,96,99
1,61,6,137,99
1,62,6,95,99
1,63,6,135,99
1,64,6,131,99
1,65,6,153,99
1,66,6,132,99
1,67,6,89,99
1,68,6,127,99
1,69,6,121,99
1,70,6,136,99
1,71,6,146,99
1,72,6,6,99
1,73,6,99,99
1,74,6,147,99
1,75,6,141,99
1,76,6,155,99
1,77,6,143,99
1,78,6,148,99
1,79,6,140,99
1,80,6,139,99
1,81,6,77,99
1,82,6,122,99
1,83,6,120,99
1,84,6,154,99
1,85,6,98,99
1,86,6,166,99
1,87,6,165,99
1,88,6,14,99
1,89,6,110,99
1,90,6,18,99
1,91,6,5,99
1,92,6,158,99
1,93,6,164,99
1,94,6,144,99
1,95,6,111,99
1,96,6,149,99
1,97,6,160,99
1,98,6,145,99
1,99,6,15,99
1,100,6,161,99
1,101,6,156,99
1,102,6,9,99
1,103,6,142,99
1,104,6,159,99
1,105,6,109,99
1,106,6,150,99
1,107,6,162,99
1,108,6,31,99
1,109,6,138,99
1,110,6,163,99
1,111,6,151,99
1,112,6,152,99
1,113,6,22,99
1,114,6,3,99
1,115,6,30,99
1,116,6,19,99
1,117,6,29,99
1,118,6,11,99
1,119,6,48,99
1,120,6,10,99
1,121,6,32,99
1,122,6,21,99
1,123,6,16,99
1,124,6,1,99
1,125,6,28,99
1,126,6,20,99
1,127,6,4,99
1,128,6,13,99
1,129,6,24,99
1,130,6,26,99
1,131,6,51,99
1,132,6,43,99
1,133,6,7,99
1,134,6,27,99
1,135,6,44,99
1,136,6,39,99
1,137,6,40,99
1,138,6,50,99
1,139,6,42,99
1,140,6,17,99
1,141,6,2,99
1,142,6,12,99
1,143,6,41,99
1,144,6,49,99
1,145,6,25,99
1,146,6,47,99
1,147,6,46,99
1,148,6,60,99
1,149,6,53,99
1,150,6,8,99
1,151,6,36,99
1,152,6,23,99
1,153,6,35,99
1,154,6,37,99
1,155,6,57,99
1,156,6,34,99
1,157,6,38,99
1,158,6,61,99
1,159,6,55,99
1,160,6,52,99
1,161,6,33,99
1,162,6,56,99
1,163,6,45,99
1,164,6,58,99
1,165,6,54,99
1,166,6,59,99
1,1,7,78,86
1,2,7,74,86
1,3,7,76,86
1,4,7,80,86
1,5,7,67,86
1,6,7,69,86
1,7,7,87,86
1,8,7,65,86
1,9,7,118,86
1,10,7,88,86
1,11,7,85,86
1,12,7,81,86
1,13,7,68,86
1,14,7,63,86
1,15,7,104,86
1,16,7,101,86
1,17,7,86,86
1,18,7,82,86
1,19,7,97,86
1,20,7,115,86
1,21,7,75,86
1,22,7,106,86
1,23,7,100,86
1,24,7,133,86
1,25,7,125,86
1,26,7,66,86
1,27,7,114,86
1,28,7,70,86
1,29,7,73,86
1,30,7,84,86
1,31,7,123,86
1,32,7,119,86
1,33,7,116,86
1,34,7,71,86
1,35,7,64,86
1,36,7,112,86
1,37,7,91,86
1,38,7,128,86
1,39,7,92,86
1,40,7,102,86
1,41,7,129,86
1,42,7,134,86
1,43,7,93,86
1,44,7,107,86
1,45,7,90,86
1,46,7,108,86
1,47,7,130,86
1,48,7,83,86
1,49,7,157,86
1,50,7,113,86
1,51,7,94,86
1,52,7,117,86
1,53,7,72,86
1,54,7,126,86
1,55,7,124,86
1,56,7,103,86
1,57,7,79,86
1,58,7,62,86
1,59,7,105,86
1,60,7,96,86
1,61,7,137,86
1,62,7,95,86
1,63,7,135,86
1,64,7,131,86
1,65,7,153,86
1,66,7,132,86
1,67,7,89,86
1,68,7,127,86
1,69,7,121,86
1,70,7,136,86
1,71,7,146,86
1,72,7,6,86
1,73,7,99,86
1,74,7,147,86
1,75,7,141,86
1,76,7,155,86
1,77,7,143,86
1,78,7,148,86
1,79,7,140,86
1,80,7,139,86
1,81,7,77,86
1,82,7,122,86
1,83,7,120,86
1,84,7,154,86
1,85,7,98,86
1,86,7,166,86
1,87,7,165,86
1,88,7,14,86
1,89,7,110,86
1,90,7,18,86
1,91,7,5,86
1,92,7,158,86
1,93,7,164,86
1,94,7,144,86
1,95,7,111,86
1,96,7,149,86
1,97,7,160,86
1,98,7,145,86
1,99,7,15,86
1,100,7,161,86
1,101,7,156,86
1,102,7,9,86
1,103,7,142,86
1,104,7,159,86
1,105,7,109,86
1,106,7,150,86
1,107,7,162,86
1,108,7,31,86
1,109,7,138,86
1,110,7,163,86
1,111,7,151,86
1,112,7,152,86
1,113,7,22,86
1,114,7,3,86
1,115,7,30,86
1,116,7,19,86
1,117,7,29,86
1,118,7,11,86
1,119,7,48,86
1,120,7,10,86
1,121,7,32,86
1,122,7,21,86
1,123,7,16,86
1,124,7,1,86
1,125,7,28,86
1,126,7,20,86
1,127,7,4,86
1,128,7,13,86
1,129,7,24,86
1,130,7,26,86
1,131,7,51,86
1,132,7,43,86
1,133,7,7,86
1,134,7,27,86
1,135,7,44,86
1,136,7,39,86
1,137,7,40,86
1,138,7,50,86
1,139,7,42,86
1,140,7,17,86
1,141,7,2,86
1,142,7,12,86
1,143,7,41,86
1,144,7,49,86
1,145,7,25,86
1,146,7,47,86
1,147,7,46,86
1,148,7,60,86
1,149,7,53,86
1,150,7,8,86
1,151,7,36,86
1,152,7,23,86
1,153,7,35,86
1,154,7,37,86
1,155,7,57,86
1,156,7,34,86
1,157,7,38,86
1,158,7,61,86
1,159,7,55,86
1,160,7,52,86
1,161,7,33,86
1,162,7,56,86
1,163,7,45,86
1,164,7,58,86
1,165,7,54,86
1,166,7,59,86
1,1,8,78,72
1,2,8,74,72
1,3,8,76,72
1,4,8,80,72
1,5,8,67,72
1,6,8,69,72
1,7,8,87,72
1,8,8,65,72
1,9,8,118,72
1,10,8,88,72
1,11,8,85,72
1,12,8,81,72
1,13,8,68,72
1,14,8,63,72
1,15,8,104,72
1,16,8,101,72
1,17,8,86,72
1,18,8,82,72
1,19,8,97,72
1,20,8,115,72
1,21,8,75,72
1,22,8,106,72
1,23,8,100,72
1,24,8,133,72
1,25,8,125,72
1,26,8,66,72
1,27,8,114,72
1,28,8,70,72
1,29,8,73,72
1,30,8,84,72
1,31,8,123,72
1,32,8,119,72
1,33,8,116,72
1,34,8,71,72
1,35,8,64,72
1,36,8,112,72
1,37,8,91,72
1,38,8,128,72
1,39,8,92,72
1,40,8,102,72
1,41,8,129,72
1,42,8,134,72
1,43,8,93,72
1,44,8,107,72
1,45,8,90,72
1,46,8,108,72
1,47,8,130,72
1,48,8,83,72
1,49,8,157,72
1,50,8,113,72
1,51,8,94,72
1,52,8,117,72
1,53,8,72,72
1,54,8,126,72
1,55,8,124,72
1,56,8,103,72
1,57,8,79,72
1,58,8,62,72
1,59,8,105,72
1,60,8,96,72
1,61,8,137,72
1,62,8,95,72
1,63,8,135,72
1,64,8,131,72
1,65,8,153,72
1,66,8,132,72
1,67,8,89,72
1,68,8,127,72
1,69,8,121,72
1,70,8,136,72
1,71,8,146,72
1,72,8,6,72
1,73,8,99,72
1,74,8,147,72
1,75,8,141,72
1,76,8,155,72
1,77,8,143,72
1,78,8,148,72
1,79,8,140,72
1,80,8,139,72
1,81,8,77,72
1,82,8,122,72
1,83,8,120,72
1,84,8,154,72
1,85,8,98,72
1,86,8,166,72
1,87,8,165,72
1,88,8,14,72
1,89,8,110,72
1,90,8,18,72
1,91,8,5,72
1,92,8,158,72
1,93,8,164,72
1,94,8,144,72
1,95,8,111,72
1,96,8,149,72
1,97,8,160,72
1,98,8,145,72
1,99,8,15,72
1,100,8,161,72
1,101,8,156,72
1,102,8,9,72
1,103,8,142,72
1,104,8,159,72
1,105,8,109,72
1,106,8,150,72
1,107,8,162,72
1,108,8,31,72
1,109,8,138,72
1,110,8,163,72
1,111,8,151,72
1,112,8,152,72
1,113,8,22,72
1,114,8,3,72
1,115,8,30,72
1,116,8,19,72
1,117,8,29,72
1,118,8,11,72
1,119,8,48,72
1,120,8,10,72
1,121,8,32,72
1,122,8,21,72
1,123,8,16,72
1,124,8,1,72
1,125,8,28,72
1,126,8,20,72
1,127,8,4,72
1,128,8,13,72
1,129,8,24,72
1,130,8,26,72
1,131,8,51,72
1,132,8,43,72
1,133,8,7,72
1,134,8,27,72
1,135,8,44,72
1,136,8,39,72
1,137,8,40,72
1,138,8,50,72
1,139,8,42,72
1,140,8,17,72
1,141,8,2,72
1,142,8,12,72
1,143,8,41,72
1,144,8,49,72
1,145,8,25,72
1,146,8,47,72
1,147,8,46,72
1,148,8,60,72
1,149,8,53,72
1,150,8,8,72
1,151,8,36,72
1,152,8,23,72
1,153,8,35,72
1,154,8,37,72
1,155,8,57,72
1,156,8,34,72
1,157,8,38,72
1,158,8,61,72
1,159,8,55,72
1,160,8,52,72
1,161,8,33,72
1,162,8,56,72
1,163,8,45,72
1,164,8,58,72
1,165,8,54,72
1,166,8,59,72
1,1,9,78,9
1,2,9,74,9
1,3,9,76,9
1,4,9,80,9
1,5,9,67,9
1,6,9,69,9
1,7,9,87,9
1,8,9,65,9
1,9,9,118,9
1,10,9,88,9
1,11,9,85,9
1,12,9,81,9
1,13,9,68,9
1,14,9,63,9
1,15,9,104,9
1,16,9,101,9
1,17,9,86,9
1,18,9,82,9
1,19,9,97,9
1,20,9,115,9
1,21,9,75,9
1,22,9,106,9
1,23,9,100,9
1,24,9,133,9
1,25,9,125,9
1,26,9,66,9
1,27,9,114,9
1,28,9,70,9
1,29,9,73,9
1,30,9,84,9
1,31,9,123,9
1,32,9,119,9
1,33,9,116,9
1,34,9,71,9
1,35,9,64,9
1,36,9,112,9
1,37,9,91,9
1,38,9,128,9
1,39,9,92,9
1,40,9,102,9
1,41,9,129,9
1,42,9,134,9
1,43,9,93,9
1,44,9,107,9
1,45,9,90,9
1,46,9,108,9
1,47,9,130,9
1,48,9,83,9
1,49,9,157,9
1,50,9,113,9
1,51,9,94,9
1,52,9,117,9
1,53,9,72,9
1,54,9,126,9
1,55,9,124,9
1,56,9,103,9
1,57,9,79,9
1,58,9,62,9
1,59,9,105,9
1,60,9,96,9
1,61,9,137,9
1,62,9,95,9
1,63,9,135,9
1,64,9,131,9
1,65,9,153,9
1,66,9,132,9
1,67,9,89,9
1,68,9,127,9
1,69,9,121,9
1,70,9,136,9
1,71,9,146,9
1,72,9,6,9
1,73,9,99,9
1,74,9,147,9
1,75,9,141,9
1,76,9,155,9
1,77,9,143,9
1,78,9,148,9
1,79,9,140,9
1,80,9,139,9
1,81,9,77,9
1,82,9,122,9
1,83,9,120,9
1,84,9,154,9
1,85,9,98,9
1,86,9,166,9
1,87,9,165,9
1,88,9,14,9
1,89,9,110,9
1,90,9,18,9
1,91,9,5,9
1,92,9,158,9
1,93,9,164,9
1,94,9,144,9
1,95,9,111,9
1,96,9,149,9
1,97,9,160,9
1,98,9,145,9
1,99,9,15,9
1,100,9,161,9
1,101,9,156,9
1,102,9,9,9
1,103,9,142,9
1,104,9,159,9
1,105,9,109,9
1,106,9,150,9
1,107,9,162,9
1,108,9,31,9
1,109,9,138,9
1,110,9,163,9
1,111,9,151,9
1,112,9,152,9
1,113,9,22,9
1,114,9,3,9
1,115,9,30,9
1,116,9,19,9
1,117,9,29,9
1,118,9,11,9
1,119,9,48,9
1,120,9,10,9
1,121,9,32,9
1,122,9,21,9
1,123,9,16,9
1,124,9,1,9
1,125,9,28,9
1,126,9,20,9
1,127,9,4,9
1,128,9,13,9
1,129,9,24,9
1,130,9,26,9
1,131,9,51,9
1,132,9,43,9
1,133,9,7,9
1,134,9,27,9
1,135,9,44,9
1,136,9,39,9
1,137,9,40,9
1,138,9,50,9
1,139,9,42,9
1,140,9,17,9
1,141,9,2,9
1,142,9,12,9
1,143,9,41,9
1,144,9,49,9
1,145,9,25,9
1,146,9,47,9
1,147,9,46,9
1,148,9,60,9
1,149,9,53,9
1,150,9,8,9
1,151,9,36,9
1,152,9,23,9
1,153,9,35,9
1,154,9,37,9
1,155,9,57,9
1,156,9,34,9
1,157,9,38,9
1,158,9,61,9
1,159,9,55,9
1,160,9,52,9
1,161,9,33,9
1,162,9,56,9
1,163,9,45,9
1,164,9,58,9
1,165,9,54,9
1,166,9,59,9
1,1,10,78,32
1,2,10,74,32
1,3,10,76,32
1,4,10,80,32
1,5,10,67,32
1,6,10,69,32
1,7,10,87,32
1,8,10,65,32
1,9,10,118,32
1,10,10,88,32
1,11,10,85,32
1,12,10,81,32
1,13,10,68,32
1,14,10,63,32
1,15,10,104,32
1,16,10,101,32
1,17,10,86,32
1,18,10,82,32
1,19,10,97,32
1,20,10,115,32
1,21,10,75,32
1,22,10,106,32
1,23,10,100,32
1,24,10,133,32
1,25,10,125,32
1,26,10,66,32
1,27,10,114,32
1,28,10,70,32
1,29,10,73,32
1,30,10,84,32
1,31,10,123,32
1,32,10,119,32
1,33,10,116,32
1,34,10,71,32
1,35,10,64,32
1,36,10,112,32
1,37,10,91,32
1,38,10,128,32
1,39,10,92,32
1,40,10,102,32
1,41,10,129,32
1,42,10,134,32
1,43,10,93,32
1,44,10,107,32
1,45,10,90,32
1,46,10,108,32
1,47,10,130,32
1,48,10,83,32
1,49,10,157,32
1,50,10,113,32
1,51,10,94,32
1,52,10,117,32
1,53,10,72,32
1,54,10,126,32
1,55,10,124,32
1,56,10,103,32
1,57,10,79,32
1,58,10,62,32
1,59,10,105,32
1,60,10,96,32
1,61,10,137,32
1,62,10,95,32
1,63,10,135,32
1,64,10,131,32
1,65,10,153,32
1,66,10,132,32
1,67,10,89,32
1,68,10,127,32
1,69,10,121,32
1,70,10,136,32
1,71,10,146,32
1,72,10,6,32
1,73,10,99,32
1,74,10,147,32
1,75,10,141,32
1,76,10,155,32
1,77,10,143,32
1,78,10,148,32
1,79,10,140,32
1,80,10,139,32
1,81,10,77,32
1,82,10,122,32
1,83,10,120,32
1,84,10,154,32
1,85,10,98,32
1,86,10,166,32
1,87,10,165,32
1,88,10,14,32
1,89,10,110,32
1,90,10,18,32
1,91,10,5,32
1,92,10,158,32
1,93,10,164,32
1,94,10,144,32
1,95,10,111,32
1,96,10,149,32
1,97,10,160,32
1,98,10,145,32
1,99,10,15,32
1,100,10,161,32
1,101,10,156,32
1,102,10,9,32
1,103,10,142,32
1,104,10,159,32
1,105,10,109,32
1,106,10,150,32
1,107,10,162,32
1,108,10,31,32
1,109,10,138,32
1,110,10,163,32
1,111,10,151,32
1,112,10,152,32
1,113,10,22,32
1,114,10,3,32
1,115,10,30,32
1,116,10,19,32
1,117,10,29,32
1,118,10,11,32
1,119,10,48,32
1,120,10,10,32
1,121,10,32,32
1,122,10,21,32
1,123,10,16,32
1,124,10,1,32
1,125,10,28,32
1,126,10,20,32
1,127,10,4,32
1,128,10,13,32
1,129,10,24,32
1,130,10,26,32
1,131,10,51,32
1,132,10,43,32
1,133,10,7,32
1,134,10,27,32
1,135,10,44,32
1,136,10,39,32
1,137,10,40,32
1,138,10,50,32
1,139,10,42,32
1,140,10,17,32
1,141,10,2,32
1,142,10,12,32
1,143,10,41,32
1,144,10,49,32
1,145,10,25,32
1,146,10,47,32
1,147,10,46,32
1,148,10,60,32
1,149,10,53,32
1,150,10,8,32
1,151,10,36,32
1,152,10,23,32
1,153,10,35,32
1,154,10,37,32
1,155,10,57,32
1,156,10,34,32
1,157,10,38,32
1,158,10,61,32
1,159,10,55,32
1,160,10,52,32
1,161,10,33,32
1,162,10,56,32
1,163,10,45,32
1,164,10,58,32
1,165,10,54,32
1,166,10,59,32
1,1,11,78,141
1,2,11,74,141
1,3,11,76,141
1,4,11,80,141
1,5,11,67,141
1,6,11,69,141
1,7,11,87,141
1,8,11,65,141
1,9,11,118,141
1,10,11,88,141
1,11,11,85,141
1,12,11,81,141
1,13,11,68,141
1,14,11,63,141
1,15,11,104,141
1,16,11,101,141
1,17,11,86,141
1,18,11,82,141
1,19,11,97,141
1,20,11,115,141
1,21,11,75,141
1,22,11,106,141
1,23,11,100,141
1,24,11,133,141
1,25,11,125,141
1,26,11,66,141
1,27,11,114,141
1,28,11,70,141
1,29,11,73,141
1,30,11,84,141
1,31,11,123,141
1,32,11,119,141
1,33,11,116,141
1,34,11,71,141
1,35,11,64,141
1,36,11,112,141
1,37,11,91,141
1,38,11,128,141
1,39,11,92,141
1,40,11,102,141
1,41,11,129,141
1,42,11,134,141
1,43,11,93,141
1,44,11,107,141
1,45,11,90,141
1,46,11,108,141
1,47,11,130,141
1,48,11,83,141
1,49,11,157,141
1,50,11,113,141
1,51,11,94,141
1,52,11,117,141
1,53,11,72,141
1,54,11,126,141
1,55,11,124,141
1,56,11,103,141
1,57,11,79,141
1,58,11,62,141
1,59,11,105,141
1,60,11,96,141
1,61,11,137,141
1,62,11,95,141
1,63,11,135,141
1,64,11,131,141
1,65,11,153,141
1,66,11,132,141
1,67,11,89,141
1,68,11,127,141
1,69,11,121,141
1,70,11,136,141
1,71,11,146,141
1,72,11,6,141
1,73,11,99,141
1,74,11,147,141
1,75,11,141,141
1,76,11,155,141
1,77,11,143,141
1,78,11,148,141
1,79,11,140,141
1,80,11,139,141
1,81,11,77,141
1,82,11,122,141
1,83,11,120,141
1,84,11,154,141
1,85,11,98,141
1,86,11,166,141
1,87,11,165,141
1,88,11,14,141
1,89,11,110,141
1,90,11,18,141
1,91,11,5,141
1,92,11,158,141
1,93,11,164,141
1,94,11,144,141
1,95,11,111,141
1,96,11,149,141
1,97,11,160,141
1,98,11,145,141
1,99,11,15,141
1,100,11,161,141
1,101,11,156,141
1,102,11,9,141
1,103,11,142,141
1,104,11,159,141
1,105,11,109,141
1,106,11,150,141
1,107,11,162,141
1,108,11,31,141
1,109,11,138,141
1,110,11,163,141
1,111,11,151,141
1,112,11,152,141
1,113,11,22,141
1,114,11,3,141
1,115,11,30,141
1,116,11,19,141
1,117,11,29,141
1,118,11,11,141
1,119,11,48,141
1,120,11,10,141
1,121,11,32,141
1,122,11,21,141
1,123,11,16,141
1,124,11,1,141
1,125,11,28,141
1,126,11,20,141
1,127,11,4,141
1,128,11,13,141
1,129,11,24,141
1,130,11,26,141
1,131,11,51,141
1,132,11,43,141
1,133,11,7,141
1,134,11,27,141
1,135,11,44,141
1,136,11,39,141
1,137,11,40,141
1,138,11,50,141
1,139,11,42,141
1,140,11,17,141
1,141,11,2,141
1,142,11,12,141
1,143,11,41,141
1,144,11,49,141
1,145,11,25,141
1,146,11,47,141
1,147,11,46,141
1,148,11,60,141
1,149,11,53,141
1,150,11,8,141
1,151,11,36,141
1,152,11,23,141
1,153,11,35,141
1,154,11,37,141
1,155,11,57,141
1,156,11,34,141
1,157,11,38,141
1,158,11,61,141
1,159,11,55,141
1,160,11,52,141
1,161,11,33,141
1,162,11,56,141
1,163,11,45,141
1,164,11,58,141
1,165,11,54,141
1,166,11,59,141
1,1,12,78,96
1,2,12,74,96
1,3,12,76,96
1,4,12,80,96
1,5,12,67,96
1,6,12,69,96
1,7,12,87,96
1,8,12,65,96
1,9,12,118,96
1,10,12,88,96
1,11,12,85,96
1,12,12,81,96
1,13,12,68,96
1,14,12,63,96
1,15,12,104,96
1,16,12,101,96
1,17,12,86,96
1,18,12,82,96
1,19,12,97,96
1,20,12,115,96
1,21,12,75,96
1,22,12,106,96
1,23,12,100,96
1,24,12,133,96
1,25,12,125,96
1,26,12,66,96
1,27,12,114,96
1,28,12,70,96
1,29,12,73,96
1,30,12,84,96
1,31,12,123,96
1,32,12,119,96
1,33,12,116,96
1,34,12,71,96
1,35,12,64,96
1,36,12,112,96
1,37,12,91,96
1,38,12,128,96
1,39,12,92,96
1,40,12,102,96
1,41,12,129,96
1,42,12,134,96
1,43,12,93,96
1,44,12,107,96
1,45,12,90,96
1,46,12,108,96
1,47,12,130,96
1,48,12,83,96
1,49,12,157,96
1,50,12,113,96
1,51,12,94,96
1,52,12,117,96
1,53,12,72,96
1,54,12,126,96
1,55,12,124,96
1,56,12,103,96
1,57,12,79,96
1,58,12,62,96
1,59,12,105,96
1,60,12,96,96
1,61,12,137,96
1,62,12,95,96
1,63,12,135,96
1,64,12,131,96
1,65,12,153,96
1,66,12,132,96
1,67,12,89,96
1,68,12,127,96
1,69,12,121,96
1,70,12,136,96
1,71,12,146,96
1,72,12,6,96
1,73,12,99,96
1,74,12,147,96
1,75,12,141,96
1,76,12,155,96
1,77,12,143,96
1,78,12,148,96
1,79,12,140,96
1,80,12,139,96
1,81,12,77,96
1,82,12,122,96
1,83,12,120,96
1,84,12,154,96
1,85,12,98,96
1,86,12,166,96
1,87,12,165,96
1,88,12,14,96
1,89,12,110,96
1,90,12,18,96
1,91,12,5,96
1,92,12,158,96
1,93,12,164,96
1,94,12,144,96
1,95,12,111,96
1,96,12,149,96
1,97,12,160,96
1,98,12,145,96
1,99,12,15,96
1,100,12,161,96
1,101,12,156,96
1,102,12,9,96
1,103,12,142,96
1,104,12,159,96
1,105,12,109,96
1,106,12,150,96
1,107,12,162,96
1,108,12,31,96
1,109,12,138,96
1,110,12,163,96
1,111,12,151,96
1,112,12,152,96
1,113,12,22,96
1,114,12,3,96
1,115,12,30,96
1,116,12,19,96
1,117,12,29,96
1,118,12,11,96
1,119,12,48,96
1,120,12,10,96
1,121,12,32,96
1,122,12,21,96
1,123,12,16,96
1,124,12,1,96
1,125,12,28,96
1,126,12,20,96
1,127,12,4,96
1,128,12,13,96
1,129,12,24,96
1,130,12,26,96
1,131,12,51,96
1,132,12,43,96
1,133,12,7,96
1,134,12,27,96
1,135,12,44,96
1,136,12,39,96
1,137,12,40,96
1,138,12,50,96
1,139,12,42,96
1,140,12,17,96
1,141,12,2,96
1,142,12,12,96
1,143,12,41,96
1,144,12,49,96
1,145,12,25,96
1,146,12,47,96
1,147,12,46,96
1,148,12,60,96
1,149,12,53,96
1,150,12,8,96
1,151,12,36,96
1,152,12,23,96
1,153,12,35,96
1,154,12,37,96
1,155,12,57,96
1,156,12,34,96
1,157,12,38,96
1,158,12,61,96
1,159,12,55,96
1,160,12,52,96
1,161,12,33,96
1,162,12,56,96
1,163,12,45,96
1,164,12,58,96
1,165,12,54,96
1,166,12,59,96
1,1,13,78,50
1,2,13,74,50
1,3,13,76,50
1,4,13,80,50
1,5,13,67,50
1,6,13,69,50
1,7,13,87,50
1,8,13,65,50
1,9,13,118,50
1,10,13,88,50
1,11,13,85,50
1,12,13,81,50
1,13,13,68,50
1,14,13,63,50
1,15,13,104,50
1,16,13,101,50
1,17,13,86,50
1,18,13,82,50
1,19,13,97,50
1,20,13,115,50
1,21,13,75,50
1,22,13,106,50
1,23,13,100,50
1,24,13,133,50
1,25,13,125,50
1,26,13,66,50
1,27,13,114,50
1,28,13,70,50
1,29,13,73,50
1,30,13,84,50
1,31,13,123,50
1,32,13,119,50
1,33,13,116,50
1,34,13,71,50
1,35,13,64,50
1,36,13,112,50
1,37,13,91,50
1,38,13,128,50
1,39,13,92,50
1,40,13,102,50
1,41,13,129,50
1,42,13,134,50
1,43,13,93,50
1,44,13,107,50
1,45,13,90,50
1,46,13,108,50
1,47,13,130,50
1,48,13,83,50
1,49,13,157,50
1,50,13,113,50
1,51,13,94,50
1,52,13,117,50
1,53,13,72,50
1,54,13,126,50
1,55,13,124,50
1,56,13,103,50
1,57,13,79,50
1,58,13,62,50
1,59,13,105,50
1,60,13,96,50
1,61,13,137,50
1,62,13,95,50
1,63,13,135,50
1,64,13,131,50
1,65,13,153,50
1,66,13,132,50
1,67,13,89,50
1,68,13,127,50
1,69,13,121,50
1,70,13,136,50
1,71,13,146,50
1,72,13,6,50
1,73,13,99,50
1,74,13,147,50
1,75,13,141,50
1,76,13,155,50
1,77,13,143,50
1,78,13,148,50
1,79,13,140,50
1,80,13,139,50
1,81,13,77,50
1,82,13,122,50
1,83,13,120,50
1,84,13,154,50
1,85,13,98,50
1,86,13,166,50
1,87,13,165,50
1,88,13,14,50
1,89,13,110,50
1,90,13,18,50
1,91,13,5,50
1,92,13,158,50
1,93,13,164,50
1,94,13,144,50
1,95,13,111,50
1,96,13,149,50
1,97,13,160,50
1,98,13,145,50
1,99,13,15,50
1,100,13,161,50
1,101,13,156,50
1,102,13,9,50
1,103,13,142,50
1,104,13,159,50
1,105,13,109,50
1,106,13,150,50
1,107,13,162,50
1,108,13,31,50
1,109,13,138,50
1,110,13,163,50
1,111,13,151,50
1,112,13,152,50
1,113,13,22,50
1,114,13,3,50
1,115,13,30,50
1,116,13,19,50
1,117,13,29,50
1,118,13,11,50
1,119,13,48,50
1,120,13,10,50
1,121,13,32,50
1,122,13,21,50
1,123,13,16,50
1,124,13,1,50
1,125,13,28,50
1,126,13,20,50
1,127,13,4,50
1,128,13,13,50
1,129,13,24,50
1,130,13,26,50
1,131,13,51,50
1,132,13,43,50
1,133,13,7,50
1,134,13,27,50
1,135,13,44,50
1,136,13,39,50
1,137,13,40,50
1,138,13,50,50
1,139,13,42,50
1,140,13,17,50
1,141,13,2,50
1,142,13,12,50
1,143,13,41,50
1,144,13,49,50
1,145,13,25,50
1,146,13,47,50
1,147,13,46,50
1,148,13,60,50
1,149,13,53,50
1,150,13,8,50
1,151,13,36,50
1,152,13,23,50
1,153,13,35,50
1,154,13,37,50
1,155,13,57,50
1,156,13,34,50
1,157,13,38,50
1,158,13,61,50
1,159,13,55,50
1,160,13,52,50
1,161,13,33,50
1,162,13,56,50
1,163,13,45,50
1,164,13,58,50
1,165,13,54,50
1,166,13,59,50
1,1,14,78,69
1,2,14,74,69
1,3,14,76,69
1,4,14,80,69
1,5,14,67,69
1,6,14,69,69
1,7,14,87,69
1,8,14,65,69
1,9,14,118,69
1,10,14,88,69
1,11,14,85,69
1,12,14,81,69
1,13,14,68,69
1,14,14,63,69
1,15,14,104,69
1,16,14,101,69
1,17,14,86,69
1,18,14,82,69
1,19,14,97,69
1,20,14,115,69
1,21,14,75,69
1,22,14,106,69
1,23,14,100,69
1,24,14,133,69
1,25,14,125,69
1,26,14,66,69
1,27,14,114,69
1,28,14,70,69
1,29,14,73,69
1,30,14,84,69
1,31,14,123,69
1,32,14,119,69
1,33,14,116,69
1,34,14,71,69
1,35,14,64,69
1,36,14,112,69
1,37,14,91,69
1,38,14,128,69
1,39,14,92,69
1,40,14,102,69
1,41,14,129,69
1,42,14,134,69
1,43,14,93,69
1,44,14,107,69
1,45,14,90,69
1,46,14,108,69
1,47,14,130,69
1,48,14,83,69
1,49,14,157,69
1,50,14,113,69
1,51,14,94,69
1,52,14,117,69
1,53,14,72,69
1,54,14,126,69
1,55,14,124,69
1,56,14,103,69
1,57,14,79,69
1,58,14,62,69
1,59,14,105,69
1,60,14,96,69
1,61,14,137,69
1,62,14,95,69
1,63,14,135,69
1,64,14,131,69
1,65,14,153,69
1,66,14,132,69
1,67,14,89,69
1,68,14,127,69
1,69,14,121,69
1,70,14,136,69
1,71,14,146,69
1,72,14,6,69
1,73,14,99,69
1,74,14,147,69
1,75,14,141,69
1,76,14,155,69
1,77,14,143,69
1,78,14,148,69
1,79,14,140,69
1,80,14,139,69
1,81,14,77,69
1,82,14,122,69
1,83,14,120,69
1,84,14,154,69
1,85,14,98,69
1,86,14,166,69
1,87,14,165,69
1,88,14,14,69
1,89,14,110,69
1,90,14,18,69
1,91,14,5,69
1,92,14,158,69
1,93,14,164,69
1,94,14,144,69
1,95,14,111,69
1,96,14,149,69
1,97,14,160,69
1,98,14,145,69
1,99,14,15,69
1,100,14,161,69
1,101,14,156,69
1,102,14,9,69
1,103,14,142,69
1,104,14,159,69
1,105,14,109,69
1,106,14,150,69
1,107,14,162,69
1,108,14,31,69
1,109,14,138,69
1,110,14,163,69
1,111,14,151,69
1,112,14,152,69
1,113,14,22,69
1,114,14,3,69
1,115,14,30,69
1,116,14,19,69
1,117,14,29,69
1,118,14,11,69
1,119,14,48,69
1,120,14,10,69
1,121,14,32,69
1,122,14,21,69
1,123,14,16,69
1,124,14,1,69
1,125,14,28,69
1,126,14,20,69
1,127,14,4,69
1,128,14,13,69
1,129,14,24,69
1,130,14,26,69
1,131,14,51,69
1,132,14,43,69
1,133,14,7,69
1,134,14,27,69
1,135,14,44,69
1,136,14,39,69
1,137,14,40,69
1,138,14,50,69
1,139,14,42,69
1,140,14,17,69
1,141,14,2,69
1,142,14,12,69
1,143,14,41,69
1,144,14,49,69
1,145,14,25,69
1,146,14,47,69
1,147,14,46,69
1,148,14,60,69
1,149,14,53,69
1,150,14,8,69
1,151,14,36,69
1,152,14,23,69
1,153,14,35,69
1,154,14,37,69
1,155,14,57,69
1,156,14,34,69
1,157,14,38,69
1,158,14,61,69
1,159,14,55,69
1,160,14,52,69
1,161,14,33,69
1,162,14,56,69
1,163,14,45,69
1,164,14,58,69
1,165,14,54,69
1,166,14,59,69
1,1,15,78,122
1,2,15,74,122
1,3,15,76,122
1,4,15,80,122
1,5,15,67,122
1,6,15,69,122
1,7,15,87,122
1,8,15,65,122
1,9,15,118,122
1,10,15,88,122
1,11,15,85,122
1,12,15,81,122
1,13,15,68,122
1,14,15,63,122
1,15,15,104,122
1,16,15,101,122
1,17,15,86,122
1,18,15,82,122
1,19,15,97,122
1,20,15,115,122
1,21,15,75,122
1,22,15,106,122
1,23,15,100,122
1,24,15,133,122
1,25,15,125,122
1,26,15,66,122
1,27,15,114,122
1,28,15,70,122
1,29,15,73,122
1,30,15,84,122
1,31,15,123,122
1,32,15,119,122
1,33,15,116,122
1,34,15,71,122
1,35,15,64,122
1,36,15,112,122
1,37,15,91,122
1,38,15,128,122
1,39,15,92,122
1,40,15,102,122
1,41,15,129,122
1,42,15,134,122
1,43,15,93,122
1,44,15,107,122
1,45,15,90,122
1,46,15,108,122
1,47,15,130,122
1,48,15,83,122
1,49,15,157,122
1,50,15,113,122
1,51,15,94,122
1,52,15,117,122
1,53,15,72,122
1,54,15,126,122
1,55,15,124,122
1,56,15,103,122
1,57,15,79,122
1,58,15,62,122
1,59,15,105,122
1,60,15,96,122
1,61,15,137,122
1,62,15,95,122
1,63,15,135,122
1,64,15,131,122
1,65,15,153,122
1,66,15,132,122
1,67,15,89,122
1,68,15,127,122
1,69,15,121,122
1,70,15,136,122
1,71,15,146,122
1,72,15,6,122
1,73,15,99,122
1,74,15,147,122
1,75,15,141,122
1,76,15,155,122
1,77,15,143,122
1,78,15,148,122
1,79,15,140,122
1,80,15,139,122
1,81,15,77,122
1,82,15,122,122
1,83,15,120,122
1,84,15,154,122
1,85,15,98,122
1,86,15,166,122
1,87,15,165,122
1,88,15,14,122
1,89,15,110,122
1,90,15,18,122
1,91,15,5,122
1,92,15,158,122
1,93,15,164,122
1,94,15,144,122
1,95,15,111,122
1,96,15,149,122
1,97,15,160,122
1,98,15,145,122
1,99,15,15,122
1,100,15,161,122
1,101,15,156,122
1,102,15,9,122
1,103,15,142,122
1,104,15,159,122
1,105,15,109,122
1,106,15,150,122
1,107,15,162,122
1,108,15,31,122
1,109,15,138,122
1,110,15,163,122
1,111,15,151,122
1,112,15,152,122
1,113,15,22,122
1,114,15,3,122
1,115,15,30,122
1,116,15,19,122
1,117,15,29,122
1,118,15,11,122
1,119,15,48,122
1,120,15,10,122
1,121,15,32,122
1,122,15,21,122
1,123,15,16,122
1,124,15,1,122
1,125,15,28,122
1,126,15,20,122
1,127,15,4,122
1,128,15,13,122
1,129,15,24,122
1,130,15,26,122
1,131,15,51,122
1,132,15,43,122
1,133,15,7,122
1,134,15,27,122
1,135,15,44,122
1,136,15,39,122
1,137,15,40,122
1,138,15,50,122
1,139,15,42,122
1,140,15,17,122
1,141,15,2,122
1,142,15,12,122
1,143,15,41,122
1,144,15,49,122
1,145,15,25,122
1,146,15,47,122
1,147,15,46,122
1,148,15,60,122
1,149,15,53,122
1,150,15,8,122
1,151,15,36,122
1,152,15,23,122
1,153,15,35,122
1,154,15,37,122
1,155,15,57,122
1,156,15,34,122
1,157,15,38,122
1,158,15,61,122
1,159,15,55,122
1,160,15,52,122
1,161,15,33,122
1,162,15,56,122
1,163,15,45,122
1,164,15,58,122
1,165,15,54,122
1,166,15,59,122
1,1,16,78,140
1,2,16,74,140
1,3,16,76,140
1,4,16,80,140
1,5,16,67,140
1,6,16,69,140
1,7,16,87,140
1,8,16,65,140
1,9,16,118,140
1,10,16,88,140
1,11,16,85,140
1,12,16,81,140
1,13,16,68,140
1,14,16,63,140
1,15,16,104,140
1,16,16,101,140
1,17,16,86,140
1,18,16,82,140
1,19,16,97,140
1,20,16,115,140
1,21,16,75,140
1,22,16,106,140
1,23,16,100,140
1,24,16,133,140
1,25,16,125,140
1,26,16,66,140
1,27,16,114,140
1,28,16,70,140
1,29,16,73,140
1,30,16,84,140
1,31,16,123,140
1,32,16,119,140
1,33,16,116,140
1,34,16,71,140
1,35,16,64,140
1,36,16,112,140
1,37,16,91,140
1,38,16,128,140
1,39,16,92,140
1,40,16,102,140
1,41,16,129,140
1,42,16,134,140
1,43,16,93,140
1,44,16,107,140
1,45,16,90,140
1,46,16,108,140
1,47,16,130,140
1,48,16,83,140
1,49,16,157,140
1,50,16,113,140
1,51,16,94,140
1,52,16,117,140
1,53,16,72,140
1,54,16,126,140
1,55,16,124,140
1,56,16,103,140
1,57,16,79,140
1,58,16,62,140
1,59,16,105,140
1,60,16,96,140
1,61,16,137,140
1,62,16,95,140
1,63,16,135,140
1,64,16,131,140
1,65,16,153,140
1,66,16,132,140
1,67,16,89,140
1,68,16,127,140
1,69,16,121,140
1,70,16,136,140
1,71,16,146,140
1,72,16,6,140
1,73,16,99,140
1,74,16,147,140
1,75,16,141,140
1,76,16,155,140
1,77,16,143,140
1,78,16,148,140
1,79,16,140,140
1,80,16,139,140
1,81,16,77,140
1,82,16,122,140
1,83,16,120,140
1,84,16,154,140
1,85,16,98,140
1,86,16,166,140
1,87,16,165,140
1,88,16,14,140
1,89,16,110,140
1,90,16,18,140
1,91,16,5,140
1,92,16,158,140
1,93,16,164,140
1,94,16,144,140
1,95,16,111,140
1,96,16,149,140
1,97,16,160,140
1,98,16,145,140
1,99,16,15,140
1,100,16,161,140
1,101,16,156,140
1,102,16,9,140
1,103,16,142,140
1,104,16,159,140
1,105,16,109,140
1,106,16,150,140
1,107,16,162,140
1,108,16,31,140
1,109,16,138,140
1,110,16,163,140
1,111,16,151,140
1,112,16,152,140
1,113,16,22,140
1,114,16,3,140
1,115,16,30,140
1,116,16,19,140
1,117,16,29,140
1,118,16,11,140
1,119,16,48,140
1,120,16,10,140
1,121,16,32,140
1,122,16,21,140
1,123,16,16,140
1,124,16,1,140
1,125,16,28,140
1,126,16,20,140
1,127,16,4,140
1,128,16,13,140
1,129,16,24,140
1,130,16,26,140
1,131,16,51,140
1,132,16,43,140
1,133,16,7,140
1,134,16,27,140
1,135,16,44,140
1,136,16,39,140
1,137,16,40,140
1,138,16,50,140
1,139,16,42,140
1,140,16,17,140
1,141,16,2,140
1,142,16,12,140
1,143,16,41,140
1,144,16,49,140
1,145,16,25,140
1,146,16,47,140
1,147,16,46,140
1,148,16,60,140
1,149,16,53,140
1,150,16,8,140
1,151,16,36,140
1,152,16,23,140
1,153,16,35,140
1,154,16,37,140
1,155,16,57,140
1,156,16,34,140
1,157,16,38,140
1,158,16,61,140
1,159,16,55,140
1,160,16,52,140
1,161,16,33,140
1,162,16,56,140
1,163,16,45,140
1,164,16,58,140
1,165,16,54,140
1,166,16,59,140
1,1,17,78,46
1,2,17,74,46
1,3,17,76,46
1,4,17,80,46
1,5,17,67,46
1,6,17,69,46
1,7,17,87,46
1,8,17,65,46
1,9,17,118,46
1,10,17,88,46
1,11,17,85,46
1,12,17,81,46
1,13,17,68,46
1,14,17,63,46
1,15,17,104,46
1,16,17,101,46
1,17,17,86,46
1,18,17,82,46
1,19,17,97,46
1,20,17,115,46
1,21,17,75,46
1,22,17,106,46
1,23,17,100,46
1,24,17,133,46
1,25,17,125,46
1,26,17,66,46
1,27,17,114,46
1,28,17,70,46
1,29,17,73,46
1,30,17,84,46
1,31,17,123,46
1,32,17,119,46
1,33,17,116,46
1,34,17,71,46
1,35,17,64,46
1,36,17,112,46
1,37,17,91,46
1,38,17,128,46
1,39,17,92,46
1,40,17,102,46
1,41,17,129,46
1,42,17,134,46
1,43,17,93,46
1,44,17,107,46
1,45,17,90,46
1,46,17,108,46
1,47,17,130,46
1,48,17,83,46
1,49,17,157,46
1,50,17,113,46
1,51,17,94,46
1,52,17,117,46
1,53,17,72,46
1,54,17,126,46
1,55,17,124,46
1,56,17,103,46
1,57,17,79,46
1,58,17,62,46
1,59,17,105,46
1,60,17,96,46
1,61,17,137,46
1,62,17,95,46
1,63,17,135,46
1,64,17,131,46
1,65,17,153,46
1,66,17,132,46
1,67,17,89,46
1,68,17,127,46
1,69,17,121,46
1,70,17,136,46
1,71,17,146,46
1,72,17,6,46
1,73,17,99,46
1,74,17,147,46
1,75,17,141,46
1,76,17,155,46
1,77,17,143,46
1,78,17,148,46
1,79,17,140,46
1,80,17,139,46
1,81,17,77,46
1,82,17,122,46
1,83,17,120,46
1,84,17,154,46
1,85,17,98,46
1,86,17,166,46
1,87,17,165,46
1,88,17,14,46
1,89,17,110,46
1,90,17,18,46
1,91,17,5,46
1,92,17,158,46
1,93,17,164,46
1,94,17,144,46
1,95,17,111,46
1,96,17,149,46
1,97,17,160,46
1,98,17,145,46
1,99,17,15,46
1,100,17,161,46
1,101,17,156,46
1,102,17,9,46
1,103,17,142,46
1,104,17,159,46
1,105,17,109,46
1,106,17,150,46
1,107,17,162,46
1,108,17,31,46
1,109,17,138,46
1,110,17,163,46
1,111,17,151,46
1,112,17,152,46
1,113,17,22,46
1,114,17,3,46
1,115,17,30,46
1,116,17,19,46
1,117,17,29,46
1,118,17,11,46
1,119,17,48,46
1,120,17,10,46
1,121,17,32,46
1,122,17,21,46
1,123,17,16,46
1,124,17,1,46
1,125,17,28,46
1,126,17,20,46
1,127,17,4,46
1,128,17,13,46
1,129,17,24,46
1,130,17,26,46
1,131,17,51,46
1,132,17,43,46
1,133,17,7,46
1,134,17,27,46
1,135,17,44,46
1,136,17,39,46
1,137,17,40,46
1,138,17,50,46
1,139,17,42,46
1,140,17,17,46
1,141,17,2,46
1,142,17,12,46
1,143,17,41,46
1,144,17,49,46
1,145,17,25,46
1,146,17,47,46
1,147,17,46,46
1,148,17,60,46
1,149,17,53,46
1,150,17,8,46
1,151,17,36,46
1,152,17,23,46
1,153,17,35,46
1,154,17,37,46
1,155,17,57,46
1,156,17,34,46
1,157,17,38,46
1,158,17,61,46
1,159,17,55,46
1,160,17,52,46
1,161,17,33,46
1,162,17,56,46
1,163,17,45,46
1,164,17,58,46
1,165,17,54,46
1,166,17,59,46
1,1,18,78,119
1,2,18,74,119
1,3,18,76,119
1,4,18,80,119
1,5,18,67,119
1,6,18,69,119
1,7,18,87,119
1,8,18,65,119
1,9,18,118,119
1,10,18,88,119
1,11,18,85,119
1,12,18,81,119
1,13,18,68,119
1,14,18,63,119
1,15,18,104,119
1,16,18,101,119
1,17,18,86,119
1,18,18,82,119
1,19,18,97,119
1,20,18,115,119
1,21,18,75,119
1,22,18,106,119
1,23,18,100,119
1,24,18,133,119
1,25,18,125,119
1,26,18,66,119
1,27,18,114,119
1,28,18,70,119
1,29,18,73,119
1,30,18,84,119
1,31,18,123,119
1,32,18,119,119
1,33,18,116,119
1,34,18,71,119
1,35,18,64,119
1,36,18,112,119
1,37,18,91,119
1,38,18,128,119
1,39,18,92,119
1,40,18,102,119
1,41,18,129,119
1,42,18,134,119
1,43,18,93,119
1,44,18,107,119
1,45,18,90,119
1,46,18,108,119
1,47,18,130,119
1,48,18,83,119
1,49,18,157,119
1,50,18,113,119
1,51,18,94,119
1,52,18,117,119
1,53,18,72,119
1,54,18,126,119
1,55,18,124,119
1,56,18,103,119
1,57,18,79,119
1,58,18,62,119
1,59,18,105,119
1,60,18,96,119
1,61,18,137,119
1,62,18,95,119
1,63,18,135,119
1,64,18,131,119
1,65,18,153,119
1,66,18,132,119
1,67,18,89,119
1,68,18,127,119
1,69,18,121,119
1,70,18,136,119
1,71,18,146,119
1,72,18,6,119
1,73,18,99,119
1,74,18,147,119
1,75,18,141,119
1,76,18,155,119
1,77,18,143,119
1,78,18,148,119
1,79,18,140,119
1,80,18,139,119
1,81,18,77,119
1,82,18,122,119
1,83,18,120,119
1,84,18,154,119
1,85,18,98,119
1,86,18,166,119
1,87,18,165,119
1,88,18,14,119
1,89,18,110,119
1,90,18,18,119
1,91,18,5,119
1,92,18,158,119
1,93,18,164,119
1,94,18,144,119
1,95,18,111,119
1,96,18,149,119
1,97,18,160,119
1,98,18,145,119
1,99,18,15,119
1,100,18,161,119
1,101,18,156,119
1,102,18,9,119
1,103,18,142,119
1,104,18,159,119
1,105,18,109,119
1,106,18,150,119
1,107,18,162,119
1,108,18,31,119
1,109,18,138,119
1,110,18,163,119
1,111,18,151,119
1,112,18,152,119
1,113,18,22,119
1,114,18,3,119
1,115,18,30,119
1,116,18,19,119
1,117,18,29,119
1,118,18,11,119
1,119,18,48,119
1,120,18,10,119
1,121,18,32,119
1,122,18,21,119
1,123,18,16,119
1,124,18,1,119
1,125,18,28,119
1,126,18,20,119
1,127,18,4,119
1,128,18,13,119
1,129,18,24,119
1,130,18,26,119
1,131,18,51,119
1,132,18,43,119
1,133,18,7,119
1,134,18,27,119
1,135,18,44,119
1,136,18,39,119
1,137,18,40,119
1,138,18,50,119
1,139,18,42,119
1,140,18,17,119
1,141,18,2,119
1,142,18,12,119
1,143,18,41,119
1,144,18,49,119
1,145,18,25,119
1,146,18,47,119
1,147,18,46,119
1,148,18,60,119
1,149,18,53,119
1,150,18,8,119
1,151,18,36,119
1,152,18,23,119
1,153,18,35,119
1,154,18,37,119
1,155,18,57,119
1,156,18,34,119
1,157,18,38,119
1,158,18,61,119
1,159,18,55,119
1,160,18,52,119
1,161,18,33,119
1,162,18,56,119
1,163,18,45,119
1,164,18,58,119
1,165,18,54,119
1,166,18,59,119
1,1,19,78,45
1,2,19,74,45
1,3,19,76,45
1,4,19,80,45
1,5,19,67,45
1,6,19,69,45
1,7,19,87,45
1,8,19,65,45
1,9,19,118,45
1,10,19,88,45
1,11,19,85,45
1,12,19,81,45
1,13,19,68,45
1,14,19,63,45
1,15,19,104,45
1,16,19,101,45
1,17,19,86,45
1,18,19,82,45
1,19,19,97,45
1,20,19,115,45
1,21,19,75,45
1,22,19,106,45
1,23,19,100,45
1,24,19,133,45
1,25,19,125,45
1,26,19,66,45
1,27,19,114,45
1,28,19,70,45
1,29,19,73,45
1,30,19,84,45
1,31,19,123,45
1,32,19,119,45
1,33,19,116,45
1,34,19,71,45
1,35,19,64,45
1,36,19,112,45
1,37,19,91,45
1,38,19,128,45
1,39,19,92,45
1,40,19,102,45
1,41,19,129,45
1,42,19,134,45
1,43,19,93,45
1,44,19,107,45
1,45,19,90,45
1,46,19,108,45
1,47,19,130,45
1,48,19,83,45
1,49,19,157,45
1,50,19,113,45
1,51,19,94,45
1,52,19,117,45
1,53,19,72,45
1,54,19,126,45
1,55,19,124,45
1,56,19,103,45
1,57,19,79,45
1,58,19,62,45
1,59,19,105,45
1,60,19,96,45
1,61,19,137,45
1,62,19,95,45
1,63,19,135,45
1,64,19,131,45
1,65,19,153,45
1,66,19,132,45
1,67,19,89,45
1,68,19,127,45
1,69,19,121,45
1,70,19,136,45
1,71,19,146,45
1,72,19,6,45
1,73,19,99,45
1,74,19,147,45
1,75,19,141,45
1,76,19,155,45
1,77,19,143,45
1,78,19,148,45
1,79,19,140,45
1,80,19,139,45
1,81,19,77,45
1,82,19,122,45
1,83,19,120,45
1,84,19,154,45
1,85,19,98,45
1,86,19,166,45
1,87,19,165,45
1,88,19,14,45
1,89,19,110,45
1,90,19,18,45
1,91,19,5,45
1,92,19,158,45
1,93,19,164,45
1,94,19,144,45
1,95,19,111,45
1,96,19,149,45
1,97,19,160,45
1,98,19,145,45
1,99,19,15,45
1,100,19,161,45
1,101,19,156,45
1,102,19,9,45
1,103,19,142,45
1,104,19,159,45
1,105,19,109,45
1,106,19,150,45
1,107,19,162,45
1,108,19,31,45
1,109,19,138,45
1,110,19,163,45
1,111,19,151,45
1,112,19,152,45
1,113,19,22,45
1,114,19,3,45
1,115,19,30,45
1,116,19,19,45
1,117,19,29,45
1,118,19,11,45
1,119,19,48,45
1,120,19,10,45
1,121,19,32,45
1,122,19,21,45
1,123,19,16,45
1,124,19,1,45
1,125,19,28,45
1,126,19,20,45
1,127,19,4,45
1,128,19,13,45
1,129,19,24,45
1,130,19,26,45
1,131,19,51,45
1,132,19,43,45
1,133,19,7,45
1,134,19,27,45
1,135,19,44,45
1,136,19,39,45
1,137,19,40,45
1,138,19,50,45
1,139,19,42,45
1,140,19,17,45
1,141,19,2,45
1,142,19,12,45
1,143,19,41,45
1,144,19,49,45
1,145,19,25,45
1,146,19,47,45
1,147,19,46,45
1,148,19,60,45
1,149,19,53,45
1,150,19,8,45
1,151,19,36,45
1,152,19,23,45
1,153,19,35,45
1,154,19,37,45
1,155,19,57,45
1,156,19,34,45
1,157,19,38,45
1,158,19,61,45
1,159,19,55,45
1,160,19,52,45
1,161,19,33,45
1,162,19,56,45
1,163,19,45,45
1,164,19,58,45
1,165,19,54,45
1,166,19,59,45
1,1,20,78,107
1,2,20,74,107
1,3,20,76,107
1,4,20,80,107
1,5,20,67,107
1,6,20,69,107
1,7,20,87,107
1,8,20,65,107
1,9,20,118,107
1,10,20,88,107
1,11,20,85,107
1,12,20,81,107
1,13,20,68,107
1,14,20,63,107
1,15,20,104,107
1,16,20,101,107
1,17,20,86,107
1,18,20,82,107
1,19,20,97,107
1,20,20,115,107
1,21,20,75,107
1,22,20,106,107
1,23,20,100,107
1,24,20,133,107
1,25,20,125,107
1,26,20,66,107
1,27,20,114,107
1,28,20,70,107
1,29,20,73,107
1,30,20,84,107
1,31,20,123,107
1,32,20,119,107
1,33,20,116,107
1,34,20,71,107
1,35,20,64,107
1,36,20,112,107
1,37,20,91,107
1,38,20,128,107
1,39,20,92,107
1,40,20,102,107
1,41,20,129,107
1,42,20,134,107
1,43,20,93,107
1,44,20,107,107
1,45,20,90,107
1,46,20,108,107
1,47,20,130,107
1,48,20,83,107
1,49,20,157,107
1,50,20,113,107
1,51,20,94,107
1,52,20,117,107
1,53,20,72,107
1,54,20,126,107
1,55,20,124,107
1,56,20,103,107
1,57,20,79,107
1,58,20,62,107
1,59,20,105,107
1,60,20,96,107
1,61,20,137,107
1,62,20,95,107
1,63,20,135,107
1,64,20,131,107
1,65,20,153,107
1,66,20,132,107
1,67,20,89,107
1,68,20,127,107
1,69,20,121,107
1,70,20,136,107
1,71,20,146,107
1,72,20,6,107
1,73,20,99,107
1,74,20,147,107
1,75,20,141,107
1,76,20,155,107
1,77,20,143,107
1,78,20,148,107
1,79,20,140,107
1,80,20,139,107
1,81,20,77,107
1,82,20,122,107
1,83,20,120,107
1,84,20,154,107
1,85,20,98,107
1,86,20,166,107
1,87,20,165,107
1,88,20,14,107
1,89,20,110,107
1,90,20,18,107
1,91,20,5,107
1,92,20,158,107
1,93,20,164,107
1,94,20,144,107
1,95,20,111,107
1,96,20,149,107
1,97,20,160,107
1,98,20,145,107
1,99,20,15,107
1,100,20,161,107
1,101,20,156,107
1,102,20,9,107
1,103,20,142,107
1,104,20,159,107
1,105,20,109,107
1,106,20,150,107
1,107,20,162,107
1,108,20,31,107
1,109,20,138,107
1,110,20,163,107
1,111,20,151,107
1,112,20,152,107
1,113,20,22,107
1,114,20,3,107
1,115,20,30,107
1,116,20,19,107
1,117,20,29,107
1,118,20,11,107
1,119,20,48,107
1,120,20,10,107
1,121,20,32,107
1,122,20,21,107
1,123,20,16,107
1,124,20,1,107
1,125,20,28,107
1,126,20,20,107
1,127,20,4,107
1,128,20,13,107
1,129,20,24,107
1,130,20,26,107
1,131,20,51,107
1,132,20,43,107
1,133,20,7,107
1,134,20,27,107
1,135,20,44,107
1,136,20,39,107
1,137,20,40,107
1,138,20,50,107
1,139,20,42,107
1,140,20,17,107
1,141,20,2,107
1,142,20,12,107
1,143,20,41,107
1,144,20,49,107
1,145,20,25,107
1,146,20,47,107
1,147,20,46,107
1,148,20,60,107
1,149,20,53,107
1,150,20,8,107
1,151,20,36,107
1,152,20,23,107
1,153,20,35,107
1,154,20,37,107
1,155,20,57,107
1,156,20,34,107
1,157,20,38,107
1,158,20,61,107
1,159,20,55,107
1,160,20,52,107
1,161,20,33,107
1,162,20,56,107
1,163,20,45,107
1,164,20,58,107
1,165,20,54,107
1,166,20,59,107
1,1,21,78,14
1,2,21,74,14
1,3,21,76,14
1,4,21,80,14
1,5,21,67,14
1,6,21,69,14
1,7,21,87,14
1,8,21,65,14
1,9,21,118,14
1,10,21,88,14
1,11,21,85,14
1,12,21,81,14
1,13,21,68,14
1,14,21,63,14
1,15,21,104,14
1,16,21,101,14
1,17,21,86,14
1,18,21,82,14
1,19,21,97,14
1,20,21,115,14
1,21,21,75,14
1,22,21,106,14
1,23,21,100,14
1,24,21,133,14
1,25,21,125,14
1,26,21,66,14
1,27,21,114,14
1,28,21,70,14
1,29,21,73,14
1,30,21,84,14
1,31,21,123,14
1,32,21,119,14
1,33,21,116,14
1,34,21,71,14
1,35,21,64,14
1,36,21,112,14
1,37,21,91,14
1,38,21,128,14
1,39,21,92,14
1,40,21,102,14
1,41,21,129,14
1,42,21,134,14
1,43,21,93,14
1,44,21,107,14
1,45,21,90,14
1,46,21,108,14
1,47,21,130,14
1,48,21,83,14
1,49,21,157,14
1,50,21,113,14
1,51,21,94,14
1,52,21,117,14
1,53,21,72,14
1,54,21,126,14
1,55,21,124,14
1,56,21,103,14
1,57,21,79,14
1,58,21,62,14
1,59,21,105,14
1,60,21,96,14
1,61,21,137,14
1,62,21,95,14
1,63,21,135,14
1,64,21,131,14
1,65,21,153,14
1,66,21,132,14
1,67,21,89,14
1,68,21,127,14
1,69,21,121,14
1,70,21,136,14
1,71,21,146,14
1,72,21,6,14
1,73,21,99,14
1,74,21,147,14
1,75,21,141,14
1,76,21,155,14
1,77,21,143,14
1,78,21,148,14
1,79,21,140,14
1,80,21,139,14
1,81,21,77,14
1,82,21,122,14
1,83,21,120,14
1,84,21,154,14
1,85,21,98,14
1,86,21,166,14
1,87,21,165,14
1,88,21,14,14
1,89,21,110,14
1,90,21,18,14
1,91,21,5,14
1,92,21,158,14
1,93,21,164,14
1,94,21,144,14
1,95,21,111,14
1,96,21,149,14
1,97,21,160,14
1,98,21,145,14
1,99,21,15,14
1,100,21,161,14
1,101,21,156,14
1,102,21,9,14
1,103,21,142,14
1,104,21,159,14
1,105,21,109,14
1,106,21,150,14
1,107,21,162,14
1,108,21,31,14
1,109,21,138,14
1,110,21,163,14
1,111,21,151,14
1,112,21,152,14
1,113,21,22,14
1,114,21,3,14
1,115,21,30,14
1,116,21,19,14
1,117,21,29,14
1,118,21,11,14
1,119,21,48,14
1,120,21,10,14
1,121,21,32,14
1,122,21,21,14
1,123,21,16,14
1,124,21,1,14
1,125,21,28,14
1,126,21,20,14
1,127,21,4,14
1,128,21,13,14
1,129,21,24,14
1,130,21,26,14
1,131,21,51,14
1,132,21,43,14
1,133,21,7,14
1,134,21,27,14
1,135,21,44,14
1,136,21,39,14
1,137,21,40,14
1,138,21,50,14
1,139,21,42,14
1,140,21,17,14
1,141,21,2,14
1,142,21,12,14
1,143,21,41,14
1,144,21,49,14
1,145,21,25,14
1,146,21,47,14
1,147,21,46,14
1,148,21,60,14
1,149,21,53,14
1,150,21,8,14
1,151,21,36,14
1,152,21,23,14
1,153,21,35,14
1,154,21,37,14
1,155,21,57,14
1,156,21,34,14
1,157,21,38,14
1,158,21,61,14
1,159,21,55,14
1,160,21,52,14
1,161,21,33,14
1,162,21,56,14
1,163,21,45,14
1,164,21,58,14
1,165,21,54,14
1,166,21,59,14
1,1,22,78,21
1,2,22,74,21
1,3,22,76,21
1,4,22,80,21
1,5,22,67,21
1,6,22,69,21
1,7,22,87,21
1,8,22,65,21
1,9,22,118,21
1,10,22,88,21
1,11,22,85,21
1,12,22,81,21
1,13,22,68,21
1,14,22,63,21
1,15,22,104,21
1,16,22,101,21
1,17,22,86,21
1,18,22,82,21
1,19,22,97,21
1,20,22,115,21
1,21,22,75,21
1,22,22,106,21
1,23,22,100,21
1,24,22,133,21
1,25,22,125,21
1,26,22,66,21
1,27,22,114,21
1,28,22,70,21
1,29,22,73,21
1,30,22,84,21
1,31,22,123,21
1,32,22,119,21
1,33,22,116,21
1,34,22,71,21
1,35,22,64,21
1,36,22,112,21
1,37,22,91,21
1,38,22,128,21
1,39,22,92,21
1,40,22,102,21
1,41,22,129,21
1,42,22,134,21
1,43,22,93,21
1,44,22,107,21
1,45,22,90,21
1,46,22,108,21
1,47,22,130,21
1,48,22,83,21
1,49,22,157,21
1,50,22,113,21
1,51,22,94,21
1,52,22,117,21
1,53,22,72,21
1,54,22,126,21
1,55,22,124,21
1,56,22,103,21
1,57,22,79,21
1,58,22,62,21
1,59,22,105,21
1,60,22,96,21
1,61,22,137,21
1,62,22,95,21
1,63,22,135,21
1,64,22,131,21
1,65,22,153,21
1,66,22,132,21
1,67,22,89,21
1,68,22,127,21
1,69,22,121,21
1,70,22,136,21
1,71,22,146,21
1,72,22,6,21
1,73,22,99,21
1,74,22,147,21
1,75,22,141,21
1,76,22,155,21
1,77,22,143,21
1,78,22,148,21
1,79,22,140,21
1,80,22,139,21
1,81,22,77,21
1,82,22,122,21
1,83,22,120,21
1,84,22,154,21
1,85,22,98,21
1,86,22,166,21
1,87,22,165,21
1,88,22,14,21
1,89,22,110,21
1,90,22,18,21
1,91,22,5,21
1,92,22,158,21
1,93,22,164,21
1,94,22,144,21
1,95,22,111,21
1,96,22,149,21
1,97,22,160,21
1,98,22,145,21
1,99,22,15,21
1,100,22,161,21
1,101,22,156,21
1,102,22,9,21
1,103,22,142,21
1,104,22,159,21
1,105,22,109,21
1,106,22,150,21
1,107,22,162,21
1,108,22,31,21
1,109,22,138,21
1,110,22,163,21
1,111,22,151,21
1,112,22,152,21
1,113,22,22,21
1,114,22,3,21
1,115,22,30,21
1,116,22,19,21
1,117,22,29,21
1,118,22,11,21
1,119,22,48,21
1,120,22,10,21
1,121,22,32,21
1,122,22,21,21
1,123,22,16,21
1,124,22,1,21
1,125,22,28,21
1,126,22,20,21
1,127,22,4,21
1,128,22,13,21
1,129,22,24,21
1,130,22,26,21
1,131,22,51,21
1,132,22,43,21
1,133,22,7,21
1,134,22,27,21
1,135,22,44,21
1,136,22,39,21
1,137,22,40,21
1,138,22,50,21
1,139,22,42,21
1,140,22,17,21
1,141,22,2,21
1,142,22,12,21
1,143,22,41,21
1,144,22,49,21
1,145,22,25,21
1,146,22,47,21
1,147,22,46,21
1,148,22,60,21
1,149,22,53,21
1,150,22,8,21
1,151,22,36,21
1,152,22,23,21
1,153,22,35,21
1,154,22,37,21
1,155,22,57,21
1,156,22,34,21
1,157,22,38,21
1,158,22,61,21
1,159,22,55,21
1,160,22,52,21
1,161,22,33,21
1,162,22,56,21
1,163,22,45,21
1,164,22,58,21
1,165,22,54,21
1,166,22,59,21
1,1,23,78,125
1,2,23,74,125
1,3,23,76,125
1,4,23,80,125
1,5,23,67,125
1,6,23,69,125
1,7,23,87,125
1,8,23,65,125
1,9,23,118,125
1,10,23,88,125
1,11,23,85,125
1,12,23,81,125
1,13,23,68,125
1,14,23,63,125
1,15,23,104,125
1,16,23,101,125
1,17,23,86,125
1,18,23,82,125
1,19,23,97,125
1,20,23,115,125
1,21,23,75,125
1,22,23,106,125
1,23,23,100,125
1,24,23,133,125
1,25,23,125,125
1,26,23,66,125
1,27,23,114,125
1,28,23,70,125
1,29,23,73,125
1,30,23,84,125
1,31,23,123,125
1,32,23,119,125
1,33,23,116,125
1,34,23,71,125
1,35,23,64,125
1,36,23,112,125
1,37,23,91,125
1,38,23,128,125
1,39,23,92,125
1,40,23,102,125
1,41,23,129,125
1,42,23,134,125
1,43,23,93,125
1,44,23,107,125
1,45,23,90,125
1,46,23,108,125
1,47,23,130,125
1,48,23,83,125
1,49,23,157,125
1,50,23,113,125
1,51,23,94,125
1,52,23,117,125
1,53,23,72,125
1,54,23,126,125
1,55,23,124,125
1,56,23,103,125
1,57,23,79,125
1,58,23,62,125
1,59,23,105,125
1,60,23,96,125
1,61,23,137,125
1,62,23,95,125
1,63,23,135,125
1,64,23,131,125
1,65,23,153,125
1,66,23,132,125
1,67,23,89,125
1,68,23,127,125
1,69,23,121,125
1,70,23,136,125
1,71,23,146,125
1,72,23,6,125
1,73,23,99,125
1,74,23,147,125
1,75,23,141,125
1,76,23,155,125
1,77,23,143,125
1,78,23,148,125
1,79,23,140,125
1,80,23,139,125
1,81,23,77,125
1,82,23,122,125
1,83,23,120,125
1,84,23,154,125
1,85,23,98,125
1,86,23,166,125
1,87,23,165,125
1,88,23,14,125
1,89,23,110,125
1,90,23,18,125
1,91,23,5,125
1,92,23,158,125
1,93,23,164,125
1,94,23,144,125
1,95,23,111,125
1,96,23,149,125
1,97,23,160,125
1,98,23,145,125
1,99,23,15,125
1,100,23,161,125
1,101,23,156,125
1,102,23,9,125
1,103,23,142,125
1,104,23,159,125
1,105,23,109,125
1,106,23,150,125
1,107,23,162,125
1,108,23,31,125
1,109,23,138,125
1,110,23,163,125
1,111,23,151,125
1,112,23,152,125
1,113,23,22,125
1,114,23,3,125
1,115,23,30,125
1,116,23,19,125
1,117,23,29,125
1,118,23,11,125
1,119,23,48,125
1,120,23,10,125
1,121,23,32,125
1,122,23,21,125
1,123,23,16,125
1,124,23,1,125
1,125,23,28,125
1,126,23,20,125
1,127,23,4,125
1,128,23,13,125
1,129,23,24,125
1,130,23,26,125
1,131,23,51,125
1,132,23,43,125
1,133,23,7,125
1,134,23,27,125
1,135,23,44,125
1,136,23,39,125
1,137,23,40,125
1,138,23,50,125
1,139,23,42,125
1,140,23,17,125
1,141,23,2,125
1,142,23,12,125
1,143,23,41,125
1,144,23,49,125
1,145,23,25,125
1,146,23,47,125
1,147,23,46,125
1,148,23,60,125
1,149,23,53,125
1,150,23,8,125
1,151,23,36,125
1,152,23,23,125
1,153,23,35,125
1,154,23,37,125
1,155,23,57,125
1,156,23,34,125
1,157,23,38,125
1,158,23,61,125
1,159,23,55,125
1,160,23,52,125
1,161,23,33,125
1,162,23,56,125
1,163,23,45,125
1,164,23,58,125
1,165,23,54,125
1,166,23,59,125
1,1,24,78,29
1,2,24,74,29
1,3,24,76,29
1,4,24,80,29
1,5,24,67,29
1,6,24,69,29
1,7,24,87,29
1,8,24,65,29
1,9,24,118,29
1,10,24,88,29
1,11,24,85,29
1,12,24,81,29
1,13,24,68,29
1,14,24,63,29
1,15,24,104,29
1,16,24,101,29
1,17,24,86,29
1,18,24,82,29
1,19,24,97,29
1,20,24,115,29
1,21,24,75,29
1,22,24,106,29
1,23,24,100,29
1,24,24,133,29
1,25,24,125,29
1,26,24,66,29
1,27,24,114,29
1,28,24,70,29
1,29,24,73,29
1,30,24,84,29
1,31,24,123,29
1,32,24,119,29
1,33,24,116,29
1,34,24,71,29
1,35,24,64,29
1,36,24,112,29
1,37,24,91,29
1,38,24,128,29
1,39,24,92,29
1,40,24,102,29
1,41,24,129,29
1,42,24,134,29
1,43,24,93,29
1,44,24,107,29
1,45,24,90,29
1,46,24,108,29
1,47,24,130,29
1,48,24,83,29
1,49,24,157,29
1,50,24,113,29
1,51,24,94,29
1,52,24,117,29
1,53,24,72,29
1,54,24,126,29
1,55,24,124,29
1,56,24,103,29
1,57,24,79,29
1,58,24,62,29
1,59,24,105,29
1,60,24,96,29
1,61,24,137,29
1,62,24,95,29
1,63,24,135,29
1,64,24,131,29
1,65,24,153,29
1,66,24,132,29
1,67,24,89,29
1,68,24,127,29
1,69,24,121,29
1,70,24,136,29
1,71,24,146,29
1,72,24,6,29
1,73,24,99,29
1,74,24,147,29
1,75,24,141,29
1,76,24,155,29
1,77,24,143,29
1,78,24,148,29
1,79,24,140,29
1,80,24,139,29
1,81,24,77,29
1,82,24,122,29
1,83,24,120,29
1,84,24,154,29
1,85,24,98,29
1,86,24,166,29
1,87,24,165,29
1,88,24,14,29
1,89,24,110,29
1,90,24,18,29
1,91,24,5,29
1,92,24,158,29
1,93,24,164,29
1,94,24,144,29
1,95,24,111,29
1,96,24,149,29
1,97,24,160,29
1,98,24,145,29
1,99,24,15,29
1,100,24,161,29
1,101,24,156,29
1,102,24,9,29
1,103,24,142,29
1,104,24,159,29
1,105,24,109,29
1,106,24,150,29
1,107,24,162,29
1,108,24,31,29
1,109,24,138,29
1,110,24,163,29
1,111,24,151,29
1,112,24,152,29
1,113,24,22,29
1,114,24,3,29
1,115,24,30,29
1,116,24,19,29
1,117,24,29,29
1,118,24,11,29
1,119,24,48,29
1,120,24,10,29
1,121,24,32,29
1,122,24,21,29
1,123,24,16,29
1,124,24,1,29
1,125,24,28,29
1,126,24,20,29
1,127,24,4,29
1,128,24,13,29
1,129,24,24,29
1,130,24,26,29
1,131,24,51,29
1,132,24,43,29
1,133,24,7,29
1,134,24,27,29
1,135,24,44,29
1,136,24,39,29
1,137,24,40,29
1,138,24,50,29
1,139,24,42,29
1,140,24,17,29
1,141,24,2,29
1,142,24,12,29
1,143,24,41,29
1,144,24,49,29
1,145,24,25,29
1,146,24,47,29
1,147,24,46,29
1,148,24,60,29
1,149,24,53,29
1,150,24,8,29
1,151,24,36,29
1,152,24,23,29
1,153,24,35,29
1,154,24,37,29
1,155,24,57,29
1,156,24,34,29
1,157,24,38,29
1,158,24,61,29
1,159,24,55,29
1,160,24,52,29
1,161,24,33,29
1,162,24,56,29
1,163,24,45,29
1,164,24,58,29
1,165,24,54,29
1,166,24,59,29
1,1,25,78,48
1,2,25,74,48
1,3,25,76,48
1,4,25,80,48
1,5,25,67,48
1,6,25,69,48
1,7,25,87,48
1,8,25,65,48
1,9,25,118,48
1,10,25,88,48
1,11,25,85,48
1,12,25,81,48
1,13,25,68,48
1,14,25,63,48
1,15,25,104,48
1,16,25,101,48
1,17,25,86,48
1,18,25,82,48
1,19,25,97,48
1,20,25,115,48
1,21,25,75,48
1,22,25,106,48
1,23,25,100,48
1,24,25,133,48
1,25,25,125,48
1,26,25,66,48
1,27,25,114,48
1,28,25,70,48
1,29,25,73,48
1,30,25,84,48
1,31,25,123,48
1,32,25,119,48
1,33,25,116,48
1,34,25,71,48
1,35,25,64,48
1,36,25,112,48
1,37,25,91,48
1,38,25,128,48
1,39,25,92,48
1,40,25,102,48
1,41,25,129,48
1,42,25,134,48
1,43,25,93,48
1,44,25,107,48
1,45,25,90,48
1,46,25,108,48
1,47,25,130,48
1,48,25,83,48
1,49,25,157,48
1,50,25,113,48
1,51,25,94,48
1,52,25,117,48
1,53,25,72,48
1,54,25,126,48
1,55,25,124,48
1,56,25,103,48
1,57,25,79,48
1,58,25,62,48
1,59,25,105,48
1,60,25,96,48
1,61,25,137,48
1,62,25,95,48
1,63,25,135,48
1,64,25,131,48
1,65,25,153,48
1,66,25,132,48
1,67,25,89,48
1,68,25,127,48
1,69,25,121,48
1,70,25,136,48
1,71,25,146,48
1,72,25,6,48
1,73,25,99,48
1,74,25,147,48
1,75,25,141,48
1,76,25,155,48
1,77,25,143,48
1,78,25,148,48
1,79,25,140,48
1,80,25,139,48
1,81,25,77,48
1,82,25,122,48
1,83,25,120,48
1,84,25,154,48
1,85,25,98,48
1,86,25,166,48
1,87,25,165,48
1,88,25,14,48
1,89,25,110,48
1,90,25,18,48
1,91,25,5,48
1,92,25,158,48
1,93,25,164,48
1,94,25,144,48
1,95,25,111,48
1,96,25,149,48
1,97,25,160,48
1,98,25,145,48
1,99,25,15,48
1,100,25,161,48
1,101,25,156,48
1,102,25,9,48
1,103,25,142,48
1,104,25,159,48
1,105,25,109,48
1,106,25,150,48
1,107,25,162,48
1,108,25,31,48
1,109,25,138,48
1,110,25,163,48
1,111,25,151,48
1,112,25,152,48
1,113,25,22,48
1,114,25,3,48
1,115,25,30,48
1,116,25,19,48
1,117,25,29,48
1,118,25,11,48
1,119,25,48,48
1,120,25,10,48
1,121,25,32,48
1,122,25,21,48
1,123,25,16,48
1,124,25,1,48
1,125,25,28,48
1,126,25,20,48
1,127,25,4,48
1,128,25,13,48
1,129,25,24,48
1,130,25,26,48
1,131,25,51,48
1,132,25,43,48
1,133,25,7,48
1,134,25,27,48
1,135,25,44,48
1,136,25,39,48
1,137,25,40,48
1,138,25,50,48
1,139,25,42,48
1,140,25,17,48
1,141,25,2,48
1,142,25,12,48
1,143,25,41,48
1,144,25,49,48
1,145,25,25,48
1,146,25,47,48
1,147,25,46,48
1,148,25,60,48
1,149,25,53,48
1,150,25,8,48
1,151,25,36,48
1,152,25,23,48
1,153,25,35,48
1,154,25,37,48
1,155,25,57,48
1,156,25,34,48
1,157,25,38,48
1,158,25,61,48
1,159,25,55,48
1,160,25,52,48
1,161,25,33,48
1,162,25,56,48
1,163,25,45,48
1,164,25,58,48
1,165,25,54,48
1,166,25,59,48
1,1,26,78,36
1,2,26,74,36
1,3,26,76,36
1,4,26,80,36
1,5,26,67,36
1,6,26,69,36
1,7,26,87,36
1,8,26,65,36
1,9,26,118,36
1,10,26,88,36
1,11,26,85,36
1,12,26,81,36
1,13,26,68,36
1,14,26,63,36
1,15,26,104,36
1,16,26,101,36
1,17,26,86,36
1,18,26,82,36
1,19,26,97,36
1,20,26,115,36
1,21,26,75,36
1,22,26,106,36
1,23,26,100,36
1,24,26,133,36
1,25,26,125,36
1,26,26,66,36
1,27,26,114,36
1,28,26,70,36
1,29,26,73,36
1,30,26,84,36
1,31,26,123,36
1,32,26,119,36
1,33,26,116,36
1,34,26,71,36
1,35,26,64,36
1,36,26,112,36
1,37,26,91,36
1,38,26,128,36
1,39,26,92,36
1,40,26,102,36
1,41,26,129,36
1,42,26,134,36
1,43,26,93,36
1,44,26,107,36
1,45,26,90,36
1,46,26,108,36
1,47,26,130,36
1,48,26,83,36
1,49,26,157,36
1,50,26,113,36
1,51,26,94,36
1,52,26,117,36
1,53,26,72,36
1,54,26,126,36
1,55,26,124,36
1,56,26,103,36
1,57,26,79,36
1,58,26,62,36
1,59,26,105,36
1,60,26,96,36
1,61,26,137,36
1,62,26,95,36
1,63,26,135,36
1,64,26,131,36
1,65,26,153,36
1,66,26,132,36
1,67,26,89,36
1,68,26,127,36
1,69,26,121,36
1,70,26,136,36
1,71,26,146,36
1,72,26,6,36
1,73,26,99,36
1,74,26,147,36
1,75,26,141,36
1,76,26,155,36
1,77,26,143,36
1,78,26,148,36
1,79,26,140,36
1,80,26,139,36
1,81,26,77,36
1,82,26,122,36
1,83,26,120,36
1,84,26,154,36
1,85,26,98,36
1,86,26,166,36
1,87,26,165,36
1,88,26,14,36
1,89,26,110,36
1,90,26,18,36
1,91,26,5,36
1,92,26,158,36
1,93,26,164,36
1,94,26,144,36
1,95,26,111,36
1,96,26,149,36
1,97,26,160,36
1,98,26,145,36
1,99,26,15,36
1,100,26,161,36
1,101,26,156,36
1,102,26,9,36
1,103,26,142,36
1,104,26,159,36
1,105,26,109,36
1,106,26,150,36
1,107,26,162,36
1,108,26,31,36
1,109,26,138,36
1,110,26,163,36
1,111,26,151,36
1,112,26,152,36
1,113,26,22,36
1,114,26,3,36
1,115,26,30,36
1,116,26,19,36
1,117,26,29,36
1,118,26,11,36
1,119,26,48,36
1,120,26,10,36
1,121,26,32,36
1,122,26,21,36
1,123,26,16,36
1,124,26,1,36
1,125,26,28,36
1,126,26,20,36
1,127,26,4,36
1,128,26,13,36
1,129,26,24,36
1,130,26,26,36
1,131,26,51,36
1,132,26,43,36
1,133,26,7,36
1,134,26,27,36
1,135,26,44,36
1,136,26,39,36
1,137,26,40,36
1,138,26,50,36
1,139,26,42,36
1,140,26,17,36
1,141,26,2,36
1,142,26,12,36
1,143,26,41,36
1,144,26,49,36
1,145,26,25,36
1,146,26,47,36
1,147,26,46,36
1,148,26,60,36
1,149,26,53,36
1,150,26,8,36
1,151,26,36,36
1,152,26,23,36
1,153,26,35,36
1,154,26,37,36
1,155,26,57,36
1,156,26,34,36
1,157,26,38,36
1,158,26,61,36
1,159,26,55,36
1,160,26,52,36
1,161,26,33,36
1,162,26,56,36
1,163,26,45,36
1,164,26,58,36
1,165,26,54,36
1,166,26,59,36
1,1,27,78,23
1,2,27,74,23
1,3,27,76,23
1,4,27,80,23
1,5,27,67,23
1,6,27,69,23
1,7,27,87,23
1,8,27,65,23
1,9,27,118,23
1,10,27,88,23
1,11,27,85,23
1,12,27,81,23
1,13,27,68,23
1,14,27,63,23
1,15,27,104,23
1,16,27,101,23
1,17,27,86,23
1,18,27,82,23
1,19,27,97,23
1,20,27,115,23
1,21,27,75,23
1,22,27,106,23
1,23,27,100,23
1,24,27,133,23
1,25,27,125,23
1,26,27,66,23
1,27,27,114,23
1,28,27,70,23
1,29,27,73,23
1,30,27,84,23
1,31,27,123,23
1,32,27,119,23
1,33,27,116,23
1,34,27,71,23
1,35,27,64,23
1,36,27,112,23
1,37,27,91,23
1,38,27,128,23
1,39,27,92,23
1,40,27,102,23
1,41,27,129,23
1,42,27,134,23
1,43,27,93,23
1,44,27,107,23
1,45,27,90,23
1,46,27,108,23
1,47,27,130,23
1,48,27,83,23
1,49,27,157,23
1,50,27,113,23
1,51,27,94,23
1,52,27,117,23
1,53,27,72,23
1,54,27,126,23
1,55,27,124,23
1,56,27,103,23
1,57,27,79,23
1,58,27,62,23
1,59,27,105,23
1,60,27,96,23
1,61,27,137,23
1,62,27,95,23
1,63,27,135,23
1,64,27,131,23
1,65,27,153,23
1,66,27,132,23
1,67,27,89,23
1,68,27,127,23
1,69,27,121,23
1,70,27,136,23
1,71,27,146,23
1,72,27,6,23
1,73,27,99,23
1,74,27,147,23
1,75,27,141,23
1,76,27,155,23
1,77,27,143,23
1,78,27,148,23
1,79,27,140,23
1,80,27,139,23
1,81,27,77,23
1,82,27,122,23
1,83,27,120,23
1,84,27,154,23
1,85,27,98,23
1,86,27,166,23
1,87,27,165,23
1,88,27,14,23
1,89,27,110,23
1,90,27,18,23
1,91,27,5,23
1,92,27,158,23
1,93,27,164,23
1,94,27,144,23
1,95,27,111,23
1,96,27,149,23
1,97,27,160,23
1,98,27,145,23
1,99,27,15,23
1,100,27,161,23
1,101,27,156,23
1,102,27,9,23
1,103,27,142,23
1,104,27,159,23
1,105,27,109,23
1,106,27,150,23
1,107,27,162,23
1,108,27,31,23
1,109,27,138,23
1,110,27,163,23
1,111,27,151,23
1,112,27,152,23
1,113,27,22,23
1,114,27,3,23
1,115,27,30,23
1,116,27,19,23
1,117,27,29,23
1,118,27,11,23
1,119,27,48,23
1,120,27,10,23
1,121,27,32,23
1,122,27,21,23
1,123,27,16,23
1,124,27,1,23
1,125,27,28,23
1,126,27,20,23
1,127,27,4,23
1,128,27,13,23
1,129,27,24,23
1,130,27,26,23
1,131,27,51,23
1,132,27,43,23
1,133,27,7,23
1,134,27,27,23
1,135,27,44,23
1,136,27,39,23
1,137,27,40,23
1,138,27,50,23
1,139,27,42,23
1,140,27,17,23
1,141,27,2,23
1,142,27,12,23
1,143,27,41,23
1,144,27,49,23
1,145,27,25,23
1,146,27,47,23
1,147,27,46,23
1,148,27,60,23
1,149,27,53,23
1,150,27,8,23
1,151,27,36,23
1,152,27,23,23
1,153,27,35,23
1,154,27,37,23
1,155,27,57,23
1,156,27,34,23
1,157,27,38,23
1,158,27,61,23
1,159,27,55,23
1,160,27,52,23
1,161,27,33,23
1,162,27,56,23
1,163,27,45,23
1,164,27,58,23
1,165,27,54,23
1,166,27,59,23
1,1,28,78,137
1,2,28,74,137
1,3,28,76,137
1,4,28,80,137
1,5,28,67,137
1,6,28,69,137
1,7,28,87,137
1,8,28,65,137
1,9,28,118,137
1,10,28,88,137
1,11,28,85,137
1,12,28,81,137
1,13,28,68,137
1,14,28,63,137
1,15,28,104,137
1,16,28,101,137
1,17,28,86,137
1,18,28,82,137
1,19,28,97,137
1,20,28,115,137
1,21,28,75,137
1,22,28,106,137
1,23,28,100,137
1,24,28,133,137
1,25,28,125,137
1,26,28,66,137
1,27,28,114,137
1,28,28,70,137
1,29,28,73,137
1,30,28,84,137
1,31,28,123,137
1,32,28,119,137
1,33,28,116,137
1,34,28,71,137
1,35,28,64,137
1,36,28,112,137
1,37,28,91,137
1,38,28,128,137
1,39,28,92,137
1,40,28,102,137
1,41,28,129,137
1,42,28,134,137
1,43,28,93,137
1,44,28,107,137
1,45,28,90,137
1,46,28,108,137
1,47,28,130,137
1,48,28,83,137
1,49,28,157,137
1,50,28,113,137
1,51,28,94,137
1,52,28,117,137
1,53,28,72,137
1,54,28,126,137
1,55,28,124,137
1,56,28,103,137
1,57,28,79,137
1,58,28,62,137
1,59,28,105,137
1,60,28,96,137
1,61,28,137,137
1,62,28,95,137
1,63,28,135,137
1,64,28,131,137
1,65,28,153,137
1,66,28,132,137
1,67,28,89,137
1,68,28,127,137
1,69,28,121,137
1,70,28,136,137
1,71,28,146,137
1,72,28,6,137
1,73,28,99,137
1,74,28,147,137
1,75,28,141,137
1,76,28,155,137
1,77,28,143,137
1,78,28,148,137
1,79,28,140,137
1,80,28,139,137
1,81,28,77,137
1,82,28,122,137
1,83,28,120,137
1,84,28,154,137
1,85,28,98,137
1,86,28,166,137
1,87,28,165,137
1,88,28,14,137
1,89,28,110,137
1,90,28,18,137
1,91,28,5,137
1,92,28,158,137
1,93,28,164,137
1,94,28,144,137
1,95,28,111,137
1,96,28,149,137
1,97,28,160,137
1,98,28,145,137
1,99,28,15,137
1,100,28,161,137
1,101,28,156,137
1,102,28,9,137
1,103,28,142,137
1,104,28,159,137
1,105,28,109,137
1,106,28,150,137
1,107,28,162,137
1,108,28,31,137
1,109,28,138,137
1,110,28,163,137
1,111,28,151,137
1,112,28,152,137
1,113,28,22,137
1,114,28,3,137
1,115,28,30,137
1,116,28,19,137
1,117,28,29,137
1,118,28,11,137
1,119,28,48,137
1,120,28,10,137
1,121,28,32,137
1,122,28,21,137
1,123,28,16,137
1,124,28,1,137
1,125,28,28,137
1,126,28,20,137
1,127,28,4,137
1,128,28,13,137
1,129,28,24,137
1,130,28,26,137
1,131,28,51,137
1,132,28,43,137
1,133,28,7,137
1,134,28,27,137
1,135,28,44,137
1,136,28,39,137
1,137,28,40,137
1,138,28,50,137
1,139,28,42,137
1,140,28,17,137
1,141,28,2,137
1,142,28,12,137
1,143,28,41,137
1,144,28,49,137
1,145,28,25,137
1,146,28,47,137
1,147,28,46,137
1,148,28,60,137
1,149,28,53,137
1,150,28,8,137
1,151,28,36,137
1,152,28,23,137
1,153,28,35,137
1,154,28,37,137
1,155,28,57,137
1,156,28,34,137
1,157,28,38,137
1,158,28,61,137
1,159,28,55,137
1,160,28,52,137
1,161,28,33,137
1,162,28,56,137
1,163,28,45,137
1,164,28,58,137
1,165,28,54,137
1,166,28,59,137
1,1,29,78,129
1,2,29,74,129
1,3,29,76,129
1,4,29,80,129
1,5,29,67,129
1,6,29,69,129
1,7,29,87,129
1,8,29,65,129
1,9,29,118,129
1,10,29,88,129
1,11,29,85,129
1,12,29,81,129
1,13,29,68,129
1,14,29,63,129
1,15,29,104,129
1,16,29,101,129
1,17,29,86,129
1,18,29,82,129
1,19,29,97,129
1,20,29,115,129
1,21,29,75,129
1,22,29,106,129
1,23,29,100,129
1,24,29,133,129
1,25,29,125,129
1,26,29,66,129
1,27,29,114,129
1,28,29,70,129
1,29,29,73,129
1,30,29,84,129
1,31,29,123,129
1,32,29,119,129
1,33,29,116,129
1,34,29,71,129
1,35,29,64,129
1,36,29,112,129
1,37,29,91,129
1,38,29,128,129
1,39,29,92,129
1,40,29,102,129
1,41,29,129,129
1,42,29,134,129
1,43,29,93,129
1,44,29,107,129
1,45,29,90,129
1,46,29,108,129
1,47,29,130,129
1,48,29,83,129
1,49,29,157,129
1,50,29,113,129
1,51,29,94,129
1,52,29,117,129
1,53,29,72,129
1,54,29,126,129
1,55,29,124,129
1,56,29,103,129
1,57,29,79,129
1,58,29,62,129
1,59,29,105,129
1,60,29,96,129
1,61,29,137,129
1,62,29,95,129
1,63,29,135,129
1,64,29,131,129
1,65,29,153,129
1,66,29,132,129
1,67,29,89,129
1,68,29,127,129
1,69,29,121,129
1,70,29,136,129
1,71,29,146,129
1,72,29,6,129
1,73,29,99,129
1,74,29,147,129
1,75,29,141,129
1,76,29,155,129
1,77,29,143,129
1,78,29,148,129
1,79,29,140,129
1,80,29,139,129
1,81,29,77,129
1,82,29,122,129
1,83,29,120,129
1,84,29,154,129
1,85,29,98,129
1,86,29,166,129
1,87,29,165,129
1,88,29,14,129
1,89,29,110,129
1,90,29,18,129
1,91,29,5,129
1,92,29,158,129
1,93,29,164,129
1,94,29,144,129
1,95,29,111,129
1,96,29,149,129
1,97,29,160,129
1,98,29,145,129
1,99,29,15,129
1,100,29,161,129
1,101,29,156,129
1,102,29,9,129
1,103,29,142,129
1,104,29,159,129
1,105,29,109,129
1,106,29,150,129
1,107,29,162,129
1,108,29,31,129
1,109,29,138,129
1,110,29,163,129
1,111,29,151,129
1,112,29,152,129
1,113,29,22,129
1,114,29,3,129
1,115,29,30,129
1,116,29,19,129
1,117,29,29,129
1,118,29,11,129
1,119,29,48,129
1,120,29,10,129
1,121,29,32,129
1,122,29,21,129
1,123,29,16,129
1,124,29,1,129
1,125,29,28,129
1,126,29,20,129
1,127,29,4,129
1,128,29,13,129
1,129,29,24,129
1,130,29,26,129
1,131,29,51,129
1,132,29,43,129
1,133,29,7,129
1,134,29,27,129
1,135,29,44,129
1,136,29,39,129
1,137,29,40,129
1,138,29,50,129
1,139,29,42,129
1,140,29,17,129
1,141,29,2,129
1,142,29,12,129
1,143,29,41,129
1,144,29,49,129
1,145,29,25,129
1,146,29,47,129
1,147,29,46,129
1,148,29,60,129
1,149,29,53,129
1,150,29,8,129
1,151,29,36,129
1,152,29,23,129
1,153,29,35,129
1,154,29,37,129
1,155,29,57,129
1,156,29,34,129
1,157,29,38,129
1,158,29,61,129
1,159,29,55,129
1,160,29,52,129
1,161,29,33,129
1,162,29,56,129
1,163,29,45,129
1,164,29,58,129
1,165,29,54,129
1,166,29,59,129
1,1,30,78,7
1,2,30,74,7
1,3,30,76,7
1,4,30,80,7
1,5,30,67,7
1,6,30,69,7
1,7,30,87,7
1,8,30,65,7
1,9,30,118,7
1,10,30,88,7
1,11,30,85,7
1,12,30,81,7
1,13,30,68,7
1,14,30,63,7
1,15,30,104,7
1,16,30,101,7
1,17,30,86,7
1,18,30,82,7
1,19,30,97,7
1,20,30,115,7
1,21,30,75,7
1,22,30,106,7
1,23,30,100,7
1,24,30,133,7
1,25,30,125,7
1,26,30,66,7
1,27,30,114,7
1,28,30,70,7
1,29,30,73,7
1,30,30,84,7
1,31,30,123,7
1,32,30,119,7
1,33,30,116,7
1,34,30,71,7
1,35,30,64,7
1,36,30,112,7
1,37,30,91,7
1,38,30,128,7
1,39,30,92,7
1,40,30,102,7
1,41,30,129,7
1,42,30,134,7
1,43,30,93,7
1,44,30,107,7
1,45,30,90,7
1,46,30,108,7
1,47,30,130,7
1,48,30,83,7
1,49,30,157,7
1,50,30,113,7
1,51,30,94,7
1,52,30,117,7
1,53,30,72,7
1,54,30,126,7
1,55,30,124,7
1,56,30,103,7
1,57,30,79,7
1,58,30,62,7
1,59,30,105,7
1,60,30,96,7
1,61,30,137,7
1,62,30,95,7
1,63,30,135,7
1,64,30,131,7
1,65,30,153,7
1,66,30,132,7
1,67,30,89,7
1,68,30,127,7
1,69,30,121,7
1,70,30,136,7
1,71,30,146,7
1,72,30,6,7
1,73,30,99,7
1,74,30,147,7
1,75,30,141,7
1,76,30,155,7
1,77,30,143,7
1,78,30,148,7
1,79,30,140,7
1,80,30,139,7
1,81,30,77,7
1,82,30,122,7
1,83,30,120,7
1,84,30,154,7
1,85,30,98,7
1,86,30,166,7
1,87,30,165,7
1,88,30,14,7
1,89,30,110,7
1,90,30,18,7
1,91,30,5,7
1,92,30,158,7
1,93,30,164,7
1,94,30,144,7
1,95,30,111,7
1,96,30,149,7
1,97,30,160,7
1,98,30,145,7
1,99,30,15,7
1,100,30,161,7
1,101,30,156,7
1,102,30,9,7
1,103,30,142,7
1,104,30,159,7
1,105,30,109,7
1,106,30,150,7
1,107,30,162,7
1,108,30,31,7
1,109,30,138,7
1,110,30,163,7
1,111,30,151,7
1,112,30,152,7
1,113,30,22,7
1,114,30,3,7
1,115,30,30,7
1,116,30,19,7
1,117,30,29,7
1,118,30,11,7
1,119,30,48,7
1,120,30,10,7
1,121,30,32,7
1,122,30,21,7
1,123,30,16,7
1,124,30,1,7
1,125,30,28,7
1,126,30,20,7
1,127,30,4,7
1,128,30,13,7
1,129,30,24,7
1,130,30,26,7
1,131,30,51,7
1,132,30,43,7
1,133,30,7,7
1,134,30,27,7
1,135,30,44,7
1,136,30,39,7
1,137,30,40,7
1,138,30,50,7
1,139,30,42,7
1,140,30,17,7
1,141,30,2,7
1,142,30,12,7
1,143,30,41,7
1,144,30,49,7
1,145,30,25,7
1,146,30,47,7
1,147,30,46,7
1,148,30,60,7
1,149,30,53,7
1,150,30,8,7
1,151,30,36,7
1,152,30,23,7
1,153,30,35,7
1,154,30,37,7
1,155,30,57,7
1,156,30,34,7
1,157,30,38,7
1,158,30,61,7
1,159,30,55,7
1,160,30,52,7
1,161,30,33,7
1,162,30,56,7
1,163,30,45,7
1,164,30,58,7
1,165,30,54,7
1,166,30,59,7
1,1,31,78,100
1,2,31,74,100
1,3,31,76,100
1,4,31,80,100
1,5,31,67,100
1,6,31,69,100
1,7,31,87,100
1,8,31,65,100
1,9,31,118,100
1,10,31,88,100
1,11,31,85,100
1,12,31,81,100
1,13,31,68,100
1,14,31,63,100
1,15,31,104,100
1,16,31,101,100
1,17,31,86,100
1,18,31,82,100
1,19,31,97,100
1,20,31,115,100
1,21,31,75,100
1,22,31,106,100
1,23,31,100,100
1,24,31,133,100
1,25,31,125,100
1,26,31,66,100
1,27,31,114,100
1,28,31,70,100
1,29,31,73,100
1,30,31,84,100
1,31,31,123,100
1,32,31,119,100
1,33,31,116,100
1,34,31,71,100
1,35,31,64,100
1,36,31,112,100
1,37,31,91,100
1,38,31,128,100
1,39,31,92,100
1,40,31,102,100
1,41,31,129,100
1,42,31,134,100
1,43,31,93,100
1,44,31,107,100
1,45,31,90,100
1,46,31,108,100
1,47,31,130,100
1,48,31,83,100
1,49,31,157,100
1,50,31,113,100
1,51,31,94,100
1,52,31,117,100
1,53,31,72,100
1,54,31,126,100
1,55,31,124,100
1,56,31,103,100
1,57,31,79,100
1,58,31,62,100
1,59,31,105,100
1,60,31,96,100
1,61,31,137,100
1,62,31,95,100
1,63,31,135,100
1,64,31,131,100
1,65,31,153,100
1,66,31,132,100
1,67,31,89,100
1,68,31,127,100
1,69,31,121,100
1,70,31,136,100
1,71,31,146,100
1,72,31,6,100
1,73,31,99,100
1,74,31,147,100
1,75,31,141,100
1,76,31,155,100
1,77,31,143,100
1,78,31,148,100
1,79,31,140,100
1,80,31,139,100
1,81,31,77,100
1,82,31,122,100
1,83,31,120,100
1,84,31,154,100
1,85,31,98,100
1,86,31,166,100
1,87,31,165,100
1,88,31,14,100
1,89,31,110,100
1,90,31,18,100
1,91,31,5,100
1,92,31,158,100
1,93,31,164,100
1,94,31,144,100
1,95,31,111,100
1,96,31,149,100
1,97,31,160,100
1,98,31,145,100
1,99,31,15,100
1,100,31,161,100
1,101,31,156,100
1,102,31,9,100
1,103,31,142,100
1,104,31,159,100
1,105,31,109,100
1,106,31,150,100
1,107,31,162,100
1,108,31,31,100
1,109,31,138,100
1,110,31,163,100
1,111,31,151,100
1,112,31,152,100
1,113,31,22,100
1,114,31,3,100
1,115,31,30,100
1,116,31,19,100
1,117,31,29,100
1,118,31,11,100
1,119,31,48,100
1,120,31,10,100
1,121,31,32,100
1,122,31,21,100
1,123,31,16,100
1,124,31,1,100
1,125,31,28,100
1,126,31,20,100
1,127,31,4,100
1,128,31,13,100
1,129,31,24,100
1,130,31,26,100
1,131,31,51,100
1,132,31,43,100
1,133,31,7,100
1,134,31,27,100
1,135,31,44,100
1,136,31,39,100
1,137,31,40,100
1,138,31,50,100
1,139,31,42,100
1,140,31,17,100
1,141,31,2,100
1,142,31,12,100
1,143,31,41,100
1,144,31,49,100
1,145,31,25,100
1,146,31,47,100
1,147,31,46,100
1,148,31,60,100
1,149,31,53,100
1,150,31,8,100
1,151,31,36,100
1,152,31,23,100
1,153,31,35,100
1,154,31,37,100
1,155,31,57,100
1,156,31,34,100
1,157,31,38,100
1,158,31,61,100
1,159,31,55,100
1,160,31,52,100
1,161,31,33,100
1,162,31,56,100
1,163,31,45,100
1,164,31,58,100
1,165,31,54,100
1,166,31,59,100
1,1,32,78,102
1,2,32,74,102
1,3,32,76,102
1,4,32,80,102
1,5,32,67,102
1,6,32,69,102
1,7,32,87,102
1,8,32,65,102
1,9,32,118,102
1,10,32,88,102
1,11,32,85,102
1,12,32,81,102
1,13,32,68,102
1,14,32,63,102
1,15,32,104,102
1,16,32,101,102
1,17,32,86,102
1,18,32,82,102
1,19,32,97,102
1,20,32,115,102
1,21,32,75,102
1,22,32,106,102
1,23,32,100,102
1,24,32,133,102
1,25,32,125,102
1,26,32,66,102
1,27,32,114,102
1,28,32,70,102
1,29,32,73,102
1,30,32,84,102
1,31,32,123,102
1,32,32,119,102
1,33,32,116,102
1,34,32,71,102
1,35,32,64,102
1,36,32,112,102
1,37,32,91,102
1,38,32,128,102
1,39,32,92,102
1,40,32,102,102
1,41,32,129,102
1,42,32,134,102
1,43,32,93,102
1,44,32,107,102
1,45,32,90,102
1,46,32,108,102
1,47,32,130,102
1,48,32,83,102
1,49,32,157,102
1,50,32,113,102
1,51,32,94,102
1,52,32,117,102
1,53,32,72,102
1,54,32,126,102
1,55,32,124,102
1,56,32,103,102
1,57,32,79,102
1,58,32,62,102
1,59,32,105,102
1,60,32,96,102
1,61,32,137,102
1,62,32,95,102
1,63,32,135,102
1,64,32,131,102
1,65,32,153,102
1,66,32,132,102
1,67,32,89,102
1,68,32,127,102
1,69,32,121,102
1,70,32,136,102
1,71,32,146,102
1,72,32,6,102
1,73,32,99,102
1,74,32,147,102
1,75,32,141,102
1,76,32,155,102
1,77,32,143,102
1,78,32,148,102
1,79,32,140,102
1,80,32,139,102
1,81,32,77,102
1,82,32,122,102
1,83,32,120,102
1,84,32,154,102
1,85,32,98,102
1,86,32,166,102
1,87,32,165,102
1,88,32,14,102
1,89,32,110,102
1,90,32,18,102
1,91,32,5,102
1,92,32,158,102
1,93,32,164,102
1,94,32,144,102
1,95,32,111,102
1,96,32,149,102
1,97,32,160,102
1,98,32,145,102
1,99,32,15,102
1,100,32,161,102
1,101,32,156,102
1,102,32,9,102
1,103,32,142,102
1,104,32,159,102
1,105,32,109,102
1,106,32,150,102
1,107,32,162,102
1,108,32,31,102
1,109,32,138,102
1,110,32,163,102
1,111,32,151,102
1,112,32,152,102
1,113,32,22,102
1,114,32,3,102
1,115,32,30,102
1,116,32,19,102
1,117,32,29,102
1,118,32,11,102
1,119,32,48,102
1,120,32,10,102
1,121,32,32,102
1,122,32,21,102
1,123,32,16,102
1,124,32,1,102
1,125,32,28,102
1,126,32,20,102
1,127,32,4,102
1,128,32,13,102
1,129,32,24,102
1,130,32,26,102
1,131,32,51,102
1,132,32,43,102
1,133,32,7,102
1,134,32,27,102
1,135,32,44,102
1,136,32,39,102
1,137,32,40,102
1,138,32,50,102
1,139,32,42,102
1,140,32,17,102
1,141,32,2,102
1,142,32,12,102
1,143,32,41,102
1,144,32,49,102
1,145,32,25,102
1,146,32,47,102
1,147,32,46,102
1,148,32,60,102
1,149,32,53,102
1,150,32,8,102
1,151,32,36,102
1,152,32,23,102
1,153,32,35,102
1,154,32,37,102
1,155,32,57,102
1,156,32,34,102
1,157,32,38,102
1,158,32,61,102
1,159,32,55,102
1,160,32,52,102
1,161,32,33,102
1,162,32,56,102
1,163,32,45,102
1,164,32,58,102
1,165,32,54,102
1,166,32,59,102
1,1,33,78,19
1,2,33,74,19
1,3,33,76,19
1,4,33,80,19
1,5,33,67,19
1,6,33,69,19
1,7,33,87,19
1,8,33,65,19
1,9,33,118,19
1,10,33,88,19
1,11,33,85,19
1,12,33,81,19
1,13,33,68,19
1,14,33,63,19
1,15,33,104,19
1,16,33,101,19
1,17,33,86,19
1,18,33,82,19
1,19,33,97,19
1,20,33,115,19
1,21,33,75,19
1,22,33,106,19
1,23,33,100,19
1,24,33,133,19
1,25,33,125,19
1,26,33,66,19
1,27,33,114,19
1,28,33,70,19
1,29,33,73,19
1,30,33,84,19
1,31,33,123,19
1,32,33,119,19
1,33,33,116,19
1,34,33,71,19
1,35,33,64,19
1,36,33,112,19
1,37,33,91,19
1,38,33,128,19
1,39,33,92,19
1,40,33,102,19
1,41,33,129,19
1,42,33,134,19
1,43,33,93,19
1,44,33,107,19
1,45,33,90,19
1,46,33,108,19
1,47,33,130,19
1,48,33,83,19
1,49,33,157,19
1,50,33,113,19
1,51,33,94,19
1,52,33,117,19
1,53,33,72,19
1,54,33,126,19
1,55,33,124,19
1,56,33,103,19
1,57,33,79,19
1,58,33,62,19
1,59,33,105,19
1,60,33,96,19
1,61,33,137,19
1,62,33,95,19
1,63,33,135,19
1,64,33,131,19
1,65,33,153,19
1,66,33,132,19
1,67,33,89,19
1,68,33,127,19
1,69,33,121,19
1,70,33,136,19
1,71,33,146,19
1,72,33,6,19
1,73,33,99,19
1,74,33,147,19
1,75,33,141,19
1,76,33,155,19
1,77,33,143,19
1,78,33,148,19
1,79,33,140,19
1,80,33,139,19
1,81,33,77,19
1,82,33,122,19
1,83,33,120,19
1,84,33,154,19
1,85,33,98,19
1,86,33,166,19
1,87,33,165,19
1,88,33,14,19
1,89,33,110,19
1,90,33,18,19
1,91,33,5,19
1,92,33,158,19
1,93,33,164,19
1,94,33,144,19
1,95,33,111,19
1,96,33,149,19
1,97,33,160,19
1,98,33,145,19
1,99,33,15,19
1,100,33,161,19
1,101,33,156,19
1,102,33,9,19
1,103,33,142,19
1,104,33,159,19
1,105,33,109,19
1,106,33,150,19
1,107,33,162,19
1,108,33,31,19
1,109,33,138,19
1,110,33,163,19
1,111,33,151,19
1,112,33,152,19
1,113,33,22,19
1,114,33,3,19
1,115,33,30,19
1,116,33,19,19
1,117,33,29,19
1,118,33,11,19
1,119,33,48,19
1,120,33,10,19
1,121,33,32,19
1,122,33,21,19
1,123,33,16,19
1,124,33,1,19
1,125,33,28,19
1,126,33,20,19
1,127,33,4,19
1,128,33,13,19
1,129,33,24,19
1,130,33,26,19
1,131,33,51,19
1,132,33,43,19
1,133,33,7,19
1,134,33,27,19
1,135,33,44,19
1,136,33,39,19
1,137,33,40,19
1,138,33,50,19
1,139,33,42,19
1,140,33,17,19
1,141,33,2,19
1,142,33,12,19
1,143,33,41,19
1,144,33,49,19
1,145,33,25,19
1,146,33,47,19
1,147,33,46,19
1,148,33,60,19
1,149,33,53,19
1,150,33,8,19
1,151,33,36,19
1,152,33,23,19
1,153,33,35,19
1,154,33,37,19
1,155,33,57,19
1,156,33,34,19
1,157,33,38,19
1,158,33,61,19
1,159,33,55,19
1,160,33,52,19
1,161,33,33,19
1,162,33,56,19
1,163,33,45,19
1,164,33,58,19
1,165,33,54,19
1,166,33,59,19
1,1,34,78,95
1,2,34,74,95
1,3,34,76,95
1,4,34,80,95
1,5,34,67,95
1,6,34,69,95
1,7,34,87,95
1,8,34,65,95
1,9,34,118,95
1,10,34,88,95
1,11,34,85,95
1,12,34,81,95
1,13,34,68,95
1,14,34,63,95
1,15,34,104,95
1,16,34,101,95
1,17,34,86,95
1,18,34,82,95
1,19,34,97,95
1,20,34,115,95
1,21,34,75,95
1,22,34,106,95
1,23,34,100,95
1,24,34,133,95
1,25,34,125,95
1,26,34,66,95
1,27,34,114,95
1,28,34,70,95
1,29,34,73,95
1,30,34,84,95
1,31,34,123,95
1,32,34,119,95
1,33,34,116,95
1,34,34,71,95
1,35,34,64,95
1,36,34,112,95
1,37,34,91,95
1,38,34,128,95
1,39,34,92,95
1,40,34,102,95
1,41,34,129,95
1,42,34,134,95
1,43,34,93,95
1,44,34,107,95
1,45,34,90,95
1,46,34,108,95
1,47,34,130,95
1,48,34,83,95
1,49,34,157,95
1,50,34,113,95
1,51,34,94,95
1,52,34,117,95
1,53,34,72,95
1,54,34,126,95
1,55,34,124,95
1,56,34,103,95
1,57,34,79,95
1,58,34,62,95
1,59,34,105,95
1,60,34,96,95
1,61,34,137,95
1,62,34,95,95
1,63,34,135,95
1,64,34,131,95
1,65,34,153,95
1,66,34,132,95
1,67,34,89,95
1,68,34,127,95
1,69,34,121,95
1,70,34,136,95
1,71,34,146,95
1,72,34,6,95
1,73,34,99,95
1,74,34,147,95
1,75,34,141,95
1,76,34,155,95
1,77,34,143,95
1,78,34,148,95
1,79,34,140,95
1,80,34,139,95
1,81,34,77,95
1,82,34,122,95
1,83,34,120,95
1,84,34,154,95
1,85,34,98,95
1,86,34,166,95
1,87,34,165,95
1,88,34,14,95
1,89,34,110,95
1,90,34,18,95
1,91,34,5,95
1,92,34,158,95
1,93,34,164,95
1,94,34,144,95
1,95,34,111,95
1,96,34,149,95
1,97,34,160,95
1,98,34,145,95
1,99,34,15,95
1,100,34,161,95
1,101,34,156,95
1,102,34,9,95
1,103,34,142,95
1,104,34,159,95
1,105,34,109,95
1,106,34,150,95
1,107,34,162,95
1,108,34,31,95
1,109,34,138,95
1,110,34,163,95
1,111,34,151,95
1,112,34,152,95
1,113,34,22,95
1,114,34,3,95
1,115,34,30,95
1,116,34,19,95
1,117,34,29,95
1,118,34,11,95
1,119,34,48,95
1,120,34,10,95
1,121,34,32,95
1,122,34,21,95
1,123,34,16,95
1,124,34,1,95
1,125,34,28,95
1,126,34,20,95
1,127,34,4,95
1,128,34,13,95
1,129,34,24,95
1,130,34,26,95
1,131,34,51,95
1,132,34,43,95
1,133,34,7,95
1,134,34,27,95
1,135,34,44,95
1,136,34,39,95
1,137,34,40,95
1,138,34,50,95
1,139,34,42,95
1,140,34,17,95
1,141,34,2,95
1,142,34,12,95
1,143,34,41,95
1,144,34,49,95
1,145,34,25,95
1,146,34,47,95
1,147,34,46,95
1,148,34,60,95
1,149,34,53,95
1,150,34,8,95
1,151,34,36,95
1,152,34,23,95
1,153,34,35,95
1,154,34,37,95
1,155,34,57,95
1,156,34,34,95
1,157,34,38,95
1,158,34,61,95
1,159,34,55,95
1,160,34,52,95
1,161,34,33,95
1,162,34,56,95
1,163,34,45,95
1,164,34,58,95
1,165,34,54,95
1,166,34,59,95
1,1,35,78,105
1,2,35,74,105
1,3,35,76,105
1,4,35,80,105
1,5,35,67,105
1,6,35,69,105
1,7,35,87,105
1,8,35,65,105
1,9,35,118,105
1,10,35,88,105
1,11,35,85,105
1,12,35,81,105
1,13,35,68,105
1,14,35,63,105
1,15,35,104,105
1,16,35,101,105
1,17,35,86,105
1,18,35,82,105
1,19,35,97,105
1,20,35,115,105
1,21,35,75,105
1,22,35,106,105
1,23,35,100,105
1,24,35,133,105
1,25,35,125,105
1,26,35,66,105
1,27,35,114,105
1,28,35,70,105
1,29,35,73,105
1,30,35,84,105
1,31,35,123,105
1,32,35,119,105
1,33,35,116,105
1,34,35,71,105
1,35,35,64,105
1,36,35,112,105
1,37,35,91,105
1,38,35,128,105
1,39,35,92,105
1,40,35,102,105
1,41,35,129,105
1,42,35,134,105
1,43,35,93,105
1,44,35,107,105
1,45,35,90,105
1,46,35,108,105
1,47,35,130,105
1,48,35,83,105
1,49,35,157,105
1,50,35,113,105
1,51,35,94,105
1,52,35,117,105
1,53,35,72,105
1,54,35,126,105
1,55,35,124,105
1,56,35,103,105
1,57,35,79,105
1,58,35,62,105
1,59,35,105,105
1,60,35,96,105
1,61,35,137,105
1,62,35,95,105
1,63,35,135,105
1,64,35,131,105
1,65,35,153,105
1,66,35,132,105
1,67,35,89,105
1,68,35,127,105
1,69,35,121,105
1,70,35,136,105
1,71,35,146,105
1,72,35,6,105
1,73,35,99,105
1,74,35,147,105
1,75,35,141,105
1,76,35,155,105
1,77,35,143,105
1,78,35,148,105
1,79,35,140,105
1,80,35,139,105
1,81,35,77,105
1,82,35,122,105
1,83,35,120,105
1,84,35,154,105
1,85,35,98,105
1,86,35,166,105
1,87,35,165,105
1,88,35,14,105
1,89,35,110,105
1,90,35,18,105
1,91,35,5,105
1,92,35,158,105
1,93,35,164,105
1,94,35,144,105
1,95,35,111,105
1,96,35,149,105
1,97,35,160,105
1,98,35,145,105
1,99,35,15,105
1,100,35,161,105
1,101,35,156,105
1,102,35,9,105
1,103,35,142,105
1,104,35,159,105
1,105,35,109,105
1,106,35,150,105
1,107,35,162,105
1,108,35,31,105
1,109,35,138,105
1,110,35,163,105
1,111,35,151,105
1,112,35,152,105
1,113,35,22,105
1,114,35,3,105
1,115,35,30,105
1,116,35,19,105
1,117,35,29,105
1,118,35,11,105
1,119,35,48,105
1,120,35,10,105
1,121,35,32,105
1,122,35,21,105
1,123,35,16,105
1,124,35,1,105
1,125,35,28,105
1,126,35,20,105
1,127,35,4,105
1,128,35,13,105
1,129,35,24,105
1,130,35,26,105
1,131,35,51,105
1,132,35,43,105
1,133,35,7,105
1,134,35,27,105
1,135,35,44,105
1,136,35,39,105
1,137,35,40,105
1,138,35,50,105
1,139,35,42,105
1,140,35,17,105
1,141,35,2,105
1,142,35,12,105
1,143,35,41,105
1,144,35,49,105
1,145,35,25,105
1,146,35,47,105
1,147,35,46,105
1,148,35,60,105
1,149,35,53,105
1,150,35,8,105
1,151,35,36,105
1,152,35,23,105
1,153,35,35,105
1,154,35,37,105
1,155,35,57,105
1,156,35,34,105
1,157,35,38,105
1,158,35,61,105
1,159,35,55,105
1,160,35,52,105
1,161,35,33,105
1,162,35,56,105
1,163,35,45,105
1,164,35,58,105
1,165,35,54,105
1,166,35,59,105
1,1,36,78,53
1,2,36,74,53
1,3,36,76,53
1,4,36,80,53
1,5,36,67,53
1,6,36,69,53
1,7,36,87,53
1,8,36,65,53
1,9,36,118,53
1,10,36,88,53
1,11,36,85,53
1,12,36,81,53
1,13,36,68,53
1,14,36,63,53
1,15,36,104,53
1,16,36,101,53
1,17,36,86,53
1,18,36,82,53
1,19,36,97,53
1,20,36,115,53
1,21,36,75,53
1,22,36,106,53
1,23,36,100,53
1,24,36,133,53
1,25,36,125,53
1,26,36,66,53
1,27,36,114,53
1,28,36,70,53
1,29,36,73,53
1,30,36,84,53
1,31,36,123,53
1,32,36,119,53
1,33,36,116,53
1,34,36,71,53
1,35,36,64,53
1,36,36,112,53
1,37,36,91,53
1,38,36,128,53
1,39,36,92,53
1,40,36,102,53
1,41,36,129,53
1,42,36,134,53
1,43,36,93,53
1,44,36,107,53
1,45,36,90,53
1,46,36,108,53
1,47,36,130,53
1,48,36,83,53
1,49,36,157,53
1,50,36,113,53
1,51,36,94,53
1,52,36,117,53
1,53,36,72,53
1,54,36,126,53
1,55,36,124,53
1,56,36,103,53
1,57,36,79,53
1,58,36,62,53
1,59,36,105,53
1,60,36,96,53
1,61,36,137,53
1,62,36,95,53
1,63,36,135,53
1,64,36,131,53
1,65,36,153,53
1,66,36,132,53
1,67,36,89,53
1,68,36,127,53
1,69,36,121,53
1,70,36,136,53
1,71,36,146,53
1,72,36,6,53
1,73,36,99,53
1,74,36,147,53
1,75,36,141,53
1,76,36,155,53
1,77,36,143,53
1,78,36,148,53
1,79,36,140,53
1,80,36,139,53
1,81,36,77,53
1,82,36,122,53
1,83,36,120,53
1,84,36,154,53
1,85,36,98,53
1,86,36,166,53
1,87,36,165,53
1,88,36,14,53
1,89,36,110,53
1,90,36,18,53
1,91,36,5,53
1,92,36,158,53
1,93,36,164,53
1,94,36,144,53
1,95,36,111,53
1,96,36,149,53
1,97,36,160,53
1,98,36,145,53
1,99,36,15,53
1,100,36,161,53
1,101,36,156,53
1,102,36,9,53
1,103,36,142,53
1,104,36,159,53
1,105,36,109,53
1,106,36,150,53
1,107,36,162,53
1,108,36,31,53
1,109,36,138,53
1,110,36,163,53
1,111,36,151,53
1,112,36,152,53
1,113,36,22,53
1,114,36,3,53
1,115,36,30,53
1,116,36,19,53
1,117,36,29,53
1,118,36,11,53
1,119,36,48,53
1,120,36,10,53
1,121,36,32,53
1,122,36,21,53
1,123,36,16,53
1,124,36,1,53
1,125,36,28,53
1,126,36,20,53
1,127,36,4,53
1,128,36,13,53
1,129,36,24,53
1,130,36,26,53
1,131,36,51,53
1,132,36,43,53
1,133,36,7,53
1,134,36,27,53
1,135,36,44,53
1,136,36,39,53
1,137,36,40,53
1,138,36,50,53
1,139,36,42,53
1,140,36,17,53
1,141,36,2,53
1,142,36,12,53
1,143,36,41,53
1,144,36,49,53
1,145,36,25,53
1,146,36,47,53
1,147,36,46,53
1,148,36,60,53
1,149,36,53,53
1,150,36,8,53
1,151,36,36,53
1,152,36,23,53
1,153,36,35,53
1,154,36,37,53
1,155,36,57,53
1,156,36,34,53
1,157,36,38,53
1,158,36,61,53
1,159,36,55,53
1,160,36,52,53
1,161,36,33,53
1,162,36,56,53
1,163,36,45,53
1,164,36,58,53
1,165,36,54,53
1,166,36,59,53
1,1,37,78,62
1,2,37,74,62
1,3,37,76,62
1,4,37,80,62
1,5,37,67,62
1,6,37,69,62
1,7,37,87,62
1,8,37,65,62
1,9,37,118,62
1,10,37,88,62
1,11,37,85,62
1,12,37,81,62
1,13,37,68,62
1,14,37,63,62
1,15,37,104,62
1,16,37,101,62
1,17,37,86,62
1,18,37,82,62
1,19,37,97,62
1,20,37,115,62
1,21,37,75,62
1,22,37,106,62
1,23,37,100,62
1,24,37,133,62
1,25,37,125,62
1,26,37,66,62
1,27,37,114,62
1,28,37,70,62
1,29,37,73,62
1,30,37,84,62
1,31,37,123,62
1,32,37,119,62
1,33,37,116,62
1,34,37,71,62
1,35,37,64,62
1,36,37,112,62
1,37,37,91,62
1,38,37,128,62
1,39,37,92,62
1,40,37,102,62
1,41,37,129,62
1,42,37,134,62
1,43,37,93,62
1,44,37,107,62
1,45,37,90,62
1,46,37,108,62
1,47,37,130,62
1,48,37,83,62
1,49,37,157,62
1,50,37,113,62
1,51,37,94,62
1,52,37,117,62
1,53,37,72,62
1,54,37,126,62
1,55,37,124,62
1,56,37,103,62
1,57,37,79,62
1,58,37,62,62
1,59,37,105,62
1,60,37,96,62
1,61,37,137,62
1,62,37,95,62
1,63,37,135,62
1,64,37,131,62
1,65,37,153,62
1,66,37,132,62
1,67,37,89,62
1,68,37,127,62
1,69,37,121,62
1,70,37,136,62
1,71,37,146,62
1,72,37,6,62
1,73,37,99,62
1,74,37,147,62
1,75,37,141,62
1,76,37,155,62
1,77,37,143,62
1,78,37,148,62
1,79,37,140,62
1,80,37,139,62
1,81,37,77,62
1,82,37,122,62
1,83,37,120,62
1,84,37,154,62
1,85,37,98,62
1,86,37,166,62
1,87,37,165,62
1,88,37,14,62
1,89,37,110,62
1,90,37,18,62
1,91,37,5,62
1,92,37,158,62
1,93,37,164,62
1,94,37,144,62
1,95,37,111,62
1,96,37,149,62
1,97,37,160,62
1,98,37,145,62
1,99,37,15,62
1,100,37,161,62
1,101,37,156,62
1,102,37,9,62
1,103,37,142,62
1,104,37,159,62
1,105,37,109,62
1,106,37,150,62
1,107,37,162,62
1,108,37,31,62
1,109,37,138,62
1,110,37,163,62
1,111,37,151,62
1,112,37,152,62
1,113,37,22,62
1,114,37,3,62
1,115,37,30,62
1,116,37,19,62
1,117,37,29,62
1,118,37,11,62
1,119,37,48,62
1,120,37,10,62
1,121,37,32,62
1,122,37,21,62
1,123,37,16,62
1,124,37,1,62
1,125,37,28,62
1,126,37,20,62
1,127,37,4,62
1,128,37,13,62
1,129,37,24,62
1,130,37,26,62
1,131,37,51,62
1,132,37,43,62
1,133,37,7,62
1,134,37,27,62
1,135,37,44,62
1,136,37,39,62
1,137,37,40,62
1,138,37,50,62
1,139,37,42,62
1,140,37,17,62
1,141,37,2,62
1,142,37,12,62
1,143,37,41,62
1,144,37,49,62
1,145,37,25,62
1,146,37,47,62
1,147,37,46,62
1,148,37,60,62
1,149,37,53,62
1,150,37,8,62
1,151,37,36,62
1,152,37,23,62
1,153,37,35,62
1,154,37,37,62
1,155,37,57,62
1,156,37,34,62
1,157,37,38,62
1,158,37,61,62
1,159,37,55,62
1,160,37,52,62
1,161,37,33,62
1,162,37,56,62
1,163,37,45,62
1,164,37,58,62
1,165,37,54,62
1,166,37,59,62
1,1,38,78,124
1,2,38,74,124
1,3,38,76,124
1,4,38,80,124
1,5,38,67,124
1,6,38,69,124
1,7,38,87,124
1,8,38,65,124
1,9,38,118,124
1,10,38,88,124
1,11,38,85,124
1,12,38,81,124
1,13,38,68,124
1,14,38,63,124
1,15,38,104,124
1,16,38,101,124
1,17,38,86,124
1,18,38,82,124
1,19,38,97,124
1,20,38,115,124
1,21,38,75,124
1,22,38,106,124
1,23,38,100,124
1,24,38,133,124
1,25,38,125,124
1,26,38,66,124
1,27,38,114,124
1,28,38,70,124
1,29,38,73,124
1,30,38,84,124
1,31,38,123,124
1,32,38,119,124
1,33,38,116,124
1,34,38,71,124
1,35,38,64,124
1,36,38,112,124
1,37,38,91,124
1,38,38,128,124
1,39,38,92,124
1,40,38,102,124
1,41,38,129,124
1,42,38,134,124
1,43,38,93,124
1,44,38,107,124
1,45,38,90,124
1,46,38,108,124
1,47,38,130,124
1,48,38,83,124
1,49,38,157,124
1,50,38,113,124
1,51,38,94,124
1,52,38,117,124
1,53,38,72,124
1,54,38,126,124
1,55,38,124,124
1,56,38,103,124
1,57,38,79,124
1,58,38,62,124
1,59,38,105,124
1,60,38,96,124
1,61,38,137,124
1,62,38,95,124
1,63,38,135,124
1,64,38,131,124
1,65,38,153,124
1,66,38,132,124
1,67,38,89,124
1,68,38,127,124
1,69,38,121,124
1,70,38,136,124
1,71,38,146,124
1,72,38,6,124
1,73,38,99,124
1,74,38,147,124
1,75,38,141,124
1,76,38,155,124
1,77,38,143,124
1,78,38,148,124
1,79,38,140,124
1,80,38,139,124
1,81,38,77,124
1,82,38,122,124
1,83,38,120,124
1,84,38,154,124
1,85,38,98,124
1,86,38,166,124
1,87,38,165,124
1,88,38,14,124
1,89,38,110,124
1,90,38,18,124
1,91,38,5,124
1,92,38,158,124
1,93,38,164,124
1,94,38,144,124
1,95,38,111,124
1,96,38,149,124
1,97,38,160,124
1,98,38,145,124
1,99,38,15,124
1,100,38,161,124
1,101,38,156,124
1,102,38,9,124
1,103,38,142,124
1,104,38,159,124
1,105,38,109,124
1,106,38,150,124
1,107,38,162,124
1,108,38,31,124
1,109,38,138,124
1,110,38,163,124
1,111,38,151,124
1,112,38,152,124
1,113,38,22,124
1,114,38,3,124
1,115,38,30,124
1,116,38,19,124
1,117,38,29,124
1,118,38,11,124
1,119,38,48,124
1,120,38,10,124
1,121,38,32,124
1,122,38,21,124
1,123,38,16,124
1,124,38,1,124
1,125,38,28,124
1,126,38,20,124
1,127,38,4,124
1,128,38,13,124
1,129,38,24,124
1,130,38,26,124
1,131,38,51,124
1,132,38,43,124
1,133,38,7,124
1,134,38,27,124
1,135,38,44,124
1,136,38,39,124
1,137,38,40,124
1,138,38,50,124
1,139,38,42,124
1,140,38,17,124
1,141,38,2,124
1,142,38,12,124
1,143,38,41,124
1,144,38,49,124
1,145,38,25,124
1,146,38,47,124
1,147,38,46,124
1,148,38,60,124
1,149,38,53,124
1,150,38,8,124
1,151,38,36,124
1,152,38,23,124
1,153,38,35,124
1,154,38,37,124
1,155,38,57,124
1,156,38,34,124
1,157,38,38,124
1,158,38,61,124
1,159,38,55,124
1,160,38,52,124
1,161,38,33,124
1,162,38,56,124
1,163,38,45,124
1,164,38,58,124
1,165,38,54,124
1,166,38,59,124
1,1,39,78,151
1,2,39,74,151
1,3,39,76,151
1,4,39,80,151
1,5,39,67,151
1,6,39,69,151
1,7,39,87,151
1,8,39,65,151
1,9,39,118,151
1,10,39,88,151
1,11,39,85,151
1,12,39,81,151
1,13,39,68,151
1,14,39,63,151
1,15,39,104,151
1,16,39,101,151
1,17,39,86,151
1,18,39,82,151
1,19,39,97,151
1,20,39,115,151
1,21,39,75,151
1,22,39,106,151
1,23,39,100,151
1,24,39,133,151
1,25,39,125,151
1,26,39,66,151
1,27,39,114,151
1,28,39,70,151
1,29,39,73,151
1,30,39,84,151
1,31,39,123,151
1,32,39,119,151
1,33,39,116,151
1,34,39,71,151
1,35,39,64,151
1,36,39,112,151
1,37,39,91,151
1,38,39,128,151
1,39,39,92,151
1,40,39,102,151
1,41,39,129,151
1,42,39,134,151
1,43,39,93,151
1,44,39,107,151
1,45,39,90,151
1,46,39,108,151
1,47,39,130,151
1,48,39,83,151
1,49,39,157,151
1,50,39,113,151
1,51,39,94,151
1,52,39,117,151
1,53,39,72,151
1,54,39,126,151
1,55,39,124,151
1,56,39,103,151
1,57,39,79,151
1,58,39,62,151
1,59,39,105,151
1,60,39,96,151
1,61,39,137,151
1,62,39,95,151
1,63,39,135,151
1,64,39,131,151
1,65,39,153,151
1,66,39,132,151
1,67,39,89,151
1,68,39,127,151
1,69,39,121,151
1,70,39,136,151
1,71,39,146,151
1,72,39,6,151
1,73,39,99,151
1,74,39,147,151
1,75,39,141,151
1,76,39,155,151
1,77,39,143,151
1,78,39,148,151
1,79,39,140,151
1,80,39,139,151
1,81,39,77,151
1,82,39,122,151
1,83,39,120,151
1,84,39,154,151
1,85,39,98,151
1,86,39,166,151
1,87,39,165,151
1,88,39,14,151
1,89,39,110,151
1,90,39,18,151
1,91,39,5,151
1,92,39,158,151
1,93,39,164,151
1,94,39,144,151
1,95,39,111,151
1,96,39,149,151
1,97,39,160,151
1,98,39,145,151
1,99,39,15,151
1,100,39,161,151
1,101,39,156,151
1,102,39,9,151
1,103,39,142,151
1,104,39,159,151
1,105,39,109,151
1,106,39,150,151
1,107,39,162,151
1,108,39,31,151
1,109,39,138,151
1,110,39,163,151
1,111,39,151,151
1,112,39,152,151
1,113,39,22,151
1,114,39,3,151
1,115,39,30,151
1,116,39,19,151
1,117,39,29,151
1,118,39,11,151
1,119,39,48,151
1,120,39,10,151
1,121,39,32,151
1,122,39,21,151
1,123,39,16,151
1,124,39,1,151
1,125,39,28,151
1,126,39,20,151
1,127,39,4,151
1,128,39,13,151
1,129,39,24,151
1,130,39,26,151
1,131,39,51,151
1,132,39,43,151
1,133,39,7,151
1,134,39,27,151
1,135,39,44,151
1,136,39,39,151
1,137,39,40,151
1,138,39,50,151
1,139,39,42,151
1,140,39,17,151
1,141,39,2,151
1,142,39,12,151
1,143,39,41,151
1,144,39,49,151
1,145,39,25,151
1,146,39,47,151
1,147,39,46,151
1,148,39,60,151
1,149,39,53,151
1,150,39,8,151
1,151,39,36,151
1,152,39,23,151
1,153,39,35,151
1,154,39,37,151
1,155,39,57,151
1,156,39,34,151
1,157,39,38,151
1,158,39,61,151
1,159,39,55,151
1,160,39,52,151
1,161,39,33,151
1,162,39,56,151
1,163,39,45,151
1,164,39,58,151
1,165,39,54,151
1,166,39,59,151
1,1,40,78,56
1,2,40,74,56
1,3,40,76,56
1,4,40,80,56
1,5,40,67,56
1,6,40,69,56
1,7,40,87,56
1,8,40,65,56
1,9,40,118,56
1,10,40,88,56
1,11,40,85,56
1,12,40,81,56
1,13,40,68,56
1,14,40,63,56
1,15,40,104,56
1,16,40,101,56
1,17,40,86,56
1,18,40,82,56
2,19,40,97,56
2,20,40,115,56
2,21,40,75,56
2,22,40,106,56
2,23,40,100,56
2,24,40,133,56
2,25,40,125,56
2,26,40,66,56
2,27,40,114,56
2,28,40,70,56
2,29,40,73,56
2,30,40,84,56
2,31,40,123,56
2,32,40,119,56
2,33,40,116,56
2,34,40,71,56
2,35,40,64,56
2,36,40,112,56
2,37,40,91,56
2,38,40,128,56
2,39,40,92,56
2,40,40,102,56
2,41,40,129,56
2,42,40,134,56
2,43,40,93,56
2,44,40,107,56
2,45,40,90,56
2,46,40,108,56
2,47,40,130,56
2,48,40,83,56
2,49,40,157,56
2,50,40,113,56
2,51,40,94,56
2,52,40,117,56
2,53,40,72,56
2,54,40,126,56
2,55,40,124,56
2,56,40,103,56
3,57,40,79,56
3,58,40,62,56
3,59,40,105,56
3,60,40,96,56
3,61,40,137,56
12,62,40,95,56
12,63,40,135,56
12,64,40,131,56
12,65,40,153,56
12,66,40,132,56
12,67,40,89,56
12,68,40,127,56
12,69,40,121,56
12,70,40,136,56
1,71,40,146,56
1,72,40,6,56
1,73,40,99,56
1,74,40,147,56
1,75,40,141,56
1,76,40,155,56
1,77,40,143,56
1,78,40,148,56
1,79,40,140,56
1,80,40,139,56
1,81,40,77,56
1,82,40,122,56
1,83,40,120,56
1,84,40,154,56
1,85,40,98,56
1,86,40,166,56
1,87,40,165,56
1,88,40,14,56
1,89,40,110,56
1,90,40,18,56
1,91,40,5,56
1,92,40,158,56
1,93,40,164,56
1,94,40,144,56
1,95,40,111,56
1,96,40,149,56
1,97,40,160,56
1,98,40,145,56
1,99,40,15,56
1,100,40,161,56
1,101,40,156,56
1,102,40,9,56
1,103,40,142,56
1,104,40,159,56
1,105,40,109,56
1,106,40,150,56
1,107,40,162,56
1,108,40,31,56
1,109,40,138,56
1,110,40,163,56
1,111,40,151,56
1,112,40,152,56
1,113,40,22,56
1,114,40,3,56
1,115,40,30,56
1,116,40,19,56
1,117,40,29,56
1,118,40,11,56
1,119,40,48,56
1,120,40,10,56
1,121,40,32,56
1,122,40,21,56
1,123,40,16,56
1,124,40,1,56
1,125,40,28,56
1,126,40,20,56
1,127,40,4,56
1,128,40,13,56
1,129,40,24,56
1,130,40,26,56
1,131,40,51,56
1,132,40,43,56
1,133,40,7,56
1,134,40,27,56
1,135,40,44,56
1,136,40,39,56
1,137,40,40,56
1,138,40,50,56
1,139,40,42,56
1,140,40,17,56
1,141,40,2,56
1,142,40,12,56
1,143,40,41,56
1,144,40,49,56
1,145,40,25,56
1,146,40,47,56
1,147,40,46,56
1,148,40,60,56
1,149,40,53,56
1,150,40,8,56
1,151,40,36,56
1,152,40,23,56
1,153,40,35,56
1,154,40,37,56
1,155,40,57,56
1,156,40,34,56
1,157,40,38,56
1,158,40,61,56
1,159,40,55,56
1,160,40,52,56
1,161,40,33,56
1,162,40,56,56
1,163,40,45,56
1,164,40,58,56
1,165,40,54,56
1,166,40,59,56
1,1,41,78,2
1,2,41,74,2
1,3,41,76,2
1,4,41,80,2
1,5,41,67,2
1,6,41,69,2
1,7,41,87,2
1,8,41,65,2
1,9,41,118,2
1,10,41,88,2
1,11,41,85,2
1,12,41,81,2
1,13,41,68,2
1,14,41,63,2
1,15,41,104,2
1,16,41,101,2
1,17,41,86,2
1,18,41,82,2
2,19,41,97,2
2,20,41,115,2
2,21,41,75,2
2,22,41,106,2
2,23,41,100,2
2,24,41,133,2
2,25,41,125,2
2,26,41,66,2
2,27,41,114,2
2,28,41,70,2
2,29,41,73,2
2,30,41,84,2
2,31,41,123,2
2,32,41,119,2
2,33,41,116,2
2,34,41,71,2
2,35,41,64,2
2,36,41,112,2
2,37,41,91,2
2,38,41,128,2
2,39,41,92,2
2,40,41,102,2
2,41,41,129,2
2,42,41,134,2
2,43,41,93,2
2,44,41,107,2
2,45,41,90,2
2,46,41,108,2
2,47,41,130,2
2,48,41,83,2
2,49,41,157,2
2,50,41,113,2
2,51,41,94,2
2,52,41,117,2
2,53,41,72,2
2,54,41,126,2
2,55,41,124,2
2,56,41,103,2
3,57,41,79,2
3,58,41,62,2
3,59,41,105,2
3,60,41,96,2
3,61,41,137,2
12,62,41,95,2
12,63,41,135,2
12,64,41,131,2
12,65,41,153,2
12,66,41,132,2
12,67,41,89,2
12,68,41,127,2
12,69,41,121,2
12,70,41,136,2
1,71,41,146,2
1,72,41,6,2
1,73,41,99,2
1,74,41,147,2
1,75,41,141,2
1,76,41,155,2
1,77,41,143,2
1,78,41,148,2
1,79,41,140,2
1,80,41,139,2
1,81,41,77,2
1,82,41,122,2
1,83,41,120,2
1,84,41,154,2
1,85,41,98,2
1,86,41,166,2
1,87,41,165,2
1,88,41,14,2
1,89,41,110,2
1,90,41,18,2
1,91,41,5,2
1,92,41,158,2
1,93,41,164,2
1,94,41,144,2
1,95,41,111,2
1,96,41,149,2
1,97,41,160,2
1,98,41,145,2
1,99,41,15,2
1,100,41,161,2
1,101,41,156,2
1,102,41,9,2
1,103,41,142,2
1,104,41,159,2
1,105,41,109,2
1,106,41,150,2
1,107,41,162,2
1,108,41,31,2
1,109,41,138,2
1,110,41,163,2
1,111,41,151,2
1,112,41,152,2
1,113,41,22,2
1,114,41,3,2
1,115,41,30,2
1,116,41,19,2
1,117,41,29,2
1,118,41,11,2
1,119,41,48,2
1,120,41,10,2
1,121,41,32,2
1,122,41,21,2
1,123,41,16,2
1,124,41,1,2
1,125,41,28,2
1,126,41,20,2
1,127,41,4,2
1,128,41,13,2
1,129,41,24,2
1,130,41,26,2
1,131,41,51,2
1,132,41,43,2
1,133,41,7,2
1,134,41,27,2
1,135,41,44,2
1,136,41,39,2
1,137,41,40,2
1,138,41,50,2
1,139,41,42,2
1,140,41,17,2
1,141,41,2,2
1,142,41,12,2
1,143,41,41,2
1,144,41,49,2
1,145,41,25,2
1,146,41,47,2
1,147,41,46,2
1,148,41,60,2
1,149,41,53,2
1,150,41,8,2
1,151,41,36,2
1,152,41,23,2
1,153,41,35,2
1,154,41,37,2
1,155,41,57,2
1,156,41,34,2
1,157,41,38,2
1,158,41,61,2
1,159,41,55,2
1,160,41,52,2
1,161,41,33,2
1,162,41,56,2
1,163,41,45,2
1,164,41,58,2
1,165,41,54,2
1,166,41,59,2
1,1,42,78,34
1,2,42,74,34
1,3,42,76,34
1,4,42,80,34
1,5,42,67,34
1,6,42,69,34
1,7,42,87,34
1,8,42,65,34
1,9,42,118,34
1,10,42,88,34
1,11,42,85,34
1,12,42,81,34
1,13,42,68,34
1,14,42,63,34
1,15,42,104,34
1,16,42,101,34
1,17,42,86,34
1,18,42,82,34
1,19,42,97,34
1,20,42,115,34
1,21,42,75,34
1,22,42,106,34
1,23,42,100,34
1,24,42,133,34
1,25,42,125,34
1,26,42,66,34
1,27,42,114,34
1,28,42,70,34
1,29,42,73,34
1,30,42,84,34
18,31,42,123,34
18,32,42,119,34
1,33,42,116,34
1,34,42,71,34
1,35,42,64,34
1,36,42,112,34
1,37,42,91,34
1,38,42,128,34
1,39,42,92,34
1,40,42,102,34
1,41,42,129,34
1,42,42,134,34
1,43,42,93,34
1,44,42,107,34
1,45,42,90,34
1,46,42,108,34
1,47,42,130,34
1,48,42,83,34
1,49,42,157,34
1,50,42,113,34
1,51,42,94,34
1,52,42,117,34
1,53,42,72,34
21,54,42,126,34
21,55,42,124,34
21,56,42,103,34
1,57,42,79,34
1,58,42,62,34
1,59,42,105,34
1,60,42,96,34
1,61,42,137,34
12,62,42,95,34
12,63,42,135,34
12,64,42,131,34
12,65,42,153,34
12,66,42,132,34
12,67,42,89,34
12,68,42,127,34
12,69,42,121,34
12,70,42,136,34
1,71,42,146,34
1,72,42,6,34
1,73,42,99,34
1,74,42,147,34
1,75,42,141,34
1,76,42,155,34
1,77,42,143,34
1,78,42,148,34
1,79,42,140,34
1,80,42,139,34
1,81,42,77,34
1,82,42,122,34
1,83,42,120,34
1,84,42,154,34
1,85,42,98,34
1,86,42,166,34
1,87,42,165,34
1,88,42,14,34
1,89,42,110,34
1,90,42,18,34
1,91,42,5,34
1,92,42,158,34
1,93,42,164,34
1,94,42,144,34
1,95,42,111,34
1,96,42,149,34
1,97,42,160,34
1,98,42,145,34
1,99,42,15,34
1,100,42,161,34
1,101,42,156,34
1,102,42,9,34
1,103,42,142,34
1,104,42,159,34
1,105,42,109,34
1,106,42,150,34
1,107,42,162,34
1,108,42,31,34
1,109,42,138,34
1,110,42,163,34
1,111,42,151,34
1,112,42,152,34
1,113,42,22,34
1,114,42,3,34
1,115,42,30,34
1,116,42,19,34
1,117,42,29,34
1,118,42,11,34
1,119,42,48,34
1,120,42,10,34
1,121,42,32,34
1,122,42,21,34
1,123,42,16,34
1,124,42,1,34
1,125,42,28,34
1,126,42,20,34
1,127,42,4,34
1,128,42,13,34
1,129,42,24,34
1,130,42,26,34
1,131,42,51,34
1,132,42,43,34
1,133,42,7,34
1,134,42,27,34
1,135,42,44,34
1,136,42,39,34
1,137,42,40,34
1,138,42,50,34
1,139,42,42,34
1,140,42,17,34
1,141,42,2,34
1,142,42,12,34
1,143,42,41,34
1,144,42,49,34
1,145,42,25,34
1,146,42,47,34
1,147,42,46,34
1,148,42,60,34
1,149,42,53,34
1,150,42,8,34
1,151,42,36,34
1,152,42,23,34
1,153,42,35,34
1,154,42,37,34
1,155,42,57,34
1,156,42,34,34
1,157,42,38,34
1,158,42,61,34
1,159,42,55,34
1,160,42,52,34
1,161,42,33,34
1,162,42,56,34
1,163,42,45,34
1,164,42,58,34
1,165,42,54,34
1,166,42,59,34
1,1,43,78,108
1,2,43,74,108
1,3,43,76,108
1,4,43,80,108
1,5,43,67,108
1,6,43,69,108
1,7,43,87,108
1,8,43,65,108
1,9,43,118,108
1,10,43,88,108
1,11,43,85,108
1,12,43,81,108
1,13,43,68,108
1,14,43,63,108
1,15,43,104,108
1,16,43,101,108
1,17,43,86,108
1,18,43,82,108
1,19,43,97,108
1,20,43,115,108
1,21,43,75,108
1,22,43,106,108
1,23,43,100,108
1,24,43,133,108
1,25,43,125,108
1,26,43,66,108
1,27,43,114,108
1,28,43,70,108
1,29,43,73,108
1,30,43,84,108
18,31,43,123,108
18,32,43,119,108
1,33,43,116,108
1,34,43,71,108
1,35,43,64,108
1,36,43,112,108
1,37,43,91,108
1,38,43,128,108
1,39,43,92,108
1,40,43,102,108
1,41,43,129,108
1,42,43,134,108
1,43,43,93,108
1,44,43,107,108
1,45,43,90,108
1,46,43,108,108
1,47,43,130,108
1,48,43,83,108
1,49,43,157,108
1,50,43,113,108
1,51,43,94,108
1,52,43,117,108
1,53,43,72,108
21,54,43,126,108
21,55,43,124,108
21,56,43,103,108
1,57,43,79,108
1,58,43,62,108
1,59,43,105,108
1,60,43,96,108
1,61,43,137,108
12,62,43,95,108
12,63,43,135,108
12,64,43,131,108
12,65,43,153,108
12,66,43,132,108
12,67,43,89,108
12,68,43,127,108
12,69,43,121,108
12,70,43,136,108
1,71,43,146,108
1,72,43,6,108
1,73,43,99,108
1,74,43,147,108
1,75,43,141,108
1,76,43,155,108
1,77,43,143,108
1,78,43,148,108
1,79,43,140,108
1,80,43,139,108
1,81,43,77,108
1,82,43,122,108
1,83,43,120,108
1,84,43,154,108
1,85,43,98,108
1,86,43,166,108
1,87,43,165,108
1,88,43,14,108
1,89,43,110,108
1,90,43,18,108
1,91,43,5,108
1,92,43,158,108
1,93,43,164,108
1,94,43,144,108
1,95,43,111,108
1,96,43,149,108
1,97,43,160,108
1,98,43,145,108
1,99,43,15,108
1,100,43,161,108
1,101,43,156,108
1,102,43,9,108
1,103,43,142,108
1,104,43,159,108
1,105,43,109,108
1,106,43,150,108
1,107,43,162,108
1,108,43,31,108
1,109,43,138,108
1,110,43,163,108
1,111,43,151,108
1,112,43,152,108
1,113,43,22,108
1,114,43,3,108
1,115,43,30,108
1,116,43,19,108
1,117,43,29,108
1,118,43,11,108
1,119,43,48,108
1,120,43,10,108
1,121,43,32,108
1,122,43,21,108
1,123,43,16,108
1,124,43,1,108
1,125,43,28,108
1,126,43,20,108
1,127,43,4,108
1,128,43,13,108
1,129,43,24,108
1,130,43,26,108
1,131,43,51,108
1,132,43,43,108
1,133,43,7,108
1,134,43,27,108
1,135,43,44,108
1,136,43,39,108
1,137,43,40,108
1,138,43,50,108
1,139,43,42,108
1,140,43,17,108
1,141,43,2,108
1,142,43,12,108
1,143,43,41,108
1,144,43,49,108
1,145,43,25,108
1,146,43,47,108
1,147,43,46,108
1,148,43,60,108
1,149,43,53,108
1,150,43,8,108
1,151,43,36,108
1,152,43,23,108
1,153,43,35,108
1,154,43,37,108
1,155,43,57,108
1,156,43,34,108
1,157,43,38,108
1,158,43,61,108
1,159,43,55,108
1,160,43,52,108
1,161,43,33,108
1,162,43,56,108
1,163,43,45,108
1,164,43,58,108
1,165,43,54,108
1,166,43,59,108
1,1,44,78,47
1,2,44,74,47
1,3,44,76,47
1,4,44,80,47
1,5,44,67,47
1,6,44,69,47
1,7,44,87,47
1,8,44,65,47
1,9,44,118,47
1,10,44,88,47
1,11,44,85,47
1,12,44,81,47
1,13,44,68,47
1,14,44,63,47
1,15,44,104,47
1,16,44,101,47
1,17,44,86,47
1,18,44,82,47
1,19,44,97,47
1,20,44,115,47
1,21,44,75,47
1,22,44,106,47
1,23,44,100,47
1,24,44,133,47
1,25,44,125,47
1,26,44,66,47
1,27,44,114,47
1,28,44,70,47
1,29,44,73,47
1,30,44,84,47
18,31,44,123,47
18,32,44,119,47
1,33,44,116,47
1,34,44,71,47
1,35,44,64,47
1,36,44,112,47
1,37,44,91,47
1,38,44,128,47
1,39,44,92,47
1,40,44,102,47
1,41,44,129,47
1,42,44,134,47
1,43,44,93,47
1,44,44,107,47
1,45,44,90,47
1,46,44,108,47
1,47,44,130,47
1,48,44,83,47
1,49,44,157,47
1,50,44,113,47
1,51,44,94,47
1,52,44,117,47
1,53,44,72,47
21,54,44,126,47
21,55,44,124,47
21,56,44,103,47
1,57,44,79,47
1,58,44,62,47
1,59,44,105,47
1,60,44,96,47
1,61,44,137,47
12,62,44,95,47
12,63,44,135,47
12,64,44,131,47
12,65,44,153,47
12,66,44,132,47
12,67,44,89,47
12,68,44,127,47
12,69,44,121,47
12,70,44,136,47
1,71,44,146,47
1,72,44,6,47
1,73,44,99,47
1,74,44,147,47
1,75,44,141,47
1,76,44,155,47
1,77,44,143,47
1,78,44,148,47
1,79,44,140,47
1,80,44,139,47
1,81,44,77,47
1,82,44,122,47
1,83,44,120,47
1,84,44,154,47
1,85,44,98,47
1,86,44,166,47
1,87,44,165,47
1,88,44,14,47
1,89,44,110,47
1,90,44,18,47
1,91,44,5,47
1,92,44,158,47
1,93,44,164,47
1,94,44,144,47
1,95,44,111,47
1,96,44,149,47
1,97,44,160,47
1,98,44,145,47
1,99,44,15,47
1,100,44,161,47
1,101,44,156,47
1,102,44,9,47
1,103,44,142,47
1,104,44,159,47
1,105,44,109,47
1,106,44,150,47
1,107,44,162,47
1,108,44,31,47
1,109,44,138,47
1,110,44,163,47
1,111,44,151,47
1,112,44,152,47
1,113,44,22,47
1,114,44,3,47
1,115,44,30,47
1,116,44,19,47
1,117,44,29,47
1,118,44,11,47
1,119,44,48,47
1,120,44,10,47
1,121,44,32,47
1,122,44,21,47
1,123,44,16,47
1,124,44,1,47
1,125,44,28,47
1,126,44,20,47
1,127,44,4,47
1,128,44,13,47
1,129,44,24,47
1,130,44,26,47
1,131,44,51,47
1,132,44,43,47
1,133,44,7,47
1,134,44,27,47
1,135,44,44,47
1,136,44,39,47
1,137,44,40,47
1,138,44,50,47
1,139,44,42,47
1,140,44,17,47
1,141,44,2,47
1,142,44,12,47
1,143,44,41,47
1,144,44,49,47
1,145,44,25,47
1,146,44,47,47
1,147,44,46,47
1,148,44,60,47
1,149,44,53,47
1,150,44,8,47
1,151,44,36,47
1,152,44,23,47
1,153,44,35,47
1,154,44,37,47
1,155,44,57,47
1,156,44,34,47
1,157,44,38,47
1,158,44,61,47
1,159,44,55,47
1,160,44,52,47
1,161,44,33,47
1,162,44,56,47
1,163,44,45,47
1,164,44,58,47
1,165,44,54,47
1,166,44,59,47
1,1,45,78,83
1,2,45,74,83
1,3,45,76,83
1,4,45,80,83
1,5,45,67,83
1,6,45,69,83
1,7,45,87,83
1,8,45,65,83
1,9,45,118,83
1,10,45,88,83
1,11,45,85,83
1,12,45,81,83
1,13,45,68,83
1,14,45,63,83
1,15,45,104,83
1,16,45,101,83
1,17,45,86,83
1,18,45,82,83
1,19,45,97,83
1,20,45,115,83
1,21,45,75,83
1,22,45,106,83
1,23,45,100,83
1,24,45,133,83
1,25,45,125,83
1,26,45,66,83
1,27,45,114,83
1,28,45,70,83
1,29,45,73,83
1,30,45,84,83
18,31,45,123,83
18,32,45,119,83
1,33,45,116,83
1,34,45,71,83
1,35,45,64,83
1,36,45,112,83
1,37,45,91,83
1,38,45,128,83
1,39,45,92,83
1,40,45,102,83
1,41,45,129,83
1,42,45,134,83
1,43,45,93,83
1,44,45,107,83
1,45,45,90,83
1,46,45,108,83
1,47,45,130,83
1,48,45,83,83
1,49,45,157,83
1,50,45,113,83
1,51,45,94,83
1,52,45,117,83
1,53,45,72,83
21,54,45,126,83
21,55,45,124,83
21,56,45,103,83
1,57,45,79,83
1,58,45,62,83
1,59,45,105,83
1,60,45,96,83
1,61,45,137,83
12,62,45,95,83
12,63,45,135,83
12,64,45,131,83
12,65,45,153,83
12,66,45,132,83
12,67,45,89,83
12,68,45,127,83
12,69,45,121,83
12,70,45,136,83
1,71,45,146,83
1,72,45,6,83
1,73,45,99,83
1,74,45,147,83
1,75,45,141,83
1,76,45,155,83
1,77,45,143,83
1,78,45,148,83
1,79,45,140,83
1,80,45,139,83
1,81,45,77,83
1,82,45,122,83
1,83,45,120,83
1,84,45,154,83
1,85,45,98,83
1,86,45,166,83
1,87,45,165,83
1,88,45,14,83
1,89,45,110,83
1,90,45,18,83
1,91,45,5,83
1,92,45,158,83
1,93,45,164,83
1,94,45,144,83
1,95,45,111,83
1,96,45,149,83
1,97,45,160,83
1,98,45,145,83
1,99,45,15,83
1,100,45,161,83
1,101,45,156,83
1,102,45,9,83
1,103,45,142,83
1,104,45,159,83
1,105,45,109,83
1,106,45,150,83
1,107,45,162,83
1,108,45,31,83
1,109,45,138,83
1,110,45,163,83
1,111,45,151,83
1,112,45,152,83
1,113,45,22,83
1,114,45,3,83
1,115,45,30,83
1,116,45,19,83
1,117,45,29,83
1,118,45,11,83
1,119,45,48,83
1,120,45,10,83
1,121,45,32,83
1,122,45,21,83
1,123,45,16,83
1,124,45,1,83
1,125,45,28,83
1,126,45,20,83
1,127,45,4,83
1,128,45,13,83
1,129,45,24,83
1,130,45,26,83
1,131,45,51,83
1,132,45,43,83
1,133,45,7,83
1,134,45,27,83
1,135,45,44,83
1,136,45,39,83
1,137,45,40,83
1,138,45,50,83
1,139,45,42,83
1,140,45,17,83
1,141,45,2,83
1,142,45,12,83
1,143,45,41,83
1,144,45,49,83
1,145,45,25,83
1,146,45,47,83
1,147,45,46,83
1,148,45,60,83
1,149,45,53,83
1,150,45,8,83
1,151,45,36,83
1,152,45,23,83
1,153,45,35,83
1,154,45,37,83
1,155,45,57,83
1,156,45,34,83
1,157,45,38,83
1,158,45,61,83
1,159,45,55,83
1,160,45,52,83
1,161,45,33,83
1,162,45,56,83
1,163,45,45,83
1,164,45,58,83
1,165,45,54,83
1,166,45,59,83
1,1,46,78,92
1,2,46,74,92
1,3,46,76,92
1,4,46,80,92
1,5,46,67,92
1,6,46,69,92
1,7,46,87,92
1,8,46,65,92
1,9,46,118,92
1,10,46,88,92
1,11,46,85,92
1,12,46,81,92
1,13,46,68,92
1,14,46,63,92
1,15,46,104,92
1,16,46,101,92
1,17,46,86,92
1,18,46,82,92
1,19,46,97,92
1,20,46,115,92
1,21,46,75,92
1,22,46,106,92
1,23,46,100,92
1,24,46,133,92
1,25,46,125,92
1,26,46,66,92
1,27,46,114,92
1,28,46,70,92
1,29,46,73,92
1,30,46,84,92
18,31,46,123,92
18,32,46,119,92
1,33,46,116,92
1,34,46,71,92
1,35,46,64,92
1,36,46,112,92
1,37,46,91,92
1,38,46,128,92
1,39,46,92,92
1,40,46,102,92
1,41,46,129,92
1,42,46,134,92
1,43,46,93,92
1,44,46,107,92
1,45,46,90,92
1,46,46,108,92
1,47,46,130,92
1,48,46,83,92
1,49,46,157,92
1,50,46,113,92
1,51,46,94,92
1,52,46,117,92
1,53,46,72,92
1,54,46,126,92
1,55,46,124,92
1,56,46,103,92
1,57,46,79,92
1,58,46,62,92
1,59,46,105,92
1,60,46,96,92
1,61,46,137,92
1,62,46,95,92
1,63,46,135,92
1,64,46,131,92
1,65,46,153,92
1,66,46,132,92
1,67,46,89,92
1,68,46,127,92
1,69,46,121,92
1,70,46,136,92
1,71,46,146,92
1,72,46,6,92
1,73,46,99,92
1,74,46,147,92
1,75,46,141,92
1,76,46,155,92
1,77,46,143,92
1,78,46,148,92
1,79,46,140,92
1,80,46,139,92
1,81,46,77,92
1,82,46,122,92
1,83,46,120,92
1,84,46,154,92
1,85,46,98,92
1,86,46,166,92
1,87,46,165,92
1,88,46,14,92
1,89,46,110,92
1,90,46,18,92
1,91,46,5,92
1,92,46,158,92
1,93,46,164,92
1,94,46,144,92
1,95,46,111,92
1,96,46,149,92
1,97,46,160,92
1,98,46,145,92
1,99,46,15,92
1,100,46,161,92
1,101,46,156,92
1,102,46,9,92
1,103,46,142,92
1,104,46,159,92
1,105,46,109,92
1,106,46,150,92
1,107,46,162,92
1,108,46,31,92
1,109,46,138,92
1,110,46,163,92
1,111,46,151,92
1,112,46,152,92
1,113,46,22,92
1,114,46,3,92
1,115,46,30,92
1,116,46,19,92
1,117,46,29,92
1,118,46,11,92
1,119,46,48,92
1,120,46,10,92
1,121,46,32,92
1,122,46,21,92
1,123,46,16,92
1,124,46,1,92
1,125,46,28,92
1,126,46,20,92
1,127,46,4,92
1,128,46,13,92
1,129,46,24,92
1,130,46,26,92
1,131,46,51,92
1,132,46,43,92
1,133,46,7,92
1,134,46,27,92
1,135,46,44,92
1,136,46,39,92
1,137,46,40,92
1,138,46,50,92
1,139,46,42,92
1,140,46,17,92
1,141,46,2,92
1,142,46,12,92
1,143,46,41,92
1,144,46,49,92
1,145,46,25,92
1,146,46,47,92
1,147,46,46,92
1,148,46,60,92
1,149,46,53,92
1,150,46,8,92
1,151,46,36,92
1,152,46,23,92
1,153,46,35,92
1,154,46,37,92
1,155,46,57,92
1,156,46,34,92
1,157,46,38,92
1,158,46,61,92
1,159,46,55,92
1,160,46,52,92
1,161,46,33,92
1,162,46,56,92
1,163,46,45,92
1,164,46,58,92
1,165,46,54,92
1,166,46,59,92
1,1,47,78,65
1,2,47,74,65
1,3,47,76,65
1,4,47,80,65
1,5,47,67,65
1,6,47,69,65
1,7,47,87,65
1,8,47,65,65
1,9,47,118,65
1,10,47,88,65
1,11,47,85,65
1,12,47,81,65
1,13,47,68,65
1,14,47,63,65
1,15,47,104,65
1,16,47,101,65
1,17,47,86,65
1,18,47,82,65
1,19,47,97,65
1,20,47,115,65
1,21,47,75,65
1,22,47,106,65
1,23,47,100,65
1,24,47,133,65
1,25,47,125,65
1,26,47,66,65
1,27,47,114,65
1,28,47,70,65
1,29,47,73,65
1,30,47,84,65
1,31,47,123,65
1,32,47,119,65
1,33,47,116,65
1,34,47,71,65
1,35,47,64,65
1,36,47,112,65
1,37,47,91,65
1,38,47,128,65
1,39,47,92,65
1,40,47,102,65
1,41,47,129,65
1,42,47,134,65
1,43,47,93,65
1,44,47,107,65
1,45,47,90,65
1,46,47,108,65
1,47,47,130,65
1,48,47,83,65
1,49,47,157,65
1,50,47,113,65
1,51,47,94,65
1,52,47,117,65
1,53,47,72,65
1,54,47,126,65
1,55,47,124,65
1,56,47,103,65
1,57,47,79,65
1,58,47,62,65
1,59,47,105,65
1,60,47,96,65
1,61,47,137,65
1,62,47,95,65
1,63,47,135,65
1,64,47,131,65
1,65,47,153,65
1,66,47,132,65
1,67,47,89,65
1,68,47,127,65
1,69,47,121,65
1,70,47,136,65
1,71,47,146,65
1,72,47,6,65
1,73,47,99,65
1,74,47,147,65
1,75,47,141,65
1,76,47,155,65
1,77,47,143,65
1,78,47,148,65
1,79,47,140,65
1,80,47,139,65
1,81,47,77,65
1,82,47,122,65
1,83,47,120,65
1,84,47,154,65
1,85,47,98,65
1,86,47,166,65
1,87,47,165,65
1,88,47,14,65
1,89,47,110,65
1,90,47,18,65
1,91,47,5,65
1,92,47,158,65
1,93,47,164,65
1,94,47,144,65
1,95,47,111,65
1,96,47,149,65
1,97,47,160,65
1,98,47,145,65
1,99,47,15,65
1,100,47,161,65
1,101,47,156,65
1,102,47,9,65
1,103,47,142,65
1,104,47,159,65
1,105,47,109,65
1,106,47,150,65
1,107,47,162,65
1,108,47,31,65
1,109,47,138,65
1,110,47,163,65
1,111,47,151,65
1,112,47,152,65
1,113,47,22,65
1,114,47,3,65
1,115,47,30,65
1,116,47,19,65
1,117,47,29,65
1,118,47,11,65
1,119,47,48,65
1,120,47,10,65
1,121,47,32,65
1,122,47,21,65
1,123,47,16,65
1,124,47,1,65
1,125,47,28,65
1,126,47,20,65
1,127,47,4,65
1,128,47,13,65
1,129,47,24,65
1,130,47,26,65
1,131,47,51,65
1,132,47,43,65
1,133,47,7,65
1,134,47,27,65
1,135,47,44,65
1,136,47,39,65
1,137,47,40,65
1,138,47,50,65
1,139,47,42,65
1,140,47,17,65
1,141,47,2,65
1,142,47,12,65
1,143,47,41,65
1,144,47,49,65
1,145,47,25,65
1,146,47,47,65
1,147,47,46,65
1,148,47,60,65
1,149,47,53,65
1,150,47,8,65
1,151,47,36,65
1,152,47,23,65
1,153,47,35,65
1,154,47,37,65
1,155,47,57,65
1,156,47,34,65
1,157,47,38,65
1,158,47,61,65
1,159,47,55,65
1,160,47,52,65
1,161,47,33,65
1,162,47,56,65
1,163,47,45,65
1,164,47,58,65
1,165,47,54,65
1,166,47,59,65
1,1,48,78,145
1,2,48,74,145
1,3,48,76,145
1,4,48,80,145
1,5,48,67,145
1,6,48,69,145
1,7,48,87,145
1,8,48,65,145
1,9,48,118,145
1,10,48,88,145
1,11,48,85,145
1,12,48,81,145
1,13,48,68,145
1,14,48,63,145
1,15,48,104,145
1,16,48,101,145
1,17,48,86,145
1,18,48,82,145
1,19,48,97,145
1,20,48,115,145
1,21,48,75,145
1,22,48,106,145
1,23,48,100,145
1,24,48,133,145
1,25,48,125,145
1,26,48,66,145
1,27,48,114,145
1,28,48,70,145
1,29,48,73,145
1,30,48,84,145
1,31,48,123,145
1,32,48,119,145
1,33,48,116,145
1,34,48,71,145
1,35,48,64,145
1,36,48,112,145
1,37,48,91,145
1,38,48,128,145
1,39,48,92,145
1,40,48,102,145
1,41,48,129,145
1,42,48,134,145
1,43,48,93,145
1,44,48,107,145
1,45,48,90,145
1,46,48,108,145
1,47,48,130,145
1,48,48,83,145
1,49,48,157,145
1,50,48,113,145
1,51,48,94,145
1,52,48,117,145
1,53,48,72,145
1,54,48,126,145
1,55,48,124,145
1,56,48,103,145
1,57,48,79,145
1,58,48,62,145
1,59,48,105,145
1,60,48,96,145
1,61,48,137,145
1,62,48,95,145
1,63,48,135,145
1,64,48,131,145
1,65,48,153,145
1,66,48,132,145
1,67,48,89,145
1,68,48,127,145
1,69,48,121,145
1,70,48,136,145
1,71,48,146,145
1,72,48,6,145
1,73,48,99,145
1,74,48,147,145
1,75,48,141,145
1,76,48,155,145
1,77,48,143,145
1,78,48,148,145
1,79,48,140,145
1,80,48,139,145
1,81,48,77,145
1,82,48,122,145
1,83,48,120,145
1,84,48,154,145
1,85,48,98,145
1,86,48,166,145
1,87,48,165,145
1,88,48,14,145
1,89,48,110,145
1,90,48,18,145
1,91,48,5,145
1,92,48,158,145
1,93,48,164,145
1,94,48,144,145
1,95,48,111,145
1,96,48,149,145
1,97,48,160,145
1,98,48,145,145
1,99,48,15,145
1,100,48,161,145
1,101,48,156,145
1,102,48,9,145
1,103,48,142,145
1,104,48,159,145
1,105,48,109,145
1,106,48,150,145
1,107,48,162,145
1,108,48,31,145
1,109,48,138,145
1,110,48,163,145
1,111,48,151,145
1,112,48,152,145
1,113,48,22,145
1,114,48,3,145
1,115,48,30,145
1,116,48,19,145
1,117,48,29,145
1,118,48,11,145
1,119,48,48,145
1,120,48,10,145
1,121,48,32,145
1,122,48,21,145
1,123,48,16,145
1,124,48,1,145
1,125,48,28,145
1,126,48,20,145
1,127,48,4,145
1,128,48,13,145
1,129,48,24,145
1,130,48,26,145
1,131,48,51,145
1,132,48,43,145
1,133,48,7,145
1,134,48,27,145
1,135,48,44,145
1,136,48,39,145
1,137,48,40,145
1,138,48,50,145
1,139,48,42,145
1,140,48,17,145
1,141,48,2,145
1,142,48,12,145
1,143,48,41,145
1,144,48,49,145
1,145,48,25,145
1,146,48,47,145
1,147,48,46,145
1,148,48,60,145
1,149,48,53,145
1,150,48,8,145
1,151,48,36,145
1,152,48,23,145
1,153,48,35,145
1,154,48,37,145
1,155,48,57,145
1,156,48,34,145
1,157,48,38,145
1,158,48,61,145
1,159,48,55,145
1,160,48,52,145
1,161,48,33,145
1,162,48,56,145
1,163,48,45,145
1,164,48,58,145
1,165,48,54,145
1,166,48,59,145
1,1,49,78,79
1,2,49,74,79
1,3,49,76,79
1,4,49,80,79
1,5,49,67,79
1,6,49,69,79
1,7,49,87,79
1,8,49,65,79
1,9,49,118,79
1,10,49,88,79
1,11,49,85,79
1,12,49,81,79
1,13,49,68,79
1,14,49,63,79
1,15,49,104,79
1,16,49,101,79
1,17,49,86,79
1,18,49,82,79
1,19,49,97,79
1,20,49,115,79
1,21,49,75,79
1,22,49,106,79
1,23,49,100,79
1,24,49,133,79
1,25,49,125,79
1,26,49,66,79
1,27,49,114,79
1,28,49,70,79
1,29,49,73,79
1,30,49,84,79
1,31,49,123,79
1,32,49,119,79
1,33,49,116,79
1,34,49,71,79
1,35,49,64,79
1,36,49,112,79
1,37,49,91,79
1,38,49,128,79
1,39,49,92,79
1,40,49,102,79
1,41,49,129,79
1,42,49,134,79
1,43,49,93,79
1,44,49,107,79
1,45,49,90,79
1,46,49,108,79
1,47,49,130,79
1,48,49,83,79
1,49,49,157,79
1,50,49,113,79
1,51,49,94,79
1,52,49,117,79
1,53,49,72,79
1,54,49,126,79
1,55,49,124,79
1,56,49,103,79
1,57,49,79,79
1,58,49,62,79
1,59,49,105,79
1,60,49,96,79
1,61,49,137,79
1,62,49,95,79
1,63,49,135,79
1,64,49,131,79
1,65,49,153,79
1,66,49,132,79
1,67,49,89,79
1,68,49,127,79
1,69,49,121,79
1,70,49,136,79
1,71,49,146,79
1,72,49,6,79
1,73,49,99,79
1,74,49,147,79
1,75,49,141,79
1,76,49,155,79
1,77,49,143,79
1,78,49,148,79
1,79,49,140,79
1,80,49,139,79
1,81,49,77,79
1,82,49,122,79
1,83,49,120,79
1,84,49,154,79
1,85,49,98,79
1,86,49,166,79
1,87,49,165,79
1,88,49,14,79
1,89,49,110,79
1,90,49,18,79
1,91,49,5,79
1,92,49,158,79
1,93,49,164,79
1,94,49,144,79
1,95,49,111,79
1,96,49,149,79
1,97,49,160,79
1,98,49,145,79
1,99,49,15,79
1,100,49,161,79
1,101,49,156,79
1,102,49,9,79
1,103,49,142,79
1,104,49,159,79
1,105,49,109,79
1,106,49,150,79
1,107,49,162,79
1,108,49,31,79
1,109,49,138,79
1,110,49,163,79
1,111,49,151,79
1,112,49,152,79
1,113,49,22,79
1,114,49,3,79
1,115,49,30,79
1,116,49,19,79
1,117,49,29,79
1,118,49,11,79
1,119,49,48,79
1,120,49,10,79
1,121,49,32,79
1,122,49,21,79
1,123,49,16,79
1,124,49,1,79
1,125,49,28,79
1,126,49,20,79
1,127,49,4,79
1,128,49,13,79
1,129,49,24,79
1,130,49,26,79
1,131,49,51,79
1,132,49,43,79
1,133,49,7,79
1,134,49,27,79
1,135,49,44,79
1,136,49,39,79
1,137,49,40,79
1,138,49,50,79
1,139,49,42,79
1,140,49,17,79
1,141,49,2,79
1,142,49,12,79
1,143,49,41,79
1,144,49,49,79
1,145,49,25,79
1,146,49,47,79
1,147,49,46,79
1,148,49,60,79
1,149,49,53,79
1,150,49,8,79
1,151,49,36,79
1,152,49,23,79
1,153,49,35,79
1,154,49,37,79
1,155,49,57,79
1,156,49,34,79
1,157,49,38,79
1,158,49,61,79
1,159,49,55,79
1,160,49,52,79
1,161,49,33,79
1,162,49,56,79
1,163,49,45,79
1,164,49,58,79
1,165,49,54,79
1,166,49,59,79
1,1,50,78,126
1,2,50,74,126
1,3,50,76,126
1,4,50,80,126
1,5,50,67,126
1,6,50,69,126
1,7,50,87,126
1,8,50,65,126
1,9,50,118,126
1,10,50,88,126
1,11,50,85,126
1,12,50,81,126
1,13,50,68,126
1,14,50,63,126
1,15,50,104,126
1,16,50,101,126
1,17,50,86,126
1,18,50,82,126
1,19,50,97,126
1,20,50,115,126
1,21,50,75,126
1,22,50,106,126
1,23,50,100,126
1,24,50,133,126
1,25,50,125,126
1,26,50,66,126
1,27,50,114,126
1,28,50,70,126
1,29,50,73,126
1,30,50,84,126
1,31,50,123,126
1,32,50,119,126
1,33,50,116,126
1,34,50,71,126
1,35,50,64,126
1,36,50,112,126
1,37,50,91,126
1,38,50,128,126
1,39,50,92,126
1,40,50,102,126
1,41,50,129,126
1,42,50,134,126
1,43,50,93,126
1,44,50,107,126
1,45,50,90,126
1,46,50,108,126
1,47,50,130,126
1,48,50,83,126
1,49,50,157,126
1,50,50,113,126
1,51,50,94,126
1,52,50,117,126
1,53,50,72,126
1,54,50,126,126
1,55,50,124,126
1,56,50,103,126
1,57,50,79,126
1,58,50,62,126
1,59,50,105,126
1,60,50,96,126
1,61,50,137,126
1,62,50,95,126
1,63,50,135,126
1,64,50,131,126
1,65,50,153,126
1,66,50,132,126
1,67,50,89,126
1,68,50,127,126
1,69,50,121,126
1,70,50,136,126
1,71,50,146,126
1,72,50,6,126
1,73,50,99,126
1,74,50,147,126
1,75,50,141,126
1,76,50,155,126
1,77,50,143,126
1,78,50,148,126
1,79,50,140,126
1,80,50,139,126
1,81,50,77,126
1,82,50,122,126
1,83,50,120,126
1,84,50,154,126
1,85,50,98,126
1,86,50,166,126
1,87,50,165,126
1,88,50,14,126
1,89,50,110,126
1,90,50,18,126
1,91,50,5,126
1,92,50,158,126
1,93,50,164,126
1,94,50,144,126
1,95,50,111,126
1,96,50,149,126
1,97,50,160,126
1,98,50,145,126
1,99,50,15,126
1,100,50,161,126
1,101,50,156,126
1,102,50,9,126
1,103,50,142,126
1,104,50,159,126
1,105,50,109,126
1,106,50,150,126
1,107,50,162,126
1,108,50,31,126
1,109,50,138,126
1,110,50,163,126
1,111,50,151,126
1,112,50,152,126
1,113,50,22,126
1,114,50,3,126
1,115,50,30,126
1,116,50,19,126
1,117,50,29,126
1,118,50,11,126
1,119,50,48,126
1,120,50,10,126
1,121,50,32,126
1,122,50,21,126
1,123,50,16,126
1,124,50,1,126
1,125,50,28,126
1,126,50,20,126
1,127,50,4,126
1,128,50,13,126
1,129,50,24,126
1,130,50,26,126
1,131,50,51,126
1,132,50,43,126
1,133,50,7,126
1,134,50,27,126
1,135,50,44,126
1,136,50,39,126
1,137,50,40,126
1,138,50,50,126
1,139,50,42,126
1,140,50,17,126
1,141,50,2,126
1,142,50,12,126
1,143,50,41,126
1,144,50,49,126
1,145,50,25,126
1,146,50,47,126
1,147,50,46,126
1,148,50,60,126
1,149,50,53,126
1,150,50,8,126
1,151,50,36,126
1,152,50,23,126
1,153,50,35,126
1,154,50,37,126
1,155,50,57,126
1,156,50,34,126
1,157,50,38,126
1,158,50,61,126
1,159,50,55,126
1,160,50,52,126
1,161,50,33,126
1,162,50,56,126
1,163,50,45,126
1,164,50,58,126
1,165,50,54,126
1,166,50,59,126
1,1,51,78,138
1,2,51,74,138
1,3,51,76,138
1,4,51,80,138
1,5,51,67,138
1,6,51,69,138
1,7,51,87,138
1,8,51,65,138
1,9,51,118,138
1,10,51,88,138
1,11,51,85,138
1,12,51,81,138
1,13,51,68,138
1,14,51,63,138
1,15,51,104,138
1,16,51,101,138
1,17,51,86,138
1,18,51,82,138
1,19,51,97,138
1,20,51,115,138
1,21,51,75,138
1,22,51,106,138
1,23,51,100,138
1,24,51,133,138
1,25,51,125,138
1,26,51,66,138
1,27,51,114,138
1,28,51,70,138
1,29,51,73,138
1,30,51,84,138
1,31,51,123,138
1,32,51,119,138
1,33,51,116,138
1,34,51,71,138
1,35,51,64,138
1,36,51,112,138
1,37,51,91,138
1,38,51,128,138
1,39,51,92,138
1,40,51,102,138
1,41,51,129,138
1,42,51,134,138
1,43,51,93,138
1,44,51,107,138
1,45,51,90,138
1,46,51,108,138
1,47,51,130,138
1,48,51,83,138
1,49,51,157,138
1,50,51,113,138
1,51,51,94,138
1,52,51,117,138
1,53,51,72,138
1,54,51,126,138
1,55,51,124,138
1,56,51,103,138
1,57,51,79,138
1,58,51,62,138
1,59,51,105,138
1,60,51,96,138
1,61,51,137,138
1,62,51,95,138
1,63,51,135,138
1,64,51,131,138
1,65,51,153,138
1,66,51,132,138
1,67,51,89,138
1,68,51,127,138
1,69,51,121,138
1,70,51,136,138
1,71,51,146,138
1,72,51,6,138
1,73,51,99,138
1,74,51,147,138
1,75,51,141,138
1,76,51,155,138
1,77,51,143,138
1,78,51,148,138
1,79,51,140,138
1,80,51,139,138
1,81,51,77,138
1,82,51,122,138
1,83,51,120,138
1,84,51,154,138
1,85,51,98,138
1,86,51,166,138
1,87,51,165,138
1,88,51,14,138
1,89,51,110,138
1,90,51,18,138
1,91,51,5,138
1,92,51,158,138
1,93,51,164,138
1,94,51,144,138
1,95,51,111,138
1,96,51,149,138
1,97,51,160,138
1,98,51,145,138
1,99,51,15,138
1,100,51,161,138
1,101,51,156,138
1,102,51,9,138
1,103,51,142,138
1,104,51,159,138
1,105,51,109,138
1,106,51,150,138
1,107,51,162,138
1,108,51,31,138
1,109,51,138,138
1,110,51,163,138
1,111,51,151,138
1,112,51,152,138
1,113,51,22,138
1,114,51,3,138
1,115,51,30,138
1,116,51,19,138
1,117,51,29,138
1,118,51,11,138
1,119,51,48,138
1,120,51,10,138
1,121,51,32,138
1,122,51,21,138
1,123,51,16,138
1,124,51,1,138
1,125,51,28,138
1,126,51,20,138
1,127,51,4,138
1,128,51,13,138
1,129,51,24,138
1,130,51,26,138
1,131,51,51,138
1,132,51,43,138
1,133,51,7,138
1,134,51,27,138
1,135,51,44,138
1,136,51,39,138
1,137,51,40,138
1,138,51,50,138
1,139,51,42,138
1,140,51,17,138
1,141,51,2,138
1,142,51,12,138
1,143,51,41,138
1,144,51,49,138
1,145,51,25,138
1,146,51,47,138
1,147,51,46,138
1,148,51,60,138
1,149,51,53,138
1,150,51,8,138
1,151,51,36,138
1,152,51,23,138
1,153,51,35,138
1,154,51,37,138
1,155,51,57,138
1,156,51,34,138
1,157,51,38,138
1,158,51,61,138
1,159,51,55,138
1,160,51,52,138
1,161,51,33,138
1,162,51,56,138
1,163,51,45,138
1,164,51,58,138
1,165,51,54,138
1,166,51,59,138
1,1,52,78,11
1,2,52,74,11
1,3,52,76,11
1,4,52,80,11
1,5,52,67,11
1,6,52,69,11
1,7,52,87,11
1,8,52,65,11
1,9,52,118,11
1,10,52,88,11
1,11,52,85,11
1,12,52,81,11
1,13,52,68,11
1,14,52,63,11
1,15,52,104,11
1,16,52,101,11
1,17,52,86,11
1,18,52,82,11
1,19,52,97,11
1,20,52,115,11
1,21,52,75,11
1,22,52,106,11
1,23,52,100,11
1,24,52,133,11
1,25,52,125,11
1,26,52,66,11
1,27,52,114,11
1,28,52,70,11
1,29,52,73,11
1,30,52,84,11
1,31,52,123,11
1,32,52,119,11
1,33,52,116,11
1,34,52,71,11
1,35,52,64,11
1,36,52,112,11
1,37,52,91,11
1,38,52,128,11
1,39,52,92,11
1,40,52,102,11
1,41,52,129,11
1,42,52,134,11
1,43,52,93,11
1,44,52,107,11
1,45,52,90,11
1,46,52,108,11
1,47,52,130,11
1,48,52,83,11
1,49,52,157,11
1,50,52,113,11
1,51,52,94,11
1,52,52,117,11
1,53,52,72,11
1,54,52,126,11
1,55,52,124,11
1,56,52,103,11
1,57,52,79,11
1,58,52,62,11
1,59,52,105,11
1,60,52,96,11
1,61,52,137,11
1,62,52,95,11
1,63,52,135,11
1,64,52,131,11
1,65,52,153,11
1,66,52,132,11
1,67,52,89,11
1,68,52,127,11
1,69,52,121,11
1,70,52,136,11
1,71,52,146,11
1,72,52,6,11
1,73,52,99,11
1,74,52,147,11
1,75,52,141,11
1,76,52,155,11
1,77,52,143,11
1,78,52,148,11
1,79,52,140,11
1,80,52,139,11
1,81,52,77,11
1,82,52,122,11
1,83,52,120,11
1,84,52,154,11
1,85,52,98,11
1,86,52,166,11
1,87,52,165,11
1,88,52,14,11
1,89,52,110,11
1,90,52,18,11
1,91,52,5,11
1,92,52,158,11
1,93,52,164,11
1,94,52,144,11
1,95,52,111,11
1,96,52,149,11
1,97,52,160,11
1,98,52,145,11
1,99,52,15,11
1,100,52,161,11
1,101,52,156,11
1,102,52,9,11
1,103,52,142,11
1,104,52,159,11
1,105,52,109,11
1,106,52,150,11
1,107,52,162,11
1,108,52,31,11
1,109,52,138,11
1,110,52,163,11
1,111,52,151,11
1,112,52,152,11
1,113,52,22,11
1,114,52,3,11
1,115,52,30,11
1,116,52,19,11
1,117,52,29,11
1,118,52,11,11
1,119,52,48,11
1,120,52,10,11
1,121,52,32,11
1,122,52,21,11
1,123,52,16,11
1,124,52,1,11
1,125,52,28,11
1,126,52,20,11
1,127,52,4,11
1,128,52,13,11
1,129,52,24,11
1,130,52,26,11
1,131,52,51,11
1,132,52,43,11
1,133,52,7,11
1,134,52,27,11
1,135,52,44,11
1,136,52,39,11
1,137,52,40,11
1,138,52,50,11
1,139,52,42,11
1,140,52,17,11
1,141,52,2,11
1,142,52,12,11
1,143,52,41,11
1,144,52,49,11
1,145,52,25,11
1,146,52,47,11
1,147,52,46,11
1,148,52,60,11
1,149,52,53,11
1,150,52,8,11
1,151,52,36,11
1,152,52,23,11
1,153,52,35,11
1,154,52,37,11
1,155,52,57,11
1,156,52,34,11
1,157,52,38,11
1,158,52,61,11
1,159,52,55,11
1,160,52,52,11
1,161,52,33,11
1,162,52,56,11
1,163,52,45,11
1,164,52,58,11
1,165,52,54,11
1,166,52,59,11
1,1,53,78,142
1,2,53,74,142
1,3,53,76,142
1,4,53,80,142
1,5,53,67,142
1,6,53,69,142
1,7,53,87,142
1,8,53,65,142
1,9,53,118,142
1,10,53,88,142
1,11,53,85,142
1,12,53,81,142
1,13,53,68,142
1,14,53,63,142
1,15,53,104,142
1,16,53,101,142
1,17,53,86,142
1,18,53,82,142
1,19,53,97,142
1,20,53,115,142
1,21,53,75,142
1,22,53,106,142
1,23,53,100,142
1,24,53,133,142
1,25,53,125,142
1,26,53,66,142
1,27,53,114,142
1,28,53,70,142
1,29,53,73,142
1,30,53,84,142
1,31,53,123,142
1,32,53,119,142
1,33,53,116,142
1,34,53,71,142
1,35,53,64,142
1,36,53,112,142
1,37,53,91,142
1,38,53,128,142
1,39,53,92,142
1,40,53,102,142
1,41,53,129,142
1,42,53,134,142
1,43,53,93,142
1,44,53,107,142
1,45,53,90,142
1,46,53,108,142
1,47,53,130,142
1,48,53,83,142
1,49,53,157,142
1,50,53,113,142
1,51,53,94,142
1,52,53,117,142
1,53,53,72,142
1,54,53,126,142
1,55,53,124,142
1,56,53,103,142
1,57,53,79,142
1,58,53,62,142
1,59,53,105,142
1,60,53,96,142
1,61,53,137,142
1,62,53,95,142
1,63,53,135,142
1,64,53,131,142
1,65,53,153,142
1,66,53,132,142
1,67,53,89,142
1,68,53,127,142
1,69,53,121,142
1,70,53,136,142
1,71,53,146,142
1,72,53,6,142
1,73,53,99,142
1,74,53,147,142
1,75,53,141,142
1,76,53,155,142
1,77,53,143,142
1,78,53,148,142
1,79,53,140,142
1,80,53,139,142
1,81,53,77,142
1,82,53,122,142
1,83,53,120,142
1,84,53,154,142
1,85,53,98,142
1,86,53,166,142
1,87,53,165,142
1,88,53,14,142
1,89,53,110,142
1,90,53,18,142
1,91,53,5,142
1,92,53,158,142
1,93,53,164,142
1,94,53,144,142
1,95,53,111,142
1,96,53,149,142
1,97,53,160,142
1,98,53,145,142
1,99,53,15,142
1,100,53,161,142
1,101,53,156,142
1,102,53,9,142
1,103,53,142,142
1,104,53,159,142
1,105,53,109,142
1,106,53,150,142
1,107,53,162,142
1,108,53,31,142
1,109,53,138,142
1,110,53,163,142
1,111,53,151,142
1,112,53,152,142
1,113,53,22,142
1,114,53,3,142
1,115,53,30,142
1,116,53,19,142
1,117,53,29,142
1,118,53,11,142
1,119,53,48,142
1,120,53,10,142
1,121,53,32,142
1,122,53,21,142
1,123,53,16,142
1,124,53,1,142
1,125,53,28,142
1,126,53,20,142
1,127,53,4,142
1,128,53,13,142
1,129,53,24,142
1,130,53,26,142
1,131,53,51,142
1,132,53,43,142
1,133,53,7,142
1,134,53,27,142
1,135,53,44,142
1,136,53,39,142
1,137,53,40,142
1,138,53,50,142
1,139,53,42,142
1,140,53,17,142
1,141,53,2,142
1,142,53,12,142
1,143,53,41,142
1,144,53,49,142
1,145,53,25,142
1,146,53,47,142
1,147,53,46,142
1,148,53,60,142
1,149,53,53,142
1,150,53,8,142
1,151,53,36,142
1,152,53,23,142
1,153,53,35,142
1,154,53,37,142
1,155,53,57,142
1,156,53,34,142
1,157,53,38,142
1,158,53,61,142
1,159,53,55,142
1,160,53,52,142
1,161,53,33,142
1,162,53,56,142
1,163,53,45,142
1,164,53,58,142
1,165,53,54,142
1,166,53,59,142
1,1,54,78,20
1,2,54,74,20
1,3,54,76,20
1,4,54,80,20
1,5,54,67,20
1,6,54,69,20
1,7,54,87,20
1,8,54,65,20
1,9,54,118,20
1,10,54,88,20
1,11,54,85,20
1,12,54,81,20
1,13,54,68,20
1,14,54,63,20
1,15,54,104,20
1,16,54,101,20
1,17,54,86,20
1,18,54,82,20
1,19,54,97,20
1,20,54,115,20
1,21,54,75,20
1,22,54,106,20
1,23,54,100,20
1,24,54,133,20
1,25,54,125,20
1,26,54,66,20
1,27,54,114,20
1,28,54,70,20
1,29,54,73,20
1,30,54,84,20
1,31,54,123,20
1,32,54,119,20
1,33,54,116,20
1,34,54,71,20
1,35,54,64,20
1,36,54,112,20
1,37,54,91,20
1,38,54,128,20
1,39,54,92,20
1,40,54,102,20
1,41,54,129,20
1,42,54,134,20
1,43,54,93,20
1,44,54,107,20
1,45,54,90,20
1,46,54,108,20
1,47,54,130,20
1,48,54,83,20
1,49,54,157,20
1,50,54,113,20
1,51,54,94,20
1,52,54,117,20
1,53,54,72,20
1,54,54,126,20
1,55,54,124,20
1,56,54,103,20
1,57,54,79,20
1,58,54,62,20
1,59,54,105,20
1,60,54,96,20
1,61,54,137,20
1,62,54,95,20
1,63,54,135,20
1,64,54,131,20
1,65,54,153,20
1,66,54,132,20
1,67,54,89,20
1,68,54,127,20
1,69,54,121,20
1,70,54,136,20
1,71,54,146,20
1,72,54,6,20
1,73,54,99,20
1,74,54,147,20
1,75,54,141,20
1,76,54,155,20
1,77,54,143,20
1,78,54,148,20
1,79,54,140,20
1,80,54,139,20
1,81,54,77,20
1,82,54,122,20
1,83,54,120,20
1,84,54,154,20
1,85,54,98,20
1,86,54,166,20
1,87,54,165,20
1,88,54,14,20
1,89,54,110,20
1,90,54,18,20
1,91,54,5,20
1,92,54,158,20
1,93,54,164,20
1,94,54,144,20
1,95,54,111,20
1,96,54,149,20
1,97,54,160,20
1,98,54,145,20
1,99,54,15,20
1,100,54,161,20
1,101,54,156,20
1,102,54,9,20
1,103,54,142,20
1,104,54,159,20
1,105,54,109,20
1,106,54,150,20
1,107,54,162,20
1,108,54,31,20
1,109,54,138,20
1,110,54,163,20
1,111,54,151,20
1,112,54,152,20
1,113,54,22,20
1,114,54,3,20
1,115,54,30,20
1,116,54,19,20
1,117,54,29,20
1,118,54,11,20
1,119,54,48,20
1,120,54,10,20
1,121,54,32,20
1,122,54,21,20
1,123,54,16,20
1,124,54,1,20
1,125,54,28,20
1,126,54,20,20
1,127,54,4,20
1,128,54,13,20
1,129,54,24,20
1,130,54,26,20
1,131,54,51,20
1,132,54,43,20
1,133,54,7,20
1,134,54,27,20
1,135,54,44,20
1,136,54,39,20
1,137,54,40,20
1,138,54,50,20
1,139,54,42,20
1,140,54,17,20
1,141,54,2,20
1,142,54,12,20
1,143,54,41,20
1,144,54,49,20
1,145,54,25,20
1,146,54,47,20
1,147,54,46,20
1,148,54,60,20
1,149,54,53,20
1,150,54,8,20
1,151,54,36,20
1,152,54,23,20
1,153,54,35,20
1,154,54,37,20
1,155,54,57,20
1,156,54,34,20
1,157,54,38,20
1,158,54,61,20
1,159,54,55,20
1,160,54,52,20
1,161,54,33,20
1,162,54,56,20
1,163,54,45,20
1,164,54,58,20
1,165,54,54,20
1,166,54,59,20
1,1,55,78,104
1,2,55,74,104
1,3,55,76,104
1,4,55,80,104
1,5,55,67,104
1,6,55,69,104
1,7,55,87,104
1,8,55,65,104
1,9,55,118,104
1,10,55,88,104
1,11,55,85,104
1,12,55,81,104
1,13,55,68,104
1,14,55,63,104
1,15,55,104,104
1,16,55,101,104
1,17,55,86,104
1,18,55,82,104
1,19,55,97,104
1,20,55,115,104
1,21,55,75,104
1,22,55,106,104
1,23,55,100,104
1,24,55,133,104
1,25,55,125,104
1,26,55,66,104
1,27,55,114,104
1,28,55,70,104
1,29,55,73,104
1,30,55,84,104
1,31,55,123,104
1,32,55,119,104
1,33,55,116,104
1,34,55,71,104
1,35,55,64,104
1,36,55,112,104
1,37,55,91,104
1,38,55,128,104
1,39,55,92,104
1,40,55,102,104
1,41,55,129,104
1,42,55,134,104
1,43,55,93,104
1,44,55,107,104
1,45,55,90,104
1,46,55,108,104
1,47,55,130,104
1,48,55,83,104
1,49,55,157,104
1,50,55,113,104
1,51,55,94,104
1,52,55,117,104
1,53,55,72,104
1,54,55,126,104
1,55,55,124,104
1,56,55,103,104
1,57,55,79,104
1,58,55,62,104
1,59,55,105,104
1,60,55,96,104
1,61,55,137,104
1,62,55,95,104
1,63,55,135,104
1,64,55,131,104
1,65,55,153,104
1,66,55,132,104
1,67,55,89,104
1,68,55,127,104
1,69,55,121,104
1,70,55,136,104
1,71,55,146,104
1,72,55,6,104
1,73,55,99,104
1,74,55,147,104
1,75,55,141,104
1,76,55,155,104
1,77,55,143,104
1,78,55,148,104
1,79,55,140,104
1,80,55,139,104
1,81,55,77,104
1,82,55,122,104
1,83,55,120,104
1,84,55,154,104
1,85,55,98,104
1,86,55,166,104
1,87,55,165,104
1,88,55,14,104
1,89,55,110,104
1,90,55,18,104
1,91,55,5,104
1,92,55,158,104
1,93,55,164,104
1,94,55,144,104
1,95,55,111,104
1,96,55,149,104
1,97,55,160,104
1,98,55,145,104
1,99,55,15,104
1,100,55,161,104
1,101,55,156,104
1,102,55,9,104
1,103,55,142,104
1,104,55,159,104
1,105,55,109,104
1,106,55,150,104
1,107,55,162,104
1,108,55,31,104
1,109,55,138,104
1,110,55,163,104
1,111,55,151,104
1,112,55,152,104
1,113,55,22,104
1,114,55,3,104
1,115,55,30,104
1,116,55,19,104
1,117,55,29,104
1,118,55,11,104
1,119,55,48,104
1,120,55,10,104
1,121,55,32,104
1,122,55,21,104
1,123,55,16,104
1,124,55,1,104
1,125,55,28,104
1,126,55,20,104
1,127,55,4,104
1,128,55,13,104
1,129,55,24,104
1,130,55,26,104
1,131,55,51,104
1,132,55,43,104
1,133,55,7,104
1,134,55,27,104
1,135,55,44,104
1,136,55,39,104
1,137,55,40,104
1,138,55,50,104
1,139,55,42,104
1,140,55,17,104
1,141,55,2,104
1,142,55,12,104
1,143,55,41,104
1,144,55,49,104
1,145,55,25,104
1,146,55,47,104
1,147,55,46,104
1,148,55,60,104
1,149,55,53,104
1,150,55,8,104
1,151,55,36,104
1,152,55,23,104
1,153,55,35,104
1,154,55,37,104
1,155,55,57,104
1,156,55,34,104
1,157,55,38,104
1,158,55,61,104
1,159,55,55,104
1,160,55,52,104
1,161,55,33,104
1,162,55,56,104
1,163,55,45,104
1,164,55,58,104
1,165,55,54,104
1,166,55,59,104
1,1,56,78,66
1,2,56,74,66
1,3,56,76,66
1,4,56,80,66
1,5,56,67,66
1,6,56,69,66
1,7,56,87,66
1,8,56,65,66
1,9,56,118,66
1,10,56,88,66
1,11,56,85,66
1,12,56,81,66
1,13,56,68,66
1,14,56,63,66
1,15,56,104,66
1,16,56,101,66
1,17,56,86,66
1,18,56,82,66
1,19,56,97,66
1,20,56,115,66
1,21,56,75,66
1,22,56,106,66
1,23,56,100,66
1,24,56,133,66
1,25,56,125,66
1,26,56,66,66
1,27,56,114,66
1,28,56,70,66
1,29,56,73,66
1,30,56,84,66
1,31,56,123,66
1,32,56,119,66
1,33,56,116,66
1,34,56,71,66
1,35,56,64,66
1,36,56,112,66
1,37,56,91,66
1,38,56,128,66
1,39,56,92,66
1,40,56,102,66
1,41,56,129,66
1,42,56,134,66
1,43,56,93,66
1,44,56,107,66
1,45,56,90,66
1,46,56,108,66
1,47,56,130,66
1,48,56,83,66
1,49,56,157,66
1,50,56,113,66
1,51,56,94,66
1,52,56,117,66
1,53,56,72,66
1,54,56,126,66
1,55,56,124,66
1,56,56,103,66
1,57,56,79,66
1,58,56,62,66
1,59,56,105,66
1,60,56,96,66
1,61,56,137,66
1,62,56,95,66
1,63,56,135,66
1,64,56,131,66
1,65,56,153,66
1,66,56,132,66
1,67,56,89,66
1,68,56,127,66
1,69,56,121,66
1,70,56,136,66
1,71,56,146,66
1,72,56,6,66
1,73,56,99,66
1,74,56,147,66
1,75,56,141,66
1,76,56,155,66
1,77,56,143,66
1,78,56,148,66
1,79,56,140,66
1,80,56,139,66
1,81,56,77,66
1,82,56,122,66
1,83,56,120,66
1,84,56,154,66
1,85,56,98,66
1,86,56,166,66
1,87,56,165,66
1,88,56,14,66
1,89,56,110,66
1,90,56,18,66
1,91,56,5,66
1,92,56,158,66
1,93,56,164,66
1,94,56,144,66
1,95,56,111,66
1,96,56,149,66
1,97,56,160,66
1,98,56,145,66
1,99,56,15,66
1,100,56,161,66
1,101,56,156,66
1,102,56,9,66
1,103,56,142,66
1,104,56,159,66
1,105,56,109,66
1,106,56,150,66
1,107,56,162,66
1,108,56,31,66
1,109,56,138,66
1,110,56,163,66
1,111,56,151,66
1,112,56,152,66
1,113,56,22,66
1,114,56,3,66
1,115,56,30,66
1,116,56,19,66
1,117,56,29,66
1,118,56,11,66
1,119,56,48,66
1,120,56,10,66
1,121,56,32,66
1,122,56,21,66
1,123,56,16,66
1,124,56,1,66
1,125,56,28,66
1,126,56,20,66
1,127,56,4,66
1,128,56,13,66
1,129,56,24,66
1,130,56,26,66
1,131,56,51,66
1,132,56,43,66
1,133,56,7,66
1,134,56,27,66
1,135,56,44,66
1,136,56,39,66
1,137,56,40,66
1,138,56,50,66
1,139,56,42,66
1,140,56,17,66
1,141,56,2,66
1,142,56,12,66
1,143,56,41,66
1,144,56,49,66
1,145,56,25,66
1,146,56,47,66
1,147,56,46,66
1,148,56,60,66
1,149,56,53,66
1,150,56,8,66
1,151,56,36,66
1,152,56,23,66
1,153,56,35,66
1,154,56,37,66
1,155,56,57,66
1,156,56,34,66
1,157,56,38,66
1,158,56,61,66
1,159,56,55,66
1,160,56,52,66
1,161,56,33,66
1,162,56,56,66
1,163,56,45,66
1,164,56,58,66
1,165,56,54,66
1,166,56,59,66
1,1,57,78,26
1,2,57,74,26
1,3,57,76,26
1,4,57,80,26
1,5,57,67,26
1,6,57,69,26
1,7,57,87,26
1,8,57,65,26
1,9,57,118,26
1,10,57,88,26
1,11,57,85,26
1,12,57,81,26
1,13,57,68,26
1,14,57,63,26
1,15,57,104,26
1,16,57,101,26
1,17,57,86,26
1,18,57,82,26
1,19,57,97,26
1,20,57,115,26
1,21,57,75,26
1,22,57,106,26
1,23,57,100,26
1,24,57,133,26
1,25,57,125,26
1,26,57,66,26
1,27,57,114,26
1,28,57,70,26
1,29,57,73,26
1,30,57,84,26
1,31,57,123,26
1,32,57,119,26
1,33,57,116,26
1,34,57,71,26
1,35,57,64,26
1,36,57,112,26
1,37,57,91,26
1,38,57,128,26
1,39,57,92,26
1,40,57,102,26
1,41,57,129,26
1,42,57,134,26
1,43,57,93,26
1,44,57,107,26
1,45,57,90,26
1,46,57,108,26
1,47,57,130,26
1,48,57,83,26
1,49,57,157,26
1,50,57,113,26
1,51,57,94,26
1,52,57,117,26
1,53,57,72,26
1,54,57,126,26
1,55,57,124,26
1,56,57,103,26
1,57,57,79,26
1,58,57,62,26
1,59,57,105,26
1,60,57,96,26
1,61,57,137,26
1,62,57,95,26
1,63,57,135,26
1,64,57,131,26
1,65,57,153,26
1,66,57,132,26
1,67,57,89,26
1,68,57,127,26
1,69,57,121,26
1,70,57,136,26
1,71,57,146,26
1,72,57,6,26
1,73,57,99,26
1,74,57,147,26
1,75,57,141,26
1,76,57,155,26
1,77,57,143,26
1,78,57,148,26
1,79,57,140,26
1,80,57,139,26
1,81,57,77,26
1,82,57,122,26
1,83,57,120,26
1,84,57,154,26
1,85,57,98,26
1,86,57,166,26
1,87,57,165,26
1,88,57,14,26
1,89,57,110,26
1,90,57,18,26
1,91,57,5,26
1,92,57,158,26
1,93,57,164,26
1,94,57,144,26
1,95,57,111,26
1,96,57,149,26
1,97,57,160,26
1,98,57,145,26
1,99,57,15,26
1,100,57,161,26
1,101,57,156,26
1,102,57,9,26
1,103,57,142,26
1,104,57,159,26
1,105,57,109,26
1,106,57,150,26
1,107,57,162,26
1,108,57,31,26
1,109,57,138,26
1,110,57,163,26
1,111,57,151,26
1,112,57,152,26
1,113,57,22,26
1,114,57,3,26
1,115,57,30,26
1,116,57,19,26
1,117,57,29,26
1,118,57,11,26
1,119,57,48,26
1,120,57,10,26
1,121,57,32,26
1,122,57,21,26
1,123,57,16,26
1,124,57,1,26
1,125,57,28,26
1,126,57,20,26
1,127,57,4,26
1,128,57,13,26
1,129,57,24,26
1,130,57,26,26
1,131,57,51,26
1,132,57,43,26
1,133,57,7,26
1,134,57,27,26
1,135,57,44,26
1,136,57,39,26
1,137,57,40,26
1,138,57,50,26
1,139,57,42,26
1,140,57,17,26
1,141,57,2,26
1,142,57,12,26
1,143,57,41,26
1,144,57,49,26
1,145,57,25,26
1,146,57,47,26
1,147,57,46,26
1,148,57,60,26
1,149,57,53,26
1,150,57,8,26
1,151,57,36,26
1,152,57,23,26
1,153,57,35,26
1,154,57,37,26
1,155,57,57,26
1,156,57,34,26
1,157,57,38,26
1,158,57,61,26
1,159,57,55,26
1,160,57,52,26
1,161,57,33,26
1,162,57,56,26
1,163,57,45,26
1,164,57,58,26
1,165,57,54,26
1,166,57,59,26
1,1,58,78,101
1,2,58,74,101
1,3,58,76,101
1,4,58,80,101
1,5,58,67,101
1,6,58,69,101
1,7,58,87,101
1,8,58,65,101
1,9,58,118,101
1,10,58,88,101
1,11,58,85,101
1,12,58,81,101
1,13,58,68,101
1,14,58,63,101
1,15,58,104,101
1,16,58,101,101
1,17,58,86,101
1,18,58,82,101
1,19,58,97,101
1,20,58,115,101
1,21,58,75,101
1,22,58,106,101
1,23,58,100,101
1,24,58,133,101
1,25,58,125,101
1,26,58,66,101
1,27,58,114,101
1,28,58,70,101
1,29,58,73,101
1,30,58,84,101
1,31,58,123,101
1,32,58,119,101
1,33,58,116,101
1,34,58,71,101
1,35,58,64,101
1,36,58,112,101
1,37,58,91,101
1,38,58,128,101
1,39,58,92,101
1,40,58,102,101
1,41,58,129,101
1,42,58,134,101
1,43,58,93,101
1,44,58,107,101
1,45,58,90,101
1,46,58,108,101
1,47,58,130,101
1,48,58,83,101
1,49,58,157,101
1,50,58,113,101
1,51,58,94,101
1,52,58,117,101
1,53,58,72,101
1,54,58,126,101
1,55,58,124,101
1,56,58,103,101
1,57,58,79,101
1,58,58,62,101
1,59,58,105,101
1,60,58,96,101
1,61,58,137,101
1,62,58,95,101
1,63,58,135,101
1,64,58,131,101
1,65,58,153,101
1,66,58,132,101
1,67,58,89,101
1,68,58,127,101
1,69,58,121,101
1,70,58,136,101
1,71,58,146,101
1,72,58,6,101
1,73,58,99,101
1,74,58,147,101
1,75,58,141,101
1,76,58,155,101
1,77,58,143,101
1,78,58,148,101
1,79,58,140,101
1,80,58,139,101
1,81,58,77,101
1,82,58,122,101
1,83,58,120,101
1,84,58,154,101
1,85,58,98,101
1,86,58,166,101
1,87,58,165,101
1,88,58,14,101
1,89,58,110,101
1,90,58,18,101
1,91,58,5,101
1,92,58,158,101
1,93,58,164,101
1,94,58,144,101
1,95,58,111,101
1,96,58,149,101
1,97,58,160,101
1,98,58,145,101
1,99,58,15,101
1,100,58,161,101
1,101,58,156,101
1,102,58,9,101
1,103,58,142,101
1,104,58,159,101
1,105,58,109,101
1,106,58,150,101
1,107,58,162,101
1,108,58,31,101
1,109,58,138,101
1,110,58,163,101
1,111,58,151,101
1,112,58,152,101
1,113,58,22,101
1,114,58,3,101
1,115,58,30,101
1,116,58,19,101
1,117,58,29,101
1,118,58,11,101
1,119,58,48,101
1,120,58,10,101
1,121,58,32,101
1,122,58,21,101
1,123,58,16,101
1,124,58,1,101
1,125,58,28,101
1,126,58,20,101
1,127,58,4,101
1,128,58,13,101
1,129,58,24,101
1,130,58,26,101
1,131,58,51,101
1,132,58,43,101
1,133,58,7,101
1,134,58,27,101
1,135,58,44,101
1,136,58,39,101
1,137,58,40,101
1,138,58,50,101
1,139,58,42,101
1,140,58,17,101
1,141,58,2,101
1,142,58,12,101
1,143,58,41,101
1,144,58,49,101
1,145,58,25,101
1,146,58,47,101
1,147,58,46,101
1,148,58,60,101
1,149,58,53,101
1,150,58,8,101
1,151,58,36,101
1,152,58,23,101
1,153,58,35,101
1,154,58,37,101
1,155,58,57,101
1,156,58,34,101
1,157,58,38,101
1,158,58,61,101
1,159,58,55,101
1,160,58,52,101
1,161,58,33,101
1,162,58,56,101
1,163,58,45,101
1,164,58,58,101
1,165,58,54,101
1,166,58,59,101
1,1,59,78,131
1,2,59,74,131
1,3,59,76,131
1,4,59,80,131
1,5,59,67,131
1,6,59,69,131
1,7,59,87,131
1,8,59,65,131
1,9,59,118,131
1,10,59,88,131
1,11,59,85,131
1,12,59,81,131
1,13,59,68,131
1,14,59,63,131
1,15,59,104,131
1,16,59,101,131
1,17,59,86,131
1,18,59,82,131
1,19,59,97,131
1,20,59,115,131
1,21,59,75,131
1,22,59,106,131
1,23,59,100,131
1,24,59,133,131
1,25,59,125,131
1,26,59,66,131
1,27,59,114,131
1,28,59,70,131
1,29,59,73,131
1,30,59,84,131
1,31,59,123,131
1,32,59,119,131
1,33,59,116,131
1,34,59,71,131
1,35,59,64,131
1,36,59,112,131
1,37,59,91,131
1,38,59,128,131
1,39,59,92,131
1,40,59,102,131
1,41,59,129,131
1,42,59,134,131
1,43,59,93,131
1,44,59,107,131
1,45,59,90,131
1,46,59,108,131
1,47,59,130,131
1,48,59,83,131
1,49,59,157,131
1,50,59,113,131
1,51,59,94,131
1,52,59,117,131
1,53,59,72,131
1,54,59,126,131
1,55,59,124,131
1,56,59,103,131
1,57,59,79,131
1,58,59,62,131
1,59,59,105,131
1,60,59,96,131
1,61,59,137,131
1,62,59,95,131
1,63,59,135,131
1,64,59,131,131
1,65,59,153,131
1,66,59,132,131
1,67,59,89,131
1,68,59,127,131
1,69,59,121,131
1,70,59,136,131
1,71,59,146,131
1,72,59,6,131
1,73,59,99,131
1,74,59,147,131
1,75,59,141,131
1,76,59,155,131
1,77,59,143,131
1,78,59,148,131
1,79,59,140,131
1,80,59,139,131
1,81,59,77,131
1,82,59,122,131
1,83,59,120,131
1,84,59,154,131
1,85,59,98,131
1,86,59,166,131
1,87,59,165,131
1,88,59,14,131
1,89,59,110,131
1,90,59,18,131
1,91,59,5,131
1,92,59,158,131
1,93,59,164,131
1,94,59,144,131
1,95,59,111,131
1,96,59,149,131
1,97,59,160,131
1,98,59,145,131
1,99,59,15,131
1,100,59,161,131
1,101,59,156,131
1,102,59,9,131
1,103,59,142,131
1,104,59,159,131
1,105,59,109,131
1,106,59,150,131
1,107,59,162,131
1,108,59,31,131
1,109,59,138,131
1,110,59,163,131
1,111,59,151,131
1,112,59,152,131
1,113,59,22,131
1,114,59,3,131
1,115,59,30,131
1,116,59,19,131
1,117,59,29,131
1,118,59,11,131
1,119,59,48,131
1,120,59,10,131
1,121,59,32,131
1,122,59,21,131
1,123,59,16,131
1,124,59,1,131
1,125,59,28,131
1,126,59,20,131
1,127,59,4,131
1,128,59,13,131
1,129,59,24,131
1,130,59,26,131
1,131,59,51,131
1,132,59,43,131
1,133,59,7,131
1,134,59,27,131
1,135,59,44,131
1,136,59,39,131
1,137,59,40,131
1,138,59,50,131
1,139,59,42,131
1,140,59,17,131
1,141,59,2,131
1,142,59,12,131
1,143,59,41,131
1,144,59,49,131
1,145,59,25,131
1,146,59,47,131
1,147,59,46,131
1,148,59,60,131
1,149,59,53,131
1,150,59,8,131
1,151,59,36,131
1,152,59,23,131
1,153,59,35,131
1,154,59,37,131
1,155,59,57,131
1,156,59,34,131
1,157,59,38,131
1,158,59,61,131
1,159,59,55,131
1,160,59,52,131
1,161,59,33,131
1,162,59,56,131
1,163,59,45,131
1,164,59,58,131
1,165,59,54,131
1,166,59,59,131
1,1,60,78,22
1,2,60,74,22
1,3,60,76,22
1,4,60,80,22
1,5,60,67,22
1,6,60,69,22
1,7,60,87,22
1,8,60,65,22
1,9,60,118,22
1,10,60,88,22
1,11,60,85,22
1,12,60,81,22
1,13,60,68,22
1,14,60,63,22
1,15,60,104,22
1,16,60,101,22
1,17,60,86,22
1,18,60,82,22
1,19,60,97,22
1,20,60,115,22
1,21,60,75,22
1,22,60,106,22
1,23,60,100,22
1,24,60,133,22
1,25,60,125,22
1,26,60,66,22
1,27,60,114,22
1,28,60,70,22
1,29,60,73,22
1,30,60,84,22
1,31,60,123,22
1,32,60,119,22
1,33,60,116,22
1,34,60,71,22
1,35,60,64,22
1,36,60,112,22
1,37,60,91,22
1,38,60,128,22
1,39,60,92,22
1,40,60,102,22
1,41,60,129,22
1,42,60,134,22
1,43,60,93,22
1,44,60,107,22
1,45,60,90,22
1,46,60,108,22
1,47,60,130,22
1,48,60,83,22
1,49,60,157,22
1,50,60,113,22
1,51,60,94,22
1,52,60,117,22
1,53,60,72,22
1,54,60,126,22
1,55,60,124,22
1,56,60,103,22
1,57,60,79,22
1,58,60,62,22
1,59,60,105,22
1,60,60,96,22
1,61,60,137,22
1,62,60,95,22
1,63,60,135,22
1,64,60,131,22
1,65,60,153,22
1,66,60,132,22
1,67,60,89,22
1,68,60,127,22
1,69,60,121,22
1,70,60,136,22
1,71,60,146,22
1,72,60,6,22
1,73,60,99,22
1,74,60,147,22
1,75,60,141,22
1,76,60,155,22
1,77,60,143,22
1,78,60,148,22
1,79,60,140,22
1,80,60,139,22
1,81,60,77,22
1,82,60,122,22
1,83,60,120,22
1,84,60,154,22
1,85,60,98,22
1,86,60,166,22
1,87,60,165,22
1,88,60,14,22
1,89,60,110,22
1,90,60,18,22
1,91,60,5,22
1,92,60,158,22
1,93,60,164,22
1,94,60,144,22
1,95,60,111,22
1,96,60,149,22
1,97,60,160,22
1,98,60,145,22
1,99,60,15,22
1,100,60,161,22
1,101,60,156,22
1,102,60,9,22
1,103,60,142,22
1,104,60,159,22
1,105,60,109,22
1,106,60,150,22
1,107,60,162,22
1,108,60,31,22
1,109,60,138,22
1,110,60,163,22
1,111,60,151,22
1,112,60,152,22
1,113,60,22,22
1,114,60,3,22
1,115,60,30,22
1,116,60,19,22
1,117,60,29,22
1,118,60,11,22
1,119,60,48,22
1,120,60,10,22
1,121,60,32,22
1,122,60,21,22
1,123,60,16,22
1,124,60,1,22
1,125,60,28,22
1,126,60,20,22
1,127,60,4,22
1,128,60,13,22
1,129,60,24,22
1,130,60,26,22
1,131,60,51,22
1,132,60,43,22
1,133,60,7,22
1,134,60,27,22
1,135,60,44,22
1,136,60,39,22
1,137,60,40,22
1,138,60,50,22
1,139,60,42,22
1,140,60,17,22
1,141,60,2,22
1,142,60,12,22
1,143,60,41,22
1,144,60,49,22
1,145,60,25,22
1,146,60,47,22
1,147,60,46,22
1,148,60,60,22
1,149,60,53,22
1,150,60,8,22
1,151,60,36,22
1,152,60,23,22
1,153,60,35,22
1,154,60,37,22
1,155,60,57,22
1,156,60,34,22
1,157,60,38,22
1,158,60,61,22
1,159,60,55,22
1,160,60,52,22
1,161,60,33,22
1,162,60,56,22
1,163,60,45,22
1,164,60,58,22
1,165,60,54,22
1,166,60,59,22
1,1,61,78,57
1,2,61,74,57
1,3,61,76,57
1,4,61,80,57
1,5,61,67,57
1,6,61,69,57
1,7,61,87,57
1,8,61,65,57
1,9,61,118,57
1,10,61,88,57
1,11,61,85,57
1,12,61,81,57
1,13,61,68,57
1,14,61,63,57
1,15,61,104,57
1,16,61,101,57
1,17,61,86,57
1,18,61,82,57
1,19,61,97,57
1,20,61,115,57
1,21,61,75,57
1,22,61,106,57
1,23,61,100,57
1,24,61,133,57
1,25,61,125,57
1,26,61,66,57
1,27,61,114,57
1,28,61,70,57
1,29,61,73,57
1,30,61,84,57
1,31,61,123,57
1,32,61,119,57
1,33,61,116,57
1,34,61,71,57
1,35,61,64,57
1,36,61,112,57
1,37,61,91,57
1,38,61,128,57
1,39,61,92,57
1,40,61,102,57
1,41,61,129,57
1,42,61,134,57
1,43,61,93,57
1,44,61,107,57
1,45,61,90,57
1,46,61,108,57
1,47,61,130,57
1,48,61,83,57
1,49,61,157,57
1,50,61,113,57
1,51,61,94,57
1,52,61,117,57
1,53,61,72,57
1,54,61,126,57
1,55,61,124,57
1,56,61,103,57
1,57,61,79,57
1,58,61,62,57
1,59,61,105,57
1,60,61,96,57
1,61,61,137,57
1,62,61,95,57
1,63,61,135,57
1,64,61,131,57
1,65,61,153,57
1,66,61,132,57
1,67,61,89,57
1,68,61,127,57
1,69,61,121,57
1,70,61,136,57
1,71,61,146,57
1,72,61,6,57
1,73,61,99,57
1,74,61,147,57
1,75,61,141,57
1,76,61,155,57
1,77,61,143,57
1,78,61,148,57
1,79,61,140,57
1,80,61,139,57
1,81,61,77,57
1,82,61,122,57
1,83,61,120,57
1,84,61,154,57
1,85,61,98,57
1,86,61,166,57
1,87,61,165,57
1,88,61,14,57
1,89,61,110,57
1,90,61,18,57
1,91,61,5,57
1,92,61,158,57
1,93,61,164,57
1,94,61,144,57
1,95,61,111,57
1,96,61,149,57
1,97,61,160,57
1,98,61,145,57
1,99,61,15,57
1,100,61,161,57
1,101,61,156,57
1,102,61,9,57
1,103,61,142,57
1,104,61,159,57
1,105,61,109,57
1,106,61,150,57
1,107,61,162,57
1,108,61,31,57
1,109,61,138,57
1,110,61,163,57
1,111,61,151,57
1,112,61,152,57
1,113,61,22,57
1,114,61,3,57
1,115,61,30,57
1,116,61,19,57
1,117,61,29,57
1,118,61,11,57
1,119,61,48,57
1,120,61,10,57
1,121,61,32,57
1,122,61,21,57
1,123,61,16,57
1,124,61,1,57
1,125,61,28,57
1,126,61,20,57
1,127,61,4,57
1,128,61,13,57
1,129,61,24,57
1,130,61,26,57
1,131,61,51,57
1,132,61,43,57
1,133,61,7,57
1,134,61,27,57
1,135,61,44,57
1,136,61,39,57
1,137,61,40,57
1,138,61,50,57
1,139,61,42,57
1,140,61,17,57
1,141,61,2,57
1,142,61,12,57
1,143,61,41,57
1,144,61,49,57
1,145,61,25,57
1,146,61,47,57
1,147,61,46,57
1,148,61,60,57
1,149,61,53,57
1,150,61,8,57
1,151,61,36,57
1,152,61,23,57
1,153,61,35,57
1,154,61,37,57
1,155,61,57,57
1,156,61,34,57
1,157,61,38,57
1,158,61,61,57
1,159,61,55,57
1,160,61,52,57
1,161,61,33,57
1,162,61,56,57
1,163,61,45,57
1,164,61,58,57
1,165,61,54,57
1,166,61,59,57
1,1,62,78,52
1,2,62,74,52
1,3,62,76,52
1,4,62,80,52
1,5,62,67,52
1,6,62,69,52
1,7,62,87,52
1,8,62,65,52
1,9,62,118,52
1,10,62,88,52
1,11,62,85,52
1,12,62,81,52
1,13,62,68,52
1,14,62,63,52
1,15,62,104,52
1,16,62,101,52
1,17,62,86,52
1,18,62,82,52
1,19,62,97,52
1,20,62,115,52
1,21,62,75,52
1,22,62,106,52
1,23,62,100,52
1,24,62,133,52
1,25,62,125,52
1,26,62,66,52
1,27,62,114,52
1,28,62,70,52
1,29,62,73,52
1,30,62,84,52
1,31,62,123,52
1,32,62,119,52
1,33,62,116,52
1,34,62,71,52
1,35,62,64,52
1,36,62,112,52
1,37,62,91,52
1,38,62,128,52
1,39,62,92,52
1,40,62,102,52
1,41,62,129,52
1,42,62,134,52
1,43,62,93,52
1,44,62,107,52
1,45,62,90,52
1,46,62,108,52
1,47,62,130,52
1,48,62,83,52
1,49,62,157,52
1,50,62,113,52
1,51,62,94,52
1,52,62,117,52
1,53,62,72,52
1,54,62,126,52
1,55,62,124,52
1,56,62,103,52
1,57,62,79,52
1,58,62,62,52
1,59,62,105,52
1,60,62,96,52
1,61,62,137,52
1,62,62,95,52
1,63,62,135,52
1,64,62,131,52
1,65,62,153,52
1,66,62,132,52
1,67,62,89,52
1,68,62,127,52
1,69,62,121,52
1,70,62,136,52
1,71,62,146,52
1,72,62,6,52
1,73,62,99,52
1,74,62,147,52
1,75,62,141,52
1,76,62,155,52
1,77,62,143,52
1,78,62,148,52
1,79,62,140,52
1,80,62,139,52
1,81,62,77,52
1,82,62,122,52
1,83,62,120,52
1,84,62,154,52
1,85,62,98,52
1,86,62,166,52
1,87,62,165,52
1,88,62,14,52
1,89,62,110,52
1,90,62,18,52
1,91,62,5,52
1,92,62,158,52
1,93,62,164,52
1,94,62,144,52
1,95,62,111,52
1,96,62,149,52
1,97,62,160,52
1,98,62,145,52
1,99,62,15,52
1,100,62,161,52
1,101,62,156,52
1,102,62,9,52
1,103,62,142,52
1,104,62,159,52
1,105,62,109,52
1,106,62,150,52
1,107,62,162,52
1,108,62,31,52
1,109,62,138,52
1,110,62,163,52
1,111,62,151,52
1,112,62,152,52
1,113,62,22,52
1,114,62,3,52
1,115,62,30,52
1,116,62,19,52
1,117,62,29,52
1,118,62,11,52
1,119,62,48,52
1,120,62,10,52
1,121,62,32,52
1,122,62,21,52
1,123,62,16,52
1,124,62,1,52
1,125,62,28,52
1,126,62,20,52
1,127,62,4,52
1,128,62,13,52
1,129,62,24,52
1,130,62,26,52
1,131,62,51,52
1,132,62,43,52
1,133,62,7,52
1,134,62,27,52
1,135,62,44,52
1,136,62,39,52
1,137,62,40,52
1,138,62,50,52
1,139,62,42,52
1,140,62,17,52
1,141,62,2,52
1,142,62,12,52
1,143,62,41,52
1,144,62,49,52
1,145,62,25,52
1,146,62,47,52
1,147,62,46,52
1,148,62,60,52
1,149,62,53,52
1,150,62,8,52
1,151,62,36,52
1,152,62,23,52
1,153,62,35,52
1,154,62,37,52
1,155,62,57,52
1,156,62,34,52
1,157,62,38,52
1,158,62,61,52
1,159,62,55,52
1,160,62,52,52
1,161,62,33,52
1,162,62,56,52
1,163,62,45,52
1,164,62,58,52
1,165,62,54,52
1,166,62,59,52
1,1,63,78,68
1,2,63,74,68
1,3,63,76,68
1,4,63,80,68
1,5,63,67,68
1,6,63,69,68
1,7,63,87,68
1,8,63,65,68
1,9,63,118,68
1,10,63,88,68
1,11,63,85,68
1,12,63,81,68
1,13,63,68,68
1,14,63,63,68
1,15,63,104,68
1,16,63,101,68
1,17,63,86,68
1,18,63,82,68
1,19,63,97,68
1,20,63,115,68
1,21,63,75,68
1,22,63,106,68
1,23,63,100,68
1,24,63,133,68
1,25,63,125,68
1,26,63,66,68
1,27,63,114,68
1,28,63,70,68
1,29,63,73,68
1,30,63,84,68
1,31,63,123,68
1,32,63,119,68
1,33,63,116,68
1,34,63,71,68
1,35,63,64,68
1,36,63,112,68
1,37,63,91,68
1,38,63,128,68
1,39,63,92,68
1,40,63,102,68
1,41,63,129,68
1,42,63,134,68
1,43,63,93,68
1,44,63,107,68
1,45,63,90,68
1,46,63,108,68
1,47,63,130,68
1,48,63,83,68
1,49,63,157,68
1,50,63,113,68
1,51,63,94,68
1,52,63,117,68
1,53,63,72,68
1,54,63,126,68
1,55,63,124,68
1,56,63,103,68
1,57,63,79,68
1,58,63,62,68
1,59,63,105,68
1,60,63,96,68
1,61,63,137,68
1,62,63,95,68
1,63,63,135,68
1,64,63,131,68
1,65,63,153,68
1,66,63,132,68
1,67,63,89,68
1,68,63,127,68
1,69,63,121,68
1,70,63,136,68
1,71,63,146,68
1,72,63,6,68
1,73,63,99,68
1,74,63,147,68
1,75,63,141,68
1,76,63,155,68
1,77,63,143,68
1,78,63,148,68
1,79,63,140,68
1,80,63,139,68
1,81,63,77,68
1,82,63,122,68
1,83,63,120,68
1,84,63,154,68
1,85,63,98,68
1,86,63,166,68
1,87,63,165,68
1,88,63,14,68
1,89,63,110,68
1,90,63,18,68
1,91,63,5,68
1,92,63,158,68
1,93,63,164,68
1,94,63,144,68
1,95,63,111,68
1,96,63,149,68
1,97,63,160,68
1,98,63,145,68
1,99,63,15,68
1,100,63,161,68
1,101,63,156,68
1,102,63,9,68
1,103,63,142,68
1,104,63,159,68
1,105,63,109,68
1,106,63,150,68
1,107,63,162,68
1,108,63,31,68
1,109,63,138,68
1,110,63,163,68
1,111,63,151,68
1,112,63,152,68
1,113,63,22,68
1,114,63,3,68
1,115,63,30,68
1,116,63,19,68
1,117,63,29,68
1,118,63,11,68
1,119,63,48,68
1,120,63,10,68
1,121,63,32,68
1,122,63,21,68
1,123,63,16,68
1,124,63,1,68
1,125,63,28,68
1,126,63,20,68
1,127,63,4,68
1,128,63,13,68
1,129,63,24,68
1,130,63,26,68
1,131,63,51,68
1,132,63,43,68
1,133,63,7,68
1,134,63,27,68
1,135,63,44,68
1,136,63,39,68
1,137,63,40,68
1,138,63,50,68
1,139,63,42,68
1,140,63,17,68
1,141,63,2,68
1,142,63,12,68
1,143,63,41,68
1,144,63,49,68
1,145,63,25,68
1,146,63,47,68
1,147,63,46,68
1,148,63,60,68
1,149,63,53,68
1,150,63,8,68
1,151,63,36,68
1,152,63,23,68
1,153,63,35,68
1,154,63,37,68
1,155,63,57,68
1,156,63,34,68
1,157,63,38,68
1,158,63,61,68
1,159,63,55,68
1,160,63,52,68
1,161,63,33,68
1,162,63,56,68
1,163,63,45,68
1,164,63,58,68
1,165,63,54,68
1,166,63,59,68
1,1,64,78,85
1,2,64,74,85
1,3,64,76,85
1,4,64,80,85
1,5,64,67,85
1,6,64,69,85
1,7,64,87,85
1,8,64,65,85
1,9,64,118,85
1,10,64,88,85
1,11,64,85,85
1,12,64,81,85
1,13,64,68,85
1,14,64,63,85
1,15,64,104,85
1,16,64,101,85
1,17,64,86,85
1,18,64,82,85
1,19,64,97,85
1,20,64,115,85
1,21,64,75,85
1,22,64,106,85
1,23,64,100,85
1,24,64,133,85
1,25,64,125,85
1,26,64,66,85
1,27,64,114,85
1,28,64,70,85
1,29,64,73,85
1,30,64,84,85
1,31,64,123,85
1,32,64,119,85
1,33,64,116,85
1,34,64,71,85
1,35,64,64,85
1,36,64,112,85
1,37,64,91,85
1,38,64,128,85
1,39,64,92,85
1,40,64,102,85
1,41,64,129,85
1,42,64,134,85
1,43,64,93,85
1,44,64,107,85
1,45,64,90,85
1,46,64,108,85
1,47,64,130,85
1,48,64,83,85
1,49,64,157,85
1,50,64,113,85
1,51,64,94,85
1,52,64,117,85
1,53,64,72,85
1,54,64,126,85
1,55,64,124,85
1,56,64,103,85
1,57,64,79,85
1,58,64,62,85
1,59,64,105,85
1,60,64,96,85
1,61,64,137,85
1,62,64,95,85
1,63,64,135,85
1,64,64,131,85
1,65,64,153,85
1,66,64,132,85
1,67,64,89,85
1,68,64,127,85
1,69,64,121,85
1,70,64,136,85
1,71,64,146,85
1,72,64,6,85
1,73,64,99,85
1,74,64,147,85
1,75,64,141,85
1,76,64,155,85
1,77,64,143,85
1,78,64,148,85
1,79,64,140,85
1,80,64,139,85
1,81,64,77,85
1,82,64,122,85
1,83,64,120,85
1,84,64,154,85
1,85,64,98,85
1,86,64,166,85
1,87,64,165,85
1,88,64,14,85
1,89,64,110,85
1,90,64,18,85
1,91,64,5,85
1,92,64,158,85
1,93,64,164,85
1,94,64,144,85
1,95,64,111,85
1,96,64,149,85
1,97,64,160,85
1,98,64,145,85
1,99,64,15,85
1,100,64,161,85
1,101,64,156,85
1,102,64,9,85
1,103,64,142,85
1,104,64,159,85
1,105,64,109,85
1,106,64,150,85
1,107,64,162,85
1,108,64,31,85
1,109,64,138,85
1,110,64,163,85
1,111,64,151,85
1,112,64,152,85
1,113,64,22,85
1,114,64,3,85
1,115,64,30,85
1,116,64,19,85
1,117,64,29,85
1,118,64,11,85
1,119,64,48,85
1,120,64,10,85
1,121,64,32,85
1,122,64,21,85
1,123,64,16,85
1,124,64,1,85
1,125,64,28,85
1,126,64,20,85
1,127,64,4,85
1,128,64,13,85
1,129,64,24,85
1,130,64,26,85
1,131,64,51,85
1,132,64,43,85
1,133,64,7,85
1,134,64,27,85
1,135,64,44,85
1,136,64,39,85
1,137,64,40,85
1,138,64,50,85
1,139,64,42,85
1,140,64,17,85
1,141,64,2,85
1,142,64,12,85
1,143,64,41,85
1,144,64,49,85
1,145,64,25,85
1,146,64,47,85
1,147,64,46,85
1,148,64,60,85
1,149,64,53,85
1,150,64,8,85
1,151,64,36,85
1,152,64,23,85
1,153,64,35,85
1,154,64,37,85
1,155,64,57,85
1,156,64,34,85
1,157,64,38,85
1,158,64,61,85
1,159,64,55,85
1,160,64,52,85
1,161,64,33,85
1,162,64,56,85
1,163,64,45,85
1,164,64,58,85
1,165,64,54,85
1,166,64,59,85
1,1,65,78,40
1,2,65,74,40
1,3,65,76,40
1,4,65,80,40
1,5,65,67,40
1,6,65,69,40
1,7,65,87,40
1,8,65,65,40
1,9,65,118,40
1,10,65,88,40
1,11,65,85,40
1,12,65,81,40
1,13,65,68,40
1,14,65,63,40
1,15,65,104,40
1,16,65,101,40
1,17,65,86,40
1,18,65,82,40
1,19,65,97,40
1,20,65,115,40
1,21,65,75,40
1,22,65,106,40
1,23,65,100,40
1,24,65,133,40
1,25,65,125,40
1,26,65,66,40
1,27,65,114,40
1,28,65,70,40
1,29,65,73,40
1,30,65,84,40
1,31,65,123,40
1,32,65,119,40
1,33,65,116,40
1,34,65,71,40
1,35,65,64,40
1,36,65,112,40
1,37,65,91,40
1,38,65,128,40
1,39,65,92,40
1,40,65,102,40
1,41,65,129,40
1,42,65,134,40
1,43,65,93,40
1,44,65,107,40
1,45,65,90,40
1,46,65,108,40
1,47,65,130,40
1,48,65,83,40
1,49,65,157,40
1,50,65,113,40
1,51,65,94,40
1,52,65,117,40
1,53,65,72,40
1,54,65,126,40
1,55,65,124,40
1,56,65,103,40
1,57,65,79,40
1,58,65,62,40
1,59,65,105,40
1,60,65,96,40
1,61,65,137,40
1,62,65,95,40
1,63,65,135,40
1,64,65,131,40
1,65,65,153,40
1,66,65,132,40
1,67,65,89,40
1,68,65,127,40
1,69,65,121,40
1,70,65,136,40
1,71,65,146,40
1,72,65,6,40
1,73,65,99,40
1,74,65,147,40
1,75,65,141,40
1,76,65,155,40
1,77,65,143,40
1,78,65,148,40
1,79,65,140,40
1,80,65,139,40
1,81,65,77,40
1,82,65,122,40
1,83,65,120,40
1,84,65,154,40
1,85,65,98,40
1,86,65,166,40
1,87,65,165,40
1,88,65,14,40
1,89,65,110,40
1,90,65,18,40
1,91,65,5,40
1,92,65,158,40
1,93,65,164,40
1,94,65,144,40
1,95,65,111,40
1,96,65,149,40
1,97,65,160,40
1,98,65,145,40
1,99,65,15,40
1,100,65,161,40
1,101,65,156,40
1,102,65,9,40
1,103,65,142,40
1,104,65,159,40
1,105,65,109,40
1,106,65,150,40
1,107,65,162,40
1,108,65,31,40
1,109,65,138,40
1,110,65,163,40
1,111,65,151,40
1,112,65,152,40
1,113,65,22,40
1,114,65,3,40
1,115,65,30,40
1,116,65,19,40
1,117,65,29,40
1,118,65,11,40
1,119,65,48,40
1,120,65,10,40
1,121,65,32,40
1,122,65,21,40
1,123,65,16,40
1,124,65,1,40
1,125,65,28,40
1,126,65,20,40
1,127,65,4,40
1,128,65,13,40
1,129,65,24,40
1,130,65,26,40
1,131,65,51,40
1,132,65,43,40
1,133,65,7,40
1,134,65,27,40
1,135,65,44,40
1,136,65,39,40
1,137,65,40,40
1,138,65,50,40
1,139,65,42,40
1,140,65,17,40
1,141,65,2,40
1,142,65,12,40
1,143,65,41,40
1,144,65,49,40
1,145,65,25,40
1,146,65,47,40
1,147,65,46,40
1,148,65,60,40
1,149,65,53,40
1,150,65,8,40
1,151,65,36,40
1,152,65,23,40
1,153,65,35,40
1,154,65,37,40
1,155,65,57,40
1,156,65,34,40
1,157,65,38,40
1,158,65,61,40
1,159,65,55,40
1,160,65,52,40
1,161,65,33,40
1,162,65,56,40
1,163,65,45,40
1,164,65,58,40
1,165,65,54,40
1,166,65,59,40
1,1,66,78,33
1,2,66,74,33
1,3,66,76,33
1,4,66,80,33
1,5,66,67,33
1,6,66,69,33
1,7,66,87,33
1,8,66,65,33
1,9,66,118,33
1,10,66,88,33
1,11,66,85,33
1,12,66,81,33
1,13,66,68,33
1,14,66,63,33
1,15,66,104,33
1,16,66,101,33
1,17,66,86,33
1,18,66,82,33
1,19,66,97,33
1,20,66,115,33
1,21,66,75,33
1,22,66,106,33
1,23,66,100,33
1,24,66,133,33
1,25,66,125,33
1,26,66,66,33
1,27,66,114,33
1,28,66,70,33
1,29,66,73,33
1,30,66,84,33
1,31,66,123,33
1,32,66,119,33
1,33,66,116,33
1,34,66,71,33
1,35,66,64,33
1,36,66,112,33
1,37,66,91,33
1,38,66,128,33
1,39,66,92,33
1,40,66,102,33
1,41,66,129,33
1,42,66,134,33
1,43,66,93,33
1,44,66,107,33
1,45,66,90,33
1,46,66,108,33
1,47,66,130,33
1,48,66,83,33
1,49,66,157,33
1,50,66,113,33
1,51,66,94,33
1,52,66,117,33
1,53,66,72,33
1,54,66,126,33
1,55,66,124,33
1,56,66,103,33
1,57,66,79,33
1,58,66,62,33
1,59,66,105,33
1,60,66,96,33
1,61,66,137,33
1,62,66,95,33
1,63,66,135,33
1,64,66,131,33
1,65,66,153,33
1,66,66,132,33
1,67,66,89,33
1,68,66,127,33
1,69,66,121,33
1,70,66,136,33
1,71,66,146,33
1,72,66,6,33
1,73,66,99,33
1,74,66,147,33
1,75,66,141,33
1,76,66,155,33
1,77,66,143,33
1,78,66,148,33
1,79,66,140,33
1,80,66,139,33
1,81,66,77,33
1,82,66,122,33
1,83,66,120,33
1,84,66,154,33
1,85,66,98,33
1,86,66,166,33
1,87,66,165,33
1,88,66,14,33
1,89,66,110,33
1,90,66,18,33
1,91,66,5,33
1,92,66,158,33
1,93,66,164,33
1,94,66,144,33
1,95,66,111,33
1,96,66,149,33
1,97,66,160,33
1,98,66,145,33
1,99,66,15,33
1,100,66,161,33
1,101,66,156,33
1,102,66,9,33
1,103,66,142,33
1,104,66,159,33
1,105,66,109,33
1,106,66,150,33
1,107,66,162,33
1,108,66,31,33
1,109,66,138,33
1,110,66,163,33
1,111,66,151,33
1,112,66,152,33
1,113,66,22,33
1,114,66,3,33
1,115,66,30,33
1,116,66,19,33
1,117,66,29,33
1,118,66,11,33
1,119,66,48,33
1,120,66,10,33
1,121,66,32,33
1,122,66,21,33
1,123,66,16,33
1,124,66,1,33
1,125,66,28,33
1,126,66,20,33
1,127,66,4,33
1,128,66,13,33
1,129,66,24,33
1,130,66,26,33
1,131,66,51,33
1,132,66,43,33
1,133,66,7,33
1,134,66,27,33
1,135,66,44,33
1,136,66,39,33
1,137,66,40,33
1,138,66,50,33
1,139,66,42,33
1,140,66,17,33
1,141,66,2,33
1,142,66,12,33
1,143,66,41,33
1,144,66,49,33
1,145,66,25,33
1,146,66,47,33
1,147,66,46,33
1,148,66,60,33
1,149,66,53,33
1,150,66,8,33
1,151,66,36,33
1,152,66,23,33
1,153,66,35,33
1,154,66,37,33
1,155,66,57,33
1,156,66,34,33
1,157,66,38,33
1,158,66,61,33
1,159,66,55,33
1,160,66,52,33
1,161,66,33,33
1,162,66,56,33
1,163,66,45,33
1,164,66,58,33
1,165,66,54,33
1,166,66,59,33
1,1,67,78,58
1,2,67,74,58
1,3,67,76,58
1,4,67,80,58
1,5,67,67,58
1,6,67,69,58
1,7,67,87,58
1,8,67,65,58
1,9,67,118,58
1,10,67,88,58
1,11,67,85,58
1,12,67,81,58
1,13,67,68,58
1,14,67,63,58
1,15,67,104,58
1,16,67,101,58
1,17,67,86,58
1,18,67,82,58
1,19,67,97,58
1,20,67,115,58
1,21,67,75,58
1,22,67,106,58
1,23,67,100,58
1,24,67,133,58
1,25,67,125,58
1,26,67,66,58
1,27,67,114,58
1,28,67,70,58
1,29,67,73,58
1,30,67,84,58
1,31,67,123,58
1,32,67,119,58
1,33,67,116,58
1,34,67,71,58
1,35,67,64,58
1,36,67,112,58
1,37,67,91,58
1,38,67,128,58
1,39,67,92,58
1,40,67,102,58
1,41,67,129,58
1,42,67,134,58
1,43,67,93,58
1,44,67,107,58
1,45,67,90,58
1,46,67,108,58
1,47,67,130,58
1,48,67,83,58
1,49,67,157,58
1,50,67,113,58
1,51,67,94,58
1,52,67,117,58
1,53,67,72,58
1,54,67,126,58
1,55,67,124,58
1,56,67,103,58
1,57,67,79,58
1,58,67,62,58
1,59,67,105,58
1,60,67,96,58
1,61,67,137,58
1,62,67,95,58
1,63,67,135,58
1,64,67,131,58
1,65,67,153,58
1,66,67,132,58
1,67,67,89,58
1,68,67,127,58
1,69,67,121,58
1,70,67,136,58
1,71,67,146,58
1,72,67,6,58
1,73,67,99,58
1,74,67,147,58
1,75,67,141,58
1,76,67,155,58
1,77,67,143,58
1,78,67,148,58
1,79,67,140,58
1,80,67,139,58
1,81,67,77,58
1,82,67,122,58
1,83,67,120,58
1,84,67,154,58
1,85,67,98,58
1,86,67,166,58
1,87,67,165,58
1,88,67,14,58
1,89,67,110,58
1,90,67,18,58
1,91,67,5,58
1,92,67,158,58
1,93,67,164,58
1,94,67,144,58
1,95,67,111,58
1,96,67,149,58
1,97,67,160,58
1,98,67,145,58
1,99,67,15,58
1,100,67,161,58
1,101,67,156,58
1,102,67,9,58
1,103,67,142,58
1,104,67,159,58
1,105,67,109,58
1,106,67,150,58
1,107,67,162,58
1,108,67,31,58
1,109,67,138,58
1,110,67,163,58
1,111,67,151,58
1,112,67,152,58
1,113,67,22,58
1,114,67,3,58
1,115,67,30,58
1,116,67,19,58
1,117,67,29,58
1,118,67,11,58
1,119,67,48,58
1,120,67,10,58
1,121,67,32,58
1,122,67,21,58
1,123,67,16,58
1,124,67,1,58
1,125,67,28,58
1,126,67,20,58
1,127,67,4,58
1,128,67,13,58
1,129,67,24,58
1,130,67,26,58
1,131,67,51,58
1,132,67,43,58
1,133,67,7,58
1,134,67,27,58
1,135,67,44,58
1,136,67,39,58
1,137,67,40,58
1,138,67,50,58
1,139,67,42,58
1,140,67,17,58
1,141,67,2,58
1,142,67,12,58
1,143,67,41,58
1,144,67,49,58
1,145,67,25,58
1,146,67,47,58
1,147,67,46,58
1,148,67,60,58
1,149,67,53,58
1,150,67,8,58
1,151,67,36,58
1,152,67,23,58
1,153,67,35,58
1,154,67,37,58
1,155,67,57,58
1,156,67,34,58
1,157,67,38,58
1,158,67,61,58
1,159,67,55,58
1,160,67,52,58
1,161,67,33,58
1,162,67,56,58
1,163,67,45,58
1,164,67,58,58
1,165,67,54,58
1,166,67,59,58
1,1,68,78,93
1,2,68,74,93
1,3,68,76,93
1,4,68,80,93
1,5,68,67,93
1,6,68,69,93
1,7,68,87,93
1,8,68,65,93
1,9,68,118,93
1,10,68,88,93
1,11,68,85,93
1,12,68,81,93
1,13,68,68,93
1,14,68,63,93
1,15,68,104,93
1,16,68,101,93
1,17,68,86,93
1,18,68,82,93
1,19,68,97,93
1,20,68,115,93
1,21,68,75,93
1,22,68,106,93
1,23,68,100,93
1,24,68,133,93
1,25,68,125,93
1,26,68,66,93
1,27,68,114,93
1,28,68,70,93
1,29,68,73,93
1,30,68,84,93
1,31,68,123,93
1,32,68,119,93
1,33,68,116,93
1,34,68,71,93
1,35,68,64,93
1,36,68,112,93
1,37,68,91,93
1,38,68,128,93
1,39,68,92,93
1,40,68,102,93
1,41,68,129,93
1,42,68,134,93
1,43,68,93,93
1,44,68,107,93
1,45,68,90,93
1,46,68,108,93
1,47,68,130,93
1,48,68,83,93
1,49,68,157,93
1,50,68,113,93
1,51,68,94,93
1,52,68,117,93
1,53,68,72,93
1,54,68,126,93
1,55,68,124,93
1,56,68,103,93
1,57,68,79,93
1,58,68,62,93
1,59,68,105,93
1,60,68,96,93
1,61,68,137,93
1,62,68,95,93
1,63,68,135,93
1,64,68,131,93
1,65,68,153,93
1,66,68,132,93
1,67,68,89,93
1,68,68,127,93
1,69,68,121,93
1,70,68,136,93
1,71,68,146,93
1,72,68,6,93
1,73,68,99,93
1,74,68,147,93
1,75,68,141,93
1,76,68,155,93
1,77,68,143,93
1,78,68,148,93
1,79,68,140,93
1,80,68,139,93
1,81,68,77,93
1,82,68,122,93
1,83,68,120,93
1,84,68,154,93
1,85,68,98,93
1,86,68,166,93
1,87,68,165,93
1,88,68,14,93
1,89,68,110,93
1,90,68,18,93
1,91,68,5,93
1,92,68,158,93
1,93,68,164,93
1,94,68,144,93
1,95,68,111,93
1,96,68,149,93
1,97,68,160,93
1,98,68,145,93
1,99,68,15,93
1,100,68,161,93
1,101,68,156,93
1,102,68,9,93
1,103,68,142,93
1,104,68,159,93
1,105,68,109,93
1,106,68,150,93
1,107,68,162,93
1,108,68,31,93
1,109,68,138,93
1,110,68,163,93
1,111,68,151,93
1,112,68,152,93
1,113,68,22,93
1,114,68,3,93
1,115,68,30,93
1,116,68,19,93
1,117,68,29,93
1,118,68,11,93
1,119,68,48,93
1,120,68,10,93
1,121,68,32,93
1,122,68,21,93
1,123,68,16,93
1,124,68,1,93
1,125,68,28,93
1,126,68,20,93
1,127,68,4,93
1,128,68,13,93
1,129,68,24,93
1,130,68,26,93
1,131,68,51,93
1,132,68,43,93
1,133,68,7,93
1,134,68,27,93
1,135,68,44,93
1,136,68,39,93
1,137,68,40,93
1,138,68,50,93
1,139,68,42,93
1,140,68,17,93
1,141,68,2,93
1,142,68,12,93
1,143,68,41,93
1,144,68,49,93
1,145,68,25,93
1,146,68,47,93
1,147,68,46,93
1,148,68,60,93
1,149,68,53,93
1,150,68,8,93
1,151,68,36,93
1,152,68,23,93
1,153,68,35,93
1,154,68,37,93
1,155,68,57,93
1,156,68,34,93
1,157,68,38,93
1,158,68,61,93
1,159,68,55,93
1,160,68,52,93
1,161,68,33,93
1,162,68,56,93
1,163,68,45,93
1,164,68,58,93
1,165,68,54,93
1,166,68,59,93
1,1,69,78,109
1,2,69,74,109
1,3,69,76,109
1,4,69,80,109
1,5,69,67,109
1,6,69,69,109
1,7,69,87,109
1,8,69,65,109
1,9,69,118,109
1,10,69,88,109
1,11,69,85,109
1,12,69,81,109
1,13,69,68,109
1,14,69,63,109
1,15,69,104,109
1,16,69,101,109
1,17,69,86,109
1,18,69,82,109
1,19,69,97,109
1,20,69,115,109
1,21,69,75,109
1,22,69,106,109
1,23,69,100,109
1,24,69,133,109
1,25,69,125,109
1,26,69,66,109
1,27,69,114,109
1,28,69,70,109
1,29,69,73,109
1,30,69,84,109
1,31,69,123,109
1,32,69,119,109
1,33,69,116,109
1,34,69,71,109
1,35,69,64,109
1,36,69,112,109
1,37,69,91,109
1,38,69,128,109
1,39,69,92,109
1,40,69,102,109
1,41,69,129,109
1,42,69,134,109
1,43,69,93,109
1,44,69,107,109
1,45,69,90,109
1,46,69,108,109
1,47,69,130,109
1,48,69,83,109
1,49,69,157,109
1,50,69,113,109
1,51,69,94,109
1,52,69,117,109
1,53,69,72,109
1,54,69,126,109
1,55,69,124,109
1,56,69,103,109
1,57,69,79,109
1,58,69,62,109
1,59,69,105,109
1,60,69,96,109
1,61,69,137,109
1,62,69,95,109
1,63,69,135,109
1,64,69,131,109
1,65,69,153,109
1,66,69,132,109
1,67,69,89,109
1,68,69,127,109
1,69,69,121,109
1,70,69,136,109
1,71,69,146,109
1,72,69,6,109
1,73,69,99,109
1,74,69,147,109
1,75,69,141,109
1,76,69,155,109
1,77,69,143,109
1,78,69,148,109
1,79,69,140,109
1,80,69,139,109
1,81,69,77,109
1,82,69,122,109
1,83,69,120,109
1,84,69,154,109
1,85,69,98,109
1,86,69,166,109
1,87,69,165,109
1,88,69,14,109
1,89,69,110,109
1,90,69,18,109
1,91,69,5,109
1,92,69,158,109
1,93,69,164,109
1,94,69,144,109
1,95,69,111,109
1,96,69,149,109
1,97,69,160,109
1,98,69,145,109
1,99,69,15,109
1,100,69,161,109
1,101,69,156,109
1,102,69,9,109
1,103,69,142,109
1,104,69,159,109
1,105,69,109,109
1,106,69,150,109
1,107,69,162,109
1,108,69,31,109
1,109,69,138,109
1,110,69,163,109
1,111,69,151,109
1,112,69,152,109
1,113,69,22,109
1,114,69,3,109
1,115,69,30,109
1,116,69,19,109
1,117,69,29,109
1,118,69,11,109
1,119,69,48,109
1,120,69,10,109
1,121,69,32,109
1,122,69,21,109
1,123,69,16,109
1,124,69,1,109
1,125,69,28,109
1,126,69,20,109
1,127,69,4,109
1,128,69,13,109
1,129,69,24,109
1,130,69,26,109
1,131,69,51,109
1,132,69,43,109
1,133,69,7,109
1,134,69,27,109
1,135,69,44,109
1,136,69,39,109
1,137,69,40,109
1,138,69,50,109
1,139,69,42,109
1,140,69,17,109
1,141,69,2,109
1,142,69,12,109
1,143,69,41,109
1,144,69,49,109
1,145,69,25,109
1,146,69,47,109
1,147,69,46,109
1,148,69,60,109
1,149,69,53,109
1,150,69,8,109
1,151,69,36,109
1,152,69,23,109
1,153,69,35,109
1,154,69,37,109
1,155,69,57,109
1,156,69,34,109
1,157,69,38,109
1,158,69,61,109
1,159,69,55,109
1,160,69,52,109
1,161,69,33,109
1,162,69,56,109
1,163,69,45,109
1,164,69,58,109
1,165,69,54,109
1,166,69,59,109
1,1,70,78,8
1,2,70,74,8
1,3,70,76,8
1,4,70,80,8
1,5,70,67,8
1,6,70,69,8
1,7,70,87,8
1,8,70,65,8
1,9,70,118,8
1,10,70,88,8
1,11,70,85,8
1,12,70,81,8
1,13,70,68,8
1,14,70,63,8
1,15,70,104,8
1,16,70,101,8
1,17,70,86,8
1,18,70,82,8
1,19,70,97,8
1,20,70,115,8
1,21,70,75,8
1,22,70,106,8
1,23,70,100,8
1,24,70,133,8
1,25,70,125,8
1,26,70,66,8
1,27,70,114,8
1,28,70,70,8
1,29,70,73,8
1,30,70,84,8
1,31,70,123,8
1,32,70,119,8
1,33,70,116,8
1,34,70,71,8
1,35,70,64,8
1,36,70,112,8
1,37,70,91,8
1,38,70,128,8
1,39,70,92,8
1,40,70,102,8
1,41,70,129,8
1,42,70,134,8
1,43,70,93,8
1,44,70,107,8
1,45,70,90,8
1,46,70,108,8
1,47,70,130,8
1,48,70,83,8
1,49,70,157,8
1,50,70,113,8
1,51,70,94,8
1,52,70,117,8
1,53,70,72,8
1,54,70,126,8
1,55,70,124,8
1,56,70,103,8
1,57,70,79,8
1,58,70,62,8
1,59,70,105,8
1,60,70,96,8
1,61,70,137,8
1,62,70,95,8
1,63,70,135,8
1,64,70,131,8
1,65,70,153,8
1,66,70,132,8
1,67,70,89,8
1,68,70,127,8
1,69,70,121,8
1,70,70,136,8
1,71,70,146,8
1,72,70,6,8
1,73,70,99,8
1,74,70,147,8
1,75,70,141,8
1,76,70,155,8
1,77,70,143,8
1,78,70,148,8
1,79,70,140,8
1,80,70,139,8
1,81,70,77,8
1,82,70,122,8
1,83,70,120,8
1,84,70,154,8
1,85,70,98,8
1,86,70,166,8
1,87,70,165,8
1,88,70,14,8
1,89,70,110,8
1,90,70,18,8
1,91,70,5,8
1,92,70,158,8
1,93,70,164,8
1,94,70,144,8
1,95,70,111,8
1,96,70,149,8
1,97,70,160,8
1,98,70,145,8
1,99,70,15,8
1,100,70,161,8
1,101,70,156,8
1,102,70,9,8
1,103,70,142,8
1,104,70,159,8
1,105,70,109,8
1,106,70,150,8
1,107,70,162,8
1,108,70,31,8
1,109,70,138,8
1,110,70,163,8
1,111,70,151,8
1,112,70,152,8
1,113,70,22,8
1,114,70,3,8
1,115,70,30,8
1,116,70,19,8
1,117,70,29,8
1,118,70,11,8
1,119,70,48,8
1,120,70,10,8
1,121,70,32,8
1,122,70,21,8
1,123,70,16,8
1,124,70,1,8
1,125,70,28,8
1,126,70,20,8
1,127,70,4,8
1,128,70,13,8
1,129,70,24,8
1,130,70,26,8
1,131,70,51,8
1,132,70,43,8
1,133,70,7,8
1,134,70,27,8
1,135,70,44,8
1,136,70,39,8
1,137,70,40,8
1,138,70,50,8
1,139,70,42,8
1,140,70,17,8
1,141,70,2,8
1,142,70,12,8
1,143,70,41,8
1,144,70,49,8
1,145,70,25,8
1,146,70,47,8
1,147,70,46,8
1,148,70,60,8
1,149,70,53,8
1,150,70,8,8
1,151,70,36,8
1,152,70,23,8
1,153,70,35,8
1,154,70,37,8
1,155,70,57,8
1,156,70,34,8
1,157,70,38,8
1,158,70,61,8
1,159,70,55,8
1,160,70,52,8
1,161,70,33,8
1,162,70,56,8
1,163,70,45,8
1,164,70,58,8
1,165,70,54,8
1,166,70,59,8
1,1,71,78,89
1,2,71,74,89
1,3,71,76,89
1,4,71,80,89
1,5,71,67,89
1,6,71,69,89
1,7,71,87,89
1,8,71,65,89
1,9,71,118,89
1,10,71,88,89
1,11,71,85,89
1,12,71,81,89
1,13,71,68,89
1,14,71,63,89
1,15,71,104,89
1,16,71,101,89
1,17,71,86,89
1,18,71,82,89
1,19,71,97,89
1,20,71,115,89
1,21,71,75,89
1,22,71,106,89
1,23,71,100,89
1,24,71,133,89
1,25,71,125,89
1,26,71,66,89
1,27,71,114,89
1,28,71,70,89
1,29,71,73,89
1,30,71,84,89
1,31,71,123,89
1,32,71,119,89
1,33,71,116,89
1,34,71,71,89
1,35,71,64,89
1,36,71,112,89
1,37,71,91,89
1,38,71,128,89
1,39,71,92,89
1,40,71,102,89
1,41,71,129,89
1,42,71,134,89
1,43,71,93,89
1,44,71,107,89
1,45,71,90,89
1,46,71,108,89
1,47,71,130,89
1,48,71,83,89
1,49,71,157,89
1,50,71,113,89
1,51,71,94,89
1,52,71,117,89
1,53,71,72,89
1,54,71,126,89
1,55,71,124,89
1,56,71,103,89
1,57,71,79,89
1,58,71,62,89
1,59,71,105,89
1,60,71,96,89
1,61,71,137,89
1,62,71,95,89
1,63,71,135,89
1,64,71,131,89
1,65,71,153,89
1,66,71,132,89
1,67,71,89,89
1,68,71,127,89
1,69,71,121,89
1,70,71,136,89
1,71,71,146,89
1,72,71,6,89
1,73,71,99,89
1,74,71,147,89
1,75,71,141,89
1,76,71,155,89
1,77,71,143,89
1,78,71,148,89
1,79,71,140,89
1,80,71,139,89
1,81,71,77,89
1,82,71,122,89
1,83,71,120,89
1,84,71,154,89
1,85,71,98,89
1,86,71,166,89
1,87,71,165,89
1,88,71,14,89
1,89,71,110,89
1,90,71,18,89
1,91,71,5,89
1,92,71,158,89
1,93,71,164,89
1,94,71,144,89
1,95,71,111,89
1,96,71,149,89
1,97,71,160,89
1,98,71,145,89
1,99,71,15,89
1,100,71,161,89
1,101,71,156,89
1,102,71,9,89
1,103,71,142,89
1,104,71,159,89
1,105,71,109,89
1,106,71,150,89
1,107,71,162,89
1,108,71,31,89
1,109,71,138,89
1,110,71,163,89
1,111,71,151,89
1,112,71,152,89
1,113,71,22,89
1,114,71,3,89
1,115,71,30,89
1,116,71,19,89
1,117,71,29,89
1,118,71,11,89
1,119,71,48,89
1,120,71,10,89
1,121,71,32,89
1,122,71,21,89
1,123,71,16,89
1,124,71,1,89
1,125,71,28,89
1,126,71,20,89
1,127,71,4,89
1,128,71,13,89
1,129,71,24,89
1,130,71,26,89
1,131,71,51,89
1,132,71,43,89
1,133,71,7,89
1,134,71,27,89
1,135,71,44,89
1,136,71,39,89
1,137,71,40,89
1,138,71,50,89
1,139,71,42,89
1,140,71,17,89
1,141,71,2,89
1,142,71,12,89
1,143,71,41,89
1,144,71,49,89
1,145,71,25,89
1,146,71,47,89
1,147,71,46,89
1,148,71,60,89
1,149,71,53,89
1,150,71,8,89
1,151,71,36,89
1,152,71,23,89
1,153,71,35,89
1,154,71,37,89
1,155,71,57,89
1,156,71,34,89
1,157,71,38,89
1,158,71,61,89
1,159,71,55,89
1,160,71,52,89
1,161,71,33,89
1,162,71,56,89
1,163,71,45,89
1,164,71,58,89
1,165,71,54,89
1,166,71,59,89
1,1,72,78,15
1,2,72,74,15
1,3,72,76,15
1,4,72,80,15
1,5,72,67,15
1,6,72,69,15
1,7,72,87,15
1,8,72,65,15
1,9,72,118,15
1,10,72,88,15
1,11,72,85,15
1,12,72,81,15
1,13,72,68,15
1,14,72,63,15
1,15,72,104,15
1,16,72,101,15
1,17,72,86,15
1,18,72,82,15
4,19,72,97,15
4,20,72,115,15
4,21,72,75,15
4,22,72,106,15
4,23,72,100,15
4,24,72,133,15
4,25,72,125,15
5,26,72,66,15
5,27,72,114,15
5,28,72,70,15
5,29,72,73,15
5,30,72,84,15
5,31,72,123,15
5,32,72,119,15
5,33,72,116,15
5,34,72,71,15
5,35,72,64,15
5,36,72,112,15
5,37,72,91,15
5,38,72,128,15
5,39,72,92,15
5,40,72,102,15
5,41,72,129,15
5,42,72,134,15
5,43,72,93,15
5,44,72,107,15
5,45,72,90,15
5,46,72,108,15
5,47,72,130,15
5,48,72,83,15
5,49,72,157,15
5,50,72,113,15
5,51,72,94,15
5,52,72,117,15
5,53,72,72,15
5,54,72,126,15
5,55,72,124,15
5,56,72,103,15
5,57,72,79,15
5,58,72,62,15
5,59,72,105,15
5,60,72,96,15
5,61,72,137,15
6,62,72,95,15
6,63,72,135,15
6,64,72,131,15
6,65,72,153,15
6,66,72,132,15
6,67,72,89,15
6,68,72,127,15
6,69,72,121,15
6,70,72,136,15
6,71,72,146,15
6,72,72,6,15
6,73,72,99,15
6,74,72,147,15
6,75,72,141,15
7,76,72,155,15
7,77,72,143,15
7,78,72,148,15
7,79,72,140,15
7,80,72,139,15
7,81,72,77,15
7,82,72,122,15
7,83,72,120,15
7,84,72,154,15
7,85,72,98,15
7,86,72,166,15
7,87,72,165,15
7,88,72,14,15
7,89,72,110,15
7,90,72,18,15
7,91,72,5,15
7,92,72,158,15
7,93,72,164,15
7,94,72,144,15
7,95,72,111,15
7,96,72,149,15
7,97,72,160,15
7,98,72,145,15
7,99,72,15,15
7,100,72,161,15
7,101,72,156,15
7,102,72,9,15
7,103,72,142,15
7,104,72,159,15
7,105,72,109,15
7,106,72,150,15
7,107,72,162,15
7,108,72,31,15
7,109,72,138,15
7,110,72,163,15
7,111,72,151,15
7,112,72,152,15
7,113,72,22,15
7,114,72,3,15
8,115,72,30,15
8,116,72,19,15
8,117,72,29,15
8,118,72,11,15
8,119,72,48,15
8,120,72,10,15
8,121,72,32,15
8,122,72,21,15
8,123,72,16,15
8,124,72,1,15
8,125,72,28,15
8,126,72,20,15
8,127,72,4,15
8,128,72,13,15
8,129,72,24,15
8,130,72,26,15
8,131,72,51,15
8,132,72,43,15
8,133,72,7,15
8,134,72,27,15
8,135,72,44,15
8,136,72,39,15
8,137,72,40,15
8,138,72,50,15
9,139,72,42,15
9,140,72,17,15
9,141,72,2,15
9,142,72,12,15
9,143,72,41,15
9,144,72,49,15
9,145,72,25,15
9,146,72,47,15
9,147,72,46,15
9,148,72,60,15
9,149,72,53,15
9,150,72,8,15
9,151,72,36,15
9,152,72,23,15
9,153,72,35,15
9,154,72,37,15
9,155,72,57,15
9,156,72,34,15
9,157,72,38,15
9,158,72,61,15
9,159,72,55,15
9,160,72,52,15
9,161,72,33,15
9,162,72,56,15
9,163,72,45,15
9,164,72,58,15
9,165,72,54,15
9,166,72,59,15
1,1,73,78,18
1,2,73,74,18
1,3,73,76,18
1,4,73,80,18
1,5,73,67,18
1,6,73,69,18
1,7,73,87,18
1,8,73,65,18
1,9,73,118,18
1,10,73,88,18
1,11,73,85,18
1,12,73,81,18
1,13,73,68,18
1,14,73,63,18
1,15,73,104,18
1,16,73,101,18
1,17,73,86,18
1,18,73,82,18
4,19,73,97,18
4,20,73,115,18
4,21,73,75,18
4,22,73,106,18
4,23,73,100,18
4,24,73,133,18
4,25,73,125,18
5,26,73,66,18
5,27,73,114,18
5,28,73,70,18
5,29,73,73,18
5,30,73,84,18
5,31,73,123,18
5,32,73,119,18
5,33,73,116,18
5,34,73,71,18
5,35,73,64,18
5,36,73,112,18
5,37,73,91,18
5,38,73,128,18
5,39,73,92,18
5,40,73,102,18
5,41,73,129,18
5,42,73,134,18
5,43,73,93,18
5,44,73,107,18
5,45,73,90,18
5,46,73,108,18
5,47,73,130,18
5,48,73,83,18
5,49,73,157,18
5,50,73,113,18
5,51,73,94,18
5,52,73,117,18
5,53,73,72,18
5,54,73,126,18
5,55,73,124,18
5,56,73,103,18
5,57,73,79,18
5,58,73,62,18
5,59,73,105,18
5,60,73,96,18
5,61,73,137,18
6,62,73,95,18
6,63,73,135,18
6,64,73,131,18
6,65,73,153,18
6,66,73,132,18
6,67,73,89,18
6,68,73,127,18
6,69,73,121,18
6,70,73,136,18
6,71,73,146,18
6,72,73,6,18
6,73,73,99,18
6,74,73,147,18
6,75,73,141,18
7,76,73,155,18
7,77,73,143,18
7,78,73,148,18
7,79,73,140,18
7,80,73,139,18
7,81,73,77,18
7,82,73,122,18
7,83,73,120,18
7,84,73,154,18
7,85,73,98,18
7,86,73,166,18
7,87,73,165,18
7,88,73,14,18
7,89,73,110,18
7,90,73,18,18
7,91,73,5,18
7,92,73,158,18
7,93,73,164,18
7,94,73,144,18
7,95,73,111,18
7,96,73,149,18
7,97,73,160,18
7,98,73,145,18
7,99,73,15,18
7,100,73,161,18
7,101,73,156,18
7,102,73,9,18
7,103,73,142,18
7,104,73,159,18
7,105,73,109,18
7,106,73,150,18
7,107,73,162,18
7,108,73,31,18
7,109,73,138,18
7,110,73,163,18
7,111,73,151,18
7,112,73,152,18
7,113,73,22,18
7,114,73,3,18
8,115,73,30,18
8,116,73,19,18
8,117,73,29,18
8,118,73,11,18
8,119,73,48,18
8,120,73,10,18
8,121,73,32,18
8,122,73,21,18
8,123,73,16,18
8,124,73,1,18
8,125,73,28,18
8,126,73,20,18
8,127,73,4,18
8,128,73,13,18
8,129,73,24,18
8,130,73,26,18
8,131,73,51,18
8,132,73,43,18
8,133,73,7,18
8,134,73,27,18
8,135,73,44,18
8,136,73,39,18
8,137,73,40,18
8,138,73,50,18
9,139,73,42,18
9,140,73,17,18
9,141,73,2,18
9,142,73,12,18
9,143,73,41,18
9,144,73,49,18
9,145,73,25,18
9,146,73,47,18
9,147,73,46,18
9,148,73,60,18
9,149,73,53,18
9,150,73,8,18
9,151,73,36,18
9,152,73,23,18
9,153,73,35,18
9,154,73,37,18
9,155,73,57,18
9,156,73,34,18
9,157,73,38,18
9,158,73,61,18
9,159,73,55,18
9,160,73,52,18
9,161,73,33,18
9,162,73,56,18
9,163,73,45,18
9,164,73,58,18
9,165,73,54,18
9,166,73,59,18
1,1,74,78,25
1,2,74,74,25
1,3,74,76,25
1,4,74,80,25
1,5,74,67,25
1,6,74,69,25
1,7,74,87,25
1,8,74,65,25
1,9,74,118,25
1,10,74,88,25
1,11,74,85,25
1,12,74,81,25
1,13,74,68,25
1,14,74,63,25
1,15,74,104,25
1,16,74,101,25
1,17,74,86,25
1,18,74,82,25
4,19,74,97,25
4,20,74,115,25
4,21,74,75,25
4,22,74,106,25
4,23,74,100,25
4,24,74,133,25
4,25,74,125,25
5,26,74,66,25
5,27,74,114,25
5,28,74,70,25
5,29,74,73,25
5,30,74,84,25
5,31,74,123,25
5,32,74,119,25
5,33,74,116,25
5,34,74,71,25
5,35,74,64,25
5,36,74,112,25
5,37,74,91,25
5,38,74,128,25
5,39,74,92,25
5,40,74,102,25
5,41,74,129,25
5,42,74,134,25
5,43,74,93,25
5,44,74,107,25
5,45,74,90,25
5,46,74,108,25
5,47,74,130,25
5,48,74,83,25
5,49,74,157,25
5,50,74,113,25
5,51,74,94,25
5,52,74,117,25
5,53,74,72,25
5,54,74,126,25
5,55,74,124,25
5,56,74,103,25
5,57,74,79,25
5,58,74,62,25
5,59,74,105,25
5,60,74,96,25
5,61,74,137,25
6,62,74,95,25
6,63,74,135,25
6,64,74,131,25
6,65,74,153,25
6,66,74,132,25
6,67,74,89,25
6,68,74,127,25
6,69,74,121,25
6,70,74,136,25
6,71,74,146,25
6,72,74,6,25
6,73,74,99,25
6,74,74,147,25
6,75,74,141,25
7,76,74,155,25
7,77,74,143,25
7,78,74,148,25
7,79,74,140,25
7,80,74,139,25
7,81,74,77,25
7,82,74,122,25
7,83,74,120,25
7,84,74,154,25
7,85,74,98,25
7,86,74,166,25
7,87,74,165,25
7,88,74,14,25
7,89,74,110,25
7,90,74,18,25
7,91,74,5,25
7,92,74,158,25
7,93,74,164,25
7,94,74,144,25
7,95,74,111,25
7,96,74,149,25
7,97,74,160,25
7,98,74,145,25
7,99,74,15,25
7,100,74,161,25
7,101,74,156,25
7,102,74,9,25
7,103,74,142,25
7,104,74,159,25
7,105,74,109,25
7,106,74,150,25
7,107,74,162,25
7,108,74,31,25
7,109,74,138,25
7,110,74,163,25
7,111,74,151,25
7,112,74,152,25
7,113,74,22,25
7,114,74,3,25
8,115,74,30,25
8,116,74,19,25
8,117,74,29,25
8,118,74,11,25
8,119,74,48,25
8,120,74,10,25
8,121,74,32,25
8,122,74,21,25
8,123,74,16,25
8,124,74,1,25
8,125,74,28,25
8,126,74,20,25
8,127,74,4,25
8,128,74,13,25
8,129,74,24,25
8,130,74,26,25
8,131,74,51,25
8,132,74,43,25
8,133,74,7,25
8,134,74,27,25
8,135,74,44,25
8,136,74,39,25
8,137,74,40,25
8,138,74,50,25
9,139,74,42,25
9,140,74,17,25
9,141,74,2,25
9,142,74,12,25
9,143,74,41,25
9,144,74,49,25
9,145,74,25,25
9,146,74,47,25
9,147,74,46,25
9,148,74,60,25
9,149,74,53,25
9,150,74,8,25
9,151,74,36,25
9,152,74,23,25
9,153,74,35,25
9,154,74,37,25
9,155,74,57,25
9,156,74,34,25
9,157,74,38,25
9,158,74,61,25
9,159,74,55,25
9,160,74,52,25
9,161,74,33,25
9,162,74,56,25
9,163,74,45,25
9,164,74,58,25
9,165,74,54,25
9,166,74,59,25
1,1,75,78,37
1,2,75,74,37
1,3,75,76,37
1,4,75,80,37
1,5,75,67,37
1,6,75,69,37
1,7,75,87,37
1,8,75,65,37
1,9,75,118,37
1,10,75,88,37
1,11,75,85,37
1,12,75,81,37
1,13,75,68,37
1,14,75,63,37
1,15,75,104,37
1,16,75,101,37
1,17,75,86,37
1,18,75,82,37
4,19,75,97,37
4,20,75,115,37
4,21,75,75,37
4,22,75,106,37
4,23,75,100,37
4,24,75,133,37
4,25,75,125,37
5,26,75,66,37
5,27,75,114,37
5,28,75,70,37
5,29,75,73,37
5,30,75,84,37
5,31,75,123,37
5,32,75,119,37
5,33,75,116,37
5,34,75,71,37
5,35,75,64,37
5,36,75,112,37
5,37,75,91,37
5,38,75,128,37
5,39,75,92,37
5,40,75,102,37
5,41,75,129,37
5,42,75,134,37
5,43,75,93,37
5,44,75,107,37
5,45,75,90,37
5,46,75,108,37
5,47,75,130,37
5,48,75,83,37
5,49,75,157,37
5,50,75,113,37
5,51,75,94,37
5,52,75,117,37
5,53,75,72,37
5,54,75,126,37
5,55,75,124,37
5,56,75,103,37
5,57,75,79,37
5,58,75,62,37
5,59,75,105,37
5,60,75,96,37
5,61,75,137,37
6,62,75,95,37
6,63,75,135,37
6,64,75,131,37
6,65,75,153,37
6,66,75,132,37
6,67,75,89,37
6,68,75,127,37
6,69,75,121,37
6,70,75,136,37
6,71,75,146,37
6,72,75,6,37
6,73,75,99,37
6,74,75,147,37
6,75,75,141,37
7,76,75,155,37
7,77,75,143,37
7,78,75,148,37
7,79,75,140,37
7,80,75,139,37
7,81,75,77,37
7,82,75,122,37
7,83,75,120,37
7,84,75,154,37
7,85,75,98,37
7,86,75,166,37
7,87,75,165,37
7,88,75,14,37
7,89,75,110,37
7,90,75,18,37
7,91,75,5,37
7,92,75,158,37
7,93,75,164,37
7,94,75,144,37
7,95,75,111,37
7,96,75,149,37
7,97,75,160,37
7,98,75,145,37
7,99,75,15,37
7,100,75,161,37
7,101,75,156,37
7,102,75,9,37
7,103,75,142,37
7,104,75,159,37
7,105,75,109,37
7,106,75,150,37
7,107,75,162,37
7,108,75,31,37
7,109,75,138,37
7,110,75,163,37
7,111,75,151,37
7,112,75,152,37
7,113,75,22,37
7,114,75,3,37
8,115,75,30,37
8,116,75,19,37
8,117,75,29,37
8,118,75,11,37
8,119,75,48,37
8,120,75,10,37
8,121,75,32,37
8,122,75,21,37
8,123,75,16,37
8,124,75,1,37
8,125,75,28,37
8,126,75,20,37
8,127,75,4,37
8,128,75,13,37
8,129,75,24,37
8,130,75,26,37
8,131,75,51,37
8,132,75,43,37
8,133,75,7,37
8,134,75,27,37
8,135,75,44,37
8,136,75,39,37
8,137,75,40,37
8,138,75,50,37
9,139,75,42,37
9,140,75,17,37
9,141,75,2,37
9,142,75,12,37
9,143,75,41,37
9,144,75,49,37
9,145,75,25,37
9,146,75,47,37
9,147,75,46,37
9,148,75,60,37
9,149,75,53,37
9,150,75,8,37
9,151,75,36,37
9,152,75,23,37
9,153,75,35,37
9,154,75,37,37
9,155,75,57,37
9,156,75,34,37
9,157,75,38,37
9,158,75,61,37
9,159,75,55,37
9,160,75,52,37
9,161,75,33,37
9,162,75,56,37
9,163,75,45,37
9,164,75,58,37
9,165,75,54,37
9,166,75,59,37
1,1,76,78,44
1,2,76,74,44
1,3,76,76,44
1,4,76,80,44
1,5,76,67,44
1,6,76,69,44
1,7,76,87,44
1,8,76,65,44
1,9,76,118,44
1,10,76,88,44
1,11,76,85,44
1,12,76,81,44
1,13,76,68,44
1,14,76,63,44
1,15,76,104,44
1,16,76,101,44
1,17,76,86,44
1,18,76,82,44
4,19,76,97,44
4,20,76,115,44
4,21,76,75,44
4,22,76,106,44
4,23,76,100,44
4,24,76,133,44
4,25,76,125,44
5,26,76,66,44
5,27,76,114,44
5,28,76,70,44
5,29,76,73,44
5,30,76,84,44
5,31,76,123,44
5,32,76,119,44
5,33,76,116,44
5,34,76,71,44
5,35,76,64,44
5,36,76,112,44
5,37,76,91,44
5,38,76,128,44
5,39,76,92,44
5,40,76,102,44
5,41,76,129,44
5,42,76,134,44
5,43,76,93,44
5,44,76,107,44
5,45,76,90,44
5,46,76,108,44
5,47,76,130,44
5,48,76,83,44
5,49,76,157,44
5,50,76,113,44
5,51,76,94,44
5,52,76,117,44
5,53,76,72,44
5,54,76,126,44
5,55,76,124,44
5,56,76,103,44
5,57,76,79,44
5,58,76,62,44
5,59,76,105,44
5,60,76,96,44
5,61,76,137,44
6,62,76,95,44
6,63,76,135,44
6,64,76,131,44
6,65,76,153,44
6,66,76,132,44
6,67,76,89,44
6,68,76,127,44
6,69,76,121,44
6,70,76,136,44
6,71,76,146,44
6,72,76,6,44
6,73,76,99,44
6,74,76,147,44
6,75,76,141,44
7,76,76,155,44
7,77,76,143,44
7,78,76,148,44
7,79,76,140,44
7,80,76,139,44
7,81,76,77,44
7,82,76,122,44
7,83,76,120,44
7,84,76,154,44
7,85,76,98,44
7,86,76,166,44
7,87,76,165,44
7,88,76,14,44
7,89,76,110,44
7,90,76,18,44
7,91,76,5,44
7,92,76,158,44
7,93,76,164,44
7,94,76,144,44
7,95,76,111,44
7,96,76,149,44
7,97,76,160,44
7,98,76,145,44
7,99,76,15,44
7,100,76,161,44
7,101,76,156,44
7,102,76,9,44
7,103,76,142,44
7,104,76,159,44
7,105,76,109,44
7,106,76,150,44
7,107,76,162,44
7,108,76,31,44
7,109,76,138,44
7,110,76,163,44
7,111,76,151,44
7,112,76,152,44
7,113,76,22,44
7,114,76,3,44
8,115,76,30,44
8,116,76,19,44
8,117,76,29,44
8,118,76,11,44
8,119,76,48,44
8,120,76,10,44
8,121,76,32,44
8,122,76,21,44
8,123,76,16,44
8,124,76,1,44
8,125,76,28,44
8,126,76,20,44
8,127,76,4,44
8,128,76,13,44
8,129,76,24,44
8,130,76,26,44
8,131,76,51,44
8,132,76,43,44
8,133,76,7,44
8,134,76,27,44
8,135,76,44,44
8,136,76,39,44
8,137,76,40,44
8,138,76,50,44
9,139,76,42,44
9,140,76,17,44
9,141,76,2,44
9,142,76,12,44
9,143,76,41,44
9,144,76,49,44
9,145,76,25,44
9,146,76,47,44
9,147,76,46,44
9,148,76,60,44
9,149,76,53,44
9,150,76,8,44
9,151,76,36,44
9,152,76,23,44
9,153,76,35,44
9,154,76,37,44
9,155,76,57,44
9,156,76,34,44
9,157,76,38,44
9,158,76,61,44
9,159,76,55,44
9,160,76,52,44
9,161,76,33,44
9,162,76,56,44
9,163,76,45,44
9,164,76,58,44
9,165,76,54,44
9,166,76,59,44
1,1,77,78,94
1,2,77,74,94
1,3,77,76,94
1,4,77,80,94
1,5,77,67,94
1,6,77,69,94
1,7,77,87,94
1,8,77,65,94
1,9,77,118,94
1,10,77,88,94
1,11,77,85,94
1,12,77,81,94
1,13,77,68,94
1,14,77,63,94
1,15,77,104,94
1,16,77,101,94
1,17,77,86,94
1,18,77,82,94
4,19,77,97,94
4,20,77,115,94
4,21,77,75,94
4,22,77,106,94
4,23,77,100,94
4,24,77,133,94
4,25,77,125,94
5,26,77,66,94
5,27,77,114,94
5,28,77,70,94
5,29,77,73,94
5,30,77,84,94
5,31,77,123,94
5,32,77,119,94
5,33,77,116,94
5,34,77,71,94
5,35,77,64,94
5,36,77,112,94
5,37,77,91,94
5,38,77,128,94
5,39,77,92,94
5,40,77,102,94
5,41,77,129,94
5,42,77,134,94
5,43,77,93,94
5,44,77,107,94
5,45,77,90,94
5,46,77,108,94
5,47,77,130,94
5,48,77,83,94
5,49,77,157,94
5,50,77,113,94
5,51,77,94,94
5,52,77,117,94
5,53,77,72,94
5,54,77,126,94
5,55,77,124,94
5,56,77,103,94
5,57,77,79,94
5,58,77,62,94
5,59,77,105,94
5,60,77,96,94
5,61,77,137,94
6,62,77,95,94
6,63,77,135,94
6,64,77,131,94
6,65,77,153,94
6,66,77,132,94
6,67,77,89,94
6,68,77,127,94
6,69,77,121,94
6,70,77,136,94
6,71,77,146,94
6,72,77,6,94
6,73,77,99,94
6,74,77,147,94
6,75,77,141,94
7,76,77,155,94
7,77,77,143,94
7,78,77,148,94
7,79,77,140,94
7,80,77,139,94
7,81,77,77,94
7,82,77,122,94
7,83,77,120,94
7,84,77,154,94
7,85,77,98,94
7,86,77,166,94
7,87,77,165,94
7,88,77,14,94
7,89,77,110,94
7,90,77,18,94
7,91,77,5,94
7,92,77,158,94
7,93,77,164,94
7,94,77,144,94
7,95,77,111,94
7,96,77,149,94
7,97,77,160,94
7,98,77,145,94
7,99,77,15,94
7,100,77,161,94
7,101,77,156,94
7,102,77,9,94
7,103,77,142,94
7,104,77,159,94
7,105,77,109,94
7,106,77,150,94
7,107,77,162,94
7,108,77,31,94
7,109,77,138,94
7,110,77,163,94
7,111,77,151,94
7,112,77,152,94
7,113,77,22,94
7,114,77,3,94
8,115,77,30,94
8,116,77,19,94
8,117,77,29,94
8,118,77,11,94
8,119,77,48,94
8,120,77,10,94
8,121,77,32,94
8,122,77,21,94
8,123,77,16,94
8,124,77,1,94
8,125,77,28,94
8,126,77,20,94
8,127,77,4,94
8,128,77,13,94
8,129,77,24,94
8,130,77,26,94
8,131,77,51,94
8,132,77,43,94
8,133,77,7,94
8,134,77,27,94
8,135,77,44,94
8,136,77,39,94
8,137,77,40,94
8,138,77,50,94
9,139,77,42,94
9,140,77,17,94
9,141,77,2,94
9,142,77,12,94
9,143,77,41,94
9,144,77,49,94
9,145,77,25,94
9,146,77,47,94
9,147,77,46,94
9,148,77,60,94
9,149,77,53,94
9,150,77,8,94
9,151,77,36,94
9,152,77,23,94
9,153,77,35,94
9,154,77,37,94
9,155,77,57,94
9,156,77,34,94
9,157,77,38,94
9,158,77,61,94
9,159,77,55,94
9,160,77,52,94
9,161,77,33,94
9,162,77,56,94
9,163,77,45,94
9,164,77,58,94
9,165,77,54,94
9,166,77,59,94
1,1,78,78,120
1,2,78,74,120
1,3,78,76,120
1,4,78,80,120
1,5,78,67,120
1,6,78,69,120
1,7,78,87,120
1,8,78,65,120
1,9,78,118,120
1,10,78,88,120
1,11,78,85,120
1,12,78,81,120
1,13,78,68,120
1,14,78,63,120
1,15,78,104,120
1,16,78,101,120
1,17,78,86,120
1,18,78,82,120
4,19,78,97,120
4,20,78,115,120
4,21,78,75,120
4,22,78,106,120
4,23,78,100,120
4,24,78,133,120
4,25,78,125,120
5,26,78,66,120
5,27,78,114,120
5,28,78,70,120
5,29,78,73,120
5,30,78,84,120
5,31,78,123,120
5,32,78,119,120
5,33,78,116,120
5,34,78,71,120
5,35,78,64,120
5,36,78,112,120
5,37,78,91,120
5,38,78,128,120
5,39,78,92,120
5,40,78,102,120
5,41,78,129,120
5,42,78,134,120
5,43,78,93,120
5,44,78,107,120
5,45,78,90,120
5,46,78,108,120
5,47,78,130,120
5,48,78,83,120
5,49,78,157,120
5,50,78,113,120
5,51,78,94,120
5,52,78,117,120
5,53,78,72,120
5,54,78,126,120
5,55,78,124,120
5,56,78,103,120
5,57,78,79,120
5,58,78,62,120
5,59,78,105,120
5,60,78,96,120
5,61,78,137,120
6,62,78,95,120
6,63,78,135,120
6,64,78,131,120
6,65,78,153,120
6,66,78,132,120
6,67,78,89,120
6,68,78,127,120
6,69,78,121,120
6,70,78,136,120
6,71,78,146,120
6,72,78,6,120
6,73,78,99,120
6,74,78,147,120
6,75,78,141,120
7,76,78,155,120
7,77,78,143,120
7,78,78,148,120
7,79,78,140,120
7,80,78,139,120
7,81,78,77,120
7,82,78,122,120
7,83,78,120,120
7,84,78,154,120
7,85,78,98,120
7,86,78,166,120
7,87,78,165,120
7,88,78,14,120
7,89,78,110,120
7,90,78,18,120
7,91,78,5,120
7,92,78,158,120
7,93,78,164,120
7,94,78,144,120
7,95,78,111,120
7,96,78,149,120
7,97,78,160,120
7,98,78,145,120
7,99,78,15,120
7,100,78,161,120
7,101,78,156,120
7,102,78,9,120
7,103,78,142,120
7,104,78,159,120
7,105,78,109,120
7,106,78,150,120
7,107,78,162,120
7,108,78,31,120
7,109,78,138,120
7,110,78,163,120
7,111,78,151,120
7,112,78,152,120
7,113,78,22,120
7,114,78,3,120
8,115,78,30,120
8,116,78,19,120
8,117,78,29,120
8,118,78,11,120
8,119,78,48,120
8,120,78,10,120
8,121,78,32,120
8,122,78,21,120
8,123,78,16,120
8,124,78,1,120
8,125,78,28,120
8,126,78,20,120
8,127,78,4,120
8,128,78,13,120
8,129,78,24,120
8,130,78,26,120
8,131,78,51,120
8,132,78,43,120
8,133,78,7,120
8,134,78,27,120
8,135,78,44,120
8,136,78,39,120
8,137,78,40,120
8,138,78,50,120
9,139,78,42,120
9,140,78,17,120
9,141,78,2,120
9,142,78,12,120
9,143,78,41,120
9,144,78,49,120
9,145,78,25,120
9,146,78,47,120
9,147,78,46,120
9,148,78,60,120
9,149,78,53,120
9,150,78,8,120
9,151,78,36,120
9,152,78,23,120
9,153,78,35,120
9,154,78,37,120
9,155,78,57,120
9,156,78,34,120
9,157,78,38,120
9,158,78,61,120
9,159,78,55,120
9,160,78,52,120
9,161,78,33,120
9,162,78,56,120
9,163,78,45,120
9,164,78,58,120
9,165,78,54,120
9,166,78,59,120
1,1,79,78,143
1,2,79,74,143
1,3,79,76,143
1,4,79,80,143
1,5,79,67,143
1,6,79,69,143
1,7,79,87,143
1,8,79,65,143
1,9,79,118,143
1,10,79,88,143
1,11,79,85,143
1,12,79,81,143
1,13,79,68,143
1,14,79,63,143
1,15,79,104,143
1,16,79,101,143
1,17,79,86,143
1,18,79,82,143
4,19,79,97,143
4,20,79,115,143
4,21,79,75,143
4,22,79,106,143
4,23,79,100,143
4,24,79,133,143
4,25,79,125,143
5,26,79,66,143
5,27,79,114,143
5,28,79,70,143
5,29,79,73,143
5,30,79,84,143
5,31,79,123,143
5,32,79,119,143
5,33,79,116,143
5,34,79,71,143
5,35,79,64,143
5,36,79,112,143
5,37,79,91,143
5,38,79,128,143
5,39,79,92,143
5,40,79,102,143
5,41,79,129,143
5,42,79,134,143
5,43,79,93,143
5,44,79,107,143
5,45,79,90,143
5,46,79,108,143
5,47,79,130,143
5,48,79,83,143
5,49,79,157,143
5,50,79,113,143
5,51,79,94,143
5,52,79,117,143
5,53,79,72,143
5,54,79,126,143
5,55,79,124,143
5,56,79,103,143
5,57,79,79,143
5,58,79,62,143
5,59,79,105,143
5,60,79,96,143
5,61,79,137,143
6,62,79,95,143
6,63,79,135,143
6,64,79,131,143
6,65,79,153,143
6,66,79,132,143
6,67,79,89,143
6,68,79,127,143
6,69,79,121,143
6,70,79,136,143
6,71,79,146,143
6,72,79,6,143
6,73,79,99,143
6,74,79,147,143
6,75,79,141,143
7,76,79,155,143
7,77,79,143,143
7,78,79,148,143
7,79,79,140,143
7,80,79,139,143
7,81,79,77,143
7,82,79,122,143
7,83,79,120,143
7,84,79,154,143
7,85,79,98,143
7,86,79,166,143
7,87,79,165,143
7,88,79,14,143
7,89,79,110,143
7,90,79,18,143
7,91,79,5,143
7,92,79,158,143
7,93,79,164,143
7,94,79,144,143
7,95,79,111,143
7,96,79,149,143
7,97,79,160,143
7,98,79,145,143
7,99,79,15,143
7,100,79,161,143
7,101,79,156,143
7,102,79,9,143
7,103,79,142,143
7,104,79,159,143
7,105,79,109,143
7,106,79,150,143
7,107,79,162,143
7,108,79,31,143
7,109,79,138,143
7,110,79,163,143
7,111,79,151,143
7,112,79,152,143
7,113,79,22,143
7,114,79,3,143
8,115,79,30,143
8,116,79,19,143
8,117,79,29,143
8,118,79,11,143
8,119,79,48,143
8,120,79,10,143
8,121,79,32,143
8,122,79,21,143
8,123,79,16,143
8,124,79,1,143
8,125,79,28,143
8,126,79,20,143
8,127,79,4,143
8,128,79,13,143
8,129,79,24,143
8,130,79,26,143
8,131,79,51,143
8,132,79,43,143
8,133,79,7,143
8,134,79,27,143
8,135,79,44,143
8,136,79,39,143
8,137,79,40,143
8,138,79,50,143
9,139,79,42,143
9,140,79,17,143
9,141,79,2,143
9,142,79,12,143
9,143,79,41,143
9,144,79,49,143
9,145,79,25,143
9,146,79,47,143
9,147,79,46,143
9,148,79,60,143
9,149,79,53,143
9,150,79,8,143
9,151,79,36,143
9,152,79,23,143
9,153,79,35,143
9,154,79,37,143
9,155,79,57,143
9,156,79,34,143
9,157,79,38,143
9,158,79,61,143
9,159,79,55,143
9,160,79,52,143
9,161,79,33,143
9,162,79,56,143
9,163,79,45,143
9,164,79,58,143
9,165,79,54,143
9,166,79,59,143
1,1,80,78,152
1,2,80,74,152
1,3,80,76,152
1,4,80,80,152
1,5,80,67,152
1,6,80,69,152
1,7,80,87,152
1,8,80,65,152
1,9,80,118,152
1,10,80,88,152
1,11,80,85,152
1,12,80,81,152
1,13,80,68,152
1,14,80,63,152
1,15,80,104,152
1,16,80,101,152
1,17,80,86,152
1,18,80,82,152
4,19,80,97,152
4,20,80,115,152
4,21,80,75,152
4,22,80,106,152
4,23,80,100,152
4,24,80,133,152
4,25,80,125,152
5,26,80,66,152
5,27,80,114,152
5,28,80,70,152
5,29,80,73,152
5,30,80,84,152
5,31,80,123,152
5,32,80,119,152
5,33,80,116,152
5,34,80,71,152
5,35,80,64,152
5,36,80,112,152
5,37,80,91,152
5,38,80,128,152
5,39,80,92,152
5,40,80,102,152
5,41,80,129,152
5,42,80,134,152
5,43,80,93,152
5,44,80,107,152
5,45,80,90,152
5,46,80,108,152
5,47,80,130,152
5,48,80,83,152
5,49,80,157,152
5,50,80,113,152
5,51,80,94,152
5,52,80,117,152
5,53,80,72,152
5,54,80,126,152
5,55,80,124,152
5,56,80,103,152
5,57,80,79,152
5,58,80,62,152
5,59,80,105,152
5,60,80,96,152
5,61,80,137,152
6,62,80,95,152
6,63,80,135,152
6,64,80,131,152
6,65,80,153,152
6,66,80,132,152
6,67,80,89,152
6,68,80,127,152
6,69,80,121,152
6,70,80,136,152
6,71,80,146,152
6,72,80,6,152
6,73,80,99,152
6,74,80,147,152
6,75,80,141,152
7,76,80,155,152
7,77,80,143,152
7,78,80,148,152
7,79,80,140,152
7,80,80,139,152
7,81,80,77,152
7,82,80,122,152
7,83,80,120,152
7,84,80,154,152
7,85,80,98,152
7,86,80,166,152
7,87,80,165,152
7,88,80,14,152
7,89,80,110,152
7,90,80,18,152
7,91,80,5,152
7,92,80,158,152
7,93,80,164,152
7,94,80,144,152
7,95,80,111,152
7,96,80,149,152
7,97,80,160,152
7,98,80,145,152
7,99,80,15,152
7,100,80,161,152
7,101,80,156,152
7,102,80,9,152
7,103,80,142,152
7,104,80,159,152
7,105,80,109,152
7,106,80,150,152
7,107,80,162,152
7,108,80,31,152
7,109,80,138,152
7,110,80,163,152
7,111,80,151,152
7,112,80,152,152
7,113,80,22,152
7,114,80,3,152
8,115,80,30,152
8,116,80,19,152
8,117,80,29,152
8,118,80,11,152
8,119,80,48,152
8,120,80,10,152
8,121,80,32,152
8,122,80,21,152
8,123,80,16,152
8,124,80,1,152
8,125,80,28,152
8,126,80,20,152
8,127,80,4,152
8,128,80,13,152
8,129,80,24,152
8,130,80,26,152
8,131,80,51,152
8,132,80,43,152
8,133,80,7,152
8,134,80,27,152
8,135,80,44,152
8,136,80,39,152
8,137,80,40,152
8,138,80,50,152
9,139,80,42,152
9,140,80,17,152
9,141,80,2,152
9,142,80,12,152
9,143,80,41,152
9,144,80,49,152
9,145,80,25,152
9,146,80,47,152
9,147,80,46,152
9,148,80,60,152
9,149,80,53,152
9,150,80,8,152
9,151,80,36,152
9,152,80,23,152
9,153,80,35,152
9,154,80,37,152
9,155,80,57,152
9,156,80,34,152
9,157,80,38,152
9,158,80,61,152
9,159,80,55,152
9,160,80,52,152
9,161,80,33,152
9,162,80,56,152
9,163,80,45,152
9,164,80,58,152
9,165,80,54,152
9,166,80,59,152
1,1,81,78,1
1,2,81,74,1
1,3,81,76,1
1,4,81,80,1
1,5,81,67,1
1,6,81,69,1
1,7,81,87,1
1,8,81,65,1
1,9,81,118,1
1,10,81,88,1
1,11,81,85,1
1,12,81,81,1
1,13,81,68,1
1,14,81,63,1
1,15,81,104,1
1,16,81,101,1
1,17,81,86,1
1,18,81,82,1
1,19,81,97,1
1,20,81,115,1
1,21,81,75,1
1,22,81,106,1
1,23,81,100,1
1,24,81,133,1
1,25,81,125,1
1,26,81,66,1
1,27,81,114,1
1,28,81,70,1
1,29,81,73,1
1,30,81,84,1
1,31,81,123,1
1,32,81,119,1
1,33,81,116,1
1,34,81,71,1
1,35,81,64,1
1,36,81,112,1
1,37,81,91,1
1,38,81,128,1
1,39,81,92,1
1,40,81,102,1
1,41,81,129,1
1,42,81,134,1
1,43,81,93,1
1,44,81,107,1
1,45,81,90,1
1,46,81,108,1
1,47,81,130,1
1,48,81,83,1
1,49,81,157,1
1,50,81,113,1
1,51,81,94,1
1,52,81,117,1
1,53,81,72,1
1,54,81,126,1
1,55,81,124,1
1,56,81,103,1
1,57,81,79,1
1,58,81,62,1
1,59,81,105,1
1,60,81,96,1
1,61,81,137,1
1,62,81,95,1
1,63,81,135,1
1,64,81,131,1
1,65,81,153,1
1,66,81,132,1
1,67,81,89,1
1,68,81,127,1
1,69,81,121,1
1,70,81,136,1
1,71,81,146,1
1,72,81,6,1
1,73,81,99,1
1,74,81,147,1
1,75,81,141,1
1,76,81,155,1
1,77,81,143,1
1,78,81,148,1
1,79,81,140,1
1,80,81,139,1
1,81,81,77,1
1,82,81,122,1
1,83,81,120,1
1,84,81,154,1
1,85,81,98,1
1,86,81,166,1
1,87,81,165,1
1,88,81,14,1
1,89,81,110,1
1,90,81,18,1
1,91,81,5,1
1,92,81,158,1
1,93,81,164,1
1,94,81,144,1
1,95,81,111,1
1,96,81,149,1
1,97,81,160,1
1,98,81,145,1
1,99,81,15,1
1,100,81,161,1
1,101,81,156,1
1,102,81,9,1
1,103,81,142,1
1,104,81,159,1
1,105,81,109,1
1,106,81,150,1
1,107,81,162,1
1,108,81,31,1
1,109,81,138,1
1,110,81,163,1
1,111,81,151,1
1,112,81,152,1
1,113,81,22,1
1,114,81,3,1
1,115,81,30,1
1,116,81,19,1
1,117,81,29,1
1,118,81,11,1
1,119,81,48,1
1,120,81,10,1
1,121,81,32,1
1,122,81,21,1
1,123,81,16,1
1,124,81,1,1
1,125,81,28,1
1,126,81,20,1
1,127,81,4,1
1,128,81,13,1
1,129,81,24,1
1,130,81,26,1
1,131,81,51,1
1,132,81,43,1
1,133,81,7,1
1,134,81,27,1
1,135,81,44,1
1,136,81,39,1
1,137,81,40,1
1,138,81,50,1
1,139,81,42,1
1,140,81,17,1
1,141,81,2,1
1,142,81,12,1
1,143,81,41,1
1,144,81,49,1
1,145,81,25,1
1,146,81,47,1
1,147,81,46,1
1,148,81,60,1
1,149,81,53,1
1,150,81,8,1
1,151,81,36,1
1,152,81,23,1
1,153,81,35,1
1,154,81,37,1
1,155,81,57,1
1,156,81,34,1
1,157,81,38,1
1,158,81,61,1
1,159,81,55,1
1,160,81,52,1
1,161,81,33,1
1,162,81,56,1
1,163,81,45,1
1,164,81,58,1
1,165,81,54,1
1,166,81,59,1
1,1,82,78,3
1,2,82,74,3
1,3,82,76,3
1,4,82,80,3
1,5,82,67,3
1,6,82,69,3
1,7,82,87,3
1,8,82,65,3
1,9,82,118,3
1,10,82,88,3
1,11,82,85,3
1,12,82,81,3
1,13,82,68,3
1,14,82,63,3
1,15,82,104,3
1,16,82,101,3
1,17,82,86,3
1,18,82,82,3
1,19,82,97,3
1,20,82,115,3
1,21,82,75,3
1,22,82,106,3
1,23,82,100,3
1,24,82,133,3
1,25,82,125,3
1,26,82,66,3
1,27,82,114,3
1,28,82,70,3
1,29,82,73,3
1,30,82,84,3
1,31,82,123,3
1,32,82,119,3
1,33,82,116,3
1,34,82,71,3
1,35,82,64,3
1,36,82,112,3
1,37,82,91,3
1,38,82,128,3
1,39,82,92,3
1,40,82,102,3
1,41,82,129,3
1,42,82,134,3
1,43,82,93,3
1,44,82,107,3
1,45,82,90,3
1,46,82,108,3
1,47,82,130,3
1,48,82,83,3
1,49,82,157,3
1,50,82,113,3
1,51,82,94,3
1,52,82,117,3
1,53,82,72,3
1,54,82,126,3
1,55,82,124,3
1,56,82,103,3
1,57,82,79,3
1,58,82,62,3
1,59,82,105,3
1,60,82,96,3
1,61,82,137,3
1,62,82,95,3
1,63,82,135,3
1,64,82,131,3
1,65,82,153,3
1,66,82,132,3
1,67,82,89,3
1,68,82,127,3
1,69,82,121,3
1,70,82,136,3
1,71,82,146,3
1,72,82,6,3
1,73,82,99,3
1,74,82,147,3
1,75,82,141,3
1,76,82,155,3
1,77,82,143,3
1,78,82,148,3
1,79,82,140,3
1,80,82,139,3
1,81,82,77,3
1,82,82,122,3
1,83,82,120,3
1,84,82,154,3
1,85,82,98,3
1,86,82,166,3
1,87,82,165,3
1,88,82,14,3
1,89,82,110,3
1,90,82,18,3
1,91,82,5,3
1,92,82,158,3
1,93,82,164,3
1,94,82,144,3
1,95,82,111,3
1,96,82,149,3
1,97,82,160,3
1,98,82,145,3
1,99,82,15,3
1,100,82,161,3
1,101,82,156,3
1,102,82,9,3
1,103,82,142,3
1,104,82,159,3
1,105,82,109,3
1,106,82,150,3
1,107,82,162,3
1,108,82,31,3
1,109,82,138,3
1,110,82,163,3
1,111,82,151,3
1,112,82,152,3
1,113,82,22,3
1,114,82,3,3
1,115,82,30,3
1,116,82,19,3
1,117,82,29,3
1,118,82,11,3
1,119,82,48,3
1,120,82,10,3
1,121,82,32,3
1,122,82,21,3
1,123,82,16,3
1,124,82,1,3
1,125,82,28,3
1,126,82,20,3
1,127,82,4,3
1,128,82,13,3
1,129,82,24,3
1,130,82,26,3
1,131,82,51,3
1,132,82,43,3
1,133,82,7,3
1,134,82,27,3
1,135,82,44,3
1,136,82,39,3
1,137,82,40,3
1,138,82,50,3
1,139,82,42,3
1,140,82,17,3
1,141,82,2,3
1,142,82,12,3
1,143,82,41,3
1,144,82,49,3
1,145,82,25,3
1,146,82,47,3
1,147,82,46,3
1,148,82,60,3
1,149,82,53,3
1,150,82,8,3
1,151,82,36,3
1,152,82,23,3
1,153,82,35,3
1,154,82,37,3
1,155,82,57,3
1,156,82,34,3
1,157,82,38,3
1,158,82,61,3
1,159,82,55,3
1,160,82,52,3
1,161,82,33,3
1,162,82,56,3
1,163,82,45,3
1,164,82,58,3
1,165,82,54,3
1,166,82,59,3
1,1,83,78,31
1,2,83,74,31
1,3,83,76,31
1,4,83,80,31
1,5,83,67,31
1,6,83,69,31
1,7,83,87,31
1,8,83,65,31
1,9,83,118,31
1,10,83,88,31
1,11,83,85,31
1,12,83,81,31
1,13,83,68,31
1,14,83,63,31
1,15,83,104,31
1,16,83,101,31
1,17,83,86,31
1,18,83,82,31
1,19,83,97,31
1,20,83,115,31
1,21,83,75,31
1,22,83,106,31
1,23,83,100,31
1,24,83,133,31
1,25,83,125,31
1,26,83,66,31
1,27,83,114,31
1,28,83,70,31
1,29,83,73,31
1,30,83,84,31
1,31,83,123,31
1,32,83,119,31
1,33,83,116,31
1,34,83,71,31
1,35,83,64,31
1,36,83,112,31
1,37,83,91,31
1,38,83,128,31
1,39,83,92,31
1,40,83,102,31
1,41,83,129,31
1,42,83,134,31
1,43,83,93,31
1,44,83,107,31
1,45,83,90,31
1,46,83,108,31
1,47,83,130,31
1,48,83,83,31
1,49,83,157,31
1,50,83,113,31
1,51,83,94,31
1,52,83,117,31
1,53,83,72,31
1,54,83,126,31
1,55,83,124,31
1,56,83,103,31
1,57,83,79,31
1,58,83,62,31
1,59,83,105,31
1,60,83,96,31
1,61,83,137,31
1,62,83,95,31
1,63,83,135,31
1,64,83,131,31
1,65,83,153,31
1,66,83,132,31
1,67,83,89,31
1,68,83,127,31
1,69,83,121,31
1,70,83,136,31
1,71,83,146,31
1,72,83,6,31
1,73,83,99,31
1,74,83,147,31
1,75,83,141,31
1,76,83,155,31
1,77,83,143,31
1,78,83,148,31
1,79,83,140,31
1,80,83,139,31
1,81,83,77,31
1,82,83,122,31
1,83,83,120,31
1,84,83,154,31
1,85,83,98,31
1,86,83,166,31
1,87,83,165,31
1,88,83,14,31
1,89,83,110,31
1,90,83,18,31
1,91,83,5,31
1,92,83,158,31
1,93,83,164,31
1,94,83,144,31
1,95,83,111,31
1,96,83,149,31
1,97,83,160,31
1,98,83,145,31
1,99,83,15,31
1,100,83,161,31
1,101,83,156,31
1,102,83,9,31
1,103,83,142,31
1,104,83,159,31
1,105,83,109,31
1,106,83,150,31
1,107,83,162,31
1,108,83,31,31
1,109,83,138,31
1,110,83,163,31
1,111,83,151,31
1,112,83,152,31
1,113,83,22,31
1,114,83,3,31
1,115,83,30,31
1,116,83,19,31
1,117,83,29,31
1,118,83,11,31
1,119,83,48,31
1,120,83,10,31
1,121,83,32,31
1,122,83,21,31
1,123,83,16,31
1,124,83,1,31
1,125,83,28,31
1,126,83,20,31
1,127,83,4,31
1,128,83,13,31
1,129,83,24,31
1,130,83,26,31
1,131,83,51,31
1,132,83,43,31
1,133,83,7,31
1,134,83,27,31
1,135,83,44,31
1,136,83,39,31
1,137,83,40,31
1,138,83,50,31
1,139,83,42,31
1,140,83,17,31
1,141,83,2,31
1,142,83,12,31
1,143,83,41,31
1,144,83,49,31
1,145,83,25,31
1,146,83,47,31
1,147,83,46,31
1,148,83,60,31
1,149,83,53,31
1,150,83,8,31
1,151,83,36,31
1,152,83,23,31
1,153,83,35,31
1,154,83,37,31
1,155,83,57,31
1,156,83,34,31
1,157,83,38,31
1,158,83,61,31
1,159,83,55,31
1,160,83,52,31
1,161,83,33,31
1,162,83,56,31
1,163,83,45,31
1,164,83,58,31
1,165,83,54,31
1,166,83,59,31
1,1,84,78,4
1,2,84,74,4
1,3,84,76,4
1,4,84,80,4
1,5,84,67,4
1,6,84,69,4
1,7,84,87,4
1,8,84,65,4
1,9,84,118,4
1,10,84,88,4
1,11,84,85,4
1,12,84,81,4
1,13,84,68,4
1,14,84,63,4
1,15,84,104,4
1,16,84,101,4
1,17,84,86,4
1,18,84,82,4
1,19,84,97,4
1,20,84,115,4
1,21,84,75,4
1,22,84,106,4
1,23,84,100,4
1,24,84,133,4
1,25,84,125,4
1,26,84,66,4
1,27,84,114,4
1,28,84,70,4
1,29,84,73,4
1,30,84,84,4
1,31,84,123,4
1,32,84,119,4
1,33,84,116,4
1,34,84,71,4
1,35,84,64,4
1,36,84,112,4
1,37,84,91,4
1,38,84,128,4
1,39,84,92,4
1,40,84,102,4
1,41,84,129,4
1,42,84,134,4
1,43,84,93,4
1,44,84,107,4
1,45,84,90,4
1,46,84,108,4
1,47,84,130,4
1,48,84,83,4
1,49,84,157,4
1,50,84,113,4
1,51,84,94,4
1,52,84,117,4
1,53,84,72,4
1,54,84,126,4
1,55,84,124,4
1,56,84,103,4
1,57,84,79,4
1,58,84,62,4
1,59,84,105,4
1,60,84,96,4
1,61,84,137,4
1,62,84,95,4
1,63,84,135,4
1,64,84,131,4
1,65,84,153,4
1,66,84,132,4
1,67,84,89,4
1,68,84,127,4
1,69,84,121,4
1,70,84,136,4
1,71,84,146,4
1,72,84,6,4
1,73,84,99,4
1,74,84,147,4
1,75,84,141,4
1,76,84,155,4
1,77,84,143,4
1,78,84,148,4
1,79,84,140,4
1,80,84,139,4
1,81,84,77,4
1,82,84,122,4
1,83,84,120,4
1,84,84,154,4
1,85,84,98,4
1,86,84,166,4
1,87,84,165,4
1,88,84,14,4
1,89,84,110,4
1,90,84,18,4
1,91,84,5,4
1,92,84,158,4
1,93,84,164,4
1,94,84,144,4
1,95,84,111,4
1,96,84,149,4
1,97,84,160,4
1,98,84,145,4
1,99,84,15,4
1,100,84,161,4
1,101,84,156,4
1,102,84,9,4
1,103,84,142,4
1,104,84,159,4
1,105,84,109,4
1,106,84,150,4
1,107,84,162,4
1,108,84,31,4
1,109,84,138,4
1,110,84,163,4
1,111,84,151,4
1,112,84,152,4
1,113,84,22,4
1,114,84,3,4
1,115,84,30,4
1,116,84,19,4
1,117,84,29,4
1,118,84,11,4
1,119,84,48,4
1,120,84,10,4
1,121,84,32,4
1,122,84,21,4
1,123,84,16,4
1,124,84,1,4
1,125,84,28,4
1,126,84,20,4
1,127,84,4,4
1,128,84,13,4
1,129,84,24,4
1,130,84,26,4
1,131,84,51,4
1,132,84,43,4
1,133,84,7,4
1,134,84,27,4
1,135,84,44,4
1,136,84,39,4
1,137,84,40,4
1,138,84,50,4
1,139,84,42,4
1,140,84,17,4
1,141,84,2,4
1,142,84,12,4
1,143,84,41,4
1,144,84,49,4
1,145,84,25,4
1,146,84,47,4
1,147,84,46,4
1,148,84,60,4
1,149,84,53,4
1,150,84,8,4
1,151,84,36,4
1,152,84,23,4
1,153,84,35,4
1,154,84,37,4
1,155,84,57,4
1,156,84,34,4
1,157,84,38,4
1,158,84,61,4
1,159,84,55,4
1,160,84,52,4
1,161,84,33,4
1,162,84,56,4
1,163,84,45,4
1,164,84,58,4
1,165,84,54,4
1,166,84,59,4
1,1,85,78,114
1,2,85,74,114
1,3,85,76,114
1,4,85,80,114
1,5,85,67,114
1,6,85,69,114
1,7,85,87,114
1,8,85,65,114
1,9,85,118,114
1,10,85,88,114
1,11,85,85,114
1,12,85,81,114
1,13,85,68,114
1,14,85,63,114
1,15,85,104,114
1,16,85,101,114
1,17,85,86,114
1,18,85,82,114
1,19,85,97,114
1,20,85,115,114
1,21,85,75,114
1,22,85,106,114
1,23,85,100,114
1,24,85,133,114
1,25,85,125,114
1,26,85,66,114
1,27,85,114,114
1,28,85,70,114
1,29,85,73,114
1,30,85,84,114
1,31,85,123,114
1,32,85,119,114
1,33,85,116,114
1,34,85,71,114
1,35,85,64,114
1,36,85,112,114
1,37,85,91,114
1,38,85,128,114
1,39,85,92,114
1,40,85,102,114
1,41,85,129,114
1,42,85,134,114
1,43,85,93,114
1,44,85,107,114
1,45,85,90,114
1,46,85,108,114
1,47,85,130,114
1,48,85,83,114
1,49,85,157,114
1,50,85,113,114
1,51,85,94,114
1,52,85,117,114
1,53,85,72,114
1,54,85,126,114
1,55,85,124,114
1,56,85,103,114
1,57,85,79,114
1,58,85,62,114
1,59,85,105,114
1,60,85,96,114
1,61,85,137,114
1,62,85,95,114
1,63,85,135,114
1,64,85,131,114
1,65,85,153,114
1,66,85,132,114
1,67,85,89,114
1,68,85,127,114
1,69,85,121,114
1,70,85,136,114
1,71,85,146,114
1,72,85,6,114
1,73,85,99,114
1,74,85,147,114
1,75,85,141,114
1,76,85,155,114
1,77,85,143,114
1,78,85,148,114
1,79,85,140,114
1,80,85,139,114
1,81,85,77,114
1,82,85,122,114
1,83,85,120,114
1,84,85,154,114
1,85,85,98,114
1,86,85,166,114
1,87,85,165,114
1,88,85,14,114
1,89,85,110,114
1,90,85,18,114
1,91,85,5,114
1,92,85,158,114
1,93,85,164,114
1,94,85,144,114
1,95,85,111,114
1,96,85,149,114
1,97,85,160,114
1,98,85,145,114
1,99,85,15,114
1,100,85,161,114
1,101,85,156,114
1,102,85,9,114
1,103,85,142,114
1,104,85,159,114
1,105,85,109,114
1,106,85,150,114
1,107,85,162,114
1,108,85,31,114
1,109,85,138,114
1,110,85,163,114
1,111,85,151,114
1,112,85,152,114
1,113,85,22,114
1,114,85,3,114
1,115,85,30,114
1,116,85,19,114
1,117,85,29,114
1,118,85,11,114
1,119,85,48,114
1,120,85,10,114
1,121,85,32,114
1,122,85,21,114
1,123,85,16,114
1,124,85,1,114
1,125,85,28,114
1,126,85,20,114
1,127,85,4,114
1,128,85,13,114
1,129,85,24,114
1,130,85,26,114
1,131,85,51,114
1,132,85,43,114
1,133,85,7,114
1,134,85,27,114
1,135,85,44,114
1,136,85,39,114
1,137,85,40,114
1,138,85,50,114
1,139,85,42,114
1,140,85,17,114
1,141,85,2,114
1,142,85,12,114
1,143,85,41,114
1,144,85,49,114
1,145,85,25,114
1,146,85,47,114
1,147,85,46,114
1,148,85,60,114
1,149,85,53,114
1,150,85,8,114
1,151,85,36,114
1,152,85,23,114
1,153,85,35,114
1,154,85,37,114
1,155,85,57,114
1,156,85,34,114
1,157,85,38,114
1,158,85,61,114
1,159,85,55,114
1,160,85,52,114
1,161,85,33,114
1,162,85,56,114
1,163,85,45,114
1,164,85,58,114
1,165,85,54,114
1,166,85,59,114
1,1,86,78,128
1,2,86,74,128
1,3,86,76,128
1,4,86,80,128
1,5,86,67,128
1,6,86,69,128
1,7,86,87,128
1,8,86,65,128
1,9,86,118,128
1,10,86,88,128
1,11,86,85,128
1,12,86,81,128
1,13,86,68,128
1,14,86,63,128
1,15,86,104,128
1,16,86,101,128
1,17,86,86,128
1,18,86,82,128
1,19,86,97,128
1,20,86,115,128
1,21,86,75,128
1,22,86,106,128
1,23,86,100,128
1,24,86,133,128
1,25,86,125,128
1,26,86,66,128
1,27,86,114,128
1,28,86,70,128
1,29,86,73,128
1,30,86,84,128
1,31,86,123,128
1,32,86,119,128
1,33,86,116,128
1,34,86,71,128
1,35,86,64,128
1,36,86,112,128
1,37,86,91,128
1,38,86,128,128
1,39,86,92,128
1,40,86,102,128
1,41,86,129,128
1,42,86,134,128
1,43,86,93,128
1,44,86,107,128
1,45,86,90,128
1,46,86,108,128
1,47,86,130,128
1,48,86,83,128
1,49,86,157,128
1,50,86,113,128
1,51,86,94,128
1,52,86,117,128
1,53,86,72,128
1,54,86,126,128
1,55,86,124,128
1,56,86,103,128
1,57,86,79,128
1,58,86,62,128
1,59,86,105,128
1,60,86,96,128
1,61,86,137,128
1,62,86,95,128
1,63,86,135,128
1,64,86,131,128
1,65,86,153,128
1,66,86,132,128
1,67,86,89,128
1,68,86,127,128
1,69,86,121,128
1,70,86,136,128
1,71,86,146,128
1,72,86,6,128
1,73,86,99,128
1,74,86,147,128
1,75,86,141,128
1,76,86,155,128
1,77,86,143,128
1,78,86,148,128
1,79,86,140,128
1,80,86,139,128
1,81,86,77,128
1,82,86,122,128
1,83,86,120,128
1,84,86,154,128
1,85,86,98,128
1,86,86,166,128
1,87,86,165,128
1,88,86,14,128
1,89,86,110,128
1,90,86,18,128
1,91,86,5,128
1,92,86,158,128
1,93,86,164,128
1,94,86,144,128
1,95,86,111,128
1,96,86,149,128
1,97,86,160,128
1,98,86,145,128
1,99,86,15,128
1,100,86,161,128
1,101,86,156,128
1,102,86,9,128
1,103,86,142,128
1,104,86,159,128
1,105,86,109,128
1,106,86,150,128
1,107,86,162,128
1,108,86,31,128
1,109,86,138,128
1,110,86,163,128
1,111,86,151,128
1,112,86,152,128
1,113,86,22,128
1,114,86,3,128
1,115,86,30,128
1,116,86,19,128
1,117,86,29,128
1,118,86,11,128
1,119,86,48,128
1,120,86,10,128
1,121,86,32,128
1,122,86,21,128
1,123,86,16,128
1,124,86,1,128
1,125,86,28,128
1,126,86,20,128
1,127,86,4,128
1,128,86,13,128
1,129,86,24,128
1,130,86,26,128
1,131,86,51,128
1,132,86,43,128
1,133,86,7,128
1,134,86,27,128
1,135,86,44,128
1,136,86,39,128
1,137,86,40,128
1,138,86,50,128
1,139,86,42,128
1,140,86,17,128
1,141,86,2,128
1,142,86,12,128
1,143,86,41,128
1,144,86,49,128
1,145,86,25,128
1,146,86,47,128
1,147,86,46,128
1,148,86,60,128
1,149,86,53,128
1,150,86,8,128
1,151,86,36,128
1,152,86,23,128
1,153,86,35,128
1,154,86,37,128
1,155,86,57,128
1,156,86,34,128
1,157,86,38,128
1,158,86,61,128
1,159,86,55,128
1,160,86,52,128
1,161,86,33,128
1,162,86,56,128
1,163,86,45,128
1,164,86,58,128
1,165,86,54,128
1,166,86,59,128
1,1,87,78,98
1,2,87,74,98
1,3,87,76,98
1,4,87,80,98
1,5,87,67,98
1,6,87,69,98
1,7,87,87,98
1,8,87,65,98
1,9,87,118,98
1,10,87,88,98
1,11,87,85,98
1,12,87,81,98
1,13,87,68,98
1,14,87,63,98
1,15,87,104,98
1,16,87,101,98
1,17,87,86,98
1,18,87,82,98
1,19,87,97,98
1,20,87,115,98
1,21,87,75,98
1,22,87,106,98
1,23,87,100,98
1,24,87,133,98
1,25,87,125,98
1,26,87,66,98
1,27,87,114,98
1,28,87,70,98
1,29,87,73,98
1,30,87,84,98
1,31,87,123,98
1,32,87,119,98
1,33,87,116,98
1,34,87,71,98
1,35,87,64,98
1,36,87,112,98
1,37,87,91,98
1,38,87,128,98
1,39,87,92,98
1,40,87,102,98
1,41,87,129,98
1,42,87,134,98
1,43,87,93,98
1,44,87,107,98
1,45,87,90,98
1,46,87,108,98
1,47,87,130,98
1,48,87,83,98
1,49,87,157,98
1,50,87,113,98
1,51,87,94,98
1,52,87,117,98
1,53,87,72,98
1,54,87,126,98
1,55,87,124,98
1,56,87,103,98
1,57,87,79,98
1,58,87,62,98
1,59,87,105,98
1,60,87,96,98
1,61,87,137,98
1,62,87,95,98
1,63,87,135,98
1,64,87,131,98
1,65,87,153,98
1,66,87,132,98
1,67,87,89,98
1,68,87,127,98
1,69,87,121,98
1,70,87,136,98
1,71,87,146,98
1,72,87,6,98
1,73,87,99,98
1,74,87,147,98
1,75,87,141,98
1,76,87,155,98
1,77,87,143,98
1,78,87,148,98
1,79,87,140,98
1,80,87,139,98
1,81,87,77,98
1,82,87,122,98
1,83,87,120,98
1,84,87,154,98
1,85,87,98,98
1,86,87,166,98
1,87,87,165,98
1,88,87,14,98
1,89,87,110,98
1,90,87,18,98
1,91,87,5,98
1,92,87,158,98
1,93,87,164,98
1,94,87,144,98
1,95,87,111,98
1,96,87,149,98
1,97,87,160,98
1,98,87,145,98
1,99,87,15,98
1,100,87,161,98
1,101,87,156,98
1,102,87,9,98
1,103,87,142,98
1,104,87,159,98
1,105,87,109,98
1,106,87,150,98
1,107,87,162,98
1,108,87,31,98
1,109,87,138,98
1,110,87,163,98
1,111,87,151,98
1,112,87,152,98
1,113,87,22,98
1,114,87,3,98
1,115,87,30,98
1,116,87,19,98
1,117,87,29,98
1,118,87,11,98
1,119,87,48,98
1,120,87,10,98
1,121,87,32,98
1,122,87,21,98
1,123,87,16,98
1,124,87,1,98
1,125,87,28,98
1,126,87,20,98
1,127,87,4,98
1,128,87,13,98
1,129,87,24,98
1,130,87,26,98
1,131,87,51,98
1,132,87,43,98
1,133,87,7,98
1,134,87,27,98
1,135,87,44,98
1,136,87,39,98
1,137,87,40,98
1,138,87,50,98
1,139,87,42,98
1,140,87,17,98
1,141,87,2,98
1,142,87,12,98
1,143,87,41,98
1,144,87,49,98
1,145,87,25,98
1,146,87,47,98
1,147,87,46,98
1,148,87,60,98
1,149,87,53,98
1,150,87,8,98
1,151,87,36,98
1,152,87,23,98
1,153,87,35,98
1,154,87,37,98
1,155,87,57,98
1,156,87,34,98
1,157,87,38,98
1,158,87,61,98
1,159,87,55,98
1,160,87,52,98
1,161,87,33,98
1,162,87,56,98
1,163,87,45,98
1,164,87,58,98
1,165,87,54,98
1,166,87,59,98
1,1,88,78,54
1,2,88,74,54
1,3,88,76,54
1,4,88,80,54
1,5,88,67,54
1,6,88,69,54
1,7,88,87,54
1,8,88,65,54
1,9,88,118,54
1,10,88,88,54
1,11,88,85,54
1,12,88,81,54
1,13,88,68,54
1,14,88,63,54
1,15,88,104,54
1,16,88,101,54
1,17,88,86,54
1,18,88,82,54
1,19,88,97,54
1,20,88,115,54
1,21,88,75,54
1,22,88,106,54
1,23,88,100,54
1,24,88,133,54
1,25,88,125,54
1,26,88,66,54
1,27,88,114,54
1,28,88,70,54
1,29,88,73,54
1,30,88,84,54
1,31,88,123,54
1,32,88,119,54
1,33,88,116,54
1,34,88,71,54
1,35,88,64,54
1,36,88,112,54
1,37,88,91,54
1,38,88,128,54
1,39,88,92,54
1,40,88,102,54
1,41,88,129,54
1,42,88,134,54
1,43,88,93,54
1,44,88,107,54
1,45,88,90,54
1,46,88,108,54
1,47,88,130,54
1,48,88,83,54
1,49,88,157,54
1,50,88,113,54
1,51,88,94,54
1,52,88,117,54
1,53,88,72,54
1,54,88,126,54
1,55,88,124,54
1,56,88,103,54
1,57,88,79,54
1,58,88,62,54
1,59,88,105,54
1,60,88,96,54
1,61,88,137,54
1,62,88,95,54
1,63,88,135,54
1,64,88,131,54
1,65,88,153,54
1,66,88,132,54
1,67,88,89,54
1,68,88,127,54
1,69,88,121,54
1,70,88,136,54
1,71,88,146,54
1,72,88,6,54
1,73,88,99,54
1,74,88,147,54
1,75,88,141,54
1,76,88,155,54
1,77,88,143,54
1,78,88,148,54
1,79,88,140,54
1,80,88,139,54
1,81,88,77,54
1,82,88,122,54
1,83,88,120,54
1,84,88,154,54
1,85,88,98,54
1,86,88,166,54
1,87,88,165,54
1,88,88,14,54
1,89,88,110,54
1,90,88,18,54
1,91,88,5,54
1,92,88,158,54
1,93,88,164,54
1,94,88,144,54
1,95,88,111,54
1,96,88,149,54
1,97,88,160,54
1,98,88,145,54
1,99,88,15,54
1,100,88,161,54
1,101,88,156,54
1,102,88,9,54
1,103,88,142,54
1,104,88,159,54
1,105,88,109,54
1,106,88,150,54
1,107,88,162,54
1,108,88,31,54
1,109,88,138,54
1,110,88,163,54
1,111,88,151,54
1,112,88,152,54
1,113,88,22,54
1,114,88,3,54
1,115,88,30,54
1,116,88,19,54
1,117,88,29,54
1,118,88,11,54
1,119,88,48,54
1,120,88,10,54
1,121,88,32,54
1,122,88,21,54
1,123,88,16,54
1,124,88,1,54
1,125,88,28,54
1,126,88,20,54
1,127,88,4,54
1,128,88,13,54
1,129,88,24,54
1,130,88,26,54
1,131,88,51,54
1,132,88,43,54
1,133,88,7,54
1,134,88,27,54
1,135,88,44,54
1,136,88,39,54
1,137,88,40,54
1,138,88,50,54
1,139,88,42,54
1,140,88,17,54
1,141,88,2,54
1,142,88,12,54
1,143,88,41,54
1,144,88,49,54
1,145,88,25,54
1,146,88,47,54
1,147,88,46,54
1,148,88,60,54
1,149,88,53,54
1,150,88,8,54
1,151,88,36,54
1,152,88,23,54
1,153,88,35,54
1,154,88,37,54
1,155,88,57,54
1,156,88,34,54
1,157,88,38,54
1,158,88,61,54
1,159,88,55,54
1,160,88,52,54
1,161,88,33,54
1,162,88,56,54
1,163,88,45,54
1,164,88,58,54
1,165,88,54,54
1,166,88,59,54
1,1,89,78,113
1,2,89,74,113
1,3,89,76,113
1,4,89,80,113
1,5,89,67,113
1,6,89,69,113
1,7,89,87,113
1,8,89,65,113
1,9,89,118,113
1,10,89,88,113
1,11,89,85,113
1,12,89,81,113
1,13,89,68,113
1,14,89,63,113
1,15,89,104,113
1,16,89,101,113
1,17,89,86,113
1,18,89,82,113
1,19,89,97,113
1,20,89,115,113
1,21,89,75,113
1,22,89,106,113
1,23,89,100,113
1,24,89,133,113
1,25,89,125,113
1,26,89,66,113
1,27,89,114,113
1,28,89,70,113
1,29,89,73,113
1,30,89,84,113
1,31,89,123,113
1,32,89,119,113
1,33,89,116,113
1,34,89,71,113
1,35,89,64,113
1,36,89,112,113
1,37,89,91,113
1,38,89,128,113
1,39,89,92,113
1,40,89,102,113
1,41,89,129,113
1,42,89,134,113
1,43,89,93,113
1,44,89,107,113
1,45,89,90,113
1,46,89,108,113
1,47,89,130,113
1,48,89,83,113
1,49,89,157,113
1,50,89,113,113
1,51,89,94,113
1,52,89,117,113
1,53,89,72,113
1,54,89,126,113
1,55,89,124,113
1,56,89,103,113
1,57,89,79,113
1,58,89,62,113
1,59,89,105,113
1,60,89,96,113
1,61,89,137,113
1,62,89,95,113
1,63,89,135,113
1,64,89,131,113
1,65,89,153,113
1,66,89,132,113
1,67,89,89,113
1,68,89,127,113
1,69,89,121,113
1,70,89,136,113
1,71,89,146,113
1,72,89,6,113
1,73,89,99,113
1,74,89,147,113
1,75,89,141,113
1,76,89,155,113
1,77,89,143,113
1,78,89,148,113
1,79,89,140,113
1,80,89,139,113
1,81,89,77,113
1,82,89,122,113
1,83,89,120,113
1,84,89,154,113
1,85,89,98,113
1,86,89,166,113
1,87,89,165,113
1,88,89,14,113
1,89,89,110,113
1,90,89,18,113
1,91,89,5,113
1,92,89,158,113
1,93,89,164,113
1,94,89,144,113
1,95,89,111,113
1,96,89,149,113
1,97,89,160,113
1,98,89,145,113
1,99,89,15,113
1,100,89,161,113
1,101,89,156,113
1,102,89,9,113
1,103,89,142,113
1,104,89,159,113
1,105,89,109,113
1,106,89,150,113
1,107,89,162,113
1,108,89,31,113
1,109,89,138,113
1,110,89,163,113
1,111,89,151,113
1,112,89,152,113
1,113,89,22,113
1,114,89,3,113
1,115,89,30,113
1,116,89,19,113
1,117,89,29,113
1,118,89,11,113
1,119,89,48,113
1,120,89,10,113
1,121,89,32,113
1,122,89,21,113
1,123,89,16,113
1,124,89,1,113
1,125,89,28,113
1,126,89,20,113
1,127,89,4,113
1,128,89,13,113
1,129,89,24,113
1,130,89,26,113
1,131,89,51,113
1,132,89,43,113
1,133,89,7,113
1,134,89,27,113
1,135,89,44,113
1,136,89,39,113
1,137,89,40,113
1,138,89,50,113
1,139,89,42,113
1,140,89,17,113
1,141,89,2,113
1,142,89,12,113
1,143,89,41,113
1,144,89,49,113
1,145,89,25,113
1,146,89,47,113
1,147,89,46,113
1,148,89,60,113
1,149,89,53,113
1,150,89,8,113
1,151,89,36,113
1,152,89,23,113
1,153,89,35,113
1,154,89,37,113
1,155,89,57,113
1,156,89,34,113
1,157,89,38,113
1,158,89,61,113
1,159,89,55,113
1,160,89,52,113
1,161,89,33,113
1,162,89,56,113
1,163,89,45,113
1,164,89,58,113
1,165,89,54,113
1,166,89,59,113
1,1,90,78,135
1,2,90,74,135
1,3,90,76,135
1,4,90,80,135
1,5,90,67,135
1,6,90,69,135
1,7,90,87,135
1,8,90,65,135
1,9,90,118,135
1,10,90,88,135
1,11,90,85,135
1,12,90,81,135
1,13,90,68,135
1,14,90,63,135
1,15,90,104,135
1,16,90,101,135
1,17,90,86,135
1,18,90,82,135
1,19,90,97,135
1,20,90,115,135
1,21,90,75,135
1,22,90,106,135
1,23,90,100,135
1,24,90,133,135
1,25,90,125,135
1,26,90,66,135
1,27,90,114,135
1,28,90,70,135
1,29,90,73,135
1,30,90,84,135
1,31,90,123,135
1,32,90,119,135
1,33,90,116,135
1,34,90,71,135
1,35,90,64,135
1,36,90,112,135
1,37,90,91,135
1,38,90,128,135
1,39,90,92,135
1,40,90,102,135
1,41,90,129,135
1,42,90,134,135
1,43,90,93,135
1,44,90,107,135
1,45,90,90,135
1,46,90,108,135
1,47,90,130,135
1,48,90,83,135
1,49,90,157,135
1,50,90,113,135
1,51,90,94,135
1,52,90,117,135
1,53,90,72,135
1,54,90,126,135
1,55,90,124,135
1,56,90,103,135
1,57,90,79,135
1,58,90,62,135
1,59,90,105,135
1,60,90,96,135
1,61,90,137,135
1,62,90,95,135
1,63,90,135,135
1,64,90,131,135
1,65,90,153,135
1,66,90,132,135
1,67,90,89,135
1,68,90,127,135
1,69,90,121,135
1,70,90,136,135
1,71,90,146,135
1,72,90,6,135
1,73,90,99,135
1,74,90,147,135
1,75,90,141,135
1,76,90,155,135
1,77,90,143,135
1,78,90,148,135
1,79,90,140,135
1,80,90,139,135
1,81,90,77,135
1,82,90,122,135
1,83,90,120,135
1,84,90,154,135
1,85,90,98,135
1,86,90,166,135
1,87,90,165,135
1,88,90,14,135
1,89,90,110,135
1,90,90,18,135
1,91,90,5,135
1,92,90,158,135
1,93,90,164,135
1,94,90,144,135
1,95,90,111,135
1,96,90,149,135
1,97,90,160,135
1,98,90,145,135
1,99,90,15,135
1,100,90,161,135
1,101,90,156,135
1,102,90,9,135
1,103,90,142,135
1,104,90,159,135
1,105,90,109,135
1,106,90,150,135
1,107,90,162,135
1,108,90,31,135
1,109,90,138,135
1,110,90,163,135
1,111,90,151,135
1,112,90,152,135
1,113,90,22,135
1,114,90,3,135
1,115,90,30,135
1,116,90,19,135
1,117,90,29,135
1,118,90,11,135
1,119,90,48,135
1,120,90,10,135
1,121,90,32,135
1,122,90,21,135
1,123,90,16,135
1,124,90,1,135
1,125,90,28,135
1,126,90,20,135
1,127,90,4,135
1,128,90,13,135
1,129,90,24,135
1,130,90,26,135
1,131,90,51,135
1,132,90,43,135
1,133,90,7,135
1,134,90,27,135
1,135,90,44,135
1,136,90,39,135
1,137,90,40,135
1,138,90,50,135
1,139,90,42,135
1,140,90,17,135
1,141,90,2,135
1,142,90,12,135
1,143,90,41,135
1,144,90,49,135
1,145,90,25,135
1,146,90,47,135
1,147,90,46,135
1,148,90,60,135
1,149,90,53,135
1,150,90,8,135
1,151,90,36,135
1,152,90,23,135
1,153,90,35,135
1,154,90,37,135
1,155,90,57,135
1,156,90,34,135
1,157,90,38,135
1,158,90,61,135
1,159,90,55,135
1,160,90,52,135
1,161,90,33,135
1,162,90,56,135
1,163,90,45,135
1,164,90,58,135
1,165,90,54,135
1,166,90,59,135
1,1,91,78,49
1,2,91,74,49
1,3,91,76,49
1,4,91,80,49
1,5,91,67,49
1,6,91,69,49
1,7,91,87,49
1,8,91,65,49
1,9,91,118,49
1,10,91,88,49
1,11,91,85,49
1,12,91,81,49
1,13,91,68,49
1,14,91,63,49
1,15,91,104,49
1,16,91,101,49
1,17,91,86,49
1,18,91,82,49
1,19,91,97,49
1,20,91,115,49
1,21,91,75,49
1,22,91,106,49
1,23,91,100,49
1,24,91,133,49
1,25,91,125,49
1,26,91,66,49
1,27,91,114,49
1,28,91,70,49
1,29,91,73,49
1,30,91,84,49
1,31,91,123,49
1,32,91,119,49
1,33,91,116,49
1,34,91,71,49
1,35,91,64,49
1,36,91,112,49
1,37,91,91,49
1,38,91,128,49
1,39,91,92,49
1,40,91,102,49
1,41,91,129,49
1,42,91,134,49
1,43,91,93,49
1,44,91,107,49
1,45,91,90,49
1,46,91,108,49
1,47,91,130,49
1,48,91,83,49
1,49,91,157,49
1,50,91,113,49
1,51,91,94,49
1,52,91,117,49
1,53,91,72,49
1,54,91,126,49
1,55,91,124,49
1,56,91,103,49
1,57,91,79,49
1,58,91,62,49
1,59,91,105,49
1,60,91,96,49
1,61,91,137,49
1,62,91,95,49
1,63,91,135,49
1,64,91,131,49
1,65,91,153,49
1,66,91,132,49
1,67,91,89,49
1,68,91,127,49
1,69,91,121,49
1,70,91,136,49
1,71,91,146,49
1,72,91,6,49
1,73,91,99,49
1,74,91,147,49
1,75,91,141,49
1,76,91,155,49
1,77,91,143,49
1,78,91,148,49
1,79,91,140,49
1,80,91,139,49
1,81,91,77,49
1,82,91,122,49
1,83,91,120,49
1,84,91,154,49
1,85,91,98,49
1,86,91,166,49
1,87,91,165,49
1,88,91,14,49
1,89,91,110,49
1,90,91,18,49
1,91,91,5,49
1,92,91,158,49
1,93,91,164,49
1,94,91,144,49
1,95,91,111,49
1,96,91,149,49
1,97,91,160,49
1,98,91,145,49
1,99,91,15,49
1,100,91,161,49
1,101,91,156,49
1,102,91,9,49
1,103,91,142,49
1,104,91,159,49
1,105,91,109,49
1,106,91,150,49
1,107,91,162,49
1,108,91,31,49
1,109,91,138,49
1,110,91,163,49
1,111,91,151,49
1,112,91,152,49
1,113,91,22,49
1,114,91,3,49
1,115,91,30,49
1,116,91,19,49
1,117,91,29,49
1,118,91,11,49
1,119,91,48,49
1,120,91,10,49
1,121,91,32,49
1,122,91,21,49
1,123,91,16,49
1,124,91,1,49
1,125,91,28,49
1,126,91,20,49
1,127,91,4,49
1,128,91,13,49
1,129,91,24,49
1,130,91,26,49
1,131,91,51,49
1,132,91,43,49
1,133,91,7,49
1,134,91,27,49
1,135,91,44,49
1,136,91,39,49
1,137,91,40,49
1,138,91,50,49
1,139,91,42,49
1,140,91,17,49
1,141,91,2,49
1,142,91,12,49
1,143,91,41,49
1,144,91,49,49
1,145,91,25,49
1,146,91,47,49
1,147,91,46,49
1,148,91,60,49
1,149,91,53,49
1,150,91,8,49
1,151,91,36,49
1,152,91,23,49
1,153,91,35,49
1,154,91,37,49
1,155,91,57,49
1,156,91,34,49
1,157,91,38,49
1,158,91,61,49
1,159,91,55,49
1,160,91,52,49
1,161,91,33,49
1,162,91,56,49
1,163,91,45,49
1,164,91,58,49
1,165,91,54,49
1,166,91,59,49
1,1,92,78,24
1,2,92,74,24
1,3,92,76,24
1,4,92,80,24
1,5,92,67,24
1,6,92,69,24
1,7,92,87,24
1,8,92,65,24
1,9,92,118,24
1,10,92,88,24
1,11,92,85,24
1,12,92,81,24
1,13,92,68,24
1,14,92,63,24
1,15,92,104,24
1,16,92,101,24
1,17,92,86,24
1,18,92,82,24
1,19,92,97,24
1,20,92,115,24
1,21,92,75,24
1,22,92,106,24
1,23,92,100,24
1,24,92,133,24
1,25,92,125,24
1,26,92,66,24
1,27,92,114,24
1,28,92,70,24
1,29,92,73,24
1,30,92,84,24
1,31,92,123,24
1,32,92,119,24
1,33,92,116,24
1,34,92,71,24
1,35,92,64,24
1,36,92,112,24
1,37,92,91,24
1,38,92,128,24
1,39,92,92,24
1,40,92,102,24
1,41,92,129,24
1,42,92,134,24
1,43,92,93,24
1,44,92,107,24
1,45,92,90,24
1,46,92,108,24
1,47,92,130,24
1,48,92,83,24
1,49,92,157,24
1,50,92,113,24
1,51,92,94,24
1,52,92,117,24
1,53,92,72,24
1,54,92,126,24
1,55,92,124,24
1,56,92,103,24
1,57,92,79,24
1,58,92,62,24
1,59,92,105,24
1,60,92,96,24
1,61,92,137,24
1,62,92,95,24
1,63,92,135,24
1,64,92,131,24
1,65,92,153,24
1,66,92,132,24
1,67,92,89,24
1,68,92,127,24
1,69,92,121,24
1,70,92,136,24
1,71,92,146,24
1,72,92,6,24
1,73,92,99,24
1,74,92,147,24
1,75,92,141,24
1,76,92,155,24
1,77,92,143,24
1,78,92,148,24
1,79,92,140,24
1,80,92,139,24
1,81,92,77,24
1,82,92,122,24
1,83,92,120,24
1,84,92,154,24
1,85,92,98,24
1,86,92,166,24
1,87,92,165,24
1,88,92,14,24
1,89,92,110,24
1,90,92,18,24
1,91,92,5,24
1,92,92,158,24
1,93,92,164,24
1,94,92,144,24
1,95,92,111,24
1,96,92,149,24
1,97,92,160,24
1,98,92,145,24
1,99,92,15,24
1,100,92,161,24
1,101,92,156,24
1,102,92,9,24
1,103,92,142,24
1,104,92,159,24
1,105,92,109,24
1,106,92,150,24
1,107,92,162,24
1,108,92,31,24
1,109,92,138,24
1,110,92,163,24
1,111,92,151,24
1,112,92,152,24
1,113,92,22,24
1,114,92,3,24
1,115,92,30,24
1,116,92,19,24
1,117,92,29,24
1,118,92,11,24
1,119,92,48,24
1,120,92,10,24
1,121,92,32,24
1,122,92,21,24
1,123,92,16,24
1,124,92,1,24
1,125,92,28,24
1,126,92,20,24
1,127,92,4,24
1,128,92,13,24
1,129,92,24,24
1,130,92,26,24
1,131,92,51,24
1,132,92,43,24
1,133,92,7,24
1,134,92,27,24
1,135,92,44,24
1,136,92,39,24
1,137,92,40,24
1,138,92,50,24
1,139,92,42,24
1,140,92,17,24
1,141,92,2,24
1,142,92,12,24
1,143,92,41,24
1,144,92,49,24
1,145,92,25,24
1,146,92,47,24
1,147,92,46,24
1,148,92,60,24
1,149,92,53,24
1,150,92,8,24
1,151,92,36,24
1,152,92,23,24
1,153,92,35,24
1,154,92,37,24
1,155,92,57,24
1,156,92,34,24
1,157,92,38,24
1,158,92,61,24
1,159,92,55,24
1,160,92,52,24
1,161,92,33,24
1,162,92,56,24
1,163,92,45,24
1,164,92,58,24
1,165,92,54,24
1,166,92,59,24
1,1,93,78,110
1,2,93,74,110
1,3,93,76,110
1,4,93,80,110
1,5,93,67,110
1,6,93,69,110
1,7,93,87,110
1,8,93,65,110
1,9,93,118,110
1,10,93,88,110
1,11,93,85,110
1,12,93,81,110
1,13,93,68,110
1,14,93,63,110
1,15,93,104,110
1,16,93,101,110
1,17,93,86,110
1,18,93,82,110
1,19,93,97,110
1,20,93,115,110
1,21,93,75,110
1,22,93,106,110
1,23,93,100,110
1,24,93,133,110
1,25,93,125,110
1,26,93,66,110
1,27,93,114,110
1,28,93,70,110
1,29,93,73,110
1,30,93,84,110
1,31,93,123,110
1,32,93,119,110
1,33,93,116,110
1,34,93,71,110
1,35,93,64,110
1,36,93,112,110
1,37,93,91,110
1,38,93,128,110
1,39,93,92,110
1,40,93,102,110
1,41,93,129,110
1,42,93,134,110
1,43,93,93,110
1,44,93,107,110
1,45,93,90,110
1,46,93,108,110
1,47,93,130,110
1,48,93,83,110
1,49,93,157,110
1,50,93,113,110
1,51,93,94,110
1,52,93,117,110
1,53,93,72,110
1,54,93,126,110
1,55,93,124,110
1,56,93,103,110
1,57,93,79,110
1,58,93,62,110
1,59,93,105,110
1,60,93,96,110
1,61,93,137,110
1,62,93,95,110
1,63,93,135,110
1,64,93,131,110
1,65,93,153,110
1,66,93,132,110
1,67,93,89,110
1,68,93,127,110
1,69,93,121,110
1,70,93,136,110
1,71,93,146,110
1,72,93,6,110
1,73,93,99,110
1,74,93,147,110
1,75,93,141,110
1,76,93,155,110
1,77,93,143,110
1,78,93,148,110
1,79,93,140,110
1,80,93,139,110
1,81,93,77,110
1,82,93,122,110
1,83,93,120,110
1,84,93,154,110
1,85,93,98,110
1,86,93,166,110
1,87,93,165,110
1,88,93,14,110
1,89,93,110,110
1,90,93,18,110
1,91,93,5,110
1,92,93,158,110
1,93,93,164,110
1,94,93,144,110
1,95,93,111,110
1,96,93,149,110
1,97,93,160,110
1,98,93,145,110
1,99,93,15,110
1,100,93,161,110
1,101,93,156,110
1,102,93,9,110
1,103,93,142,110
1,104,93,159,110
1,105,93,109,110
1,106,93,150,110
1,107,93,162,110
1,108,93,31,110
1,109,93,138,110
1,110,93,163,110
1,111,93,151,110
1,112,93,152,110
1,113,93,22,110
1,114,93,3,110
1,115,93,30,110
1,116,93,19,110
1,117,93,29,110
1,118,93,11,110
1,119,93,48,110
1,120,93,10,110
1,121,93,32,110
1,122,93,21,110
1,123,93,16,110
1,124,93,1,110
1,125,93,28,110
1,126,93,20,110
1,127,93,4,110
1,128,93,13,110
1,129,93,24,110
1,130,93,26,110
1,131,93,51,110
1,132,93,43,110
1,133,93,7,110
1,134,93,27,110
1,135,93,44,110
1,136,93,39,110
1,137,93,40,110
1,138,93,50,110
1,139,93,42,110
1,140,93,17,110
1,141,93,2,110
1,142,93,12,110
1,143,93,41,110
1,144,93,49,110
1,145,93,25,110
1,146,93,47,110
1,147,93,46,110
1,148,93,60,110
1,149,93,53,110
1,150,93,8,110
1,151,93,36,110
1,152,93,23,110
1,153,93,35,110
1,154,93,37,110
1,155,93,57,110
1,156,93,34,110
1,157,93,38,110
1,158,93,61,110
1,159,93,55,110
1,160,93,52,110
1,161,93,33,110
1,162,93,56,110
1,163,93,45,110
1,164,93,58,110
1,165,93,54,110
1,166,93,59,110
1,1,94,78,41
1,2,94,74,41
1,3,94,76,41
1,4,94,80,41
1,5,94,67,41
1,6,94,69,41
1,7,94,87,41
1,8,94,65,41
1,9,94,118,41
1,10,94,88,41
1,11,94,85,41
1,12,94,81,41
1,13,94,68,41
1,14,94,63,41
1,15,94,104,41
1,16,94,101,41
1,17,94,86,41
1,18,94,82,41
1,19,94,97,41
1,20,94,115,41
1,21,94,75,41
1,22,94,106,41
1,23,94,100,41
1,24,94,133,41
1,25,94,125,41
1,26,94,66,41
1,27,94,114,41
1,28,94,70,41
1,29,94,73,41
1,30,94,84,41
1,31,94,123,41
1,32,94,119,41
1,33,94,116,41
1,34,94,71,41
1,35,94,64,41
1,36,94,112,41
1,37,94,91,41
1,38,94,128,41
1,39,94,92,41
1,40,94,102,41
1,41,94,129,41
1,42,94,134,41
1,43,94,93,41
1,44,94,107,41
1,45,94,90,41
1,46,94,108,41
1,47,94,130,41
1,48,94,83,41
1,49,94,157,41
1,50,94,113,41
1,51,94,94,41
1,52,94,117,41
1,53,94,72,41
1,54,94,126,41
1,55,94,124,41
1,56,94,103,41
1,57,94,79,41
1,58,94,62,41
1,59,94,105,41
1,60,94,96,41
1,61,94,137,41
1,62,94,95,41
1,63,94,135,41
1,64,94,131,41
1,65,94,153,41
1,66,94,132,41
1,67,94,89,41
1,68,94,127,41
1,69,94,121,41
1,70,94,136,41
1,71,94,146,41
1,72,94,6,41
1,73,94,99,41
1,74,94,147,41
1,75,94,141,41
1,76,94,155,41
1,77,94,143,41
1,78,94,148,41
1,79,94,140,41
1,80,94,139,41
1,81,94,77,41
1,82,94,122,41
1,83,94,120,41
1,84,94,154,41
1,85,94,98,41
1,86,94,166,41
1,87,94,165,41
1,88,94,14,41
1,89,94,110,41
1,90,94,18,41
1,91,94,5,41
1,92,94,158,41
1,93,94,164,41
1,94,94,144,41
1,95,94,111,41
1,96,94,149,41
1,97,94,160,41
1,98,94,145,41
1,99,94,15,41
1,100,94,161,41
1,101,94,156,41
1,102,94,9,41
1,103,94,142,41
1,104,94,159,41
1,105,94,109,41
1,106,94,150,41
1,107,94,162,41
1,108,94,31,41
1,109,94,138,41
1,110,94,163,41
1,111,94,151,41
1,112,94,152,41
1,113,94,22,41
1,114,94,3,41
1,115,94,30,41
1,116,94,19,41
1,117,94,29,41
1,118,94,11,41
1,119,94,48,41
1,120,94,10,41
1,121,94,32,41
1,122,94,21,41
1,123,94,16,41
1,124,94,1,41
1,125,94,28,41
1,126,94,20,41
1,127,94,4,41
1,128,94,13,41
1,129,94,24,41
1,130,94,26,41
1,131,94,51,41
1,132,94,43,41
1,133,94,7,41
1,134,94,27,41
1,135,94,44,41
1,136,94,39,41
1,137,94,40,41
1,138,94,50,41
1,139,94,42,41
1,140,94,17,41
1,141,94,2,41
1,142,94,12,41
1,143,94,41,41
1,144,94,49,41
1,145,94,25,41
1,146,94,47,41
1,147,94,46,41
1,148,94,60,41
1,149,94,53,41
1,150,94,8,41
1,151,94,36,41
1,152,94,23,41
1,153,94,35,41
1,154,94,37,41
1,155,94,57,41
1,156,94,34,41
1,157,94,38,41
1,158,94,61,41
1,159,94,55,41
1,160,94,52,41
1,161,94,33,41
1,162,94,56,41
1,163,94,45,41
1,164,94,58,41
1,165,94,54,41
1,166,94,59,41
1,1,95,78,87
1,2,95,74,87
1,3,95,76,87
1,4,95,80,87
1,5,95,67,87
1,6,95,69,87
1,7,95,87,87
1,8,95,65,87
1,9,95,118,87
1,10,95,88,87
1,11,95,85,87
1,12,95,81,87
1,13,95,68,87
1,14,95,63,87
1,15,95,104,87
1,16,95,101,87
1,17,95,86,87
1,18,95,82,87
1,19,95,97,87
1,20,95,115,87
1,21,95,75,87
1,22,95,106,87
1,23,95,100,87
1,24,95,133,87
1,25,95,125,87
1,26,95,66,87
1,27,95,114,87
1,28,95,70,87
1,29,95,73,87
1,30,95,84,87
1,31,95,123,87
1,32,95,119,87
1,33,95,116,87
1,34,95,71,87
1,35,95,64,87
1,36,95,112,87
1,37,95,91,87
1,38,95,128,87
1,39,95,92,87
1,40,95,102,87
1,41,95,129,87
1,42,95,134,87
1,43,95,93,87
1,44,95,107,87
1,45,95,90,87
1,46,95,108,87
1,47,95,130,87
1,48,95,83,87
1,49,95,157,87
1,50,95,113,87
1,51,95,94,87
1,52,95,117,87
1,53,95,72,87
1,54,95,126,87
1,55,95,124,87
1,56,95,103,87
1,57,95,79,87
1,58,95,62,87
1,59,95,105,87
1,60,95,96,87
1,61,95,137,87
1,62,95,95,87
1,63,95,135,87
1,64,95,131,87
1,65,95,153,87
1,66,95,132,87
1,67,95,89,87
1,68,95,127,87
1,69,95,121,87
1,70,95,136,87
1,71,95,146,87
1,72,95,6,87
1,73,95,99,87
1,74,95,147,87
1,75,95,141,87
1,76,95,155,87
1,77,95,143,87
1,78,95,148,87
1,79,95,140,87
1,80,95,139,87
1,81,95,77,87
1,82,95,122,87
1,83,95,120,87
1,84,95,154,87
1,85,95,98,87
1,86,95,166,87
1,87,95,165,87
1,88,95,14,87
1,89,95,110,87
1,90,95,18,87
1,91,95,5,87
1,92,95,158,87
1,93,95,164,87
1,94,95,144,87
1,95,95,111,87
1,96,95,149,87
1,97,95,160,87
1,98,95,145,87
1,99,95,15,87
1,100,95,161,87
1,101,95,156,87
1,102,95,9,87
1,103,95,142,87
1,104,95,159,87
1,105,95,109,87
1,106,95,150,87
1,107,95,162,87
1,108,95,31,87
1,109,95,138,87
1,110,95,163,87
1,111,95,151,87
1,112,95,152,87
1,113,95,22,87
1,114,95,3,87
1,115,95,30,87
1,116,95,19,87
1,117,95,29,87
1,118,95,11,87
1,119,95,48,87
1,120,95,10,87
1,121,95,32,87
1,122,95,21,87
1,123,95,16,87
1,124,95,1,87
1,125,95,28,87
1,126,95,20,87
1,127,95,4,87
1,128,95,13,87
1,129,95,24,87
1,130,95,26,87
1,131,95,51,87
1,132,95,43,87
1,133,95,7,87
1,134,95,27,87
1,135,95,44,87
1,136,95,39,87
1,137,95,40,87
1,138,95,50,87
1,139,95,42,87
1,140,95,17,87
1,141,95,2,87
1,142,95,12,87
1,143,95,41,87
1,144,95,49,87
1,145,95,25,87
1,146,95,47,87
1,147,95,46,87
1,148,95,60,87
1,149,95,53,87
1,150,95,8,87
1,151,95,36,87
1,152,95,23,87
1,153,95,35,87
1,154,95,37,87
1,155,95,57,87
1,156,95,34,87
1,157,95,38,87
1,158,95,61,87
1,159,95,55,87
1,160,95,52,87
1,161,95,33,87
1,162,95,56,87
1,163,95,45,87
1,164,95,58,87
1,165,95,54,87
1,166,95,59,87
1,1,96,78,136
1,2,96,74,136
1,3,96,76,136
1,4,96,80,136
1,5,96,67,136
1,6,96,69,136
1,7,96,87,136
1,8,96,65,136
1,9,96,118,136
1,10,96,88,136
1,11,96,85,136
1,12,96,81,136
1,13,96,68,136
1,14,96,63,136
1,15,96,104,136
1,16,96,101,136
1,17,96,86,136
1,18,96,82,136
1,19,96,97,136
1,20,96,115,136
1,21,96,75,136
1,22,96,106,136
1,23,96,100,136
1,24,96,133,136
1,25,96,125,136
1,26,96,66,136
1,27,96,114,136
1,28,96,70,136
1,29,96,73,136
1,30,96,84,136
1,31,96,123,136
1,32,96,119,136
1,33,96,116,136
1,34,96,71,136
1,35,96,64,136
1,36,96,112,136
1,37,96,91,136
1,38,96,128,136
1,39,96,92,136
1,40,96,102,136
1,41,96,129,136
1,42,96,134,136
1,43,96,93,136
1,44,96,107,136
1,45,96,90,136
1,46,96,108,136
1,47,96,130,136
1,48,96,83,136
1,49,96,157,136
1,50,96,113,136
1,51,96,94,136
1,52,96,117,136
1,53,96,72,136
1,54,96,126,136
1,55,96,124,136
1,56,96,103,136
1,57,96,79,136
1,58,96,62,136
1,59,96,105,136
1,60,96,96,136
1,61,96,137,136
1,62,96,95,136
1,63,96,135,136
1,64,96,131,136
1,65,96,153,136
1,66,96,132,136
1,67,96,89,136
1,68,96,127,136
1,69,96,121,136
1,70,96,136,136
1,71,96,146,136
1,72,96,6,136
1,73,96,99,136
1,74,96,147,136
1,75,96,141,136
1,76,96,155,136
1,77,96,143,136
1,78,96,148,136
1,79,96,140,136
1,80,96,139,136
1,81,96,77,136
1,82,96,122,136
1,83,96,120,136
1,84,96,154,136
1,85,96,98,136
1,86,96,166,136
1,87,96,165,136
1,88,96,14,136
1,89,96,110,136
1,90,96,18,136
1,91,96,5,136
1,92,96,158,136
1,93,96,164,136
1,94,96,144,136
1,95,96,111,136
1,96,96,149,136
1,97,96,160,136
1,98,96,145,136
1,99,96,15,136
1,100,96,161,136
1,101,96,156,136
1,102,96,9,136
1,103,96,142,136
1,104,96,159,136
1,105,96,109,136
1,106,96,150,136
1,107,96,162,136
1,108,96,31,136
1,109,96,138,136
1,110,96,163,136
1,111,96,151,136
1,112,96,152,136
1,113,96,22,136
1,114,96,3,136
1,115,96,30,136
1,116,96,19,136
1,117,96,29,136
1,118,96,11,136
1,119,96,48,136
1,120,96,10,136
1,121,96,32,136
1,122,96,21,136
1,123,96,16,136
1,124,96,1,136
1,125,96,28,136
1,126,96,20,136
1,127,96,4,136
1,128,96,13,136
1,129,96,24,136
1,130,96,26,136
1,131,96,51,136
1,132,96,43,136
1,133,96,7,136
1,134,96,27,136
1,135,96,44,136
1,136,96,39,136
1,137,96,40,136
1,138,96,50,136
1,139,96,42,136
1,140,96,17,136
1,141,96,2,136
1,142,96,12,136
1,143,96,41,136
1,144,96,49,136
1,145,96,25,136
1,146,96,47,136
1,147,96,46,136
1,148,96,60,136
1,149,96,53,136
1,150,96,8,136
1,151,96,36,136
1,152,96,23,136
1,153,96,35,136
1,154,96,37,136
1,155,96,57,136
1,156,96,34,136
1,157,96,38,136
1,158,96,61,136
1,159,96,55,136
1,160,96,52,136
1,161,96,33,136
1,162,96,56,136
1,163,96,45,136
1,164,96,58,136
1,165,96,54,136
1,166,96,59,136
1,1,97,78,60
1,2,97,74,60
1,3,97,76,60
1,4,97,80,60
1,5,97,67,60
1,6,97,69,60
1,7,97,87,60
1,8,97,65,60
1,9,97,118,60
1,10,97,88,60
1,11,97,85,60
1,12,97,81,60
1,13,97,68,60
1,14,97,63,60
1,15,97,104,60
1,16,97,101,60
1,17,97,86,60
1,18,97,82,60
1,19,97,97,60
1,20,97,115,60
1,21,97,75,60
1,22,97,106,60
1,23,97,100,60
1,24,97,133,60
1,25,97,125,60
1,26,97,66,60
1,27,97,114,60
1,28,97,70,60
1,29,97,73,60
1,30,97,84,60
1,31,97,123,60
1,32,97,119,60
1,33,97,116,60
1,34,97,71,60
1,35,97,64,60
1,36,97,112,60
1,37,97,91,60
1,38,97,128,60
1,39,97,92,60
1,40,97,102,60
1,41,97,129,60
1,42,97,134,60
1,43,97,93,60
1,44,97,107,60
1,45,97,90,60
1,46,97,108,60
1,47,97,130,60
1,48,97,83,60
1,49,97,157,60
1,50,97,113,60
1,51,97,94,60
1,52,97,117,60
1,53,97,72,60
1,54,97,126,60
1,55,97,124,60
1,56,97,103,60
1,57,97,79,60
1,58,97,62,60
1,59,97,105,60
1,60,97,96,60
1,61,97,137,60
1,62,97,95,60
1,63,97,135,60
1,64,97,131,60
1,65,97,153,60
1,66,97,132,60
1,67,97,89,60
1,68,97,127,60
1,69,97,121,60
1,70,97,136,60
1,71,97,146,60
1,72,97,6,60
1,73,97,99,60
1,74,97,147,60
1,75,97,141,60
1,76,97,155,60
1,77,97,143,60
1,78,97,148,60
1,79,97,140,60
1,80,97,139,60
1,81,97,77,60
1,82,97,122,60
1,83,97,120,60
1,84,97,154,60
1,85,97,98,60
1,86,97,166,60
1,87,97,165,60
1,88,97,14,60
1,89,97,110,60
1,90,97,18,60
1,91,97,5,60
1,92,97,158,60
1,93,97,164,60
1,94,97,144,60
1,95,97,111,60
1,96,97,149,60
1,97,97,160,60
1,98,97,145,60
1,99,97,15,60
1,100,97,161,60
1,101,97,156,60
1,102,97,9,60
1,103,97,142,60
1,104,97,159,60
1,105,97,109,60
1,106,97,150,60
1,107,97,162,60
1,108,97,31,60
1,109,97,138,60
1,110,97,163,60
1,111,97,151,60
1,112,97,152,60
1,113,97,22,60
1,114,97,3,60
1,115,97,30,60
1,116,97,19,60
1,117,97,29,60
1,118,97,11,60
1,119,97,48,60
1,120,97,10,60
1,121,97,32,60
1,122,97,21,60
1,123,97,16,60
1,124,97,1,60
1,125,97,28,60
1,126,97,20,60
1,127,97,4,60
1,128,97,13,60
1,129,97,24,60
1,130,97,26,60
1,131,97,51,60
1,132,97,43,60
1,133,97,7,60
1,134,97,27,60
1,135,97,44,60
1,136,97,39,60
1,137,97,40,60
1,138,97,50,60
1,139,97,42,60
1,140,97,17,60
1,141,97,2,60
1,142,97,12,60
1,143,97,41,60
1,144,97,49,60
1,145,97,25,60
1,146,97,47,60
1,147,97,46,60
1,148,97,60,60
1,149,97,53,60
1,150,97,8,60
1,151,97,36,60
1,152,97,23,60
1,153,97,35,60
1,154,97,37,60
1,155,97,57,60
1,156,97,34,60
1,157,97,38,60
1,158,97,61,60
1,159,97,55,60
1,160,97,52,60
1,161,97,33,60
1,162,97,56,60
1,163,97,45,60
1,164,97,58,60
1,165,97,54,60
1,166,97,59,60
1,1,98,78,88
1,2,98,74,88
1,3,98,76,88
1,4,98,80,88
1,5,98,67,88
1,6,98,69,88
1,7,98,87,88
1,8,98,65,88
1,9,98,118,88
1,10,98,88,88
1,11,98,85,88
1,12,98,81,88
1,13,98,68,88
1,14,98,63,88
1,15,98,104,88
1,16,98,101,88
1,17,98,86,88
1,18,98,82,88
1,19,98,97,88
1,20,98,115,88
1,21,98,75,88
1,22,98,106,88
1,23,98,100,88
1,24,98,133,88
1,25,98,125,88
1,26,98,66,88
1,27,98,114,88
1,28,98,70,88
1,29,98,73,88
1,30,98,84,88
1,31,98,123,88
1,32,98,119,88
1,33,98,116,88
1,34,98,71,88
1,35,98,64,88
1,36,98,112,88
1,37,98,91,88
1,38,98,128,88
1,39,98,92,88
1,40,98,102,88
1,41,98,129,88
1,42,98,134,88
1,43,98,93,88
1,44,98,107,88
1,45,98,90,88
1,46,98,108,88
1,47,98,130,88
1,48,98,83,88
1,49,98,157,88
1,50,98,113,88
1,51,98,94,88
1,52,98,117,88
1,53,98,72,88
1,54,98,126,88
1,55,98,124,88
1,56,98,103,88
1,57,98,79,88
1,58,98,62,88
1,59,98,105,88
1,60,98,96,88
1,61,98,137,88
1,62,98,95,88
1,63,98,135,88
1,64,98,131,88
1,65,98,153,88
1,66,98,132,88
1,67,98,89,88
1,68,98,127,88
1,69,98,121,88
1,70,98,136,88
1,71,98,146,88
1,72,98,6,88
1,73,98,99,88
1,74,98,147,88
1,75,98,141,88
1,76,98,155,88
1,77,98,143,88
1,78,98,148,88
1,79,98,140,88
1,80,98,139,88
1,81,98,77,88
1,82,98,122,88
1,83,98,120,88
1,84,98,154,88
1,85,98,98,88
1,86,98,166,88
1,87,98,165,88
1,88,98,14,88
1,89,98,110,88
1,90,98,18,88
1,91,98,5,88
1,92,98,158,88
1,93,98,164,88
1,94,98,144,88
1,95,98,111,88
1,96,98,149,88
1,97,98,160,88
1,98,98,145,88
1,99,98,15,88
1,100,98,161,88
1,101,98,156,88
1,102,98,9,88
1,103,98,142,88
1,104,98,159,88
1,105,98,109,88
1,106,98,150,88
1,107,98,162,88
1,108,98,31,88
1,109,98,138,88
1,110,98,163,88
1,111,98,151,88
1,112,98,152,88
1,113,98,22,88
1,114,98,3,88
1,115,98,30,88
1,116,98,19,88
1,117,98,29,88
1,118,98,11,88
1,119,98,48,88
1,120,98,10,88
1,121,98,32,88
1,122,98,21,88
1,123,98,16,88
1,124,98,1,88
1,125,98,28,88
1,126,98,20,88
1,127,98,4,88
1,128,98,13,88
1,129,98,24,88
1,130,98,26,88
1,131,98,51,88
1,132,98,43,88
1,133,98,7,88
1,134,98,27,88
1,135,98,44,88
1,136,98,39,88
1,137,98,40,88
1,138,98,50,88
1,139,98,42,88
1,140,98,17,88
22,141,98,2,88
22,142,98,12,88
22,143,98,41,88
22,144,98,49,88
22,145,98,25,88
22,146,98,47,88
22,147,98,46,88
22,148,98,60,88
22,149,98,53,88
22,150,98,8,88
22,151,98,36,88
22,152,98,23,88
22,153,98,35,88
22,154,98,37,88
22,155,98,57,88
22,156,98,34,88
22,157,98,38,88
23,158,98,61,88
23,159,98,55,88
23,160,98,52,88
23,161,98,33,88
23,162,98,56,88
23,163,98,45,88
23,164,98,58,88
23,165,98,54,88
1,166,98,59,88
1,1,99,78,150
1,2,99,74,150
1,3,99,76,150
1,4,99,80,150
1,5,99,67,150
1,6,99,69,150
1,7,99,87,150
1,8,99,65,150
1,9,99,118,150
1,10,99,88,150
1,11,99,85,150
1,12,99,81,150
1,13,99,68,150
1,14,99,63,150
1,15,99,104,150
1,16,99,101,150
1,17,99,86,150
1,18,99,82,150
1,19,99,97,150
1,20,99,115,150
1,21,99,75,150
1,22,99,106,150
1,23,99,100,150
1,24,99,133,150
1,25,99,125,150
1,26,99,66,150
1,27,99,114,150
1,28,99,70,150
1,29,99,73,150
1,30,99,84,150
1,31,99,123,150
1,32,99,119,150
1,33,99,116,150
1,34,99,71,150
1,35,99,64,150
1,36,99,112,150
1,37,99,91,150
1,38,99,128,150
1,39,99,92,150
1,40,99,102,150
1,41,99,129,150
1,42,99,134,150
1,43,99,93,150
1,44,99,107,150
1,45,99,90,150
1,46,99,108,150
1,47,99,130,150
1,48,99,83,150
1,49,99,157,150
1,50,99,113,150
1,51,99,94,150
1,52,99,117,150
1,53,99,72,150
1,54,99,126,150
1,55,99,124,150
1,56,99,103,150
1,57,99,79,150
1,58,99,62,150
1,59,99,105,150
1,60,99,96,150
1,61,99,137,150
1,62,99,95,150
1,63,99,135,150
1,64,99,131,150
1,65,99,153,150
1,66,99,132,150
1,67,99,89,150
1,68,99,127,150
1,69,99,121,150
1,70,99,136,150
1,71,99,146,150
1,72,99,6,150
1,73,99,99,150
1,74,99,147,150
1,75,99,141,150
1,76,99,155,150
1,77,99,143,150
1,78,99,148,150
1,79,99,140,150
1,80,99,139,150
1,81,99,77,150
1,82,99,122,150
1,83,99,120,150
1,84,99,154,150
1,85,99,98,150
1,86,99,166,150
1,87,99,165,150
1,88,99,14,150
1,89,99,110,150
1,90,99,18,150
1,91,99,5,150
1,92,99,158,150
1,93,99,164,150
1,94,99,144,150
1,95,99,111,150
1,96,99,149,150
1,97,99,160,150
1,98,99,145,150
1,99,99,15,150
1,100,99,161,150
1,101,99,156,150
1,102,99,9,150
1,103,99,142,150
1,104,99,159,150
1,105,99,109,150
1,106,99,150,150
1,107,99,162,150
1,108,99,31,150
1,109,99,138,150
1,110,99,163,150
1,111,99,151,150
1,112,99,152,150
1,113,99,22,150
1,114,99,3,150
1,115,99,30,150
1,116,99,19,150
1,117,99,29,150
1,118,99,11,150
1,119,99,48,150
1,120,99,10,150
1,121,99,32,150
1,122,99,21,150
1,123,99,16,150
1,124,99,1,150
1,125,99,28,150
1,126,99,20,150
1,127,99,4,150
1,128,99,13,150
1,129,99,24,150
1,130,99,26,150
1,131,99,51,150
1,132,99,43,150
1,133,99,7,150
1,134,99,27,150
1,135,99,44,150
1,136,99,39,150
1,137,99,40,150
1,138,99,50,150
1,139,99,42,150
1,140,99,17,150
22,141,99,2,150
22,142,99,12,150
22,143,99,41,150
22,144,99,49,150
22,145,99,25,150
22,146,99,47,150
22,147,99,46,150
22,148,99,60,150
22,149,99,53,150
22,150,99,8,150
22,151,99,36,150
22,152,99,23,150
22,153,99,35,150
22,154,99,37,150
22,155,99,57,150
22,156,99,34,150
22,157,99,38,150
23,158,99,61,150
23,159,99,55,150
23,160,99,52,150
23,161,99,33,150
23,162,99,56,150
23,163,99,45,150
23,164,99,58,150
23,165,99,54,150
1,166,99,59,150
1,1,100,78,27
1,2,100,74,27
1,3,100,76,27
1,4,100,80,27
1,5,100,67,27
1,6,100,69,27
1,7,100,87,27
1,8,100,65,27
1,9,100,118,27
1,10,100,88,27
1,11,100,85,27
1,12,100,81,27
1,13,100,68,27
1,14,100,63,27
1,15,100,104,27
1,16,100,101,27
1,17,100,86,27
1,18,100,82,27
1,19,100,97,27
1,20,100,115,27
1,21,100,75,27
1,22,100,106,27
1,23,100,100,27
1,24,100,133,27
1,25,100,125,27
1,26,100,66,27
1,27,100,114,27
1,28,100,70,27
1,29,100,73,27
1,30,100,84,27
1,31,100,123,27
1,32,100,119,27
1,33,100,116,27
1,34,100,71,27
1,35,100,64,27
1,36,100,112,27
1,37,100,91,27
1,38,100,128,27
1,39,100,92,27
1,40,100,102,27
1,41,100,129,27
1,42,100,134,27
1,43,100,93,27
1,44,100,107,27
1,45,100,90,27
1,46,100,108,27
1,47,100,130,27
1,48,100,83,27
1,49,100,157,27
1,50,100,113,27
1,51,100,94,27
1,52,100,117,27
1,53,100,72,27
1,54,100,126,27
1,55,100,124,27
1,56,100,103,27
1,57,100,79,27
1,58,100,62,27
1,59,100,105,27
1,60,100,96,27
1,61,100,137,27
1,62,100,95,27
1,63,100,135,27
1,64,100,131,27
1,65,100,153,27
1,66,100,132,27
1,67,100,89,27
1,68,100,127,27
1,69,100,121,27
1,70,100,136,27
1,71,100,146,27
1,72,100,6,27
1,73,100,99,27
1,74,100,147,27
1,75,100,141,27
1,76,100,155,27
1,77,100,143,27
1,78,100,148,27
1,79,100,140,27
1,80,100,139,27
1,81,100,77,27
1,82,100,122,27
1,83,100,120,27
1,84,100,154,27
1,85,100,98,27
1,86,100,166,27
1,87,100,165,27
1,88,100,14,27
1,89,100,110,27
1,90,100,18,27
1,91,100,5,27
1,92,100,158,27
1,93,100,164,27
1,94,100,144,27
1,95,100,111,27
1,96,100,149,27
1,97,100,160,27
1,98,100,145,27
1,99,100,15,27
1,100,100,161,27
1,101,100,156,27
1,102,100,9,27
1,103,100,142,27
1,104,100,159,27
1,105,100,109,27
1,106,100,150,27
1,107,100,162,27
1,108,100,31,27
1,109,100,138,27
1,110,100,163,27
1,111,100,151,27
1,112,100,152,27
1,113,100,22,27
1,114,100,3,27
1,115,100,30,27
1,116,100,19,27
1,117,100,29,27
1,118,100,11,27
1,119,100,48,27
1,120,100,10,27
1,121,100,32,27
1,122,100,21,27
1,123,100,16,27
1,124,100,1,27
1,125,100,28,27
1,126,100,20,27
1,127,100,4,27
1,128,100,13,27
1,129,100,24,27
1,130,100,26,27
1,131,100,51,27
1,132,100,43,27
1,133,100,7,27
1,134,100,27,27
1,135,100,44,27
1,136,100,39,27
1,137,100,40,27
1,138,100,50,27
1,139,100,42,27
1,140,100,17,27
1,141,100,2,27
1,142,100,12,27
1,143,100,41,27
1,144,100,49,27
1,145,100,25,27
1,146,100,47,27
1,147,100,46,27
1,148,100,60,27
1,149,100,53,27
1,150,100,8,27
1,151,100,36,27
1,152,100,23,27
1,153,100,35,27
1,154,100,37,27
1,155,100,57,27
1,156,100,34,27
1,157,100,38,27
1,158,100,61,27
1,159,100,55,27
1,160,100,52,27
1,161,100,33,27
1,162,100,56,27
1,163,100,45,27
1,164,100,58,27
1,165,100,54,27
1,166,100,59,27
1,1,101,78,43
1,2,101,74,43
1,3,101,76,43
1,4,101,80,43
1,5,101,67,43
1,6,101,69,43
1,7,101,87,43
1,8,101,65,43
1,9,101,118,43
1,10,101,88,43
1,11,101,85,43
1,12,101,81,43
1,13,101,68,43
1,14,101,63,43
1,15,101,104,43
1,16,101,101,43
1,17,101,86,43
1,18,101,82,43
1,19,101,97,43
1,20,101,115,43
1,21,101,75,43
1,22,101,106,43
1,23,101,100,43
1,24,101,133,43
1,25,101,125,43
1,26,101,66,43
1,27,101,114,43
1,28,101,70,43
1,29,101,73,43
1,30,101,84,43
1,31,101,123,43
1,32,101,119,43
1,33,101,116,43
1,34,101,71,43
1,35,101,64,43
1,36,101,112,43
1,37,101,91,43
1,38,101,128,43
1,39,101,92,43
1,40,101,102,43
1,41,101,129,43
1,42,101,134,43
1,43,101,93,43
1,44,101,107,43
1,45,101,90,43
1,46,101,108,43
1,47,101,130,43
1,48,101,83,43
1,49,101,157,43
1,50,101,113,43
1,51,101,94,43
1,52,101,117,43
1,53,101,72,43
1,54,101,126,43
1,55,101,124,43
1,56,101,103,43
1,57,101,79,43
1,58,101,62,43
1,59,101,105,43
1,60,101,96,43
1,61,101,137,43
1,62,101,95,43
1,63,101,135,43
1,64,101,131,43
1,65,101,153,43
1,66,101,132,43
1,67,101,89,43
1,68,101,127,43
1,69,101,121,43
1,70,101,136,43
1,71,101,146,43
1,72,101,6,43
1,73,101,99,43
1,74,101,147,43
1,75,101,141,43
1,76,101,155,43
1,77,101,143,43
1,78,101,148,43
1,79,101,140,43
1,80,101,139,43
1,81,101,77,43
1,82,101,122,43
1,83,101,120,43
1,84,101,154,43
1,85,101,98,43
1,86,101,166,43
1,87,101,165,43
1,88,101,14,43
1,89,101,110,43
1,90,101,18,43
1,91,101,5,43
1,92,101,158,43
1,93,101,164,43
1,94,101,144,43
1,95,101,111,43
1,96,101,149,43
1,97,101,160,43
1,98,101,145,43
1,99,101,15,43
1,100,101,161,43
1,101,101,156,43
1,102,101,9,43
1,103,101,142,43
1,104,101,159,43
1,105,101,109,43
1,106,101,150,43
1,107,101,162,43
1,108,101,31,43
1,109,101,138,43
1,110,101,163,43
1,111,101,151,43
1,112,101,152,43
1,113,101,22,43
1,114,101,3,43
1,115,101,30,43
1,116,101,19,43
1,117,101,29,43
1,118,101,11,43
1,119,101,48,43
1,120,101,10,43
1,121,101,32,43
1,122,101,21,43
1,123,101,16,43
1,124,101,1,43
1,125,101,28,43
1,126,101,20,43
1,127,101,4,43
1,128,101,13,43
1,129,101,24,43
1,130,101,26,43
1,131,101,51,43
1,132,101,43,43
1,133,101,7,43
1,134,101,27,43
1,135,101,44,43
1,136,101,39,43
1,137,101,40,43
1,138,101,50,43
1,139,101,42,43
1,140,101,17,43
1,141,101,2,43
1,142,101,12,43
1,143,101,41,43
1,144,101,49,43
1,145,101,25,43
1,146,101,47,43
1,147,101,46,43
1,148,101,60,43
1,149,101,53,43
1,150,101,8,43
1,151,101,36,43
1,152,101,23,43
1,153,101,35,43
1,154,101,37,43
1,155,101,57,43
1,156,101,34,43
1,157,101,38,43
1,158,101,61,43
1,159,101,55,43
1,160,101,52,43
1,161,101,33,43
1,162,101,56,43
1,163,101,45,43
1,164,101,58,43
1,165,101,54,43
1,166,101,59,43
1,1,102,78,13
1,2,102,74,13
1,3,102,76,13
1,4,102,80,13
1,5,102,67,13
1,6,102,69,13
1,7,102,87,13
1,8,102,65,13
1,9,102,118,13
1,10,102,88,13
1,11,102,85,13
1,12,102,81,13
1,13,102,68,13
1,14,102,63,13
1,15,102,104,13
1,16,102,101,13
1,17,102,86,13
1,18,102,82,13
1,19,102,97,13
1,20,102,115,13
1,21,102,75,13
1,22,102,106,13
1,23,102,100,13
1,24,102,133,13
1,25,102,125,13
1,26,102,66,13
1,27,102,114,13
1,28,102,70,13
1,29,102,73,13
1,30,102,84,13
1,31,102,123,13
1,32,102,119,13
1,33,102,116,13
1,34,102,71,13
1,35,102,64,13
1,36,102,112,13
1,37,102,91,13
1,38,102,128,13
1,39,102,92,13
1,40,102,102,13
1,41,102,129,13
1,42,102,134,13
1,43,102,93,13
1,44,102,107,13
1,45,102,90,13
1,46,102,108,13
1,47,102,130,13
1,48,102,83,13
1,49,102,157,13
1,50,102,113,13
1,51,102,94,13
1,52,102,117,13
1,53,102,72,13
1,54,102,126,13
1,55,102,124,13
1,56,102,103,13
1,57,102,79,13
1,58,102,62,13
1,59,102,105,13
1,60,102,96,13
1,61,102,137,13
1,62,102,95,13
1,63,102,135,13
1,64,102,131,13
1,65,102,153,13
1,66,102,132,13
1,67,102,89,13
1,68,102,127,13
1,69,102,121,13
1,70,102,136,13
1,71,102,146,13
1,72,102,6,13
1,73,102,99,13
1,74,102,147,13
1,75,102,141,13
1,76,102,155,13
1,77,102,143,13
1,78,102,148,13
1,79,102,140,13
1,80,102,139,13
1,81,102,77,13
1,82,102,122,13
1,83,102,120,13
1,84,102,154,13
1,85,102,98,13
1,86,102,166,13
1,87,102,165,13
1,88,102,14,13
1,89,102,110,13
1,90,102,18,13
1,91,102,5,13
1,92,102,158,13
1,93,102,164,13
1,94,102,144,13
1,95,102,111,13
1,96,102,149,13
1,97,102,160,13
1,98,102,145,13
1,99,102,15,13
1,100,102,161,13
1,101,102,156,13
1,102,102,9,13
1,103,102,142,13
1,104,102,159,13
1,105,102,109,13
1,106,102,150,13
1,107,102,162,13
1,108,102,31,13
1,109,102,138,13
1,110,102,163,13
1,111,102,151,13
1,112,102,152,13
1,113,102,22,13
1,114,102,3,13
1,115,102,30,13
1,116,102,19,13
1,117,102,29,13
1,118,102,11,13
1,119,102,48,13
1,120,102,10,13
1,121,102,32,13
1,122,102,21,13
1,123,102,16,13
1,124,102,1,13
1,125,102,28,13
1,126,102,20,13
1,127,102,4,13
1,128,102,13,13
1,129,102,24,13
1,130,102,26,13
1,131,102,51,13
1,132,102,43,13
1,133,102,7,13
1,134,102,27,13
1,135,102,44,13
1,136,102,39,13
1,137,102,40,13
1,138,102,50,13
1,139,102,42,13
1,140,102,17,13
1,141,102,2,13
1,142,102,12,13
1,143,102,41,13
1,144,102,49,13
1,145,102,25,13
1,146,102,47,13
1,147,102,46,13
1,148,102,60,13
1,149,102,53,13
1,150,102,8,13
1,151,102,36,13
1,152,102,23,13
1,153,102,35,13
1,154,102,37,13
1,155,102,57,13
1,156,102,34,13
1,157,102,38,13
1,158,102,61,13
1,159,102,55,13
1,160,102,52,13
1,161,102,33,13
1,162,102,56,13
1,163,102,45,13
1,164,102,58,13
1,165,102,54,13
1,166,102,59,13
1,1,103,78,106
1,2,103,74,106
1,3,103,76,106
1,4,103,80,106
1,5,103,67,106
1,6,103,69,106
1,7,103,87,106
1,8,103,65,106
1,9,103,118,106
1,10,103,88,106
1,11,103,85,106
1,12,103,81,106
1,13,103,68,106
1,14,103,63,106
1,15,103,104,106
1,16,103,101,106
1,17,103,86,106
1,18,103,82,106
1,19,103,97,106
1,20,103,115,106
1,21,103,75,106
1,22,103,106,106
1,23,103,100,106
1,24,103,133,106
1,25,103,125,106
1,26,103,66,106
1,27,103,114,106
1,28,103,70,106
1,29,103,73,106
1,30,103,84,106
1,31,103,123,106
1,32,103,119,106
1,33,103,116,106
1,34,103,71,106
1,35,103,64,106
1,36,103,112,106
1,37,103,91,106
1,38,103,128,106
1,39,103,92,106
1,40,103,102,106
1,41,103,129,106
1,42,103,134,106
1,43,103,93,106
1,44,103,107,106
1,45,103,90,106
1,46,103,108,106
1,47,103,130,106
1,48,103,83,106
1,49,103,157,106
1,50,103,113,106
1,51,103,94,106
1,52,103,117,106
1,53,103,72,106
1,54,103,126,106
1,55,103,124,106
1,56,103,103,106
1,57,103,79,106
1,58,103,62,106
1,59,103,105,106
1,60,103,96,106
1,61,103,137,106
1,62,103,95,106
1,63,103,135,106
1,64,103,131,106
1,65,103,153,106
1,66,103,132,106
1,67,103,89,106
1,68,103,127,106
1,69,103,121,106
1,70,103,136,106
1,71,103,146,106
1,72,103,6,106
1,73,103,99,106
1,74,103,147,106
1,75,103,141,106
1,76,103,155,106
1,77,103,143,106
1,78,103,148,106
1,79,103,140,106
1,80,103,139,106
1,81,103,77,106
1,82,103,122,106
1,83,103,120,106
1,84,103,154,106
1,85,103,98,106
1,86,103,166,106
1,87,103,165,106
1,88,103,14,106
1,89,103,110,106
1,90,103,18,106
1,91,103,5,106
1,92,103,158,106
1,93,103,164,106
1,94,103,144,106
1,95,103,111,106
1,96,103,149,106
1,97,103,160,106
1,98,103,145,106
1,99,103,15,106
1,100,103,161,106
1,101,103,156,106
1,102,103,9,106
1,103,103,142,106
1,104,103,159,106
1,105,103,109,106
1,106,103,150,106
1,107,103,162,106
1,108,103,31,106
1,109,103,138,106
1,110,103,163,106
1,111,103,151,106
1,112,103,152,106
1,113,103,22,106
1,114,103,3,106
1,115,103,30,106
1,116,103,19,106
1,117,103,29,106
1,118,103,11,106
1,119,103,48,106
1,120,103,10,106
1,121,103,32,106
1,122,103,21,106
1,123,103,16,106
1,124,103,1,106
1,125,103,28,106
1,126,103,20,106
1,127,103,4,106
1,128,103,13,106
1,129,103,24,106
1,130,103,26,106
1,131,103,51,106
1,132,103,43,106
1,133,103,7,106
1,134,103,27,106
1,135,103,44,106
1,136,103,39,106
1,137,103,40,106
1,138,103,50,106
1,139,103,42,106
1,140,103,17,106
1,141,103,2,106
1,142,103,12,106
1,143,103,41,106
1,144,103,49,106
1,145,103,25,106
1,146,103,47,106
1,147,103,46,106
1,148,103,60,106
1,149,103,53,106
1,150,103,8,106
1,151,103,36,106
1,152,103,23,106
1,153,103,35,106
1,154,103,37,106
1,155,103,57,106
1,156,103,34,106
1,157,103,38,106
1,158,103,61,106
1,159,103,55,106
1,160,103,52,106
1,161,103,33,106
1,162,103,56,106
1,163,103,45,106
1,164,103,58,106
1,165,103,54,106
1,166,103,59,106
1,1,104,78,115
1,2,104,74,115
1,3,104,76,115
1,4,104,80,115
1,5,104,67,115
1,6,104,69,115
1,7,104,87,115
1,8,104,65,115
1,9,104,118,115
1,10,104,88,115
1,11,104,85,115
1,12,104,81,115
1,13,104,68,115
1,14,104,63,115
1,15,104,104,115
1,16,104,101,115
1,17,104,86,115
1,18,104,82,115
1,19,104,97,115
1,20,104,115,115
1,21,104,75,115
1,22,104,106,115
1,23,104,100,115
1,24,104,133,115
1,25,104,125,115
1,26,104,66,115
1,27,104,114,115
1,28,104,70,115
1,29,104,73,115
1,30,104,84,115
1,31,104,123,115
1,32,104,119,115
1,33,104,116,115
1,34,104,71,115
1,35,104,64,115
1,36,104,112,115
1,37,104,91,115
1,38,104,128,115
1,39,104,92,115
1,40,104,102,115
1,41,104,129,115
1,42,104,134,115
1,43,104,93,115
1,44,104,107,115
1,45,104,90,115
1,46,104,108,115
1,47,104,130,115
1,48,104,83,115
1,49,104,157,115
1,50,104,113,115
1,51,104,94,115
1,52,104,117,115
1,53,104,72,115
1,54,104,126,115
1,55,104,124,115
1,56,104,103,115
1,57,104,79,115
1,58,104,62,115
1,59,104,105,115
1,60,104,96,115
1,61,104,137,115
1,62,104,95,115
1,63,104,135,115
1,64,104,131,115
1,65,104,153,115
1,66,104,132,115
1,67,104,89,115
1,68,104,127,115
1,69,104,121,115
1,70,104,136,115
1,71,104,146,115
1,72,104,6,115
1,73,104,99,115
1,74,104,147,115
1,75,104,141,115
1,76,104,155,115
1,77,104,143,115
1,78,104,148,115
1,79,104,140,115
1,80,104,139,115
1,81,104,77,115
1,82,104,122,115
1,83,104,120,115
1,84,104,154,115
1,85,104,98,115
1,86,104,166,115
1,87,104,165,115
1,88,104,14,115
1,89,104,110,115
1,90,104,18,115
1,91,104,5,115
1,92,104,158,115
1,93,104,164,115
1,94,104,144,115
1,95,104,111,115
1,96,104,149,115
1,97,104,160,115
1,98,104,145,115
1,99,104,15,115
1,100,104,161,115
1,101,104,156,115
1,102,104,9,115
1,103,104,142,115
1,104,104,159,115
1,105,104,109,115
1,106,104,150,115
1,107,104,162,115
1,108,104,31,115
1,109,104,138,115
1,110,104,163,115
1,111,104,151,115
1,112,104,152,115
1,113,104,22,115
1,114,104,3,115
1,115,104,30,115
1,116,104,19,115
1,117,104,29,115
1,118,104,11,115
1,119,104,48,115
1,120,104,10,115
1,121,104,32,115
1,122,104,21,115
1,123,104,16,115
1,124,104,1,115
1,125,104,28,115
1,126,104,20,115
1,127,104,4,115
1,128,104,13,115
1,129,104,24,115
1,130,104,26,115
1,131,104,51,115
1,132,104,43,115
1,133,104,7,115
1,134,104,27,115
1,135,104,44,115
1,136,104,39,115
1,137,104,40,115
1,138,104,50,115
1,139,104,42,115
1,140,104,17,115
1,141,104,2,115
1,142,104,12,115
1,143,104,41,115
1,144,104,49,115
1,145,104,25,115
1,146,104,47,115
1,147,104,46,115
1,148,104,60,115
1,149,104,53,115
1,150,104,8,115
1,151,104,36,115
1,152,104,23,115
1,153,104,35,115
1,154,104,37,115
1,155,104,57,115
1,156,104,34,115
1,157,104,38,115
1,158,104,61,115
1,159,104,55,115
1,160,104,52,115
1,161,104,33,115
1,162,104,56,115
1,163,104,45,115
1,164,104,58,115
1,165,104,54,115
1,166,104,59,115
1,1,105,78,147
1,2,105,74,147
1,3,105,76,147
1,4,105,80,147
1,5,105,67,147
1,6,105,69,147
1,7,105,87,147
1,8,105,65,147
1,9,105,118,147
1,10,105,88,147
1,11,105,85,147
1,12,105,81,147
1,13,105,68,147
1,14,105,63,147
1,15,105,104,147
1,16,105,101,147
1,17,105,86,147
1,18,105,82,147
1,19,105,97,147
1,20,105,115,147
1,21,105,75,147
1,22,105,106,147
1,23,105,100,147
1,24,105,133,147
1,25,105,125,147
1,26,105,66,147
1,27,105,114,147
1,28,105,70,147
1,29,105,73,147
1,30,105,84,147
1,31,105,123,147
1,32,105,119,147
1,33,105,116,147
1,34,105,71,147
1,35,105,64,147
1,36,105,112,147
1,37,105,91,147
1,38,105,128,147
1,39,105,92,147
1,40,105,102,147
1,41,105,129,147
1,42,105,134,147
1,43,105,93,147
1,44,105,107,147
1,45,105,90,147
1,46,105,108,147
1,47,105,130,147
1,48,105,83,147
1,49,105,157,147
1,50,105,113,147
1,51,105,94,147
1,52,105,117,147
1,53,105,72,147
1,54,105,126,147
1,55,105,124,147
1,56,105,103,147
1,57,105,79,147
1,58,105,62,147
1,59,105,105,147
1,60,105,96,147
1,61,105,137,147
1,62,105,95,147
1,63,105,135,147
1,64,105,131,147
1,65,105,153,147
1,66,105,132,147
1,67,105,89,147
1,68,105,127,147
1,69,105,121,147
1,70,105,136,147
1,71,105,146,147
1,72,105,6,147
1,73,105,99,147
1,74,105,147,147
1,75,105,141,147
1,76,105,155,147
1,77,105,143,147
1,78,105,148,147
1,79,105,140,147
1,80,105,139,147
1,81,105,77,147
1,82,105,122,147
1,83,105,120,147
1,84,105,154,147
1,85,105,98,147
1,86,105,166,147
1,87,105,165,147
1,88,105,14,147
1,89,105,110,147
1,90,105,18,147
1,91,105,5,147
1,92,105,158,147
1,93,105,164,147
1,94,105,144,147
1,95,105,111,147
1,96,105,149,147
1,97,105,160,147
1,98,105,145,147
1,99,105,15,147
1,100,105,161,147
1,101,105,156,147
1,102,105,9,147
1,103,105,142,147
1,104,105,159,147
1,105,105,109,147
1,106,105,150,147
1,107,105,162,147
1,108,105,31,147
1,109,105,138,147
1,110,105,163,147
1,111,105,151,147
1,112,105,152,147
1,113,105,22,147
1,114,105,3,147
1,115,105,30,147
1,116,105,19,147
1,117,105,29,147
1,118,105,11,147
1,119,105,48,147
1,120,105,10,147
1,121,105,32,147
1,122,105,21,147
1,123,105,16,147
1,124,105,1,147
1,125,105,28,147
1,126,105,20,147
1,127,105,4,147
1,128,105,13,147
1,129,105,24,147
1,130,105,26,147
1,131,105,51,147
1,132,105,43,147
1,133,105,7,147
1,134,105,27,147
1,135,105,44,147
1,136,105,39,147
1,137,105,40,147
1,138,105,50,147
1,139,105,42,147
1,140,105,17,147
1,141,105,2,147
1,142,105,12,147
1,143,105,41,147
1,144,105,49,147
1,145,105,25,147
1,146,105,47,147
1,147,105,46,147
1,148,105,60,147
1,149,105,53,147
1,150,105,8,147
1,151,105,36,147
1,152,105,23,147
1,153,105,35,147
1,154,105,37,147
1,155,105,57,147
1,156,105,34,147
1,157,105,38,147
1,158,105,61,147
1,159,105,55,147
1,160,105,52,147
1,161,105,33,147
1,162,105,56,147
1,163,105,45,147
1,164,105,58,147
1,165,105,54,147
1,166,105,59,147
1,1,106,78,51
1,2,106,74,51
1,3,106,76,51
1,4,106,80,51
1,5,106,67,51
1,6,106,69,51
1,7,106,87,51
1,8,106,65,51
1,9,106,118,51
1,10,106,88,51
1,11,106,85,51
1,12,106,81,51
1,13,106,68,51
1,14,106,63,51
1,15,106,104,51
1,16,106,101,51
1,17,106,86,51
1,18,106,82,51
1,19,106,97,51
1,20,106,115,51
1,21,106,75,51
1,22,106,106,51
1,23,106,100,51
1,24,106,133,51
1,25,106,125,51
1,26,106,66,51
1,27,106,114,51
1,28,106,70,51
1,29,106,73,51
1,30,106,84,51
1,31,106,123,51
1,32,106,119,51
1,33,106,116,51
1,34,106,71,51
1,35,106,64,51
1,36,106,112,51
1,37,106,91,51
1,38,106,128,51
1,39,106,92,51
1,40,106,102,51
1,41,106,129,51
1,42,106,134,51
1,43,106,93,51
1,44,106,107,51
1,45,106,90,51
1,46,106,108,51
1,47,106,130,51
1,48,106,83,51
1,49,106,157,51
1,50,106,113,51
1,51,106,94,51
1,52,106,117,51
1,53,106,72,51
1,54,106,126,51
1,55,106,124,51
1,56,106,103,51
1,57,106,79,51
1,58,106,62,51
1,59,106,105,51
1,60,106,96,51
1,61,106,137,51
1,62,106,95,51
1,63,106,135,51
1,64,106,131,51
1,65,106,153,51
1,66,106,132,51
1,67,106,89,51
1,68,106,127,51
1,69,106,121,51
1,70,106,136,51
1,71,106,146,51
1,72,106,6,51
1,73,106,99,51
1,74,106,147,51
1,75,106,141,51
1,76,106,155,51
1,77,106,143,51
1,78,106,148,51
1,79,106,140,51
1,80,106,139,51
1,81,106,77,51
1,82,106,122,51
1,83,106,120,51
1,84,106,154,51
1,85,106,98,51
1,86,106,166,51
1,87,106,165,51
1,88,106,14,51
1,89,106,110,51
1,90,106,18,51
1,91,106,5,51
1,92,106,158,51
1,93,106,164,51
1,94,106,144,51
1,95,106,111,51
1,96,106,149,51
1,97,106,160,51
1,98,106,145,51
1,99,106,15,51
1,100,106,161,51
1,101,106,156,51
1,102,106,9,51
1,103,106,142,51
1,104,106,159,51
1,105,106,109,51
1,106,106,150,51
1,107,106,162,51
1,108,106,31,51
1,109,106,138,51
1,110,106,163,51
1,111,106,151,51
1,112,106,152,51
1,113,106,22,51
1,114,106,3,51
1,115,106,30,51
1,116,106,19,51
1,117,106,29,51
1,118,106,11,51
1,119,106,48,51
1,120,106,10,51
1,121,106,32,51
1,122,106,21,51
1,123,106,16,51
1,124,106,1,51
1,125,106,28,51
1,126,106,20,51
1,127,106,4,51
1,128,106,13,51
1,129,106,24,51
1,130,106,26,51
1,131,106,51,51
1,132,106,43,51
1,133,106,7,51
1,134,106,27,51
1,135,106,44,51
1,136,106,39,51
1,137,106,40,51
1,138,106,50,51
1,139,106,42,51
1,140,106,17,51
1,141,106,2,51
1,142,106,12,51
1,143,106,41,51
1,144,106,49,51
1,145,106,25,51
1,146,106,47,51
1,147,106,46,51
1,148,106,60,51
1,149,106,53,51
1,150,106,8,51
1,151,106,36,51
1,152,106,23,51
1,153,106,35,51
1,154,106,37,51
1,155,106,57,51
1,156,106,34,51
1,157,106,38,51
1,158,106,61,51
1,159,106,55,51
1,160,106,52,51
1,161,106,33,51
1,162,106,56,51
1,163,106,45,51
1,164,106,58,51
1,165,106,54,51
1,166,106,59,51
1,1,107,78,112
1,2,107,74,112
1,3,107,76,112
1,4,107,80,112
1,5,107,67,112
1,6,107,69,112
1,7,107,87,112
1,8,107,65,112
1,9,107,118,112
1,10,107,88,112
1,11,107,85,112
1,12,107,81,112
1,13,107,68,112
1,14,107,63,112
1,15,107,104,112
1,16,107,101,112
1,17,107,86,112
1,18,107,82,112
1,19,107,97,112
1,20,107,115,112
1,21,107,75,112
1,22,107,106,112
1,23,107,100,112
1,24,107,133,112
1,25,107,125,112
1,26,107,66,112
1,27,107,114,112
1,28,107,70,112
1,29,107,73,112
1,30,107,84,112
1,31,107,123,112
1,32,107,119,112
1,33,107,116,112
1,34,107,71,112
1,35,107,64,112
1,36,107,112,112
1,37,107,91,112
1,38,107,128,112
1,39,107,92,112
1,40,107,102,112
1,41,107,129,112
1,42,107,134,112
1,43,107,93,112
1,44,107,107,112
1,45,107,90,112
1,46,107,108,112
1,47,107,130,112
1,48,107,83,112
1,49,107,157,112
1,50,107,113,112
1,51,107,94,112
1,52,107,117,112
1,53,107,72,112
1,54,107,126,112
1,55,107,124,112
1,56,107,103,112
1,57,107,79,112
1,58,107,62,112
1,59,107,105,112
1,60,107,96,112
14,61,107,137,112
1,62,107,95,112
1,63,107,135,112
1,64,107,131,112
1,65,107,153,112
1,66,107,132,112
1,67,107,89,112
1,68,107,127,112
1,69,107,121,112
1,70,107,136,112
1,71,107,146,112
1,72,107,6,112
1,73,107,99,112
1,74,107,147,112
1,75,107,141,112
1,76,107,155,112
1,77,107,143,112
1,78,107,148,112
1,79,107,140,112
1,80,107,139,112
1,81,107,77,112
1,82,107,122,112
1,83,107,120,112
1,84,107,154,112
1,85,107,98,112
1,86,107,166,112
1,87,107,165,112
1,88,107,14,112
1,89,107,110,112
1,90,107,18,112
1,91,107,5,112
1,92,107,158,112
1,93,107,164,112
1,94,107,144,112
1,95,107,111,112
1,96,107,149,112
1,97,107,160,112
1,98,107,145,112
1,99,107,15,112
1,100,107,161,112
1,101,107,156,112
1,102,107,9,112
1,103,107,142,112
1,104,107,159,112
1,105,107,109,112
1,106,107,150,112
1,107,107,162,112
1,108,107,31,112
1,109,107,138,112
1,110,107,163,112
1,111,107,151,112
1,112,107,152,112
1,113,107,22,112
1,114,107,3,112
1,115,107,30,112
1,116,107,19,112
1,117,107,29,112
1,118,107,11,112
1,119,107,48,112
1,120,107,10,112
1,121,107,32,112
1,122,107,21,112
1,123,107,16,112
1,124,107,1,112
1,125,107,28,112
1,126,107,20,112
1,127,107,4,112
1,128,107,13,112
1,129,107,24,112
1,130,107,26,112
1,131,107,51,112
1,132,107,43,112
1,133,107,7,112
1,134,107,27,112
1,135,107,44,112
1,136,107,39,112
1,137,107,40,112
1,138,107,50,112
1,139,107,42,112
1,140,107,17,112
1,141,107,2,112
1,142,107,12,112
1,143,107,41,112
1,144,107,49,112
1,145,107,25,112
1,146,107,47,112
1,147,107,46,112
1,148,107,60,112
1,149,107,53,112
1,150,107,8,112
1,151,107,36,112
1,152,107,23,112
1,153,107,35,112
1,154,107,37,112
1,155,107,57,112
1,156,107,34,112
1,157,107,38,112
1,158,107,61,112
1,159,107,55,112
1,160,107,52,112
1,161,107,33,112
1,162,107,56,112
1,163,107,45,112
1,164,107,58,112
1,165,107,54,112
1,166,107,59,112
1,1,108,78,139
1,2,108,74,139
1,3,108,76,139
1,4,108,80,139
1,5,108,67,139
1,6,108,69,139
1,7,108,87,139
1,8,108,65,139
1,9,108,118,139
1,10,108,88,139
1,11,108,85,139
1,12,108,81,139
1,13,108,68,139
1,14,108,63,139
1,15,108,104,139
11,16,108,101,139
1,17,108,86,139
1,18,108,82,139
1,19,108,97,139
1,20,108,115,139
1,21,108,75,139
1,22,108,106,139
1,23,108,100,139
1,24,108,133,139
1,25,108,125,139
1,26,108,66,139
1,27,108,114,139
1,28,108,70,139
1,29,108,73,139
1,30,108,84,139
1,31,108,123,139
1,32,108,119,139
1,33,108,116,139
1,34,108,71,139
1,35,108,64,139
1,36,108,112,139
1,37,108,91,139
1,38,108,128,139
1,39,108,92,139
1,40,108,102,139
1,41,108,129,139
1,42,108,134,139
1,43,108,93,139
1,44,108,107,139
1,45,108,90,139
1,46,108,108,139
1,47,108,130,139
1,48,108,83,139
1,49,108,157,139
1,50,108,113,139
1,51,108,94,139
1,52,108,117,139
1,53,108,72,139
1,54,108,126,139
1,55,108,124,139
1,56,108,103,139
1,57,108,79,139
1,58,108,62,139
1,59,108,105,139
1,60,108,96,139
1,61,108,137,139
1,62,108,95,139
1,63,108,135,139
1,64,108,131,139
1,65,108,153,139
1,66,108,132,139
1,67,108,89,139
1,68,108,127,139
1,69,108,121,139
1,70,108,136,139
1,71,108,146,139
1,72,108,6,139
1,73,108,99,139
1,74,108,147,139
1,75,108,141,139
1,76,108,155,139
1,77,108,143,139
1,78,108,148,139
1,79,108,140,139
1,80,108,139,139
1,81,108,77,139
1,82,108,122,139
1,83,108,120,139
1,84,108,154,139
1,85,108,98,139
1,86,108,166,139
1,87,108,165,139
1,88,108,14,139
1,89,108,110,139
1,90,108,18,139
1,91,108,5,139
1,92,108,158,139
1,93,108,164,139
1,94,108,144,139
1,95,108,111,139
1,96,108,149,139
1,97,108,160,139
1,98,108,145,139
1,99,108,15,139
1,100,108,161,139
1,101,108,156,139
1,102,108,9,139
1,103,108,142,139
1,104,108,159,139
1,105,108,109,139
1,106,108,150,139
1,107,108,162,139
1,108,108,31,139
1,109,108,138,139
1,110,108,163,139
1,111,108,151,139
1,112,108,152,139
1,113,108,22,139
1,114,108,3,139
1,115,108,30,139
1,116,108,19,139
1,117,108,29,139
1,118,108,11,139
1,119,108,48,139
1,120,108,10,139
1,121,108,32,139
1,122,108,21,139
1,123,108,16,139
1,124,108,1,139
1,125,108,28,139
1,126,108,20,139
1,127,108,4,139
1,128,108,13,139
1,129,108,24,139
1,130,108,26,139
1,131,108,51,139
1,132,108,43,139
1,133,108,7,139
1,134,108,27,139
1,135,108,44,139
1,136,108,39,139
1,137,108,40,139
1,138,108,50,139
1,139,108,42,139
1,140,108,17,139
1,141,108,2,139
1,142,108,12,139
1,143,108,41,139
1,144,108,49,139
1,145,108,25,139
1,146,108,47,139
1,147,108,46,139
1,148,108,60,139
1,149,108,53,139
1,150,108,8,139
1,151,108,36,139
1,152,108,23,139
1,153,108,35,139
1,154,108,37,139
1,155,108,57,139
1,156,108,34,139
1,157,108,38,139
1,158,108,61,139
1,159,108,55,139
1,160,108,52,139
1,161,108,33,139
1,162,108,56,139
1,163,108,45,139
1,164,108,58,139
1,165,108,54,139
1,166,108,59,139
1,1,109,78,81
1,2,109,74,81
1,3,109,76,81
1,4,109,80,81
1,5,109,67,81
1,6,109,69,81
1,7,109,87,81
1,8,109,65,81
1,9,109,118,81
1,10,109,88,81
1,11,109,85,81
1,12,109,81,81
1,13,109,68,81
1,14,109,63,81
1,15,109,104,81
11,16,109,101,81
1,17,109,86,81
1,18,109,82,81
1,19,109,97,81
1,20,109,115,81
1,21,109,75,81
1,22,109,106,81
1,23,109,100,81
1,24,109,133,81
1,25,109,125,81
1,26,109,66,81
1,27,109,114,81
1,28,109,70,81
1,29,109,73,81
1,30,109,84,81
1,31,109,123,81
1,32,109,119,81
1,33,109,116,81
1,34,109,71,81
1,35,109,64,81
1,36,109,112,81
1,37,109,91,81
1,38,109,128,81
1,39,109,92,81
1,40,109,102,81
1,41,109,129,81
1,42,109,134,81
1,43,109,93,81
1,44,109,107,81
1,45,109,90,81
1,46,109,108,81
1,47,109,130,81
1,48,109,83,81
1,49,109,157,81
1,50,109,113,81
1,51,109,94,81
1,52,109,117,81
1,53,109,72,81
1,54,109,126,81
1,55,109,124,81
1,56,109,103,81
1,57,109,79,81
1,58,109,62,81
1,59,109,105,81
1,60,109,96,81
1,61,109,137,81
1,62,109,95,81
1,63,109,135,81
1,64,109,131,81
1,65,109,153,81
1,66,109,132,81
1,67,109,89,81
1,68,109,127,81
1,69,109,121,81
1,70,109,136,81
1,71,109,146,81
1,72,109,6,81
1,73,109,99,81
1,74,109,147,81
1,75,109,141,81
1,76,109,155,81
1,77,109,143,81
1,78,109,148,81
1,79,109,140,81
1,80,109,139,81
1,81,109,77,81
1,82,109,122,81
1,83,109,120,81
1,84,109,154,81
1,85,109,98,81
1,86,109,166,81
1,87,109,165,81
1,88,109,14,81
1,89,109,110,81
1,90,109,18,81
1,91,109,5,81
1,92,109,158,81
1,93,109,164,81
1,94,109,144,81
1,95,109,111,81
1,96,109,149,81
1,97,109,160,81
1,98,109,145,81
1,99,109,15,81
1,100,109,161,81
1,101,109,156,81
1,102,109,9,81
1,103,109,142,81
1,104,109,159,81
1,105,109,109,81
1,106,109,150,81
1,107,109,162,81
1,108,109,31,81
1,109,109,138,81
1,110,109,163,81
1,111,109,151,81
1,112,109,152,81
1,113,109,22,81
1,114,109,3,81
1,115,109,30,81
1,116,109,19,81
1,117,109,29,81
1,118,109,11,81
1,119,109,48,81
1,120,109,10,81
1,121,109,32,81
1,122,109,21,81
1,123,109,16,81
1,124,109,1,81
1,125,109,28,81
1,126,109,20,81
1,127,109,4,81
1,128,109,13,81
1,129,109,24,81
1,130,109,26,81
1,131,109,51,81
1,132,109,43,81
1,133,109,7,81
1,134,109,27,81
1,135,109,44,81
1,136,109,39,81
1,137,109,40,81
1,138,109,50,81
1,139,109,42,81
1,140,109,17,81
1,141,109,2,81
1,142,109,12,81
1,143,109,41,81
1,144,109,49,81
1,145,109,25,81
1,146,109,47,81
1,147,109,46,81
1,148,109,60,81
1,149,109,53,81
1,150,109,8,81
1,151,109,36,81
1,152,109,23,81
1,153,109,35,81
1,154,109,37,81
1,155,109,57,81
1,156,109,34,81
1,157,109,38,81
1,158,109,61,81
1,159,109,55,81
1,160,109,52,81
1,161,109,33,81
1,162,109,56,81
1,163,109,45,81
1,164,109,58,81
1,165,109,54,81
1,166,109,59,81
1,1,110,78,17
1,2,110,74,17
1,3,110,76,17
1,4,110,80,17
1,5,110,67,17
1,6,110,69,17
1,7,110,87,17
1,8,110,65,17
1,9,110,118,17
1,10,110,88,17
1,11,110,85,17
1,12,110,81,17
1,13,110,68,17
1,14,110,63,17
1,15,110,104,17
11,16,110,101,17
1,17,110,86,17
1,18,110,82,17
1,19,110,97,17
1,20,110,115,17
1,21,110,75,17
1,22,110,106,17
1,23,110,100,17
1,24,110,133,17
1,25,110,125,17
1,26,110,66,17
1,27,110,114,17
1,28,110,70,17
1,29,110,73,17
1,30,110,84,17
1,31,110,123,17
1,32,110,119,17
1,33,110,116,17
1,34,110,71,17
1,35,110,64,17
1,36,110,112,17
1,37,110,91,17
1,38,110,128,17
1,39,110,92,17
1,40,110,102,17
1,41,110,129,17
1,42,110,134,17
1,43,110,93,17
1,44,110,107,17
1,45,110,90,17
1,46,110,108,17
1,47,110,130,17
1,48,110,83,17
1,49,110,157,17
1,50,110,113,17
1,51,110,94,17
1,52,110,117,17
1,53,110,72,17
1,54,110,126,17
1,55,110,124,17
1,56,110,103,17
1,57,110,79,17
1,58,110,62,17
1,59,110,105,17
1,60,110,96,17
1,61,110,137,17
1,62,110,95,17
1,63,110,135,17
1,64,110,131,17
1,65,110,153,17
1,66,110,132,17
1,67,110,89,17
1,68,110,127,17
1,69,110,121,17
1,70,110,136,17
1,71,110,146,17
1,72,110,6,17
1,73,110,99,17
1,74,110,147,17
1,75,110,141,17
1,76,110,155,17
1,77,110,143,17
1,78,110,148,17
1,79,110,140,17
1,80,110,139,17
1,81,110,77,17
1,82,110,122,17
1,83,110,120,17
1,84,110,154,17
1,85,110,98,17
1,86,110,166,17
1,87,110,165,17
1,88,110,14,17
1,89,110,110,17
1,90,110,18,17
1,91,110,5,17
1,92,110,158,17
1,93,110,164,17
1,94,110,144,17
1,95,110,111,17
1,96,110,149,17
1,97,110,160,17
1,98,110,145,17
1,99,110,15,17
1,100,110,161,17
1,101,110,156,17
1,102,110,9,17
1,103,110,142,17
1,104,110,159,17
1,105,110,109,17
1,106,110,150,17
1,107,110,162,17
1,108,110,31,17
1,109,110,138,17
1,110,110,163,17
1,111,110,151,17
1,112,110,152,17
1,113,110,22,17
1,114,110,3,17
1,115,110,30,17
1,116,110,19,17
1,117,110,29,17
1,118,110,11,17
1,119,110,48,17
1,120,110,10,17
1,121,110,32,17
1,122,110,21,17
1,123,110,16,17
1,124,110,1,17
1,125,110,28,17
1,126,110,20,17
1,127,110,4,17
1,128,110,13,17
1,129,110,24,17
1,130,110,26,17
1,131,110,51,17
1,132,110,43,17
1,133,110,7,17
1,134,110,27,17
1,135,110,44,17
1,136,110,39,17
1,137,110,40,17
1,138,110,50,17
1,139,110,42,17
1,140,110,17,17
1,141,110,2,17
1,142,110,12,17
1,143,110,41,17
1,144,110,49,17
1,145,110,25,17
1,146,110,47,17
1,147,110,46,17
1,148,110,60,17
1,149,110,53,17
1,150,110,8,17
1,151,110,36,17
1,152,110,23,17
1,153,110,35,17
1,154,110,37,17
1,155,110,57,17
1,156,110,34,17
1,157,110,38,17
1,158,110,61,17
1,159,110,55,17
1,160,110,52,17
1,161,110,33,17
1,162,110,56,17
1,163,110,45,17
1,164,110,58,17
1,165,110,54,17
1,166,110,59,17
1,1,111,78,82
1,2,111,74,82
1,3,111,76,82
1,4,111,80,82
1,5,111,67,82
1,6,111,69,82
1,7,111,87,82
1,8,111,65,82
1,9,111,118,82
1,10,111,88,82
1,11,111,85,82
1,12,111,81,82
1,13,111,68,82
1,14,111,63,82
1,15,111,104,82
11,16,111,101,82
1,17,111,86,82
1,18,111,82,82
1,19,111,97,82
1,20,111,115,82
1,21,111,75,82
1,22,111,106,82
1,23,111,100,82
1,24,111,133,82
1,25,111,125,82
1,26,111,66,82
1,27,111,114,82
1,28,111,70,82
1,29,111,73,82
1,30,111,84,82
1,31,111,123,82
1,32,111,119,82
1,33,111,116,82
1,34,111,71,82
1,35,111,64,82
1,36,111,112,82
1,37,111,91,82
1,38,111,128,82
1,39,111,92,82
1,40,111,102,82
1,41,111,129,82
1,42,111,134,82
1,43,111,93,82
1,44,111,107,82
1,45,111,90,82
1,46,111,108,82
1,47,111,130,82
1,48,111,83,82
1,49,111,157,82
1,50,111,113,82
1,51,111,94,82
1,52,111,117,82
1,53,111,72,82
1,54,111,126,82
1,55,111,124,82
1,56,111,103,82
1,57,111,79,82
1,58,111,62,82
1,59,111,105,82
1,60,111,96,82
1,61,111,137,82
1,62,111,95,82
1,63,111,135,82
1,64,111,131,82
1,65,111,153,82
1,66,111,132,82
1,67,111,89,82
1,68,111,127,82
1,69,111,121,82
1,70,111,136,82
1,71,111,146,82
1,72,111,6,82
1,73,111,99,82
1,74,111,147,82
1,75,111,141,82
19,76,111,155,82
19,77,111,143,82
19,78,111,148,82
19,79,111,140,82
19,80,111,139,82
1,81,111,77,82
1,82,111,122,82
1,83,111,120,82
1,84,111,154,82
1,85,111,98,82
1,86,111,166,82
1,87,111,165,82
1,88,111,14,82
1,89,111,110,82
1,90,111,18,82
1,91,111,5,82
1,92,111,158,82
1,93,111,164,82
1,94,111,144,82
1,95,111,111,82
1,96,111,149,82
1,97,111,160,82
1,98,111,145,82
1,99,111,15,82
1,100,111,161,82
1,101,111,156,82
1,102,111,9,82
1,103,111,142,82
1,104,111,159,82
1,105,111,109,82
1,106,111,150,82
1,107,111,162,82
1,108,111,31,82
1,109,111,138,82
1,110,111,163,82
1,111,111,151,82
1,112,111,152,82
1,113,111,22,82
1,114,111,3,82
1,115,111,30,82
1,116,111,19,82
1,117,111,29,82
1,118,111,11,82
1,119,111,48,82
1,120,111,10,82
1,121,111,32,82
1,122,111,21,82
1,123,111,16,82
1,124,111,1,82
1,125,111,28,82
1,126,111,20,82
1,127,111,4,82
1,128,111,13,82
1,129,111,24,82
1,130,111,26,82
1,131,111,51,82
1,132,111,43,82
1,133,111,7,82
1,134,111,27,82
1,135,111,44,82
1,136,111,39,82
1,137,111,40,82
1,138,111,50,82
1,139,111,42,82
1,140,111,17,82
1,141,111,2,82
1,142,111,12,82
1,143,111,41,82
1,144,111,49,82
1,145,111,25,82
1,146,111,47,82
1,147,111,46,82
1,148,111,60,82
1,149,111,53,82
1,150,111,8,82
1,151,111,36,82
1,152,111,23,82
1,153,111,35,82
1,154,111,37,82
1,155,111,57,82
1,156,111,34,82
1,157,111,38,82
1,158,111,61,82
1,159,111,55,82
1,160,111,52,82
1,161,111,33,82
1,162,111,56,82
1,163,111,45,82
1,164,111,58,82
1,165,111,54,82
17,166,111,59,82
1,1,112,78,70
1,2,112,74,70
1,3,112,76,70
1,4,112,80,70
1,5,112,67,70
1,6,112,69,70
1,7,112,87,70
1,8,112,65,70
1,9,112,118,70
1,10,112,88,70
1,11,112,85,70
1,12,112,81,70
1,13,112,68,70
1,14,112,63,70
1,15,112,104,70
11,16,112,101,70
1,17,112,86,70
1,18,112,82,70
1,19,112,97,70
1,20,112,115,70
1,21,112,75,70
1,22,112,106,70
1,23,112,100,70
1,24,112,133,70
1,25,112,125,70
1,26,112,66,70
1,27,112,114,70
1,28,112,70,70
1,29,112,73,70
1,30,112,84,70
1,31,112,123,70
1,32,112,119,70
1,33,112,116,70
1,34,112,71,70
1,35,112,64,70
1,36,112,112,70
1,37,112,91,70
1,38,112,128,70
1,39,112,92,70
1,40,112,102,70
1,41,112,129,70
1,42,112,134,70
1,43,112,93,70
1,44,112,107,70
1,45,112,90,70
1,46,112,108,70
1,47,112,130,70
1,48,112,83,70
1,49,112,157,70
1,50,112,113,70
1,51,112,94,70
1,52,112,117,70
1,53,112,72,70
1,54,112,126,70
1,55,112,124,70
1,56,112,103,70
1,57,112,79,70
1,58,112,62,70
1,59,112,105,70
1,60,112,96,70
1,61,112,137,70
1,62,112,95,70
1,63,112,135,70
1,64,112,131,70
1,65,112,153,70
1,66,112,132,70
1,67,112,89,70
1,68,112,127,70
1,69,112,121,70
1,70,112,136,70
1,71,112,146,70
1,72,112,6,70
1,73,112,99,70
1,74,112,147,70
1,75,112,141,70
19,76,112,155,70
19,77,112,143,70
19,78,112,148,70
19,79,112,140,70
19,80,112,139,70
20,81,112,77,70
20,82,112,122,70
20,83,112,120,70
20,84,112,154,70
20,85,112,98,70
20,86,112,166,70
20,87,112,165,70
20,88,112,14,70
20,89,112,110,70
20,90,112,18,70
20,91,112,5,70
20,92,112,158,70
20,93,112,164,70
20,94,112,144,70
20,95,112,111,70
20,96,112,149,70
20,97,112,160,70
20,98,112,145,70
20,99,112,15,70
20,100,112,161,70
20,101,112,156,70
20,102,112,9,70
20,103,112,142,70
20,104,112,159,70
1,105,112,109,70
1,106,112,150,70
1,107,112,162,70
1,108,112,31,70
1,109,112,138,70
1,110,112,163,70
1,111,112,151,70
1,112,112,152,70
1,113,112,22,70
1,114,112,3,70
1,115,112,30,70
1,116,112,19,70
1,117,112,29,70
1,118,112,11,70
1,119,112,48,70
1,120,112,10,70
1,121,112,32,70
1,122,112,21,70
1,123,112,16,70
1,124,112,1,70
1,125,112,28,70
1,126,112,20,70
1,127,112,4,70
1,128,112,13,70
1,129,112,24,70
1,130,112,26,70
1,131,112,51,70
1,132,112,43,70
1,133,112,7,70
1,134,112,27,70
1,135,112,44,70
1,136,112,39,70
1,137,112,40,70
1,138,112,50,70
1,139,112,42,70
1,140,112,17,70
1,141,112,2,70
1,142,112,12,70
1,143,112,41,70
1,144,112,49,70
1,145,112,25,70
1,146,112,47,70
1,147,112,46,70
1,148,112,60,70
1,149,112,53,70
1,150,112,8,70
1,151,112,36,70
1,152,112,23,70
1,153,112,35,70
1,154,112,37,70
1,155,112,57,70
1,156,112,34,70
1,157,112,38,70
1,158,112,61,70
1,159,112,55,70
1,160,112,52,70
1,161,112,33,70
1,162,112,56,70
1,163,112,45,70
1,164,112,58,70
1,165,112,54,70
17,166,112,59,70
1,1,113,78,6
1,2,113,74,6
1,3,113,76,6
1,4,113,80,6
1,5,113,67,6
1,6,113,69,6
1,7,113,87,6
1,8,113,65,6
1,9,113,118,6
1,10,113,88,6
1,11,113,85,6
1,12,113,81,6
1,13,113,68,6
1,14,113,63,6
1,15,113,104,6
1,16,113,101,6
1,17,113,86,6
1,18,113,82,6
1,19,113,97,6
1,20,113,115,6
1,21,113,75,6
1,22,113,106,6
1,23,113,100,6
1,24,113,133,6
1,25,113,125,6
1,26,113,66,6
1,27,113,114,6
1,28,113,70,6
1,29,113,73,6
1,30,113,84,6
1,31,113,123,6
1,32,113,119,6
1,33,113,116,6
1,34,113,71,6
1,35,113,64,6
1,36,113,112,6
1,37,113,91,6
1,38,113,128,6
1,39,113,92,6
1,40,113,102,6
1,41,113,129,6
1,42,113,134,6
1,43,113,93,6
1,44,113,107,6
1,45,113,90,6
1,46,113,108,6
1,47,113,130,6
1,48,113,83,6
1,49,113,157,6
1,50,113,113,6
1,51,113,94,6
1,52,113,117,6
1,53,113,72,6
1,54,113,126,6
1,55,113,124,6
1,56,113,103,6
1,57,113,79,6
1,58,113,62,6
1,59,113,105,6
1,60,113,96,6
1,61,113,137,6
1,62,113,95,6
1,63,113,135,6
1,64,113,131,6
1,65,113,153,6
1,66,113,132,6
1,67,113,89,6
1,68,113,127,6
1,69,113,121,6
1,70,113,136,6
1,71,113,146,6
1,72,113,6,6
1,73,113,99,6
1,74,113,147,6
1,75,113,141,6
1,76,113,155,6
1,77,113,143,6
1,78,113,148,6
1,79,113,140,6
1,80,113,139,6
1,81,113,77,6
1,82,113,122,6
1,83,113,120,6
1,84,113,154,6
1,85,113,98,6
1,86,113,166,6
1,87,113,165,6
1,88,113,14,6
1,89,113,110,6
1,90,113,18,6
1,91,113,5,6
1,92,113,158,6
1,93,113,164,6
1,94,113,144,6
1,95,113,111,6
1,96,113,149,6
1,97,113,160,6
1,98,113,145,6
1,99,113,15,6
1,100,113,161,6
1,101,113,156,6
1,102,113,9,6
1,103,113,142,6
1,104,113,159,6
1,105,113,109,6
1,106,113,150,6
1,107,113,162,6
1,108,113,31,6
1,109,113,138,6
1,110,113,163,6
1,111,113,151,6
1,112,113,152,6
1,113,113,22,6
1,114,113,3,6
1,115,113,30,6
1,116,113,19,6
1,117,113,29,6
1,118,113,11,6
1,119,113,48,6
1,120,113,10,6
1,121,113,32,6
1,122,113,21,6
1,123,113,16,6
1,124,113,1,6
1,125,113,28,6
1,126,113,20,6
1,127,113,4,6
1,128,113,13,6
1,129,113,24,6
1,130,113,26,6
1,131,113,51,6
1,132,113,43,6
1,133,113,7,6
1,134,113,27,6
1,135,113,44,6
1,136,113,39,6
1,137,113,40,6
1,138,113,50,6
1,139,113,42,6
1,140,113,17,6
1,141,113,2,6
1,142,113,12,6
1,143,113,41,6
1,144,113,49,6
1,145,113,25,6
1,146,113,47,6
1,147,113,46,6
1,148,113,60,6
1,149,113,53,6
1,150,113,8,6
1,151,113,36,6
1,152,113,23,6
1,153,113,35,6
1,154,113,37,6
1,155,113,57,6
1,156,113,34,6
1,157,113,38,6
1,158,113,61,6
1,159,113,55,6
1,160,113,52,6
1,161,113,33,6
1,162,113,56,6
1,163,113,45,6
1,164,113,58,6
1,165,113,54,6
17,166,113,59,6
1,1,114,78,38
1,2,114,74,38
1,3,114,76,38
1,4,114,80,38
1,5,114,67,38
1,6,114,69,38
1,7,114,87,38
1,8,114,65,38
1,9,114,118,38
1,10,114,88,38
1,11,114,85,38
1,12,114,81,38
1,13,114,68,38
1,14,114,63,38
1,15,114,104,38
1,16,114,101,38
1,17,114,86,38
1,18,114,82,38
1,19,114,97,38
1,20,114,115,38
1,21,114,75,38
1,22,114,106,38
1,23,114,100,38
1,24,114,133,38
1,25,114,125,38
1,26,114,66,38
1,27,114,114,38
1,28,114,70,38
1,29,114,73,38
1,30,114,84,38
1,31,114,123,38
1,32,114,119,38
1,33,114,116,38
1,34,114,71,38
1,35,114,64,38
1,36,114,112,38
1,37,114,91,38
1,38,114,128,38
1,39,114,92,38
1,40,114,102,38
1,41,114,129,38
1,42,114,134,38
1,43,114,93,38
1,44,114,107,38
1,45,114,90,38
1,46,114,108,38
1,47,114,130,38
1,48,114,83,38
1,49,114,157,38
1,50,114,113,38
1,51,114,94,38
1,52,114,117,38
1,53,114,72,38
1,54,114,126,38
1,55,114,124,38
1,56,114,103,38
1,57,114,79,38
1,58,114,62,38
1,59,114,105,38
1,60,114,96,38
1,61,114,137,38
1,62,114,95,38
1,63,114,135,38
1,64,114,131,38
1,65,114,153,38
1,66,114,132,38
1,67,114,89,38
1,68,114,127,38
1,69,114,121,38
1,70,114,136,38
1,71,114,146,38
1,72,114,6,38
1,73,114,99,38
1,74,114,147,38
1,75,114,141,38
1,76,114,155,38
1,77,114,143,38
1,78,114,148,38
1,79,114,140,38
1,80,114,139,38
1,81,114,77,38
1,82,114,122,38
1,83,114,120,38
1,84,114,154,38
1,85,114,98,38
1,86,114,166,38
1,87,114,165,38
1,88,114,14,38
1,89,114,110,38
1,90,114,18,38
1,91,114,5,38
1,92,114,158,38
1,93,114,164,38
1,94,114,144,38
1,95,114,111,38
1,96,114,149,38
1,97,114,160,38
1,98,114,145,38
1,99,114,15,38
1,100,114,161,38
1,101,114,156,38
1,102,114,9,38
1,103,114,142,38
1,104,114,159,38
1,105,114,109,38
1,106,114,150,38
1,107,114,162,38
1,108,114,31,38
1,109,114,138,38
1,110,114,163,38
1,111,114,151,38
1,112,114,152,38
1,113,114,22,38
1,114,114,3,38
1,115,114,30,38
1,116,114,19,38
1,117,114,29,38
1,118,114,11,38
1,119,114,48,38
1,120,114,10,38
1,121,114,32,38
1,122,114,21,38
1,123,114,16,38
1,124,114,1,38
1,125,114,28,38
1,126,114,20,38
1,127,114,4,38
1,128,114,13,38
1,129,114,24,38
1,130,114,26,38
1,131,114,51,38
1,132,114,43,38
1,133,114,7,38
1,134,114,27,38
1,135,114,44,38
1,136,114,39,38
1,137,114,40,38
1,138,114,50,38
1,139,114,42,38
1,140,114,17,38
1,141,114,2,38
1,142,114,12,38
1,143,114,41,38
1,144,114,49,38
1,145,114,25,38
1,146,114,47,38
1,147,114,46,38
1,148,114,60,38
1,149,114,53,38
1,150,114,8,38
1,151,114,36,38
1,152,114,23,38
1,153,114,35,38
1,154,114,37,38
1,155,114,57,38
1,156,114,34,38
1,157,114,38,38
1,158,114,61,38
1,159,114,55,38
1,160,114,52,38
1,161,114,33,38
1,162,114,56,38
1,163,114,45,38
1,164,114,58,38
1,165,114,54,38
17,166,114,59,38
1,1,115,78,35
1,2,115,74,35
1,3,115,76,35
1,4,115,80,35
1,5,115,67,35
1,6,115,69,35
1,7,115,87,35
1,8,115,65,35
1,9,115,118,35
1,10,115,88,35
1,11,115,85,35
1,12,115,81,35
1,13,115,68,35
1,14,115,63,35
1,15,115,104,35
1,16,115,101,35
1,17,115,86,35
1,18,115,82,35
1,19,115,97,35
1,20,115,115,35
1,21,115,75,35
1,22,115,106,35
1,23,115,100,35
1,24,115,133,35
1,25,115,125,35
1,26,115,66,35
1,27,115,114,35
1,28,115,70,35
1,29,115,73,35
1,30,115,84,35
1,31,115,123,35
1,32,115,119,35
1,33,115,116,35
1,34,115,71,35
1,35,115,64,35
1,36,115,112,35
1,37,115,91,35
1,38,115,128,35
1,39,115,92,35
1,40,115,102,35
1,41,115,129,35
1,42,115,134,35
1,43,115,93,35
1,44,115,107,35
1,45,115,90,35
1,46,115,108,35
1,47,115,130,35
1,48,115,83,35
1,49,115,157,35
1,50,115,113,35
1,51,115,94,35
1,52,115,117,35
1,53,115,72,35
1,54,115,126,35
1,55,115,124,35
1,56,115,103,35
1,57,115,79,35
1,58,115,62,35
1,59,115,105,35
1,60,115,96,35
1,61,115,137,35
1,62,115,95,35
1,63,115,135,35
1,64,115,131,35
1,65,115,153,35
1,66,115,132,35
1,67,115,89,35
1,68,115,127,35
1,69,115,121,35
1,70,115,136,35
1,71,115,146,35
1,72,115,6,35
1,73,115,99,35
1,74,115,147,35
1,75,115,141,35
1,76,115,155,35
1,77,115,143,35
1,78,115,148,35
1,79,115,140,35
1,80,115,139,35
1,81,115,77,35
1,82,115,122,35
1,83,115,120,35
1,84,115,154,35
1,85,115,98,35
1,86,115,166,35
1,87,115,165,35
1,88,115,14,35
1,89,115,110,35
1,90,115,18,35
1,91,115,5,35
1,92,115,158,35
1,93,115,164,35
1,94,115,144,35
1,95,115,111,35
1,96,115,149,35
1,97,115,160,35
1,98,115,145,35
1,99,115,15,35
1,100,115,161,35
1,101,115,156,35
1,102,115,9,35
1,103,115,142,35
1,104,115,159,35
1,105,115,109,35
1,106,115,150,35
1,107,115,162,35
1,108,115,31,35
1,109,115,138,35
1,110,115,163,35
1,111,115,151,35
1,112,115,152,35
1,113,115,22,35
1,114,115,3,35
1,115,115,30,35
1,116,115,19,35
1,117,115,29,35
1,118,115,11,35
1,119,115,48,35
1,120,115,10,35
1,121,115,32,35
1,122,115,21,35
1,123,115,16,35
1,124,115,1,35
1,125,115,28,35
1,126,115,20,35
1,127,115,4,35
1,128,115,13,35
1,129,115,24,35
1,130,115,26,35
1,131,115,51,35
1,132,115,43,35
1,133,115,7,35
1,134,115,27,35
1,135,115,44,35
1,136,115,39,35
1,137,115,40,35
1,138,115,50,35
1,139,115,42,35
1,140,115,17,35
1,141,115,2,35
1,142,115,12,35
1,143,115,41,35
1,144,115,49,35
1,145,115,25,35
1,146,115,47,35
1,147,115,46,35
1,148,115,60,35
1,149,115,53,35
1,150,115,8,35
1,151,115,36,35
1,152,115,23,35
1,153,115,35,35
1,154,115,37,35
1,155,115,57,35
1,156,115,34,35
1,157,115,38,35
1,158,115,61,35
1,159,115,55,35
1,160,115,52,35
1,161,115,33,35
1,162,115,56,35
1,163,115,45,35
1,164,115,58,35
1,165,115,54,35
17,166,115,59,35
1,1,116,78,134
1,2,116,74,134
1,3,116,76,134
1,4,116,80,134
1,5,116,67,134
1,6,116,69,134
1,7,116,87,134
1,8,116,65,134
1,9,116,118,134
1,10,116,88,134
1,11,116,85,134
1,12,116,81,134
1,13,116,68,134
1,14,116,63,134
1,15,116,104,134
1,16,116,101,134
1,17,116,86,134
1,18,116,82,134
1,19,116,97,134
1,20,116,115,134
1,21,116,75,134
1,22,116,106,134
1,23,116,100,134
1,24,116,133,134
1,25,116,125,134
1,26,116,66,134
1,27,116,114,134
1,28,116,70,134
1,29,116,73,134
1,30,116,84,134
1,31,116,123,134
1,32,116,119,134
1,33,116,116,134
1,34,116,71,134
1,35,116,64,134
1,36,116,112,134
1,37,116,91,134
1,38,116,128,134
1,39,116,92,134
1,40,116,102,134
1,41,116,129,134
1,42,116,134,134
1,43,116,93,134
1,44,116,107,134
1,45,116,90,134
1,46,116,108,134
1,47,116,130,134
1,48,116,83,134
1,49,116,157,134
1,50,116,113,134
1,51,116,94,134
1,52,116,117,134
1,53,116,72,134
1,54,116,126,134
1,55,116,124,134
1,56,116,103,134
1,57,116,79,134
1,58,116,62,134
1,59,116,105,134
1,60,116,96,134
1,61,116,137,134
1,62,116,95,134
1,63,116,135,134
1,64,116,131,134
1,65,116,153,134
1,66,116,132,134
1,67,116,89,134
1,68,116,127,134
1,69,116,121,134
1,70,116,136,134
1,71,116,146,134
1,72,116,6,134
1,73,116,99,134
1,74,116,147,134
1,75,116,141,134
1,76,116,155,134
1,77,116,143,134
1,78,116,148,134
1,79,116,140,134
1,80,116,139,134
1,81,116,77,134
1,82,116,122,134
1,83,116,120,134
1,84,116,154,134
1,85,116,98,134
1,86,116,166,134
1,87,116,165,134
1,88,116,14,134
1,89,116,110,134
1,90,116,18,134
1,91,116,5,134
1,92,116,158,134
1,93,116,164,134
1,94,116,144,134
1,95,116,111,134
1,96,116,149,134
1,97,116,160,134
1,98,116,145,134
1,99,116,15,134
1,100,116,161,134
1,101,116,156,134
1,102,116,9,134
1,103,116,142,134
1,104,116,159,134
1,105,116,109,134
1,106,116,150,134
1,107,116,162,134
1,108,116,31,134
1,109,116,138,134
1,110,116,163,134
1,111,116,151,134
1,112,116,152,134
1,113,116,22,134
1,114,116,3,134
1,115,116,30,134
1,116,116,19,134
1,117,116,29,134
1,118,116,11,134
1,119,116,48,134
1,120,116,10,134
1,121,116,32,134
1,122,116,21,134
1,123,116,16,134
1,124,116,1,134
1,125,116,28,134
1,126,116,20,134
1,127,116,4,134
1,128,116,13,134
1,129,116,24,134
1,130,116,26,134
1,131,116,51,134
1,132,116,43,134
1,133,116,7,134
1,134,116,27,134
1,135,116,44,134
1,136,116,39,134
1,137,116,40,134
1,138,116,50,134
1,139,116,42,134
1,140,116,17,134
1,141,116,2,134
1,142,116,12,134
1,143,116,41,134
1,144,116,49,134
1,145,116,25,134
1,146,116,47,134
1,147,116,46,134
1,148,116,60,134
1,149,116,53,134
1,150,116,8,134
1,151,116,36,134
1,152,116,23,134
1,153,116,35,134
1,154,116,37,134
1,155,116,57,134
1,156,116,34,134
1,157,116,38,134
1,158,116,61,134
1,159,116,55,134
1,160,116,52,134
1,161,116,33,134
1,162,116,56,134
1,163,116,45,134
1,164,116,58,134
1,165,116,54,134
17,166,116,59,134
1,1,117,78,28
1,2,117,74,28
1,3,117,76,28
1,4,117,80,28
1,5,117,67,28
1,6,117,69,28
1,7,117,87,28
1,8,117,65,28
1,9,117,118,28
1,10,117,88,28
1,11,117,85,28
1,12,117,81,28
1,13,117,68,28
1,14,117,63,28
1,15,117,104,28
1,16,117,101,28
1,17,117,86,28
1,18,117,82,28
1,19,117,97,28
1,20,117,115,28
1,21,117,75,28
1,22,117,106,28
1,23,117,100,28
1,24,117,133,28
1,25,117,125,28
1,26,117,66,28
1,27,117,114,28
1,28,117,70,28
1,29,117,73,28
1,30,117,84,28
1,31,117,123,28
1,32,117,119,28
1,33,117,116,28
1,34,117,71,28
1,35,117,64,28
1,36,117,112,28
1,37,117,91,28
1,38,117,128,28
1,39,117,92,28
1,40,117,102,28
1,41,117,129,28
1,42,117,134,28
1,43,117,93,28
1,44,117,107,28
1,45,117,90,28
1,46,117,108,28
1,47,117,130,28
1,48,117,83,28
1,49,117,157,28
1,50,117,113,28
1,51,117,94,28
1,52,117,117,28
1,53,117,72,28
1,54,117,126,28
1,55,117,124,28
1,56,117,103,28
1,57,117,79,28
1,58,117,62,28
1,59,117,105,28
1,60,117,96,28
1,61,117,137,28
1,62,117,95,28
1,63,117,135,28
1,64,117,131,28
1,65,117,153,28
1,66,117,132,28
1,67,117,89,28
1,68,117,127,28
1,69,117,121,28
1,70,117,136,28
1,71,117,146,28
1,72,117,6,28
1,73,117,99,28
1,74,117,147,28
1,75,117,141,28
1,76,117,155,28
1,77,117,143,28
1,78,117,148,28
1,79,117,140,28
1,80,117,139,28
1,81,117,77,28
1,82,117,122,28
1,83,117,120,28
1,84,117,154,28
1,85,117,98,28
1,86,117,166,28
1,87,117,165,28
1,88,117,14,28
1,89,117,110,28
1,90,117,18,28
1,91,117,5,28
1,92,117,158,28
1,93,117,164,28
1,94,117,144,28
1,95,117,111,28
1,96,117,149,28
1,97,117,160,28
1,98,117,145,28
1,99,117,15,28
1,100,117,161,28
1,101,117,156,28
1,102,117,9,28
1,103,117,142,28
1,104,117,159,28
1,105,117,109,28
1,106,117,150,28
1,107,117,162,28
1,108,117,31,28
1,109,117,138,28
1,110,117,163,28
1,111,117,151,28
1,112,117,152,28
1,113,117,22,28
1,114,117,3,28
1,115,117,30,28
1,116,117,19,28
1,117,117,29,28
1,118,117,11,28
1,119,117,48,28
1,120,117,10,28
1,121,117,32,28
1,122,117,21,28
1,123,117,16,28
1,124,117,1,28
1,125,117,28,28
1,126,117,20,28
1,127,117,4,28
1,128,117,13,28
1,129,117,24,28
1,130,117,26,28
1,131,117,51,28
1,132,117,43,28
1,133,117,7,28
1,134,117,27,28
1,135,117,44,28
1,136,117,39,28
1,137,117,40,28
1,138,117,50,28
1,139,117,42,28
1,140,117,17,28
1,141,117,2,28
1,142,117,12,28
1,143,117,41,28
1,144,117,49,28
1,145,117,25,28
1,146,117,47,28
1,147,117,46,28
1,148,117,60,28
1,149,117,53,28
1,150,117,8,28
1,151,117,36,28
1,152,117,23,28
1,153,117,35,28
1,154,117,37,28
1,155,117,57,28
1,156,117,34,28
1,157,117,38,28
1,158,117,61,28
1,159,117,55,28
1,160,117,52,28
1,161,117,33,28
1,162,117,56,28
1,163,117,45,28
1,164,117,58,28
1,165,117,54,28
17,166,117,59,28
1,1,118,78,61
1,2,118,74,61
1,3,118,76,61
1,4,118,80,61
1,5,118,67,61
1,6,118,69,61
1,7,118,87,61
1,8,118,65,61
1,9,118,118,61
1,10,118,88,61
1,11,118,85,61
1,12,118,81,61
1,13,118,68,61
1,14,118,63,61
1,15,118,104,61
1,16,118,101,61
1,17,118,86,61
1,18,118,82,61
1,19,118,97,61
1,20,118,115,61
1,21,118,75,61
1,22,118,106,61
1,23,118,100,61
1,24,118,133,61
1,25,118,125,61
1,26,118,66,61
1,27,118,114,61
1,28,118,70,61
1,29,118,73,61
1,30,118,84,61
1,31,118,123,61
1,32,118,119,61
1,33,118,116,61
1,34,118,71,61
1,35,118,64,61
1,36,118,112,61
1,37,118,91,61
1,38,118,128,61
1,39,118,92,61
1,40,118,102,61
1,41,118,129,61
1,42,118,134,61
1,43,118,93,61
1,44,118,107,61
1,45,118,90,61
1,46,118,108,61
1,47,118,130,61
1,48,118,83,61
1,49,118,157,61
1,50,118,113,61
1,51,118,94,61
1,52,118,117,61
1,53,118,72,61
1,54,118,126,61
1,55,118,124,61
1,56,118,103,61
1,57,118,79,61
1,58,118,62,61
1,59,118,105,61
1,60,118,96,61
1,61,118,137,61
1,62,118,95,61
1,63,118,135,61
1,64,118,131,61
1,65,118,153,61
1,66,118,132,61
1,67,118,89,61
1,68,118,127,61
1,69,118,121,61
1,70,118,136,61
1,71,118,146,61
1,72,118,6,61
1,73,118,99,61
1,74,118,147,61
1,75,118,141,61
1,76,118,155,61
1,77,118,143,61
1,78,118,148,61
1,79,118,140,61
1,80,118,139,61
1,81,118,77,61
1,82,118,122,61
1,83,118,120,61
1,84,118,154,61
1,85,118,98,61
1,86,118,166,61
1,87,118,165,61
1,88,118,14,61
1,89,118,110,61
1,90,118,18,61
1,91,118,5,61
1,92,118,158,61
1,93,118,164,61
1,94,118,144,61
1,95,118,111,61
1,96,118,149,61
1,97,118,160,61
1,98,118,145,61
1,99,118,15,61
1,100,118,161,61
1,101,118,156,61
1,102,118,9,61
1,103,118,142,61
1,104,118,159,61
1,105,118,109,61
1,106,118,150,61
1,107,118,162,61
1,108,118,31,61
1,109,118,138,61
1,110,118,163,61
1,111,118,151,61
1,112,118,152,61
1,113,118,22,61
1,114,118,3,61
1,115,118,30,61
1,116,118,19,61
1,117,118,29,61
1,118,118,11,61
1,119,118,48,61
1,120,118,10,61
1,121,118,32,61
1,122,118,21,61
1,123,118,16,61
1,124,118,1,61
1,125,118,28,61
1,126,118,20,61
1,127,118,4,61
1,128,118,13,61
1,129,118,24,61
1,130,118,26,61
1,131,118,51,61
1,132,118,43,61
1,133,118,7,61
1,134,118,27,61
1,135,118,44,61
1,136,118,39,61
1,137,118,40,61
1,138,118,50,61
1,139,118,42,61
1,140,118,17,61
1,141,118,2,61
1,142,118,12,61
1,143,118,41,61
1,144,118,49,61
1,145,118,25,61
1,146,118,47,61
1,147,118,46,61
1,148,118,60,61
1,149,118,53,61
1,150,118,8,61
1,151,118,36,61
1,152,118,23,61
1,153,118,35,61
1,154,118,37,61
1,155,118,57,61
1,156,118,34,61
1,157,118,38,61
1,158,118,61,61
1,159,118,55,61
1,160,118,52,61
1,161,118,33,61
1,162,118,56,61
1,163,118,45,61
1,164,118,58,61
1,165,118,54,61
17,166,118,59,61
1,1,119,78,97
1,2,119,74,97
1,3,119,76,97
1,4,119,80,97
1,5,119,67,97
1,6,119,69,97
1,7,119,87,97
1,8,119,65,97
1,9,119,118,97
1,10,119,88,97
1,11,119,85,97
1,12,119,81,97
1,13,119,68,97
1,14,119,63,97
1,15,119,104,97
1,16,119,101,97
1,17,119,86,97
1,18,119,82,97
1,19,119,97,97
1,20,119,115,97
1,21,119,75,97
1,22,119,106,97
1,23,119,100,97
1,24,119,133,97
1,25,119,125,97
1,26,119,66,97
1,27,119,114,97
1,28,119,70,97
1,29,119,73,97
1,30,119,84,97
1,31,119,123,97
1,32,119,119,97
1,33,119,116,97
1,34,119,71,97
1,35,119,64,97
1,36,119,112,97
1,37,119,91,97
1,38,119,128,97
1,39,119,92,97
1,40,119,102,97
1,41,119,129,97
1,42,119,134,97
1,43,119,93,97
1,44,119,107,97
1,45,119,90,97
1,46,119,108,97
1,47,119,130,97
1,48,119,83,97
1,49,119,157,97
1,50,119,113,97
1,51,119,94,97
1,52,119,117,97
1,53,119,72,97
1,54,119,126,97
1,55,119,124,97
1,56,119,103,97
1,57,119,79,97
1,58,119,62,97
1,59,119,105,97
1,60,119,96,97
1,61,119,137,97
1,62,119,95,97
1,63,119,135,97
1,64,119,131,97
1,65,119,153,97
1,66,119,132,97
1,67,119,89,97
1,68,119,127,97
1,69,119,121,97
1,70,119,136,97
1,71,119,146,97
1,72,119,6,97
1,73,119,99,97
1,74,119,147,97
1,75,119,141,97
1,76,119,155,97
1,77,119,143,97
1,78,119,148,97
1,79,119,140,97
1,80,119,139,97
1,81,119,77,97
1,82,119,122,97
1,83,119,120,97
1,84,119,154,97
1,85,119,98,97
1,86,119,166,97
1,87,119,165,97
1,88,119,14,97
1,89,119,110,97
1,90,119,18,97
1,91,119,5,97
1,92,119,158,97
1,93,119,164,97
1,94,119,144,97
1,95,119,111,97
1,96,119,149,97
1,97,119,160,97
1,98,119,145,97
1,99,119,15,97
1,100,119,161,97
1,101,119,156,97
1,102,119,9,97
1,103,119,142,97
1,104,119,159,97
1,105,119,109,97
1,106,119,150,97
1,107,119,162,97
1,108,119,31,97
1,109,119,138,97
1,110,119,163,97
1,111,119,151,97
1,112,119,152,97
1,113,119,22,97
1,114,119,3,97
1,115,119,30,97
1,116,119,19,97
1,117,119,29,97
1,118,119,11,97
1,119,119,48,97
1,120,119,10,97
1,121,119,32,97
1,122,119,21,97
1,123,119,16,97
1,124,119,1,97
1,125,119,28,97
1,126,119,20,97
1,127,119,4,97
1,128,119,13,97
1,129,119,24,97
1,130,119,26,97
1,131,119,51,97
1,132,119,43,97
1,133,119,7,97
1,134,119,27,97
1,135,119,44,97
1,136,119,39,97
1,137,119,40,97
1,138,119,50,97
1,139,119,42,97
1,140,119,17,97
1,141,119,2,97
1,142,119,12,97
1,143,119,41,97
1,144,119,49,97
1,145,119,25,97
1,146,119,47,97
1,147,119,46,97
1,148,119,60,97
1,149,119,53,97
1,150,119,8,97
1,151,119,36,97
1,152,119,23,97
1,153,119,35,97
1,154,119,37,97
1,155,119,57,97
1,156,119,34,97
1,157,119,38,97
1,158,119,61,97
1,159,119,55,97
1,160,119,52,97
1,161,119,33,97
1,162,119,56,97
1,163,119,45,97
1,164,119,58,97
1,165,119,54,97
17,166,119,59,97
1,1,120,78,75
1,2,120,74,75
1,3,120,76,75
1,4,120,80,75
1,5,120,67,75
1,6,120,69,75
1,7,120,87,75
1,8,120,65,75
1,9,120,118,75
1,10,120,88,75
1,11,120,85,75
1,12,120,81,75
1,13,120,68,75
1,14,120,63,75
1,15,120,104,75
1,16,120,101,75
1,17,120,86,75
1,18,120,82,75
1,19,120,97,75
1,20,120,115,75
1,21,120,75,75
1,22,120,106,75
1,23,120,100,75
1,24,120,133,75
1,25,120,125,75
1,26,120,66,75
1,27,120,114,75
1,28,120,70,75
1,29,120,73,75
1,30,120,84,75
1,31,120,123,75
1,32,120,119,75
1,33,120,116,75
1,34,120,71,75
1,35,120,64,75
1,36,120,112,75
1,37,120,91,75
1,38,120,128,75
1,39,120,92,75
1,40,120,102,75
1,41,120,129,75
1,42,120,134,75
1,43,120,93,75
1,44,120,107,75
1,45,120,90,75
1,46,120,108,75
1,47,120,130,75
1,48,120,83,75
1,49,120,157,75
1,50,120,113,75
1,51,120,94,75
1,52,120,117,75
1,53,120,72,75
1,54,120,126,75
1,55,120,124,75
1,56,120,103,75
1,57,120,79,75
1,58,120,62,75
1,59,120,105,75
1,60,120,96,75
1,61,120,137,75
1,62,120,95,75
1,63,120,135,75
1,64,120,131,75
1,65,120,153,75
1,66,120,132,75
1,67,120,89,75
1,68,120,127,75
1,69,120,121,75
1,70,120,136,75
1,71,120,146,75
1,72,120,6,75
1,73,120,99,75
1,74,120,147,75
1,75,120,141,75
1,76,120,155,75
1,77,120,143,75
1,78,120,148,75
1,79,120,140,75
1,80,120,139,75
1,81,120,77,75
1,82,120,122,75
1,83,120,120,75
1,84,120,154,75
1,85,120,98,75
1,86,120,166,75
1,87,120,165,75
1,88,120,14,75
1,89,120,110,75
1,90,120,18,75
1,91,120,5,75
1,92,120,158,75
1,93,120,164,75
1,94,120,144,75
1,95,120,111,75
1,96,120,149,75
1,97,120,160,75
1,98,120,145,75
1,99,120,15,75
1,100,120,161,75
1,101,120,156,75
1,102,120,9,75
1,103,120,142,75
1,104,120,159,75
1,105,120,109,75
1,106,120,150,75
1,107,120,162,75
1,108,120,31,75
1,109,120,138,75
1,110,120,163,75
1,111,120,151,75
1,112,120,152,75
1,113,120,22,75
1,114,120,3,75
1,115,120,30,75
1,116,120,19,75
1,117,120,29,75
1,118,120,11,75
1,119,120,48,75
1,120,120,10,75
1,121,120,32,75
1,122,120,21,75
1,123,120,16,75
1,124,120,1,75
1,125,120,28,75
1,126,120,20,75
1,127,120,4,75
1,128,120,13,75
1,129,120,24,75
1,130,120,26,75
1,131,120,51,75
1,132,120,43,75
1,133,120,7,75
1,134,120,27,75
1,135,120,44,75
1,136,120,39,75
1,137,120,40,75
1,138,120,50,75
1,139,120,42,75
1,140,120,17,75
1,141,120,2,75
1,142,120,12,75
1,143,120,41,75
1,144,120,49,75
1,145,120,25,75
1,146,120,47,75
1,147,120,46,75
1,148,120,60,75
1,149,120,53,75
1,150,120,8,75
1,151,120,36,75
1,152,120,23,75
1,153,120,35,75
1,154,120,37,75
1,155,120,57,75
1,156,120,34,75
1,157,120,38,75
1,158,120,61,75
1,159,120,55,75
1,160,120,52,75
1,161,120,33,75
1,162,120,56,75
1,163,120,45,75
1,164,120,58,75
1,165,120,54,75
17,166,120,59,75
1,1,121,78,148
1,2,121,74,148
1,3,121,76,148
1,4,121,80,148
1,5,121,67,148
1,6,121,69,148
1,7,121,87,148
1,8,121,65,148
1,9,121,118,148
1,10,121,88,148
1,11,121,85,148
1,12,121,81,148
1,13,121,68,148
1,14,121,63,148
1,15,121,104,148
1,16,121,101,148
1,17,121,86,148
1,18,121,82,148
1,19,121,97,148
1,20,121,115,148
1,21,121,75,148
1,22,121,106,148
1,23,121,100,148
1,24,121,133,148
1,25,121,125,148
1,26,121,66,148
1,27,121,114,148
1,28,121,70,148
1,29,121,73,148
1,30,121,84,148
1,31,121,123,148
1,32,121,119,148
1,33,121,116,148
1,34,121,71,148
1,35,121,64,148
1,36,121,112,148
1,37,121,91,148
1,38,121,128,148
1,39,121,92,148
1,40,121,102,148
1,41,121,129,148
1,42,121,134,148
1,43,121,93,148
1,44,121,107,148
1,45,121,90,148
1,46,121,108,148
1,47,121,130,148
1,48,121,83,148
1,49,121,157,148
1,50,121,113,148
1,51,121,94,148
1,52,121,117,148
1,53,121,72,148
1,54,121,126,148
1,55,121,124,148
1,56,121,103,148
1,57,121,79,148
1,58,121,62,148
1,59,121,105,148
1,60,121,96,148
1,61,121,137,148
1,62,121,95,148
1,63,121,135,148
1,64,121,131,148
1,65,121,153,148
1,66,121,132,148
1,67,121,89,148
1,68,121,127,148
1,69,121,121,148
1,70,121,136,148
1,71,121,146,148
1,72,121,6,148
1,73,121,99,148
1,74,121,147,148
1,75,121,141,148
1,76,121,155,148
1,77,121,143,148
1,78,121,148,148
1,79,121,140,148
1,80,121,139,148
1,81,121,77,148
1,82,121,122,148
1,83,121,120,148
1,84,121,154,148
1,85,121,98,148
1,86,121,166,148
1,87,121,165,148
1,88,121,14,148
1,89,121,110,148
1,90,121,18,148
1,91,121,5,148
1,92,121,158,148
1,93,121,164,148
1,94,121,144,148
1,95,121,111,148
1,96,121,149,148
1,97,121,160,148
1,98,121,145,148
1,99,121,15,148
1,100,121,161,148
1,101,121,156,148
1,102,121,9,148
1,103,121,142,148
1,104,121,159,148
1,105,121,109,148
1,106,121,150,148
1,107,121,162,148
1,108,121,31,148
1,109,121,138,148
1,110,121,163,148
1,111,121,151,148
1,112,121,152,148
1,113,121,22,148
1,114,121,3,148
1,115,121,30,148
1,116,121,19,148
1,117,121,29,148
1,118,121,11,148
1,119,121,48,148
1,120,121,10,148
1,121,121,32,148
1,122,121,21,148
1,123,121,16,148
1,124,121,1,148
1,125,121,28,148
1,126,121,20,148
1,127,121,4,148
1,128,121,13,148
1,129,121,24,148
1,130,121,26,148
1,131,121,51,148
1,132,121,43,148
1,133,121,7,148
1,134,121,27,148
1,135,121,44,148
1,136,121,39,148
1,137,121,40,148
1,138,121,50,148
1,139,121,42,148
1,140,121,17,148
1,141,121,2,148
1,142,121,12,148
1,143,121,41,148
1,144,121,49,148
1,145,121,25,148
1,146,121,47,148
1,147,121,46,148
1,148,121,60,148
1,149,121,53,148
1,150,121,8,148
1,151,121,36,148
1,152,121,23,148
1,153,121,35,148
1,154,121,37,148
1,155,121,57,148
1,156,121,34,148
1,157,121,38,148
1,158,121,61,148
1,159,121,55,148
1,160,121,52,148
1,161,121,33,148
1,162,121,56,148
1,163,121,45,148
1,164,121,58,148
1,165,121,54,148
17,166,121,59,148
1,1,122,78,149
1,2,122,74,149
1,3,122,76,149
1,4,122,80,149
1,5,122,67,149
1,6,122,69,149
1,7,122,87,149
1,8,122,65,149
1,9,122,118,149
1,10,122,88,149
1,11,122,85,149
1,12,122,81,149
1,13,122,68,149
1,14,122,63,149
1,15,122,104,149
1,16,122,101,149
1,17,122,86,149
1,18,122,82,149
1,19,122,97,149
1,20,122,115,149
1,21,122,75,149
1,22,122,106,149
1,23,122,100,149
1,24,122,133,149
1,25,122,125,149
1,26,122,66,149
1,27,122,114,149
1,28,122,70,149
1,29,122,73,149
1,30,122,84,149
1,31,122,123,149
1,32,122,119,149
1,33,122,116,149
1,34,122,71,149
1,35,122,64,149
1,36,122,112,149
1,37,122,91,149
1,38,122,128,149
1,39,122,92,149
1,40,122,102,149
1,41,122,129,149
1,42,122,134,149
1,43,122,93,149
1,44,122,107,149
1,45,122,90,149
1,46,122,108,149
1,47,122,130,149
1,48,122,83,149
1,49,122,157,149
1,50,122,113,149
1,51,122,94,149
1,52,122,117,149
1,53,122,72,149
1,54,122,126,149
1,55,122,124,149
1,56,122,103,149
1,57,122,79,149
1,58,122,62,149
1,59,122,105,149
1,60,122,96,149
1,61,122,137,149
1,62,122,95,149
1,63,122,135,149
1,64,122,131,149
1,65,122,153,149
1,66,122,132,149
1,67,122,89,149
1,68,122,127,149
1,69,122,121,149
1,70,122,136,149
1,71,122,146,149
1,72,122,6,149
1,73,122,99,149
1,74,122,147,149
1,75,122,141,149
1,76,122,155,149
1,77,122,143,149
1,78,122,148,149
1,79,122,140,149
1,80,122,139,149
1,81,122,77,149
1,82,122,122,149
1,83,122,120,149
1,84,122,154,149
1,85,122,98,149
1,86,122,166,149
1,87,122,165,149
1,88,122,14,149
1,89,122,110,149
1,90,122,18,149
1,91,122,5,149
1,92,122,158,149
1,93,122,164,149
1,94,122,144,149
1,95,122,111,149
1,96,122,149,149
1,97,122,160,149
1,98,122,145,149
1,99,122,15,149
1,100,122,161,149
1,101,122,156,149
1,102,122,9,149
1,103,122,142,149
1,104,122,159,149
1,105,122,109,149
1,106,122,150,149
1,107,122,162,149
1,108,122,31,149
1,109,122,138,149
1,110,122,163,149
1,111,122,151,149
1,112,122,152,149
1,113,122,22,149
1,114,122,3,149
1,115,122,30,149
1,116,122,19,149
1,117,122,29,149
1,118,122,11,149
1,119,122,48,149
1,120,122,10,149
1,121,122,32,149
1,122,122,21,149
1,123,122,16,149
1,124,122,1,149
1,125,122,28,149
1,126,122,20,149
1,127,122,4,149
1,128,122,13,149
1,129,122,24,149
1,130,122,26,149
1,131,122,51,149
1,132,122,43,149
1,133,122,7,149
1,134,122,27,149
1,135,122,44,149
1,136,122,39,149
1,137,122,40,149
1,138,122,50,149
1,139,122,42,149
1,140,122,17,149
1,141,122,2,149
1,142,122,12,149
1,143,122,41,149
1,144,122,49,149
1,145,122,25,149
1,146,122,47,149
1,147,122,46,149
1,148,122,60,149
1,149,122,53,149
1,150,122,8,149
1,151,122,36,149
1,152,122,23,149
1,153,122,35,149
1,154,122,37,149
1,155,122,57,149
1,156,122,34,149
1,157,122,38,149
1,158,122,61,149
1,159,122,55,149
1,160,122,52,149
1,161,122,33,149
1,162,122,56,149
1,163,122,45,149
1,164,122,58,149
1,165,122,54,149
17,166,122,59,149
1,1,123,78,76
1,2,123,74,76
1,3,123,76,76
1,4,123,80,76
1,5,123,67,76
1,6,123,69,76
1,7,123,87,76
1,8,123,65,76
1,9,123,118,76
1,10,123,88,76
1,11,123,85,76
1,12,123,81,76
1,13,123,68,76
1,14,123,63,76
1,15,123,104,76
1,16,123,101,76
1,17,123,86,76
1,18,123,82,76
1,19,123,97,76
1,20,123,115,76
1,21,123,75,76
1,22,123,106,76
1,23,123,100,76
1,24,123,133,76
1,25,123,125,76
1,26,123,66,76
1,27,123,114,76
1,28,123,70,76
1,29,123,73,76
1,30,123,84,76
1,31,123,123,76
1,32,123,119,76
1,33,123,116,76
1,34,123,71,76
1,35,123,64,76
1,36,123,112,76
1,37,123,91,76
1,38,123,128,76
1,39,123,92,76
1,40,123,102,76
1,41,123,129,76
1,42,123,134,76
1,43,123,93,76
1,44,123,107,76
1,45,123,90,76
1,46,123,108,76
1,47,123,130,76
1,48,123,83,76
1,49,123,157,76
1,50,123,113,76
1,51,123,94,76
1,52,123,117,76
1,53,123,72,76
1,54,123,126,76
1,55,123,124,76
1,56,123,103,76
1,57,123,79,76
1,58,123,62,76
1,59,123,105,76
1,60,123,96,76
1,61,123,137,76
1,62,123,95,76
1,63,123,135,76
1,64,123,131,76
1,65,123,153,76
1,66,123,132,76
1,67,123,89,76
1,68,123,127,76
1,69,123,121,76
1,70,123,136,76
1,71,123,146,76
1,72,123,6,76
1,73,123,99,76
1,74,123,147,76
1,75,123,141,76
1,76,123,155,76
1,77,123,143,76
1,78,123,148,76
1,79,123,140,76
1,80,123,139,76
1,81,123,77,76
1,82,123,122,76
1,83,123,120,76
1,84,123,154,76
1,85,123,98,76
1,86,123,166,76
1,87,123,165,76
1,88,123,14,76
1,89,123,110,76
1,90,123,18,76
1,91,123,5,76
1,92,123,158,76
1,93,123,164,76
1,94,123,144,76
1,95,123,111,76
1,96,123,149,76
1,97,123,160,76
1,98,123,145,76
1,99,123,15,76
1,100,123,161,76
1,101,123,156,76
1,102,123,9,76
1,103,123,142,76
1,104,123,159,76
1,105,123,109,76
1,106,123,150,76
1,107,123,162,76
1,108,123,31,76
1,109,123,138,76
1,110,123,163,76
1,111,123,151,76
1,112,123,152,76
1,113,123,22,76
1,114,123,3,76
1,115,123,30,76
1,116,123,19,76
1,117,123,29,76
1,118,123,11,76
1,119,123,48,76
1,120,123,10,76
1,121,123,32,76
1,122,123,21,76
1,123,123,16,76
1,124,123,1,76
1,125,123,28,76
1,126,123,20,76
1,127,123,4,76
1,128,123,13,76
1,129,123,24,76
1,130,123,26,76
1,131,123,51,76
1,132,123,43,76
1,133,123,7,76
1,134,123,27,76
1,135,123,44,76
1,136,123,39,76
1,137,123,40,76
1,138,123,50,76
1,139,123,42,76
1,140,123,17,76
1,141,123,2,76
1,142,123,12,76
1,143,123,41,76
1,144,123,49,76
1,145,123,25,76
1,146,123,47,76
1,147,123,46,76
1,148,123,60,76
1,149,123,53,76
1,150,123,8,76
1,151,123,36,76
1,152,123,23,76
1,153,123,35,76
1,154,123,37,76
1,155,123,57,76
1,156,123,34,76
1,157,123,38,76
1,158,123,61,76
1,159,123,55,76
1,160,123,52,76
1,161,123,33,76
1,162,123,56,76
1,163,123,45,76
1,164,123,58,76
1,165,123,54,76
17,166,123,59,76
1,1,124,78,118
1,2,124,74,118
1,3,124,76,118
1,4,124,80,118
1,5,124,67,118
1,6,124,69,118
1,7,124,87,118
1,8,124,65,118
1,9,124,118,118
1,10,124,88,118
1,11,124,85,118
1,12,124,81,118
1,13,124,68,118
1,14,124,63,118
1,15,124,104,118
1,16,124,101,118
1,17,124,86,118
1,18,124,82,118
1,19,124,97,118
1,20,124,115,118
1,21,124,75,118
1,22,124,106,118
1,23,124,100,118
1,24,124,133,118
1,25,124,125,118
1,26,124,66,118
1,27,124,114,118
1,28,124,70,118
1,29,124,73,118
1,30,124,84,118
1,31,124,123,118
1,32,124,119,118
1,33,124,116,118
1,34,124,71,118
1,35,124,64,118
1,36,124,112,118
1,37,124,91,118
1,38,124,128,118
1,39,124,92,118
1,40,124,102,118
1,41,124,129,118
1,42,124,134,118
1,43,124,93,118
1,44,124,107,118
1,45,124,90,118
1,46,124,108,118
1,47,124,130,118
1,48,124,83,118
1,49,124,157,118
1,50,124,113,118
1,51,124,94,118
1,52,124,117,118
1,53,124,72,118
1,54,124,126,118
1,55,124,124,118
1,56,124,103,118
1,57,124,79,118
1,58,124,62,118
1,59,124,105,118
1,60,124,96,118
1,61,124,137,118
1,62,124,95,118
1,63,124,135,118
1,64,124,131,118
1,65,124,153,118
1,66,124,132,118
1,67,124,89,118
1,68,124,127,118
1,69,124,121,118
1,70,124,136,118
1,71,124,146,118
1,72,124,6,118
1,73,124,99,118
1,74,124,147,118
1,75,124,141,118
1,76,124,155,118
1,77,124,143,118
1,78,124,148,118
1,79,124,140,118
1,80,124,139,118
1,81,124,77,118
1,82,124,122,118
1,83,124,120,118
1,84,124,154,118
1,85,124,98,118
1,86,124,166,118
1,87,124,165,118
1,88,124,14,118
1,89,124,110,118
1,90,124,18,118
1,91,124,5,118
1,92,124,158,118
1,93,124,164,118
1,94,124,144,118
1,95,124,111,118
1,96,124,149,118
1,97,124,160,118
1,98,124,145,118
1,99,124,15,118
1,100,124,161,118
1,101,124,156,118
1,102,124,9,118
1,103,124,142,118
1,104,124,159,118
1,105,124,109,118
1,106,124,150,118
1,107,124,162,118
1,108,124,31,118
1,109,124,138,118
1,110,124,163,118
1,111,124,151,118
1,112,124,152,118
1,113,124,22,118
1,114,124,3,118
1,115,124,30,118
1,116,124,19,118
1,117,124,29,118
1,118,124,11,118
1,119,124,48,118
1,120,124,10,118
1,121,124,32,118
1,122,124,21,118
1,123,124,16,118
1,124,124,1,118
1,125,124,28,118
1,126,124,20,118
1,127,124,4,118
1,128,124,13,118
1,129,124,24,118
1,130,124,26,118
1,131,124,51,118
1,132,124,43,118
1,133,124,7,118
1,134,124,27,118
1,135,124,44,118
1,136,124,39,118
1,137,124,40,118
1,138,124,50,118
1,139,124,42,118
1,140,124,17,118
1,141,124,2,118
1,142,124,12,118
1,143,124,41,118
1,144,124,49,118
1,145,124,25,118
1,146,124,47,118
1,147,124,46,118
1,148,124,60,118
1,149,124,53,118
1,150,124,8,118
1,151,124,36,118
1,152,124,23,118
1,153,124,35,118
1,154,124,37,118
1,155,124,57,118
1,156,124,34,118
1,157,124,38,118
1,158,124,61,118
1,159,124,55,118
1,160,124,52,118
1,161,124,33,118
1,162,124,56,118
1,163,124,45,118
1,164,124,58,118
1,165,124,54,118
17,166,124,59,118
1,1,125,78,133
1,2,125,74,133
1,3,125,76,133
1,4,125,80,133
1,5,125,67,133
1,6,125,69,133
1,7,125,87,133
1,8,125,65,133
1,9,125,118,133
1,10,125,88,133
1,11,125,85,133
1,12,125,81,133
1,13,125,68,133
1,14,125,63,133
1,15,125,104,133
1,16,125,101,133
1,17,125,86,133
1,18,125,82,133
1,19,125,97,133
1,20,125,115,133
1,21,125,75,133
1,22,125,106,133
1,23,125,100,133
1,24,125,133,133
1,25,125,125,133
1,26,125,66,133
1,27,125,114,133
1,28,125,70,133
1,29,125,73,133
1,30,125,84,133
1,31,125,123,133
1,32,125,119,133
1,33,125,116,133
1,34,125,71,133
1,35,125,64,133
1,36,125,112,133
1,37,125,91,133
1,38,125,128,133
1,39,125,92,133
1,40,125,102,133
1,41,125,129,133
1,42,125,134,133
1,43,125,93,133
1,44,125,107,133
1,45,125,90,133
1,46,125,108,133
1,47,125,130,133
1,48,125,83,133
1,49,125,157,133
1,50,125,113,133
1,51,125,94,133
1,52,125,117,133
1,53,125,72,133
1,54,125,126,133
1,55,125,124,133
1,56,125,103,133
1,57,125,79,133
1,58,125,62,133
1,59,125,105,133
1,60,125,96,133
1,61,125,137,133
1,62,125,95,133
1,63,125,135,133
1,64,125,131,133
1,65,125,153,133
1,66,125,132,133
1,67,125,89,133
1,68,125,127,133
1,69,125,121,133
1,70,125,136,133
1,71,125,146,133
1,72,125,6,133
1,73,125,99,133
1,74,125,147,133
1,75,125,141,133
1,76,125,155,133
1,77,125,143,133
1,78,125,148,133
1,79,125,140,133
1,80,125,139,133
1,81,125,77,133
1,82,125,122,133
1,83,125,120,133
1,84,125,154,133
1,85,125,98,133
1,86,125,166,133
1,87,125,165,133
1,88,125,14,133
1,89,125,110,133
1,90,125,18,133
1,91,125,5,133
1,92,125,158,133
1,93,125,164,133
1,94,125,144,133
1,95,125,111,133
1,96,125,149,133
1,97,125,160,133
1,98,125,145,133
1,99,125,15,133
1,100,125,161,133
1,101,125,156,133
1,102,125,9,133
1,103,125,142,133
1,104,125,159,133
1,105,125,109,133
1,106,125,150,133
1,107,125,162,133
1,108,125,31,133
1,109,125,138,133
1,110,125,163,133
1,111,125,151,133
1,112,125,152,133
1,113,125,22,133
1,114,125,3,133
1,115,125,30,133
1,116,125,19,133
1,117,125,29,133
1,118,125,11,133
1,119,125,48,133
1,120,125,10,133
1,121,125,32,133
1,122,125,21,133
1,123,125,16,133
1,124,125,1,133
1,125,125,28,133
1,126,125,20,133
1,127,125,4,133
1,128,125,13,133
1,129,125,24,133
1,130,125,26,133
1,131,125,51,133
1,132,125,43,133
1,133,125,7,133
1,134,125,27,133
1,135,125,44,133
1,136,125,39,133
1,137,125,40,133
1,138,125,50,133
1,139,125,42,133
1,140,125,17,133
1,141,125,2,133
1,142,125,12,133
1,143,125,41,133
1,144,125,49,133
1,145,125,25,133
1,146,125,47,133
1,147,125,46,133
1,148,125,60,133
1,149,125,53,133
1,150,125,8,133
1,151,125,36,133
1,152,125,23,133
1,153,125,35,133
1,154,125,37,133
1,155,125,57,133
1,156,125,34,133
1,157,125,38,133
1,158,125,61,133
1,159,125,55,133
1,160,125,52,133
1,161,125,33,133
1,162,125,56,133
1,163,125,45,133
1,164,125,58,133
1,165,125,54,133
17,166,125,59,133
1,1,126,78,132
1,2,126,74,132
1,3,126,76,132
1,4,126,80,132
1,5,126,67,132
1,6,126,69,132
1,7,126,87,132
1,8,126,65,132
1,9,126,118,132
1,10,126,88,132
1,11,126,85,132
1,12,126,81,132
1,13,126,68,132
1,14,126,63,132
1,15,126,104,132
1,16,126,101,132
1,17,126,86,132
1,18,126,82,132
1,19,126,97,132
1,20,126,115,132
1,21,126,75,132
1,22,126,106,132
1,23,126,100,132
1,24,126,133,132
1,25,126,125,132
1,26,126,66,132
1,27,126,114,132
1,28,126,70,132
1,29,126,73,132
1,30,126,84,132
1,31,126,123,132
1,32,126,119,132
1,33,126,116,132
1,34,126,71,132
1,35,126,64,132
1,36,126,112,132
1,37,126,91,132
1,38,126,128,132
1,39,126,92,132
1,40,126,102,132
1,41,126,129,132
1,42,126,134,132
1,43,126,93,132
1,44,126,107,132
1,45,126,90,132
1,46,126,108,132
1,47,126,130,132
1,48,126,83,132
1,49,126,157,132
1,50,126,113,132
1,51,126,94,132
1,52,126,117,132
1,53,126,72,132
1,54,126,126,132
1,55,126,124,132
1,56,126,103,132
1,57,126,79,132
1,58,126,62,132
1,59,126,105,132
1,60,126,96,132
1,61,126,137,132
1,62,126,95,132
1,63,126,135,132
1,64,126,131,132
1,65,126,153,132
1,66,126,132,132
1,67,126,89,132
1,68,126,127,132
1,69,126,121,132
1,70,126,136,132
1,71,126,146,132
1,72,126,6,132
1,73,126,99,132
1,74,126,147,132
1,75,126,141,132
1,76,126,155,132
1,77,126,143,132
1,78,126,148,132
1,79,126,140,132
1,80,126,139,132
1,81,126,77,132
1,82,126,122,132
1,83,126,120,132
1,84,126,154,132
1,85,126,98,132
1,86,126,166,132
1,87,126,165,132
1,88,126,14,132
1,89,126,110,132
1,90,126,18,132
1,91,126,5,132
1,92,126,158,132
1,93,126,164,132
1,94,126,144,132
1,95,126,111,132
1,96,126,149,132
1,97,126,160,132
1,98,126,145,132
1,99,126,15,132
1,100,126,161,132
1,101,126,156,132
1,102,126,9,132
1,103,126,142,132
1,104,126,159,132
1,105,126,109,132
1,106,126,150,132
1,107,126,162,132
1,108,126,31,132
1,109,126,138,132
1,110,126,163,132
1,111,126,151,132
1,112,126,152,132
1,113,126,22,132
1,114,126,3,132
1,115,126,30,132
1,116,126,19,132
1,117,126,29,132
1,118,126,11,132
1,119,126,48,132
1,120,126,10,132
1,121,126,32,132
1,122,126,21,132
1,123,126,16,132
1,124,126,1,132
1,125,126,28,132
1,126,126,20,132
1,127,126,4,132
1,128,126,13,132
1,129,126,24,132
1,130,126,26,132
1,131,126,51,132
1,132,126,43,132
1,133,126,7,132
1,134,126,27,132
1,135,126,44,132
1,136,126,39,132
1,137,126,40,132
1,138,126,50,132
1,139,126,42,132
1,140,126,17,132
1,141,126,2,132
1,142,126,12,132
1,143,126,41,132
1,144,126,49,132
1,145,126,25,132
1,146,126,47,132
1,147,126,46,132
1,148,126,60,132
1,149,126,53,132
1,150,126,8,132
1,151,126,36,132
1,152,126,23,132
1,153,126,35,132
1,154,126,37,132
1,155,126,57,132
1,156,126,34,132
1,157,126,38,132
1,158,126,61,132
1,159,126,55,132
1,160,126,52,132
1,161,126,33,132
1,162,126,56,132
1,163,126,45,132
1,164,126,58,132
1,165,126,54,132
17,166,126,59,132
1,1,127,78,144
1,2,127,74,144
1,3,127,76,144
1,4,127,80,144
1,5,127,67,144
1,6,127,69,144
1,7,127,87,144
1,8,127,65,144
1,9,127,118,144
1,10,127,88,144
1,11,127,85,144
1,12,127,81,144
1,13,127,68,144
1,14,127,63,144
1,15,127,104,144
1,16,127,101,144
1,17,127,86,144
1,18,127,82,144
1,19,127,97,144
1,20,127,115,144
1,21,127,75,144
1,22,127,106,144
1,23,127,100,144
1,24,127,133,144
1,25,127,125,144
1,26,127,66,144
1,27,127,114,144
1,28,127,70,144
1,29,127,73,144
1,30,127,84,144
1,31,127,123,144
1,32,127,119,144
1,33,127,116,144
1,34,127,71,144
1,35,127,64,144
1,36,127,112,144
1,37,127,91,144
1,38,127,128,144
1,39,127,92,144
1,40,127,102,144
1,41,127,129,144
1,42,127,134,144
1,43,127,93,144
1,44,127,107,144
1,45,127,90,144
1,46,127,108,144
1,47,127,130,144
1,48,127,83,144
1,49,127,157,144
1,50,127,113,144
1,51,127,94,144
1,52,127,117,144
1,53,127,72,144
1,54,127,126,144
1,55,127,124,144
1,56,127,103,144
1,57,127,79,144
1,58,127,62,144
1,59,127,105,144
1,60,127,96,144
1,61,127,137,144
1,62,127,95,144
1,63,127,135,144
1,64,127,131,144
1,65,127,153,144
1,66,127,132,144
1,67,127,89,144
1,68,127,127,144
1,69,127,121,144
1,70,127,136,144
1,71,127,146,144
1,72,127,6,144
1,73,127,99,144
1,74,127,147,144
1,75,127,141,144
1,76,127,155,144
1,77,127,143,144
1,78,127,148,144
1,79,127,140,144
1,80,127,139,144
1,81,127,77,144
1,82,127,122,144
1,83,127,120,144
1,84,127,154,144
1,85,127,98,144
1,86,127,166,144
1,87,127,165,144
1,88,127,14,144
1,89,127,110,144
1,90,127,18,144
1,91,127,5,144
1,92,127,158,144
1,93,127,164,144
1,94,127,144,144
1,95,127,111,144
1,96,127,149,144
1,97,127,160,144
1,98,127,145,144
1,99,127,15,144
1,100,127,161,144
1,101,127,156,144
1,102,127,9,144
1,103,127,142,144
1,104,127,159,144
1,105,127,109,144
1,106,127,150,144
1,107,127,162,144
1,108,127,31,144
1,109,127,138,144
1,110,127,163,144
1,111,127,151,144
1,112,127,152,144
1,113,127,22,144
1,114,127,3,144
1,115,127,30,144
1,116,127,19,144
1,117,127,29,144
1,118,127,11,144
1,119,127,48,144
1,120,127,10,144
1,121,127,32,144
1,122,127,21,144
1,123,127,16,144
15,124,127,1,144
15,125,127,28,144
15,126,127,20,144
15,127,127,4,144
15,128,127,13,144
15,129,127,24,144
15,130,127,26,144
15,131,127,51,144
15,132,127,43,144
15,133,127,7,144
15,134,127,27,144
15,135,127,44,144
15,136,127,39,144
15,137,127,40,144
15,138,127,50,144
16,139,127,42,144
16,140,127,17,144
16,141,127,2,144
16,142,127,12,144
16,143,127,41,144
16,144,127,49,144
16,145,127,25,144
16,146,127,47,144
16,147,127,46,144
16,148,127,60,144
16,149,127,53,144
16,150,127,8,144
16,151,127,36,144
16,152,127,23,144
16,153,127,35,144
16,154,127,37,144
16,155,127,57,144
16,156,127,34,144
16,157,127,38,144
16,158,127,61,144
16,159,127,55,144
16,160,127,52,144
16,161,127,33,144
16,162,127,56,144
16,163,127,45,144
16,164,127,58,144
16,165,127,54,144
17,166,127,59,144
1,1,128,78,39
1,2,128,74,39
1,3,128,76,39
1,4,128,80,39
1,5,128,67,39
1,6,128,69,39
1,7,128,87,39
1,8,128,65,39
1,9,128,118,39
1,10,128,88,39
1,11,128,85,39
1,12,128,81,39
1,13,128,68,39
1,14,128,63,39
1,15,128,104,39
1,16,128,101,39
1,17,128,86,39
1,18,128,82,39
1,19,128,97,39
1,20,128,115,39
1,21,128,75,39
1,22,128,106,39
1,23,128,100,39
1,24,128,133,39
1,25,128,125,39
1,26,128,66,39
1,27,128,114,39
1,28,128,70,39
1,29,128,73,39
1,30,128,84,39
1,31,128,123,39
1,32,128,119,39
1,33,128,116,39
1,34,128,71,39
1,35,128,64,39
1,36,128,112,39
1,37,128,91,39
1,38,128,128,39
1,39,128,92,39
1,40,128,102,39
1,41,128,129,39
1,42,128,134,39
1,43,128,93,39
1,44,128,107,39
1,45,128,90,39
1,46,128,108,39
1,47,128,130,39
1,48,128,83,39
1,49,128,157,39
1,50,128,113,39
1,51,128,94,39
1,52,128,117,39
1,53,128,72,39
1,54,128,126,39
1,55,128,124,39
1,56,128,103,39
1,57,128,79,39
1,58,128,62,39
1,59,128,105,39
1,60,128,96,39
1,61,128,137,39
1,62,128,95,39
1,63,128,135,39
1,64,128,131,39
1,65,128,153,39
1,66,128,132,39
1,67,128,89,39
1,68,128,127,39
1,69,128,121,39
1,70,128,136,39
1,71,128,146,39
1,72,128,6,39
1,73,128,99,39
1,74,128,147,39
1,75,128,141,39
1,76,128,155,39
1,77,128,143,39
1,78,128,148,39
1,79,128,140,39
1,80,128,139,39
1,81,128,77,39
1,82,128,122,39
1,83,128,120,39
1,84,128,154,39
1,85,128,98,39
1,86,128,166,39
1,87,128,165,39
1,88,128,14,39
1,89,128,110,39
1,90,128,18,39
1,91,128,5,39
1,92,128,158,39
1,93,128,164,39
1,94,128,144,39
1,95,128,111,39
1,96,128,149,39
1,97,128,160,39
1,98,128,145,39
1,99,128,15,39
1,100,128,161,39
1,101,128,156,39
1,102,128,9,39
1,103,128,142,39
1,104,128,159,39
1,105,128,109,39
1,106,128,150,39
1,107,128,162,39
1,108,128,31,39
1,109,128,138,39
1,110,128,163,39
1,111,128,151,39
1,112,128,152,39
1,113,128,22,39
1,114,128,3,39
1,115,128,30,39
1,116,128,19,39
1,117,128,29,39
1,118,128,11,39
1,119,128,48,39
1,120,128,10,39
1,121,128,32,39
1,122,128,21,39
1,123,128,16,39
15,124,128,1,39
15,125,128,28,39
15,126,128,20,39
15,127,128,4,39
15,128,128,13,39
15,129,128,24,39
15,130,128,26,39
15,131,128,51,39
15,132,128,43,39
15,133,128,7,39
15,134,128,27,39
15,135,128,44,39
15,136,128,39,39
15,137,128,40,39
15,138,128,50,39
16,139,128,42,39
16,140,128,17,39
16,141,128,2,39
16,142,128,12,39
16,143,128,41,39
16,144,128,49,39
16,145,128,25,39
16,146,128,47,39
16,147,128,46,39
16,148,128,60,39
16,149,128,53,39
16,150,128,8,39
16,151,128,36,39
16,152,128,23,39
16,153,128,35,39
16,154,128,37,39
16,155,128,57,39
16,156,128,34,39
16,157,128,38,39
16,158,128,61,39
16,159,128,55,39
16,160,128,52,39
16,161,128,33,39
16,162,128,56,39
16,163,128,45,39
16,164,128,58,39
16,165,128,54,39
17,166,128,59,39
1,1,129,78,116
1,2,129,74,116
1,3,129,76,116
1,4,129,80,116
1,5,129,67,116
1,6,129,69,116
1,7,129,87,116
1,8,129,65,116
1,9,129,118,116
1,10,129,88,116
1,11,129,85,116
1,12,129,81,116
1,13,129,68,116
1,14,129,63,116
1,15,129,104,116
1,16,129,101,116
1,17,129,86,116
1,18,129,82,116
1,19,129,97,116
1,20,129,115,116
1,21,129,75,116
1,22,129,106,116
1,23,129,100,116
1,24,129,133,116
1,25,129,125,116
1,26,129,66,116
1,27,129,114,116
1,28,129,70,116
1,29,129,73,116
1,30,129,84,116
1,31,129,123,116
1,32,129,119,116
1,33,129,116,116
1,34,129,71,116
1,35,129,64,116
1,36,129,112,116
1,37,129,91,116
1,38,129,128,116
1,39,129,92,116
1,40,129,102,116
1,41,129,129,116
1,42,129,134,116
1,43,129,93,116
1,44,129,107,116
1,45,129,90,116
1,46,129,108,116
1,47,129,130,116
1,48,129,83,116
1,49,129,157,116
1,50,129,113,116
1,51,129,94,116
1,52,129,117,116
1,53,129,72,116
1,54,129,126,116
1,55,129,124,116
1,56,129,103,116
1,57,129,79,116
1,58,129,62,116
1,59,129,105,116
1,60,129,96,116
1,61,129,137,116
1,62,129,95,116
1,63,129,135,116
1,64,129,131,116
1,65,129,153,116
1,66,129,132,116
1,67,129,89,116
1,68,129,127,116
1,69,129,121,116
1,70,129,136,116
1,71,129,146,116
1,72,129,6,116
1,73,129,99,116
1,74,129,147,116
1,75,129,141,116
1,76,129,155,116
1,77,129,143,116
1,78,129,148,116
1,79,129,140,116
1,80,129,139,116
1,81,129,77,116
1,82,129,122,116
1,83,129,120,116
1,84,129,154,116
1,85,129,98,116
1,86,129,166,116
1,87,129,165,116
1,88,129,14,116
1,89,129,110,116
1,90,129,18,116
1,91,129,5,116
1,92,129,158,116
1,93,129,164,116
1,94,129,144,116
1,95,129,111,116
1,96,129,149,116
1,97,129,160,116
1,98,129,145,116
1,99,129,15,116
1,100,129,161,116
1,101,129,156,116
1,102,129,9,116
1,103,129,142,116
1,104,129,159,116
1,105,129,109,116
1,106,129,150,116
1,107,129,162,116
1,108,129,31,116
1,109,129,138,116
1,110,129,163,116
1,111,129,151,116
1,112,129,152,116
1,113,129,22,116
1,114,129,3,116
1,115,129,30,116
1,116,129,19,116
1,117,129,29,116
1,118,129,11,116
1,119,129,48,116
1,120,129,10,116
1,121,129,32,116
1,122,129,21,116
1,123,129,16,116
1,124,129,1,116
1,125,129,28,116
1,126,129,20,116
1,127,129,4,116
1,128,129,13,116
1,129,129,24,116
1,130,129,26,116
1,131,129,51,116
1,132,129,43,116
1,133,129,7,116
1,134,129,27,116
1,135,129,44,116
1,136,129,39,116
1,137,129,40,116
1,138,129,50,116
1,139,129,42,116
1,140,129,17,116
1,141,129,2,116
1,142,129,12,116
1,143,129,41,116
1,144,129,49,116
1,145,129,25,116
1,146,129,47,116
1,147,129,46,116
1,148,129,60,116
1,149,129,53,116
1,150,129,8,116
1,151,129,36,116
1,152,129,23,116
1,153,129,35,116
1,154,129,37,116
1,155,129,57,116
1,156,129,34,116
1,157,129,38,116
1,158,129,61,116
1,159,129,55,116
1,160,129,52,116
1,161,129,33,116
1,162,129,56,116
1,163,129,45,116
1,164,129,58,116
1,165,129,54,116
1,166,129,59,116
1,1,130,78,77
1,2,130,74,77
1,3,130,76,77
1,4,130,80,77
1,5,130,67,77
1,6,130,69,77
1,7,130,87,77
1,8,130,65,77
1,9,130,118,77
1,10,130,88,77
1,11,130,85,77
1,12,130,81,77
1,13,130,68,77
1,14,130,63,77
1,15,130,104,77
1,16,130,101,77
1,17,130,86,77
1,18,130,82,77
1,19,130,97,77
1,20,130,115,77
1,21,130,75,77
1,22,130,106,77
1,23,130,100,77
1,24,130,133,77
1,25,130,125,77
1,26,130,66,77
1,27,130,114,77
1,28,130,70,77
1,29,130,73,77
1,30,130,84,77
1,31,130,123,77
1,32,130,119,77
1,33,130,116,77
1,34,130,71,77
1,35,130,64,77
1,36,130,112,77
1,37,130,91,77
1,38,130,128,77
1,39,130,92,77
1,40,130,102,77
1,41,130,129,77
1,42,130,134,77
1,43,130,93,77
1,44,130,107,77
1,45,130,90,77
1,46,130,108,77
1,47,130,130,77
1,48,130,83,77
1,49,130,157,77
1,50,130,113,77
1,51,130,94,77
1,52,130,117,77
1,53,130,72,77
1,54,130,126,77
1,55,130,124,77
1,56,130,103,77
1,57,130,79,77
1,58,130,62,77
1,59,130,105,77
1,60,130,96,77
1,61,130,137,77
1,62,130,95,77
1,63,130,135,77
1,64,130,131,77
1,65,130,153,77
1,66,130,132,77
1,67,130,89,77
1,68,130,127,77
1,69,130,121,77
1,70,130,136,77
1,71,130,146,77
1,72,130,6,77
1,73,130,99,77
1,74,130,147,77
1,75,130,141,77
1,76,130,155,77
1,77,130,143,77
1,78,130,148,77
1,79,130,140,77
1,80,130,139,77
1,81,130,77,77
1,82,130,122,77
1,83,130,120,77
1,84,130,154,77
1,85,130,98,77
1,86,130,166,77
1,87,130,165,77
1,88,130,14,77
1,89,130,110,77
1,90,130,18,77
1,91,130,5,77
1,92,130,158,77
1,93,130,164,77
1,94,130,144,77
1,95,130,111,77
1,96,130,149,77
1,97,130,160,77
1,98,130,145,77
1,99,130,15,77
1,100,130,161,77
1,101,130,156,77
1,102,130,9,77
1,103,130,142,77
1,104,130,159,77
1,105,130,109,77
1,106,130,150,77
1,107,130,162,77
1,108,130,31,77
1,109,130,138,77
1,110,130,163,77
1,111,130,151,77
1,112,130,152,77
1,113,130,22,77
1,114,130,3,77
1,115,130,30,77
1,116,130,19,77
1,117,130,29,77
1,118,130,11,77
1,119,130,48,77
1,120,130,10,77
1,121,130,32,77
1,122,130,21,77
1,123,130,16,77
1,124,130,1,77
1,125,130,28,77
1,126,130,20,77
1,127,130,4,77
1,128,130,13,77
1,129,130,24,77
1,130,130,26,77
1,131,130,51,77
1,132,130,43,77
1,133,130,7,77
1,134,130,27,77
1,135,130,44,77
1,136,130,39,77
1,137,130,40,77
1,138,130,50,77
1,139,130,42,77
1,140,130,17,77
1,141,130,2,77
1,142,130,12,77
1,143,130,41,77
1,144,130,49,77
1,145,130,25,77
1,146,130,47,77
1,147,130,46,77
1,148,130,60,77
1,149,130,53,77
1,150,130,8,77
1,151,130,36,77
1,152,130,23,77
1,153,130,35,77
1,154,130,37,77
1,155,130,57,77
1,156,130,34,77
1,157,130,38,77
1,158,130,61,77
1,159,130,55,77
1,160,130,52,77
1,161,130,33,77
1,162,130,56,77
1,163,130,45,77
1,164,130,58,77
1,165,130,54,77
1,166,130,59,77
1,1,131,78,71
1,2,131,74,71
1,3,131,76,71
1,4,131,80,71
1,5,131,67,71
1,6,131,69,71
1,7,131,87,71
1,8,131,65,71
1,9,131,118,71
1,10,131,88,71
1,11,131,85,71
1,12,131,81,71
1,13,131,68,71
1,14,131,63,71
1,15,131,104,71
1,16,131,101,71
1,17,131,86,71
1,18,131,82,71
1,19,131,97,71
1,20,131,115,71
1,21,131,75,71
1,22,131,106,71
1,23,131,100,71
1,24,131,133,71
1,25,131,125,71
1,26,131,66,71
1,27,131,114,71
1,28,131,70,71
1,29,131,73,71
1,30,131,84,71
1,31,131,123,71
1,32,131,119,71
1,33,131,116,71
1,34,131,71,71
1,35,131,64,71
1,36,131,112,71
1,37,131,91,71
1,38,131,128,71
1,39,131,92,71
1,40,131,102,71
1,41,131,129,71
1,42,131,134,71
1,43,131,93,71
1,44,131,107,71
1,45,131,90,71
1,46,131,108,71
1,47,131,130,71
1,48,131,83,71
1,49,131,157,71
1,50,131,113,71
1,51,131,94,71
1,52,131,117,71
1,53,131,72,71
1,54,131,126,71
1,55,131,124,71
1,56,131,103,71
1,57,131,79,71
1,58,131,62,71
1,59,131,105,71
1,60,131,96,71
1,61,131,137,71
1,62,131,95,71
1,63,131,135,71
1,64,131,131,71
1,65,131,153,71
1,66,131,132,71
1,67,131,89,71
1,68,131,127,71
1,69,131,121,71
1,70,131,136,71
1,71,131,146,71
1,72,131,6,71
1,73,131,99,71
1,74,131,147,71
1,75,131,141,71
1,76,131,155,71
1,77,131,143,71
1,78,131,148,71
1,79,131,140,71
1,80,131,139,71
1,81,131,77,71
1,82,131,122,71
1,83,131,120,71
1,84,131,154,71
1,85,131,98,71
1,86,131,166,71
1,87,131,165,71
1,88,131,14,71
1,89,131,110,71
1,90,131,18,71
1,91,131,5,71
1,92,131,158,71
1,93,131,164,71
1,94,131,144,71
1,95,131,111,71
1,96,131,149,71
1,97,131,160,71
1,98,131,145,71
1,99,131,15,71
1,100,131,161,71
1,101,131,156,71
1,102,131,9,71
1,103,131,142,71
1,104,131,159,71
1,105,131,109,71
1,106,131,150,71
1,107,131,162,71
1,108,131,31,71
1,109,131,138,71
1,110,131,163,71
1,111,131,151,71
1,112,131,152,71
1,113,131,22,71
1,114,131,3,71
1,115,131,30,71
1,116,131,19,71
1,117,131,29,71
1,118,131,11,71
1,119,131,48,71
1,120,131,10,71
1,121,131,32,71
1,122,131,21,71
1,123,131,16,71
1,124,131,1,71
1,125,131,28,71
1,126,131,20,71
1,127,131,4,71
1,128,131,13,71
1,129,131,24,71
1,130,131,26,71
1,131,131,51,71
1,132,131,43,71
1,133,131,7,71
1,134,131,27,71
1,135,131,44,71
1,136,131,39,71
1,137,131,40,71
1,138,131,50,71
1,139,131,42,71
1,140,131,17,71
1,141,131,2,71
1,142,131,12,71
1,143,131,41,71
1,144,131,49,71
1,145,131,25,71
1,146,131,47,71
1,147,131,46,71
1,148,131,60,71
1,149,131,53,71
1,150,131,8,71
1,151,131,36,71
1,152,131,23,71
1,153,131,35,71
1,154,131,37,71
1,155,131,57,71
1,156,131,34,71
1,157,131,38,71
1,158,131,61,71
1,159,131,55,71
1,160,131,52,71
1,161,131,33,71
1,162,131,56,71
1,163,131,45,71
1,164,131,58,71
1,165,131,54,71
1,166,131,59,71
1,1,132,78,73
1,2,132,74,73
1,3,132,76,73
1,4,132,80,73
1,5,132,67,73
1,6,132,69,73
1,7,132,87,73
1,8,132,65,73
1,9,132,118,73
1,10,132,88,73
1,11,132,85,73
1,12,132,81,73
1,13,132,68,73
1,14,132,63,73
1,15,132,104,73
1,16,132,101,73
1,17,132,86,73
1,18,132,82,73
1,19,132,97,73
1,20,132,115,73
1,21,132,75,73
1,22,132,106,73
1,23,132,100,73
1,24,132,133,73
1,25,132,125,73
1,26,132,66,73
1,27,132,114,73
1,28,132,70,73
1,29,132,73,73
1,30,132,84,73
1,31,132,123,73
1,32,132,119,73
1,33,132,116,73
1,34,132,71,73
1,35,132,64,73
1,36,132,112,73
1,37,132,91,73
1,38,132,128,73
1,39,132,92,73
1,40,132,102,73
1,41,132,129,73
1,42,132,134,73
1,43,132,93,73
1,44,132,107,73
1,45,132,90,73
1,46,132,108,73
1,47,132,130,73
1,48,132,83,73
1,49,132,157,73
1,50,132,113,73
1,51,132,94,73
1,52,132,117,73
1,53,132,72,73
1,54,132,126,73
1,55,132,124,73
1,56,132,103,73
1,57,132,79,73
1,58,132,62,73
1,59,132,105,73
1,60,132,96,73
1,61,132,137,73
1,62,132,95,73
1,63,132,135,73
1,64,132,131,73
1,65,132,153,73
1,66,132,132,73
1,67,132,89,73
1,68,132,127,73
1,69,132,121,73
1,70,132,136,73
1,71,132,146,73
1,72,132,6,73
1,73,132,99,73
1,74,132,147,73
1,75,132,141,73
1,76,132,155,73
1,77,132,143,73
1,78,132,148,73
1,79,132,140,73
1,80,132,139,73
1,81,132,77,73
1,82,132,122,73
1,83,132,120,73
1,84,132,154,73
1,85,132,98,73
1,86,132,166,73
1,87,132,165,73
1,88,132,14,73
1,89,132,110,73
1,90,132,18,73
1,91,132,5,73
1,92,132,158,73
1,93,132,164,73
1,94,132,144,73
1,95,132,111,73
1,96,132,149,73
1,97,132,160,73
1,98,132,145,73
1,99,132,15,73
1,100,132,161,73
1,101,132,156,73
1,102,132,9,73
1,103,132,142,73
1,104,132,159,73
1,105,132,109,73
1,106,132,150,73
1,107,132,162,73
1,108,132,31,73
1,109,132,138,73
1,110,132,163,73
1,111,132,151,73
1,112,132,152,73
1,113,132,22,73
1,114,132,3,73
1,115,132,30,73
1,116,132,19,73
1,117,132,29,73
1,118,132,11,73
1,119,132,48,73
1,120,132,10,73
1,121,132,32,73
1,122,132,21,73
1,123,132,16,73
1,124,132,1,73
1,125,132,28,73
1,126,132,20,73
1,127,132,4,73
1,128,132,13,73
1,129,132,24,73
1,130,132,26,73
1,131,132,51,73
1,132,132,43,73
1,133,132,7,73
1,134,132,27,73
1,135,132,44,73
1,136,132,39,73
1,137,132,40,73
1,138,132,50,73
1,139,132,42,73
1,140,132,17,73
1,141,132,2,73
1,142,132,12,73
1,143,132,41,73
1,144,132,49,73
1,145,132,25,73
1,146,132,47,73
1,147,132,46,73
1,148,132,60,73
1,149,132,53,73
1,150,132,8,73
1,151,132,36,73
1,152,132,23,73
1,153,132,35,73
1,154,132,37,73
1,155,132,57,73
1,156,132,34,73
1,157,132,38,73
1,158,132,61,73
1,159,132,55,73
1,160,132,52,73
1,161,132,33,73
1,162,132,56,73
1,163,132,45,73
1,164,132,58,73
1,165,132,54,73
1,166,132,59,73
1,1,133,78,103
1,2,133,74,103
1,3,133,76,103
1,4,133,80,103
1,5,133,67,103
1,6,133,69,103
1,7,133,87,103
1,8,133,65,103
1,9,133,118,103
1,10,133,88,103
1,11,133,85,103
1,12,133,81,103
1,13,133,68,103
1,14,133,63,103
1,15,133,104,103
1,16,133,101,103
1,17,133,86,103
1,18,133,82,103
1,19,133,97,103
1,20,133,115,103
1,21,133,75,103
1,22,133,106,103
1,23,133,100,103
1,24,133,133,103
1,25,133,125,103
1,26,133,66,103
1,27,133,114,103
1,28,133,70,103
1,29,133,73,103
1,30,133,84,103
1,31,133,123,103
1,32,133,119,103
1,33,133,116,103
1,34,133,71,103
1,35,133,64,103
1,36,133,112,103
1,37,133,91,103
1,38,133,128,103
1,39,133,92,103
1,40,133,102,103
1,41,133,129,103
1,42,133,134,103
1,43,133,93,103
1,44,133,107,103
1,45,133,90,103
1,46,133,108,103
1,47,133,130,103
1,48,133,83,103
1,49,133,157,103
1,50,133,113,103
1,51,133,94,103
1,52,133,117,103
1,53,133,72,103
1,54,133,126,103
1,55,133,124,103
1,56,133,103,103
1,57,133,79,103
1,58,133,62,103
1,59,133,105,103
1,60,133,96,103
1,61,133,137,103
1,62,133,95,103
1,63,133,135,103
1,64,133,131,103
1,65,133,153,103
1,66,133,132,103
1,67,133,89,103
1,68,133,127,103
1,69,133,121,103
1,70,133,136,103
1,71,133,146,103
1,72,133,6,103
1,73,133,99,103
1,74,133,147,103
1,75,133,141,103
1,76,133,155,103
1,77,133,143,103
1,78,133,148,103
1,79,133,140,103
1,80,133,139,103
1,81,133,77,103
1,82,133,122,103
1,83,133,120,103
1,84,133,154,103
1,85,133,98,103
1,86,133,166,103
1,87,133,165,103
1,88,133,14,103
1,89,133,110,103
1,90,133,18,103
1,91,133,5,103
1,92,133,158,103
1,93,133,164,103
1,94,133,144,103
1,95,133,111,103
1,96,133,149,103
1,97,133,160,103
1,98,133,145,103
1,99,133,15,103
1,100,133,161,103
1,101,133,156,103
1,102,133,9,103
1,103,133,142,103
1,104,133,159,103
1,105,133,109,103
1,106,133,150,103
1,107,133,162,103
1,108,133,31,103
1,109,133,138,103
1,110,133,163,103
1,111,133,151,103
1,112,133,152,103
1,113,133,22,103
1,114,133,3,103
1,115,133,30,103
1,116,133,19,103
1,117,133,29,103
1,118,133,11,103
1,119,133,48,103
1,120,133,10,103
1,121,133,32,103
1,122,133,21,103
1,123,133,16,103
1,124,133,1,103
1,125,133,28,103
1,126,133,20,103
1,127,133,4,103
1,128,133,13,103
1,129,133,24,103
1,130,133,26,103
1,131,133,51,103
1,132,133,43,103
1,133,133,7,103
1,134,133,27,103
1,135,133,44,103
1,136,133,39,103
1,137,133,40,103
1,138,133,50,103
1,139,133,42,103
1,140,133,17,103
1,141,133,2,103
1,142,133,12,103
1,143,133,41,103
1,144,133,49,103
1,145,133,25,103
1,146,133,47,103
1,147,133,46,103
1,148,133,60,103
1,149,133,53,103
1,150,133,8,103
1,151,133,36,103
1,152,133,23,103
1,153,133,35,103
1,154,133,37,103
1,155,133,57,103
1,156,133,34,103
1,157,133,38,103
1,158,133,61,103
1,159,133,55,103
1,160,133,52,103
1,161,133,33,103
1,162,133,56,103
1,163,133,45,103
1,164,133,58,103
1,165,133,54,103
1,166,133,59,103
1,1,134,78,91
1,2,134,74,91
1,3,134,76,91
1,4,134,80,91
1,5,134,67,91
1,6,134,69,91
1,7,134,87,91
1,8,134,65,91
1,9,134,118,91
1,10,134,88,91
1,11,134,85,91
1,12,134,81,91
1,13,134,68,91
1,14,134,63,91
1,15,134,104,91
1,16,134,101,91
1,17,134,86,91
1,18,134,82,91
1,19,134,97,91
1,20,134,115,91
1,21,134,75,91
1,22,134,106,91
1,23,134,100,91
1,24,134,133,91
1,25,134,125,91
1,26,134,66,91
1,27,134,114,91
1,28,134,70,91
1,29,134,73,91
1,30,134,84,91
1,31,134,123,91
1,32,134,119,91
1,33,134,116,91
1,34,134,71,91
1,35,134,64,91
1,36,134,112,91
1,37,134,91,91
1,38,134,128,91
1,39,134,92,91
1,40,134,102,91
1,41,134,129,91
1,42,134,134,91
1,43,134,93,91
1,44,134,107,91
1,45,134,90,91
1,46,134,108,91
1,47,134,130,91
1,48,134,83,91
1,49,134,157,91
1,50,134,113,91
1,51,134,94,91
1,52,134,117,91
1,53,134,72,91
1,54,134,126,91
1,55,134,124,91
1,56,134,103,91
1,57,134,79,91
1,58,134,62,91
1,59,134,105,91
1,60,134,96,91
1,61,134,137,91
1,62,134,95,91
1,63,134,135,91
1,64,134,131,91
1,65,134,153,91
1,66,134,132,91
1,67,134,89,91
1,68,134,127,91
1,69,134,121,91
1,70,134,136,91
1,71,134,146,91
1,72,134,6,91
1,73,134,99,91
1,74,134,147,91
1,75,134,141,91
1,76,134,155,91
1,77,134,143,91
1,78,134,148,91
1,79,134,140,91
1,80,134,139,91
1,81,134,77,91
1,82,134,122,91
1,83,134,120,91
1,84,134,154,91
1,85,134,98,91
1,86,134,166,91
1,87,134,165,91
1,88,134,14,91
1,89,134,110,91
1,90,134,18,91
1,91,134,5,91
1,92,134,158,91
1,93,134,164,91
1,94,134,144,91
1,95,134,111,91
1,96,134,149,91
1,97,134,160,91
1,98,134,145,91
1,99,134,15,91
1,100,134,161,91
1,101,134,156,91
1,102,134,9,91
1,103,134,142,91
1,104,134,159,91
1,105,134,109,91
1,106,134,150,91
1,107,134,162,91
1,108,134,31,91
1,109,134,138,91
1,110,134,163,91
1,111,134,151,91
1,112,134,152,91
1,113,134,22,91
1,114,134,3,91
1,115,134,30,91
1,116,134,19,91
1,117,134,29,91
1,118,134,11,91
1,119,134,48,91
1,120,134,10,91
1,121,134,32,91
1,122,134,21,91
1,123,134,16,91
1,124,134,1,91
1,125,134,28,91
1,126,134,20,91
1,127,134,4,91
1,128,134,13,91
1,129,134,24,91
1,130,134,26,91
1,131,134,51,91
1,132,134,43,91
1,133,134,7,91
1,134,134,27,91
1,135,134,44,91
1,136,134,39,91
1,137,134,40,91
1,138,134,50,91
1,139,134,42,91
1,140,134,17,91
1,141,134,2,91
1,142,134,12,91
1,143,134,41,91
1,144,134,49,91
1,145,134,25,91
1,146,134,47,91
1,147,134,46,91
1,148,134,60,91
1,149,134,53,91
1,150,134,8,91
1,151,134,36,91
1,152,134,23,91
1,153,134,35,91
1,154,134,37,91
1,155,134,57,91
1,156,134,34,91
1,157,134,38,91
1,158,134,61,91
1,159,134,55,91
1,160,134,52,91
1,161,134,33,91
1,162,134,56,91
1,163,134,45,91
1,164,134,58,91
1,165,134,54,91
1,166,134,59,91
1,1,135,78,63
1,2,135,74,63
1,3,135,76,63
1,4,135,80,63
1,5,135,67,63
1,6,135,69,63
1,7,135,87,63
1,8,135,65,63
1,9,135,118,63
1,10,135,88,63
1,11,135,85,63
1,12,135,81,63
1,13,135,68,63
1,14,135,63,63
1,15,135,104,63
1,16,135,101,63
1,17,135,86,63
1,18,135,82,63
1,19,135,97,63
1,20,135,115,63
1,21,135,75,63
1,22,135,106,63
1,23,135,100,63
1,24,135,133,63
1,25,135,125,63
1,26,135,66,63
1,27,135,114,63
1,28,135,70,63
1,29,135,73,63
1,30,135,84,63
1,31,135,123,63
1,32,135,119,63
1,33,135,116,63
1,34,135,71,63
1,35,135,64,63
1,36,135,112,63
1,37,135,91,63
1,38,135,128,63
1,39,135,92,63
1,40,135,102,63
1,41,135,129,63
1,42,135,134,63
1,43,135,93,63
1,44,135,107,63
1,45,135,90,63
1,46,135,108,63
1,47,135,130,63
1,48,135,83,63
1,49,135,157,63
1,50,135,113,63
1,51,135,94,63
1,52,135,117,63
1,53,135,72,63
1,54,135,126,63
1,55,135,124,63
1,56,135,103,63
1,57,135,79,63
1,58,135,62,63
1,59,135,105,63
1,60,135,96,63
1,61,135,137,63
1,62,135,95,63
1,63,135,135,63
1,64,135,131,63
1,65,135,153,63
1,66,135,132,63
1,67,135,89,63
1,68,135,127,63
1,69,135,121,63
1,70,135,136,63
1,71,135,146,63
1,72,135,6,63
1,73,135,99,63
1,74,135,147,63
1,75,135,141,63
1,76,135,155,63
1,77,135,143,63
1,78,135,148,63
1,79,135,140,63
1,80,135,139,63
1,81,135,77,63
1,82,135,122,63
1,83,135,120,63
1,84,135,154,63
1,85,135,98,63
1,86,135,166,63
1,87,135,165,63
1,88,135,14,63
1,89,135,110,63
1,90,135,18,63
1,91,135,5,63
1,92,135,158,63
1,93,135,164,63
1,94,135,144,63
1,95,135,111,63
1,96,135,149,63
1,97,135,160,63
1,98,135,145,63
1,99,135,15,63
1,100,135,161,63
1,101,135,156,63
1,102,135,9,63
1,103,135,142,63
1,104,135,159,63
1,105,135,109,63
1,106,135,150,63
1,107,135,162,63
1,108,135,31,63
1,109,135,138,63
1,110,135,163,63
1,111,135,151,63
1,112,135,152,63
1,113,135,22,63
1,114,135,3,63
1,115,135,30,63
1,116,135,19,63
1,117,135,29,63
1,118,135,11,63
1,119,135,48,63
1,120,135,10,63
1,121,135,32,63
1,122,135,21,63
1,123,135,16,63
1,124,135,1,63
1,125,135,28,63
1,126,135,20,63
1,127,135,4,63
1,128,135,13,63
1,129,135,24,63
1,130,135,26,63
1,131,135,51,63
1,132,135,43,63
1,133,135,7,63
1,134,135,27,63
1,135,135,44,63
1,136,135,39,63
1,137,135,40,63
1,138,135,50,63
1,139,135,42,63
1,140,135,17,63
1,141,135,2,63
1,142,135,12,63
1,143,135,41,63
1,144,135,49,63
1,145,135,25,63
1,146,135,47,63
1,147,135,46,63
1,148,135,60,63
1,149,135,53,63
1,150,135,8,63
1,151,135,36,63
1,152,135,23,63
1,153,135,35,63
1,154,135,37,63
1,155,135,57,63
1,156,135,34,63
1,157,135,38,63
1,158,135,61,63
1,159,135,55,63
1,160,135,52,63
1,161,135,33,63
1,162,135,56,63
1,163,135,45,63
1,164,135,58,63
1,165,135,54,63
1,166,135,59,63
1,1,136,78,121
1,2,136,74,121
1,3,136,76,121
1,4,136,80,121
1,5,136,67,121
1,6,136,69,121
1,7,136,87,121
1,8,136,65,121
1,9,136,118,121
1,10,136,88,121
1,11,136,85,121
1,12,136,81,121
1,13,136,68,121
1,14,136,63,121
1,15,136,104,121
1,16,136,101,121
1,17,136,86,121
1,18,136,82,121
1,19,136,97,121
1,20,136,115,121
1,21,136,75,121
1,22,136,106,121
1,23,136,100,121
1,24,136,133,121
1,25,136,125,121
1,26,136,66,121
1,27,136,114,121
1,28,136,70,121
1,29,136,73,121
1,30,136,84,121
1,31,136,123,121
1,32,136,119,121
1,33,136,116,121
1,34,136,71,121
1,35,136,64,121
1,36,136,112,121
1,37,136,91,121
1,38,136,128,121
1,39,136,92,121
1,40,136,102,121
1,41,136,129,121
1,42,136,134,121
1,43,136,93,121
1,44,136,107,121
1,45,136,90,121
1,46,136,108,121
1,47,136,130,121
1,48,136,83,121
1,49,136,157,121
1,50,136,113,121
1,51,136,94,121
1,52,136,117,121
1,53,136,72,121
1,54,136,126,121
1,55,136,124,121
1,56,136,103,121
1,57,136,79,121
1,58,136,62,121
1,59,136,105,121
1,60,136,96,121
1,61,136,137,121
1,62,136,95,121
1,63,136,135,121
1,64,136,131,121
1,65,136,153,121
1,66,136,132,121
1,67,136,89,121
1,68,136,127,121
1,69,136,121,121
1,70,136,136,121
1,71,136,146,121
1,72,136,6,121
1,73,136,99,121
1,74,136,147,121
1,75,136,141,121
1,76,136,155,121
1,77,136,143,121
1,78,136,148,121
1,79,136,140,121
1,80,136,139,121
1,81,136,77,121
1,82,136,122,121
1,83,136,120,121
1,84,136,154,121
1,85,136,98,121
1,86,136,166,121
1,87,136,165,121
1,88,136,14,121
1,89,136,110,121
1,90,136,18,121
1,91,136,5,121
1,92,136,158,121
1,93,136,164,121
1,94,136,144,121
1,95,136,111,121
1,96,136,149,121
1,97,136,160,121
1,98,136,145,121
1,99,136,15,121
1,100,136,161,121
1,101,136,156,121
1,102,136,9,121
1,103,136,142,121
1,104,136,159,121
1,105,136,109,121
1,106,136,150,121
1,107,136,162,121
1,108,136,31,121
1,109,136,138,121
1,110,136,163,121
1,111,136,151,121
1,112,136,152,121
1,113,136,22,121
1,114,136,3,121
1,115,136,30,121
1,116,136,19,121
1,117,136,29,121
1,118,136,11,121
1,119,136,48,121
1,120,136,10,121
1,121,136,32,121
1,122,136,21,121
1,123,136,16,121
1,124,136,1,121
1,125,136,28,121
1,126,136,20,121
1,127,136,4,121
1,128,136,13,121
1,129,136,24,121
1,130,136,26,121
1,131,136,51,121
1,132,136,43,121
1,133,136,7,121
1,134,136,27,121
1,135,136,44,121
1,136,136,39,121
1,137,136,40,121
1,138,136,50,121
1,139,136,42,121
1,140,136,17,121
1,141,136,2,121
1,142,136,12,121
1,143,136,41,121
1,144,136,49,121
1,145,136,25,121
1,146,136,47,121
1,147,136,46,121
1,148,136,60,121
1,149,136,53,121
1,150,136,8,121
1,151,136,36,121
1,152,136,23,121
1,153,136,35,121
1,154,136,37,121
1,155,136,57,121
1,156,136,34,121
1,157,136,38,121
1,158,136,61,121
1,159,136,55,121
1,160,136,52,121
1,161,136,33,121
1,162,136,56,121
1,163,136,45,121
1,164,136,58,121
1,165,136,54,121
1,166,136,59,121
1,1,137,78,127
1,2,137,74,127
1,3,137,76,127
1,4,137,80,127
1,5,137,67,127
1,6,137,69,127
1,7,137,87,127
1,8,137,65,127
1,9,137,118,127
1,10,137,88,127
1,11,137,85,127
1,12,137,81,127
1,13,137,68,127
1,14,137,63,127
1,15,137,104,127
1,16,137,101,127
1,17,137,86,127
1,18,137,82,127
1,19,137,97,127
1,20,137,115,127
1,21,137,75,127
1,22,137,106,127
1,23,137,100,127
1,24,137,133,127
1,25,137,125,127
1,26,137,66,127
1,27,137,114,127
1,28,137,70,127
1,29,137,73,127
1,30,137,84,127
1,31,137,123,127
1,32,137,119,127
1,33,137,116,127
1,34,137,71,127
1,35,137,64,127
1,36,137,112,127
1,37,137,91,127
1,38,137,128,127
1,39,137,92,127
1,40,137,102,127
1,41,137,129,127
1,42,137,134,127
1,43,137,93,127
1,44,137,107,127
1,45,137,90,127
1,46,137,108,127
1,47,137,130,127
1,48,137,83,127
1,49,137,157,127
1,50,137,113,127
1,51,137,94,127
1,52,137,117,127
1,53,137,72,127
1,54,137,126,127
1,55,137,124,127
1,56,137,103,127
1,57,137,79,127
1,58,137,62,127
1,59,137,105,127
1,60,137,96,127
1,61,137,137,127
1,62,137,95,127
1,63,137,135,127
1,64,137,131,127
1,65,137,153,127
1,66,137,132,127
1,67,137,89,127
1,68,137,127,127
1,69,137,121,127
1,70,137,136,127
1,71,137,146,127
1,72,137,6,127
1,73,137,99,127
1,74,137,147,127
1,75,137,141,127
1,76,137,155,127
1,77,137,143,127
1,78,137,148,127
1,79,137,140,127
1,80,137,139,127
1,81,137,77,127
1,82,137,122,127
1,83,137,120,127
1,84,137,154,127
1,85,137,98,127
1,86,137,166,127
1,87,137,165,127
1,88,137,14,127
1,89,137,110,127
1,90,137,18,127
1,91,137,5,127
1,92,137,158,127
1,93,137,164,127
1,94,137,144,127
1,95,137,111,127
1,96,137,149,127
1,97,137,160,127
1,98,137,145,127
1,99,137,15,127
1,100,137,161,127
1,101,137,156,127
1,102,137,9,127
1,103,137,142,127
1,104,137,159,127
1,105,137,109,127
1,106,137,150,127
1,107,137,162,127
1,108,137,31,127
1,109,137,138,127
1,110,137,163,127
1,111,137,151,127
1,112,137,152,127
1,113,137,22,127
1,114,137,3,127
1,115,137,30,127
1,116,137,19,127
1,117,137,29,127
1,118,137,11,127
1,119,137,48,127
1,120,137,10,127
1,121,137,32,127
1,122,137,21,127
1,123,137,16,127
1,124,137,1,127
1,125,137,28,127
1,126,137,20,127
1,127,137,4,127
1,128,137,13,127
1,129,137,24,127
1,130,137,26,127
1,131,137,51,127
1,132,137,43,127
1,133,137,7,127
1,134,137,27,127
1,135,137,44,127
1,136,137,39,127
1,137,137,40,127
1,138,137,50,127
1,139,137,42,127
1,140,137,17,127
1,141,137,2,127
1,142,137,12,127
1,143,137,41,127
1,144,137,49,127
1,145,137,25,127
1,146,137,47,127
1,147,137,46,127
1,148,137,60,127
1,149,137,53,127
1,150,137,8,127
1,151,137,36,127
1,152,137,23,127
1,153,137,35,127
1,154,137,37,127
1,155,137,57,127
1,156,137,34,127
1,157,137,38,127
1,158,137,61,127
1,159,137,55,127
1,160,137,52,127
1,161,137,33,127
1,162,137,56,127
1,163,137,45,127
1,164,137,58,127
1,165,137,54,127
1,166,137,59,127
1,1,138,78,74
1,2,138,74,74
1,3,138,76,74
1,4,138,80,74
1,5,138,67,74
1,6,138,69,74
1,7,138,87,74
1,8,138,65,74
1,9,138,118,74
1,10,138,88,74
1,11,138,85,74
1,12,138,81,74
1,13,138,68,74
1,14,138,63,74
1,15,138,104,74
1,16,138,101,74
1,17,138,86,74
1,18,138,82,74
1,19,138,97,74
1,20,138,115,74
1,21,138,75,74
1,22,138,106,74
1,23,138,100,74
1,24,138,133,74
1,25,138,125,74
1,26,138,66,74
1,27,138,114,74
1,28,138,70,74
1,29,138,73,74
1,30,138,84,74
1,31,138,123,74
1,32,138,119,74
1,33,138,116,74
1,34,138,71,74
1,35,138,64,74
1,36,138,112,74
1,37,138,91,74
1,38,138,128,74
1,39,138,92,74
1,40,138,102,74
1,41,138,129,74
1,42,138,134,74
1,43,138,93,74
1,44,138,107,74
1,45,138,90,74
1,46,138,108,74
1,47,138,130,74
1,48,138,83,74
1,49,138,157,74
1,50,138,113,74
1,51,138,94,74
1,52,138,117,74
1,53,138,72,74
1,54,138,126,74
1,55,138,124,74
1,56,138,103,74
1,57,138,79,74
1,58,138,62,74
1,59,138,105,74
1,60,138,96,74
1,61,138,137,74
1,62,138,95,74
1,63,138,135,74
1,64,138,131,74
1,65,138,153,74
1,66,138,132,74
1,67,138,89,74
1,68,138,127,74
1,69,138,121,74
1,70,138,136,74
1,71,138,146,74
1,72,138,6,74
1,73,138,99,74
1,74,138,147,74
1,75,138,141,74
1,76,138,155,74
1,77,138,143,74
1,78,138,148,74
1,79,138,140,74
1,80,138,139,74
1,81,138,77,74
1,82,138,122,74
1,83,138,120,74
1,84,138,154,74
1,85,138,98,74
1,86,138,166,74
1,87,138,165,74
1,88,138,14,74
1,89,138,110,74
1,90,138,18,74
1,91,138,5,74
1,92,138,158,74
1,93,138,164,74
1,94,138,144,74
1,95,138,111,74
1,96,138,149,74
1,97,138,160,74
1,98,138,145,74
1,99,138,15,74
1,100,138,161,74
1,101,138,156,74
1,102,138,9,74
1,103,138,142,74
1,104,138,159,74
1,105,138,109,74
1,106,138,150,74
1,107,138,162,74
1,108,138,31,74
1,109,138,138,74
1,110,138,163,74
1,111,138,151,74
1,112,138,152,74
1,113,138,22,74
1,114,138,3,74
1,115,138,30,74
1,116,138,19,74
1,117,138,29,74
1,118,138,11,74
1,119,138,48,74
1,120,138,10,74
1,121,138,32,74
1,122,138,21,74
1,123,138,16,74
1,124,138,1,74
1,125,138,28,74
1,126,138,20,74
1,127,138,4,74
1,128,138,13,74
1,129,138,24,74
1,130,138,26,74
1,131,138,51,74
1,132,138,43,74
1,133,138,7,74
1,134,138,27,74
1,135,138,44,74
1,136,138,39,74
1,137,138,40,74
1,138,138,50,74
1,139,138,42,74
1,140,138,17,74
1,141,138,2,74
1,142,138,12,74
1,143,138,41,74
1,144,138,49,74
1,145,138,25,74
1,146,138,47,74
1,147,138,46,74
1,148,138,60,74
1,149,138,53,74
1,150,138,8,74
1,151,138,36,74
1,152,138,23,74
1,153,138,35,74
1,154,138,37,74
1,155,138,57,74
1,156,138,34,74
1,157,138,38,74
1,158,138,61,74
1,159,138,55,74
1,160,138,52,74
1,161,138,33,74
1,162,138,56,74
1,163,138,45,74
1,164,138,58,74
1,165,138,54,74
1,166,138,59,74
1,1,139,78,67
1,2,139,74,67
1,3,139,76,67
1,4,139,80,67
1,5,139,67,67
1,6,139,69,67
1,7,139,87,67
1,8,139,65,67
1,9,139,118,67
1,10,139,88,67
1,11,139,85,67
1,12,139,81,67
1,13,139,68,67
1,14,139,63,67
1,15,139,104,67
1,16,139,101,67
1,17,139,86,67
1,18,139,82,67
1,19,139,97,67
1,20,139,115,67
1,21,139,75,67
1,22,139,106,67
1,23,139,100,67
1,24,139,133,67
1,25,139,125,67
1,26,139,66,67
1,27,139,114,67
1,28,139,70,67
1,29,139,73,67
1,30,139,84,67
1,31,139,123,67
1,32,139,119,67
1,33,139,116,67
1,34,139,71,67
1,35,139,64,67
1,36,139,112,67
1,37,139,91,67
1,38,139,128,67
1,39,139,92,67
1,40,139,102,67
1,41,139,129,67
1,42,139,134,67
1,43,139,93,67
1,44,139,107,67
1,45,139,90,67
1,46,139,108,67
1,47,139,130,67
1,48,139,83,67
1,49,139,157,67
1,50,139,113,67
1,51,139,94,67
1,52,139,117,67
1,53,139,72,67
1,54,139,126,67
1,55,139,124,67
1,56,139,103,67
1,57,139,79,67
1,58,139,62,67
1,59,139,105,67
1,60,139,96,67
1,61,139,137,67
1,62,139,95,67
1,63,139,135,67
1,64,139,131,67
1,65,139,153,67
1,66,139,132,67
1,67,139,89,67
1,68,139,127,67
1,69,139,121,67
1,70,139,136,67
1,71,139,146,67
1,72,139,6,67
1,73,139,99,67
1,74,139,147,67
1,75,139,141,67
1,76,139,155,67
1,77,139,143,67
1,78,139,148,67
1,79,139,140,67
1,80,139,139,67
1,81,139,77,67
1,82,139,122,67
1,83,139,120,67
1,84,139,154,67
1,85,139,98,67
1,86,139,166,67
1,87,139,165,67
1,88,139,14,67
1,89,139,110,67
1,90,139,18,67
1,91,139,5,67
1,92,139,158,67
1,93,139,164,67
1,94,139,144,67
1,95,139,111,67
1,96,139,149,67
1,97,139,160,67
1,98,139,145,67
1,99,139,15,67
1,100,139,161,67
1,101,139,156,67
1,102,139,9,67
1,103,139,142,67
1,104,139,159,67
1,105,139,109,67
1,106,139,150,67
1,107,139,162,67
1,108,139,31,67
1,109,139,138,67
1,110,139,163,67
1,111,139,151,67
1,112,139,152,67
1,113,139,22,67
1,114,139,3,67
1,115,139,30,67
1,116,139,19,67
1,117,139,29,67
1,118,139,11,67
1,119,139,48,67
1,120,139,10,67
1,121,139,32,67
1,122,139,21,67
1,123,139,16,67
1,124,139,1,67
1,125,139,28,67
1,126,139,20,67
1,127,139,4,67
1,128,139,13,67
1,129,139,24,67
1,130,139,26,67
1,131,139,51,67
1,132,139,43,67
1,133,139,7,67
1,134,139,27,67
1,135,139,44,67
1,136,139,39,67
1,137,139,40,67
1,138,139,50,67
1,139,139,42,67
1,140,139,17,67
1,141,139,2,67
1,142,139,12,67
1,143,139,41,67
1,144,139,49,67
1,145,139,25,67
1,146,139,47,67
1,147,139,46,67
1,148,139,60,67
1,149,139,53,67
1,150,139,8,67
1,151,139,36,67
1,152,139,23,67
1,153,139,35,67
1,154,139,37,67
1,155,139,57,67
1,156,139,34,67
1,157,139,38,67
1,158,139,61,67
1,159,139,55,67
1,160,139,52,67
1,161,139,33,67
1,162,139,56,67
1,163,139,45,67
1,164,139,58,67
1,165,139,54,67
1,166,139,59,67
1,1,140,78,80
1,2,140,74,80
1,3,140,76,80
1,4,140,80,80
1,5,140,67,80
1,6,140,69,80
1,7,140,87,80
1,8,140,65,80
1,9,140,118,80
1,10,140,88,80
1,11,140,85,80
1,12,140,81,80
1,13,140,68,80
1,14,140,63,80
1,15,140,104,80
1,16,140,101,80
1,17,140,86,80
1,18,140,82,80
1,19,140,97,80
1,20,140,115,80
1,21,140,75,80
1,22,140,106,80
1,23,140,100,80
1,24,140,133,80
1,25,140,125,80
1,26,140,66,80
1,27,140,114,80
1,28,140,70,80
1,29,140,73,80
1,30,140,84,80
1,31,140,123,80
1,32,140,119,80
1,33,140,116,80
1,34,140,71,80
1,35,140,64,80
1,36,140,112,80
1,37,140,91,80
1,38,140,128,80
1,39,140,92,80
1,40,140,102,80
1,41,140,129,80
1,42,140,134,80
1,43,140,93,80
1,44,140,107,80
1,45,140,90,80
1,46,140,108,80
1,47,140,130,80
1,48,140,83,80
1,49,140,157,80
1,50,140,113,80
1,51,140,94,80
1,52,140,117,80
1,53,140,72,80
1,54,140,126,80
1,55,140,124,80
1,56,140,103,80
1,57,140,79,80
1,58,140,62,80
1,59,140,105,80
1,60,140,96,80
1,61,140,137,80
1,62,140,95,80
1,63,140,135,80
1,64,140,131,80
1,65,140,153,80
1,66,140,132,80
1,67,140,89,80
1,68,140,127,80
1,69,140,121,80
1,70,140,136,80
1,71,140,146,80
1,72,140,6,80
1,73,140,99,80
1,74,140,147,80
1,75,140,141,80
1,76,140,155,80
1,77,140,143,80
1,78,140,148,80
1,79,140,140,80
1,80,140,139,80
1,81,140,77,80
1,82,140,122,80
1,83,140,120,80
1,84,140,154,80
1,85,140,98,80
1,86,140,166,80
1,87,140,165,80
1,88,140,14,80
1,89,140,110,80
1,90,140,18,80
1,91,140,5,80
1,92,140,158,80
1,93,140,164,80
1,94,140,144,80
1,95,140,111,80
1,96,140,149,80
1,97,140,160,80
1,98,140,145,80
1,99,140,15,80
1,100,140,161,80
1,101,140,156,80
1,102,140,9,80
1,103,140,142,80
1,104,140,159,80
1,105,140,109,80
1,106,140,150,80
1,107,140,162,80
1,108,140,31,80
1,109,140,138,80
1,110,140,163,80
1,111,140,151,80
1,112,140,152,80
1,113,140,22,80
1,114,140,3,80
1,115,140,30,80
1,116,140,19,80
1,117,140,29,80
1,118,140,11,80
1,119,140,48,80
1,120,140,10,80
1,121,140,32,80
1,122,140,21,80
1,123,140,16,80
1,124,140,1,80
1,125,140,28,80
1,126,140,20,80
1,127,140,4,80
1,128,140,13,80
1,129,140,24,80
1,130,140,26,80
1,131,140,51,80
1,132,140,43,80
1,133,140,7,80
1,134,140,27,80
1,135,140,44,80
1,136,140,39,80
1,137,140,40,80
1,138,140,50,80
1,139,140,42,80
1,140,140,17,80
1,141,140,2,80
1,142,140,12,80
1,143,140,41,80
1,144,140,49,80
1,145,140,25,80
1,146,140,47,80
1,147,140,46,80
1,148,140,60,80
1,149,140,53,80
1,150,140,8,80
1,151,140,36,80
1,152,140,23,80
1,153,140,35,80
1,154,140,37,80
1,155,140,57,80
1,156,140,34,80
1,157,140,38,80
1,158,140,61,80
1,159,140,55,80
1,160,140,52,80
1,161,140,33,80
1,162,140,56,80
1,163,140,45,80
1,164,140,58,80
1,165,140,54,80
1,166,140,59,80
1,1,141,78,30
1,2,141,74,30
1,3,141,76,30
1,4,141,80,30
1,5,141,67,30
1,6,141,69,30
1,7,141,87,30
1,8,141,65,30
1,9,141,118,30
1,10,141,88,30
1,11,141,85,30
1,12,141,81,30
1,13,141,68,30
1,14,141,63,30
1,15,141,104,30
1,16,141,101,30
1,17,141,86,30
1,18,141,82,30
1,19,141,97,30
1,20,141,115,30
1,21,141,75,30
1,22,141,106,30
1,23,141,100,30
1,24,141,133,30
1,25,141,125,30
1,26,141,66,30
1,27,141,114,30
1,28,141,70,30
1,29,141,73,30
1,30,141,84,30
1,31,141,123,30
1,32,141,119,30
1,33,141,116,30
1,34,141,71,30
1,35,141,64,30
1,36,141,112,30
1,37,141,91,30
1,38,141,128,30
1,39,141,92,30
1,40,141,102,30
1,41,141,129,30
1,42,141,134,30
1,43,141,93,30
1,44,141,107,30
1,45,141,90,30
1,46,141,108,30
1,47,141,130,30
1,48,141,83,30
1,49,141,157,30
1,50,141,113,30
1,51,141,94,30
1,52,141,117,30
1,53,141,72,30
1,54,141,126,30
1,55,141,124,30
1,56,141,103,30
1,57,141,79,30
1,58,141,62,30
1,59,141,105,30
1,60,141,96,30
1,61,141,137,30
1,62,141,95,30
1,63,141,135,30
1,64,141,131,30
1,65,141,153,30
1,66,141,132,30
1,67,141,89,30
1,68,141,127,30
1,69,141,121,30
1,70,141,136,30
1,71,141,146,30
1,72,141,6,30
1,73,141,99,30
1,74,141,147,30
1,75,141,141,30
1,76,141,155,30
1,77,141,143,30
1,78,141,148,30
1,79,141,140,30
1,80,141,139,30
1,81,141,77,30
1,82,141,122,30
1,83,141,120,30
1,84,141,154,30
1,85,141,98,30
1,86,141,166,30
1,87,141,165,30
1,88,141,14,30
1,89,141,110,30
1,90,141,18,30
1,91,141,5,30
1,92,141,158,30
1,93,141,164,30
1,94,141,144,30
1,95,141,111,30
1,96,141,149,30
1,97,141,160,30
1,98,141,145,30
1,99,141,15,30
1,100,141,161,30
1,101,141,156,30
1,102,141,9,30
1,103,141,142,30
1,104,141,159,30
1,105,141,109,30
1,106,141,150,30
1,107,141,162,30
1,108,141,31,30
1,109,141,138,30
1,110,141,163,30
1,111,141,151,30
1,112,141,152,30
1,113,141,22,30
1,114,141,3,30
1,115,141,30,30
1,116,141,19,30
1,117,141,29,30
1,118,141,11,30
1,119,141,48,30
1,120,141,10,30
1,121,141,32,30
1,122,141,21,30
1,123,141,16,30
1,124,141,1,30
1,125,141,28,30
1,126,141,20,30
1,127,141,4,30
1,128,141,13,30
1,129,141,24,30
1,130,141,26,30
1,131,141,51,30
1,132,141,43,30
1,133,141,7,30
1,134,141,27,30
1,135,141,44,30
1,136,141,39,30
1,137,141,40,30
1,138,141,50,30
1,139,141,42,30
1,140,141,17,30
1,141,141,2,30
1,142,141,12,30
1,143,141,41,30
1,144,141,49,30
1,145,141,25,30
1,146,141,47,30
1,147,141,46,30
1,148,141,60,30
1,149,141,53,30
1,150,141,8,30
1,151,141,36,30
1,152,141,23,30
1,153,141,35,30
1,154,141,37,30
1,155,141,57,30
1,156,141,34,30
1,157,141,38,30
1,158,141,61,30
1,159,141,55,30
1,160,141,52,30
1,161,141,33,30
1,162,141,56,30
1,163,141,45,30
1,164,141,58,30
1,165,141,54,30
1,166,141,59,30
1,1,142,78,64
1,2,142,74,64
1,3,142,76,64
1,4,142,80,64
1,5,142,67,64
1,6,142,69,64
1,7,142,87,64
1,8,142,65,64
1,9,142,118,64
1,10,142,88,64
1,11,142,85,64
1,12,142,81,64
1,13,142,68,64
1,14,142,63,64
1,15,142,104,64
1,16,142,101,64
1,17,142,86,64
1,18,142,82,64
1,19,142,97,64
1,20,142,115,64
1,21,142,75,64
1,22,142,106,64
1,23,142,100,64
1,24,142,133,64
1,25,142,125,64
1,26,142,66,64
1,27,142,114,64
1,28,142,70,64
1,29,142,73,64
1,30,142,84,64
1,31,142,123,64
1,32,142,119,64
1,33,142,116,64
1,34,142,71,64
1,35,142,64,64
1,36,142,112,64
1,37,142,91,64
1,38,142,128,64
1,39,142,92,64
1,40,142,102,64
1,41,142,129,64
1,42,142,134,64
1,43,142,93,64
1,44,142,107,64
1,45,142,90,64
1,46,142,108,64
1,47,142,130,64
1,48,142,83,64
1,49,142,157,64
1,50,142,113,64
1,51,142,94,64
1,52,142,117,64
1,53,142,72,64
1,54,142,126,64
1,55,142,124,64
1,56,142,103,64
1,57,142,79,64
1,58,142,62,64
1,59,142,105,64
1,60,142,96,64
1,61,142,137,64
1,62,142,95,64
1,63,142,135,64
1,64,142,131,64
1,65,142,153,64
1,66,142,132,64
1,67,142,89,64
1,68,142,127,64
1,69,142,121,64
1,70,142,136,64
1,71,142,146,64
1,72,142,6,64
1,73,142,99,64
1,74,142,147,64
1,75,142,141,64
1,76,142,155,64
1,77,142,143,64
1,78,142,148,64
1,79,142,140,64
1,80,142,139,64
1,81,142,77,64
1,82,142,122,64
1,83,142,120,64
1,84,142,154,64
1,85,142,98,64
1,86,142,166,64
1,87,142,165,64
1,88,142,14,64
1,89,142,110,64
1,90,142,18,64
1,91,142,5,64
1,92,142,158,64
1,93,142,164,64
1,94,142,144,64
1,95,142,111,64
1,96,142,149,64
1,97,142,160,64
1,98,142,145,64
1,99,142,15,64
1,100,142,161,64
1,101,142,156,64
1,102,142,9,64
1,103,142,142,64
1,104,142,159,64
1,105,142,109,64
1,106,142,150,64
1,107,142,162,64
1,108,142,31,64
1,109,142,138,64
1,110,142,163,64
1,111,142,151,64
1,112,142,152,64
1,113,142,22,64
1,114,142,3,64
1,115,142,30,64
1,116,142,19,64
1,117,142,29,64
1,118,142,11,64
1,119,142,48,64
1,120,142,10,64
1,121,142,32,64
1,122,142,21,64
1,123,142,16,64
1,124,142,1,64
1,125,142,28,64
1,126,142,20,64
1,127,142,4,64
1,128,142,13,64
1,129,142,24,64
1,130,142,26,64
1,131,142,51,64
1,132,142,43,64
1,133,142,7,64
1,134,142,27,64
1,135,142,44,64
1,136,142,39,64
1,137,142,40,64
1,138,142,50,64
1,139,142,42,64
1,140,142,17,64
1,141,142,2,64
1,142,142,12,64
1,143,142,41,64
1,144,142,49,64
1,145,142,25,64
1,146,142,47,64
1,147,142,46,64
1,148,142,60,64
1,149,142,53,64
1,150,142,8,64
1,151,142,36,64
1,152,142,23,64
10,153,142,35,64
10,154,142,37,64
10,155,142,57,64
10,156,142,34,64
10,157,142,38,64
10,158,142,61,64
10,159,142,55,64
10,160,142,52,64
10,161,142,33,64
10,162,142,56,64
10,163,142,45,64
10,164,142,58,64
10,165,142,54,64
10,166,142,59,64
1,1,143,78,123
1,2,143,74,123
1,3,143,76,123
1,4,143,80,123
1,5,143,67,123
1,6,143,69,123
1,7,143,87,123
1,8,143,65,123
1,9,143,118,123
1,10,143,88,123
1,11,143,85,123
1,12,143,81,123
1,13,143,68,123
1,14,143,63,123
1,15,143,104,123
1,16,143,101,123
1,17,143,86,123
1,18,143,82,123
1,19,143,97,123
1,20,143,115,123
1,21,143,75,123
1,22,143,106,123
1,23,143,100,123
1,24,143,133,123
1,25,143,125,123
1,26,143,66,123
1,27,143,114,123
1,28,143,70,123
1,29,143,73,123
1,30,143,84,123
1,31,143,123,123
1,32,143,119,123
1,33,143,116,123
1,34,143,71,123
1,35,143,64,123
1,36,143,112,123
1,37,143,91,123
1,38,143,128,123
1,39,143,92,123
1,40,143,102,123
1,41,143,129,123
1,42,143,134,123
1,43,143,93,123
1,44,143,107,123
1,45,143,90,123
1,46,143,108,123
1,47,143,130,123
1,48,143,83,123
1,49,143,157,123
1,50,143,113,123
1,51,143,94,123
1,52,143,117,123
1,53,143,72,123
1,54,143,126,123
1,55,143,124,123
1,56,143,103,123
1,57,143,79,123
1,58,143,62,123
1,59,143,105,123
1,60,143,96,123
1,61,143,137,123
1,62,143,95,123
1,63,143,135,123
1,64,143,131,123
1,65,143,153,123
1,66,143,132,123
1,67,143,89,123
1,68,143,127,123
1,69,143,121,123
1,70,143,136,123
1,71,143,146,123
1,72,143,6,123
1,73,143,99,123
1,74,143,147,123
1,75,143,141,123
1,76,143,155,123
1,77,143,143,123
1,78,143,148,123
1,79,143,140,123
1,80,143,139,123
1,81,143,77,123
1,82,143,122,123
1,83,143,120,123
1,84,143,154,123
1,85,143,98,123
1,86,143,166,123
1,87,143,165,123
1,88,143,14,123
1,89,143,110,123
1,90,143,18,123
1,91,143,5,123
1,92,143,158,123
1,93,143,164,123
1,94,143,144,123
1,95,143,111,123
1,96,143,149,123
1,97,143,160,123
1,98,143,145,123
1,99,143,15,123
1,100,143,161,123
1,101,143,156,123
1,102,143,9,123
1,103,143,142,123
1,104,143,159,123
1,105,143,109,123
1,106,143,150,123
1,107,143,162,123
1,108,143,31,123
1,109,143,138,123
1,110,143,163,123
1,111,143,151,123
1,112,143,152,123
1,113,143,22,123
1,114,143,3,123
1,115,143,30,123
1,116,143,19,123
1,117,143,29,123
1,118,143,11,123
1,119,143,48,123
1,120,143,10,123
1,121,143,32,123
1,122,143,21,123
1,123,143,16,123
1,124,143,1,123
1,125,143,28,123
1,126,143,20,123
1,127,143,4,123
1,128,143,13,123
1,129,143,24,123
1,130,143,26,123
1,131,143,51,123
1,132,143,43,123
1,133,143,7,123
1,134,143,27,123
1,135,143,44,123
1,136,143,39,123
1,137,143,40,123
1,138,143,50,123
1,139,143,42,123
1,140,143,17,123
1,141,143,2,123
1,142,143,12,123
1,143,143,41,123
1,144,143,49,123
1,145,143,25,123
1,146,143,47,123
1,147,143,46,123
1,148,143,60,123
1,149,143,53,123
1,150,143,8,123
1,151,143,36,123
1,152,143,23,123
10,153,143,35,123
10,154,143,37,123
10,155,143,57,123
10,156,143,34,123
10,157,143,38,123
10,158,143,61,123
10,159,143,55,123
10,160,143,52,123
10,161,143,33,123
10,162,143,56,123
10,163,143,45,123
10,164,143,58,123
10,165,143,54,123
10,166,143,59,123
1,1,144,78,55
1,2,144,74,55
1,3,144,76,55
1,4,144,80,55
1,5,144,67,55
1,6,144,69,55
1,7,144,87,55
1,8,144,65,55
1,9,144,118,55
1,10,144,88,55
1,11,144,85,55
1,12,144,81,55
1,13,144,68,55
1,14,144,63,55
1,15,144,104,55
1,16,144,101,55
1,17,144,86,55
1,18,144,82,55
1,19,144,97,55
1,20,144,115,55
1,21,144,75,55
1,22,144,106,55
1,23,144,100,55
1,24,144,133,55
1,25,144,125,55
1,26,144,66,55
1,27,144,114,55
1,28,144,70,55
1,29,144,73,55
1,30,144,84,55
1,31,144,123,55
1,32,144,119,55
1,33,144,116,55
1,34,144,71,55
1,35,144,64,55
1,36,144,112,55
1,37,144,91,55
1,38,144,128,55
1,39,144,92,55
1,40,144,102,55
1,41,144,129,55
1,42,144,134,55
1,43,144,93,55
1,44,144,107,55
1,45,144,90,55
1,46,144,108,55
1,47,144,130,55
1,48,144,83,55
1,49,144,157,55
1,50,144,113,55
1,51,144,94,55
1,52,144,117,55
1,53,144,72,55
1,54,144,126,55
1,55,144,124,55
1,56,144,103,55
1,57,144,79,55
1,58,144,62,55
1,59,144,105,55
1,60,144,96,55
1,61,144,137,55
1,62,144,95,55
1,63,144,135,55
1,64,144,131,55
1,65,144,153,55
1,66,144,132,55
1,67,144,89,55
1,68,144,127,55
1,69,144,121,55
1,70,144,136,55
1,71,144,146,55
1,72,144,6,55
1,73,144,99,55
1,74,144,147,55
1,75,144,141,55
1,76,144,155,55
1,77,144,143,55
1,78,144,148,55
1,79,144,140,55
1,80,144,139,55
1,81,144,77,55
1,82,144,122,55
1,83,144,120,55
1,84,144,154,55
1,85,144,98,55
1,86,144,166,55
1,87,144,165,55
1,88,144,14,55
1,89,144,110,55
1,90,144,18,55
1,91,144,5,55
1,92,144,158,55
1,93,144,164,55
1,94,144,144,55
1,95,144,111,55
1,96,144,149,55
1,97,144,160,55
1,98,144,145,55
1,99,144,15,55
1,100,144,161,55
1,101,144,156,55
1,102,144,9,55
1,103,144,142,55
1,104,144,159,55
1,105,144,109,55
1,106,144,150,55
1,107,144,162,55
1,108,144,31,55
1,109,144,138,55
1,110,144,163,55
1,111,144,151,55
1,112,144,152,55
1,113,144,22,55
1,114,144,3,55
1,115,144,30,55
1,116,144,19,55
1,117,144,29,55
1,118,144,11,55
1,119,144,48,55
1,120,144,10,55
1,121,144,32,55
1,122,144,21,55
1,123,144,16,55
1,124,144,1,55
1,125,144,28,55
1,126,144,20,55
1,127,144,4,55
1,128,144,13,55
1,129,144,24,55
1,130,144,26,55
1,131,144,51,55
1,132,144,43,55
1,133,144,7,55
1,134,144,27,55
13,135,144,44,55
13,136,144,39,55
13,137,144,40,55
13,138,144,50,55
13,139,144,42,55
13,140,144,17,55
13,141,144,2,55
13,142,144,12,55
13,143,144,41,55
13,144,144,49,55
13,145,144,25,55
13,146,144,47,55
13,147,144,46,55
13,148,144,60,55
13,149,144,53,55
13,150,144,8,55
13,151,144,36,55
13,152,144,23,55
10,153,144,35,55
10,154,144,37,55
10,155,144,57,55
10,156,144,34,55
10,157,144,38,55
10,158,144,61,55
10,159,144,55,55
10,160,144,52,55
10,161,144,33,55
10,162,144,56,55
10,163,144,45,55
10,164,144,58,55
10,165,144,54,55
10,166,144,59,55
1,1,145,78,130
1,2,145,74,130
1,3,145,76,130
1,4,145,80,130
1,5,145,67,130
1,6,145,69,130
1,7,145,87,130
1,8,145,65,130
1,9,145,118,130
1,10,145,88,130
1,11,145,85,130
1,12,145,81,130
1,13,145,68,130
1,14,145,63,130
1,15,145,104,130
1,16,145,101,130
1,17,145,86,130
1,18,145,82,130
1,19,145,97,130
1,20,145,115,130
1,21,145,75,130
1,22,145,106,130
1,23,145,100,130
1,24,145,133,130
1,25,145,125,130
1,26,145,66,130
1,27,145,114,130
1,28,145,70,130
1,29,145,73,130
1,30,145,84,130
1,31,145,123,130
1,32,145,119,130
1,33,145,116,130
1,34,145,71,130
1,35,145,64,130
1,36,145,112,130
1,37,145,91,130
1,38,145,128,130
1,39,145,92,130
1,40,145,102,130
1,41,145,129,130
1,42,145,134,130
1,43,145,93,130
1,44,145,107,130
1,45,145,90,130
1,46,145,108,130
1,47,145,130,130
1,48,145,83,130
1,49,145,157,130
1,50,145,113,130
1,51,145,94,130
1,52,145,117,130
1,53,145,72,130
1,54,145,126,130
1,55,145,124,130
1,56,145,103,130
1,57,145,79,130
1,58,145,62,130
1,59,145,105,130
1,60,145,96,130
1,61,145,137,130
1,62,145,95,130
1,63,145,135,130
1,64,145,131,130
1,65,145,153,130
1,66,145,132,130
1,67,145,89,130
1,68,145,127,130
1,69,145,121,130
1,70,145,136,130
1,71,145,146,130
1,72,145,6,130
1,73,145,99,130
1,74,145,147,130
1,75,145,141,130
1,76,145,155,130
1,77,145,143,130
1,78,145,148,130
1,79,145,140,130
1,80,145,139,130
1,81,145,77,130
1,82,145,122,130
1,83,145,120,130
1,84,145,154,130
1,85,145,98,130
1,86,145,166,130
1,87,145,165,130
1,88,145,14,130
1,89,145,110,130
1,90,145,18,130
1,91,145,5,130
1,92,145,158,130
1,93,145,164,130
1,94,145,144,130
1,95,145,111,130
1,96,145,149,130
1,97,145,160,130
1,98,145,145,130
1,99,145,15,130
1,100,145,161,130
1,101,145,156,130
1,102,145,9,130
1,103,145,142,130
1,104,145,159,130
1,105,145,109,130
1,106,145,150,130
1,107,145,162,130
1,108,145,31,130
1,109,145,138,130
1,110,145,163,130
1,111,145,151,130
1,112,145,152,130
1,113,145,22,130
1,114,145,3,130
1,115,145,30,130
1,116,145,19,130
1,117,145,29,130
1,118,145,11,130
1,119,145,48,130
1,120,145,10,130
1,121,145,32,130
1,122,145,21,130
1,123,145,16,130
1,124,145,1,130
1,125,145,28,130
1,126,145,20,130
1,127,145,4,130
1,128,145,13,130
1,129,145,24,130
1,130,145,26,130
1,131,145,51,130
1,132,145,43,130
1,133,145,7,130
1,134,145,27,130
13,135,145,44,130
13,136,145,39,130
13,137,145,40,130
13,138,145,50,130
13,139,145,42,130
13,140,145,17,130
13,141,145,2,130
13,142,145,12,130
13,143,145,41,130
13,144,145,49,130
13,145,145,25,130
13,146,145,47,130
13,147,145,46,130
13,148,145,60,130
13,149,145,53,130
13,150,145,8,130
13,151,145,36,130
13,152,145,23,130
10,153,145,35,130
10,154,145,37,130
10,155,145,57,130
10,156,145,34,130
10,157,145,38,130
10,158,145,61,130
10,159,145,55,130
10,160,145,52,130
10,161,145,33,130
10,162,145,56,130
10,163,145,45,130
10,164,145,58,130
10,165,145,54,130
10,166,145,59,130
1,1,146,78,146
1,2,146,74,146
1,3,146,76,146
1,4,146,80,146
1,5,146,67,146
1,6,146,69,146
1,7,146,87,146
1,8,146,65,146
1,9,146,118,146
1,10,146,88,146
1,11,146,85,146
1,12,146,81,146
1,13,146,68,146
1,14,146,63,146
1,15,146,104,146
1,16,146,101,146
1,17,146,86,146
1,18,146,82,146
1,19,146,97,146
1,20,146,115,146
1,21,146,75,146
1,22,146,106,146
1,23,146,100,146
1,24,146,133,146
1,25,146,125,146
1,26,146,66,146
1,27,146,114,146
1,28,146,70,146
1,29,146,73,146
1,30,146,84,146
1,31,146,123,146
1,32,146,119,146
1,33,146,116,146
1,34,146,71,146
1,35,146,64,146
1,36,146,112,146
1,37,146,91,146
1,38,146,128,146
1,39,146,92,146
1,40,146,102,146
1,41,146,129,146
1,42,146,134,146
1,43,146,93,146
1,44,146,107,146
1,45,146,90,146
1,46,146,108,146
1,47,146,130,146
1,48,146,83,146
1,49,146,157,146
1,50,146,113,146
1,51,146,94,146
1,52,146,117,146
1,53,146,72,146
1,54,146,126,146
1,55,146,124,146
1,56,146,103,146
1,57,146,79,146
1,58,146,62,146
1,59,146,105,146
1,60,146,96,146
1,61,146,137,146
1,62,146,95,146
1,63,146,135,146
1,64,146,131,146
1,65,146,153,146
1,66,146,132,146
1,67,146,89,146
1,68,146,127,146
1,69,146,121,146
1,70,146,136,146
1,71,146,146,146
1,72,146,6,146
1,73,146,99,146
1,74,146,147,146
1,75,146,141,146
1,76,146,155,146
1,77,146,143,146
1,78,146,148,146
1,79,146,140,146
1,80,146,139,146
1,81,146,77,146
1,82,146,122,146
1,83,146,120,146
1,84,146,154,146
1,85,146,98,146
1,86,146,166,146
1,87,146,165,146
1,88,146,14,146
1,89,146,110,146
1,90,146,18,146
1,91,146,5,146
1,92,146,158,146
1,93,146,164,146
1,94,146,144,146
1,95,146,111,146
1,96,146,149,146
1,97,146,160,146
1,98,146,145,146
1,99,146,15,146
1,100,146,161,146
1,101,146,156,146
1,102,146,9,146
1,103,146,142,146
1,104,146,159,146
1,105,146,109,146
1,106,146,150,146
1,107,146,162,146
1,108,146,31,146
1,109,146,138,146
1,110,146,163,146
1,111,146,151,146
1,112,146,152,146
1,113,146,22,146
1,114,146,3,146
1,115,146,30,146
1,116,146,19,146
1,117,146,29,146
1,118,146,11,146
1,119,146,48,146
1,120,146,10,146
1,121,146,32,146
1,122,146,21,146
1,123,146,16,146
1,124,146,1,146
1,125,146,28,146
1,126,146,20,146
1,127,146,4,146
1,128,146,13,146
1,129,146,24,146
1,130,146,26,146
1,131,146,51,146
1,132,146,43,146
1,133,146,7,146
1,134,146,27,146
13,135,146,44,146
13,136,146,39,146
13,137,146,40,146
13,138,146,50,146
13,139,146,42,146
13,140,146,17,146
13,141,146,2,146
13,142,146,12,146
13,143,146,41,146
13,144,146,49,146
13,145,146,25,146
13,146,146,47,146
13,147,146,46,146
13,148,146,60,146
13,149,146,53,146
13,150,146,8,146
13,151,146,36,146
13,152,146,23,146
10,153,146,35,146
10,154,146,37,146
10,155,146,57,146
10,156,146,34,146
10,157,146,38,146
10,158,146,61,146
10,159,146,55,146
10,160,146,52,146
10,161,146,33,146
10,162,146,56,146
10,163,146,45,146
10,164,146,58,146
10,165,146,54,146
10,166,146,59,146
1,1,147,78,42
1,2,147,74,42
1,3,147,76,42
1,4,147,80,42
1,5,147,67,42
1,6,147,69,42
1,7,147,87,42
1,8,147,65,42
1,9,147,118,42
1,10,147,88,42
1,11,147,85,42
1,12,147,81,42
1,13,147,68,42
1,14,147,63,42
1,15,147,104,42
1,16,147,101,42
1,17,147,86,42
1,18,147,82,42
1,19,147,97,42
1,20,147,115,42
1,21,147,75,42
1,22,147,106,42
1,23,147,100,42
1,24,147,133,42
1,25,147,125,42
1,26,147,66,42
1,27,147,114,42
1,28,147,70,42
1,29,147,73,42
1,30,147,84,42
1,31,147,123,42
1,32,147,119,42
1,33,147,116,42
1,34,147,71,42
1,35,147,64,42
1,36,147,112,42
1,37,147,91,42
1,38,147,128,42
1,39,147,92,42
1,40,147,102,42
1,41,147,129,42
1,42,147,134,42
1,43,147,93,42
1,44,147,107,42
1,45,147,90,42
1,46,147,108,42
1,47,147,130,42
1,48,147,83,42
1,49,147,157,42
1,50,147,113,42
1,51,147,94,42
1,52,147,117,42
1,53,147,72,42
1,54,147,126,42
1,55,147,124,42
1,56,147,103,42
1,57,147,79,42
1,58,147,62,42
1,59,147,105,42
1,60,147,96,42
1,61,147,137,42
1,62,147,95,42
1,63,147,135,42
1,64,147,131,42
1,65,147,153,42
1,66,147,132,42
1,67,147,89,42
1,68,147,127,42
1,69,147,121,42
1,70,147,136,42
1,71,147,146,42
1,72,147,6,42
1,73,147,99,42
1,74,147,147,42
1,75,147,141,42
1,76,147,155,42
1,77,147,143,42
1,78,147,148,42
1,79,147,140,42
1,80,147,139,42
1,81,147,77,42
1,82,147,122,42
1,83,147,120,42
1,84,147,154,42
1,85,147,98,42
1,86,147,166,42
1,87,147,165,42
1,88,147,14,42
1,89,147,110,42
1,90,147,18,42
1,91,147,5,42
1,92,147,158,42
1,93,147,164,42
1,94,147,144,42
1,95,147,111,42
1,96,147,149,42
1,97,147,160,42
1,98,147,145,42
1,99,147,15,42
1,100,147,161,42
1,101,147,156,42
1,102,147,9,42
1,103,147,142,42
1,104,147,159,42
1,105,147,109,42
1,106,147,150,42
1,107,147,162,42
1,108,147,31,42
1,109,147,138,42
1,110,147,163,42
1,111,147,151,42
1,112,147,152,42
1,113,147,22,42
1,114,147,3,42
1,115,147,30,42
1,116,147,19,42
1,117,147,29,42
1,118,147,11,42
1,119,147,48,42
1,120,147,10,42
1,121,147,32,42
1,122,147,21,42
1,123,147,16,42
1,124,147,1,42
1,125,147,28,42
1,126,147,20,42
1,127,147,4,42
1,128,147,13,42
1,129,147,24,42
1,130,147,26,42
1,131,147,51,42
1,132,147,43,42
1,133,147,7,42
1,134,147,27,42
1,135,147,44,42
1,136,147,39,42
1,137,147,40,42
1,138,147,50,42
1,139,147,42,42
1,140,147,17,42
1,141,147,2,42
1,142,147,12,42
1,143,147,41,42
1,144,147,49,42
1,145,147,25,42
1,146,147,47,42
1,147,147,46,42
1,148,147,60,42
1,149,147,53,42
1,150,147,8,42
1,151,147,36,42
1,152,147,23,42
1,153,147,35,42
1,154,147,37,42
1,155,147,57,42
1,156,147,34,42
1,157,147,38,42
1,158,147,61,42
1,159,147,55,42
1,160,147,52,42
1,161,147,33,42
1,162,147,56,42
1,163,147,45,42
1,164,147,58,42
1,165,147,54,42
1,166,147,59,42
1,1,148,78,117
1,2,148,74,117
1,3,148,76,117
1,4,148,80,117
1,5,148,67,117
1,6,148,69,117
1,7,148,87,117
1,8,148,65,117
1,9,148,118,117
1,10,148,88,117
1,11,148,85,117
1,12,148,81,117
1,13,148,68,117
1,14,148,63,117
1,15,148,104,117
1,16,148,101,117
1,17,148,86,117
1,18,148,82,117
1,19,148,97,117
1,20,148,115,117
1,21,148,75,117
1,22,148,106,117
1,23,148,100,117
1,24,148,133,117
1,25,148,125,117
1,26,148,66,117
1,27,148,114,117
1,28,148,70,117
1,29,148,73,117
1,30,148,84,117
1,31,148,123,117
1,32,148,119,117
1,33,148,116,117
1,34,148,71,117
1,35,148,64,117
1,36,148,112,117
1,37,148,91,117
1,38,148,128,117
1,39,148,92,117
1,40,148,102,117
1,41,148,129,117
1,42,148,134,117
1,43,148,93,117
1,44,148,107,117
1,45,148,90,117
1,46,148,108,117
1,47,148,130,117
1,48,148,83,117
1,49,148,157,117
1,50,148,113,117
1,51,148,94,117
1,52,148,117,117
1,53,148,72,117
1,54,148,126,117
1,55,148,124,117
1,56,148,103,117
1,57,148,79,117
1,58,148,62,117
1,59,148,105,117
1,60,148,96,117
1,61,148,137,117
1,62,148,95,117
1,63,148,135,117
1,64,148,131,117
1,65,148,153,117
1,66,148,132,117
1,67,148,89,117
1,68,148,127,117
1,69,148,121,117
1,70,148,136,117
1,71,148,146,117
1,72,148,6,117
1,73,148,99,117
1,74,148,147,117
1,75,148,141,117
1,76,148,155,117
1,77,148,143,117
1,78,148,148,117
1,79,148,140,117
1,80,148,139,117
1,81,148,77,117
1,82,148,122,117
1,83,148,120,117
1,84,148,154,117
1,85,148,98,117
1,86,148,166,117
1,87,148,165,117
1,88,148,14,117
1,89,148,110,117
1,90,148,18,117
1,91,148,5,117
1,92,148,158,117
1,93,148,164,117
1,94,148,144,117
1,95,148,111,117
1,96,148,149,117
1,97,148,160,117
1,98,148,145,117
1,99,148,15,117
1,100,148,161,117
1,101,148,156,117
1,102,148,9,117
1,103,148,142,117
1,104,148,159,117
1,105,148,109,117
1,106,148,150,117
1,107,148,162,117
1,108,148,31,117
1,109,148,138,117
1,110,148,163,117
1,111,148,151,117
1,112,148,152,117
1,113,148,22,117
1,114,148,3,117
1,115,148,30,117
1,116,148,19,117
1,117,148,29,117
1,118,148,11,117
1,119,148,48,117
1,120,148,10,117
1,121,148,32,117
1,122,148,21,117
1,123,148,16,117
1,124,148,1,117
1,125,148,28,117
1,126,148,20,117
1,127,148,4,117
1,128,148,13,117
1,129,148,24,117
1,130,148,26,117
1,131,148,51,117
1,132,148,43,117
1,133,148,7,117
1,134,148,27,117
1,135,148,44,117
1,136,148,39,117
1,137,148,40,117
1,138,148,50,117
1,139,148,42,117
1,140,148,17,117
1,141,148,2,117
1,142,148,12,117
1,143,148,41,117
1,144,148,49,117
1,145,148,25,117
1,146,148,47,117
1,147,148,46,117
1,148,148,60,117
1,149,148,53,117
1,150,148,8,117
1,151,148,36,117
1,152,148,23,117
1,153,148,35,117
1,154,148,37,117
1,155,148,57,117
1,156,148,34,117
1,157,148,38,117
1,158,148,61,117
1,159,148,55,117
1,160,148,52,117
1,161,148,33,117
1,162,148,56,117
1,163,148,45,117
1,164,148,58,117
1,165,148,54,117
1,166,148,59,117
1,1,149,78,90
1,2,149,74,90
1,3,149,76,90
1,4,149,80,90
1,5,149,67,90
1,6,149,69,90
1,7,149,87,90
1,8,149,65,90
1,9,149,118,90
1,10,149,88,90
1,11,149,85,90
1,12,149,81,90
1,13,149,68,90
1,14,149,63,90
1,15,149,104,90
1,16,149,101,90
1,17,149,86,90
1,18,149,82,90
1,19,149,97,90
1,20,149,115,90
1,21,149,75,90
1,22,149,106,90
1,23,149,100,90
1,24,149,133,90
1,25,149,125,90
1,26,149,66,90
1,27,149,114,90
1,28,149,70,90
1,29,149,73,90
1,30,149,84,90
1,31,149,123,90
1,32,149,119,90
1,33,149,116,90
1,34,149,71,90
1,35,149,64,90
1,36,149,112,90
1,37,149,91,90
1,38,149,128,90
1,39,149,92,90
1,40,149,102,90
1,41,149,129,90
1,42,149,134,90
1,43,149,93,90
1,44,149,107,90
1,45,149,90,90
1,46,149,108,90
1,47,149,130,90
1,48,149,83,90
1,49,149,157,90
1,50,149,113,90
1,51,149,94,90
1,52,149,117,90
1,53,149,72,90
1,54,149,126,90
1,55,149,124,90
1,56,149,103,90
1,57,149,79,90
1,58,149,62,90
1,59,149,105,90
1,60,149,96,90
1,61,149,137,90
1,62,149,95,90
1,63,149,135,90
1,64,149,131,90
1,65,149,153,90
1,66,149,132,90
1,67,149,89,90
1,68,149,127,90
1,69,149,121,90
1,70,149,136,90
1,71,149,146,90
1,72,149,6,90
1,73,149,99,90
1,74,149,147,90
1,75,149,141,90
1,76,149,155,90
1,77,149,143,90
1,78,149,148,90
1,79,149,140,90
1,80,149,139,90
1,81,149,77,90
1,82,149,122,90
1,83,149,120,90
1,84,149,154,90
1,85,149,98,90
1,86,149,166,90
1,87,149,165,90
1,88,149,14,90
1,89,149,110,90
1,90,149,18,90
1,91,149,5,90
1,92,149,158,90
1,93,149,164,90
1,94,149,144,90
1,95,149,111,90
1,96,149,149,90
1,97,149,160,90
1,98,149,145,90
1,99,149,15,90
1,100,149,161,90
1,101,149,156,90
1,102,149,9,90
1,103,149,142,90
1,104,149,159,90
1,105,149,109,90
1,106,149,150,90
1,107,149,162,90
1,108,149,31,90
1,109,149,138,90
1,110,149,163,90
1,111,149,151,90
1,112,149,152,90
1,113,149,22,90
1,114,149,3,90
1,115,149,30,90
1,116,149,19,90
1,117,149,29,90
1,118,149,11,90
1,119,149,48,90
1,120,149,10,90
1,121,149,32,90
1,122,149,21,90
1,123,149,16,90
1,124,149,1,90
1,125,149,28,90
1,126,149,20,90
1,127,149,4,90
1,128,149,13,90
1,129,149,24,90
1,130,149,26,90
1,131,149,51,90
1,132,149,43,90
1,133,149,7,90
1,134,149,27,90
1,135,149,44,90
1,136,149,39,90
1,137,149,40,90
1,138,149,50,90
1,139,149,42,90
1,140,149,17,90
1,141,149,2,90
1,142,149,12,90
1,143,149,41,90
1,144,149,49,90
1,145,149,25,90
1,146,149,47,90
1,147,149,46,90
1,148,149,60,90
1,149,149,53,90
1,150,149,8,90
1,151,149,36,90
1,152,149,23,90
1,153,149,35,90
1,154,149,37,90
1,155,149,57,90
1,156,149,34,90
1,157,149,38,90
1,158,149,61,90
1,159,149,55,90
1,160,149,52,90
1,161,149,33,90
1,162,149,56,90
1,163,149,45,90
1,164,149,58,90
1,165,149,54,90
1,166,149,59,90
1,1,150,78,84
1,2,150,74,84
1,3,150,76,84
1,4,150,80,84
1,5,150,67,84
1,6,150,69,84
1,7,150,87,84
1,8,150,65,84
1,9,150,118,84
1,10,150,88,84
1,11,150,85,84
1,12,150,81,84
1,13,150,68,84
1,14,150,63,84
1,15,150,104,84
1,16,150,101,84
1,17,150,86,84
1,18,150,82,84
1,19,150,97,84
1,20,150,115,84
1,21,150,75,84
1,22,150,106,84
1,23,150,100,84
1,24,150,133,84
1,25,150,125,84
1,26,150,66,84
1,27,150,114,84
1,28,150,70,84
1,29,150,73,84
1,30,150,84,84
1,31,150,123,84
1,32,150,119,84
1,33,150,116,84
1,34,150,71,84
1,35,150,64,84
1,36,150,112,84
1,37,150,91,84
1,38,150,128,84
1,39,150,92,84
1,40,150,102,84
1,41,150,129,84
1,42,150,134,84
1,43,150,93,84
1,44,150,107,84
1,45,150,90,84
1,46,150,108,84
1,47,150,130,84
1,48,150,83,84
1,49,150,157,84
1,50,150,113,84
1,51,150,94,84
1,52,150,117,84
1,53,150,72,84
1,54,150,126,84
1,55,150,124,84
1,56,150,103,84
1,57,150,79,84
1,58,150,62,84
1,59,150,105,84
1,60,150,96,84
1,61,150,137,84
1,62,150,95,84
1,63,150,135,84
1,64,150,131,84
1,65,150,153,84
1,66,150,132,84
1,67,150,89,84
1,68,150,127,84
1,69,150,121,84
1,70,150,136,84
1,71,150,146,84
1,72,150,6,84
1,73,150,99,84
1,74,150,147,84
1,75,150,141,84
1,76,150,155,84
1,77,150,143,84
1,78,150,148,84
1,79,150,140,84
1,80,150,139,84
1,81,150,77,84
1,82,150,122,84
1,83,150,120,84
1,84,150,154,84
1,85,150,98,84
1,86,150,166,84
1,87,150,165,84
1,88,150,14,84
1,89,150,110,84
1,90,150,18,84
1,91,150,5,84
1,92,150,158,84
1,93,150,164,84
1,94,150,144,84
1,95,150,111,84
1,96,150,149,84
1,97,150,160,84
1,98,150,145,84
1,99,150,15,84
1,100,150,161,84
1,101,150,156,84
1,102,150,9,84
1,103,150,142,84
1,104,150,159,84
1,105,150,109,84
1,106,150,150,84
1,107,150,162,84
1,108,150,31,84
1,109,150,138,84
1,110,150,163,84
1,111,150,151,84
1,112,150,152,84
1,113,150,22,84
1,114,150,3,84
1,115,150,30,84
1,116,150,19,84
1,117,150,29,84
1,118,150,11,84
1,119,150,48,84
1,120,150,10,84
1,121,150,32,84
1,122,150,21,84
1,123,150,16,84
1,124,150,1,84
1,125,150,28,84
1,126,150,20,84
1,127,150,4,84
1,128,150,13,84
1,129,150,24,84
1,130,150,26,84
1,131,150,51,84
1,132,150,43,84
1,133,150,7,84
1,134,150,27,84
1,135,150,44,84
1,136,150,39,84
1,137,150,40,84
1,138,150,50,84
1,139,150,42,84
1,140,150,17,84
1,141,150,2,84
1,142,150,12,84
1,143,150,41,84
1,144,150,49,84
1,145,150,25,84
1,146,150,47,84
1,147,150,46,84
1,148,150,60,84
1,149,150,53,84
1,150,150,8,84
1,151,150,36,84
1,152,150,23,84
1,153,150,35,84
1,154,150,37,84
1,155,150,57,84
1,156,150,34,84
1,157,150,38,84
1,158,150,61,84
1,159,150,55,84
1,160,150,52,84
1,161,150,33,84
1,162,150,56,84
1,163,150,45,84
1,164,150,58,84
1,165,150,54,84
1,166,150,59,84
1,1,151,78,16
1,2,151,74,16
1,3,151,76,16
1,4,151,80,16
1,5,151,67,16
1,6,151,69,16
1,7,151,87,16
1,8,151,65,16
1,9,151,118,16
1,10,151,88,16
1,11,151,85,16
1,12,151,81,16
1,13,151,68,16
1,14,151,63,16
1,15,151,104,16
1,16,151,101,16
1,17,151,86,16
1,18,151,82,16
1,19,151,97,16
1,20,151,115,16
1,21,151,75,16
1,22,151,106,16
1,23,151,100,16
1,24,151,133,16
1,25,151,125,16
1,26,151,66,16
1,27,151,114,16
1,28,151,70,16
1,29,151,73,16
1,30,151,84,16
1,31,151,123,16
1,32,151,119,16
1,33,151,116,16
1,34,151,71,16
1,35,151,64,16
1,36,151,112,16
1,37,151,91,16
1,38,151,128,16
1,39,151,92,16
1,40,151,102,16
1,41,151,129,16
1,42,151,134,16
1,43,151,93,16
1,44,151,107,16
1,45,151,90,16
1,46,151,108,16
1,47,151,130,16
1,48,151,83,16
1,49,151,157,16
1,50,151,113,16
1,51,151,94,16
1,52,151,117,16
1,53,151,72,16
1,54,151,126,16
1,55,151,124,16
1,56,151,103,16
1,57,151,79,16
1,58,151,62,16
1,59,151,105,16
1,60,151,96,16
1,61,151,137,16
1,62,151,95,16
1,63,151,135,16
1,64,151,131,16
1,65,151,153,16
1,66,151,132,16
1,67,151,89,16
1,68,151,127,16
1,69,151,121,16
1,70,151,136,16
1,71,151,146,16
1,72,151,6,16
1,73,151,99,16
1,74,151,147,16
1,75,151,141,16
1,76,151,155,16
1,77,151,143,16
1,78,151,148,16
1,79,151,140,16
1,80,151,139,16
1,81,151,77,16
1,82,151,122,16
1,83,151,120,16
1,84,151,154,16
1,85,151,98,16
1,86,151,166,16
1,87,151,165,16
1,88,151,14,16
1,89,151,110,16
1,90,151,18,16
1,91,151,5,16
1,92,151,158,16
1,93,151,164,16
1,94,151,144,16
1,95,151,111,16
1,96,151,149,16
1,97,151,160,16
1,98,151,145,16
1,99,151,15,16
1,100,151,161,16
1,101,151,156,16
1,102,151,9,16
1,103,151,142,16
1,104,151,159,16
1,105,151,109,16
1,106,151,150,16
1,107,151,162,16
1,108,151,31,16
1,109,151,138,16
1,110,151,163,16
1,111,151,151,16
1,112,151,152,16
1,113,151,22,16
1,114,151,3,16
1,115,151,30,16
1,116,151,19,16
1,117,151,29,16
1,118,151,11,16
1,119,151,48,16
1,120,151,10,16
1,121,151,32,16
1,122,151,21,16
1,123,151,16,16
1,124,151,1,16
1,125,151,28,16
1,126,151,20,16
1,127,151,4,16
1,128,151,13,16
1,129,151,24,16
1,130,151,26,16
1,131,151,51,16
1,132,151,43,16
1,133,151,7,16
1,134,151,27,16
1,135,151,44,16
1,136,151,39,16
1,137,151,40,16
1,138,151,50,16
1,139,151,42,16
1,140,151,17,16
1,141,151,2,16
1,142,151,12,16
1,143,151,41,16
1,144,151,49,16
1,145,151,25,16
1,146,151,47,16
1,147,151,46,16
1,148,151,60,16
1,149,151,53,16
1,150,151,8,16
1,151,151,36,16
1,152,151,23,16
1,153,151,35,16
1,154,151,37,16
1,155,151,57,16
1,156,151,34,16
1,157,151,38,16
1,158,151,61,16
1,159,151,55,16
1,160,151,52,16
1,161,151,33,16
1,162,151,56,16
1,163,151,45,16
1,164,151,58,16
1,165,151,54,16
1,166,151,59,16
1,1,152,78,10
1,2,152,74,10
1,3,152,76,10
1,4,152,80,10
1,5,152,67,10
1,6,152,69,10
1,7,152,87,10
1,8,152,65,10
1,9,152,118,10
1,10,152,88,10
1,11,152,85,10
1,12,152,81,10
1,13,152,68,10
1,14,152,63,10
1,15,152,104,10
1,16,152,101,10
1,17,152,86,10
1,18,152,82,10
1,19,152,97,10
1,20,152,115,10
1,21,152,75,10
1,22,152,106,10
1,23,152,100,10
1,24,152,133,10
1,25,152,125,10
1,26,152,66,10
1,27,152,114,10
1,28,152,70,10
1,29,152,73,10
1,30,152,84,10
1,31,152,123,10
1,32,152,119,10
1,33,152,116,10
1,34,152,71,10
1,35,152,64,10
1,36,152,112,10
1,37,152,91,10
1,38,152,128,10
1,39,152,92,10
1,40,152,102,10
1,41,152,129,10
1,42,152,134,10
1,43,152,93,10
1,44,152,107,10
1,45,152,90,10
1,46,152,108,10
1,47,152,130,10
1,48,152,83,10
1,49,152,157,10
1,50,152,113,10
1,51,152,94,10
1,52,152,117,10
1,53,152,72,10
1,54,152,126,10
1,55,152,124,10
1,56,152,103,10
1,57,152,79,10
1,58,152,62,10
1,59,152,105,10
1,60,152,96,10
1,61,152,137,10
1,62,152,95,10
1,63,152,135,10
1,64,152,131,10
1,65,152,153,10
1,66,152,132,10
1,67,152,89,10
1,68,152,127,10
1,69,152,121,10
1,70,152,136,10
1,71,152,146,10
1,72,152,6,10
1,73,152,99,10
1,74,152,147,10
1,75,152,141,10
1,76,152,155,10
1,77,152,143,10
1,78,152,148,10
1,79,152,140,10
1,80,152,139,10
1,81,152,77,10
1,82,152,122,10
1,83,152,120,10
1,84,152,154,10
1,85,152,98,10
1,86,152,166,10
1,87,152,165,10
1,88,152,14,10
1,89,152,110,10
1,90,152,18,10
1,91,152,5,10
1,92,152,158,10
1,93,152,164,10
1,94,152,144,10
1,95,152,111,10
1,96,152,149,10
1,97,152,160,10
1,98,152,145,10
1,99,152,15,10
1,100,152,161,10
1,101,152,156,10
1,102,152,9,10
1,103,152,142,10
1,104,152,159,10
1,105,152,109,10
1,106,152,150,10
1,107,152,162,10
1,108,152,31,10
1,109,152,138,10
1,110,152,163,10
1,111,152,151,10
1,112,152,152,10
1,113,152,22,10
1,114,152,3,10
1,115,152,30,10
1,116,152,19,10
1,117,152,29,10
1,118,152,11,10
1,119,152,48,10
1,120,152,10,10
1,121,152,32,10
1,122,152,21,10
1,123,152,16,10
1,124,152,1,10
1,125,152,28,10
1,126,152,20,10
1,127,152,4,10
1,128,152,13,10
1,129,152,24,10
1,130,152,26,10
1,131,152,51,10
1,132,152,43,10
1,133,152,7,10
1,134,152,27,10
1,135,152,44,10
1,136,152,39,10
1,137,152,40,10
1,138,152,50,10
1,139,152,42,10
1,140,152,17,10
1,141,152,2,10
1,142,152,12,10
1,143,152,41,10
1,144,152,49,10
1,145,152,25,10
1,146,152,47,10
1,147,152,46,10
1,148,152,60,10
1,149,152,53,10
1,150,152,8,10
1,151,152,36,10
1,152,152,23,10
1,153,152,35,10
1,154,152,37,10
1,155,152,57,10
1,156,152,34,10
1,157,152,38,10
1,158,152,61,10
1,159,152,55,10
1,160,152,52,10
1,161,152,33,10
1,162,152,56,10
1,163,152,45,10
1,164,152,58,10
1,165,152,54,10
1,166,152,59,10
