label,row_new,col_new,row_orig,col_orig
1,1,1,45,66
1,2,1,54,66
1,3,1,46,66
1,4,1,43,66
1,5,1,39,66
1,6,1,34,66
1,7,1,55,66
1,8,1,60,66
1,9,1,50,66
1,10,1,42,66
1,11,1,41,66
1,12,1,49,66
1,13,1,38,66
1,14,1,32,66
1,15,1,37,66
1,16,1,48,66
1,17,1,40,66
1,18,1,35,66
1,19,1,57,66
1,20,1,89,66
1,21,1,44,66
1,22,1,94,66
1,23,1,98,66
1,24,1,53,66
1,25,1,92,66
1,26,1,84,66
1,27,1,88,66
1,28,1,96,66
1,29,1,105,66
1,30,1,58,66
1,31,1,108,66
1,32,1,106,66
1,33,1,19,66
1,34,1,47,66
1,35,1,107,66
1,36,1,97,66
1,37,1,99,66
1,38,1,95,66
1,39,1,90,66
1,40,1,104,66
1,41,1,102,66
1,42,1,59,66
1,43,1,33,66
1,44,1,86,66
1,45,1,31,66
1,46,1,91,66
1,47,1,100,66
1,48,1,36,66
1,49,1,109,66
1,50,1,27,66
1,51,1,5,66
1,52,1,87,66
1,53,1,101,66
1,54,1,51,66
1,55,1,103,66
1,56,1,9,66
1,57,1,6,66
1,58,1,16,66
1,59,1,93,66
1,60,1,11,66
1,61,1,56,66
1,62,1,14,66
1,63,1,24,66
1,64,1,26,66
1,65,1,85,66
1,66,1,7,66
1,67,1,52,66
1,68,1,1,66
1,69,1,23,66
1,70,1,10,66
1,71,1,28,66
1,72,1,13,66
1,73,1,15,66
1,74,1,29,66
1,75,1,17,66
1,76,1,30,66
1,77,1,64,66
1,78,1,115,66
1,79,1,116,66
1,80,1,123,66
1,81,1,2,66
1,82,1,119,66
1,83,1,120,66
1,84,1,126,66
1,85,1,8,66
1,86,1,117,66
1,87,1,4,66
1,88,1,125,66
1,89,1,25,66
1,90,1,110,66
1,91,1,122,66
1,92,1,129,66
1,93,1,3,66
1,94,1,22,66
1,95,1,128,66
1,96,1,18,66
1,97,1,114,66
1,98,1,20,66
1,99,1,127,66
1,100,1,113,66
1,101,1,112,66
1,102,1,67,66
1,103,1,124,66
1,104,1,62,66
1,105,1,12,66
1,106,1,79,66
1,107,1,21,66
1,108,1,74,66
1,109,1,70,66
1,110,1,73,66
1,111,1,81,66
1,112,1,77,66
1,113,1,78,66
1,114,1,80,66
1,115,1,71,66
1,116,1,72,66
1,117,1,76,66
1,118,1,82,66
1,119,1,61,66
1,120,1,121,66
1,121,1,111,66
1,122,1,69,66
1,123,1,65,66
1,124,1,118,66
1,125,1,63,66
1,126,1,66,66
1,127,1,83,66
1,128,1,75,66
1,129,1,68,66
1,1,2,45,225
1,2,2,54,225
1,3,2,46,225
1,4,2,43,225
1,5,2,39,225
1,6,2,34,225
1,7,2,55,225
1,8,2,60,225
1,9,2,50,225
1,10,2,42,225
1,11,2,41,225
1,12,2,49,225
1,13,2,38,225
1,14,2,32,225
1,15,2,37,225
1,16,2,48,225
1,17,2,40,225
1,18,2,35,225
1,19,2,57,225
1,20,2,89,225
1,21,2,44,225
1,22,2,94,225
1,23,2,98,225
1,24,2,53,225
1,25,2,92,225
1,26,2,84,225
1,27,2,88,225
1,28,2,96,225
1,29,2,105,225
1,30,2,58,225
1,31,2,108,225
1,32,2,106,225
1,33,2,19,225
1,34,2,47,225
1,35,2,107,225
1,36,2,97,225
1,37,2,99,225
1,38,2,95,225
1,39,2,90,225
1,40,2,104,225
1,41,2,102,225
1,42,2,59,225
1,43,2,33,225
1,44,2,86,225
1,45,2,31,225
1,46,2,91,225
1,47,2,100,225
1,48,2,36,225
1,49,2,109,225
1,50,2,27,225
1,51,2,5,225
1,52,2,87,225
1,53,2,101,225
1,54,2,51,225
1,55,2,103,225
1,56,2,9,225
1,57,2,6,225
1,58,2,16,225
1,59,2,93,225
1,60,2,11,225
1,61,2,56,225
1,62,2,14,225
1,63,2,24,225
1,64,2,26,225
1,65,2,85,225
1,66,2,7,225
1,67,2,52,225
1,68,2,1,225
1,69,2,23,225
1,70,2,10,225
1,71,2,28,225
1,72,2,13,225
1,73,2,15,225
1,74,2,29,225
1,75,2,17,225
1,76,2,30,225
1,77,2,64,225
1,78,2,115,225
1,79,2,116,225
1,80,2,123,225
1,81,2,2,225
1,82,2,119,225
1,83,2,120,225
1,84,2,126,225
1,85,2,8,225
1,86,2,117,225
1,87,2,4,225
1,88,2,125,225
1,89,2,25,225
1,90,2,110,225
1,91,2,122,225
1,92,2,129,225
1,93,2,3,225
1,94,2,22,225
1,95,2,128,225
1,96,2,18,225
1,97,2,114,225
1,98,2,20,225
1,99,2,127,225
1,100,2,113,225
1,101,2,112,225
1,102,2,67,225
1,103,2,124,225
1,104,2,62,225
1,105,2,12,225
1,106,2,79,225
1,107,2,21,225
1,108,2,74,225
1,109,2,70,225
1,110,2,73,225
1,111,2,81,225
1,112,2,77,225
1,113,2,78,225
1,114,2,80,225
1,115,2,71,225
1,116,2,72,225
1,117,2,76,225
1,118,2,82,225
1,119,2,61,225
1,120,2,121,225
1,121,2,111,225
1,122,2,69,225
1,123,2,65,225
1,124,2,118,225
1,125,2,63,225
1,126,2,66,225
1,127,2,83,225
1,128,2,75,225
1,129,2,68,225
1,1,3,45,103
1,2,3,54,103
1,3,3,46,103
1,4,3,43,103
1,5,3,39,103
1,6,3,34,103
1,7,3,55,103
1,8,3,60,103
1,9,3,50,103
1,10,3,42,103
1,11,3,41,103
1,12,3,49,103
1,13,3,38,103
1,14,3,32,103
1,15,3,37,103
1,16,3,48,103
1,17,3,40,103
1,18,3,35,103
1,19,3,57,103
1,20,3,89,103
1,21,3,44,103
1,22,3,94,103
1,23,3,98,103
1,24,3,53,103
1,25,3,92,103
1,26,3,84,103
1,27,3,88,103
1,28,3,96,103
1,29,3,105,103
1,30,3,58,103
1,31,3,108,103
1,32,3,106,103
1,33,3,19,103
1,34,3,47,103
1,35,3,107,103
1,36,3,97,103
1,37,3,99,103
1,38,3,95,103
1,39,3,90,103
1,40,3,104,103
1,41,3,102,103
1,42,3,59,103
1,43,3,33,103
1,44,3,86,103
1,45,3,31,103
1,46,3,91,103
1,47,3,100,103
1,48,3,36,103
1,49,3,109,103
1,50,3,27,103
1,51,3,5,103
1,52,3,87,103
1,53,3,101,103
1,54,3,51,103
1,55,3,103,103
1,56,3,9,103
1,57,3,6,103
1,58,3,16,103
1,59,3,93,103
1,60,3,11,103
1,61,3,56,103
1,62,3,14,103
1,63,3,24,103
1,64,3,26,103
1,65,3,85,103
1,66,3,7,103
1,67,3,52,103
1,68,3,1,103
1,69,3,23,103
1,70,3,10,103
1,71,3,28,103
1,72,3,13,103
1,73,3,15,103
1,74,3,29,103
1,75,3,17,103
1,76,3,30,103
1,77,3,64,103
1,78,3,115,103
1,79,3,116,103
1,80,3,123,103
1,81,3,2,103
1,82,3,119,103
1,83,3,120,103
1,84,3,126,103
1,85,3,8,103
1,86,3,117,103
1,87,3,4,103
1,88,3,125,103
1,89,3,25,103
1,90,3,110,103
1,91,3,122,103
1,92,3,129,103
1,93,3,3,103
1,94,3,22,103
1,95,3,128,103
1,96,3,18,103
1,97,3,114,103
1,98,3,20,103
1,99,3,127,103
1,100,3,113,103
1,101,3,112,103
1,102,3,67,103
1,103,3,124,103
1,104,3,62,103
1,105,3,12,103
1,106,3,79,103
1,107,3,21,103
1,108,3,74,103
1,109,3,70,103
1,110,3,73,103
1,111,3,81,103
1,112,3,77,103
1,113,3,78,103
1,114,3,80,103
1,115,3,71,103
1,116,3,72,103
1,117,3,76,103
1,118,3,82,103
1,119,3,61,103
1,120,3,121,103
1,121,3,111,103
1,122,3,69,103
1,123,3,65,103
1,124,3,118,103
1,125,3,63,103
1,126,3,66,103
1,127,3,83,103
1,128,3,75,103
1,129,3,68,103
1,1,4,45,56
1,2,4,54,56
1,3,4,46,56
1,4,4,43,56
1,5,4,39,56
1,6,4,34,56
1,7,4,55,56
1,8,4,60,56
1,9,4,50,56
1,10,4,42,56
1,11,4,41,56
1,12,4,49,56
1,13,4,38,56
1,14,4,32,56
1,15,4,37,56
1,16,4,48,56
1,17,4,40,56
1,18,4,35,56
1,19,4,57,56
1,20,4,89,56
1,21,4,44,56
1,22,4,94,56
1,23,4,98,56
1,24,4,53,56
1,25,4,92,56
1,26,4,84,56
1,27,4,88,56
1,28,4,96,56
1,29,4,105,56
1,30,4,58,56
1,31,4,108,56
1,32,4,106,56
1,33,4,19,56
1,34,4,47,56
1,35,4,107,56
1,36,4,97,56
1,37,4,99,56
1,38,4,95,56
1,39,4,90,56
1,40,4,104,56
1,41,4,102,56
1,42,4,59,56
1,43,4,33,56
1,44,4,86,56
1,45,4,31,56
1,46,4,91,56
1,47,4,100,56
1,48,4,36,56
1,49,4,109,56
1,50,4,27,56
1,51,4,5,56
1,52,4,87,56
1,53,4,101,56
1,54,4,51,56
1,55,4,103,56
1,56,4,9,56
1,57,4,6,56
1,58,4,16,56
1,59,4,93,56
1,60,4,11,56
1,61,4,56,56
1,62,4,14,56
1,63,4,24,56
1,64,4,26,56
1,65,4,85,56
1,66,4,7,56
1,67,4,52,56
1,68,4,1,56
1,69,4,23,56
1,70,4,10,56
1,71,4,28,56
1,72,4,13,56
1,73,4,15,56
1,74,4,29,56
1,75,4,17,56
1,76,4,30,56
1,77,4,64,56
1,78,4,115,56
1,79,4,116,56
1,80,4,123,56
1,81,4,2,56
1,82,4,119,56
1,83,4,120,56
1,84,4,126,56
1,85,4,8,56
1,86,4,117,56
1,87,4,4,56
1,88,4,125,56
1,89,4,25,56
1,90,4,110,56
1,91,4,122,56
1,92,4,129,56
1,93,4,3,56
1,94,4,22,56
1,95,4,128,56
1,96,4,18,56
1,97,4,114,56
1,98,4,20,56
1,99,4,127,56
1,100,4,113,56
1,101,4,112,56
1,102,4,67,56
1,103,4,124,56
1,104,4,62,56
1,105,4,12,56
1,106,4,79,56
1,107,4,21,56
1,108,4,74,56
1,109,4,70,56
1,110,4,73,56
1,111,4,81,56
1,112,4,77,56
1,113,4,78,56
1,114,4,80,56
1,115,4,71,56
1,116,4,72,56
1,117,4,76,56
1,118,4,82,56
1,119,4,61,56
1,120,4,121,56
1,121,4,111,56
1,122,4,69,56
1,123,4,65,56
1,124,4,118,56
1,125,4,63,56
1,126,4,66,56
1,127,4,83,56
1,128,4,75,56
1,129,4,68,56
1,1,5,45,101
1,2,5,54,101
1,3,5,46,101
1,4,5,43,101
1,5,5,39,101
1,6,5,34,101
1,7,5,55,101
1,8,5,60,101
1,9,5,50,101
1,10,5,42,101
1,11,5,41,101
1,12,5,49,101
1,13,5,38,101
1,14,5,32,101
1,15,5,37,101
1,16,5,48,101
1,17,5,40,101
1,18,5,35,101
1,19,5,57,101
1,20,5,89,101
1,21,5,44,101
1,22,5,94,101
1,23,5,98,101
1,24,5,53,101
1,25,5,92,101
1,26,5,84,101
1,27,5,88,101
1,28,5,96,101
1,29,5,105,101
1,30,5,58,101
1,31,5,108,101
1,32,5,106,101
1,33,5,19,101
1,34,5,47,101
1,35,5,107,101
1,36,5,97,101
1,37,5,99,101
1,38,5,95,101
1,39,5,90,101
1,40,5,104,101
1,41,5,102,101
1,42,5,59,101
1,43,5,33,101
1,44,5,86,101
1,45,5,31,101
1,46,5,91,101
1,47,5,100,101
1,48,5,36,101
1,49,5,109,101
1,50,5,27,101
1,51,5,5,101
1,52,5,87,101
1,53,5,101,101
1,54,5,51,101
1,55,5,103,101
1,56,5,9,101
1,57,5,6,101
1,58,5,16,101
1,59,5,93,101
1,60,5,11,101
1,61,5,56,101
1,62,5,14,101
1,63,5,24,101
1,64,5,26,101
1,65,5,85,101
1,66,5,7,101
1,67,5,52,101
1,68,5,1,101
1,69,5,23,101
1,70,5,10,101
1,71,5,28,101
1,72,5,13,101
1,73,5,15,101
1,74,5,29,101
1,75,5,17,101
1,76,5,30,101
1,77,5,64,101
1,78,5,115,101
1,79,5,116,101
1,80,5,123,101
1,81,5,2,101
1,82,5,119,101
1,83,5,120,101
1,84,5,126,101
1,85,5,8,101
1,86,5,117,101
1,87,5,4,101
1,88,5,125,101
1,89,5,25,101
1,90,5,110,101
1,91,5,122,101
1,92,5,129,101
1,93,5,3,101
1,94,5,22,101
1,95,5,128,101
1,96,5,18,101
1,97,5,114,101
1,98,5,20,101
1,99,5,127,101
1,100,5,113,101
1,101,5,112,101
1,102,5,67,101
1,103,5,124,101
1,104,5,62,101
1,105,5,12,101
1,106,5,79,101
1,107,5,21,101
1,108,5,74,101
1,109,5,70,101
1,110,5,73,101
1,111,5,81,101
1,112,5,77,101
1,113,5,78,101
1,114,5,80,101
1,115,5,71,101
1,116,5,72,101
1,117,5,76,101
1,118,5,82,101
1,119,5,61,101
1,120,5,121,101
1,121,5,111,101
1,122,5,69,101
1,123,5,65,101
1,124,5,118,101
1,125,5,63,101
1,126,5,66,101
1,127,5,83,101
1,128,5,75,101
1,129,5,68,101
1,1,6,45,144
1,2,6,54,144
1,3,6,46,144
1,4,6,43,144
1,5,6,39,144
1,6,6,34,144
1,7,6,55,144
1,8,6,60,144
1,9,6,50,144
1,10,6,42,144
1,11,6,41,144
1,12,6,49,144
1,13,6,38,144
1,14,6,32,144
1,15,6,37,144
1,16,6,48,144
1,17,6,40,144
1,18,6,35,144
1,19,6,57,144
1,20,6,89,144
1,21,6,44,144
1,22,6,94,144
1,23,6,98,144
1,24,6,53,144
1,25,6,92,144
1,26,6,84,144
1,27,6,88,144
1,28,6,96,144
1,29,6,105,144
1,30,6,58,144
1,31,6,108,144
1,32,6,106,144
1,33,6,19,144
1,34,6,47,144
1,35,6,107,144
1,36,6,97,144
1,37,6,99,144
1,38,6,95,144
1,39,6,90,144
1,40,6,104,144
1,41,6,102,144
1,42,6,59,144
1,43,6,33,144
1,44,6,86,144
1,45,6,31,144
1,46,6,91,144
1,47,6,100,144
1,48,6,36,144
1,49,6,109,144
1,50,6,27,144
1,51,6,5,144
1,52,6,87,144
1,53,6,101,144
1,54,6,51,144
1,55,6,103,144
1,56,6,9,144
1,57,6,6,144
1,58,6,16,144
1,59,6,93,144
1,60,6,11,144
1,61,6,56,144
1,62,6,14,144
1,63,6,24,144
1,64,6,26,144
1,65,6,85,144
1,66,6,7,144
1,67,6,52,144
1,68,6,1,144
1,69,6,23,144
1,70,6,10,144
1,71,6,28,144
1,72,6,13,144
1,73,6,15,144
1,74,6,29,144
1,75,6,17,144
1,76,6,30,144
1,77,6,64,144
1,78,6,115,144
1,79,6,116,144
1,80,6,123,144
1,81,6,2,144
1,82,6,119,144
1,83,6,120,144
1,84,6,126,144
1,85,6,8,144
1,86,6,117,144
1,87,6,4,144
1,88,6,125,144
1,89,6,25,144
1,90,6,110,144
1,91,6,122,144
1,92,6,129,144
1,93,6,3,144
1,94,6,22,144
1,95,6,128,144
1,96,6,18,144
1,97,6,114,144
1,98,6,20,144
1,99,6,127,144
1,100,6,113,144
1,101,6,112,144
1,102,6,67,144
1,103,6,124,144
1,104,6,62,144
1,105,6,12,144
1,106,6,79,144
1,107,6,21,144
1,108,6,74,144
1,109,6,70,144
1,110,6,73,144
1,111,6,81,144
1,112,6,77,144
1,113,6,78,144
1,114,6,80,144
1,115,6,71,144
1,116,6,72,144
1,117,6,76,144
1,118,6,82,144
1,119,6,61,144
1,120,6,121,144
1,121,6,111,144
1,122,6,69,144
1,123,6,65,144
1,124,6,118,144
1,125,6,63,144
1,126,6,66,144
1,127,6,83,144
1,128,6,75,144
1,129,6,68,144
1,1,7,45,209
1,2,7,54,209
1,3,7,46,209
1,4,7,43,209
1,5,7,39,209
1,6,7,34,209
1,7,7,55,209
1,8,7,60,209
1,9,7,50,209
1,10,7,42,209
1,11,7,41,209
1,12,7,49,209
1,13,7,38,209
1,14,7,32,209
1,15,7,37,209
1,16,7,48,209
1,17,7,40,209
1,18,7,35,209
1,19,7,57,209
1,20,7,89,209
1,21,7,44,209
1,22,7,94,209
1,23,7,98,209
1,24,7,53,209
1,25,7,92,209
1,26,7,84,209
1,27,7,88,209
1,28,7,96,209
1,29,7,105,209
1,30,7,58,209
1,31,7,108,209
1,32,7,106,209
1,33,7,19,209
1,34,7,47,209
1,35,7,107,209
1,36,7,97,209
1,37,7,99,209
1,38,7,95,209
1,39,7,90,209
1,40,7,104,209
1,41,7,102,209
1,42,7,59,209
1,43,7,33,209
1,44,7,86,209
1,45,7,31,209
1,46,7,91,209
1,47,7,100,209
1,48,7,36,209
1,49,7,109,209
1,50,7,27,209
1,51,7,5,209
1,52,7,87,209
1,53,7,101,209
1,54,7,51,209
1,55,7,103,209
1,56,7,9,209
1,57,7,6,209
1,58,7,16,209
1,59,7,93,209
1,60,7,11,209
1,61,7,56,209
1,62,7,14,209
1,63,7,24,209
1,64,7,26,209
1,65,7,85,209
1,66,7,7,209
1,67,7,52,209
1,68,7,1,209
1,69,7,23,209
1,70,7,10,209
1,71,7,28,209
1,72,7,13,209
1,73,7,15,209
1,74,7,29,209
1,75,7,17,209
1,76,7,30,209
1,77,7,64,209
1,78,7,115,209
1,79,7,116,209
1,80,7,123,209
1,81,7,2,209
1,82,7,119,209
1,83,7,120,209
1,84,7,126,209
1,85,7,8,209
1,86,7,117,209
1,87,7,4,209
1,88,7,125,209
1,89,7,25,209
1,90,7,110,209
1,91,7,122,209
1,92,7,129,209
1,93,7,3,209
1,94,7,22,209
1,95,7,128,209
1,96,7,18,209
1,97,7,114,209
1,98,7,20,209
1,99,7,127,209
1,100,7,113,209
1,101,7,112,209
1,102,7,67,209
1,103,7,124,209
1,104,7,62,209
1,105,7,12,209
1,106,7,79,209
1,107,7,21,209
1,108,7,74,209
1,109,7,70,209
1,110,7,73,209
1,111,7,81,209
1,112,7,77,209
1,113,7,78,209
1,114,7,80,209
1,115,7,71,209
1,116,7,72,209
1,117,7,76,209
1,118,7,82,209
1,119,7,61,209
1,120,7,121,209
1,121,7,111,209
1,122,7,69,209
1,123,7,65,209
1,124,7,118,209
1,125,7,63,209
1,126,7,66,209
1,127,7,83,209
1,128,7,75,209
1,129,7,68,209
1,1,8,45,121
1,2,8,54,121
1,3,8,46,121
1,4,8,43,121
1,5,8,39,121
1,6,8,34,121
1,7,8,55,121
1,8,8,60,121
1,9,8,50,121
1,10,8,42,121
1,11,8,41,121
1,12,8,49,121
1,13,8,38,121
1,14,8,32,121
1,15,8,37,121
1,16,8,48,121
1,17,8,40,121
1,18,8,35,121
1,19,8,57,121
1,20,8,89,121
1,21,8,44,121
1,22,8,94,121
1,23,8,98,121
1,24,8,53,121
1,25,8,92,121
1,26,8,84,121
1,27,8,88,121
1,28,8,96,121
1,29,8,105,121
1,30,8,58,121
1,31,8,108,121
1,32,8,106,121
1,33,8,19,121
1,34,8,47,121
1,35,8,107,121
1,36,8,97,121
1,37,8,99,121
1,38,8,95,121
1,39,8,90,121
1,40,8,104,121
1,41,8,102,121
1,42,8,59,121
1,43,8,33,121
1,44,8,86,121
1,45,8,31,121
1,46,8,91,121
1,47,8,100,121
1,48,8,36,121
1,49,8,109,121
1,50,8,27,121
1,51,8,5,121
1,52,8,87,121
1,53,8,101,121
1,54,8,51,121
1,55,8,103,121
1,56,8,9,121
1,57,8,6,121
1,58,8,16,121
1,59,8,93,121
1,60,8,11,121
1,61,8,56,121
1,62,8,14,121
1,63,8,24,121
1,64,8,26,121
1,65,8,85,121
1,66,8,7,121
1,67,8,52,121
1,68,8,1,121
1,69,8,23,121
1,70,8,10,121
1,71,8,28,121
1,72,8,13,121
1,73,8,15,121
1,74,8,29,121
1,75,8,17,121
1,76,8,30,121
1,77,8,64,121
1,78,8,115,121
1,79,8,116,121
1,80,8,123,121
1,81,8,2,121
1,82,8,119,121
1,83,8,120,121
1,84,8,126,121
1,85,8,8,121
1,86,8,117,121
1,87,8,4,121
1,88,8,125,121
1,89,8,25,121
1,90,8,110,121
1,91,8,122,121
1,92,8,129,121
1,93,8,3,121
1,94,8,22,121
1,95,8,128,121
1,96,8,18,121
1,97,8,114,121
1,98,8,20,121
1,99,8,127,121
1,100,8,113,121
1,101,8,112,121
1,102,8,67,121
1,103,8,124,121
1,104,8,62,121
1,105,8,12,121
1,106,8,79,121
1,107,8,21,121
1,108,8,74,121
1,109,8,70,121
1,110,8,73,121
1,111,8,81,121
1,112,8,77,121
1,113,8,78,121
1,114,8,80,121
1,115,8,71,121
1,116,8,72,121
1,117,8,76,121
1,118,8,82,121
1,119,8,61,121
1,120,8,121,121
1,121,8,111,121
1,122,8,69,121
1,123,8,65,121
1,124,8,118,121
1,125,8,63,121
1,126,8,66,121
1,127,8,83,121
1,128,8,75,121
1,129,8,68,121
1,1,9,45,89
1,2,9,54,89
1,3,9,46,89
1,4,9,43,89
1,5,9,39,89
1,6,9,34,89
1,7,9,55,89
1,8,9,60,89
1,9,9,50,89
1,10,9,42,89
1,11,9,41,89
1,12,9,49,89
1,13,9,38,89
1,14,9,32,89
1,15,9,37,89
1,16,9,48,89
1,17,9,40,89
1,18,9,35,89
1,19,9,57,89
1,20,9,89,89
1,21,9,44,89
1,22,9,94,89
1,23,9,98,89
1,24,9,53,89
1,25,9,92,89
1,26,9,84,89
1,27,9,88,89
1,28,9,96,89
1,29,9,105,89
1,30,9,58,89
1,31,9,108,89
1,32,9,106,89
1,33,9,19,89
1,34,9,47,89
1,35,9,107,89
1,36,9,97,89
1,37,9,99,89
1,38,9,95,89
1,39,9,90,89
1,40,9,104,89
1,41,9,102,89
1,42,9,59,89
1,43,9,33,89
1,44,9,86,89
1,45,9,31,89
1,46,9,91,89
1,47,9,100,89
1,48,9,36,89
1,49,9,109,89
1,50,9,27,89
1,51,9,5,89
1,52,9,87,89
1,53,9,101,89
1,54,9,51,89
1,55,9,103,89
1,56,9,9,89
1,57,9,6,89
1,58,9,16,89
1,59,9,93,89
1,60,9,11,89
1,61,9,56,89
1,62,9,14,89
1,63,9,24,89
1,64,9,26,89
1,65,9,85,89
1,66,9,7,89
1,67,9,52,89
1,68,9,1,89
1,69,9,23,89
1,70,9,10,89
1,71,9,28,89
1,72,9,13,89
1,73,9,15,89
1,74,9,29,89
1,75,9,17,89
1,76,9,30,89
1,77,9,64,89
1,78,9,115,89
1,79,9,116,89
1,80,9,123,89
1,81,9,2,89
1,82,9,119,89
1,83,9,120,89
1,84,9,126,89
1,85,9,8,89
1,86,9,117,89
1,87,9,4,89
1,88,9,125,89
1,89,9,25,89
1,90,9,110,89
1,91,9,122,89
1,92,9,129,89
1,93,9,3,89
1,94,9,22,89
1,95,9,128,89
1,96,9,18,89
1,97,9,114,89
1,98,9,20,89
1,99,9,127,89
1,100,9,113,89
1,101,9,112,89
1,102,9,67,89
1,103,9,124,89
1,104,9,62,89
1,105,9,12,89
1,106,9,79,89
1,107,9,21,89
1,108,9,74,89
1,109,9,70,89
1,110,9,73,89
1,111,9,81,89
1,112,9,77,89
1,113,9,78,89
1,114,9,80,89
1,115,9,71,89
1,116,9,72,89
1,117,9,76,89
1,118,9,82,89
1,119,9,61,89
1,120,9,121,89
1,121,9,111,89
1,122,9,69,89
1,123,9,65,89
1,124,9,118,89
1,125,9,63,89
1,126,9,66,89
1,127,9,83,89
1,128,9,75,89
1,129,9,68,89
1,1,10,45,26
1,2,10,54,26
1,3,10,46,26
1,4,10,43,26
1,5,10,39,26
1,6,10,34,26
1,7,10,55,26
1,8,10,60,26
1,9,10,50,26
1,10,10,42,26
1,11,10,41,26
1,12,10,49,26
1,13,10,38,26
1,14,10,32,26
1,15,10,37,26
1,16,10,48,26
1,17,10,40,26
1,18,10,35,26
1,19,10,57,26
1,20,10,89,26
1,21,10,44,26
1,22,10,94,26
1,23,10,98,26
1,24,10,53,26
1,25,10,92,26
1,26,10,84,26
1,27,10,88,26
1,28,10,96,26
1,29,10,105,26
1,30,10,58,26
1,31,10,108,26
1,32,10,106,26
1,33,10,19,26
1,34,10,47,26
1,35,10,107,26
1,36,10,97,26
1,37,10,99,26
1,38,10,95,26
1,39,10,90,26
1,40,10,104,26
1,41,10,102,26
1,42,10,59,26
1,43,10,33,26
1,44,10,86,26
1,45,10,31,26
1,46,10,91,26
1,47,10,100,26
1,48,10,36,26
1,49,10,109,26
1,50,10,27,26
1,51,10,5,26
1,52,10,87,26
1,53,10,101,26
1,54,10,51,26
1,55,10,103,26
1,56,10,9,26
1,57,10,6,26
1,58,10,16,26
1,59,10,93,26
1,60,10,11,26
1,61,10,56,26
1,62,10,14,26
1,63,10,24,26
1,64,10,26,26
1,65,10,85,26
1,66,10,7,26
1,67,10,52,26
1,68,10,1,26
1,69,10,23,26
1,70,10,10,26
1,71,10,28,26
1,72,10,13,26
1,73,10,15,26
1,74,10,29,26
1,75,10,17,26
1,76,10,30,26
1,77,10,64,26
1,78,10,115,26
1,79,10,116,26
1,80,10,123,26
1,81,10,2,26
1,82,10,119,26
1,83,10,120,26
1,84,10,126,26
1,85,10,8,26
1,86,10,117,26
1,87,10,4,26
1,88,10,125,26
1,89,10,25,26
1,90,10,110,26
1,91,10,122,26
1,92,10,129,26
1,93,10,3,26
1,94,10,22,26
1,95,10,128,26
1,96,10,18,26
1,97,10,114,26
1,98,10,20,26
1,99,10,127,26
1,100,10,113,26
1,101,10,112,26
1,102,10,67,26
1,103,10,124,26
1,104,10,62,26
1,105,10,12,26
1,106,10,79,26
1,107,10,21,26
1,108,10,74,26
1,109,10,70,26
1,110,10,73,26
1,111,10,81,26
1,112,10,77,26
1,113,10,78,26
1,114,10,80,26
1,115,10,71,26
1,116,10,72,26
1,117,10,76,26
1,118,10,82,26
1,119,10,61,26
1,120,10,121,26
1,121,10,111,26
1,122,10,69,26
1,123,10,65,26
1,124,10,118,26
1,125,10,63,26
1,126,10,66,26
1,127,10,83,26
1,128,10,75,26
1,129,10,68,26
1,1,11,45,50
1,2,11,54,50
1,3,11,46,50
1,4,11,43,50
1,5,11,39,50
1,6,11,34,50
1,7,11,55,50
1,8,11,60,50
1,9,11,50,50
1,10,11,42,50
1,11,11,41,50
1,12,11,49,50
1,13,11,38,50
1,14,11,32,50
1,15,11,37,50
1,16,11,48,50
1,17,11,40,50
1,18,11,35,50
1,19,11,57,50
1,20,11,89,50
1,21,11,44,50
1,22,11,94,50
1,23,11,98,50
1,24,11,53,50
1,25,11,92,50
1,26,11,84,50
1,27,11,88,50
1,28,11,96,50
1,29,11,105,50
1,30,11,58,50
1,31,11,108,50
1,32,11,106,50
1,33,11,19,50
1,34,11,47,50
1,35,11,107,50
1,36,11,97,50
1,37,11,99,50
1,38,11,95,50
1,39,11,90,50
1,40,11,104,50
1,41,11,102,50
1,42,11,59,50
1,43,11,33,50
1,44,11,86,50
1,45,11,31,50
1,46,11,91,50
1,47,11,100,50
1,48,11,36,50
1,49,11,109,50
1,50,11,27,50
1,51,11,5,50
1,52,11,87,50
1,53,11,101,50
1,54,11,51,50
1,55,11,103,50
1,56,11,9,50
1,57,11,6,50
1,58,11,16,50
1,59,11,93,50
1,60,11,11,50
1,61,11,56,50
1,62,11,14,50
1,63,11,24,50
1,64,11,26,50
1,65,11,85,50
1,66,11,7,50
1,67,11,52,50
1,68,11,1,50
1,69,11,23,50
1,70,11,10,50
1,71,11,28,50
1,72,11,13,50
1,73,11,15,50
1,74,11,29,50
1,75,11,17,50
1,76,11,30,50
1,77,11,64,50
1,78,11,115,50
1,79,11,116,50
1,80,11,123,50
1,81,11,2,50
1,82,11,119,50
1,83,11,120,50
1,84,11,126,50
1,85,11,8,50
1,86,11,117,50
1,87,11,4,50
1,88,11,125,50
1,89,11,25,50
1,90,11,110,50
1,91,11,122,50
1,92,11,129,50
1,93,11,3,50
1,94,11,22,50
1,95,11,128,50
1,96,11,18,50
1,97,11,114,50
1,98,11,20,50
1,99,11,127,50
1,100,11,113,50
1,101,11,112,50
1,102,11,67,50
1,103,11,124,50
1,104,11,62,50
1,105,11,12,50
1,106,11,79,50
1,107,11,21,50
1,108,11,74,50
1,109,11,70,50
1,110,11,73,50
1,111,11,81,50
1,112,11,77,50
1,113,11,78,50
1,114,11,80,50
1,115,11,71,50
1,116,11,72,50
1,117,11,76,50
1,118,11,82,50
1,119,11,61,50
1,120,11,121,50
1,121,11,111,50
1,122,11,69,50
1,123,11,65,50
1,124,11,118,50
1,125,11,63,50
1,126,11,66,50
1,127,11,83,50
1,128,11,75,50
1,129,11,68,50
1,1,12,45,128
1,2,12,54,128
1,3,12,46,128
1,4,12,43,128
1,5,12,39,128
1,6,12,34,128
1,7,12,55,128
1,8,12,60,128
1,9,12,50,128
1,10,12,42,128
1,11,12,41,128
1,12,12,49,128
1,13,12,38,128
1,14,12,32,128
1,15,12,37,128
1,16,12,48,128
1,17,12,40,128
1,18,12,35,128
1,19,12,57,128
1,20,12,89,128
1,21,12,44,128
1,22,12,94,128
1,23,12,98,128
1,24,12,53,128
1,25,12,92,128
1,26,12,84,128
1,27,12,88,128
1,28,12,96,128
1,29,12,105,128
1,30,12,58,128
1,31,12,108,128
1,32,12,106,128
1,33,12,19,128
1,34,12,47,128
1,35,12,107,128
1,36,12,97,128
1,37,12,99,128
1,38,12,95,128
1,39,12,90,128
1,40,12,104,128
1,41,12,102,128
1,42,12,59,128
1,43,12,33,128
1,44,12,86,128
1,45,12,31,128
1,46,12,91,128
1,47,12,100,128
1,48,12,36,128
1,49,12,109,128
1,50,12,27,128
1,51,12,5,128
1,52,12,87,128
1,53,12,101,128
1,54,12,51,128
1,55,12,103,128
1,56,12,9,128
1,57,12,6,128
1,58,12,16,128
1,59,12,93,128
1,60,12,11,128
1,61,12,56,128
1,62,12,14,128
1,63,12,24,128
1,64,12,26,128
1,65,12,85,128
1,66,12,7,128
1,67,12,52,128
1,68,12,1,128
1,69,12,23,128
1,70,12,10,128
1,71,12,28,128
1,72,12,13,128
1,73,12,15,128
1,74,12,29,128
1,75,12,17,128
1,76,12,30,128
1,77,12,64,128
1,78,12,115,128
1,79,12,116,128
1,80,12,123,128
1,81,12,2,128
1,82,12,119,128
1,83,12,120,128
1,84,12,126,128
1,85,12,8,128
1,86,12,117,128
1,87,12,4,128
1,88,12,125,128
1,89,12,25,128
1,90,12,110,128
1,91,12,122,128
1,92,12,129,128
1,93,12,3,128
1,94,12,22,128
1,95,12,128,128
1,96,12,18,128
1,97,12,114,128
1,98,12,20,128
1,99,12,127,128
1,100,12,113,128
1,101,12,112,128
1,102,12,67,128
1,103,12,124,128
1,104,12,62,128
1,105,12,12,128
1,106,12,79,128
1,107,12,21,128
1,108,12,74,128
1,109,12,70,128
1,110,12,73,128
1,111,12,81,128
1,112,12,77,128
1,113,12,78,128
1,114,12,80,128
1,115,12,71,128
1,116,12,72,128
1,117,12,76,128
1,118,12,82,128
1,119,12,61,128
1,120,12,121,128
1,121,12,111,128
1,122,12,69,128
1,123,12,65,128
1,124,12,118,128
1,125,12,63,128
1,126,12,66,128
1,127,12,83,128
1,128,12,75,128
1,129,12,68,128
1,1,13,45,214
1,2,13,54,214
1,3,13,46,214
1,4,13,43,214
1,5,13,39,214
1,6,13,34,214
1,7,13,55,214
1,8,13,60,214
1,9,13,50,214
1,10,13,42,214
1,11,13,41,214
1,12,13,49,214
1,13,13,38,214
1,14,13,32,214
1,15,13,37,214
1,16,13,48,214
1,17,13,40,214
1,18,13,35,214
1,19,13,57,214
1,20,13,89,214
1,21,13,44,214
1,22,13,94,214
1,23,13,98,214
1,24,13,53,214
1,25,13,92,214
1,26,13,84,214
1,27,13,88,214
1,28,13,96,214
1,29,13,105,214
1,30,13,58,214
1,31,13,108,214
1,32,13,106,214
1,33,13,19,214
1,34,13,47,214
1,35,13,107,214
1,36,13,97,214
1,37,13,99,214
1,38,13,95,214
1,39,13,90,214
1,40,13,104,214
1,41,13,102,214
1,42,13,59,214
1,43,13,33,214
1,44,13,86,214
1,45,13,31,214
1,46,13,91,214
1,47,13,100,214
1,48,13,36,214
1,49,13,109,214
1,50,13,27,214
1,51,13,5,214
1,52,13,87,214
1,53,13,101,214
1,54,13,51,214
1,55,13,103,214
1,56,13,9,214
1,57,13,6,214
1,58,13,16,214
1,59,13,93,214
1,60,13,11,214
1,61,13,56,214
1,62,13,14,214
1,63,13,24,214
1,64,13,26,214
1,65,13,85,214
1,66,13,7,214
1,67,13,52,214
1,68,13,1,214
1,69,13,23,214
1,70,13,10,214
1,71,13,28,214
1,72,13,13,214
1,73,13,15,214
1,74,13,29,214
1,75,13,17,214
1,76,13,30,214
1,77,13,64,214
1,78,13,115,214
1,79,13,116,214
1,80,13,123,214
1,81,13,2,214
1,82,13,119,214
1,83,13,120,214
1,84,13,126,214
1,85,13,8,214
1,86,13,117,214
1,87,13,4,214
1,88,13,125,214
1,89,13,25,214
1,90,13,110,214
1,91,13,122,214
1,92,13,129,214
1,93,13,3,214
1,94,13,22,214
1,95,13,128,214
1,96,13,18,214
1,97,13,114,214
1,98,13,20,214
1,99,13,127,214
1,100,13,113,214
1,101,13,112,214
1,102,13,67,214
1,103,13,124,214
1,104,13,62,214
1,105,13,12,214
1,106,13,79,214
1,107,13,21,214
1,108,13,74,214
1,109,13,70,214
1,110,13,73,214
1,111,13,81,214
1,112,13,77,214
1,113,13,78,214
1,114,13,80,214
1,115,13,71,214
1,116,13,72,214
1,117,13,76,214
1,118,13,82,214
1,119,13,61,214
1,120,13,121,214
1,121,13,111,214
1,122,13,69,214
1,123,13,65,214
1,124,13,118,214
1,125,13,63,214
1,126,13,66,214
1,127,13,83,214
1,128,13,75,214
1,129,13,68,214
1,1,14,45,205
1,2,14,54,205
1,3,14,46,205
1,4,14,43,205
1,5,14,39,205
1,6,14,34,205
1,7,14,55,205
1,8,14,60,205
1,9,14,50,205
1,10,14,42,205
1,11,14,41,205
1,12,14,49,205
1,13,14,38,205
1,14,14,32,205
1,15,14,37,205
1,16,14,48,205
1,17,14,40,205
1,18,14,35,205
1,19,14,57,205
1,20,14,89,205
1,21,14,44,205
1,22,14,94,205
1,23,14,98,205
1,24,14,53,205
1,25,14,92,205
1,26,14,84,205
1,27,14,88,205
1,28,14,96,205
1,29,14,105,205
1,30,14,58,205
1,31,14,108,205
1,32,14,106,205
1,33,14,19,205
1,34,14,47,205
1,35,14,107,205
1,36,14,97,205
1,37,14,99,205
1,38,14,95,205
1,39,14,90,205
1,40,14,104,205
1,41,14,102,205
1,42,14,59,205
1,43,14,33,205
1,44,14,86,205
1,45,14,31,205
1,46,14,91,205
1,47,14,100,205
1,48,14,36,205
1,49,14,109,205
1,50,14,27,205
1,51,14,5,205
1,52,14,87,205
1,53,14,101,205
1,54,14,51,205
1,55,14,103,205
1,56,14,9,205
1,57,14,6,205
1,58,14,16,205
1,59,14,93,205
1,60,14,11,205
1,61,14,56,205
1,62,14,14,205
1,63,14,24,205
1,64,14,26,205
1,65,14,85,205
1,66,14,7,205
1,67,14,52,205
1,68,14,1,205
1,69,14,23,205
1,70,14,10,205
1,71,14,28,205
1,72,14,13,205
1,73,14,15,205
1,74,14,29,205
1,75,14,17,205
1,76,14,30,205
1,77,14,64,205
1,78,14,115,205
1,79,14,116,205
1,80,14,123,205
1,81,14,2,205
1,82,14,119,205
1,83,14,120,205
1,84,14,126,205
1,85,14,8,205
1,86,14,117,205
1,87,14,4,205
1,88,14,125,205
1,89,14,25,205
1,90,14,110,205
1,91,14,122,205
1,92,14,129,205
1,93,14,3,205
1,94,14,22,205
1,95,14,128,205
1,96,14,18,205
1,97,14,114,205
1,98,14,20,205
1,99,14,127,205
1,100,14,113,205
1,101,14,112,205
1,102,14,67,205
1,103,14,124,205
1,104,14,62,205
1,105,14,12,205
1,106,14,79,205
1,107,14,21,205
1,108,14,74,205
1,109,14,70,205
1,110,14,73,205
1,111,14,81,205
1,112,14,77,205
1,113,14,78,205
1,114,14,80,205
1,115,14,71,205
1,116,14,72,205
1,117,14,76,205
1,118,14,82,205
1,119,14,61,205
1,120,14,121,205
1,121,14,111,205
1,122,14,69,205
1,123,14,65,205
1,124,14,118,205
1,125,14,63,205
1,126,14,66,205
1,127,14,83,205
1,128,14,75,205
1,129,14,68,205
1,1,15,45,181
1,2,15,54,181
1,3,15,46,181
1,4,15,43,181
1,5,15,39,181
1,6,15,34,181
1,7,15,55,181
1,8,15,60,181
1,9,15,50,181
1,10,15,42,181
1,11,15,41,181
1,12,15,49,181
1,13,15,38,181
1,14,15,32,181
1,15,15,37,181
1,16,15,48,181
1,17,15,40,181
1,18,15,35,181
1,19,15,57,181
1,20,15,89,181
1,21,15,44,181
1,22,15,94,181
1,23,15,98,181
1,24,15,53,181
1,25,15,92,181
1,26,15,84,181
1,27,15,88,181
1,28,15,96,181
1,29,15,105,181
1,30,15,58,181
1,31,15,108,181
1,32,15,106,181
1,33,15,19,181
1,34,15,47,181
1,35,15,107,181
1,36,15,97,181
1,37,15,99,181
1,38,15,95,181
1,39,15,90,181
1,40,15,104,181
1,41,15,102,181
1,42,15,59,181
1,43,15,33,181
1,44,15,86,181
1,45,15,31,181
1,46,15,91,181
1,47,15,100,181
1,48,15,36,181
1,49,15,109,181
1,50,15,27,181
1,51,15,5,181
1,52,15,87,181
1,53,15,101,181
1,54,15,51,181
1,55,15,103,181
1,56,15,9,181
1,57,15,6,181
1,58,15,16,181
1,59,15,93,181
1,60,15,11,181
1,61,15,56,181
1,62,15,14,181
1,63,15,24,181
1,64,15,26,181
1,65,15,85,181
1,66,15,7,181
1,67,15,52,181
1,68,15,1,181
1,69,15,23,181
1,70,15,10,181
1,71,15,28,181
1,72,15,13,181
1,73,15,15,181
1,74,15,29,181
1,75,15,17,181
1,76,15,30,181
1,77,15,64,181
1,78,15,115,181
1,79,15,116,181
1,80,15,123,181
1,81,15,2,181
1,82,15,119,181
1,83,15,120,181
1,84,15,126,181
1,85,15,8,181
1,86,15,117,181
1,87,15,4,181
1,88,15,125,181
1,89,15,25,181
1,90,15,110,181
1,91,15,122,181
1,92,15,129,181
1,93,15,3,181
1,94,15,22,181
1,95,15,128,181
1,96,15,18,181
1,97,15,114,181
1,98,15,20,181
1,99,15,127,181
1,100,15,113,181
1,101,15,112,181
1,102,15,67,181
1,103,15,124,181
1,104,15,62,181
1,105,15,12,181
1,106,15,79,181
1,107,15,21,181
1,108,15,74,181
1,109,15,70,181
1,110,15,73,181
1,111,15,81,181
1,112,15,77,181
1,113,15,78,181
1,114,15,80,181
1,115,15,71,181
1,116,15,72,181
1,117,15,76,181
1,118,15,82,181
1,119,15,61,181
1,120,15,121,181
1,121,15,111,181
1,122,15,69,181
1,123,15,65,181
1,124,15,118,181
1,125,15,63,181
1,126,15,66,181
1,127,15,83,181
1,128,15,75,181
1,129,15,68,181
1,1,16,45,99
1,2,16,54,99
1,3,16,46,99
1,4,16,43,99
1,5,16,39,99
1,6,16,34,99
1,7,16,55,99
1,8,16,60,99
1,9,16,50,99
1,10,16,42,99
1,11,16,41,99
1,12,16,49,99
1,13,16,38,99
1,14,16,32,99
1,15,16,37,99
1,16,16,48,99
1,17,16,40,99
1,18,16,35,99
1,19,16,57,99
1,20,16,89,99
1,21,16,44,99
1,22,16,94,99
1,23,16,98,99
1,24,16,53,99
1,25,16,92,99
1,26,16,84,99
1,27,16,88,99
1,28,16,96,99
1,29,16,105,99
1,30,16,58,99
1,31,16,108,99
1,32,16,106,99
1,33,16,19,99
1,34,16,47,99
1,35,16,107,99
1,36,16,97,99
1,37,16,99,99
1,38,16,95,99
1,39,16,90,99
1,40,16,104,99
1,41,16,102,99
1,42,16,59,99
1,43,16,33,99
1,44,16,86,99
1,45,16,31,99
1,46,16,91,99
1,47,16,100,99
1,48,16,36,99
1,49,16,109,99
1,50,16,27,99
1,51,16,5,99
1,52,16,87,99
1,53,16,101,99
1,54,16,51,99
1,55,16,103,99
1,56,16,9,99
1,57,16,6,99
1,58,16,16,99
1,59,16,93,99
1,60,16,11,99
1,61,16,56,99
1,62,16,14,99
1,63,16,24,99
1,64,16,26,99
1,65,16,85,99
1,66,16,7,99
1,67,16,52,99
1,68,16,1,99
1,69,16,23,99
1,70,16,10,99
1,71,16,28,99
1,72,16,13,99
1,73,16,15,99
1,74,16,29,99
1,75,16,17,99
1,76,16,30,99
1,77,16,64,99
1,78,16,115,99
1,79,16,116,99
1,80,16,123,99
1,81,16,2,99
1,82,16,119,99
1,83,16,120,99
1,84,16,126,99
1,85,16,8,99
1,86,16,117,99
1,87,16,4,99
1,88,16,125,99
1,89,16,25,99
1,90,16,110,99
1,91,16,122,99
1,92,16,129,99
1,93,16,3,99
1,94,16,22,99
1,95,16,128,99
1,96,16,18,99
1,97,16,114,99
1,98,16,20,99
1,99,16,127,99
1,100,16,113,99
1,101,16,112,99
1,102,16,67,99
1,103,16,124,99
1,104,16,62,99
1,105,16,12,99
1,106,16,79,99
1,107,16,21,99
1,108,16,74,99
1,109,16,70,99
1,110,16,73,99
1,111,16,81,99
1,112,16,77,99
1,113,16,78,99
1,114,16,80,99
1,115,16,71,99
1,116,16,72,99
1,117,16,76,99
1,118,16,82,99
1,119,16,61,99
1,120,16,121,99
1,121,16,111,99
1,122,16,69,99
1,123,16,65,99
1,124,16,118,99
1,125,16,63,99
1,126,16,66,99
1,127,16,83,99
1,128,16,75,99
1,129,16,68,99
1,1,17,45,156
1,2,17,54,156
1,3,17,46,156
1,4,17,43,156
1,5,17,39,156
1,6,17,34,156
1,7,17,55,156
1,8,17,60,156
1,9,17,50,156
1,10,17,42,156
1,11,17,41,156
1,12,17,49,156
1,13,17,38,156
1,14,17,32,156
1,15,17,37,156
1,16,17,48,156
1,17,17,40,156
1,18,17,35,156
1,19,17,57,156
1,20,17,89,156
1,21,17,44,156
1,22,17,94,156
1,23,17,98,156
1,24,17,53,156
1,25,17,92,156
1,26,17,84,156
1,27,17,88,156
1,28,17,96,156
1,29,17,105,156
1,30,17,58,156
1,31,17,108,156
1,32,17,106,156
1,33,17,19,156
1,34,17,47,156
1,35,17,107,156
1,36,17,97,156
1,37,17,99,156
1,38,17,95,156
1,39,17,90,156
1,40,17,104,156
1,41,17,102,156
1,42,17,59,156
1,43,17,33,156
1,44,17,86,156
1,45,17,31,156
1,46,17,91,156
1,47,17,100,156
1,48,17,36,156
1,49,17,109,156
1,50,17,27,156
1,51,17,5,156
1,52,17,87,156
1,53,17,101,156
1,54,17,51,156
1,55,17,103,156
1,56,17,9,156
1,57,17,6,156
1,58,17,16,156
1,59,17,93,156
1,60,17,11,156
1,61,17,56,156
1,62,17,14,156
1,63,17,24,156
1,64,17,26,156
1,65,17,85,156
1,66,17,7,156
1,67,17,52,156
1,68,17,1,156
1,69,17,23,156
1,70,17,10,156
1,71,17,28,156
1,72,17,13,156
1,73,17,15,156
1,74,17,29,156
1,75,17,17,156
1,76,17,30,156
1,77,17,64,156
1,78,17,115,156
1,79,17,116,156
1,80,17,123,156
1,81,17,2,156
1,82,17,119,156
1,83,17,120,156
1,84,17,126,156
1,85,17,8,156
1,86,17,117,156
1,87,17,4,156
1,88,17,125,156
1,89,17,25,156
1,90,17,110,156
1,91,17,122,156
1,92,17,129,156
1,93,17,3,156
1,94,17,22,156
1,95,17,128,156
1,96,17,18,156
1,97,17,114,156
1,98,17,20,156
1,99,17,127,156
1,100,17,113,156
1,101,17,112,156
1,102,17,67,156
1,103,17,124,156
1,104,17,62,156
1,105,17,12,156
1,106,17,79,156
1,107,17,21,156
1,108,17,74,156
1,109,17,70,156
1,110,17,73,156
1,111,17,81,156
1,112,17,77,156
1,113,17,78,156
1,114,17,80,156
1,115,17,71,156
1,116,17,72,156
1,117,17,76,156
1,118,17,82,156
1,119,17,61,156
1,120,17,121,156
1,121,17,111,156
1,122,17,69,156
1,123,17,65,156
1,124,17,118,156
1,125,17,63,156
1,126,17,66,156
1,127,17,83,156
1,128,17,75,156
1,129,17,68,156
1,1,18,45,91
1,2,18,54,91
1,3,18,46,91
1,4,18,43,91
1,5,18,39,91
1,6,18,34,91
1,7,18,55,91
1,8,18,60,91
1,9,18,50,91
1,10,18,42,91
1,11,18,41,91
1,12,18,49,91
1,13,18,38,91
1,14,18,32,91
1,15,18,37,91
1,16,18,48,91
1,17,18,40,91
1,18,18,35,91
1,19,18,57,91
1,20,18,89,91
1,21,18,44,91
1,22,18,94,91
1,23,18,98,91
1,24,18,53,91
1,25,18,92,91
1,26,18,84,91
1,27,18,88,91
1,28,18,96,91
1,29,18,105,91
1,30,18,58,91
1,31,18,108,91
1,32,18,106,91
1,33,18,19,91
1,34,18,47,91
1,35,18,107,91
1,36,18,97,91
1,37,18,99,91
1,38,18,95,91
1,39,18,90,91
1,40,18,104,91
1,41,18,102,91
1,42,18,59,91
1,43,18,33,91
1,44,18,86,91
1,45,18,31,91
1,46,18,91,91
1,47,18,100,91
1,48,18,36,91
1,49,18,109,91
1,50,18,27,91
1,51,18,5,91
1,52,18,87,91
1,53,18,101,91
1,54,18,51,91
1,55,18,103,91
1,56,18,9,91
1,57,18,6,91
1,58,18,16,91
1,59,18,93,91
1,60,18,11,91
1,61,18,56,91
1,62,18,14,91
1,63,18,24,91
1,64,18,26,91
1,65,18,85,91
1,66,18,7,91
1,67,18,52,91
1,68,18,1,91
1,69,18,23,91
1,70,18,10,91
1,71,18,28,91
1,72,18,13,91
1,73,18,15,91
1,74,18,29,91
1,75,18,17,91
1,76,18,30,91
1,77,18,64,91
1,78,18,115,91
1,79,18,116,91
1,80,18,123,91
1,81,18,2,91
1,82,18,119,91
1,83,18,120,91
1,84,18,126,91
1,85,18,8,91
1,86,18,117,91
1,87,18,4,91
1,88,18,125,91
1,89,18,25,91
1,90,18,110,91
1,91,18,122,91
1,92,18,129,91
1,93,18,3,91
1,94,18,22,91
1,95,18,128,91
1,96,18,18,91
1,97,18,114,91
1,98,18,20,91
1,99,18,127,91
1,100,18,113,91
1,101,18,112,91
1,102,18,67,91
1,103,18,124,91
1,104,18,62,91
1,105,18,12,91
1,106,18,79,91
1,107,18,21,91
1,108,18,74,91
1,109,18,70,91
1,110,18,73,91
1,111,18,81,91
1,112,18,77,91
1,113,18,78,91
1,114,18,80,91
1,115,18,71,91
1,116,18,72,91
1,117,18,76,91
1,118,18,82,91
1,119,18,61,91
1,120,18,121,91
1,121,18,111,91
1,122,18,69,91
1,123,18,65,91
1,124,18,118,91
1,125,18,63,91
1,126,18,66,91
1,127,18,83,91
1,128,18,75,91
1,129,18,68,91
1,1,19,45,127
1,2,19,54,127
1,3,19,46,127
1,4,19,43,127
1,5,19,39,127
1,6,19,34,127
1,7,19,55,127
1,8,19,60,127
1,9,19,50,127
1,10,19,42,127
1,11,19,41,127
1,12,19,49,127
1,13,19,38,127
1,14,19,32,127
1,15,19,37,127
1,16,19,48,127
1,17,19,40,127
1,18,19,35,127
1,19,19,57,127
1,20,19,89,127
1,21,19,44,127
1,22,19,94,127
1,23,19,98,127
1,24,19,53,127
1,25,19,92,127
1,26,19,84,127
1,27,19,88,127
1,28,19,96,127
1,29,19,105,127
1,30,19,58,127
1,31,19,108,127
1,32,19,106,127
1,33,19,19,127
1,34,19,47,127
1,35,19,107,127
1,36,19,97,127
1,37,19,99,127
1,38,19,95,127
1,39,19,90,127
1,40,19,104,127
1,41,19,102,127
1,42,19,59,127
1,43,19,33,127
1,44,19,86,127
1,45,19,31,127
1,46,19,91,127
1,47,19,100,127
1,48,19,36,127
1,49,19,109,127
1,50,19,27,127
1,51,19,5,127
1,52,19,87,127
1,53,19,101,127
1,54,19,51,127
1,55,19,103,127
1,56,19,9,127
1,57,19,6,127
1,58,19,16,127
1,59,19,93,127
1,60,19,11,127
1,61,19,56,127
1,62,19,14,127
1,63,19,24,127
1,64,19,26,127
1,65,19,85,127
1,66,19,7,127
1,67,19,52,127
1,68,19,1,127
1,69,19,23,127
1,70,19,10,127
1,71,19,28,127
1,72,19,13,127
1,73,19,15,127
1,74,19,29,127
1,75,19,17,127
1,76,19,30,127
1,77,19,64,127
1,78,19,115,127
1,79,19,116,127
1,80,19,123,127
1,81,19,2,127
1,82,19,119,127
1,83,19,120,127
1,84,19,126,127
1,85,19,8,127
1,86,19,117,127
1,87,19,4,127
1,88,19,125,127
1,89,19,25,127
1,90,19,110,127
1,91,19,122,127
1,92,19,129,127
1,93,19,3,127
1,94,19,22,127
1,95,19,128,127
1,96,19,18,127
1,97,19,114,127
1,98,19,20,127
1,99,19,127,127
1,100,19,113,127
1,101,19,112,127
1,102,19,67,127
1,103,19,124,127
1,104,19,62,127
1,105,19,12,127
1,106,19,79,127
1,107,19,21,127
1,108,19,74,127
1,109,19,70,127
1,110,19,73,127
1,111,19,81,127
1,112,19,77,127
1,113,19,78,127
1,114,19,80,127
1,115,19,71,127
1,116,19,72,127
1,117,19,76,127
1,118,19,82,127
1,119,19,61,127
1,120,19,121,127
1,121,19,111,127
1,122,19,69,127
1,123,19,65,127
1,124,19,118,127
1,125,19,63,127
1,126,19,66,127
1,127,19,83,127
1,128,19,75,127
1,129,19,68,127
1,1,20,45,208
1,2,20,54,208
1,3,20,46,208
1,4,20,43,208
1,5,20,39,208
1,6,20,34,208
1,7,20,55,208
1,8,20,60,208
1,9,20,50,208
1,10,20,42,208
1,11,20,41,208
1,12,20,49,208
1,13,20,38,208
1,14,20,32,208
1,15,20,37,208
1,16,20,48,208
1,17,20,40,208
1,18,20,35,208
1,19,20,57,208
1,20,20,89,208
1,21,20,44,208
1,22,20,94,208
1,23,20,98,208
1,24,20,53,208
1,25,20,92,208
1,26,20,84,208
1,27,20,88,208
1,28,20,96,208
1,29,20,105,208
1,30,20,58,208
1,31,20,108,208
1,32,20,106,208
1,33,20,19,208
1,34,20,47,208
1,35,20,107,208
1,36,20,97,208
1,37,20,99,208
1,38,20,95,208
1,39,20,90,208
1,40,20,104,208
1,41,20,102,208
1,42,20,59,208
1,43,20,33,208
1,44,20,86,208
1,45,20,31,208
1,46,20,91,208
1,47,20,100,208
1,48,20,36,208
1,49,20,109,208
1,50,20,27,208
1,51,20,5,208
1,52,20,87,208
1,53,20,101,208
1,54,20,51,208
1,55,20,103,208
1,56,20,9,208
1,57,20,6,208
1,58,20,16,208
1,59,20,93,208
1,60,20,11,208
1,61,20,56,208
1,62,20,14,208
1,63,20,24,208
1,64,20,26,208
1,65,20,85,208
1,66,20,7,208
1,67,20,52,208
1,68,20,1,208
1,69,20,23,208
1,70,20,10,208
1,71,20,28,208
1,72,20,13,208
1,73,20,15,208
1,74,20,29,208
1,75,20,17,208
1,76,20,30,208
1,77,20,64,208
1,78,20,115,208
1,79,20,116,208
1,80,20,123,208
1,81,20,2,208
1,82,20,119,208
1,83,20,120,208
1,84,20,126,208
1,85,20,8,208
1,86,20,117,208
1,87,20,4,208
1,88,20,125,208
1,89,20,25,208
1,90,20,110,208
1,91,20,122,208
1,92,20,129,208
1,93,20,3,208
1,94,20,22,208
1,95,20,128,208
1,96,20,18,208
1,97,20,114,208
1,98,20,20,208
1,99,20,127,208
1,100,20,113,208
1,101,20,112,208
1,102,20,67,208
1,103,20,124,208
1,104,20,62,208
1,105,20,12,208
1,106,20,79,208
1,107,20,21,208
1,108,20,74,208
1,109,20,70,208
1,110,20,73,208
1,111,20,81,208
1,112,20,77,208
1,113,20,78,208
1,114,20,80,208
1,115,20,71,208
1,116,20,72,208
1,117,20,76,208
1,118,20,82,208
1,119,20,61,208
1,120,20,121,208
1,121,20,111,208
1,122,20,69,208
1,123,20,65,208
1,124,20,118,208
1,125,20,63,208
1,126,20,66,208
1,127,20,83,208
1,128,20,75,208
1,129,20,68,208
1,1,21,45,38
1,2,21,54,38
1,3,21,46,38
1,4,21,43,38
1,5,21,39,38
1,6,21,34,38
1,7,21,55,38
1,8,21,60,38
1,9,21,50,38
1,10,21,42,38
1,11,21,41,38
1,12,21,49,38
1,13,21,38,38
1,14,21,32,38
1,15,21,37,38
1,16,21,48,38
1,17,21,40,38
1,18,21,35,38
1,19,21,57,38
1,20,21,89,38
1,21,21,44,38
1,22,21,94,38
1,23,21,98,38
1,24,21,53,38
1,25,21,92,38
1,26,21,84,38
1,27,21,88,38
1,28,21,96,38
1,29,21,105,38
1,30,21,58,38
1,31,21,108,38
1,32,21,106,38
1,33,21,19,38
1,34,21,47,38
1,35,21,107,38
1,36,21,97,38
1,37,21,99,38
1,38,21,95,38
1,39,21,90,38
1,40,21,104,38
1,41,21,102,38
1,42,21,59,38
1,43,21,33,38
1,44,21,86,38
1,45,21,31,38
1,46,21,91,38
1,47,21,100,38
1,48,21,36,38
1,49,21,109,38
1,50,21,27,38
1,51,21,5,38
1,52,21,87,38
1,53,21,101,38
1,54,21,51,38
1,55,21,103,38
1,56,21,9,38
1,57,21,6,38
1,58,21,16,38
1,59,21,93,38
1,60,21,11,38
1,61,21,56,38
1,62,21,14,38
1,63,21,24,38
1,64,21,26,38
1,65,21,85,38
1,66,21,7,38
1,67,21,52,38
1,68,21,1,38
1,69,21,23,38
1,70,21,10,38
1,71,21,28,38
1,72,21,13,38
1,73,21,15,38
1,74,21,29,38
1,75,21,17,38
1,76,21,30,38
1,77,21,64,38
1,78,21,115,38
1,79,21,116,38
1,80,21,123,38
1,81,21,2,38
1,82,21,119,38
1,83,21,120,38
1,84,21,126,38
1,85,21,8,38
1,86,21,117,38
1,87,21,4,38
1,88,21,125,38
1,89,21,25,38
1,90,21,110,38
1,91,21,122,38
1,92,21,129,38
1,93,21,3,38
1,94,21,22,38
1,95,21,128,38
1,96,21,18,38
1,97,21,114,38
1,98,21,20,38
1,99,21,127,38
1,100,21,113,38
1,101,21,112,38
1,102,21,67,38
1,103,21,124,38
1,104,21,62,38
1,105,21,12,38
1,106,21,79,38
1,107,21,21,38
1,108,21,74,38
1,109,21,70,38
1,110,21,73,38
1,111,21,81,38
1,112,21,77,38
1,113,21,78,38
1,114,21,80,38
1,115,21,71,38
1,116,21,72,38
1,117,21,76,38
1,118,21,82,38
1,119,21,61,38
1,120,21,121,38
1,121,21,111,38
1,122,21,69,38
1,123,21,65,38
1,124,21,118,38
1,125,21,63,38
1,126,21,66,38
1,127,21,83,38
1,128,21,75,38
1,129,21,68,38
1,1,22,45,150
1,2,22,54,150
1,3,22,46,150
1,4,22,43,150
1,5,22,39,150
1,6,22,34,150
1,7,22,55,150
1,8,22,60,150
1,9,22,50,150
1,10,22,42,150
1,11,22,41,150
1,12,22,49,150
1,13,22,38,150
1,14,22,32,150
1,15,22,37,150
1,16,22,48,150
1,17,22,40,150
1,18,22,35,150
1,19,22,57,150
1,20,22,89,150
1,21,22,44,150
1,22,22,94,150
1,23,22,98,150
1,24,22,53,150
1,25,22,92,150
1,26,22,84,150
1,27,22,88,150
1,28,22,96,150
1,29,22,105,150
1,30,22,58,150
1,31,22,108,150
1,32,22,106,150
1,33,22,19,150
1,34,22,47,150
1,35,22,107,150
1,36,22,97,150
1,37,22,99,150
1,38,22,95,150
1,39,22,90,150
1,40,22,104,150
1,41,22,102,150
1,42,22,59,150
1,43,22,33,150
1,44,22,86,150
1,45,22,31,150
1,46,22,91,150
1,47,22,100,150
1,48,22,36,150
1,49,22,109,150
1,50,22,27,150
1,51,22,5,150
1,52,22,87,150
1,53,22,101,150
1,54,22,51,150
1,55,22,103,150
1,56,22,9,150
1,57,22,6,150
1,58,22,16,150
1,59,22,93,150
1,60,22,11,150
1,61,22,56,150
1,62,22,14,150
1,63,22,24,150
1,64,22,26,150
1,65,22,85,150
1,66,22,7,150
1,67,22,52,150
1,68,22,1,150
1,69,22,23,150
1,70,22,10,150
1,71,22,28,150
1,72,22,13,150
1,73,22,15,150
1,74,22,29,150
1,75,22,17,150
1,76,22,30,150
1,77,22,64,150
1,78,22,115,150
1,79,22,116,150
1,80,22,123,150
1,81,22,2,150
1,82,22,119,150
1,83,22,120,150
1,84,22,126,150
1,85,22,8,150
1,86,22,117,150
1,87,22,4,150
1,88,22,125,150
1,89,22,25,150
1,90,22,110,150
1,91,22,122,150
1,92,22,129,150
1,93,22,3,150
1,94,22,22,150
1,95,22,128,150
1,96,22,18,150
1,97,22,114,150
1,98,22,20,150
1,99,22,127,150
1,100,22,113,150
1,101,22,112,150
1,102,22,67,150
1,103,22,124,150
1,104,22,62,150
1,105,22,12,150
1,106,22,79,150
1,107,22,21,150
1,108,22,74,150
1,109,22,70,150
1,110,22,73,150
1,111,22,81,150
1,112,22,77,150
1,113,22,78,150
1,114,22,80,150
1,115,22,71,150
1,116,22,72,150
1,117,22,76,150
1,118,22,82,150
1,119,22,61,150
1,120,22,121,150
1,121,22,111,150
1,122,22,69,150
1,123,22,65,150
1,124,22,118,150
1,125,22,63,150
1,126,22,66,150
1,127,22,83,150
1,128,22,75,150
1,129,22,68,150
1,1,23,45,159
1,2,23,54,159
1,3,23,46,159
1,4,23,43,159
1,5,23,39,159
1,6,23,34,159
1,7,23,55,159
1,8,23,60,159
1,9,23,50,159
1,10,23,42,159
1,11,23,41,159
1,12,23,49,159
1,13,23,38,159
1,14,23,32,159
1,15,23,37,159
1,16,23,48,159
1,17,23,40,159
1,18,23,35,159
1,19,23,57,159
1,20,23,89,159
1,21,23,44,159
1,22,23,94,159
1,23,23,98,159
1,24,23,53,159
1,25,23,92,159
1,26,23,84,159
1,27,23,88,159
1,28,23,96,159
1,29,23,105,159
1,30,23,58,159
1,31,23,108,159
1,32,23,106,159
1,33,23,19,159
1,34,23,47,159
1,35,23,107,159
1,36,23,97,159
1,37,23,99,159
1,38,23,95,159
1,39,23,90,159
1,40,23,104,159
1,41,23,102,159
1,42,23,59,159
1,43,23,33,159
1,44,23,86,159
1,45,23,31,159
1,46,23,91,159
1,47,23,100,159
1,48,23,36,159
1,49,23,109,159
1,50,23,27,159
1,51,23,5,159
1,52,23,87,159
1,53,23,101,159
1,54,23,51,159
1,55,23,103,159
1,56,23,9,159
1,57,23,6,159
1,58,23,16,159
1,59,23,93,159
1,60,23,11,159
1,61,23,56,159
1,62,23,14,159
1,63,23,24,159
1,64,23,26,159
1,65,23,85,159
1,66,23,7,159
1,67,23,52,159
1,68,23,1,159
1,69,23,23,159
1,70,23,10,159
1,71,23,28,159
1,72,23,13,159
1,73,23,15,159
1,74,23,29,159
1,75,23,17,159
1,76,23,30,159
1,77,23,64,159
1,78,23,115,159
1,79,23,116,159
1,80,23,123,159
1,81,23,2,159
1,82,23,119,159
1,83,23,120,159
1,84,23,126,159
1,85,23,8,159
1,86,23,117,159
1,87,23,4,159
1,88,23,125,159
1,89,23,25,159
1,90,23,110,159
1,91,23,122,159
1,92,23,129,159
1,93,23,3,159
1,94,23,22,159
1,95,23,128,159
1,96,23,18,159
1,97,23,114,159
1,98,23,20,159
1,99,23,127,159
1,100,23,113,159
1,101,23,112,159
1,102,23,67,159
1,103,23,124,159
1,104,23,62,159
1,105,23,12,159
1,106,23,79,159
1,107,23,21,159
1,108,23,74,159
1,109,23,70,159
1,110,23,73,159
1,111,23,81,159
1,112,23,77,159
1,113,23,78,159
1,114,23,80,159
1,115,23,71,159
1,116,23,72,159
1,117,23,76,159
1,118,23,82,159
1,119,23,61,159
1,120,23,121,159
1,121,23,111,159
1,122,23,69,159
1,123,23,65,159
1,124,23,118,159
1,125,23,63,159
1,126,23,66,159
1,127,23,83,159
1,128,23,75,159
1,129,23,68,159
1,1,24,45,42
1,2,24,54,42
1,3,24,46,42
1,4,24,43,42
1,5,24,39,42
1,6,24,34,42
1,7,24,55,42
1,8,24,60,42
1,9,24,50,42
1,10,24,42,42
1,11,24,41,42
1,12,24,49,42
1,13,24,38,42
1,14,24,32,42
1,15,24,37,42
1,16,24,48,42
1,17,24,40,42
1,18,24,35,42
1,19,24,57,42
1,20,24,89,42
1,21,24,44,42
1,22,24,94,42
1,23,24,98,42
1,24,24,53,42
1,25,24,92,42
1,26,24,84,42
1,27,24,88,42
1,28,24,96,42
1,29,24,105,42
1,30,24,58,42
1,31,24,108,42
1,32,24,106,42
1,33,24,19,42
1,34,24,47,42
1,35,24,107,42
1,36,24,97,42
1,37,24,99,42
1,38,24,95,42
1,39,24,90,42
1,40,24,104,42
1,41,24,102,42
1,42,24,59,42
1,43,24,33,42
1,44,24,86,42
1,45,24,31,42
1,46,24,91,42
1,47,24,100,42
1,48,24,36,42
1,49,24,109,42
1,50,24,27,42
1,51,24,5,42
1,52,24,87,42
1,53,24,101,42
1,54,24,51,42
1,55,24,103,42
1,56,24,9,42
1,57,24,6,42
1,58,24,16,42
1,59,24,93,42
1,60,24,11,42
1,61,24,56,42
1,62,24,14,42
1,63,24,24,42
1,64,24,26,42
1,65,24,85,42
1,66,24,7,42
1,67,24,52,42
1,68,24,1,42
1,69,24,23,42
1,70,24,10,42
1,71,24,28,42
1,72,24,13,42
1,73,24,15,42
1,74,24,29,42
1,75,24,17,42
1,76,24,30,42
1,77,24,64,42
1,78,24,115,42
1,79,24,116,42
1,80,24,123,42
1,81,24,2,42
1,82,24,119,42
1,83,24,120,42
1,84,24,126,42
1,85,24,8,42
1,86,24,117,42
1,87,24,4,42
1,88,24,125,42
1,89,24,25,42
1,90,24,110,42
1,91,24,122,42
1,92,24,129,42
1,93,24,3,42
1,94,24,22,42
1,95,24,128,42
1,96,24,18,42
1,97,24,114,42
1,98,24,20,42
1,99,24,127,42
1,100,24,113,42
1,101,24,112,42
1,102,24,67,42
1,103,24,124,42
1,104,24,62,42
1,105,24,12,42
1,106,24,79,42
1,107,24,21,42
1,108,24,74,42
1,109,24,70,42
1,110,24,73,42
1,111,24,81,42
1,112,24,77,42
1,113,24,78,42
1,114,24,80,42
1,115,24,71,42
1,116,24,72,42
1,117,24,76,42
1,118,24,82,42
1,119,24,61,42
1,120,24,121,42
1,121,24,111,42
1,122,24,69,42
1,123,24,65,42
1,124,24,118,42
1,125,24,63,42
1,126,24,66,42
1,127,24,83,42
1,128,24,75,42
1,129,24,68,42
1,1,25,45,172
1,2,25,54,172
1,3,25,46,172
1,4,25,43,172
1,5,25,39,172
1,6,25,34,172
1,7,25,55,172
1,8,25,60,172
1,9,25,50,172
1,10,25,42,172
1,11,25,41,172
1,12,25,49,172
1,13,25,38,172
1,14,25,32,172
1,15,25,37,172
1,16,25,48,172
1,17,25,40,172
1,18,25,35,172
1,19,25,57,172
1,20,25,89,172
1,21,25,44,172
1,22,25,94,172
1,23,25,98,172
1,24,25,53,172
1,25,25,92,172
1,26,25,84,172
1,27,25,88,172
1,28,25,96,172
1,29,25,105,172
1,30,25,58,172
1,31,25,108,172
1,32,25,106,172
1,33,25,19,172
1,34,25,47,172
1,35,25,107,172
1,36,25,97,172
1,37,25,99,172
1,38,25,95,172
1,39,25,90,172
1,40,25,104,172
1,41,25,102,172
1,42,25,59,172
1,43,25,33,172
1,44,25,86,172
1,45,25,31,172
1,46,25,91,172
1,47,25,100,172
1,48,25,36,172
1,49,25,109,172
1,50,25,27,172
1,51,25,5,172
1,52,25,87,172
1,53,25,101,172
1,54,25,51,172
1,55,25,103,172
1,56,25,9,172
1,57,25,6,172
1,58,25,16,172
1,59,25,93,172
1,60,25,11,172
1,61,25,56,172
1,62,25,14,172
1,63,25,24,172
1,64,25,26,172
1,65,25,85,172
1,66,25,7,172
1,67,25,52,172
1,68,25,1,172
1,69,25,23,172
1,70,25,10,172
1,71,25,28,172
1,72,25,13,172
1,73,25,15,172
1,74,25,29,172
1,75,25,17,172
1,76,25,30,172
1,77,25,64,172
1,78,25,115,172
1,79,25,116,172
1,80,25,123,172
1,81,25,2,172
1,82,25,119,172
1,83,25,120,172
1,84,25,126,172
1,85,25,8,172
1,86,25,117,172
1,87,25,4,172
1,88,25,125,172
1,89,25,25,172
1,90,25,110,172
1,91,25,122,172
1,92,25,129,172
1,93,25,3,172
1,94,25,22,172
1,95,25,128,172
1,96,25,18,172
1,97,25,114,172
1,98,25,20,172
1,99,25,127,172
1,100,25,113,172
1,101,25,112,172
1,102,25,67,172
1,103,25,124,172
1,104,25,62,172
1,105,25,12,172
1,106,25,79,172
1,107,25,21,172
1,108,25,74,172
1,109,25,70,172
1,110,25,73,172
1,111,25,81,172
1,112,25,77,172
1,113,25,78,172
1,114,25,80,172
1,115,25,71,172
1,116,25,72,172
1,117,25,76,172
1,118,25,82,172
1,119,25,61,172
1,120,25,121,172
1,121,25,111,172
1,122,25,69,172
1,123,25,65,172
1,124,25,118,172
1,125,25,63,172
1,126,25,66,172
1,127,25,83,172
1,128,25,75,172
1,129,25,68,172
1,1,26,45,51
1,2,26,54,51
1,3,26,46,51
1,4,26,43,51
1,5,26,39,51
1,6,26,34,51
1,7,26,55,51
1,8,26,60,51
1,9,26,50,51
1,10,26,42,51
1,11,26,41,51
1,12,26,49,51
1,13,26,38,51
1,14,26,32,51
1,15,26,37,51
1,16,26,48,51
1,17,26,40,51
1,18,26,35,51
1,19,26,57,51
1,20,26,89,51
1,21,26,44,51
1,22,26,94,51
1,23,26,98,51
1,24,26,53,51
1,25,26,92,51
1,26,26,84,51
1,27,26,88,51
1,28,26,96,51
1,29,26,105,51
1,30,26,58,51
1,31,26,108,51
1,32,26,106,51
1,33,26,19,51
1,34,26,47,51
1,35,26,107,51
1,36,26,97,51
1,37,26,99,51
1,38,26,95,51
1,39,26,90,51
1,40,26,104,51
1,41,26,102,51
1,42,26,59,51
1,43,26,33,51
1,44,26,86,51
1,45,26,31,51
1,46,26,91,51
1,47,26,100,51
1,48,26,36,51
1,49,26,109,51
1,50,26,27,51
1,51,26,5,51
1,52,26,87,51
1,53,26,101,51
1,54,26,51,51
1,55,26,103,51
1,56,26,9,51
1,57,26,6,51
1,58,26,16,51
1,59,26,93,51
1,60,26,11,51
1,61,26,56,51
1,62,26,14,51
1,63,26,24,51
1,64,26,26,51
1,65,26,85,51
1,66,26,7,51
1,67,26,52,51
1,68,26,1,51
1,69,26,23,51
1,70,26,10,51
1,71,26,28,51
1,72,26,13,51
1,73,26,15,51
1,74,26,29,51
1,75,26,17,51
1,76,26,30,51
1,77,26,64,51
1,78,26,115,51
1,79,26,116,51
1,80,26,123,51
1,81,26,2,51
1,82,26,119,51
1,83,26,120,51
1,84,26,126,51
1,85,26,8,51
1,86,26,117,51
1,87,26,4,51
1,88,26,125,51
1,89,26,25,51
1,90,26,110,51
1,91,26,122,51
1,92,26,129,51
1,93,26,3,51
1,94,26,22,51
1,95,26,128,51
1,96,26,18,51
1,97,26,114,51
1,98,26,20,51
1,99,26,127,51
1,100,26,113,51
1,101,26,112,51
1,102,26,67,51
1,103,26,124,51
1,104,26,62,51
1,105,26,12,51
1,106,26,79,51
1,107,26,21,51
1,108,26,74,51
1,109,26,70,51
1,110,26,73,51
1,111,26,81,51
1,112,26,77,51
1,113,26,78,51
1,114,26,80,51
1,115,26,71,51
1,116,26,72,51
1,117,26,76,51
1,118,26,82,51
1,119,26,61,51
1,120,26,121,51
1,121,26,111,51
1,122,26,69,51
1,123,26,65,51
1,124,26,118,51
1,125,26,63,51
1,126,26,66,51
1,127,26,83,51
1,128,26,75,51
1,129,26,68,51
1,1,27,45,71
1,2,27,54,71
1,3,27,46,71
1,4,27,43,71
1,5,27,39,71
1,6,27,34,71
1,7,27,55,71
1,8,27,60,71
1,9,27,50,71
1,10,27,42,71
1,11,27,41,71
1,12,27,49,71
1,13,27,38,71
1,14,27,32,71
1,15,27,37,71
1,16,27,48,71
1,17,27,40,71
1,18,27,35,71
1,19,27,57,71
1,20,27,89,71
1,21,27,44,71
1,22,27,94,71
1,23,27,98,71
1,24,27,53,71
1,25,27,92,71
1,26,27,84,71
1,27,27,88,71
1,28,27,96,71
1,29,27,105,71
1,30,27,58,71
1,31,27,108,71
1,32,27,106,71
1,33,27,19,71
1,34,27,47,71
1,35,27,107,71
1,36,27,97,71
1,37,27,99,71
1,38,27,95,71
1,39,27,90,71
1,40,27,104,71
1,41,27,102,71
1,42,27,59,71
1,43,27,33,71
1,44,27,86,71
1,45,27,31,71
1,46,27,91,71
1,47,27,100,71
1,48,27,36,71
1,49,27,109,71
1,50,27,27,71
1,51,27,5,71
1,52,27,87,71
1,53,27,101,71
1,54,27,51,71
1,55,27,103,71
1,56,27,9,71
1,57,27,6,71
1,58,27,16,71
1,59,27,93,71
1,60,27,11,71
1,61,27,56,71
1,62,27,14,71
1,63,27,24,71
1,64,27,26,71
1,65,27,85,71
1,66,27,7,71
1,67,27,52,71
1,68,27,1,71
1,69,27,23,71
1,70,27,10,71
1,71,27,28,71
1,72,27,13,71
1,73,27,15,71
1,74,27,29,71
1,75,27,17,71
1,76,27,30,71
1,77,27,64,71
1,78,27,115,71
1,79,27,116,71
1,80,27,123,71
1,81,27,2,71
1,82,27,119,71
1,83,27,120,71
1,84,27,126,71
1,85,27,8,71
1,86,27,117,71
1,87,27,4,71
1,88,27,125,71
1,89,27,25,71
1,90,27,110,71
1,91,27,122,71
1,92,27,129,71
1,93,27,3,71
1,94,27,22,71
1,95,27,128,71
1,96,27,18,71
1,97,27,114,71
1,98,27,20,71
1,99,27,127,71
1,100,27,113,71
1,101,27,112,71
1,102,27,67,71
1,103,27,124,71
1,104,27,62,71
1,105,27,12,71
1,106,27,79,71
1,107,27,21,71
1,108,27,74,71
1,109,27,70,71
1,110,27,73,71
1,111,27,81,71
1,112,27,77,71
1,113,27,78,71
1,114,27,80,71
1,115,27,71,71
1,116,27,72,71
1,117,27,76,71
1,118,27,82,71
1,119,27,61,71
1,120,27,121,71
1,121,27,111,71
1,122,27,69,71
1,123,27,65,71
1,124,27,118,71
1,125,27,63,71
1,126,27,66,71
1,127,27,83,71
1,128,27,75,71
1,129,27,68,71
1,1,28,45,36
1,2,28,54,36
1,3,28,46,36
1,4,28,43,36
1,5,28,39,36
1,6,28,34,36
1,7,28,55,36
1,8,28,60,36
1,9,28,50,36
1,10,28,42,36
1,11,28,41,36
1,12,28,49,36
1,13,28,38,36
1,14,28,32,36
1,15,28,37,36
1,16,28,48,36
1,17,28,40,36
1,18,28,35,36
1,19,28,57,36
1,20,28,89,36
1,21,28,44,36
1,22,28,94,36
1,23,28,98,36
1,24,28,53,36
1,25,28,92,36
1,26,28,84,36
1,27,28,88,36
1,28,28,96,36
1,29,28,105,36
1,30,28,58,36
1,31,28,108,36
1,32,28,106,36
1,33,28,19,36
1,34,28,47,36
1,35,28,107,36
1,36,28,97,36
1,37,28,99,36
1,38,28,95,36
1,39,28,90,36
1,40,28,104,36
1,41,28,102,36
1,42,28,59,36
1,43,28,33,36
1,44,28,86,36
1,45,28,31,36
1,46,28,91,36
1,47,28,100,36
1,48,28,36,36
1,49,28,109,36
1,50,28,27,36
1,51,28,5,36
1,52,28,87,36
1,53,28,101,36
1,54,28,51,36
1,55,28,103,36
1,56,28,9,36
1,57,28,6,36
1,58,28,16,36
1,59,28,93,36
1,60,28,11,36
1,61,28,56,36
1,62,28,14,36
1,63,28,24,36
1,64,28,26,36
1,65,28,85,36
1,66,28,7,36
1,67,28,52,36
1,68,28,1,36
1,69,28,23,36
1,70,28,10,36
1,71,28,28,36
1,72,28,13,36
1,73,28,15,36
1,74,28,29,36
1,75,28,17,36
1,76,28,30,36
1,77,28,64,36
1,78,28,115,36
1,79,28,116,36
1,80,28,123,36
1,81,28,2,36
1,82,28,119,36
1,83,28,120,36
1,84,28,126,36
1,85,28,8,36
1,86,28,117,36
1,87,28,4,36
1,88,28,125,36
1,89,28,25,36
1,90,28,110,36
1,91,28,122,36
1,92,28,129,36
1,93,28,3,36
1,94,28,22,36
1,95,28,128,36
1,96,28,18,36
1,97,28,114,36
1,98,28,20,36
1,99,28,127,36
1,100,28,113,36
1,101,28,112,36
1,102,28,67,36
1,103,28,124,36
1,104,28,62,36
1,105,28,12,36
1,106,28,79,36
1,107,28,21,36
1,108,28,74,36
1,109,28,70,36
1,110,28,73,36
1,111,28,81,36
1,112,28,77,36
1,113,28,78,36
1,114,28,80,36
1,115,28,71,36
1,116,28,72,36
1,117,28,76,36
1,118,28,82,36
1,119,28,61,36
1,120,28,121,36
1,121,28,111,36
1,122,28,69,36
1,123,28,65,36
1,124,28,118,36
1,125,28,63,36
1,126,28,66,36
1,127,28,83,36
1,128,28,75,36
1,129,28,68,36
1,1,29,45,102
1,2,29,54,102
1,3,29,46,102
1,4,29,43,102
1,5,29,39,102
1,6,29,34,102
1,7,29,55,102
1,8,29,60,102
1,9,29,50,102
1,10,29,42,102
1,11,29,41,102
1,12,29,49,102
1,13,29,38,102
1,14,29,32,102
1,15,29,37,102
1,16,29,48,102
1,17,29,40,102
1,18,29,35,102
1,19,29,57,102
1,20,29,89,102
1,21,29,44,102
1,22,29,94,102
1,23,29,98,102
1,24,29,53,102
1,25,29,92,102
1,26,29,84,102
1,27,29,88,102
1,28,29,96,102
1,29,29,105,102
1,30,29,58,102
1,31,29,108,102
1,32,29,106,102
1,33,29,19,102
1,34,29,47,102
1,35,29,107,102
1,36,29,97,102
1,37,29,99,102
1,38,29,95,102
1,39,29,90,102
1,40,29,104,102
1,41,29,102,102
1,42,29,59,102
1,43,29,33,102
1,44,29,86,102
1,45,29,31,102
1,46,29,91,102
1,47,29,100,102
1,48,29,36,102
1,49,29,109,102
1,50,29,27,102
1,51,29,5,102
1,52,29,87,102
1,53,29,101,102
1,54,29,51,102
1,55,29,103,102
1,56,29,9,102
1,57,29,6,102
1,58,29,16,102
1,59,29,93,102
1,60,29,11,102
1,61,29,56,102
1,62,29,14,102
1,63,29,24,102
1,64,29,26,102
1,65,29,85,102
1,66,29,7,102
1,67,29,52,102
1,68,29,1,102
1,69,29,23,102
1,70,29,10,102
1,71,29,28,102
1,72,29,13,102
1,73,29,15,102
1,74,29,29,102
1,75,29,17,102
1,76,29,30,102
1,77,29,64,102
1,78,29,115,102
1,79,29,116,102
1,80,29,123,102
1,81,29,2,102
1,82,29,119,102
1,83,29,120,102
1,84,29,126,102
1,85,29,8,102
1,86,29,117,102
1,87,29,4,102
1,88,29,125,102
1,89,29,25,102
1,90,29,110,102
1,91,29,122,102
1,92,29,129,102
1,93,29,3,102
1,94,29,22,102
1,95,29,128,102
1,96,29,18,102
1,97,29,114,102
1,98,29,20,102
1,99,29,127,102
1,100,29,113,102
1,101,29,112,102
1,102,29,67,102
1,103,29,124,102
1,104,29,62,102
1,105,29,12,102
1,106,29,79,102
1,107,29,21,102
1,108,29,74,102
1,109,29,70,102
1,110,29,73,102
1,111,29,81,102
1,112,29,77,102
1,113,29,78,102
1,114,29,80,102
1,115,29,71,102
1,116,29,72,102
1,117,29,76,102
1,118,29,82,102
1,119,29,61,102
1,120,29,121,102
1,121,29,111,102
1,122,29,69,102
1,123,29,65,102
1,124,29,118,102
1,125,29,63,102
1,126,29,66,102
1,127,29,83,102
1,128,29,75,102
1,129,29,68,102
1,1,30,45,190
1,2,30,54,190
1,3,30,46,190
1,4,30,43,190
1,5,30,39,190
1,6,30,34,190
1,7,30,55,190
1,8,30,60,190
1,9,30,50,190
1,10,30,42,190
1,11,30,41,190
1,12,30,49,190
1,13,30,38,190
1,14,30,32,190
1,15,30,37,190
1,16,30,48,190
1,17,30,40,190
1,18,30,35,190
1,19,30,57,190
1,20,30,89,190
1,21,30,44,190
1,22,30,94,190
1,23,30,98,190
1,24,30,53,190
1,25,30,92,190
1,26,30,84,190
1,27,30,88,190
1,28,30,96,190
1,29,30,105,190
1,30,30,58,190
1,31,30,108,190
1,32,30,106,190
1,33,30,19,190
1,34,30,47,190
1,35,30,107,190
1,36,30,97,190
1,37,30,99,190
1,38,30,95,190
1,39,30,90,190
1,40,30,104,190
1,41,30,102,190
1,42,30,59,190
1,43,30,33,190
1,44,30,86,190
1,45,30,31,190
1,46,30,91,190
1,47,30,100,190
1,48,30,36,190
1,49,30,109,190
1,50,30,27,190
1,51,30,5,190
1,52,30,87,190
1,53,30,101,190
1,54,30,51,190
1,55,30,103,190
1,56,30,9,190
1,57,30,6,190
1,58,30,16,190
1,59,30,93,190
1,60,30,11,190
1,61,30,56,190
1,62,30,14,190
1,63,30,24,190
1,64,30,26,190
1,65,30,85,190
1,66,30,7,190
1,67,30,52,190
1,68,30,1,190
1,69,30,23,190
1,70,30,10,190
1,71,30,28,190
1,72,30,13,190
1,73,30,15,190
1,74,30,29,190
1,75,30,17,190
1,76,30,30,190
1,77,30,64,190
1,78,30,115,190
1,79,30,116,190
1,80,30,123,190
1,81,30,2,190
1,82,30,119,190
1,83,30,120,190
1,84,30,126,190
1,85,30,8,190
1,86,30,117,190
1,87,30,4,190
1,88,30,125,190
1,89,30,25,190
1,90,30,110,190
1,91,30,122,190
1,92,30,129,190
1,93,30,3,190
1,94,30,22,190
1,95,30,128,190
1,96,30,18,190
1,97,30,114,190
1,98,30,20,190
1,99,30,127,190
1,100,30,113,190
1,101,30,112,190
1,102,30,67,190
1,103,30,124,190
1,104,30,62,190
1,105,30,12,190
1,106,30,79,190
1,107,30,21,190
1,108,30,74,190
1,109,30,70,190
1,110,30,73,190
1,111,30,81,190
1,112,30,77,190
1,113,30,78,190
1,114,30,80,190
1,115,30,71,190
1,116,30,72,190
1,117,30,76,190
1,118,30,82,190
1,119,30,61,190
1,120,30,121,190
1,121,30,111,190
1,122,30,69,190
1,123,30,65,190
1,124,30,118,190
1,125,30,63,190
1,126,30,66,190
1,127,30,83,190
1,128,30,75,190
1,129,30,68,190
1,1,31,45,145
1,2,31,54,145
1,3,31,46,145
1,4,31,43,145
1,5,31,39,145
1,6,31,34,145
1,7,31,55,145
1,8,31,60,145
1,9,31,50,145
1,10,31,42,145
1,11,31,41,145
1,12,31,49,145
1,13,31,38,145
1,14,31,32,145
1,15,31,37,145
1,16,31,48,145
1,17,31,40,145
1,18,31,35,145
1,19,31,57,145
1,20,31,89,145
1,21,31,44,145
1,22,31,94,145
1,23,31,98,145
1,24,31,53,145
1,25,31,92,145
1,26,31,84,145
1,27,31,88,145
1,28,31,96,145
1,29,31,105,145
1,30,31,58,145
1,31,31,108,145
1,32,31,106,145
1,33,31,19,145
1,34,31,47,145
1,35,31,107,145
1,36,31,97,145
1,37,31,99,145
1,38,31,95,145
1,39,31,90,145
1,40,31,104,145
1,41,31,102,145
1,42,31,59,145
1,43,31,33,145
1,44,31,86,145
1,45,31,31,145
1,46,31,91,145
1,47,31,100,145
1,48,31,36,145
1,49,31,109,145
1,50,31,27,145
1,51,31,5,145
1,52,31,87,145
1,53,31,101,145
1,54,31,51,145
1,55,31,103,145
1,56,31,9,145
1,57,31,6,145
1,58,31,16,145
1,59,31,93,145
1,60,31,11,145
1,61,31,56,145
1,62,31,14,145
1,63,31,24,145
1,64,31,26,145
1,65,31,85,145
1,66,31,7,145
1,67,31,52,145
1,68,31,1,145
1,69,31,23,145
1,70,31,10,145
1,71,31,28,145
1,72,31,13,145
1,73,31,15,145
1,74,31,29,145
1,75,31,17,145
1,76,31,30,145
1,77,31,64,145
1,78,31,115,145
1,79,31,116,145
1,80,31,123,145
1,81,31,2,145
1,82,31,119,145
1,83,31,120,145
1,84,31,126,145
1,85,31,8,145
1,86,31,117,145
1,87,31,4,145
1,88,31,125,145
1,89,31,25,145
1,90,31,110,145
1,91,31,122,145
1,92,31,129,145
1,93,31,3,145
1,94,31,22,145
1,95,31,128,145
1,96,31,18,145
1,97,31,114,145
1,98,31,20,145
1,99,31,127,145
1,100,31,113,145
1,101,31,112,145
1,102,31,67,145
1,103,31,124,145
1,104,31,62,145
1,105,31,12,145
1,106,31,79,145
1,107,31,21,145
1,108,31,74,145
1,109,31,70,145
1,110,31,73,145
1,111,31,81,145
1,112,31,77,145
1,113,31,78,145
1,114,31,80,145
1,115,31,71,145
1,116,31,72,145
1,117,31,76,145
1,118,31,82,145
1,119,31,61,145
1,120,31,121,145
1,121,31,111,145
1,122,31,69,145
1,123,31,65,145
1,124,31,118,145
1,125,31,63,145
1,126,31,66,145
1,127,31,83,145
1,128,31,75,145
1,129,31,68,145
1,1,32,45,78
1,2,32,54,78
1,3,32,46,78
1,4,32,43,78
1,5,32,39,78
1,6,32,34,78
1,7,32,55,78
1,8,32,60,78
1,9,32,50,78
1,10,32,42,78
1,11,32,41,78
1,12,32,49,78
1,13,32,38,78
1,14,32,32,78
1,15,32,37,78
1,16,32,48,78
1,17,32,40,78
1,18,32,35,78
1,19,32,57,78
1,20,32,89,78
1,21,32,44,78
1,22,32,94,78
1,23,32,98,78
1,24,32,53,78
1,25,32,92,78
1,26,32,84,78
1,27,32,88,78
1,28,32,96,78
1,29,32,105,78
1,30,32,58,78
1,31,32,108,78
1,32,32,106,78
1,33,32,19,78
1,34,32,47,78
1,35,32,107,78
1,36,32,97,78
1,37,32,99,78
1,38,32,95,78
1,39,32,90,78
1,40,32,104,78
1,41,32,102,78
1,42,32,59,78
1,43,32,33,78
1,44,32,86,78
1,45,32,31,78
1,46,32,91,78
1,47,32,100,78
1,48,32,36,78
1,49,32,109,78
1,50,32,27,78
1,51,32,5,78
1,52,32,87,78
1,53,32,101,78
1,54,32,51,78
1,55,32,103,78
1,56,32,9,78
1,57,32,6,78
1,58,32,16,78
1,59,32,93,78
1,60,32,11,78
1,61,32,56,78
1,62,32,14,78
1,63,32,24,78
1,64,32,26,78
1,65,32,85,78
1,66,32,7,78
1,67,32,52,78
1,68,32,1,78
1,69,32,23,78
1,70,32,10,78
1,71,32,28,78
1,72,32,13,78
1,73,32,15,78
1,74,32,29,78
1,75,32,17,78
1,76,32,30,78
1,77,32,64,78
1,78,32,115,78
1,79,32,116,78
1,80,32,123,78
1,81,32,2,78
1,82,32,119,78
1,83,32,120,78
1,84,32,126,78
1,85,32,8,78
1,86,32,117,78
1,87,32,4,78
1,88,32,125,78
1,89,32,25,78
1,90,32,110,78
1,91,32,122,78
1,92,32,129,78
1,93,32,3,78
1,94,32,22,78
1,95,32,128,78
1,96,32,18,78
1,97,32,114,78
1,98,32,20,78
1,99,32,127,78
1,100,32,113,78
1,101,32,112,78
1,102,32,67,78
1,103,32,124,78
1,104,32,62,78
1,105,32,12,78
1,106,32,79,78
1,107,32,21,78
1,108,32,74,78
1,109,32,70,78
1,110,32,73,78
1,111,32,81,78
1,112,32,77,78
1,113,32,78,78
1,114,32,80,78
1,115,32,71,78
1,116,32,72,78
1,117,32,76,78
1,118,32,82,78
1,119,32,61,78
1,120,32,121,78
1,121,32,111,78
1,122,32,69,78
1,123,32,65,78
1,124,32,118,78
1,125,32,63,78
1,126,32,66,78
1,127,32,83,78
1,128,32,75,78
1,129,32,68,78
1,1,33,45,176
1,2,33,54,176
1,3,33,46,176
1,4,33,43,176
1,5,33,39,176
1,6,33,34,176
1,7,33,55,176
1,8,33,60,176
1,9,33,50,176
1,10,33,42,176
1,11,33,41,176
1,12,33,49,176
1,13,33,38,176
1,14,33,32,176
1,15,33,37,176
1,16,33,48,176
1,17,33,40,176
1,18,33,35,176
1,19,33,57,176
1,20,33,89,176
1,21,33,44,176
1,22,33,94,176
1,23,33,98,176
1,24,33,53,176
1,25,33,92,176
1,26,33,84,176
1,27,33,88,176
1,28,33,96,176
1,29,33,105,176
1,30,33,58,176
1,31,33,108,176
1,32,33,106,176
1,33,33,19,176
1,34,33,47,176
1,35,33,107,176
1,36,33,97,176
1,37,33,99,176
1,38,33,95,176
1,39,33,90,176
1,40,33,104,176
1,41,33,102,176
1,42,33,59,176
1,43,33,33,176
1,44,33,86,176
1,45,33,31,176
1,46,33,91,176
1,47,33,100,176
1,48,33,36,176
1,49,33,109,176
1,50,33,27,176
1,51,33,5,176
1,52,33,87,176
1,53,33,101,176
1,54,33,51,176
1,55,33,103,176
1,56,33,9,176
1,57,33,6,176
1,58,33,16,176
1,59,33,93,176
1,60,33,11,176
1,61,33,56,176
1,62,33,14,176
1,63,33,24,176
1,64,33,26,176
1,65,33,85,176
1,66,33,7,176
1,67,33,52,176
1,68,33,1,176
1,69,33,23,176
1,70,33,10,176
1,71,33,28,176
1,72,33,13,176
1,73,33,15,176
1,74,33,29,176
1,75,33,17,176
1,76,33,30,176
1,77,33,64,176
1,78,33,115,176
1,79,33,116,176
1,80,33,123,176
1,81,33,2,176
1,82,33,119,176
1,83,33,120,176
1,84,33,126,176
1,85,33,8,176
1,86,33,117,176
1,87,33,4,176
1,88,33,125,176
1,89,33,25,176
1,90,33,110,176
1,91,33,122,176
1,92,33,129,176
1,93,33,3,176
1,94,33,22,176
1,95,33,128,176
1,96,33,18,176
1,97,33,114,176
1,98,33,20,176
1,99,33,127,176
1,100,33,113,176
1,101,33,112,176
1,102,33,67,176
1,103,33,124,176
1,104,33,62,176
1,105,33,12,176
1,106,33,79,176
1,107,33,21,176
1,108,33,74,176
1,109,33,70,176
1,110,33,73,176
1,111,33,81,176
1,112,33,77,176
1,113,33,78,176
1,114,33,80,176
1,115,33,71,176
1,116,33,72,176
1,117,33,76,176
1,118,33,82,176
1,119,33,61,176
1,120,33,121,176
1,121,33,111,176
1,122,33,69,176
1,123,33,65,176
1,124,33,118,176
1,125,33,63,176
1,126,33,66,176
1,127,33,83,176
1,128,33,75,176
1,129,33,68,176
1,1,34,45,224
1,2,34,54,224
1,3,34,46,224
1,4,34,43,224
1,5,34,39,224
1,6,34,34,224
1,7,34,55,224
1,8,34,60,224
1,9,34,50,224
1,10,34,42,224
1,11,34,41,224
1,12,34,49,224
1,13,34,38,224
1,14,34,32,224
1,15,34,37,224
1,16,34,48,224
1,17,34,40,224
1,18,34,35,224
1,19,34,57,224
1,20,34,89,224
1,21,34,44,224
1,22,34,94,224
1,23,34,98,224
1,24,34,53,224
1,25,34,92,224
1,26,34,84,224
1,27,34,88,224
1,28,34,96,224
1,29,34,105,224
1,30,34,58,224
1,31,34,108,224
1,32,34,106,224
1,33,34,19,224
1,34,34,47,224
1,35,34,107,224
1,36,34,97,224
1,37,34,99,224
1,38,34,95,224
1,39,34,90,224
1,40,34,104,224
1,41,34,102,224
1,42,34,59,224
1,43,34,33,224
1,44,34,86,224
1,45,34,31,224
1,46,34,91,224
1,47,34,100,224
1,48,34,36,224
1,49,34,109,224
1,50,34,27,224
1,51,34,5,224
1,52,34,87,224
1,53,34,101,224
1,54,34,51,224
1,55,34,103,224
1,56,34,9,224
1,57,34,6,224
1,58,34,16,224
1,59,34,93,224
1,60,34,11,224
1,61,34,56,224
1,62,34,14,224
1,63,34,24,224
1,64,34,26,224
1,65,34,85,224
1,66,34,7,224
1,67,34,52,224
1,68,34,1,224
1,69,34,23,224
1,70,34,10,224
1,71,34,28,224
1,72,34,13,224
1,73,34,15,224
1,74,34,29,224
1,75,34,17,224
1,76,34,30,224
1,77,34,64,224
1,78,34,115,224
1,79,34,116,224
1,80,34,123,224
1,81,34,2,224
1,82,34,119,224
1,83,34,120,224
1,84,34,126,224
1,85,34,8,224
1,86,34,117,224
1,87,34,4,224
1,88,34,125,224
1,89,34,25,224
1,90,34,110,224
1,91,34,122,224
1,92,34,129,224
1,93,34,3,224
1,94,34,22,224
1,95,34,128,224
1,96,34,18,224
1,97,34,114,224
1,98,34,20,224
1,99,34,127,224
1,100,34,113,224
1,101,34,112,224
1,102,34,67,224
1,103,34,124,224
1,104,34,62,224
1,105,34,12,224
1,106,34,79,224
1,107,34,21,224
1,108,34,74,224
1,109,34,70,224
1,110,34,73,224
1,111,34,81,224
1,112,34,77,224
1,113,34,78,224
1,114,34,80,224
1,115,34,71,224
1,116,34,72,224
1,117,34,76,224
1,118,34,82,224
1,119,34,61,224
1,120,34,121,224
1,121,34,111,224
1,122,34,69,224
1,123,34,65,224
1,124,34,118,224
1,125,34,63,224
1,126,34,66,224
1,127,34,83,224
1,128,34,75,224
1,129,34,68,224
1,1,35,45,120
1,2,35,54,120
1,3,35,46,120
1,4,35,43,120
1,5,35,39,120
1,6,35,34,120
1,7,35,55,120
1,8,35,60,120
1,9,35,50,120
1,10,35,42,120
1,11,35,41,120
1,12,35,49,120
1,13,35,38,120
1,14,35,32,120
1,15,35,37,120
1,16,35,48,120
1,17,35,40,120
1,18,35,35,120
1,19,35,57,120
1,20,35,89,120
1,21,35,44,120
1,22,35,94,120
1,23,35,98,120
1,24,35,53,120
1,25,35,92,120
1,26,35,84,120
1,27,35,88,120
1,28,35,96,120
1,29,35,105,120
1,30,35,58,120
1,31,35,108,120
1,32,35,106,120
1,33,35,19,120
1,34,35,47,120
1,35,35,107,120
1,36,35,97,120
1,37,35,99,120
1,38,35,95,120
1,39,35,90,120
1,40,35,104,120
1,41,35,102,120
1,42,35,59,120
1,43,35,33,120
1,44,35,86,120
1,45,35,31,120
1,46,35,91,120
1,47,35,100,120
1,48,35,36,120
1,49,35,109,120
1,50,35,27,120
1,51,35,5,120
1,52,35,87,120
1,53,35,101,120
1,54,35,51,120
1,55,35,103,120
1,56,35,9,120
1,57,35,6,120
1,58,35,16,120
1,59,35,93,120
1,60,35,11,120
1,61,35,56,120
1,62,35,14,120
1,63,35,24,120
1,64,35,26,120
1,65,35,85,120
1,66,35,7,120
1,67,35,52,120
1,68,35,1,120
1,69,35,23,120
1,70,35,10,120
1,71,35,28,120
1,72,35,13,120
1,73,35,15,120
1,74,35,29,120
1,75,35,17,120
1,76,35,30,120
1,77,35,64,120
1,78,35,115,120
1,79,35,116,120
1,80,35,123,120
1,81,35,2,120
1,82,35,119,120
1,83,35,120,120
1,84,35,126,120
1,85,35,8,120
1,86,35,117,120
1,87,35,4,120
1,88,35,125,120
1,89,35,25,120
1,90,35,110,120
1,91,35,122,120
1,92,35,129,120
1,93,35,3,120
1,94,35,22,120
1,95,35,128,120
1,96,35,18,120
1,97,35,114,120
1,98,35,20,120
1,99,35,127,120
1,100,35,113,120
1,101,35,112,120
1,102,35,67,120
1,103,35,124,120
1,104,35,62,120
1,105,35,12,120
1,106,35,79,120
1,107,35,21,120
1,108,35,74,120
1,109,35,70,120
1,110,35,73,120
1,111,35,81,120
1,112,35,77,120
1,113,35,78,120
1,114,35,80,120
1,115,35,71,120
1,116,35,72,120
1,117,35,76,120
1,118,35,82,120
1,119,35,61,120
1,120,35,121,120
1,121,35,111,120
1,122,35,69,120
1,123,35,65,120
1,124,35,118,120
1,125,35,63,120
1,126,35,66,120
1,127,35,83,120
1,128,35,75,120
1,129,35,68,120
1,1,36,45,93
1,2,36,54,93
1,3,36,46,93
1,4,36,43,93
1,5,36,39,93
1,6,36,34,93
1,7,36,55,93
1,8,36,60,93
1,9,36,50,93
1,10,36,42,93
1,11,36,41,93
1,12,36,49,93
1,13,36,38,93
1,14,36,32,93
1,15,36,37,93
1,16,36,48,93
1,17,36,40,93
1,18,36,35,93
1,19,36,57,93
1,20,36,89,93
1,21,36,44,93
1,22,36,94,93
1,23,36,98,93
1,24,36,53,93
1,25,36,92,93
1,26,36,84,93
1,27,36,88,93
1,28,36,96,93
1,29,36,105,93
1,30,36,58,93
1,31,36,108,93
1,32,36,106,93
1,33,36,19,93
1,34,36,47,93
1,35,36,107,93
1,36,36,97,93
1,37,36,99,93
1,38,36,95,93
1,39,36,90,93
1,40,36,104,93
1,41,36,102,93
1,42,36,59,93
1,43,36,33,93
1,44,36,86,93
1,45,36,31,93
1,46,36,91,93
1,47,36,100,93
1,48,36,36,93
1,49,36,109,93
1,50,36,27,93
1,51,36,5,93
1,52,36,87,93
1,53,36,101,93
1,54,36,51,93
1,55,36,103,93
1,56,36,9,93
1,57,36,6,93
1,58,36,16,93
1,59,36,93,93
1,60,36,11,93
1,61,36,56,93
1,62,36,14,93
1,63,36,24,93
1,64,36,26,93
1,65,36,85,93
1,66,36,7,93
1,67,36,52,93
1,68,36,1,93
1,69,36,23,93
1,70,36,10,93
1,71,36,28,93
1,72,36,13,93
1,73,36,15,93
1,74,36,29,93
1,75,36,17,93
1,76,36,30,93
1,77,36,64,93
1,78,36,115,93
1,79,36,116,93
1,80,36,123,93
1,81,36,2,93
1,82,36,119,93
1,83,36,120,93
1,84,36,126,93
1,85,36,8,93
1,86,36,117,93
1,87,36,4,93
1,88,36,125,93
1,89,36,25,93
1,90,36,110,93
1,91,36,122,93
1,92,36,129,93
1,93,36,3,93
1,94,36,22,93
1,95,36,128,93
1,96,36,18,93
1,97,36,114,93
1,98,36,20,93
1,99,36,127,93
1,100,36,113,93
1,101,36,112,93
1,102,36,67,93
1,103,36,124,93
1,104,36,62,93
1,105,36,12,93
1,106,36,79,93
1,107,36,21,93
1,108,36,74,93
1,109,36,70,93
1,110,36,73,93
1,111,36,81,93
1,112,36,77,93
1,113,36,78,93
1,114,36,80,93
1,115,36,71,93
1,116,36,72,93
1,117,36,76,93
1,118,36,82,93
1,119,36,61,93
1,120,36,121,93
1,121,36,111,93
1,122,36,69,93
1,123,36,65,93
1,124,36,118,93
1,125,36,63,93
1,126,36,66,93
1,127,36,83,93
1,128,36,75,93
1,129,36,68,93
1,1,37,45,143
1,2,37,54,143
1,3,37,46,143
1,4,37,43,143
1,5,37,39,143
1,6,37,34,143
1,7,37,55,143
1,8,37,60,143
1,9,37,50,143
1,10,37,42,143
1,11,37,41,143
1,12,37,49,143
1,13,37,38,143
1,14,37,32,143
1,15,37,37,143
1,16,37,48,143
1,17,37,40,143
1,18,37,35,143
1,19,37,57,143
1,20,37,89,143
1,21,37,44,143
1,22,37,94,143
1,23,37,98,143
1,24,37,53,143
1,25,37,92,143
1,26,37,84,143
1,27,37,88,143
1,28,37,96,143
1,29,37,105,143
1,30,37,58,143
1,31,37,108,143
1,32,37,106,143
1,33,37,19,143
1,34,37,47,143
1,35,37,107,143
1,36,37,97,143
1,37,37,99,143
1,38,37,95,143
1,39,37,90,143
1,40,37,104,143
1,41,37,102,143
1,42,37,59,143
1,43,37,33,143
1,44,37,86,143
1,45,37,31,143
1,46,37,91,143
1,47,37,100,143
1,48,37,36,143
1,49,37,109,143
1,50,37,27,143
1,51,37,5,143
1,52,37,87,143
1,53,37,101,143
1,54,37,51,143
1,55,37,103,143
1,56,37,9,143
1,57,37,6,143
1,58,37,16,143
1,59,37,93,143
1,60,37,11,143
1,61,37,56,143
1,62,37,14,143
1,63,37,24,143
1,64,37,26,143
1,65,37,85,143
1,66,37,7,143
1,67,37,52,143
1,68,37,1,143
1,69,37,23,143
1,70,37,10,143
1,71,37,28,143
1,72,37,13,143
1,73,37,15,143
1,74,37,29,143
1,75,37,17,143
1,76,37,30,143
1,77,37,64,143
1,78,37,115,143
1,79,37,116,143
1,80,37,123,143
1,81,37,2,143
1,82,37,119,143
1,83,37,120,143
1,84,37,126,143
1,85,37,8,143
1,86,37,117,143
1,87,37,4,143
1,88,37,125,143
1,89,37,25,143
1,90,37,110,143
1,91,37,122,143
1,92,37,129,143
1,93,37,3,143
1,94,37,22,143
1,95,37,128,143
1,96,37,18,143
1,97,37,114,143
1,98,37,20,143
1,99,37,127,143
1,100,37,113,143
1,101,37,112,143
1,102,37,67,143
1,103,37,124,143
1,104,37,62,143
1,105,37,12,143
1,106,37,79,143
1,107,37,21,143
1,108,37,74,143
1,109,37,70,143
1,110,37,73,143
1,111,37,81,143
1,112,37,77,143
1,113,37,78,143
1,114,37,80,143
1,115,37,71,143
1,116,37,72,143
1,117,37,76,143
1,118,37,82,143
1,119,37,61,143
1,120,37,121,143
1,121,37,111,143
1,122,37,69,143
1,123,37,65,143
1,124,37,118,143
1,125,37,63,143
1,126,37,66,143
1,127,37,83,143
1,128,37,75,143
1,129,37,68,143
1,1,38,45,183
1,2,38,54,183
1,3,38,46,183
1,4,38,43,183
1,5,38,39,183
1,6,38,34,183
1,7,38,55,183
1,8,38,60,183
1,9,38,50,183
1,10,38,42,183
1,11,38,41,183
1,12,38,49,183
1,13,38,38,183
1,14,38,32,183
1,15,38,37,183
1,16,38,48,183
1,17,38,40,183
1,18,38,35,183
1,19,38,57,183
1,20,38,89,183
1,21,38,44,183
1,22,38,94,183
1,23,38,98,183
1,24,38,53,183
1,25,38,92,183
1,26,38,84,183
1,27,38,88,183
1,28,38,96,183
1,29,38,105,183
1,30,38,58,183
1,31,38,108,183
1,32,38,106,183
1,33,38,19,183
1,34,38,47,183
1,35,38,107,183
1,36,38,97,183
1,37,38,99,183
1,38,38,95,183
1,39,38,90,183
1,40,38,104,183
1,41,38,102,183
1,42,38,59,183
1,43,38,33,183
1,44,38,86,183
1,45,38,31,183
1,46,38,91,183
1,47,38,100,183
1,48,38,36,183
1,49,38,109,183
1,50,38,27,183
1,51,38,5,183
1,52,38,87,183
1,53,38,101,183
1,54,38,51,183
1,55,38,103,183
1,56,38,9,183
1,57,38,6,183
1,58,38,16,183
1,59,38,93,183
1,60,38,11,183
1,61,38,56,183
1,62,38,14,183
1,63,38,24,183
1,64,38,26,183
1,65,38,85,183
1,66,38,7,183
1,67,38,52,183
1,68,38,1,183
1,69,38,23,183
1,70,38,10,183
1,71,38,28,183
1,72,38,13,183
1,73,38,15,183
1,74,38,29,183
1,75,38,17,183
1,76,38,30,183
1,77,38,64,183
1,78,38,115,183
1,79,38,116,183
1,80,38,123,183
1,81,38,2,183
1,82,38,119,183
1,83,38,120,183
1,84,38,126,183
1,85,38,8,183
1,86,38,117,183
1,87,38,4,183
1,88,38,125,183
1,89,38,25,183
1,90,38,110,183
1,91,38,122,183
1,92,38,129,183
1,93,38,3,183
1,94,38,22,183
1,95,38,128,183
1,96,38,18,183
1,97,38,114,183
1,98,38,20,183
1,99,38,127,183
1,100,38,113,183
1,101,38,112,183
1,102,38,67,183
1,103,38,124,183
1,104,38,62,183
1,105,38,12,183
1,106,38,79,183
1,107,38,21,183
1,108,38,74,183
1,109,38,70,183
1,110,38,73,183
1,111,38,81,183
1,112,38,77,183
1,113,38,78,183
1,114,38,80,183
1,115,38,71,183
1,116,38,72,183
1,117,38,76,183
1,118,38,82,183
1,119,38,61,183
1,120,38,121,183
1,121,38,111,183
1,122,38,69,183
1,123,38,65,183
1,124,38,118,183
1,125,38,63,183
1,126,38,66,183
1,127,38,83,183
1,128,38,75,183
1,129,38,68,183
1,1,39,45,1
1,2,39,54,1
1,3,39,46,1
1,4,39,43,1
1,5,39,39,1
1,6,39,34,1
1,7,39,55,1
1,8,39,60,1
1,9,39,50,1
1,10,39,42,1
1,11,39,41,1
1,12,39,49,1
1,13,39,38,1
1,14,39,32,1
1,15,39,37,1
1,16,39,48,1
1,17,39,40,1
1,18,39,35,1
1,19,39,57,1
1,20,39,89,1
1,21,39,44,1
1,22,39,94,1
1,23,39,98,1
1,24,39,53,1
1,25,39,92,1
1,26,39,84,1
1,27,39,88,1
1,28,39,96,1
1,29,39,105,1
1,30,39,58,1
1,31,39,108,1
1,32,39,106,1
1,33,39,19,1
1,34,39,47,1
1,35,39,107,1
1,36,39,97,1
1,37,39,99,1
1,38,39,95,1
1,39,39,90,1
1,40,39,104,1
1,41,39,102,1
1,42,39,59,1
1,43,39,33,1
1,44,39,86,1
1,45,39,31,1
1,46,39,91,1
1,47,39,100,1
1,48,39,36,1
1,49,39,109,1
1,50,39,27,1
1,51,39,5,1
1,52,39,87,1
1,53,39,101,1
1,54,39,51,1
1,55,39,103,1
1,56,39,9,1
1,57,39,6,1
1,58,39,16,1
1,59,39,93,1
1,60,39,11,1
1,61,39,56,1
1,62,39,14,1
1,63,39,24,1
1,64,39,26,1
1,65,39,85,1
1,66,39,7,1
1,67,39,52,1
1,68,39,1,1
1,69,39,23,1
1,70,39,10,1
1,71,39,28,1
1,72,39,13,1
1,73,39,15,1
1,74,39,29,1
1,75,39,17,1
1,76,39,30,1
1,77,39,64,1
1,78,39,115,1
1,79,39,116,1
1,80,39,123,1
1,81,39,2,1
1,82,39,119,1
1,83,39,120,1
1,84,39,126,1
1,85,39,8,1
1,86,39,117,1
1,87,39,4,1
1,88,39,125,1
1,89,39,25,1
1,90,39,110,1
1,91,39,122,1
1,92,39,129,1
1,93,39,3,1
1,94,39,22,1
1,95,39,128,1
1,96,39,18,1
1,97,39,114,1
1,98,39,20,1
13,99,39,127,1
13,100,39,113,1
13,101,39,112,1
1,102,39,67,1
1,103,39,124,1
1,104,39,62,1
1,105,39,12,1
1,106,39,79,1
1,107,39,21,1
1,108,39,74,1
1,109,39,70,1
1,110,39,73,1
1,111,39,81,1
1,112,39,77,1
1,113,39,78,1
1,114,39,80,1
1,115,39,71,1
1,116,39,72,1
1,117,39,76,1
1,118,39,82,1
1,119,39,61,1
1,120,39,121,1
1,121,39,111,1
1,122,39,69,1
1,123,39,65,1
1,124,39,118,1
1,125,39,63,1
1,126,39,66,1
1,127,39,83,1
1,128,39,75,1
1,129,39,68,1
1,1,40,45,95
1,2,40,54,95
1,3,40,46,95
1,4,40,43,95
1,5,40,39,95
1,6,40,34,95
1,7,40,55,95
1,8,40,60,95
1,9,40,50,95
1,10,40,42,95
1,11,40,41,95
1,12,40,49,95
1,13,40,38,95
1,14,40,32,95
1,15,40,37,95
1,16,40,48,95
1,17,40,40,95
1,18,40,35,95
1,19,40,57,95
1,20,40,89,95
1,21,40,44,95
1,22,40,94,95
1,23,40,98,95
1,24,40,53,95
1,25,40,92,95
1,26,40,84,95
1,27,40,88,95
1,28,40,96,95
1,29,40,105,95
1,30,40,58,95
1,31,40,108,95
1,32,40,106,95
1,33,40,19,95
1,34,40,47,95
1,35,40,107,95
1,36,40,97,95
1,37,40,99,95
1,38,40,95,95
1,39,40,90,95
1,40,40,104,95
1,41,40,102,95
1,42,40,59,95
1,43,40,33,95
1,44,40,86,95
1,45,40,31,95
1,46,40,91,95
1,47,40,100,95
1,48,40,36,95
1,49,40,109,95
1,50,40,27,95
1,51,40,5,95
1,52,40,87,95
1,53,40,101,95
1,54,40,51,95
1,55,40,103,95
1,56,40,9,95
1,57,40,6,95
1,58,40,16,95
1,59,40,93,95
1,60,40,11,95
1,61,40,56,95
1,62,40,14,95
1,63,40,24,95
1,64,40,26,95
1,65,40,85,95
1,66,40,7,95
1,67,40,52,95
1,68,40,1,95
1,69,40,23,95
1,70,40,10,95
1,71,40,28,95
1,72,40,13,95
1,73,40,15,95
1,74,40,29,95
1,75,40,17,95
1,76,40,30,95
1,77,40,64,95
1,78,40,115,95
1,79,40,116,95
1,80,40,123,95
1,81,40,2,95
1,82,40,119,95
1,83,40,120,95
1,84,40,126,95
1,85,40,8,95
1,86,40,117,95
1,87,40,4,95
1,88,40,125,95
1,89,40,25,95
1,90,40,110,95
1,91,40,122,95
1,92,40,129,95
1,93,40,3,95
1,94,40,22,95
1,95,40,128,95
1,96,40,18,95
1,97,40,114,95
1,98,40,20,95
13,99,40,127,95
13,100,40,113,95
13,101,40,112,95
1,102,40,67,95
1,103,40,124,95
1,104,40,62,95
1,105,40,12,95
1,106,40,79,95
1,107,40,21,95
1,108,40,74,95
1,109,40,70,95
1,110,40,73,95
1,111,40,81,95
1,112,40,77,95
1,113,40,78,95
1,114,40,80,95
1,115,40,71,95
1,116,40,72,95
1,117,40,76,95
1,118,40,82,95
1,119,40,61,95
1,120,40,121,95
1,121,40,111,95
1,122,40,69,95
1,123,40,65,95
1,124,40,118,95
1,125,40,63,95
1,126,40,66,95
1,127,40,83,95
1,128,40,75,95
1,129,40,68,95
1,1,41,45,65
1,2,41,54,65
1,3,41,46,65
1,4,41,43,65
1,5,41,39,65
1,6,41,34,65
1,7,41,55,65
1,8,41,60,65
1,9,41,50,65
1,10,41,42,65
1,11,41,41,65
1,12,41,49,65
1,13,41,38,65
1,14,41,32,65
1,15,41,37,65
1,16,41,48,65
1,17,41,40,65
1,18,41,35,65
1,19,41,57,65
1,20,41,89,65
1,21,41,44,65
1,22,41,94,65
1,23,41,98,65
1,24,41,53,65
1,25,41,92,65
1,26,41,84,65
1,27,41,88,65
1,28,41,96,65
1,29,41,105,65
1,30,41,58,65
1,31,41,108,65
1,32,41,106,65
1,33,41,19,65
1,34,41,47,65
1,35,41,107,65
1,36,41,97,65
1,37,41,99,65
1,38,41,95,65
1,39,41,90,65
1,40,41,104,65
1,41,41,102,65
1,42,41,59,65
1,43,41,33,65
1,44,41,86,65
1,45,41,31,65
1,46,41,91,65
1,47,41,100,65
1,48,41,36,65
1,49,41,109,65
1,50,41,27,65
1,51,41,5,65
1,52,41,87,65
1,53,41,101,65
1,54,41,51,65
1,55,41,103,65
1,56,41,9,65
1,57,41,6,65
1,58,41,16,65
1,59,41,93,65
1,60,41,11,65
1,61,41,56,65
1,62,41,14,65
1,63,41,24,65
1,64,41,26,65
1,65,41,85,65
1,66,41,7,65
1,67,41,52,65
1,68,41,1,65
1,69,41,23,65
1,70,41,10,65
1,71,41,28,65
1,72,41,13,65
1,73,41,15,65
1,74,41,29,65
1,75,41,17,65
1,76,41,30,65
1,77,41,64,65
1,78,41,115,65
1,79,41,116,65
1,80,41,123,65
1,81,41,2,65
1,82,41,119,65
1,83,41,120,65
1,84,41,126,65
1,85,41,8,65
1,86,41,117,65
1,87,41,4,65
1,88,41,125,65
1,89,41,25,65
1,90,41,110,65
1,91,41,122,65
1,92,41,129,65
1,93,41,3,65
1,94,41,22,65
1,95,41,128,65
1,96,41,18,65
1,97,41,114,65
1,98,41,20,65
1,99,41,127,65
1,100,41,113,65
1,101,41,112,65
1,102,41,67,65
1,103,41,124,65
1,104,41,62,65
1,105,41,12,65
1,106,41,79,65
1,107,41,21,65
1,108,41,74,65
1,109,41,70,65
1,110,41,73,65
1,111,41,81,65
1,112,41,77,65
1,113,41,78,65
1,114,41,80,65
1,115,41,71,65
1,116,41,72,65
1,117,41,76,65
1,118,41,82,65
1,119,41,61,65
1,120,41,121,65
1,121,41,111,65
1,122,41,69,65
1,123,41,65,65
1,124,41,118,65
1,125,41,63,65
1,126,41,66,65
1,127,41,83,65
1,128,41,75,65
1,129,41,68,65
1,1,42,45,62
1,2,42,54,62
1,3,42,46,62
1,4,42,43,62
1,5,42,39,62
1,6,42,34,62
1,7,42,55,62
1,8,42,60,62
1,9,42,50,62
1,10,42,42,62
1,11,42,41,62
1,12,42,49,62
1,13,42,38,62
1,14,42,32,62
1,15,42,37,62
1,16,42,48,62
1,17,42,40,62
1,18,42,35,62
1,19,42,57,62
1,20,42,89,62
1,21,42,44,62
1,22,42,94,62
1,23,42,98,62
1,24,42,53,62
1,25,42,92,62
1,26,42,84,62
1,27,42,88,62
1,28,42,96,62
1,29,42,105,62
1,30,42,58,62
1,31,42,108,62
1,32,42,106,62
1,33,42,19,62
1,34,42,47,62
1,35,42,107,62
1,36,42,97,62
1,37,42,99,62
1,38,42,95,62
1,39,42,90,62
1,40,42,104,62
1,41,42,102,62
1,42,42,59,62
1,43,42,33,62
1,44,42,86,62
1,45,42,31,62
1,46,42,91,62
1,47,42,100,62
1,48,42,36,62
1,49,42,109,62
1,50,42,27,62
1,51,42,5,62
1,52,42,87,62
1,53,42,101,62
1,54,42,51,62
1,55,42,103,62
1,56,42,9,62
1,57,42,6,62
1,58,42,16,62
1,59,42,93,62
1,60,42,11,62
1,61,42,56,62
1,62,42,14,62
1,63,42,24,62
1,64,42,26,62
1,65,42,85,62
1,66,42,7,62
1,67,42,52,62
1,68,42,1,62
1,69,42,23,62
1,70,42,10,62
1,71,42,28,62
1,72,42,13,62
1,73,42,15,62
1,74,42,29,62
1,75,42,17,62
1,76,42,30,62
1,77,42,64,62
1,78,42,115,62
1,79,42,116,62
1,80,42,123,62
1,81,42,2,62
1,82,42,119,62
1,83,42,120,62
1,84,42,126,62
1,85,42,8,62
1,86,42,117,62
1,87,42,4,62
1,88,42,125,62
1,89,42,25,62
1,90,42,110,62
1,91,42,122,62
1,92,42,129,62
1,93,42,3,62
1,94,42,22,62
1,95,42,128,62
1,96,42,18,62
1,97,42,114,62
1,98,42,20,62
1,99,42,127,62
1,100,42,113,62
1,101,42,112,62
1,102,42,67,62
1,103,42,124,62
1,104,42,62,62
1,105,42,12,62
1,106,42,79,62
1,107,42,21,62
1,108,42,74,62
1,109,42,70,62
1,110,42,73,62
1,111,42,81,62
1,112,42,77,62
1,113,42,78,62
1,114,42,80,62
1,115,42,71,62
1,116,42,72,62
1,117,42,76,62
1,118,42,82,62
1,119,42,61,62
1,120,42,121,62
1,121,42,111,62
1,122,42,69,62
1,123,42,65,62
1,124,42,118,62
1,125,42,63,62
1,126,42,66,62
1,127,42,83,62
1,128,42,75,62
1,129,42,68,62
1,1,43,45,169
1,2,43,54,169
1,3,43,46,169
1,4,43,43,169
1,5,43,39,169
1,6,43,34,169
1,7,43,55,169
1,8,43,60,169
1,9,43,50,169
1,10,43,42,169
1,11,43,41,169
1,12,43,49,169
1,13,43,38,169
1,14,43,32,169
1,15,43,37,169
1,16,43,48,169
1,17,43,40,169
1,18,43,35,169
1,19,43,57,169
1,20,43,89,169
1,21,43,44,169
1,22,43,94,169
1,23,43,98,169
1,24,43,53,169
1,25,43,92,169
1,26,43,84,169
1,27,43,88,169
1,28,43,96,169
1,29,43,105,169
1,30,43,58,169
1,31,43,108,169
1,32,43,106,169
1,33,43,19,169
1,34,43,47,169
1,35,43,107,169
1,36,43,97,169
1,37,43,99,169
1,38,43,95,169
1,39,43,90,169
1,40,43,104,169
1,41,43,102,169
1,42,43,59,169
1,43,43,33,169
1,44,43,86,169
1,45,43,31,169
1,46,43,91,169
1,47,43,100,169
1,48,43,36,169
1,49,43,109,169
1,50,43,27,169
1,51,43,5,169
1,52,43,87,169
1,53,43,101,169
1,54,43,51,169
1,55,43,103,169
1,56,43,9,169
1,57,43,6,169
1,58,43,16,169
1,59,43,93,169
1,60,43,11,169
1,61,43,56,169
1,62,43,14,169
1,63,43,24,169
1,64,43,26,169
1,65,43,85,169
1,66,43,7,169
1,67,43,52,169
1,68,43,1,169
1,69,43,23,169
1,70,43,10,169
1,71,43,28,169
1,72,43,13,169
1,73,43,15,169
1,74,43,29,169
1,75,43,17,169
1,76,43,30,169
1,77,43,64,169
1,78,43,115,169
1,79,43,116,169
1,80,43,123,169
1,81,43,2,169
1,82,43,119,169
1,83,43,120,169
1,84,43,126,169
1,85,43,8,169
1,86,43,117,169
1,87,43,4,169
1,88,43,125,169
1,89,43,25,169
1,90,43,110,169
1,91,43,122,169
1,92,43,129,169
1,93,43,3,169
1,94,43,22,169
1,95,43,128,169
1,96,43,18,169
1,97,43,114,169
1,98,43,20,169
1,99,43,127,169
1,100,43,113,169
1,101,43,112,169
1,102,43,67,169
1,103,43,124,169
1,104,43,62,169
1,105,43,12,169
1,106,43,79,169
1,107,43,21,169
1,108,43,74,169
1,109,43,70,169
1,110,43,73,169
1,111,43,81,169
1,112,43,77,169
1,113,43,78,169
1,114,43,80,169
1,115,43,71,169
1,116,43,72,169
1,117,43,76,169
1,118,43,82,169
1,119,43,61,169
1,120,43,121,169
1,121,43,111,169
1,122,43,69,169
1,123,43,65,169
1,124,43,118,169
1,125,43,63,169
1,126,43,66,169
1,127,43,83,169
1,128,43,75,169
1,129,43,68,169
1,1,44,45,211
1,2,44,54,211
1,3,44,46,211
1,4,44,43,211
1,5,44,39,211
1,6,44,34,211
1,7,44,55,211
1,8,44,60,211
1,9,44,50,211
1,10,44,42,211
1,11,44,41,211
1,12,44,49,211
1,13,44,38,211
1,14,44,32,211
1,15,44,37,211
1,16,44,48,211
1,17,44,40,211
1,18,44,35,211
1,19,44,57,211
1,20,44,89,211
1,21,44,44,211
1,22,44,94,211
1,23,44,98,211
1,24,44,53,211
1,25,44,92,211
1,26,44,84,211
1,27,44,88,211
1,28,44,96,211
1,29,44,105,211
1,30,44,58,211
1,31,44,108,211
1,32,44,106,211
1,33,44,19,211
1,34,44,47,211
1,35,44,107,211
1,36,44,97,211
1,37,44,99,211
1,38,44,95,211
1,39,44,90,211
1,40,44,104,211
1,41,44,102,211
1,42,44,59,211
1,43,44,33,211
1,44,44,86,211
1,45,44,31,211
1,46,44,91,211
1,47,44,100,211
1,48,44,36,211
1,49,44,109,211
1,50,44,27,211
1,51,44,5,211
1,52,44,87,211
1,53,44,101,211
1,54,44,51,211
1,55,44,103,211
1,56,44,9,211
1,57,44,6,211
1,58,44,16,211
1,59,44,93,211
1,60,44,11,211
1,61,44,56,211
1,62,44,14,211
1,63,44,24,211
1,64,44,26,211
1,65,44,85,211
1,66,44,7,211
1,67,44,52,211
1,68,44,1,211
1,69,44,23,211
1,70,44,10,211
1,71,44,28,211
1,72,44,13,211
1,73,44,15,211
1,74,44,29,211
1,75,44,17,211
1,76,44,30,211
1,77,44,64,211
1,78,44,115,211
1,79,44,116,211
1,80,44,123,211
1,81,44,2,211
1,82,44,119,211
1,83,44,120,211
1,84,44,126,211
1,85,44,8,211
1,86,44,117,211
1,87,44,4,211
1,88,44,125,211
1,89,44,25,211
1,90,44,110,211
1,91,44,122,211
1,92,44,129,211
1,93,44,3,211
1,94,44,22,211
1,95,44,128,211
1,96,44,18,211
1,97,44,114,211
1,98,44,20,211
1,99,44,127,211
1,100,44,113,211
1,101,44,112,211
1,102,44,67,211
1,103,44,124,211
1,104,44,62,211
1,105,44,12,211
1,106,44,79,211
1,107,44,21,211
1,108,44,74,211
1,109,44,70,211
1,110,44,73,211
1,111,44,81,211
1,112,44,77,211
1,113,44,78,211
1,114,44,80,211
1,115,44,71,211
1,116,44,72,211
1,117,44,76,211
1,118,44,82,211
1,119,44,61,211
1,120,44,121,211
1,121,44,111,211
1,122,44,69,211
1,123,44,65,211
1,124,44,118,211
1,125,44,63,211
1,126,44,66,211
1,127,44,83,211
1,128,44,75,211
1,129,44,68,211
1,1,45,45,178
1,2,45,54,178
1,3,45,46,178
1,4,45,43,178
1,5,45,39,178
1,6,45,34,178
1,7,45,55,178
1,8,45,60,178
1,9,45,50,178
1,10,45,42,178
1,11,45,41,178
1,12,45,49,178
1,13,45,38,178
1,14,45,32,178
1,15,45,37,178
1,16,45,48,178
1,17,45,40,178
1,18,45,35,178
1,19,45,57,178
1,20,45,89,178
1,21,45,44,178
1,22,45,94,178
1,23,45,98,178
1,24,45,53,178
1,25,45,92,178
1,26,45,84,178
1,27,45,88,178
1,28,45,96,178
1,29,45,105,178
1,30,45,58,178
1,31,45,108,178
1,32,45,106,178
1,33,45,19,178
1,34,45,47,178
1,35,45,107,178
1,36,45,97,178
1,37,45,99,178
1,38,45,95,178
1,39,45,90,178
1,40,45,104,178
1,41,45,102,178
1,42,45,59,178
1,43,45,33,178
1,44,45,86,178
1,45,45,31,178
1,46,45,91,178
1,47,45,100,178
1,48,45,36,178
1,49,45,109,178
1,50,45,27,178
1,51,45,5,178
1,52,45,87,178
1,53,45,101,178
1,54,45,51,178
1,55,45,103,178
1,56,45,9,178
1,57,45,6,178
1,58,45,16,178
1,59,45,93,178
1,60,45,11,178
1,61,45,56,178
1,62,45,14,178
1,63,45,24,178
1,64,45,26,178
1,65,45,85,178
1,66,45,7,178
1,67,45,52,178
1,68,45,1,178
1,69,45,23,178
1,70,45,10,178
1,71,45,28,178
1,72,45,13,178
1,73,45,15,178
1,74,45,29,178
1,75,45,17,178
1,76,45,30,178
1,77,45,64,178
1,78,45,115,178
1,79,45,116,178
1,80,45,123,178
1,81,45,2,178
1,82,45,119,178
1,83,45,120,178
1,84,45,126,178
1,85,45,8,178
1,86,45,117,178
1,87,45,4,178
1,88,45,125,178
1,89,45,25,178
1,90,45,110,178
1,91,45,122,178
1,92,45,129,178
1,93,45,3,178
1,94,45,22,178
1,95,45,128,178
1,96,45,18,178
1,97,45,114,178
1,98,45,20,178
1,99,45,127,178
1,100,45,113,178
1,101,45,112,178
1,102,45,67,178
1,103,45,124,178
1,104,45,62,178
1,105,45,12,178
1,106,45,79,178
1,107,45,21,178
1,108,45,74,178
1,109,45,70,178
1,110,45,73,178
1,111,45,81,178
1,112,45,77,178
1,113,45,78,178
1,114,45,80,178
1,115,45,71,178
1,116,45,72,178
1,117,45,76,178
1,118,45,82,178
1,119,45,61,178
1,120,45,121,178
1,121,45,111,178
1,122,45,69,178
1,123,45,65,178
1,124,45,118,178
1,125,45,63,178
1,126,45,66,178
1,127,45,83,178
1,128,45,75,178
1,129,45,68,178
1,1,46,45,13
1,2,46,54,13
1,3,46,46,13
1,4,46,43,13
1,5,46,39,13
1,6,46,34,13
1,7,46,55,13
1,8,46,60,13
1,9,46,50,13
1,10,46,42,13
1,11,46,41,13
1,12,46,49,13
1,13,46,38,13
1,14,46,32,13
1,15,46,37,13
1,16,46,48,13
1,17,46,40,13
1,18,46,35,13
1,19,46,57,13
1,20,46,89,13
1,21,46,44,13
1,22,46,94,13
1,23,46,98,13
1,24,46,53,13
1,25,46,92,13
1,26,46,84,13
1,27,46,88,13
1,28,46,96,13
1,29,46,105,13
1,30,46,58,13
1,31,46,108,13
1,32,46,106,13
1,33,46,19,13
1,34,46,47,13
1,35,46,107,13
1,36,46,97,13
1,37,46,99,13
1,38,46,95,13
1,39,46,90,13
1,40,46,104,13
1,41,46,102,13
1,42,46,59,13
1,43,46,33,13
1,44,46,86,13
1,45,46,31,13
1,46,46,91,13
1,47,46,100,13
1,48,46,36,13
1,49,46,109,13
1,50,46,27,13
1,51,46,5,13
1,52,46,87,13
1,53,46,101,13
1,54,46,51,13
1,55,46,103,13
1,56,46,9,13
1,57,46,6,13
1,58,46,16,13
1,59,46,93,13
1,60,46,11,13
1,61,46,56,13
1,62,46,14,13
1,63,46,24,13
1,64,46,26,13
1,65,46,85,13
1,66,46,7,13
1,67,46,52,13
1,68,46,1,13
1,69,46,23,13
1,70,46,10,13
1,71,46,28,13
1,72,46,13,13
1,73,46,15,13
1,74,46,29,13
1,75,46,17,13
1,76,46,30,13
1,77,46,64,13
1,78,46,115,13
1,79,46,116,13
1,80,46,123,13
1,81,46,2,13
1,82,46,119,13
1,83,46,120,13
1,84,46,126,13
1,85,46,8,13
1,86,46,117,13
1,87,46,4,13
1,88,46,125,13
1,89,46,25,13
1,90,46,110,13
1,91,46,122,13
1,92,46,129,13
1,93,46,3,13
1,94,46,22,13
1,95,46,128,13
1,96,46,18,13
1,97,46,114,13
1,98,46,20,13
1,99,46,127,13
1,100,46,113,13
1,101,46,112,13
1,102,46,67,13
1,103,46,124,13
1,104,46,62,13
1,105,46,12,13
1,106,46,79,13
1,107,46,21,13
1,108,46,74,13
1,109,46,70,13
1,110,46,73,13
1,111,46,81,13
1,112,46,77,13
1,113,46,78,13
1,114,46,80,13
1,115,46,71,13
1,116,46,72,13
1,117,46,76,13
1,118,46,82,13
1,119,46,61,13
1,120,46,121,13
1,121,46,111,13
1,122,46,69,13
1,123,46,65,13
1,124,46,118,13
1,125,46,63,13
1,126,46,66,13
1,127,46,83,13
1,128,46,75,13
1,129,46,68,13
1,1,47,45,186
1,2,47,54,186
1,3,47,46,186
1,4,47,43,186
1,5,47,39,186
1,6,47,34,186
1,7,47,55,186
1,8,47,60,186
1,9,47,50,186
1,10,47,42,186
1,11,47,41,186
1,12,47,49,186
1,13,47,38,186
1,14,47,32,186
1,15,47,37,186
1,16,47,48,186
1,17,47,40,186
1,18,47,35,186
1,19,47,57,186
1,20,47,89,186
1,21,47,44,186
1,22,47,94,186
1,23,47,98,186
1,24,47,53,186
1,25,47,92,186
1,26,47,84,186
1,27,47,88,186
1,28,47,96,186
1,29,47,105,186
1,30,47,58,186
1,31,47,108,186
1,32,47,106,186
1,33,47,19,186
1,34,47,47,186
1,35,47,107,186
1,36,47,97,186
1,37,47,99,186
1,38,47,95,186
1,39,47,90,186
1,40,47,104,186
1,41,47,102,186
1,42,47,59,186
1,43,47,33,186
1,44,47,86,186
1,45,47,31,186
1,46,47,91,186
1,47,47,100,186
1,48,47,36,186
1,49,47,109,186
1,50,47,27,186
1,51,47,5,186
1,52,47,87,186
1,53,47,101,186
1,54,47,51,186
1,55,47,103,186
1,56,47,9,186
1,57,47,6,186
1,58,47,16,186
1,59,47,93,186
1,60,47,11,186
1,61,47,56,186
1,62,47,14,186
1,63,47,24,186
1,64,47,26,186
1,65,47,85,186
1,66,47,7,186
1,67,47,52,186
1,68,47,1,186
1,69,47,23,186
1,70,47,10,186
1,71,47,28,186
1,72,47,13,186
1,73,47,15,186
1,74,47,29,186
1,75,47,17,186
1,76,47,30,186
1,77,47,64,186
1,78,47,115,186
1,79,47,116,186
1,80,47,123,186
1,81,47,2,186
1,82,47,119,186
1,83,47,120,186
1,84,47,126,186
1,85,47,8,186
1,86,47,117,186
1,87,47,4,186
1,88,47,125,186
1,89,47,25,186
1,90,47,110,186
1,91,47,122,186
1,92,47,129,186
1,93,47,3,186
1,94,47,22,186
1,95,47,128,186
1,96,47,18,186
1,97,47,114,186
1,98,47,20,186
1,99,47,127,186
1,100,47,113,186
1,101,47,112,186
1,102,47,67,186
1,103,47,124,186
1,104,47,62,186
1,105,47,12,186
1,106,47,79,186
1,107,47,21,186
1,108,47,74,186
1,109,47,70,186
1,110,47,73,186
1,111,47,81,186
1,112,47,77,186
1,113,47,78,186
1,114,47,80,186
1,115,47,71,186
1,116,47,72,186
1,117,47,76,186
1,118,47,82,186
1,119,47,61,186
1,120,47,121,186
1,121,47,111,186
1,122,47,69,186
1,123,47,65,186
1,124,47,118,186
1,125,47,63,186
1,126,47,66,186
1,127,47,83,186
1,128,47,75,186
1,129,47,68,186
1,1,48,45,68
1,2,48,54,68
1,3,48,46,68
1,4,48,43,68
1,5,48,39,68
1,6,48,34,68
1,7,48,55,68
1,8,48,60,68
1,9,48,50,68
1,10,48,42,68
1,11,48,41,68
1,12,48,49,68
1,13,48,38,68
1,14,48,32,68
1,15,48,37,68
1,16,48,48,68
1,17,48,40,68
1,18,48,35,68
1,19,48,57,68
1,20,48,89,68
1,21,48,44,68
1,22,48,94,68
1,23,48,98,68
1,24,48,53,68
1,25,48,92,68
1,26,48,84,68
1,27,48,88,68
1,28,48,96,68
1,29,48,105,68
1,30,48,58,68
1,31,48,108,68
1,32,48,106,68
1,33,48,19,68
1,34,48,47,68
1,35,48,107,68
1,36,48,97,68
1,37,48,99,68
1,38,48,95,68
1,39,48,90,68
1,40,48,104,68
1,41,48,102,68
1,42,48,59,68
1,43,48,33,68
1,44,48,86,68
1,45,48,31,68
1,46,48,91,68
1,47,48,100,68
1,48,48,36,68
1,49,48,109,68
1,50,48,27,68
1,51,48,5,68
1,52,48,87,68
1,53,48,101,68
1,54,48,51,68
1,55,48,103,68
1,56,48,9,68
1,57,48,6,68
1,58,48,16,68
1,59,48,93,68
1,60,48,11,68
1,61,48,56,68
1,62,48,14,68
1,63,48,24,68
1,64,48,26,68
1,65,48,85,68
1,66,48,7,68
1,67,48,52,68
1,68,48,1,68
1,69,48,23,68
1,70,48,10,68
1,71,48,28,68
1,72,48,13,68
1,73,48,15,68
1,74,48,29,68
1,75,48,17,68
1,76,48,30,68
1,77,48,64,68
1,78,48,115,68
1,79,48,116,68
1,80,48,123,68
1,81,48,2,68
1,82,48,119,68
1,83,48,120,68
1,84,48,126,68
1,85,48,8,68
1,86,48,117,68
1,87,48,4,68
1,88,48,125,68
1,89,48,25,68
1,90,48,110,68
1,91,48,122,68
1,92,48,129,68
1,93,48,3,68
1,94,48,22,68
1,95,48,128,68
1,96,48,18,68
1,97,48,114,68
1,98,48,20,68
1,99,48,127,68
1,100,48,113,68
1,101,48,112,68
1,102,48,67,68
1,103,48,124,68
1,104,48,62,68
1,105,48,12,68
1,106,48,79,68
1,107,48,21,68
1,108,48,74,68
1,109,48,70,68
1,110,48,73,68
1,111,48,81,68
1,112,48,77,68
1,113,48,78,68
1,114,48,80,68
1,115,48,71,68
1,116,48,72,68
1,117,48,76,68
1,118,48,82,68
1,119,48,61,68
1,120,48,121,68
1,121,48,111,68
1,122,48,69,68
1,123,48,65,68
1,124,48,118,68
1,125,48,63,68
1,126,48,66,68
1,127,48,83,68
1,128,48,75,68
1,129,48,68,68
1,1,49,45,59
1,2,49,54,59
1,3,49,46,59
1,4,49,43,59
1,5,49,39,59
1,6,49,34,59
1,7,49,55,59
1,8,49,60,59
1,9,49,50,59
1,10,49,42,59
1,11,49,41,59
1,12,49,49,59
1,13,49,38,59
1,14,49,32,59
1,15,49,37,59
1,16,49,48,59
1,17,49,40,59
1,18,49,35,59
1,19,49,57,59
1,20,49,89,59
1,21,49,44,59
1,22,49,94,59
1,23,49,98,59
1,24,49,53,59
1,25,49,92,59
1,26,49,84,59
1,27,49,88,59
1,28,49,96,59
1,29,49,105,59
1,30,49,58,59
1,31,49,108,59
1,32,49,106,59
1,33,49,19,59
1,34,49,47,59
1,35,49,107,59
1,36,49,97,59
1,37,49,99,59
1,38,49,95,59
1,39,49,90,59
1,40,49,104,59
1,41,49,102,59
1,42,49,59,59
1,43,49,33,59
1,44,49,86,59
1,45,49,31,59
1,46,49,91,59
1,47,49,100,59
1,48,49,36,59
1,49,49,109,59
1,50,49,27,59
1,51,49,5,59
1,52,49,87,59
1,53,49,101,59
1,54,49,51,59
1,55,49,103,59
1,56,49,9,59
1,57,49,6,59
1,58,49,16,59
1,59,49,93,59
1,60,49,11,59
1,61,49,56,59
1,62,49,14,59
1,63,49,24,59
1,64,49,26,59
1,65,49,85,59
1,66,49,7,59
1,67,49,52,59
1,68,49,1,59
1,69,49,23,59
1,70,49,10,59
1,71,49,28,59
1,72,49,13,59
1,73,49,15,59
1,74,49,29,59
1,75,49,17,59
1,76,49,30,59
1,77,49,64,59
1,78,49,115,59
1,79,49,116,59
1,80,49,123,59
1,81,49,2,59
1,82,49,119,59
1,83,49,120,59
1,84,49,126,59
1,85,49,8,59
1,86,49,117,59
1,87,49,4,59
1,88,49,125,59
1,89,49,25,59
1,90,49,110,59
1,91,49,122,59
1,92,49,129,59
1,93,49,3,59
1,94,49,22,59
1,95,49,128,59
1,96,49,18,59
1,97,49,114,59
1,98,49,20,59
1,99,49,127,59
1,100,49,113,59
1,101,49,112,59
1,102,49,67,59
1,103,49,124,59
1,104,49,62,59
1,105,49,12,59
1,106,49,79,59
1,107,49,21,59
1,108,49,74,59
1,109,49,70,59
1,110,49,73,59
1,111,49,81,59
1,112,49,77,59
1,113,49,78,59
1,114,49,80,59
1,115,49,71,59
1,116,49,72,59
1,117,49,76,59
1,118,49,82,59
1,119,49,61,59
1,120,49,121,59
1,121,49,111,59
1,122,49,69,59
1,123,49,65,59
1,124,49,118,59
1,125,49,63,59
1,126,49,66,59
1,127,49,83,59
1,128,49,75,59
1,129,49,68,59
1,1,50,45,39
1,2,50,54,39
1,3,50,46,39
1,4,50,43,39
1,5,50,39,39
1,6,50,34,39
1,7,50,55,39
1,8,50,60,39
1,9,50,50,39
1,10,50,42,39
1,11,50,41,39
1,12,50,49,39
1,13,50,38,39
1,14,50,32,39
1,15,50,37,39
1,16,50,48,39
1,17,50,40,39
1,18,50,35,39
1,19,50,57,39
1,20,50,89,39
1,21,50,44,39
1,22,50,94,39
1,23,50,98,39
1,24,50,53,39
1,25,50,92,39
1,26,50,84,39
1,27,50,88,39
1,28,50,96,39
1,29,50,105,39
1,30,50,58,39
1,31,50,108,39
1,32,50,106,39
1,33,50,19,39
1,34,50,47,39
1,35,50,107,39
1,36,50,97,39
1,37,50,99,39
1,38,50,95,39
1,39,50,90,39
1,40,50,104,39
1,41,50,102,39
1,42,50,59,39
1,43,50,33,39
1,44,50,86,39
1,45,50,31,39
1,46,50,91,39
1,47,50,100,39
1,48,50,36,39
1,49,50,109,39
1,50,50,27,39
1,51,50,5,39
1,52,50,87,39
1,53,50,101,39
1,54,50,51,39
1,55,50,103,39
1,56,50,9,39
1,57,50,6,39
1,58,50,16,39
1,59,50,93,39
1,60,50,11,39
1,61,50,56,39
1,62,50,14,39
1,63,50,24,39
1,64,50,26,39
1,65,50,85,39
1,66,50,7,39
1,67,50,52,39
1,68,50,1,39
1,69,50,23,39
1,70,50,10,39
1,71,50,28,39
1,72,50,13,39
1,73,50,15,39
1,74,50,29,39
1,75,50,17,39
1,76,50,30,39
1,77,50,64,39
1,78,50,115,39
1,79,50,116,39
1,80,50,123,39
1,81,50,2,39
1,82,50,119,39
1,83,50,120,39
1,84,50,126,39
1,85,50,8,39
1,86,50,117,39
1,87,50,4,39
1,88,50,125,39
1,89,50,25,39
1,90,50,110,39
1,91,50,122,39
1,92,50,129,39
1,93,50,3,39
1,94,50,22,39
1,95,50,128,39
1,96,50,18,39
1,97,50,114,39
1,98,50,20,39
1,99,50,127,39
1,100,50,113,39
1,101,50,112,39
1,102,50,67,39
1,103,50,124,39
1,104,50,62,39
1,105,50,12,39
1,106,50,79,39
1,107,50,21,39
1,108,50,74,39
1,109,50,70,39
1,110,50,73,39
1,111,50,81,39
1,112,50,77,39
1,113,50,78,39
1,114,50,80,39
1,115,50,71,39
1,116,50,72,39
1,117,50,76,39
1,118,50,82,39
1,119,50,61,39
1,120,50,121,39
1,121,50,111,39
1,122,50,69,39
1,123,50,65,39
1,124,50,118,39
1,125,50,63,39
1,126,50,66,39
1,127,50,83,39
1,128,50,75,39
1,129,50,68,39
1,1,51,45,168
1,2,51,54,168
1,3,51,46,168
1,4,51,43,168
1,5,51,39,168
1,6,51,34,168
1,7,51,55,168
1,8,51,60,168
1,9,51,50,168
1,10,51,42,168
1,11,51,41,168
1,12,51,49,168
1,13,51,38,168
1,14,51,32,168
1,15,51,37,168
1,16,51,48,168
1,17,51,40,168
1,18,51,35,168
1,19,51,57,168
1,20,51,89,168
1,21,51,44,168
1,22,51,94,168
1,23,51,98,168
1,24,51,53,168
1,25,51,92,168
1,26,51,84,168
1,27,51,88,168
1,28,51,96,168
1,29,51,105,168
1,30,51,58,168
1,31,51,108,168
1,32,51,106,168
1,33,51,19,168
1,34,51,47,168
1,35,51,107,168
1,36,51,97,168
1,37,51,99,168
1,38,51,95,168
1,39,51,90,168
1,40,51,104,168
1,41,51,102,168
1,42,51,59,168
1,43,51,33,168
1,44,51,86,168
1,45,51,31,168
1,46,51,91,168
1,47,51,100,168
1,48,51,36,168
1,49,51,109,168
1,50,51,27,168
1,51,51,5,168
1,52,51,87,168
1,53,51,101,168
1,54,51,51,168
1,55,51,103,168
1,56,51,9,168
1,57,51,6,168
1,58,51,16,168
1,59,51,93,168
1,60,51,11,168
1,61,51,56,168
1,62,51,14,168
1,63,51,24,168
1,64,51,26,168
1,65,51,85,168
1,66,51,7,168
1,67,51,52,168
1,68,51,1,168
1,69,51,23,168
1,70,51,10,168
1,71,51,28,168
1,72,51,13,168
1,73,51,15,168
1,74,51,29,168
1,75,51,17,168
1,76,51,30,168
1,77,51,64,168
1,78,51,115,168
1,79,51,116,168
1,80,51,123,168
1,81,51,2,168
1,82,51,119,168
1,83,51,120,168
1,84,51,126,168
1,85,51,8,168
1,86,51,117,168
1,87,51,4,168
1,88,51,125,168
1,89,51,25,168
1,90,51,110,168
1,91,51,122,168
1,92,51,129,168
1,93,51,3,168
1,94,51,22,168
1,95,51,128,168
1,96,51,18,168
1,97,51,114,168
1,98,51,20,168
1,99,51,127,168
1,100,51,113,168
1,101,51,112,168
1,102,51,67,168
1,103,51,124,168
1,104,51,62,168
1,105,51,12,168
1,106,51,79,168
1,107,51,21,168
1,108,51,74,168
1,109,51,70,168
1,110,51,73,168
1,111,51,81,168
1,112,51,77,168
1,113,51,78,168
1,114,51,80,168
1,115,51,71,168
1,116,51,72,168
1,117,51,76,168
1,118,51,82,168
1,119,51,61,168
1,120,51,121,168
1,121,51,111,168
1,122,51,69,168
1,123,51,65,168
1,124,51,118,168
1,125,51,63,168
1,126,51,66,168
1,127,51,83,168
1,128,51,75,168
1,129,51,68,168
1,1,52,45,88
1,2,52,54,88
1,3,52,46,88
1,4,52,43,88
1,5,52,39,88
1,6,52,34,88
1,7,52,55,88
1,8,52,60,88
1,9,52,50,88
1,10,52,42,88
1,11,52,41,88
1,12,52,49,88
1,13,52,38,88
1,14,52,32,88
1,15,52,37,88
1,16,52,48,88
1,17,52,40,88
1,18,52,35,88
1,19,52,57,88
1,20,52,89,88
1,21,52,44,88
1,22,52,94,88
1,23,52,98,88
1,24,52,53,88
1,25,52,92,88
1,26,52,84,88
1,27,52,88,88
1,28,52,96,88
1,29,52,105,88
1,30,52,58,88
1,31,52,108,88
1,32,52,106,88
1,33,52,19,88
1,34,52,47,88
1,35,52,107,88
1,36,52,97,88
1,37,52,99,88
1,38,52,95,88
1,39,52,90,88
1,40,52,104,88
1,41,52,102,88
1,42,52,59,88
1,43,52,33,88
1,44,52,86,88
1,45,52,31,88
1,46,52,91,88
1,47,52,100,88
1,48,52,36,88
1,49,52,109,88
1,50,52,27,88
1,51,52,5,88
1,52,52,87,88
1,53,52,101,88
1,54,52,51,88
1,55,52,103,88
1,56,52,9,88
1,57,52,6,88
1,58,52,16,88
1,59,52,93,88
1,60,52,11,88
1,61,52,56,88
1,62,52,14,88
1,63,52,24,88
1,64,52,26,88
1,65,52,85,88
1,66,52,7,88
1,67,52,52,88
1,68,52,1,88
1,69,52,23,88
1,70,52,10,88
1,71,52,28,88
1,72,52,13,88
1,73,52,15,88
1,74,52,29,88
1,75,52,17,88
1,76,52,30,88
1,77,52,64,88
1,78,52,115,88
1,79,52,116,88
1,80,52,123,88
1,81,52,2,88
1,82,52,119,88
1,83,52,120,88
1,84,52,126,88
1,85,52,8,88
1,86,52,117,88
1,87,52,4,88
1,88,52,125,88
1,89,52,25,88
1,90,52,110,88
1,91,52,122,88
1,92,52,129,88
1,93,52,3,88
1,94,52,22,88
1,95,52,128,88
1,96,52,18,88
1,97,52,114,88
1,98,52,20,88
1,99,52,127,88
1,100,52,113,88
1,101,52,112,88
1,102,52,67,88
1,103,52,124,88
1,104,52,62,88
1,105,52,12,88
1,106,52,79,88
1,107,52,21,88
1,108,52,74,88
1,109,52,70,88
1,110,52,73,88
1,111,52,81,88
1,112,52,77,88
1,113,52,78,88
1,114,52,80,88
1,115,52,71,88
1,116,52,72,88
1,117,52,76,88
1,118,52,82,88
1,119,52,61,88
1,120,52,121,88
1,121,52,111,88
1,122,52,69,88
1,123,52,65,88
1,124,52,118,88
1,125,52,63,88
1,126,52,66,88
1,127,52,83,88
1,128,52,75,88
1,129,52,68,88
1,1,53,45,166
1,2,53,54,166
1,3,53,46,166
1,4,53,43,166
1,5,53,39,166
1,6,53,34,166
1,7,53,55,166
1,8,53,60,166
1,9,53,50,166
1,10,53,42,166
1,11,53,41,166
1,12,53,49,166
1,13,53,38,166
1,14,53,32,166
1,15,53,37,166
1,16,53,48,166
1,17,53,40,166
1,18,53,35,166
1,19,53,57,166
1,20,53,89,166
1,21,53,44,166
1,22,53,94,166
1,23,53,98,166
1,24,53,53,166
1,25,53,92,166
1,26,53,84,166
1,27,53,88,166
1,28,53,96,166
1,29,53,105,166
1,30,53,58,166
1,31,53,108,166
1,32,53,106,166
1,33,53,19,166
1,34,53,47,166
1,35,53,107,166
1,36,53,97,166
1,37,53,99,166
1,38,53,95,166
1,39,53,90,166
1,40,53,104,166
1,41,53,102,166
1,42,53,59,166
1,43,53,33,166
1,44,53,86,166
1,45,53,31,166
1,46,53,91,166
1,47,53,100,166
1,48,53,36,166
1,49,53,109,166
1,50,53,27,166
1,51,53,5,166
1,52,53,87,166
1,53,53,101,166
1,54,53,51,166
1,55,53,103,166
1,56,53,9,166
1,57,53,6,166
1,58,53,16,166
1,59,53,93,166
1,60,53,11,166
1,61,53,56,166
1,62,53,14,166
1,63,53,24,166
1,64,53,26,166
1,65,53,85,166
1,66,53,7,166
1,67,53,52,166
1,68,53,1,166
1,69,53,23,166
1,70,53,10,166
1,71,53,28,166
1,72,53,13,166
1,73,53,15,166
1,74,53,29,166
1,75,53,17,166
1,76,53,30,166
1,77,53,64,166
1,78,53,115,166
1,79,53,116,166
1,80,53,123,166
1,81,53,2,166
1,82,53,119,166
1,83,53,120,166
1,84,53,126,166
1,85,53,8,166
1,86,53,117,166
1,87,53,4,166
1,88,53,125,166
1,89,53,25,166
1,90,53,110,166
1,91,53,122,166
1,92,53,129,166
1,93,53,3,166
1,94,53,22,166
1,95,53,128,166
1,96,53,18,166
1,97,53,114,166
1,98,53,20,166
1,99,53,127,166
1,100,53,113,166
1,101,53,112,166
1,102,53,67,166
1,103,53,124,166
1,104,53,62,166
1,105,53,12,166
1,106,53,79,166
1,107,53,21,166
1,108,53,74,166
1,109,53,70,166
1,110,53,73,166
1,111,53,81,166
1,112,53,77,166
1,113,53,78,166
1,114,53,80,166
1,115,53,71,166
1,116,53,72,166
1,117,53,76,166
1,118,53,82,166
1,119,53,61,166
1,120,53,121,166
1,121,53,111,166
1,122,53,69,166
1,123,53,65,166
1,124,53,118,166
1,125,53,63,166
1,126,53,66,166
1,127,53,83,166
1,128,53,75,166
1,129,53,68,166
1,1,54,45,64
1,2,54,54,64
1,3,54,46,64
1,4,54,43,64
1,5,54,39,64
1,6,54,34,64
1,7,54,55,64
1,8,54,60,64
1,9,54,50,64
1,10,54,42,64
1,11,54,41,64
1,12,54,49,64
1,13,54,38,64
1,14,54,32,64
1,15,54,37,64
1,16,54,48,64
1,17,54,40,64
1,18,54,35,64
1,19,54,57,64
1,20,54,89,64
1,21,54,44,64
1,22,54,94,64
1,23,54,98,64
1,24,54,53,64
1,25,54,92,64
1,26,54,84,64
1,27,54,88,64
1,28,54,96,64
1,29,54,105,64
1,30,54,58,64
1,31,54,108,64
1,32,54,106,64
1,33,54,19,64
1,34,54,47,64
1,35,54,107,64
1,36,54,97,64
1,37,54,99,64
1,38,54,95,64
1,39,54,90,64
1,40,54,104,64
1,41,54,102,64
1,42,54,59,64
1,43,54,33,64
1,44,54,86,64
1,45,54,31,64
1,46,54,91,64
1,47,54,100,64
1,48,54,36,64
1,49,54,109,64
1,50,54,27,64
1,51,54,5,64
1,52,54,87,64
1,53,54,101,64
1,54,54,51,64
1,55,54,103,64
1,56,54,9,64
1,57,54,6,64
1,58,54,16,64
1,59,54,93,64
1,60,54,11,64
1,61,54,56,64
1,62,54,14,64
1,63,54,24,64
1,64,54,26,64
1,65,54,85,64
1,66,54,7,64
1,67,54,52,64
1,68,54,1,64
1,69,54,23,64
1,70,54,10,64
1,71,54,28,64
1,72,54,13,64
1,73,54,15,64
1,74,54,29,64
1,75,54,17,64
1,76,54,30,64
1,77,54,64,64
1,78,54,115,64
1,79,54,116,64
1,80,54,123,64
1,81,54,2,64
1,82,54,119,64
1,83,54,120,64
1,84,54,126,64
1,85,54,8,64
1,86,54,117,64
1,87,54,4,64
1,88,54,125,64
1,89,54,25,64
1,90,54,110,64
1,91,54,122,64
1,92,54,129,64
1,93,54,3,64
1,94,54,22,64
1,95,54,128,64
1,96,54,18,64
1,97,54,114,64
1,98,54,20,64
1,99,54,127,64
1,100,54,113,64
1,101,54,112,64
1,102,54,67,64
1,103,54,124,64
1,104,54,62,64
1,105,54,12,64
1,106,54,79,64
1,107,54,21,64
1,108,54,74,64
1,109,54,70,64
1,110,54,73,64
1,111,54,81,64
1,112,54,77,64
1,113,54,78,64
1,114,54,80,64
1,115,54,71,64
1,116,54,72,64
1,117,54,76,64
1,118,54,82,64
1,119,54,61,64
1,120,54,121,64
1,121,54,111,64
1,122,54,69,64
1,123,54,65,64
1,124,54,118,64
1,125,54,63,64
1,126,54,66,64
1,127,54,83,64
1,128,54,75,64
1,129,54,68,64
1,1,55,45,147
1,2,55,54,147
1,3,55,46,147
1,4,55,43,147
1,5,55,39,147
1,6,55,34,147
1,7,55,55,147
1,8,55,60,147
1,9,55,50,147
1,10,55,42,147
1,11,55,41,147
1,12,55,49,147
1,13,55,38,147
1,14,55,32,147
1,15,55,37,147
1,16,55,48,147
1,17,55,40,147
1,18,55,35,147
1,19,55,57,147
1,20,55,89,147
1,21,55,44,147
1,22,55,94,147
1,23,55,98,147
1,24,55,53,147
1,25,55,92,147
1,26,55,84,147
1,27,55,88,147
1,28,55,96,147
1,29,55,105,147
1,30,55,58,147
1,31,55,108,147
1,32,55,106,147
1,33,55,19,147
1,34,55,47,147
1,35,55,107,147
1,36,55,97,147
1,37,55,99,147
1,38,55,95,147
1,39,55,90,147
1,40,55,104,147
1,41,55,102,147
1,42,55,59,147
1,43,55,33,147
1,44,55,86,147
1,45,55,31,147
1,46,55,91,147
1,47,55,100,147
1,48,55,36,147
1,49,55,109,147
1,50,55,27,147
1,51,55,5,147
1,52,55,87,147
1,53,55,101,147
1,54,55,51,147
1,55,55,103,147
1,56,55,9,147
1,57,55,6,147
1,58,55,16,147
1,59,55,93,147
1,60,55,11,147
1,61,55,56,147
1,62,55,14,147
1,63,55,24,147
1,64,55,26,147
1,65,55,85,147
1,66,55,7,147
1,67,55,52,147
1,68,55,1,147
1,69,55,23,147
1,70,55,10,147
1,71,55,28,147
1,72,55,13,147
1,73,55,15,147
1,74,55,29,147
1,75,55,17,147
1,76,55,30,147
1,77,55,64,147
1,78,55,115,147
1,79,55,116,147
1,80,55,123,147
1,81,55,2,147
1,82,55,119,147
1,83,55,120,147
1,84,55,126,147
1,85,55,8,147
1,86,55,117,147
1,87,55,4,147
1,88,55,125,147
1,89,55,25,147
1,90,55,110,147
1,91,55,122,147
1,92,55,129,147
1,93,55,3,147
1,94,55,22,147
1,95,55,128,147
1,96,55,18,147
1,97,55,114,147
1,98,55,20,147
1,99,55,127,147
1,100,55,113,147
1,101,55,112,147
1,102,55,67,147
1,103,55,124,147
1,104,55,62,147
1,105,55,12,147
1,106,55,79,147
1,107,55,21,147
1,108,55,74,147
1,109,55,70,147
1,110,55,73,147
1,111,55,81,147
1,112,55,77,147
1,113,55,78,147
1,114,55,80,147
1,115,55,71,147
1,116,55,72,147
1,117,55,76,147
1,118,55,82,147
1,119,55,61,147
1,120,55,121,147
1,121,55,111,147
1,122,55,69,147
1,123,55,65,147
1,124,55,118,147
1,125,55,63,147
1,126,55,66,147
1,127,55,83,147
1,128,55,75,147
1,129,55,68,147
1,1,56,45,170
1,2,56,54,170
1,3,56,46,170
1,4,56,43,170
1,5,56,39,170
1,6,56,34,170
1,7,56,55,170
1,8,56,60,170
1,9,56,50,170
1,10,56,42,170
1,11,56,41,170
1,12,56,49,170
1,13,56,38,170
1,14,56,32,170
1,15,56,37,170
1,16,56,48,170
1,17,56,40,170
1,18,56,35,170
1,19,56,57,170
1,20,56,89,170
1,21,56,44,170
1,22,56,94,170
1,23,56,98,170
1,24,56,53,170
1,25,56,92,170
1,26,56,84,170
1,27,56,88,170
1,28,56,96,170
1,29,56,105,170
1,30,56,58,170
1,31,56,108,170
1,32,56,106,170
1,33,56,19,170
1,34,56,47,170
1,35,56,107,170
1,36,56,97,170
1,37,56,99,170
1,38,56,95,170
1,39,56,90,170
1,40,56,104,170
1,41,56,102,170
1,42,56,59,170
1,43,56,33,170
1,44,56,86,170
1,45,56,31,170
1,46,56,91,170
1,47,56,100,170
1,48,56,36,170
1,49,56,109,170
1,50,56,27,170
1,51,56,5,170
1,52,56,87,170
1,53,56,101,170
1,54,56,51,170
1,55,56,103,170
1,56,56,9,170
1,57,56,6,170
1,58,56,16,170
1,59,56,93,170
1,60,56,11,170
1,61,56,56,170
1,62,56,14,170
1,63,56,24,170
1,64,56,26,170
1,65,56,85,170
1,66,56,7,170
1,67,56,52,170
1,68,56,1,170
1,69,56,23,170
1,70,56,10,170
1,71,56,28,170
1,72,56,13,170
1,73,56,15,170
1,74,56,29,170
1,75,56,17,170
1,76,56,30,170
1,77,56,64,170
1,78,56,115,170
1,79,56,116,170
1,80,56,123,170
1,81,56,2,170
1,82,56,119,170
1,83,56,120,170
1,84,56,126,170
1,85,56,8,170
1,86,56,117,170
1,87,56,4,170
1,88,56,125,170
1,89,56,25,170
1,90,56,110,170
1,91,56,122,170
1,92,56,129,170
1,93,56,3,170
1,94,56,22,170
1,95,56,128,170
1,96,56,18,170
1,97,56,114,170
1,98,56,20,170
1,99,56,127,170
1,100,56,113,170
1,101,56,112,170
1,102,56,67,170
1,103,56,124,170
1,104,56,62,170
1,105,56,12,170
1,106,56,79,170
1,107,56,21,170
1,108,56,74,170
1,109,56,70,170
1,110,56,73,170
1,111,56,81,170
1,112,56,77,170
1,113,56,78,170
1,114,56,80,170
1,115,56,71,170
1,116,56,72,170
1,117,56,76,170
1,118,56,82,170
1,119,56,61,170
1,120,56,121,170
1,121,56,111,170
1,122,56,69,170
1,123,56,65,170
1,124,56,118,170
1,125,56,63,170
1,126,56,66,170
1,127,56,83,170
1,128,56,75,170
1,129,56,68,170
1,1,57,45,11
1,2,57,54,11
1,3,57,46,11
1,4,57,43,11
1,5,57,39,11
1,6,57,34,11
1,7,57,55,11
1,8,57,60,11
1,9,57,50,11
1,10,57,42,11
1,11,57,41,11
1,12,57,49,11
1,13,57,38,11
1,14,57,32,11
1,15,57,37,11
1,16,57,48,11
1,17,57,40,11
1,18,57,35,11
1,19,57,57,11
1,20,57,89,11
1,21,57,44,11
1,22,57,94,11
1,23,57,98,11
1,24,57,53,11
1,25,57,92,11
1,26,57,84,11
1,27,57,88,11
1,28,57,96,11
1,29,57,105,11
1,30,57,58,11
1,31,57,108,11
1,32,57,106,11
1,33,57,19,11
1,34,57,47,11
1,35,57,107,11
1,36,57,97,11
1,37,57,99,11
1,38,57,95,11
1,39,57,90,11
1,40,57,104,11
1,41,57,102,11
1,42,57,59,11
1,43,57,33,11
1,44,57,86,11
1,45,57,31,11
1,46,57,91,11
1,47,57,100,11
1,48,57,36,11
1,49,57,109,11
1,50,57,27,11
1,51,57,5,11
1,52,57,87,11
1,53,57,101,11
1,54,57,51,11
1,55,57,103,11
1,56,57,9,11
1,57,57,6,11
1,58,57,16,11
1,59,57,93,11
1,60,57,11,11
1,61,57,56,11
1,62,57,14,11
1,63,57,24,11
1,64,57,26,11
1,65,57,85,11
1,66,57,7,11
1,67,57,52,11
1,68,57,1,11
1,69,57,23,11
1,70,57,10,11
1,71,57,28,11
1,72,57,13,11
1,73,57,15,11
1,74,57,29,11
1,75,57,17,11
1,76,57,30,11
1,77,57,64,11
1,78,57,115,11
1,79,57,116,11
1,80,57,123,11
1,81,57,2,11
1,82,57,119,11
1,83,57,120,11
1,84,57,126,11
1,85,57,8,11
1,86,57,117,11
1,87,57,4,11
1,88,57,125,11
1,89,57,25,11
1,90,57,110,11
1,91,57,122,11
1,92,57,129,11
1,93,57,3,11
1,94,57,22,11
1,95,57,128,11
1,96,57,18,11
1,97,57,114,11
1,98,57,20,11
1,99,57,127,11
1,100,57,113,11
1,101,57,112,11
1,102,57,67,11
1,103,57,124,11
1,104,57,62,11
1,105,57,12,11
1,106,57,79,11
1,107,57,21,11
1,108,57,74,11
1,109,57,70,11
1,110,57,73,11
1,111,57,81,11
1,112,57,77,11
1,113,57,78,11
1,114,57,80,11
1,115,57,71,11
1,116,57,72,11
1,117,57,76,11
1,118,57,82,11
1,119,57,61,11
1,120,57,121,11
1,121,57,111,11
1,122,57,69,11
1,123,57,65,11
1,124,57,118,11
1,125,57,63,11
1,126,57,66,11
1,127,57,83,11
1,128,57,75,11
1,129,57,68,11
1,1,58,45,140
1,2,58,54,140
1,3,58,46,140
1,4,58,43,140
1,5,58,39,140
1,6,58,34,140
1,7,58,55,140
1,8,58,60,140
1,9,58,50,140
1,10,58,42,140
1,11,58,41,140
1,12,58,49,140
1,13,58,38,140
1,14,58,32,140
1,15,58,37,140
1,16,58,48,140
1,17,58,40,140
1,18,58,35,140
1,19,58,57,140
1,20,58,89,140
1,21,58,44,140
1,22,58,94,140
1,23,58,98,140
1,24,58,53,140
1,25,58,92,140
1,26,58,84,140
1,27,58,88,140
1,28,58,96,140
1,29,58,105,140
1,30,58,58,140
1,31,58,108,140
1,32,58,106,140
1,33,58,19,140
1,34,58,47,140
1,35,58,107,140
1,36,58,97,140
1,37,58,99,140
1,38,58,95,140
1,39,58,90,140
1,40,58,104,140
1,41,58,102,140
1,42,58,59,140
1,43,58,33,140
1,44,58,86,140
1,45,58,31,140
1,46,58,91,140
1,47,58,100,140
1,48,58,36,140
1,49,58,109,140
1,50,58,27,140
1,51,58,5,140
1,52,58,87,140
1,53,58,101,140
1,54,58,51,140
1,55,58,103,140
1,56,58,9,140
1,57,58,6,140
1,58,58,16,140
1,59,58,93,140
1,60,58,11,140
1,61,58,56,140
1,62,58,14,140
1,63,58,24,140
1,64,58,26,140
1,65,58,85,140
1,66,58,7,140
1,67,58,52,140
1,68,58,1,140
1,69,58,23,140
1,70,58,10,140
1,71,58,28,140
1,72,58,13,140
1,73,58,15,140
1,74,58,29,140
1,75,58,17,140
1,76,58,30,140
1,77,58,64,140
1,78,58,115,140
1,79,58,116,140
1,80,58,123,140
1,81,58,2,140
1,82,58,119,140
1,83,58,120,140
1,84,58,126,140
1,85,58,8,140
1,86,58,117,140
1,87,58,4,140
1,88,58,125,140
1,89,58,25,140
1,90,58,110,140
1,91,58,122,140
1,92,58,129,140
1,93,58,3,140
1,94,58,22,140
1,95,58,128,140
1,96,58,18,140
1,97,58,114,140
1,98,58,20,140
1,99,58,127,140
1,100,58,113,140
1,101,58,112,140
1,102,58,67,140
1,103,58,124,140
1,104,58,62,140
1,105,58,12,140
1,106,58,79,140
1,107,58,21,140
1,108,58,74,140
1,109,58,70,140
1,110,58,73,140
1,111,58,81,140
1,112,58,77,140
1,113,58,78,140
1,114,58,80,140
1,115,58,71,140
1,116,58,72,140
1,117,58,76,140
1,118,58,82,140
1,119,58,61,140
1,120,58,121,140
1,121,58,111,140
1,122,58,69,140
1,123,58,65,140
1,124,58,118,140
1,125,58,63,140
1,126,58,66,140
1,127,58,83,140
1,128,58,75,140
1,129,58,68,140
1,1,59,45,207
1,2,59,54,207
1,3,59,46,207
1,4,59,43,207
1,5,59,39,207
1,6,59,34,207
1,7,59,55,207
1,8,59,60,207
1,9,59,50,207
1,10,59,42,207
1,11,59,41,207
1,12,59,49,207
1,13,59,38,207
1,14,59,32,207
1,15,59,37,207
1,16,59,48,207
1,17,59,40,207
1,18,59,35,207
1,19,59,57,207
1,20,59,89,207
1,21,59,44,207
1,22,59,94,207
1,23,59,98,207
1,24,59,53,207
1,25,59,92,207
1,26,59,84,207
1,27,59,88,207
1,28,59,96,207
1,29,59,105,207
1,30,59,58,207
1,31,59,108,207
1,32,59,106,207
1,33,59,19,207
1,34,59,47,207
1,35,59,107,207
1,36,59,97,207
1,37,59,99,207
1,38,59,95,207
1,39,59,90,207
1,40,59,104,207
1,41,59,102,207
1,42,59,59,207
1,43,59,33,207
1,44,59,86,207
1,45,59,31,207
1,46,59,91,207
1,47,59,100,207
1,48,59,36,207
1,49,59,109,207
1,50,59,27,207
1,51,59,5,207
1,52,59,87,207
1,53,59,101,207
1,54,59,51,207
1,55,59,103,207
1,56,59,9,207
1,57,59,6,207
1,58,59,16,207
1,59,59,93,207
1,60,59,11,207
1,61,59,56,207
1,62,59,14,207
1,63,59,24,207
1,64,59,26,207
1,65,59,85,207
1,66,59,7,207
1,67,59,52,207
1,68,59,1,207
1,69,59,23,207
1,70,59,10,207
1,71,59,28,207
1,72,59,13,207
1,73,59,15,207
1,74,59,29,207
1,75,59,17,207
1,76,59,30,207
1,77,59,64,207
1,78,59,115,207
1,79,59,116,207
1,80,59,123,207
1,81,59,2,207
1,82,59,119,207
1,83,59,120,207
1,84,59,126,207
1,85,59,8,207
1,86,59,117,207
1,87,59,4,207
1,88,59,125,207
1,89,59,25,207
1,90,59,110,207
1,91,59,122,207
1,92,59,129,207
1,93,59,3,207
1,94,59,22,207
1,95,59,128,207
1,96,59,18,207
1,97,59,114,207
1,98,59,20,207
1,99,59,127,207
1,100,59,113,207
1,101,59,112,207
1,102,59,67,207
1,103,59,124,207
1,104,59,62,207
1,105,59,12,207
1,106,59,79,207
1,107,59,21,207
1,108,59,74,207
1,109,59,70,207
1,110,59,73,207
1,111,59,81,207
1,112,59,77,207
1,113,59,78,207
1,114,59,80,207
1,115,59,71,207
1,116,59,72,207
1,117,59,76,207
1,118,59,82,207
1,119,59,61,207
1,120,59,121,207
1,121,59,111,207
1,122,59,69,207
1,123,59,65,207
1,124,59,118,207
1,125,59,63,207
1,126,59,66,207
1,127,59,83,207
1,128,59,75,207
1,129,59,68,207
1,1,60,45,28
1,2,60,54,28
1,3,60,46,28
1,4,60,43,28
1,5,60,39,28
1,6,60,34,28
1,7,60,55,28
1,8,60,60,28
1,9,60,50,28
1,10,60,42,28
1,11,60,41,28
1,12,60,49,28
1,13,60,38,28
1,14,60,32,28
1,15,60,37,28
1,16,60,48,28
1,17,60,40,28
1,18,60,35,28
1,19,60,57,28
1,20,60,89,28
1,21,60,44,28
1,22,60,94,28
1,23,60,98,28
1,24,60,53,28
1,25,60,92,28
1,26,60,84,28
1,27,60,88,28
1,28,60,96,28
1,29,60,105,28
1,30,60,58,28
1,31,60,108,28
1,32,60,106,28
1,33,60,19,28
1,34,60,47,28
1,35,60,107,28
1,36,60,97,28
1,37,60,99,28
1,38,60,95,28
1,39,60,90,28
1,40,60,104,28
1,41,60,102,28
1,42,60,59,28
1,43,60,33,28
1,44,60,86,28
1,45,60,31,28
1,46,60,91,28
1,47,60,100,28
1,48,60,36,28
1,49,60,109,28
1,50,60,27,28
1,51,60,5,28
1,52,60,87,28
1,53,60,101,28
1,54,60,51,28
1,55,60,103,28
1,56,60,9,28
1,57,60,6,28
1,58,60,16,28
1,59,60,93,28
1,60,60,11,28
1,61,60,56,28
1,62,60,14,28
1,63,60,24,28
1,64,60,26,28
1,65,60,85,28
1,66,60,7,28
1,67,60,52,28
1,68,60,1,28
1,69,60,23,28
1,70,60,10,28
1,71,60,28,28
1,72,60,13,28
1,73,60,15,28
1,74,60,29,28
1,75,60,17,28
1,76,60,30,28
1,77,60,64,28
1,78,60,115,28
1,79,60,116,28
1,80,60,123,28
1,81,60,2,28
1,82,60,119,28
1,83,60,120,28
1,84,60,126,28
1,85,60,8,28
1,86,60,117,28
1,87,60,4,28
1,88,60,125,28
1,89,60,25,28
1,90,60,110,28
1,91,60,122,28
1,92,60,129,28
1,93,60,3,28
1,94,60,22,28
1,95,60,128,28
1,96,60,18,28
1,97,60,114,28
1,98,60,20,28
1,99,60,127,28
1,100,60,113,28
1,101,60,112,28
1,102,60,67,28
1,103,60,124,28
1,104,60,62,28
1,105,60,12,28
1,106,60,79,28
1,107,60,21,28
1,108,60,74,28
1,109,60,70,28
1,110,60,73,28
1,111,60,81,28
1,112,60,77,28
1,113,60,78,28
1,114,60,80,28
1,115,60,71,28
1,116,60,72,28
1,117,60,76,28
1,118,60,82,28
1,119,60,61,28
1,120,60,121,28
1,121,60,111,28
1,122,60,69,28
1,123,60,65,28
1,124,60,118,28
1,125,60,63,28
1,126,60,66,28
1,127,60,83,28
1,128,60,75,28
1,129,60,68,28
1,1,61,45,200
1,2,61,54,200
1,3,61,46,200
1,4,61,43,200
1,5,61,39,200
1,6,61,34,200
1,7,61,55,200
1,8,61,60,200
1,9,61,50,200
1,10,61,42,200
1,11,61,41,200
1,12,61,49,200
1,13,61,38,200
1,14,61,32,200
1,15,61,37,200
1,16,61,48,200
1,17,61,40,200
1,18,61,35,200
1,19,61,57,200
1,20,61,89,200
1,21,61,44,200
1,22,61,94,200
1,23,61,98,200
1,24,61,53,200
1,25,61,92,200
1,26,61,84,200
1,27,61,88,200
1,28,61,96,200
1,29,61,105,200
1,30,61,58,200
1,31,61,108,200
1,32,61,106,200
1,33,61,19,200
1,34,61,47,200
1,35,61,107,200
1,36,61,97,200
1,37,61,99,200
1,38,61,95,200
1,39,61,90,200
1,40,61,104,200
1,41,61,102,200
1,42,61,59,200
1,43,61,33,200
1,44,61,86,200
1,45,61,31,200
1,46,61,91,200
1,47,61,100,200
1,48,61,36,200
1,49,61,109,200
1,50,61,27,200
1,51,61,5,200
1,52,61,87,200
1,53,61,101,200
1,54,61,51,200
1,55,61,103,200
1,56,61,9,200
1,57,61,6,200
1,58,61,16,200
1,59,61,93,200
1,60,61,11,200
1,61,61,56,200
1,62,61,14,200
1,63,61,24,200
1,64,61,26,200
1,65,61,85,200
1,66,61,7,200
1,67,61,52,200
1,68,61,1,200
1,69,61,23,200
1,70,61,10,200
1,71,61,28,200
1,72,61,13,200
1,73,61,15,200
1,74,61,29,200
1,75,61,17,200
1,76,61,30,200
1,77,61,64,200
1,78,61,115,200
1,79,61,116,200
1,80,61,123,200
1,81,61,2,200
1,82,61,119,200
1,83,61,120,200
1,84,61,126,200
1,85,61,8,200
1,86,61,117,200
1,87,61,4,200
1,88,61,125,200
1,89,61,25,200
1,90,61,110,200
1,91,61,122,200
1,92,61,129,200
1,93,61,3,200
1,94,61,22,200
1,95,61,128,200
1,96,61,18,200
1,97,61,114,200
1,98,61,20,200
1,99,61,127,200
1,100,61,113,200
1,101,61,112,200
1,102,61,67,200
1,103,61,124,200
1,104,61,62,200
1,105,61,12,200
1,106,61,79,200
1,107,61,21,200
1,108,61,74,200
1,109,61,70,200
1,110,61,73,200
1,111,61,81,200
1,112,61,77,200
1,113,61,78,200
1,114,61,80,200
1,115,61,71,200
1,116,61,72,200
1,117,61,76,200
1,118,61,82,200
1,119,61,61,200
1,120,61,121,200
1,121,61,111,200
1,122,61,69,200
1,123,61,65,200
1,124,61,118,200
1,125,61,63,200
1,126,61,66,200
1,127,61,83,200
1,128,61,75,200
1,129,61,68,200
1,1,62,45,141
1,2,62,54,141
1,3,62,46,141
1,4,62,43,141
1,5,62,39,141
1,6,62,34,141
1,7,62,55,141
1,8,62,60,141
1,9,62,50,141
1,10,62,42,141
1,11,62,41,141
1,12,62,49,141
1,13,62,38,141
1,14,62,32,141
1,15,62,37,141
1,16,62,48,141
1,17,62,40,141
1,18,62,35,141
1,19,62,57,141
1,20,62,89,141
1,21,62,44,141
1,22,62,94,141
1,23,62,98,141
1,24,62,53,141
1,25,62,92,141
1,26,62,84,141
1,27,62,88,141
1,28,62,96,141
1,29,62,105,141
1,30,62,58,141
1,31,62,108,141
1,32,62,106,141
1,33,62,19,141
1,34,62,47,141
1,35,62,107,141
1,36,62,97,141
1,37,62,99,141
1,38,62,95,141
1,39,62,90,141
1,40,62,104,141
1,41,62,102,141
1,42,62,59,141
1,43,62,33,141
1,44,62,86,141
1,45,62,31,141
1,46,62,91,141
1,47,62,100,141
1,48,62,36,141
1,49,62,109,141
1,50,62,27,141
1,51,62,5,141
1,52,62,87,141
1,53,62,101,141
1,54,62,51,141
1,55,62,103,141
1,56,62,9,141
1,57,62,6,141
1,58,62,16,141
1,59,62,93,141
1,60,62,11,141
1,61,62,56,141
1,62,62,14,141
1,63,62,24,141
1,64,62,26,141
1,65,62,85,141
1,66,62,7,141
1,67,62,52,141
1,68,62,1,141
1,69,62,23,141
1,70,62,10,141
1,71,62,28,141
1,72,62,13,141
1,73,62,15,141
1,74,62,29,141
1,75,62,17,141
1,76,62,30,141
1,77,62,64,141
1,78,62,115,141
1,79,62,116,141
1,80,62,123,141
1,81,62,2,141
1,82,62,119,141
1,83,62,120,141
1,84,62,126,141
1,85,62,8,141
1,86,62,117,141
1,87,62,4,141
1,88,62,125,141
1,89,62,25,141
1,90,62,110,141
1,91,62,122,141
1,92,62,129,141
1,93,62,3,141
1,94,62,22,141
1,95,62,128,141
1,96,62,18,141
1,97,62,114,141
1,98,62,20,141
1,99,62,127,141
1,100,62,113,141
1,101,62,112,141
1,102,62,67,141
1,103,62,124,141
1,104,62,62,141
1,105,62,12,141
1,106,62,79,141
1,107,62,21,141
1,108,62,74,141
1,109,62,70,141
1,110,62,73,141
1,111,62,81,141
1,112,62,77,141
1,113,62,78,141
1,114,62,80,141
1,115,62,71,141
1,116,62,72,141
1,117,62,76,141
1,118,62,82,141
1,119,62,61,141
1,120,62,121,141
1,121,62,111,141
1,122,62,69,141
1,123,62,65,141
1,124,62,118,141
1,125,62,63,141
1,126,62,66,141
1,127,62,83,141
1,128,62,75,141
1,129,62,68,141
1,1,63,45,10
1,2,63,54,10
1,3,63,46,10
1,4,63,43,10
1,5,63,39,10
1,6,63,34,10
1,7,63,55,10
1,8,63,60,10
1,9,63,50,10
1,10,63,42,10
1,11,63,41,10
1,12,63,49,10
1,13,63,38,10
1,14,63,32,10
1,15,63,37,10
1,16,63,48,10
1,17,63,40,10
1,18,63,35,10
1,19,63,57,10
1,20,63,89,10
1,21,63,44,10
1,22,63,94,10
1,23,63,98,10
1,24,63,53,10
1,25,63,92,10
1,26,63,84,10
1,27,63,88,10
1,28,63,96,10
1,29,63,105,10
1,30,63,58,10
1,31,63,108,10
1,32,63,106,10
1,33,63,19,10
1,34,63,47,10
1,35,63,107,10
1,36,63,97,10
1,37,63,99,10
1,38,63,95,10
1,39,63,90,10
1,40,63,104,10
1,41,63,102,10
1,42,63,59,10
1,43,63,33,10
1,44,63,86,10
1,45,63,31,10
1,46,63,91,10
1,47,63,100,10
1,48,63,36,10
1,49,63,109,10
1,50,63,27,10
1,51,63,5,10
1,52,63,87,10
1,53,63,101,10
1,54,63,51,10
1,55,63,103,10
1,56,63,9,10
1,57,63,6,10
1,58,63,16,10
1,59,63,93,10
1,60,63,11,10
1,61,63,56,10
1,62,63,14,10
1,63,63,24,10
1,64,63,26,10
1,65,63,85,10
1,66,63,7,10
1,67,63,52,10
1,68,63,1,10
1,69,63,23,10
1,70,63,10,10
1,71,63,28,10
1,72,63,13,10
1,73,63,15,10
1,74,63,29,10
1,75,63,17,10
1,76,63,30,10
1,77,63,64,10
1,78,63,115,10
1,79,63,116,10
1,80,63,123,10
1,81,63,2,10
1,82,63,119,10
1,83,63,120,10
1,84,63,126,10
1,85,63,8,10
1,86,63,117,10
1,87,63,4,10
1,88,63,125,10
1,89,63,25,10
1,90,63,110,10
1,91,63,122,10
1,92,63,129,10
1,93,63,3,10
1,94,63,22,10
1,95,63,128,10
1,96,63,18,10
1,97,63,114,10
1,98,63,20,10
1,99,63,127,10
1,100,63,113,10
1,101,63,112,10
1,102,63,67,10
1,103,63,124,10
1,104,63,62,10
1,105,63,12,10
1,106,63,79,10
1,107,63,21,10
1,108,63,74,10
1,109,63,70,10
1,110,63,73,10
1,111,63,81,10
1,112,63,77,10
1,113,63,78,10
1,114,63,80,10
1,115,63,71,10
1,116,63,72,10
1,117,63,76,10
1,118,63,82,10
1,119,63,61,10
1,120,63,121,10
1,121,63,111,10
1,122,63,69,10
1,123,63,65,10
1,124,63,118,10
1,125,63,63,10
1,126,63,66,10
1,127,63,83,10
1,128,63,75,10
1,129,63,68,10
1,1,64,45,80
1,2,64,54,80
1,3,64,46,80
1,4,64,43,80
1,5,64,39,80
1,6,64,34,80
1,7,64,55,80
1,8,64,60,80
1,9,64,50,80
1,10,64,42,80
1,11,64,41,80
1,12,64,49,80
1,13,64,38,80
1,14,64,32,80
1,15,64,37,80
1,16,64,48,80
1,17,64,40,80
1,18,64,35,80
1,19,64,57,80
1,20,64,89,80
1,21,64,44,80
1,22,64,94,80
1,23,64,98,80
1,24,64,53,80
1,25,64,92,80
1,26,64,84,80
1,27,64,88,80
1,28,64,96,80
1,29,64,105,80
1,30,64,58,80
1,31,64,108,80
1,32,64,106,80
1,33,64,19,80
1,34,64,47,80
1,35,64,107,80
1,36,64,97,80
1,37,64,99,80
1,38,64,95,80
1,39,64,90,80
1,40,64,104,80
1,41,64,102,80
1,42,64,59,80
1,43,64,33,80
1,44,64,86,80
1,45,64,31,80
1,46,64,91,80
1,47,64,100,80
1,48,64,36,80
1,49,64,109,80
1,50,64,27,80
1,51,64,5,80
1,52,64,87,80
1,53,64,101,80
1,54,64,51,80
1,55,64,103,80
1,56,64,9,80
1,57,64,6,80
1,58,64,16,80
1,59,64,93,80
1,60,64,11,80
1,61,64,56,80
1,62,64,14,80
1,63,64,24,80
1,64,64,26,80
1,65,64,85,80
1,66,64,7,80
1,67,64,52,80
1,68,64,1,80
1,69,64,23,80
1,70,64,10,80
1,71,64,28,80
1,72,64,13,80
1,73,64,15,80
1,74,64,29,80
1,75,64,17,80
1,76,64,30,80
1,77,64,64,80
1,78,64,115,80
1,79,64,116,80
1,80,64,123,80
1,81,64,2,80
1,82,64,119,80
1,83,64,120,80
1,84,64,126,80
1,85,64,8,80
1,86,64,117,80
1,87,64,4,80
1,88,64,125,80
1,89,64,25,80
1,90,64,110,80
1,91,64,122,80
1,92,64,129,80
1,93,64,3,80
1,94,64,22,80
1,95,64,128,80
1,96,64,18,80
1,97,64,114,80
1,98,64,20,80
1,99,64,127,80
1,100,64,113,80
1,101,64,112,80
1,102,64,67,80
1,103,64,124,80
1,104,64,62,80
1,105,64,12,80
1,106,64,79,80
1,107,64,21,80
1,108,64,74,80
1,109,64,70,80
1,110,64,73,80
1,111,64,81,80
1,112,64,77,80
1,113,64,78,80
1,114,64,80,80
1,115,64,71,80
1,116,64,72,80
1,117,64,76,80
1,118,64,82,80
1,119,64,61,80
1,120,64,121,80
1,121,64,111,80
1,122,64,69,80
1,123,64,65,80
1,124,64,118,80
1,125,64,63,80
1,126,64,66,80
1,127,64,83,80
1,128,64,75,80
1,129,64,68,80
1,1,65,45,193
1,2,65,54,193
1,3,65,46,193
1,4,65,43,193
1,5,65,39,193
1,6,65,34,193
1,7,65,55,193
1,8,65,60,193
1,9,65,50,193
1,10,65,42,193
1,11,65,41,193
1,12,65,49,193
1,13,65,38,193
1,14,65,32,193
1,15,65,37,193
1,16,65,48,193
1,17,65,40,193
1,18,65,35,193
1,19,65,57,193
1,20,65,89,193
1,21,65,44,193
1,22,65,94,193
1,23,65,98,193
1,24,65,53,193
1,25,65,92,193
1,26,65,84,193
1,27,65,88,193
1,28,65,96,193
1,29,65,105,193
1,30,65,58,193
1,31,65,108,193
1,32,65,106,193
1,33,65,19,193
1,34,65,47,193
1,35,65,107,193
1,36,65,97,193
1,37,65,99,193
1,38,65,95,193
1,39,65,90,193
1,40,65,104,193
1,41,65,102,193
1,42,65,59,193
1,43,65,33,193
1,44,65,86,193
1,45,65,31,193
1,46,65,91,193
1,47,65,100,193
1,48,65,36,193
1,49,65,109,193
1,50,65,27,193
1,51,65,5,193
1,52,65,87,193
1,53,65,101,193
1,54,65,51,193
1,55,65,103,193
1,56,65,9,193
1,57,65,6,193
1,58,65,16,193
1,59,65,93,193
1,60,65,11,193
1,61,65,56,193
1,62,65,14,193
1,63,65,24,193
1,64,65,26,193
1,65,65,85,193
1,66,65,7,193
1,67,65,52,193
1,68,65,1,193
1,69,65,23,193
1,70,65,10,193
1,71,65,28,193
1,72,65,13,193
1,73,65,15,193
1,74,65,29,193
1,75,65,17,193
1,76,65,30,193
1,77,65,64,193
1,78,65,115,193
1,79,65,116,193
1,80,65,123,193
1,81,65,2,193
1,82,65,119,193
1,83,65,120,193
1,84,65,126,193
1,85,65,8,193
1,86,65,117,193
1,87,65,4,193
1,88,65,125,193
1,89,65,25,193
1,90,65,110,193
1,91,65,122,193
1,92,65,129,193
1,93,65,3,193
1,94,65,22,193
1,95,65,128,193
1,96,65,18,193
1,97,65,114,193
1,98,65,20,193
1,99,65,127,193
1,100,65,113,193
1,101,65,112,193
1,102,65,67,193
1,103,65,124,193
1,104,65,62,193
1,105,65,12,193
1,106,65,79,193
1,107,65,21,193
1,108,65,74,193
1,109,65,70,193
1,110,65,73,193
1,111,65,81,193
1,112,65,77,193
1,113,65,78,193
1,114,65,80,193
1,115,65,71,193
1,116,65,72,193
1,117,65,76,193
1,118,65,82,193
1,119,65,61,193
1,120,65,121,193
1,121,65,111,193
1,122,65,69,193
1,123,65,65,193
1,124,65,118,193
1,125,65,63,193
1,126,65,66,193
1,127,65,83,193
1,128,65,75,193
1,129,65,68,193
1,1,66,45,218
1,2,66,54,218
1,3,66,46,218
1,4,66,43,218
1,5,66,39,218
1,6,66,34,218
1,7,66,55,218
1,8,66,60,218
1,9,66,50,218
1,10,66,42,218
1,11,66,41,218
1,12,66,49,218
1,13,66,38,218
1,14,66,32,218
1,15,66,37,218
1,16,66,48,218
1,17,66,40,218
1,18,66,35,218
1,19,66,57,218
1,20,66,89,218
1,21,66,44,218
1,22,66,94,218
1,23,66,98,218
1,24,66,53,218
1,25,66,92,218
1,26,66,84,218
1,27,66,88,218
1,28,66,96,218
1,29,66,105,218
1,30,66,58,218
1,31,66,108,218
1,32,66,106,218
1,33,66,19,218
1,34,66,47,218
1,35,66,107,218
1,36,66,97,218
1,37,66,99,218
1,38,66,95,218
1,39,66,90,218
1,40,66,104,218
1,41,66,102,218
1,42,66,59,218
1,43,66,33,218
1,44,66,86,218
1,45,66,31,218
1,46,66,91,218
1,47,66,100,218
1,48,66,36,218
1,49,66,109,218
1,50,66,27,218
1,51,66,5,218
1,52,66,87,218
1,53,66,101,218
1,54,66,51,218
1,55,66,103,218
1,56,66,9,218
1,57,66,6,218
1,58,66,16,218
1,59,66,93,218
1,60,66,11,218
1,61,66,56,218
1,62,66,14,218
1,63,66,24,218
1,64,66,26,218
1,65,66,85,218
1,66,66,7,218
1,67,66,52,218
1,68,66,1,218
1,69,66,23,218
1,70,66,10,218
1,71,66,28,218
1,72,66,13,218
1,73,66,15,218
1,74,66,29,218
1,75,66,17,218
1,76,66,30,218
1,77,66,64,218
1,78,66,115,218
1,79,66,116,218
1,80,66,123,218
1,81,66,2,218
1,82,66,119,218
1,83,66,120,218
1,84,66,126,218
1,85,66,8,218
1,86,66,117,218
1,87,66,4,218
1,88,66,125,218
1,89,66,25,218
1,90,66,110,218
1,91,66,122,218
1,92,66,129,218
1,93,66,3,218
1,94,66,22,218
1,95,66,128,218
1,96,66,18,218
1,97,66,114,218
1,98,66,20,218
1,99,66,127,218
1,100,66,113,218
1,101,66,112,218
1,102,66,67,218
1,103,66,124,218
1,104,66,62,218
1,105,66,12,218
1,106,66,79,218
1,107,66,21,218
1,108,66,74,218
1,109,66,70,218
1,110,66,73,218
1,111,66,81,218
1,112,66,77,218
1,113,66,78,218
1,114,66,80,218
1,115,66,71,218
1,116,66,72,218
1,117,66,76,218
1,118,66,82,218
1,119,66,61,218
1,120,66,121,218
1,121,66,111,218
1,122,66,69,218
1,123,66,65,218
1,124,66,118,218
1,125,66,63,218
1,126,66,66,218
1,127,66,83,218
1,128,66,75,218
1,129,66,68,218
1,1,67,45,37
1,2,67,54,37
1,3,67,46,37
1,4,67,43,37
1,5,67,39,37
1,6,67,34,37
1,7,67,55,37
1,8,67,60,37
1,9,67,50,37
1,10,67,42,37
1,11,67,41,37
1,12,67,49,37
1,13,67,38,37
1,14,67,32,37
1,15,67,37,37
1,16,67,48,37
1,17,67,40,37
1,18,67,35,37
1,19,67,57,37
1,20,67,89,37
1,21,67,44,37
1,22,67,94,37
1,23,67,98,37
1,24,67,53,37
1,25,67,92,37
1,26,67,84,37
1,27,67,88,37
1,28,67,96,37
1,29,67,105,37
1,30,67,58,37
1,31,67,108,37
1,32,67,106,37
1,33,67,19,37
1,34,67,47,37
1,35,67,107,37
1,36,67,97,37
1,37,67,99,37
1,38,67,95,37
1,39,67,90,37
1,40,67,104,37
1,41,67,102,37
1,42,67,59,37
9,43,67,33,37
9,44,67,86,37
9,45,67,31,37
9,46,67,91,37
9,47,67,100,37
9,48,67,36,37
9,49,67,109,37
9,50,67,27,37
9,51,67,5,37
10,52,67,87,37
10,53,67,101,37
10,54,67,51,37
10,55,67,103,37
10,56,67,9,37
10,57,67,6,37
10,58,67,16,37
10,59,67,93,37
10,60,67,11,37
10,61,67,56,37
10,62,67,14,37
1,63,67,24,37
1,64,67,26,37
1,65,67,85,37
1,66,67,7,37
1,67,67,52,37
1,68,67,1,37
1,69,67,23,37
1,70,67,10,37
1,71,67,28,37
1,72,67,13,37
1,73,67,15,37
1,74,67,29,37
1,75,67,17,37
1,76,67,30,37
1,77,67,64,37
1,78,67,115,37
1,79,67,116,37
1,80,67,123,37
1,81,67,2,37
1,82,67,119,37
1,83,67,120,37
1,84,67,126,37
1,85,67,8,37
1,86,67,117,37
1,87,67,4,37
1,88,67,125,37
1,89,67,25,37
1,90,67,110,37
1,91,67,122,37
1,92,67,129,37
1,93,67,3,37
1,94,67,22,37
1,95,67,128,37
1,96,67,18,37
1,97,67,114,37
1,98,67,20,37
1,99,67,127,37
1,100,67,113,37
1,101,67,112,37
1,102,67,67,37
1,103,67,124,37
1,104,67,62,37
1,105,67,12,37
1,106,67,79,37
1,107,67,21,37
1,108,67,74,37
1,109,67,70,37
1,110,67,73,37
1,111,67,81,37
1,112,67,77,37
1,113,67,78,37
1,114,67,80,37
1,115,67,71,37
1,116,67,72,37
1,117,67,76,37
1,118,67,82,37
1,119,67,61,37
1,120,67,121,37
1,121,67,111,37
1,122,67,69,37
1,123,67,65,37
1,124,67,118,37
1,125,67,63,37
1,126,67,66,37
1,127,67,83,37
1,128,67,75,37
1,129,67,68,37
1,1,68,45,152
1,2,68,54,152
1,3,68,46,152
1,4,68,43,152
1,5,68,39,152
1,6,68,34,152
1,7,68,55,152
1,8,68,60,152
1,9,68,50,152
1,10,68,42,152
1,11,68,41,152
1,12,68,49,152
1,13,68,38,152
1,14,68,32,152
1,15,68,37,152
1,16,68,48,152
1,17,68,40,152
1,18,68,35,152
1,19,68,57,152
1,20,68,89,152
1,21,68,44,152
1,22,68,94,152
1,23,68,98,152
1,24,68,53,152
1,25,68,92,152
1,26,68,84,152
1,27,68,88,152
1,28,68,96,152
1,29,68,105,152
1,30,68,58,152
1,31,68,108,152
1,32,68,106,152
1,33,68,19,152
1,34,68,47,152
1,35,68,107,152
1,36,68,97,152
1,37,68,99,152
1,38,68,95,152
1,39,68,90,152
1,40,68,104,152
1,41,68,102,152
1,42,68,59,152
1,43,68,33,152
1,44,68,86,152
1,45,68,31,152
1,46,68,91,152
1,47,68,100,152
1,48,68,36,152
1,49,68,109,152
1,50,68,27,152
1,51,68,5,152
1,52,68,87,152
1,53,68,101,152
1,54,68,51,152
1,55,68,103,152
1,56,68,9,152
1,57,68,6,152
1,58,68,16,152
1,59,68,93,152
1,60,68,11,152
1,61,68,56,152
1,62,68,14,152
1,63,68,24,152
1,64,68,26,152
1,65,68,85,152
1,66,68,7,152
1,67,68,52,152
1,68,68,1,152
1,69,68,23,152
1,70,68,10,152
1,71,68,28,152
1,72,68,13,152
1,73,68,15,152
1,74,68,29,152
1,75,68,17,152
1,76,68,30,152
1,77,68,64,152
1,78,68,115,152
1,79,68,116,152
1,80,68,123,152
1,81,68,2,152
1,82,68,119,152
1,83,68,120,152
1,84,68,126,152
1,85,68,8,152
1,86,68,117,152
1,87,68,4,152
1,88,68,125,152
1,89,68,25,152
1,90,68,110,152
1,91,68,122,152
1,92,68,129,152
1,93,68,3,152
1,94,68,22,152
1,95,68,128,152
1,96,68,18,152
1,97,68,114,152
1,98,68,20,152
1,99,68,127,152
1,100,68,113,152
1,101,68,112,152
1,102,68,67,152
1,103,68,124,152
1,104,68,62,152
1,105,68,12,152
1,106,68,79,152
1,107,68,21,152
1,108,68,74,152
1,109,68,70,152
1,110,68,73,152
1,111,68,81,152
1,112,68,77,152
1,113,68,78,152
1,114,68,80,152
1,115,68,71,152
1,116,68,72,152
1,117,68,76,152
1,118,68,82,152
1,119,68,61,152
1,120,68,121,152
1,121,68,111,152
1,122,68,69,152
1,123,68,65,152
1,124,68,118,152
1,125,68,63,152
1,126,68,66,152
1,127,68,83,152
1,128,68,75,152
1,129,68,68,152
1,1,69,45,199
1,2,69,54,199
1,3,69,46,199
1,4,69,43,199
1,5,69,39,199
1,6,69,34,199
1,7,69,55,199
1,8,69,60,199
1,9,69,50,199
1,10,69,42,199
1,11,69,41,199
1,12,69,49,199
1,13,69,38,199
1,14,69,32,199
1,15,69,37,199
1,16,69,48,199
1,17,69,40,199
1,18,69,35,199
1,19,69,57,199
1,20,69,89,199
1,21,69,44,199
1,22,69,94,199
1,23,69,98,199
1,24,69,53,199
1,25,69,92,199
1,26,69,84,199
1,27,69,88,199
1,28,69,96,199
1,29,69,105,199
1,30,69,58,199
1,31,69,108,199
1,32,69,106,199
1,33,69,19,199
1,34,69,47,199
1,35,69,107,199
1,36,69,97,199
1,37,69,99,199
1,38,69,95,199
1,39,69,90,199
1,40,69,104,199
1,41,69,102,199
1,42,69,59,199
1,43,69,33,199
1,44,69,86,199
1,45,69,31,199
1,46,69,91,199
1,47,69,100,199
1,48,69,36,199
1,49,69,109,199
1,50,69,27,199
1,51,69,5,199
1,52,69,87,199
1,53,69,101,199
1,54,69,51,199
1,55,69,103,199
1,56,69,9,199
1,57,69,6,199
1,58,69,16,199
1,59,69,93,199
1,60,69,11,199
1,61,69,56,199
1,62,69,14,199
1,63,69,24,199
1,64,69,26,199
1,65,69,85,199
1,66,69,7,199
1,67,69,52,199
1,68,69,1,199
1,69,69,23,199
1,70,69,10,199
1,71,69,28,199
1,72,69,13,199
1,73,69,15,199
1,74,69,29,199
1,75,69,17,199
1,76,69,30,199
1,77,69,64,199
1,78,69,115,199
1,79,69,116,199
1,80,69,123,199
1,81,69,2,199
1,82,69,119,199
1,83,69,120,199
1,84,69,126,199
1,85,69,8,199
1,86,69,117,199
1,87,69,4,199
1,88,69,125,199
1,89,69,25,199
1,90,69,110,199
1,91,69,122,199
1,92,69,129,199
1,93,69,3,199
1,94,69,22,199
1,95,69,128,199
1,96,69,18,199
1,97,69,114,199
1,98,69,20,199
1,99,69,127,199
1,100,69,113,199
1,101,69,112,199
1,102,69,67,199
1,103,69,124,199
1,104,69,62,199
1,105,69,12,199
1,106,69,79,199
1,107,69,21,199
1,108,69,74,199
1,109,69,70,199
1,110,69,73,199
1,111,69,81,199
1,112,69,77,199
1,113,69,78,199
1,114,69,80,199
1,115,69,71,199
1,116,69,72,199
1,117,69,76,199
1,118,69,82,199
1,119,69,61,199
1,120,69,121,199
1,121,69,111,199
1,122,69,69,199
1,123,69,65,199
1,124,69,118,199
1,125,69,63,199
1,126,69,66,199
1,127,69,83,199
1,128,69,75,199
1,129,69,68,199
1,1,70,45,135
1,2,70,54,135
1,3,70,46,135
1,4,70,43,135
1,5,70,39,135
1,6,70,34,135
1,7,70,55,135
1,8,70,60,135
1,9,70,50,135
1,10,70,42,135
1,11,70,41,135
1,12,70,49,135
1,13,70,38,135
1,14,70,32,135
1,15,70,37,135
1,16,70,48,135
1,17,70,40,135
1,18,70,35,135
1,19,70,57,135
1,20,70,89,135
1,21,70,44,135
1,22,70,94,135
1,23,70,98,135
1,24,70,53,135
1,25,70,92,135
1,26,70,84,135
1,27,70,88,135
1,28,70,96,135
1,29,70,105,135
1,30,70,58,135
1,31,70,108,135
1,32,70,106,135
1,33,70,19,135
1,34,70,47,135
1,35,70,107,135
1,36,70,97,135
1,37,70,99,135
1,38,70,95,135
1,39,70,90,135
1,40,70,104,135
1,41,70,102,135
1,42,70,59,135
1,43,70,33,135
1,44,70,86,135
1,45,70,31,135
1,46,70,91,135
1,47,70,100,135
1,48,70,36,135
1,49,70,109,135
1,50,70,27,135
1,51,70,5,135
1,52,70,87,135
1,53,70,101,135
1,54,70,51,135
1,55,70,103,135
1,56,70,9,135
1,57,70,6,135
1,58,70,16,135
1,59,70,93,135
1,60,70,11,135
1,61,70,56,135
1,62,70,14,135
1,63,70,24,135
1,64,70,26,135
1,65,70,85,135
1,66,70,7,135
1,67,70,52,135
1,68,70,1,135
1,69,70,23,135
1,70,70,10,135
1,71,70,28,135
1,72,70,13,135
1,73,70,15,135
1,74,70,29,135
1,75,70,17,135
1,76,70,30,135
1,77,70,64,135
1,78,70,115,135
1,79,70,116,135
1,80,70,123,135
1,81,70,2,135
1,82,70,119,135
1,83,70,120,135
1,84,70,126,135
1,85,70,8,135
1,86,70,117,135
1,87,70,4,135
1,88,70,125,135
1,89,70,25,135
1,90,70,110,135
1,91,70,122,135
1,92,70,129,135
1,93,70,3,135
1,94,70,22,135
1,95,70,128,135
1,96,70,18,135
1,97,70,114,135
1,98,70,20,135
1,99,70,127,135
1,100,70,113,135
1,101,70,112,135
1,102,70,67,135
1,103,70,124,135
1,104,70,62,135
1,105,70,12,135
1,106,70,79,135
1,107,70,21,135
1,108,70,74,135
1,109,70,70,135
1,110,70,73,135
1,111,70,81,135
1,112,70,77,135
1,113,70,78,135
1,114,70,80,135
1,115,70,71,135
1,116,70,72,135
1,117,70,76,135
1,118,70,82,135
1,119,70,61,135
1,120,70,121,135
1,121,70,111,135
1,122,70,69,135
1,123,70,65,135
1,124,70,118,135
1,125,70,63,135
1,126,70,66,135
1,127,70,83,135
1,128,70,75,135
1,129,70,68,135
1,1,71,45,30
1,2,71,54,30
1,3,71,46,30
1,4,71,43,30
1,5,71,39,30
1,6,71,34,30
1,7,71,55,30
1,8,71,60,30
1,9,71,50,30
1,10,71,42,30
1,11,71,41,30
1,12,71,49,30
1,13,71,38,30
1,14,71,32,30
1,15,71,37,30
1,16,71,48,30
1,17,71,40,30
1,18,71,35,30
1,19,71,57,30
1,20,71,89,30
1,21,71,44,30
1,22,71,94,30
1,23,71,98,30
1,24,71,53,30
1,25,71,92,30
1,26,71,84,30
1,27,71,88,30
1,28,71,96,30
1,29,71,105,30
1,30,71,58,30
1,31,71,108,30
1,32,71,106,30
1,33,71,19,30
1,34,71,47,30
1,35,71,107,30
1,36,71,97,30
1,37,71,99,30
1,38,71,95,30
1,39,71,90,30
1,40,71,104,30
1,41,71,102,30
1,42,71,59,30
1,43,71,33,30
1,44,71,86,30
1,45,71,31,30
1,46,71,91,30
1,47,71,100,30
1,48,71,36,30
1,49,71,109,30
1,50,71,27,30
1,51,71,5,30
1,52,71,87,30
1,53,71,101,30
1,54,71,51,30
1,55,71,103,30
1,56,71,9,30
1,57,71,6,30
1,58,71,16,30
1,59,71,93,30
1,60,71,11,30
1,61,71,56,30
1,62,71,14,30
1,63,71,24,30
1,64,71,26,30
1,65,71,85,30
1,66,71,7,30
1,67,71,52,30
1,68,71,1,30
1,69,71,23,30
1,70,71,10,30
1,71,71,28,30
1,72,71,13,30
1,73,71,15,30
1,74,71,29,30
1,75,71,17,30
1,76,71,30,30
1,77,71,64,30
1,78,71,115,30
1,79,71,116,30
1,80,71,123,30
1,81,71,2,30
1,82,71,119,30
1,83,71,120,30
1,84,71,126,30
1,85,71,8,30
1,86,71,117,30
1,87,71,4,30
1,88,71,125,30
1,89,71,25,30
1,90,71,110,30
1,91,71,122,30
1,92,71,129,30
1,93,71,3,30
1,94,71,22,30
1,95,71,128,30
1,96,71,18,30
1,97,71,114,30
1,98,71,20,30
1,99,71,127,30
1,100,71,113,30
1,101,71,112,30
1,102,71,67,30
1,103,71,124,30
1,104,71,62,30
1,105,71,12,30
1,106,71,79,30
1,107,71,21,30
1,108,71,74,30
1,109,71,70,30
1,110,71,73,30
1,111,71,81,30
1,112,71,77,30
1,113,71,78,30
1,114,71,80,30
1,115,71,71,30
1,116,71,72,30
1,117,71,76,30
1,118,71,82,30
1,119,71,61,30
1,120,71,121,30
1,121,71,111,30
1,122,71,69,30
1,123,71,65,30
1,124,71,118,30
1,125,71,63,30
1,126,71,66,30
1,127,71,83,30
1,128,71,75,30
1,129,71,68,30
1,1,72,45,45
1,2,72,54,45
1,3,72,46,45
1,4,72,43,45
1,5,72,39,45
1,6,72,34,45
1,7,72,55,45
1,8,72,60,45
1,9,72,50,45
1,10,72,42,45
1,11,72,41,45
1,12,72,49,45
1,13,72,38,45
1,14,72,32,45
1,15,72,37,45
1,16,72,48,45
1,17,72,40,45
1,18,72,35,45
1,19,72,57,45
1,20,72,89,45
1,21,72,44,45
1,22,72,94,45
1,23,72,98,45
1,24,72,53,45
1,25,72,92,45
1,26,72,84,45
1,27,72,88,45
1,28,72,96,45
1,29,72,105,45
1,30,72,58,45
1,31,72,108,45
1,32,72,106,45
1,33,72,19,45
1,34,72,47,45
1,35,72,107,45
1,36,72,97,45
1,37,72,99,45
1,38,72,95,45
1,39,72,90,45
1,40,72,104,45
1,41,72,102,45
1,42,72,59,45
4,43,72,33,45
4,44,72,86,45
4,45,72,31,45
4,46,72,91,45
4,47,72,100,45
4,48,72,36,45
4,49,72,109,45
4,50,72,27,45
4,51,72,5,45
4,52,72,87,45
4,53,72,101,45
4,54,72,51,45
4,55,72,103,45
4,56,72,9,45
4,57,72,6,45
4,58,72,16,45
4,59,72,93,45
4,60,72,11,45
4,61,72,56,45
4,62,72,14,45
4,63,72,24,45
4,64,72,26,45
4,65,72,85,45
4,66,72,7,45
4,67,72,52,45
4,68,72,1,45
4,69,72,23,45
4,70,72,10,45
4,71,72,28,45
4,72,72,13,45
4,73,72,15,45
4,74,72,29,45
4,75,72,17,45
4,76,72,30,45
4,77,72,64,45
5,78,72,115,45
5,79,72,116,45
5,80,72,123,45
5,81,72,2,45
5,82,72,119,45
5,83,72,120,45
5,84,72,126,45
5,85,72,8,45
5,86,72,117,45
5,87,72,4,45
5,88,72,125,45
5,89,72,25,45
5,90,72,110,45
5,91,72,122,45
5,92,72,129,45
5,93,72,3,45
5,94,72,22,45
5,95,72,128,45
5,96,72,18,45
5,97,72,114,45
5,98,72,20,45
5,99,72,127,45
5,100,72,113,45
5,101,72,112,45
5,102,72,67,45
5,103,72,124,45
5,104,72,62,45
5,105,72,12,45
5,106,72,79,45
5,107,72,21,45
5,108,72,74,45
5,109,72,70,45
5,110,72,73,45
5,111,72,81,45
5,112,72,77,45
5,113,72,78,45
5,114,72,80,45
5,115,72,71,45
5,116,72,72,45
5,117,72,76,45
5,118,72,82,45
5,119,72,61,45
5,120,72,121,45
5,121,72,111,45
5,122,72,69,45
5,123,72,65,45
5,124,72,118,45
5,125,72,63,45
5,126,72,66,45
5,127,72,83,45
5,128,72,75,45
5,129,72,68,45
1,1,73,45,60
1,2,73,54,60
1,3,73,46,60
1,4,73,43,60
1,5,73,39,60
1,6,73,34,60
1,7,73,55,60
1,8,73,60,60
1,9,73,50,60
1,10,73,42,60
1,11,73,41,60
1,12,73,49,60
1,13,73,38,60
1,14,73,32,60
1,15,73,37,60
1,16,73,48,60
1,17,73,40,60
1,18,73,35,60
1,19,73,57,60
1,20,73,89,60
1,21,73,44,60
1,22,73,94,60
1,23,73,98,60
1,24,73,53,60
1,25,73,92,60
1,26,73,84,60
1,27,73,88,60
1,28,73,96,60
1,29,73,105,60
1,30,73,58,60
1,31,73,108,60
1,32,73,106,60
1,33,73,19,60
1,34,73,47,60
1,35,73,107,60
1,36,73,97,60
1,37,73,99,60
1,38,73,95,60
1,39,73,90,60
1,40,73,104,60
1,41,73,102,60
1,42,73,59,60
4,43,73,33,60
4,44,73,86,60
4,45,73,31,60
4,46,73,91,60
4,47,73,100,60
4,48,73,36,60
4,49,73,109,60
4,50,73,27,60
4,51,73,5,60
4,52,73,87,60
4,53,73,101,60
4,54,73,51,60
4,55,73,103,60
4,56,73,9,60
4,57,73,6,60
4,58,73,16,60
4,59,73,93,60
4,60,73,11,60
4,61,73,56,60
4,62,73,14,60
4,63,73,24,60
4,64,73,26,60
4,65,73,85,60
4,66,73,7,60
4,67,73,52,60
4,68,73,1,60
4,69,73,23,60
4,70,73,10,60
4,71,73,28,60
4,72,73,13,60
4,73,73,15,60
4,74,73,29,60
4,75,73,17,60
4,76,73,30,60
4,77,73,64,60
5,78,73,115,60
5,79,73,116,60
5,80,73,123,60
5,81,73,2,60
5,82,73,119,60
5,83,73,120,60
5,84,73,126,60
5,85,73,8,60
5,86,73,117,60
5,87,73,4,60
5,88,73,125,60
5,89,73,25,60
5,90,73,110,60
5,91,73,122,60
5,92,73,129,60
5,93,73,3,60
5,94,73,22,60
5,95,73,128,60
5,96,73,18,60
5,97,73,114,60
5,98,73,20,60
5,99,73,127,60
5,100,73,113,60
5,101,73,112,60
5,102,73,67,60
5,103,73,124,60
5,104,73,62,60
5,105,73,12,60
5,106,73,79,60
5,107,73,21,60
5,108,73,74,60
5,109,73,70,60
5,110,73,73,60
5,111,73,81,60
5,112,73,77,60
5,113,73,78,60
5,114,73,80,60
5,115,73,71,60
5,116,73,72,60
5,117,73,76,60
5,118,73,82,60
5,119,73,61,60
5,120,73,121,60
5,121,73,111,60
5,122,73,69,60
5,123,73,65,60
5,124,73,118,60
5,125,73,63,60
5,126,73,66,60
5,127,73,83,60
5,128,73,75,60
5,129,73,68,60
1,1,74,45,79
1,2,74,54,79
1,3,74,46,79
1,4,74,43,79
1,5,74,39,79
1,6,74,34,79
1,7,74,55,79
1,8,74,60,79
1,9,74,50,79
1,10,74,42,79
1,11,74,41,79
1,12,74,49,79
1,13,74,38,79
1,14,74,32,79
1,15,74,37,79
1,16,74,48,79
1,17,74,40,79
1,18,74,35,79
1,19,74,57,79
1,20,74,89,79
1,21,74,44,79
1,22,74,94,79
1,23,74,98,79
1,24,74,53,79
1,25,74,92,79
1,26,74,84,79
1,27,74,88,79
1,28,74,96,79
1,29,74,105,79
1,30,74,58,79
1,31,74,108,79
1,32,74,106,79
1,33,74,19,79
1,34,74,47,79
1,35,74,107,79
1,36,74,97,79
1,37,74,99,79
1,38,74,95,79
1,39,74,90,79
1,40,74,104,79
1,41,74,102,79
1,42,74,59,79
4,43,74,33,79
4,44,74,86,79
4,45,74,31,79
4,46,74,91,79
4,47,74,100,79
4,48,74,36,79
4,49,74,109,79
4,50,74,27,79
4,51,74,5,79
4,52,74,87,79
4,53,74,101,79
4,54,74,51,79
4,55,74,103,79
4,56,74,9,79
4,57,74,6,79
4,58,74,16,79
4,59,74,93,79
4,60,74,11,79
4,61,74,56,79
4,62,74,14,79
4,63,74,24,79
4,64,74,26,79
4,65,74,85,79
4,66,74,7,79
4,67,74,52,79
4,68,74,1,79
4,69,74,23,79
4,70,74,10,79
4,71,74,28,79
4,72,74,13,79
4,73,74,15,79
4,74,74,29,79
4,75,74,17,79
4,76,74,30,79
4,77,74,64,79
5,78,74,115,79
5,79,74,116,79
5,80,74,123,79
5,81,74,2,79
5,82,74,119,79
5,83,74,120,79
5,84,74,126,79
5,85,74,8,79
5,86,74,117,79
5,87,74,4,79
5,88,74,125,79
5,89,74,25,79
5,90,74,110,79
5,91,74,122,79
5,92,74,129,79
5,93,74,3,79
5,94,74,22,79
5,95,74,128,79
5,96,74,18,79
5,97,74,114,79
5,98,74,20,79
5,99,74,127,79
5,100,74,113,79
5,101,74,112,79
5,102,74,67,79
5,103,74,124,79
5,104,74,62,79
5,105,74,12,79
5,106,74,79,79
5,107,74,21,79
5,108,74,74,79
5,109,74,70,79
5,110,74,73,79
5,111,74,81,79
5,112,74,77,79
5,113,74,78,79
5,114,74,80,79
5,115,74,71,79
5,116,74,72,79
5,117,74,76,79
5,118,74,82,79
5,119,74,61,79
5,120,74,121,79
5,121,74,111,79
5,122,74,69,79
5,123,74,65,79
5,124,74,118,79
5,125,74,63,79
5,126,74,66,79
5,127,74,83,79
5,128,74,75,79
5,129,74,68,79
1,1,75,45,202
1,2,75,54,202
1,3,75,46,202
1,4,75,43,202
1,5,75,39,202
1,6,75,34,202
1,7,75,55,202
1,8,75,60,202
1,9,75,50,202
1,10,75,42,202
1,11,75,41,202
1,12,75,49,202
1,13,75,38,202
1,14,75,32,202
1,15,75,37,202
1,16,75,48,202
1,17,75,40,202
1,18,75,35,202
1,19,75,57,202
1,20,75,89,202
1,21,75,44,202
1,22,75,94,202
1,23,75,98,202
1,24,75,53,202
1,25,75,92,202
1,26,75,84,202
1,27,75,88,202
1,28,75,96,202
1,29,75,105,202
1,30,75,58,202
1,31,75,108,202
1,32,75,106,202
1,33,75,19,202
1,34,75,47,202
1,35,75,107,202
1,36,75,97,202
1,37,75,99,202
1,38,75,95,202
1,39,75,90,202
1,40,75,104,202
1,41,75,102,202
1,42,75,59,202
4,43,75,33,202
4,44,75,86,202
4,45,75,31,202
4,46,75,91,202
4,47,75,100,202
4,48,75,36,202
4,49,75,109,202
4,50,75,27,202
4,51,75,5,202
4,52,75,87,202
4,53,75,101,202
4,54,75,51,202
4,55,75,103,202
4,56,75,9,202
4,57,75,6,202
4,58,75,16,202
4,59,75,93,202
4,60,75,11,202
4,61,75,56,202
4,62,75,14,202
4,63,75,24,202
4,64,75,26,202
4,65,75,85,202
4,66,75,7,202
4,67,75,52,202
4,68,75,1,202
4,69,75,23,202
4,70,75,10,202
4,71,75,28,202
4,72,75,13,202
4,73,75,15,202
4,74,75,29,202
4,75,75,17,202
4,76,75,30,202
4,77,75,64,202
5,78,75,115,202
5,79,75,116,202
5,80,75,123,202
5,81,75,2,202
5,82,75,119,202
5,83,75,120,202
5,84,75,126,202
5,85,75,8,202
5,86,75,117,202
5,87,75,4,202
5,88,75,125,202
5,89,75,25,202
5,90,75,110,202
5,91,75,122,202
5,92,75,129,202
5,93,75,3,202
5,94,75,22,202
5,95,75,128,202
5,96,75,18,202
5,97,75,114,202
5,98,75,20,202
5,99,75,127,202
5,100,75,113,202
5,101,75,112,202
5,102,75,67,202
5,103,75,124,202
5,104,75,62,202
5,105,75,12,202
5,106,75,79,202
5,107,75,21,202
5,108,75,74,202
5,109,75,70,202
5,110,75,73,202
5,111,75,81,202
5,112,75,77,202
5,113,75,78,202
5,114,75,80,202
5,115,75,71,202
5,116,75,72,202
5,117,75,76,202
5,118,75,82,202
5,119,75,61,202
5,120,75,121,202
5,121,75,111,202
5,122,75,69,202
5,123,75,65,202
5,124,75,118,202
5,125,75,63,202
5,126,75,66,202
5,127,75,83,202
5,128,75,75,202
5,129,75,68,202
1,1,76,45,100
1,2,76,54,100
1,3,76,46,100
1,4,76,43,100
1,5,76,39,100
1,6,76,34,100
1,7,76,55,100
1,8,76,60,100
1,9,76,50,100
1,10,76,42,100
1,11,76,41,100
1,12,76,49,100
1,13,76,38,100
1,14,76,32,100
1,15,76,37,100
1,16,76,48,100
1,17,76,40,100
1,18,76,35,100
1,19,76,57,100
1,20,76,89,100
1,21,76,44,100
1,22,76,94,100
1,23,76,98,100
1,24,76,53,100
1,25,76,92,100
1,26,76,84,100
1,27,76,88,100
1,28,76,96,100
1,29,76,105,100
1,30,76,58,100
1,31,76,108,100
1,32,76,106,100
1,33,76,19,100
1,34,76,47,100
1,35,76,107,100
1,36,76,97,100
1,37,76,99,100
1,38,76,95,100
1,39,76,90,100
1,40,76,104,100
1,41,76,102,100
1,42,76,59,100
4,43,76,33,100
4,44,76,86,100
4,45,76,31,100
4,46,76,91,100
4,47,76,100,100
4,48,76,36,100
4,49,76,109,100
4,50,76,27,100
4,51,76,5,100
4,52,76,87,100
4,53,76,101,100
4,54,76,51,100
4,55,76,103,100
4,56,76,9,100
4,57,76,6,100
4,58,76,16,100
4,59,76,93,100
4,60,76,11,100
4,61,76,56,100
4,62,76,14,100
4,63,76,24,100
4,64,76,26,100
4,65,76,85,100
4,66,76,7,100
4,67,76,52,100
4,68,76,1,100
4,69,76,23,100
4,70,76,10,100
4,71,76,28,100
4,72,76,13,100
4,73,76,15,100
4,74,76,29,100
4,75,76,17,100
4,76,76,30,100
4,77,76,64,100
5,78,76,115,100
5,79,76,116,100
5,80,76,123,100
5,81,76,2,100
5,82,76,119,100
5,83,76,120,100
5,84,76,126,100
5,85,76,8,100
5,86,76,117,100
5,87,76,4,100
5,88,76,125,100
5,89,76,25,100
5,90,76,110,100
5,91,76,122,100
5,92,76,129,100
5,93,76,3,100
5,94,76,22,100
5,95,76,128,100
5,96,76,18,100
5,97,76,114,100
5,98,76,20,100
5,99,76,127,100
5,100,76,113,100
5,101,76,112,100
5,102,76,67,100
5,103,76,124,100
5,104,76,62,100
5,105,76,12,100
5,106,76,79,100
5,107,76,21,100
5,108,76,74,100
5,109,76,70,100
5,110,76,73,100
5,111,76,81,100
5,112,76,77,100
5,113,76,78,100
5,114,76,80,100
5,115,76,71,100
5,116,76,72,100
5,117,76,76,100
5,118,76,82,100
5,119,76,61,100
5,120,76,121,100
5,121,76,111,100
5,122,76,69,100
5,123,76,65,100
5,124,76,118,100
5,125,76,63,100
5,126,76,66,100
5,127,76,83,100
5,128,76,75,100
5,129,76,68,100
1,1,77,45,180
1,2,77,54,180
1,3,77,46,180
1,4,77,43,180
1,5,77,39,180
1,6,77,34,180
1,7,77,55,180
1,8,77,60,180
1,9,77,50,180
1,10,77,42,180
1,11,77,41,180
1,12,77,49,180
1,13,77,38,180
1,14,77,32,180
1,15,77,37,180
1,16,77,48,180
1,17,77,40,180
1,18,77,35,180
1,19,77,57,180
1,20,77,89,180
1,21,77,44,180
1,22,77,94,180
1,23,77,98,180
1,24,77,53,180
1,25,77,92,180
1,26,77,84,180
1,27,77,88,180
1,28,77,96,180
1,29,77,105,180
1,30,77,58,180
1,31,77,108,180
1,32,77,106,180
1,33,77,19,180
1,34,77,47,180
1,35,77,107,180
1,36,77,97,180
1,37,77,99,180
1,38,77,95,180
1,39,77,90,180
1,40,77,104,180
1,41,77,102,180
1,42,77,59,180
4,43,77,33,180
4,44,77,86,180
4,45,77,31,180
4,46,77,91,180
4,47,77,100,180
4,48,77,36,180
4,49,77,109,180
4,50,77,27,180
4,51,77,5,180
4,52,77,87,180
4,53,77,101,180
4,54,77,51,180
4,55,77,103,180
4,56,77,9,180
4,57,77,6,180
4,58,77,16,180
4,59,77,93,180
4,60,77,11,180
4,61,77,56,180
4,62,77,14,180
4,63,77,24,180
4,64,77,26,180
4,65,77,85,180
4,66,77,7,180
4,67,77,52,180
4,68,77,1,180
4,69,77,23,180
4,70,77,10,180
4,71,77,28,180
4,72,77,13,180
4,73,77,15,180
4,74,77,29,180
4,75,77,17,180
4,76,77,30,180
4,77,77,64,180
5,78,77,115,180
5,79,77,116,180
5,80,77,123,180
5,81,77,2,180
5,82,77,119,180
5,83,77,120,180
5,84,77,126,180
5,85,77,8,180
5,86,77,117,180
5,87,77,4,180
5,88,77,125,180
5,89,77,25,180
5,90,77,110,180
5,91,77,122,180
5,92,77,129,180
5,93,77,3,180
5,94,77,22,180
5,95,77,128,180
5,96,77,18,180
5,97,77,114,180
5,98,77,20,180
5,99,77,127,180
5,100,77,113,180
5,101,77,112,180
5,102,77,67,180
5,103,77,124,180
5,104,77,62,180
5,105,77,12,180
5,106,77,79,180
5,107,77,21,180
5,108,77,74,180
5,109,77,70,180
5,110,77,73,180
5,111,77,81,180
5,112,77,77,180
5,113,77,78,180
5,114,77,80,180
5,115,77,71,180
5,116,77,72,180
5,117,77,76,180
5,118,77,82,180
5,119,77,61,180
5,120,77,121,180
5,121,77,111,180
5,122,77,69,180
5,123,77,65,180
5,124,77,118,180
5,125,77,63,180
5,126,77,66,180
5,127,77,83,180
5,128,77,75,180
5,129,77,68,180
1,1,78,45,116
1,2,78,54,116
1,3,78,46,116
1,4,78,43,116
1,5,78,39,116
1,6,78,34,116
1,7,78,55,116
1,8,78,60,116
1,9,78,50,116
1,10,78,42,116
1,11,78,41,116
1,12,78,49,116
1,13,78,38,116
1,14,78,32,116
1,15,78,37,116
1,16,78,48,116
1,17,78,40,116
1,18,78,35,116
1,19,78,57,116
1,20,78,89,116
1,21,78,44,116
1,22,78,94,116
1,23,78,98,116
1,24,78,53,116
1,25,78,92,116
1,26,78,84,116
1,27,78,88,116
1,28,78,96,116
1,29,78,105,116
1,30,78,58,116
1,31,78,108,116
1,32,78,106,116
1,33,78,19,116
1,34,78,47,116
1,35,78,107,116
1,36,78,97,116
1,37,78,99,116
1,38,78,95,116
1,39,78,90,116
1,40,78,104,116
1,41,78,102,116
1,42,78,59,116
4,43,78,33,116
4,44,78,86,116
4,45,78,31,116
4,46,78,91,116
4,47,78,100,116
4,48,78,36,116
4,49,78,109,116
4,50,78,27,116
4,51,78,5,116
4,52,78,87,116
4,53,78,101,116
4,54,78,51,116
4,55,78,103,116
4,56,78,9,116
4,57,78,6,116
4,58,78,16,116
4,59,78,93,116
4,60,78,11,116
4,61,78,56,116
4,62,78,14,116
4,63,78,24,116
4,64,78,26,116
4,65,78,85,116
4,66,78,7,116
4,67,78,52,116
4,68,78,1,116
4,69,78,23,116
4,70,78,10,116
4,71,78,28,116
4,72,78,13,116
4,73,78,15,116
4,74,78,29,116
4,75,78,17,116
4,76,78,30,116
4,77,78,64,116
5,78,78,115,116
5,79,78,116,116
5,80,78,123,116
5,81,78,2,116
5,82,78,119,116
5,83,78,120,116
5,84,78,126,116
5,85,78,8,116
5,86,78,117,116
5,87,78,4,116
5,88,78,125,116
5,89,78,25,116
5,90,78,110,116
5,91,78,122,116
5,92,78,129,116
5,93,78,3,116
5,94,78,22,116
5,95,78,128,116
5,96,78,18,116
5,97,78,114,116
5,98,78,20,116
5,99,78,127,116
5,100,78,113,116
5,101,78,112,116
5,102,78,67,116
5,103,78,124,116
5,104,78,62,116
5,105,78,12,116
5,106,78,79,116
5,107,78,21,116
5,108,78,74,116
5,109,78,70,116
5,110,78,73,116
5,111,78,81,116
5,112,78,77,116
5,113,78,78,116
5,114,78,80,116
5,115,78,71,116
5,116,78,72,116
5,117,78,76,116
5,118,78,82,116
5,119,78,61,116
5,120,78,121,116
5,121,78,111,116
5,122,78,69,116
5,123,78,65,116
5,124,78,118,116
5,125,78,63,116
5,126,78,66,116
5,127,78,83,116
5,128,78,75,116
5,129,78,68,116
1,1,79,45,43
1,2,79,54,43
1,3,79,46,43
1,4,79,43,43
1,5,79,39,43
1,6,79,34,43
1,7,79,55,43
1,8,79,60,43
1,9,79,50,43
1,10,79,42,43
1,11,79,41,43
1,12,79,49,43
1,13,79,38,43
1,14,79,32,43
1,15,79,37,43
1,16,79,48,43
1,17,79,40,43
1,18,79,35,43
1,19,79,57,43
1,20,79,89,43
1,21,79,44,43
1,22,79,94,43
1,23,79,98,43
1,24,79,53,43
1,25,79,92,43
1,26,79,84,43
1,27,79,88,43
1,28,79,96,43
1,29,79,105,43
1,30,79,58,43
1,31,79,108,43
1,32,79,106,43
1,33,79,19,43
1,34,79,47,43
1,35,79,107,43
1,36,79,97,43
1,37,79,99,43
1,38,79,95,43
1,39,79,90,43
1,40,79,104,43
1,41,79,102,43
1,42,79,59,43
4,43,79,33,43
4,44,79,86,43
4,45,79,31,43
4,46,79,91,43
4,47,79,100,43
4,48,79,36,43
4,49,79,109,43
4,50,79,27,43
4,51,79,5,43
4,52,79,87,43
4,53,79,101,43
4,54,79,51,43
4,55,79,103,43
4,56,79,9,43
4,57,79,6,43
4,58,79,16,43
4,59,79,93,43
4,60,79,11,43
4,61,79,56,43
4,62,79,14,43
4,63,79,24,43
4,64,79,26,43
4,65,79,85,43
4,66,79,7,43
4,67,79,52,43
4,68,79,1,43
4,69,79,23,43
4,70,79,10,43
4,71,79,28,43
4,72,79,13,43
4,73,79,15,43
4,74,79,29,43
4,75,79,17,43
4,76,79,30,43
4,77,79,64,43
5,78,79,115,43
5,79,79,116,43
5,80,79,123,43
5,81,79,2,43
5,82,79,119,43
5,83,79,120,43
5,84,79,126,43
5,85,79,8,43
5,86,79,117,43
5,87,79,4,43
5,88,79,125,43
5,89,79,25,43
5,90,79,110,43
5,91,79,122,43
5,92,79,129,43
5,93,79,3,43
5,94,79,22,43
5,95,79,128,43
5,96,79,18,43
5,97,79,114,43
5,98,79,20,43
5,99,79,127,43
5,100,79,113,43
5,101,79,112,43
5,102,79,67,43
5,103,79,124,43
5,104,79,62,43
5,105,79,12,43
5,106,79,79,43
5,107,79,21,43
5,108,79,74,43
5,109,79,70,43
5,110,79,73,43
5,111,79,81,43
5,112,79,77,43
5,113,79,78,43
5,114,79,80,43
5,115,79,71,43
5,116,79,72,43
5,117,79,76,43
5,118,79,82,43
5,119,79,61,43
5,120,79,121,43
5,121,79,111,43
5,122,79,69,43
5,123,79,65,43
5,124,79,118,43
5,125,79,63,43
5,126,79,66,43
5,127,79,83,43
5,128,79,75,43
5,129,79,68,43
1,1,80,45,22
1,2,80,54,22
1,3,80,46,22
1,4,80,43,22
1,5,80,39,22
1,6,80,34,22
1,7,80,55,22
1,8,80,60,22
1,9,80,50,22
1,10,80,42,22
1,11,80,41,22
1,12,80,49,22
1,13,80,38,22
1,14,80,32,22
1,15,80,37,22
1,16,80,48,22
1,17,80,40,22
1,18,80,35,22
1,19,80,57,22
1,20,80,89,22
1,21,80,44,22
1,22,80,94,22
1,23,80,98,22
1,24,80,53,22
1,25,80,92,22
1,26,80,84,22
1,27,80,88,22
1,28,80,96,22
1,29,80,105,22
1,30,80,58,22
1,31,80,108,22
1,32,80,106,22
1,33,80,19,22
1,34,80,47,22
1,35,80,107,22
1,36,80,97,22
1,37,80,99,22
1,38,80,95,22
1,39,80,90,22
1,40,80,104,22
1,41,80,102,22
1,42,80,59,22
4,43,80,33,22
4,44,80,86,22
4,45,80,31,22
4,46,80,91,22
4,47,80,100,22
4,48,80,36,22
4,49,80,109,22
4,50,80,27,22
4,51,80,5,22
4,52,80,87,22
4,53,80,101,22
4,54,80,51,22
4,55,80,103,22
4,56,80,9,22
4,57,80,6,22
4,58,80,16,22
4,59,80,93,22
4,60,80,11,22
4,61,80,56,22
4,62,80,14,22
4,63,80,24,22
4,64,80,26,22
4,65,80,85,22
4,66,80,7,22
4,67,80,52,22
4,68,80,1,22
4,69,80,23,22
4,70,80,10,22
4,71,80,28,22
4,72,80,13,22
4,73,80,15,22
4,74,80,29,22
4,75,80,17,22
4,76,80,30,22
4,77,80,64,22
5,78,80,115,22
5,79,80,116,22
5,80,80,123,22
5,81,80,2,22
5,82,80,119,22
5,83,80,120,22
5,84,80,126,22
5,85,80,8,22
5,86,80,117,22
5,87,80,4,22
5,88,80,125,22
5,89,80,25,22
5,90,80,110,22
5,91,80,122,22
5,92,80,129,22
5,93,80,3,22
5,94,80,22,22
5,95,80,128,22
5,96,80,18,22
5,97,80,114,22
5,98,80,20,22
5,99,80,127,22
5,100,80,113,22
5,101,80,112,22
5,102,80,67,22
5,103,80,124,22
5,104,80,62,22
5,105,80,12,22
5,106,80,79,22
5,107,80,21,22
5,108,80,74,22
5,109,80,70,22
5,110,80,73,22
5,111,80,81,22
5,112,80,77,22
5,113,80,78,22
5,114,80,80,22
5,115,80,71,22
5,116,80,72,22
5,117,80,76,22
5,118,80,82,22
5,119,80,61,22
5,120,80,121,22
5,121,80,111,22
5,122,80,69,22
5,123,80,65,22
5,124,80,118,22
5,125,80,63,22
5,126,80,66,22
5,127,80,83,22
5,128,80,75,22
5,129,80,68,22
1,1,81,45,206
1,2,81,54,206
1,3,81,46,206
1,4,81,43,206
1,5,81,39,206
1,6,81,34,206
1,7,81,55,206
1,8,81,60,206
1,9,81,50,206
1,10,81,42,206
1,11,81,41,206
1,12,81,49,206
1,13,81,38,206
1,14,81,32,206
1,15,81,37,206
1,16,81,48,206
1,17,81,40,206
1,18,81,35,206
1,19,81,57,206
1,20,81,89,206
1,21,81,44,206
1,22,81,94,206
1,23,81,98,206
1,24,81,53,206
1,25,81,92,206
1,26,81,84,206
1,27,81,88,206
1,28,81,96,206
1,29,81,105,206
1,30,81,58,206
1,31,81,108,206
1,32,81,106,206
1,33,81,19,206
1,34,81,47,206
1,35,81,107,206
1,36,81,97,206
1,37,81,99,206
1,38,81,95,206
1,39,81,90,206
1,40,81,104,206
1,41,81,102,206
1,42,81,59,206
4,43,81,33,206
4,44,81,86,206
4,45,81,31,206
4,46,81,91,206
4,47,81,100,206
4,48,81,36,206
4,49,81,109,206
4,50,81,27,206
4,51,81,5,206
4,52,81,87,206
4,53,81,101,206
4,54,81,51,206
4,55,81,103,206
4,56,81,9,206
4,57,81,6,206
4,58,81,16,206
4,59,81,93,206
4,60,81,11,206
4,61,81,56,206
4,62,81,14,206
4,63,81,24,206
4,64,81,26,206
4,65,81,85,206
4,66,81,7,206
4,67,81,52,206
4,68,81,1,206
4,69,81,23,206
4,70,81,10,206
4,71,81,28,206
4,72,81,13,206
4,73,81,15,206
4,74,81,29,206
4,75,81,17,206
4,76,81,30,206
4,77,81,64,206
5,78,81,115,206
5,79,81,116,206
5,80,81,123,206
5,81,81,2,206
5,82,81,119,206
5,83,81,120,206
5,84,81,126,206
5,85,81,8,206
5,86,81,117,206
5,87,81,4,206
5,88,81,125,206
5,89,81,25,206
5,90,81,110,206
5,91,81,122,206
5,92,81,129,206
5,93,81,3,206
5,94,81,22,206
5,95,81,128,206
5,96,81,18,206
5,97,81,114,206
5,98,81,20,206
5,99,81,127,206
5,100,81,113,206
5,101,81,112,206
5,102,81,67,206
5,103,81,124,206
5,104,81,62,206
5,105,81,12,206
5,106,81,79,206
5,107,81,21,206
5,108,81,74,206
5,109,81,70,206
5,110,81,73,206
5,111,81,81,206
5,112,81,77,206
5,113,81,78,206
5,114,81,80,206
5,115,81,71,206
5,116,81,72,206
5,117,81,76,206
5,118,81,82,206
5,119,81,61,206
5,120,81,121,206
5,121,81,111,206
5,122,81,69,206
5,123,81,65,206
5,124,81,118,206
5,125,81,63,206
5,126,81,66,206
5,127,81,83,206
5,128,81,75,206
5,129,81,68,206
1,1,82,45,76
1,2,82,54,76
1,3,82,46,76
1,4,82,43,76
1,5,82,39,76
1,6,82,34,76
1,7,82,55,76
1,8,82,60,76
1,9,82,50,76
1,10,82,42,76
1,11,82,41,76
1,12,82,49,76
1,13,82,38,76
1,14,82,32,76
1,15,82,37,76
1,16,82,48,76
1,17,82,40,76
1,18,82,35,76
1,19,82,57,76
1,20,82,89,76
1,21,82,44,76
1,22,82,94,76
1,23,82,98,76
1,24,82,53,76
1,25,82,92,76
1,26,82,84,76
1,27,82,88,76
1,28,82,96,76
1,29,82,105,76
1,30,82,58,76
1,31,82,108,76
1,32,82,106,76
1,33,82,19,76
1,34,82,47,76
1,35,82,107,76
1,36,82,97,76
1,37,82,99,76
1,38,82,95,76
1,39,82,90,76
1,40,82,104,76
1,41,82,102,76
1,42,82,59,76
4,43,82,33,76
4,44,82,86,76
4,45,82,31,76
4,46,82,91,76
4,47,82,100,76
4,48,82,36,76
4,49,82,109,76
4,50,82,27,76
4,51,82,5,76
4,52,82,87,76
4,53,82,101,76
4,54,82,51,76
4,55,82,103,76
4,56,82,9,76
4,57,82,6,76
4,58,82,16,76
4,59,82,93,76
4,60,82,11,76
4,61,82,56,76
4,62,82,14,76
4,63,82,24,76
4,64,82,26,76
4,65,82,85,76
4,66,82,7,76
4,67,82,52,76
4,68,82,1,76
4,69,82,23,76
4,70,82,10,76
4,71,82,28,76
4,72,82,13,76
4,73,82,15,76
4,74,82,29,76
4,75,82,17,76
4,76,82,30,76
4,77,82,64,76
5,78,82,115,76
5,79,82,116,76
5,80,82,123,76
5,81,82,2,76
5,82,82,119,76
5,83,82,120,76
5,84,82,126,76
5,85,82,8,76
5,86,82,117,76
5,87,82,4,76
5,88,82,125,76
5,89,82,25,76
5,90,82,110,76
5,91,82,122,76
5,92,82,129,76
5,93,82,3,76
5,94,82,22,76
5,95,82,128,76
5,96,82,18,76
5,97,82,114,76
5,98,82,20,76
5,99,82,127,76
5,100,82,113,76
5,101,82,112,76
5,102,82,67,76
5,103,82,124,76
5,104,82,62,76
5,105,82,12,76
5,106,82,79,76
5,107,82,21,76
5,108,82,74,76
5,109,82,70,76
5,110,82,73,76
5,111,82,81,76
5,112,82,77,76
5,113,82,78,76
5,114,82,80,76
5,115,82,71,76
5,116,82,72,76
5,117,82,76,76
5,118,82,82,76
5,119,82,61,76
5,120,82,121,76
5,121,82,111,76
5,122,82,69,76
5,123,82,65,76
5,124,82,118,76
5,125,82,63,76
5,126,82,66,76
5,127,82,83,76
5,128,82,75,76
5,129,82,68,76
1,1,83,45,74
1,2,83,54,74
1,3,83,46,74
1,4,83,43,74
1,5,83,39,74
1,6,83,34,74
1,7,83,55,74
1,8,83,60,74
1,9,83,50,74
1,10,83,42,74
1,11,83,41,74
1,12,83,49,74
1,13,83,38,74
1,14,83,32,74
1,15,83,37,74
1,16,83,48,74
1,17,83,40,74
1,18,83,35,74
1,19,83,57,74
1,20,83,89,74
1,21,83,44,74
1,22,83,94,74
1,23,83,98,74
1,24,83,53,74
1,25,83,92,74
1,26,83,84,74
1,27,83,88,74
1,28,83,96,74
1,29,83,105,74
1,30,83,58,74
1,31,83,108,74
1,32,83,106,74
1,33,83,19,74
1,34,83,47,74
1,35,83,107,74
1,36,83,97,74
1,37,83,99,74
1,38,83,95,74
1,39,83,90,74
1,40,83,104,74
1,41,83,102,74
1,42,83,59,74
4,43,83,33,74
4,44,83,86,74
4,45,83,31,74
4,46,83,91,74
4,47,83,100,74
4,48,83,36,74
4,49,83,109,74
4,50,83,27,74
4,51,83,5,74
4,52,83,87,74
4,53,83,101,74
4,54,83,51,74
4,55,83,103,74
4,56,83,9,74
4,57,83,6,74
4,58,83,16,74
4,59,83,93,74
4,60,83,11,74
4,61,83,56,74
4,62,83,14,74
4,63,83,24,74
4,64,83,26,74
4,65,83,85,74
4,66,83,7,74
4,67,83,52,74
4,68,83,1,74
4,69,83,23,74
4,70,83,10,74
4,71,83,28,74
4,72,83,13,74
4,73,83,15,74
4,74,83,29,74
4,75,83,17,74
4,76,83,30,74
4,77,83,64,74
5,78,83,115,74
5,79,83,116,74
5,80,83,123,74
5,81,83,2,74
5,82,83,119,74
5,83,83,120,74
5,84,83,126,74
5,85,83,8,74
5,86,83,117,74
5,87,83,4,74
5,88,83,125,74
5,89,83,25,74
5,90,83,110,74
5,91,83,122,74
5,92,83,129,74
5,93,83,3,74
5,94,83,22,74
5,95,83,128,74
5,96,83,18,74
5,97,83,114,74
5,98,83,20,74
5,99,83,127,74
5,100,83,113,74
5,101,83,112,74
5,102,83,67,74
5,103,83,124,74
5,104,83,62,74
5,105,83,12,74
5,106,83,79,74
5,107,83,21,74
5,108,83,74,74
5,109,83,70,74
5,110,83,73,74
5,111,83,81,74
5,112,83,77,74
5,113,83,78,74
5,114,83,80,74
5,115,83,71,74
5,116,83,72,74
5,117,83,76,74
5,118,83,82,74
5,119,83,61,74
5,120,83,121,74
5,121,83,111,74
5,122,83,69,74
5,123,83,65,74
5,124,83,118,74
5,125,83,63,74
5,126,83,66,74
5,127,83,83,74
5,128,83,75,74
5,129,83,68,74
1,1,84,45,171
1,2,84,54,171
1,3,84,46,171
1,4,84,43,171
1,5,84,39,171
1,6,84,34,171
1,7,84,55,171
1,8,84,60,171
1,9,84,50,171
1,10,84,42,171
1,11,84,41,171
1,12,84,49,171
1,13,84,38,171
1,14,84,32,171
1,15,84,37,171
1,16,84,48,171
1,17,84,40,171
1,18,84,35,171
1,19,84,57,171
1,20,84,89,171
1,21,84,44,171
1,22,84,94,171
1,23,84,98,171
1,24,84,53,171
1,25,84,92,171
1,26,84,84,171
1,27,84,88,171
1,28,84,96,171
1,29,84,105,171
1,30,84,58,171
1,31,84,108,171
1,32,84,106,171
1,33,84,19,171
1,34,84,47,171
1,35,84,107,171
1,36,84,97,171
1,37,84,99,171
1,38,84,95,171
1,39,84,90,171
1,40,84,104,171
1,41,84,102,171
1,42,84,59,171
4,43,84,33,171
4,44,84,86,171
4,45,84,31,171
4,46,84,91,171
4,47,84,100,171
4,48,84,36,171
4,49,84,109,171
4,50,84,27,171
4,51,84,5,171
4,52,84,87,171
4,53,84,101,171
4,54,84,51,171
4,55,84,103,171
4,56,84,9,171
4,57,84,6,171
4,58,84,16,171
4,59,84,93,171
4,60,84,11,171
4,61,84,56,171
4,62,84,14,171
4,63,84,24,171
4,64,84,26,171
4,65,84,85,171
4,66,84,7,171
4,67,84,52,171
4,68,84,1,171
4,69,84,23,171
4,70,84,10,171
4,71,84,28,171
4,72,84,13,171
4,73,84,15,171
4,74,84,29,171
4,75,84,17,171
4,76,84,30,171
4,77,84,64,171
5,78,84,115,171
5,79,84,116,171
5,80,84,123,171
5,81,84,2,171
5,82,84,119,171
5,83,84,120,171
5,84,84,126,171
5,85,84,8,171
5,86,84,117,171
5,87,84,4,171
5,88,84,125,171
5,89,84,25,171
5,90,84,110,171
5,91,84,122,171
5,92,84,129,171
5,93,84,3,171
5,94,84,22,171
5,95,84,128,171
5,96,84,18,171
5,97,84,114,171
5,98,84,20,171
5,99,84,127,171
5,100,84,113,171
5,101,84,112,171
5,102,84,67,171
5,103,84,124,171
5,104,84,62,171
5,105,84,12,171
5,106,84,79,171
5,107,84,21,171
5,108,84,74,171
5,109,84,70,171
5,110,84,73,171
5,111,84,81,171
5,112,84,77,171
5,113,84,78,171
5,114,84,80,171
5,115,84,71,171
5,116,84,72,171
5,117,84,76,171
5,118,84,82,171
5,119,84,61,171
5,120,84,121,171
5,121,84,111,171
5,122,84,69,171
5,123,84,65,171
5,124,84,118,171
5,125,84,63,171
5,126,84,66,171
5,127,84,83,171
5,128,84,75,171
5,129,84,68,171
1,1,85,45,213
1,2,85,54,213
1,3,85,46,213
1,4,85,43,213
1,5,85,39,213
1,6,85,34,213
1,7,85,55,213
1,8,85,60,213
1,9,85,50,213
1,10,85,42,213
1,11,85,41,213
1,12,85,49,213
1,13,85,38,213
1,14,85,32,213
1,15,85,37,213
1,16,85,48,213
1,17,85,40,213
1,18,85,35,213
1,19,85,57,213
1,20,85,89,213
1,21,85,44,213
1,22,85,94,213
1,23,85,98,213
1,24,85,53,213
1,25,85,92,213
1,26,85,84,213
1,27,85,88,213
1,28,85,96,213
1,29,85,105,213
1,30,85,58,213
1,31,85,108,213
1,32,85,106,213
1,33,85,19,213
1,34,85,47,213
1,35,85,107,213
1,36,85,97,213
1,37,85,99,213
1,38,85,95,213
1,39,85,90,213
1,40,85,104,213
1,41,85,102,213
1,42,85,59,213
4,43,85,33,213
4,44,85,86,213
4,45,85,31,213
4,46,85,91,213
4,47,85,100,213
4,48,85,36,213
4,49,85,109,213
4,50,85,27,213
4,51,85,5,213
4,52,85,87,213
4,53,85,101,213
4,54,85,51,213
4,55,85,103,213
4,56,85,9,213
4,57,85,6,213
4,58,85,16,213
4,59,85,93,213
4,60,85,11,213
4,61,85,56,213
4,62,85,14,213
4,63,85,24,213
4,64,85,26,213
4,65,85,85,213
4,66,85,7,213
4,67,85,52,213
4,68,85,1,213
4,69,85,23,213
4,70,85,10,213
4,71,85,28,213
4,72,85,13,213
4,73,85,15,213
4,74,85,29,213
4,75,85,17,213
4,76,85,30,213
4,77,85,64,213
5,78,85,115,213
5,79,85,116,213
5,80,85,123,213
5,81,85,2,213
5,82,85,119,213
5,83,85,120,213
5,84,85,126,213
5,85,85,8,213
5,86,85,117,213
5,87,85,4,213
5,88,85,125,213
5,89,85,25,213
5,90,85,110,213
5,91,85,122,213
5,92,85,129,213
5,93,85,3,213
5,94,85,22,213
5,95,85,128,213
5,96,85,18,213
5,97,85,114,213
5,98,85,20,213
5,99,85,127,213
5,100,85,113,213
5,101,85,112,213
5,102,85,67,213
5,103,85,124,213
5,104,85,62,213
5,105,85,12,213
5,106,85,79,213
5,107,85,21,213
5,108,85,74,213
5,109,85,70,213
5,110,85,73,213
5,111,85,81,213
5,112,85,77,213
5,113,85,78,213
5,114,85,80,213
5,115,85,71,213
5,116,85,72,213
5,117,85,76,213
5,118,85,82,213
5,119,85,61,213
5,120,85,121,213
5,121,85,111,213
5,122,85,69,213
5,123,85,65,213
5,124,85,118,213
5,125,85,63,213
5,126,85,66,213
5,127,85,83,213
5,128,85,75,213
5,129,85,68,213
1,1,86,45,191
1,2,86,54,191
1,3,86,46,191
1,4,86,43,191
1,5,86,39,191
1,6,86,34,191
1,7,86,55,191
1,8,86,60,191
1,9,86,50,191
1,10,86,42,191
1,11,86,41,191
1,12,86,49,191
1,13,86,38,191
1,14,86,32,191
1,15,86,37,191
1,16,86,48,191
1,17,86,40,191
1,18,86,35,191
1,19,86,57,191
1,20,86,89,191
1,21,86,44,191
1,22,86,94,191
1,23,86,98,191
1,24,86,53,191
1,25,86,92,191
1,26,86,84,191
1,27,86,88,191
1,28,86,96,191
1,29,86,105,191
1,30,86,58,191
1,31,86,108,191
1,32,86,106,191
1,33,86,19,191
1,34,86,47,191
1,35,86,107,191
1,36,86,97,191
1,37,86,99,191
1,38,86,95,191
1,39,86,90,191
1,40,86,104,191
1,41,86,102,191
1,42,86,59,191
4,43,86,33,191
4,44,86,86,191
4,45,86,31,191
4,46,86,91,191
4,47,86,100,191
4,48,86,36,191
4,49,86,109,191
4,50,86,27,191
4,51,86,5,191
4,52,86,87,191
4,53,86,101,191
4,54,86,51,191
4,55,86,103,191
4,56,86,9,191
4,57,86,6,191
4,58,86,16,191
4,59,86,93,191
4,60,86,11,191
4,61,86,56,191
4,62,86,14,191
4,63,86,24,191
4,64,86,26,191
4,65,86,85,191
4,66,86,7,191
4,67,86,52,191
4,68,86,1,191
4,69,86,23,191
4,70,86,10,191
4,71,86,28,191
4,72,86,13,191
4,73,86,15,191
4,74,86,29,191
4,75,86,17,191
4,76,86,30,191
4,77,86,64,191
5,78,86,115,191
5,79,86,116,191
5,80,86,123,191
5,81,86,2,191
5,82,86,119,191
5,83,86,120,191
5,84,86,126,191
5,85,86,8,191
5,86,86,117,191
5,87,86,4,191
5,88,86,125,191
5,89,86,25,191
5,90,86,110,191
5,91,86,122,191
5,92,86,129,191
5,93,86,3,191
5,94,86,22,191
5,95,86,128,191
5,96,86,18,191
5,97,86,114,191
5,98,86,20,191
5,99,86,127,191
5,100,86,113,191
5,101,86,112,191
5,102,86,67,191
5,103,86,124,191
5,104,86,62,191
5,105,86,12,191
5,106,86,79,191
5,107,86,21,191
5,108,86,74,191
5,109,86,70,191
5,110,86,73,191
5,111,86,81,191
5,112,86,77,191
5,113,86,78,191
5,114,86,80,191
5,115,86,71,191
5,116,86,72,191
5,117,86,76,191
5,118,86,82,191
5,119,86,61,191
5,120,86,121,191
5,121,86,111,191
5,122,86,69,191
5,123,86,65,191
5,124,86,118,191
5,125,86,63,191
5,126,86,66,191
5,127,86,83,191
5,128,86,75,191
5,129,86,68,191
1,1,87,45,157
1,2,87,54,157
1,3,87,46,157
1,4,87,43,157
1,5,87,39,157
1,6,87,34,157
1,7,87,55,157
1,8,87,60,157
1,9,87,50,157
1,10,87,42,157
1,11,87,41,157
1,12,87,49,157
1,13,87,38,157
1,14,87,32,157
1,15,87,37,157
1,16,87,48,157
1,17,87,40,157
1,18,87,35,157
1,19,87,57,157
1,20,87,89,157
1,21,87,44,157
1,22,87,94,157
1,23,87,98,157
1,24,87,53,157
1,25,87,92,157
1,26,87,84,157
1,27,87,88,157
1,28,87,96,157
1,29,87,105,157
1,30,87,58,157
1,31,87,108,157
1,32,87,106,157
1,33,87,19,157
1,34,87,47,157
1,35,87,107,157
1,36,87,97,157
1,37,87,99,157
1,38,87,95,157
1,39,87,90,157
1,40,87,104,157
1,41,87,102,157
1,42,87,59,157
4,43,87,33,157
4,44,87,86,157
4,45,87,31,157
4,46,87,91,157
4,47,87,100,157
4,48,87,36,157
4,49,87,109,157
4,50,87,27,157
4,51,87,5,157
4,52,87,87,157
4,53,87,101,157
4,54,87,51,157
4,55,87,103,157
4,56,87,9,157
4,57,87,6,157
4,58,87,16,157
4,59,87,93,157
4,60,87,11,157
4,61,87,56,157
4,62,87,14,157
4,63,87,24,157
4,64,87,26,157
4,65,87,85,157
4,66,87,7,157
4,67,87,52,157
4,68,87,1,157
4,69,87,23,157
4,70,87,10,157
4,71,87,28,157
4,72,87,13,157
4,73,87,15,157
4,74,87,29,157
4,75,87,17,157
4,76,87,30,157
4,77,87,64,157
5,78,87,115,157
5,79,87,116,157
5,80,87,123,157
5,81,87,2,157
5,82,87,119,157
5,83,87,120,157
5,84,87,126,157
5,85,87,8,157
5,86,87,117,157
5,87,87,4,157
5,88,87,125,157
5,89,87,25,157
5,90,87,110,157
5,91,87,122,157
5,92,87,129,157
5,93,87,3,157
5,94,87,22,157
5,95,87,128,157
5,96,87,18,157
5,97,87,114,157
5,98,87,20,157
5,99,87,127,157
5,100,87,113,157
5,101,87,112,157
5,102,87,67,157
5,103,87,124,157
5,104,87,62,157
5,105,87,12,157
5,106,87,79,157
5,107,87,21,157
5,108,87,74,157
5,109,87,70,157
5,110,87,73,157
5,111,87,81,157
5,112,87,77,157
5,113,87,78,157
5,114,87,80,157
5,115,87,71,157
5,116,87,72,157
5,117,87,76,157
5,118,87,82,157
5,119,87,61,157
5,120,87,121,157
5,121,87,111,157
5,122,87,69,157
5,123,87,65,157
5,124,87,118,157
5,125,87,63,157
5,126,87,66,157
5,127,87,83,157
5,128,87,75,157
5,129,87,68,157
1,1,88,45,161
1,2,88,54,161
1,3,88,46,161
1,4,88,43,161
1,5,88,39,161
1,6,88,34,161
1,7,88,55,161
1,8,88,60,161
1,9,88,50,161
1,10,88,42,161
1,11,88,41,161
1,12,88,49,161
1,13,88,38,161
1,14,88,32,161
1,15,88,37,161
1,16,88,48,161
1,17,88,40,161
1,18,88,35,161
1,19,88,57,161
1,20,88,89,161
1,21,88,44,161
1,22,88,94,161
1,23,88,98,161
1,24,88,53,161
1,25,88,92,161
1,26,88,84,161
1,27,88,88,161
1,28,88,96,161
1,29,88,105,161
1,30,88,58,161
1,31,88,108,161
1,32,88,106,161
1,33,88,19,161
1,34,88,47,161
1,35,88,107,161
1,36,88,97,161
1,37,88,99,161
1,38,88,95,161
1,39,88,90,161
1,40,88,104,161
1,41,88,102,161
1,42,88,59,161
4,43,88,33,161
4,44,88,86,161
4,45,88,31,161
4,46,88,91,161
4,47,88,100,161
4,48,88,36,161
4,49,88,109,161
4,50,88,27,161
4,51,88,5,161
4,52,88,87,161
4,53,88,101,161
4,54,88,51,161
4,55,88,103,161
4,56,88,9,161
4,57,88,6,161
4,58,88,16,161
4,59,88,93,161
4,60,88,11,161
4,61,88,56,161
4,62,88,14,161
4,63,88,24,161
4,64,88,26,161
4,65,88,85,161
4,66,88,7,161
4,67,88,52,161
4,68,88,1,161
4,69,88,23,161
4,70,88,10,161
4,71,88,28,161
4,72,88,13,161
4,73,88,15,161
4,74,88,29,161
4,75,88,17,161
4,76,88,30,161
4,77,88,64,161
5,78,88,115,161
5,79,88,116,161
5,80,88,123,161
5,81,88,2,161
5,82,88,119,161
5,83,88,120,161
5,84,88,126,161
5,85,88,8,161
5,86,88,117,161
5,87,88,4,161
5,88,88,125,161
5,89,88,25,161
5,90,88,110,161
5,91,88,122,161
5,92,88,129,161
5,93,88,3,161
5,94,88,22,161
5,95,88,128,161
5,96,88,18,161
5,97,88,114,161
5,98,88,20,161
5,99,88,127,161
5,100,88,113,161
5,101,88,112,161
5,102,88,67,161
5,103,88,124,161
5,104,88,62,161
5,105,88,12,161
5,106,88,79,161
5,107,88,21,161
5,108,88,74,161
5,109,88,70,161
5,110,88,73,161
5,111,88,81,161
5,112,88,77,161
5,113,88,78,161
5,114,88,80,161
5,115,88,71,161
5,116,88,72,161
5,117,88,76,161
5,118,88,82,161
5,119,88,61,161
5,120,88,121,161
5,121,88,111,161
5,122,88,69,161
5,123,88,65,161
5,124,88,118,161
5,125,88,63,161
5,126,88,66,161
5,127,88,83,161
5,128,88,75,161
5,129,88,68,161
1,1,89,45,55
1,2,89,54,55
1,3,89,46,55
1,4,89,43,55
1,5,89,39,55
1,6,89,34,55
1,7,89,55,55
1,8,89,60,55
1,9,89,50,55
1,10,89,42,55
1,11,89,41,55
1,12,89,49,55
1,13,89,38,55
1,14,89,32,55
1,15,89,37,55
1,16,89,48,55
1,17,89,40,55
1,18,89,35,55
1,19,89,57,55
1,20,89,89,55
1,21,89,44,55
1,22,89,94,55
1,23,89,98,55
1,24,89,53,55
1,25,89,92,55
1,26,89,84,55
1,27,89,88,55
1,28,89,96,55
1,29,89,105,55
1,30,89,58,55
1,31,89,108,55
1,32,89,106,55
1,33,89,19,55
1,34,89,47,55
1,35,89,107,55
1,36,89,97,55
1,37,89,99,55
1,38,89,95,55
1,39,89,90,55
1,40,89,104,55
1,41,89,102,55
1,42,89,59,55
4,43,89,33,55
4,44,89,86,55
4,45,89,31,55
4,46,89,91,55
4,47,89,100,55
4,48,89,36,55
4,49,89,109,55
4,50,89,27,55
4,51,89,5,55
4,52,89,87,55
4,53,89,101,55
4,54,89,51,55
4,55,89,103,55
4,56,89,9,55
4,57,89,6,55
4,58,89,16,55
4,59,89,93,55
4,60,89,11,55
4,61,89,56,55
4,62,89,14,55
4,63,89,24,55
4,64,89,26,55
4,65,89,85,55
4,66,89,7,55
4,67,89,52,55
4,68,89,1,55
4,69,89,23,55
4,70,89,10,55
4,71,89,28,55
4,72,89,13,55
4,73,89,15,55
4,74,89,29,55
4,75,89,17,55
4,76,89,30,55
4,77,89,64,55
5,78,89,115,55
5,79,89,116,55
5,80,89,123,55
5,81,89,2,55
5,82,89,119,55
5,83,89,120,55
5,84,89,126,55
5,85,89,8,55
5,86,89,117,55
5,87,89,4,55
5,88,89,125,55
5,89,89,25,55
5,90,89,110,55
5,91,89,122,55
5,92,89,129,55
5,93,89,3,55
5,94,89,22,55
5,95,89,128,55
5,96,89,18,55
5,97,89,114,55
5,98,89,20,55
5,99,89,127,55
5,100,89,113,55
5,101,89,112,55
5,102,89,67,55
5,103,89,124,55
5,104,89,62,55
5,105,89,12,55
5,106,89,79,55
5,107,89,21,55
5,108,89,74,55
5,109,89,70,55
5,110,89,73,55
5,111,89,81,55
5,112,89,77,55
5,113,89,78,55
5,114,89,80,55
5,115,89,71,55
5,116,89,72,55
5,117,89,76,55
5,118,89,82,55
5,119,89,61,55
5,120,89,121,55
5,121,89,111,55
5,122,89,69,55
5,123,89,65,55
5,124,89,118,55
5,125,89,63,55
5,126,89,66,55
5,127,89,83,55
5,128,89,75,55
5,129,89,68,55
1,1,90,45,86
1,2,90,54,86
1,3,90,46,86
1,4,90,43,86
1,5,90,39,86
1,6,90,34,86
1,7,90,55,86
1,8,90,60,86
1,9,90,50,86
1,10,90,42,86
1,11,90,41,86
1,12,90,49,86
1,13,90,38,86
1,14,90,32,86
1,15,90,37,86
1,16,90,48,86
1,17,90,40,86
1,18,90,35,86
1,19,90,57,86
1,20,90,89,86
1,21,90,44,86
1,22,90,94,86
1,23,90,98,86
1,24,90,53,86
1,25,90,92,86
1,26,90,84,86
1,27,90,88,86
1,28,90,96,86
1,29,90,105,86
1,30,90,58,86
1,31,90,108,86
1,32,90,106,86
1,33,90,19,86
1,34,90,47,86
1,35,90,107,86
1,36,90,97,86
1,37,90,99,86
1,38,90,95,86
1,39,90,90,86
1,40,90,104,86
1,41,90,102,86
1,42,90,59,86
4,43,90,33,86
4,44,90,86,86
4,45,90,31,86
4,46,90,91,86
4,47,90,100,86
4,48,90,36,86
4,49,90,109,86
4,50,90,27,86
4,51,90,5,86
4,52,90,87,86
4,53,90,101,86
4,54,90,51,86
4,55,90,103,86
4,56,90,9,86
4,57,90,6,86
4,58,90,16,86
4,59,90,93,86
4,60,90,11,86
4,61,90,56,86
4,62,90,14,86
4,63,90,24,86
4,64,90,26,86
4,65,90,85,86
4,66,90,7,86
4,67,90,52,86
4,68,90,1,86
4,69,90,23,86
4,70,90,10,86
4,71,90,28,86
4,72,90,13,86
4,73,90,15,86
4,74,90,29,86
4,75,90,17,86
4,76,90,30,86
4,77,90,64,86
5,78,90,115,86
5,79,90,116,86
5,80,90,123,86
5,81,90,2,86
5,82,90,119,86
5,83,90,120,86
5,84,90,126,86
5,85,90,8,86
5,86,90,117,86
5,87,90,4,86
5,88,90,125,86
5,89,90,25,86
5,90,90,110,86
5,91,90,122,86
5,92,90,129,86
5,93,90,3,86
5,94,90,22,86
5,95,90,128,86
5,96,90,18,86
5,97,90,114,86
5,98,90,20,86
5,99,90,127,86
5,100,90,113,86
5,101,90,112,86
5,102,90,67,86
5,103,90,124,86
5,104,90,62,86
5,105,90,12,86
5,106,90,79,86
5,107,90,21,86
5,108,90,74,86
5,109,90,70,86
5,110,90,73,86
5,111,90,81,86
5,112,90,77,86
5,113,90,78,86
5,114,90,80,86
5,115,90,71,86
5,116,90,72,86
5,117,90,76,86
5,118,90,82,86
5,119,90,61,86
5,120,90,121,86
5,121,90,111,86
5,122,90,69,86
5,123,90,65,86
5,124,90,118,86
5,125,90,63,86
5,126,90,66,86
5,127,90,83,86
5,128,90,75,86
5,129,90,68,86
1,1,91,45,122
1,2,91,54,122
1,3,91,46,122
1,4,91,43,122
1,5,91,39,122
1,6,91,34,122
1,7,91,55,122
1,8,91,60,122
1,9,91,50,122
1,10,91,42,122
1,11,91,41,122
1,12,91,49,122
1,13,91,38,122
1,14,91,32,122
1,15,91,37,122
1,16,91,48,122
1,17,91,40,122
1,18,91,35,122
1,19,91,57,122
1,20,91,89,122
1,21,91,44,122
1,22,91,94,122
1,23,91,98,122
1,24,91,53,122
1,25,91,92,122
1,26,91,84,122
1,27,91,88,122
1,28,91,96,122
1,29,91,105,122
1,30,91,58,122
1,31,91,108,122
1,32,91,106,122
1,33,91,19,122
1,34,91,47,122
1,35,91,107,122
1,36,91,97,122
1,37,91,99,122
1,38,91,95,122
1,39,91,90,122
1,40,91,104,122
1,41,91,102,122
1,42,91,59,122
4,43,91,33,122
4,44,91,86,122
4,45,91,31,122
4,46,91,91,122
4,47,91,100,122
4,48,91,36,122
4,49,91,109,122
4,50,91,27,122
4,51,91,5,122
4,52,91,87,122
4,53,91,101,122
4,54,91,51,122
4,55,91,103,122
4,56,91,9,122
4,57,91,6,122
4,58,91,16,122
4,59,91,93,122
4,60,91,11,122
4,61,91,56,122
4,62,91,14,122
4,63,91,24,122
4,64,91,26,122
4,65,91,85,122
4,66,91,7,122
4,67,91,52,122
4,68,91,1,122
4,69,91,23,122
4,70,91,10,122
4,71,91,28,122
4,72,91,13,122
4,73,91,15,122
4,74,91,29,122
4,75,91,17,122
4,76,91,30,122
4,77,91,64,122
5,78,91,115,122
5,79,91,116,122
5,80,91,123,122
5,81,91,2,122
5,82,91,119,122
5,83,91,120,122
5,84,91,126,122
5,85,91,8,122
5,86,91,117,122
5,87,91,4,122
5,88,91,125,122
5,89,91,25,122
5,90,91,110,122
5,91,91,122,122
5,92,91,129,122
5,93,91,3,122
5,94,91,22,122
5,95,91,128,122
5,96,91,18,122
5,97,91,114,122
5,98,91,20,122
5,99,91,127,122
5,100,91,113,122
5,101,91,112,122
5,102,91,67,122
5,103,91,124,122
5,104,91,62,122
5,105,91,12,122
5,106,91,79,122
5,107,91,21,122
5,108,91,74,122
5,109,91,70,122
5,110,91,73,122
5,111,91,81,122
5,112,91,77,122
5,113,91,78,122
5,114,91,80,122
5,115,91,71,122
5,116,91,72,122
5,117,91,76,122
5,118,91,82,122
5,119,91,61,122
5,120,91,121,122
5,121,91,111,122
5,122,91,69,122
5,123,91,65,122
5,124,91,118,122
5,125,91,63,122
5,126,91,66,122
5,127,91,83,122
5,128,91,75,122
5,129,91,68,122
1,1,92,45,111
1,2,92,54,111
1,3,92,46,111
1,4,92,43,111
1,5,92,39,111
1,6,92,34,111
1,7,92,55,111
1,8,92,60,111
1,9,92,50,111
1,10,92,42,111
1,11,92,41,111
1,12,92,49,111
1,13,92,38,111
1,14,92,32,111
1,15,92,37,111
1,16,92,48,111
1,17,92,40,111
1,18,92,35,111
1,19,92,57,111
1,20,92,89,111
1,21,92,44,111
1,22,92,94,111
1,23,92,98,111
1,24,92,53,111
1,25,92,92,111
1,26,92,84,111
1,27,92,88,111
1,28,92,96,111
1,29,92,105,111
1,30,92,58,111
1,31,92,108,111
1,32,92,106,111
1,33,92,19,111
1,34,92,47,111
1,35,92,107,111
1,36,92,97,111
1,37,92,99,111
1,38,92,95,111
1,39,92,90,111
1,40,92,104,111
1,41,92,102,111
1,42,92,59,111
4,43,92,33,111
4,44,92,86,111
4,45,92,31,111
4,46,92,91,111
4,47,92,100,111
4,48,92,36,111
4,49,92,109,111
4,50,92,27,111
4,51,92,5,111
4,52,92,87,111
4,53,92,101,111
4,54,92,51,111
4,55,92,103,111
4,56,92,9,111
4,57,92,6,111
4,58,92,16,111
4,59,92,93,111
4,60,92,11,111
4,61,92,56,111
4,62,92,14,111
4,63,92,24,111
4,64,92,26,111
4,65,92,85,111
4,66,92,7,111
4,67,92,52,111
4,68,92,1,111
4,69,92,23,111
4,70,92,10,111
4,71,92,28,111
4,72,92,13,111
4,73,92,15,111
4,74,92,29,111
4,75,92,17,111
4,76,92,30,111
4,77,92,64,111
5,78,92,115,111
5,79,92,116,111
5,80,92,123,111
5,81,92,2,111
5,82,92,119,111
5,83,92,120,111
5,84,92,126,111
5,85,92,8,111
5,86,92,117,111
5,87,92,4,111
5,88,92,125,111
5,89,92,25,111
5,90,92,110,111
5,91,92,122,111
5,92,92,129,111
5,93,92,3,111
5,94,92,22,111
5,95,92,128,111
5,96,92,18,111
5,97,92,114,111
5,98,92,20,111
5,99,92,127,111
5,100,92,113,111
5,101,92,112,111
5,102,92,67,111
5,103,92,124,111
5,104,92,62,111
5,105,92,12,111
5,106,92,79,111
5,107,92,21,111
5,108,92,74,111
5,109,92,70,111
5,110,92,73,111
5,111,92,81,111
5,112,92,77,111
5,113,92,78,111
5,114,92,80,111
5,115,92,71,111
5,116,92,72,111
5,117,92,76,111
5,118,92,82,111
5,119,92,61,111
5,120,92,121,111
5,121,92,111,111
5,122,92,69,111
5,123,92,65,111
5,124,92,118,111
5,125,92,63,111
5,126,92,66,111
5,127,92,83,111
5,128,92,75,111
5,129,92,68,111
1,1,93,45,216
1,2,93,54,216
1,3,93,46,216
1,4,93,43,216
1,5,93,39,216
1,6,93,34,216
1,7,93,55,216
1,8,93,60,216
1,9,93,50,216
1,10,93,42,216
1,11,93,41,216
1,12,93,49,216
1,13,93,38,216
1,14,93,32,216
1,15,93,37,216
1,16,93,48,216
1,17,93,40,216
1,18,93,35,216
1,19,93,57,216
1,20,93,89,216
1,21,93,44,216
1,22,93,94,216
1,23,93,98,216
1,24,93,53,216
1,25,93,92,216
1,26,93,84,216
1,27,93,88,216
1,28,93,96,216
1,29,93,105,216
1,30,93,58,216
1,31,93,108,216
1,32,93,106,216
1,33,93,19,216
1,34,93,47,216
1,35,93,107,216
1,36,93,97,216
1,37,93,99,216
1,38,93,95,216
1,39,93,90,216
1,40,93,104,216
1,41,93,102,216
1,42,93,59,216
4,43,93,33,216
4,44,93,86,216
4,45,93,31,216
4,46,93,91,216
4,47,93,100,216
4,48,93,36,216
4,49,93,109,216
4,50,93,27,216
4,51,93,5,216
4,52,93,87,216
4,53,93,101,216
4,54,93,51,216
4,55,93,103,216
4,56,93,9,216
4,57,93,6,216
4,58,93,16,216
4,59,93,93,216
4,60,93,11,216
4,61,93,56,216
4,62,93,14,216
4,63,93,24,216
4,64,93,26,216
4,65,93,85,216
4,66,93,7,216
4,67,93,52,216
4,68,93,1,216
4,69,93,23,216
4,70,93,10,216
4,71,93,28,216
4,72,93,13,216
4,73,93,15,216
4,74,93,29,216
4,75,93,17,216
4,76,93,30,216
4,77,93,64,216
5,78,93,115,216
5,79,93,116,216
5,80,93,123,216
5,81,93,2,216
5,82,93,119,216
5,83,93,120,216
5,84,93,126,216
5,85,93,8,216
5,86,93,117,216
5,87,93,4,216
5,88,93,125,216
5,89,93,25,216
5,90,93,110,216
5,91,93,122,216
5,92,93,129,216
5,93,93,3,216
5,94,93,22,216
5,95,93,128,216
5,96,93,18,216
5,97,93,114,216
5,98,93,20,216
5,99,93,127,216
5,100,93,113,216
5,101,93,112,216
5,102,93,67,216
5,103,93,124,216
5,104,93,62,216
5,105,93,12,216
5,106,93,79,216
5,107,93,21,216
5,108,93,74,216
5,109,93,70,216
5,110,93,73,216
5,111,93,81,216
5,112,93,77,216
5,113,93,78,216
5,114,93,80,216
5,115,93,71,216
5,116,93,72,216
5,117,93,76,216
5,118,93,82,216
5,119,93,61,216
5,120,93,121,216
5,121,93,111,216
5,122,93,69,216
5,123,93,65,216
5,124,93,118,216
5,125,93,63,216
5,126,93,66,216
5,127,93,83,216
5,128,93,75,216
5,129,93,68,216
1,1,94,45,18
1,2,94,54,18
1,3,94,46,18
1,4,94,43,18
1,5,94,39,18
1,6,94,34,18
1,7,94,55,18
1,8,94,60,18
1,9,94,50,18
1,10,94,42,18
1,11,94,41,18
1,12,94,49,18
1,13,94,38,18
1,14,94,32,18
1,15,94,37,18
1,16,94,48,18
1,17,94,40,18
1,18,94,35,18
1,19,94,57,18
1,20,94,89,18
1,21,94,44,18
1,22,94,94,18
1,23,94,98,18
1,24,94,53,18
1,25,94,92,18
1,26,94,84,18
1,27,94,88,18
1,28,94,96,18
1,29,94,105,18
1,30,94,58,18
1,31,94,108,18
1,32,94,106,18
1,33,94,19,18
1,34,94,47,18
1,35,94,107,18
1,36,94,97,18
1,37,94,99,18
1,38,94,95,18
1,39,94,90,18
1,40,94,104,18
1,41,94,102,18
1,42,94,59,18
4,43,94,33,18
4,44,94,86,18
4,45,94,31,18
4,46,94,91,18
4,47,94,100,18
4,48,94,36,18
4,49,94,109,18
4,50,94,27,18
4,51,94,5,18
4,52,94,87,18
4,53,94,101,18
4,54,94,51,18
4,55,94,103,18
4,56,94,9,18
4,57,94,6,18
4,58,94,16,18
4,59,94,93,18
4,60,94,11,18
4,61,94,56,18
4,62,94,14,18
4,63,94,24,18
4,64,94,26,18
4,65,94,85,18
4,66,94,7,18
4,67,94,52,18
4,68,94,1,18
4,69,94,23,18
4,70,94,10,18
4,71,94,28,18
4,72,94,13,18
4,73,94,15,18
4,74,94,29,18
4,75,94,17,18
4,76,94,30,18
4,77,94,64,18
5,78,94,115,18
5,79,94,116,18
5,80,94,123,18
5,81,94,2,18
5,82,94,119,18
5,83,94,120,18
5,84,94,126,18
5,85,94,8,18
5,86,94,117,18
5,87,94,4,18
5,88,94,125,18
5,89,94,25,18
5,90,94,110,18
5,91,94,122,18
5,92,94,129,18
5,93,94,3,18
5,94,94,22,18
5,95,94,128,18
5,96,94,18,18
5,97,94,114,18
5,98,94,20,18
5,99,94,127,18
5,100,94,113,18
5,101,94,112,18
5,102,94,67,18
5,103,94,124,18
5,104,94,62,18
5,105,94,12,18
5,106,94,79,18
5,107,94,21,18
5,108,94,74,18
5,109,94,70,18
5,110,94,73,18
5,111,94,81,18
5,112,94,77,18
5,113,94,78,18
5,114,94,80,18
5,115,94,71,18
5,116,94,72,18
5,117,94,76,18
5,118,94,82,18
5,119,94,61,18
5,120,94,121,18
5,121,94,111,18
5,122,94,69,18
5,123,94,65,18
5,124,94,118,18
5,125,94,63,18
5,126,94,66,18
5,127,94,83,18
5,128,94,75,18
5,129,94,68,18
2,1,95,45,98
2,2,95,54,98
2,3,95,46,98
2,4,95,43,98
2,5,95,39,98
2,6,95,34,98
2,7,95,55,98
2,8,95,60,98
2,9,95,50,98
2,10,95,42,98
2,11,95,41,98
2,12,95,49,98
2,13,95,38,98
2,14,95,32,98
2,15,95,37,98
2,16,95,48,98
2,17,95,40,98
2,18,95,35,98
2,19,95,57,98
3,20,95,89,98
3,21,95,44,98
3,22,95,94,98
3,23,95,98,98
3,24,95,53,98
3,25,95,92,98
3,26,95,84,98
3,27,95,88,98
3,28,95,96,98
3,29,95,105,98
3,30,95,58,98
3,31,95,108,98
3,32,95,106,98
3,33,95,19,98
3,34,95,47,98
3,35,95,107,98
3,36,95,97,98
3,37,95,99,98
3,38,95,95,98
3,39,95,90,98
3,40,95,104,98
3,41,95,102,98
3,42,95,59,98
4,43,95,33,98
4,44,95,86,98
4,45,95,31,98
4,46,95,91,98
4,47,95,100,98
4,48,95,36,98
4,49,95,109,98
4,50,95,27,98
4,51,95,5,98
4,52,95,87,98
4,53,95,101,98
4,54,95,51,98
4,55,95,103,98
4,56,95,9,98
4,57,95,6,98
4,58,95,16,98
4,59,95,93,98
4,60,95,11,98
4,61,95,56,98
4,62,95,14,98
4,63,95,24,98
4,64,95,26,98
4,65,95,85,98
4,66,95,7,98
4,67,95,52,98
4,68,95,1,98
4,69,95,23,98
4,70,95,10,98
4,71,95,28,98
4,72,95,13,98
4,73,95,15,98
4,74,95,29,98
4,75,95,17,98
4,76,95,30,98
4,77,95,64,98
5,78,95,115,98
5,79,95,116,98
5,80,95,123,98
5,81,95,2,98
5,82,95,119,98
5,83,95,120,98
5,84,95,126,98
5,85,95,8,98
5,86,95,117,98
5,87,95,4,98
5,88,95,125,98
5,89,95,25,98
5,90,95,110,98
5,91,95,122,98
5,92,95,129,98
5,93,95,3,98
5,94,95,22,98
5,95,95,128,98
5,96,95,18,98
5,97,95,114,98
5,98,95,20,98
5,99,95,127,98
5,100,95,113,98
5,101,95,112,98
5,102,95,67,98
5,103,95,124,98
5,104,95,62,98
5,105,95,12,98
5,106,95,79,98
5,107,95,21,98
5,108,95,74,98
5,109,95,70,98
5,110,95,73,98
5,111,95,81,98
5,112,95,77,98
5,113,95,78,98
5,114,95,80,98
5,115,95,71,98
5,116,95,72,98
5,117,95,76,98
5,118,95,82,98
5,119,95,61,98
5,120,95,121,98
5,121,95,111,98
5,122,95,69,98
5,123,95,65,98
5,124,95,118,98
5,125,95,63,98
5,126,95,66,98
5,127,95,83,98
5,128,95,75,98
5,129,95,68,98
2,1,96,45,81
2,2,96,54,81
2,3,96,46,81
2,4,96,43,81
2,5,96,39,81
2,6,96,34,81
2,7,96,55,81
2,8,96,60,81
2,9,96,50,81
2,10,96,42,81
2,11,96,41,81
2,12,96,49,81
2,13,96,38,81
2,14,96,32,81
2,15,96,37,81
2,16,96,48,81
2,17,96,40,81
2,18,96,35,81
2,19,96,57,81
3,20,96,89,81
3,21,96,44,81
3,22,96,94,81
3,23,96,98,81
3,24,96,53,81
3,25,96,92,81
3,26,96,84,81
3,27,96,88,81
3,28,96,96,81
3,29,96,105,81
3,30,96,58,81
3,31,96,108,81
3,32,96,106,81
3,33,96,19,81
3,34,96,47,81
3,35,96,107,81
3,36,96,97,81
3,37,96,99,81
3,38,96,95,81
3,39,96,90,81
3,40,96,104,81
3,41,96,102,81
3,42,96,59,81
4,43,96,33,81
4,44,96,86,81
4,45,96,31,81
4,46,96,91,81
4,47,96,100,81
4,48,96,36,81
4,49,96,109,81
4,50,96,27,81
4,51,96,5,81
4,52,96,87,81
4,53,96,101,81
4,54,96,51,81
4,55,96,103,81
4,56,96,9,81
4,57,96,6,81
4,58,96,16,81
4,59,96,93,81
4,60,96,11,81
4,61,96,56,81
4,62,96,14,81
4,63,96,24,81
4,64,96,26,81
4,65,96,85,81
4,66,96,7,81
4,67,96,52,81
4,68,96,1,81
4,69,96,23,81
4,70,96,10,81
4,71,96,28,81
4,72,96,13,81
4,73,96,15,81
4,74,96,29,81
4,75,96,17,81
4,76,96,30,81
4,77,96,64,81
5,78,96,115,81
5,79,96,116,81
5,80,96,123,81
5,81,96,2,81
5,82,96,119,81
5,83,96,120,81
5,84,96,126,81
5,85,96,8,81
5,86,96,117,81
5,87,96,4,81
5,88,96,125,81
5,89,96,25,81
5,90,96,110,81
5,91,96,122,81
5,92,96,129,81
5,93,96,3,81
5,94,96,22,81
5,95,96,128,81
5,96,96,18,81
5,97,96,114,81
5,98,96,20,81
5,99,96,127,81
5,100,96,113,81
5,101,96,112,81
5,102,96,67,81
5,103,96,124,81
5,104,96,62,81
5,105,96,12,81
5,106,96,79,81
5,107,96,21,81
5,108,96,74,81
5,109,96,70,81
5,110,96,73,81
5,111,96,81,81
5,112,96,77,81
5,113,96,78,81
5,114,96,80,81
5,115,96,71,81
5,116,96,72,81
5,117,96,76,81
5,118,96,82,81
5,119,96,61,81
5,120,96,121,81
5,121,96,111,81
5,122,96,69,81
5,123,96,65,81
5,124,96,118,81
5,125,96,63,81
5,126,96,66,81
5,127,96,83,81
5,128,96,75,81
5,129,96,68,81
2,1,97,45,69
2,2,97,54,69
2,3,97,46,69
2,4,97,43,69
2,5,97,39,69
2,6,97,34,69
2,7,97,55,69
2,8,97,60,69
2,9,97,50,69
2,10,97,42,69
2,11,97,41,69
2,12,97,49,69
2,13,97,38,69
2,14,97,32,69
2,15,97,37,69
2,16,97,48,69
2,17,97,40,69
2,18,97,35,69
2,19,97,57,69
3,20,97,89,69
3,21,97,44,69
3,22,97,94,69
3,23,97,98,69
3,24,97,53,69
3,25,97,92,69
3,26,97,84,69
3,27,97,88,69
3,28,97,96,69
3,29,97,105,69
3,30,97,58,69
3,31,97,108,69
3,32,97,106,69
3,33,97,19,69
3,34,97,47,69
3,35,97,107,69
3,36,97,97,69
3,37,97,99,69
3,38,97,95,69
3,39,97,90,69
3,40,97,104,69
3,41,97,102,69
3,42,97,59,69
4,43,97,33,69
4,44,97,86,69
4,45,97,31,69
4,46,97,91,69
4,47,97,100,69
4,48,97,36,69
4,49,97,109,69
4,50,97,27,69
4,51,97,5,69
4,52,97,87,69
4,53,97,101,69
4,54,97,51,69
4,55,97,103,69
4,56,97,9,69
4,57,97,6,69
4,58,97,16,69
4,59,97,93,69
4,60,97,11,69
4,61,97,56,69
4,62,97,14,69
4,63,97,24,69
4,64,97,26,69
4,65,97,85,69
4,66,97,7,69
4,67,97,52,69
4,68,97,1,69
4,69,97,23,69
4,70,97,10,69
4,71,97,28,69
4,72,97,13,69
4,73,97,15,69
4,74,97,29,69
4,75,97,17,69
4,76,97,30,69
4,77,97,64,69
5,78,97,115,69
5,79,97,116,69
5,80,97,123,69
5,81,97,2,69
5,82,97,119,69
5,83,97,120,69
5,84,97,126,69
5,85,97,8,69
5,86,97,117,69
5,87,97,4,69
5,88,97,125,69
5,89,97,25,69
5,90,97,110,69
5,91,97,122,69
5,92,97,129,69
5,93,97,3,69
5,94,97,22,69
5,95,97,128,69
5,96,97,18,69
5,97,97,114,69
5,98,97,20,69
5,99,97,127,69
5,100,97,113,69
5,101,97,112,69
5,102,97,67,69
5,103,97,124,69
5,104,97,62,69
5,105,97,12,69
5,106,97,79,69
5,107,97,21,69
5,108,97,74,69
5,109,97,70,69
5,110,97,73,69
5,111,97,81,69
5,112,97,77,69
5,113,97,78,69
5,114,97,80,69
5,115,97,71,69
5,116,97,72,69
5,117,97,76,69
5,118,97,82,69
5,119,97,61,69
5,120,97,121,69
5,121,97,111,69
5,122,97,69,69
5,123,97,65,69
5,124,97,118,69
5,125,97,63,69
5,126,97,66,69
5,127,97,83,69
5,128,97,75,69
5,129,97,68,69
2,1,98,45,6
2,2,98,54,6
2,3,98,46,6
2,4,98,43,6
2,5,98,39,6
2,6,98,34,6
2,7,98,55,6
2,8,98,60,6
2,9,98,50,6
2,10,98,42,6
2,11,98,41,6
2,12,98,49,6
2,13,98,38,6
2,14,98,32,6
2,15,98,37,6
2,16,98,48,6
2,17,98,40,6
2,18,98,35,6
2,19,98,57,6
3,20,98,89,6
3,21,98,44,6
3,22,98,94,6
3,23,98,98,6
3,24,98,53,6
3,25,98,92,6
3,26,98,84,6
3,27,98,88,6
3,28,98,96,6
3,29,98,105,6
3,30,98,58,6
3,31,98,108,6
3,32,98,106,6
3,33,98,19,6
3,34,98,47,6
3,35,98,107,6
3,36,98,97,6
3,37,98,99,6
3,38,98,95,6
3,39,98,90,6
3,40,98,104,6
3,41,98,102,6
3,42,98,59,6
4,43,98,33,6
4,44,98,86,6
4,45,98,31,6
4,46,98,91,6
4,47,98,100,6
4,48,98,36,6
4,49,98,109,6
4,50,98,27,6
4,51,98,5,6
4,52,98,87,6
4,53,98,101,6
4,54,98,51,6
4,55,98,103,6
4,56,98,9,6
4,57,98,6,6
4,58,98,16,6
4,59,98,93,6
4,60,98,11,6
4,61,98,56,6
4,62,98,14,6
4,63,98,24,6
4,64,98,26,6
4,65,98,85,6
4,66,98,7,6
4,67,98,52,6
4,68,98,1,6
4,69,98,23,6
4,70,98,10,6
4,71,98,28,6
4,72,98,13,6
4,73,98,15,6
4,74,98,29,6
4,75,98,17,6
4,76,98,30,6
4,77,98,64,6
5,78,98,115,6
5,79,98,116,6
5,80,98,123,6
5,81,98,2,6
5,82,98,119,6
5,83,98,120,6
5,84,98,126,6
5,85,98,8,6
5,86,98,117,6
5,87,98,4,6
5,88,98,125,6
5,89,98,25,6
5,90,98,110,6
5,91,98,122,6
5,92,98,129,6
5,93,98,3,6
5,94,98,22,6
5,95,98,128,6
5,96,98,18,6
5,97,98,114,6
5,98,98,20,6
5,99,98,127,6
5,100,98,113,6
5,101,98,112,6
5,102,98,67,6
5,103,98,124,6
5,104,98,62,6
5,105,98,12,6
5,106,98,79,6
5,107,98,21,6
5,108,98,74,6
5,109,98,70,6
5,110,98,73,6
5,111,98,81,6
5,112,98,77,6
5,113,98,78,6
5,114,98,80,6
5,115,98,71,6
5,116,98,72,6
5,117,98,76,6
5,118,98,82,6
5,119,98,61,6
5,120,98,121,6
5,121,98,111,6
5,122,98,69,6
5,123,98,65,6
5,124,98,118,6
5,125,98,63,6
5,126,98,66,6
5,127,98,83,6
5,128,98,75,6
5,129,98,68,6
2,1,99,45,8
2,2,99,54,8
2,3,99,46,8
2,4,99,43,8
2,5,99,39,8
2,6,99,34,8
2,7,99,55,8
2,8,99,60,8
2,9,99,50,8
2,10,99,42,8
2,11,99,41,8
2,12,99,49,8
2,13,99,38,8
2,14,99,32,8
2,15,99,37,8
2,16,99,48,8
2,17,99,40,8
2,18,99,35,8
2,19,99,57,8
3,20,99,89,8
3,21,99,44,8
3,22,99,94,8
3,23,99,98,8
3,24,99,53,8
3,25,99,92,8
3,26,99,84,8
3,27,99,88,8
3,28,99,96,8
3,29,99,105,8
3,30,99,58,8
3,31,99,108,8
3,32,99,106,8
3,33,99,19,8
3,34,99,47,8
3,35,99,107,8
3,36,99,97,8
3,37,99,99,8
3,38,99,95,8
3,39,99,90,8
3,40,99,104,8
3,41,99,102,8
3,42,99,59,8
4,43,99,33,8
4,44,99,86,8
4,45,99,31,8
4,46,99,91,8
4,47,99,100,8
4,48,99,36,8
4,49,99,109,8
4,50,99,27,8
4,51,99,5,8
4,52,99,87,8
4,53,99,101,8
4,54,99,51,8
4,55,99,103,8
4,56,99,9,8
4,57,99,6,8
4,58,99,16,8
4,59,99,93,8
4,60,99,11,8
4,61,99,56,8
4,62,99,14,8
4,63,99,24,8
4,64,99,26,8
4,65,99,85,8
4,66,99,7,8
4,67,99,52,8
4,68,99,1,8
4,69,99,23,8
4,70,99,10,8
4,71,99,28,8
4,72,99,13,8
4,73,99,15,8
4,74,99,29,8
4,75,99,17,8
4,76,99,30,8
4,77,99,64,8
5,78,99,115,8
5,79,99,116,8
5,80,99,123,8
5,81,99,2,8
5,82,99,119,8
5,83,99,120,8
5,84,99,126,8
5,85,99,8,8
5,86,99,117,8
5,87,99,4,8
5,88,99,125,8
5,89,99,25,8
5,90,99,110,8
5,91,99,122,8
5,92,99,129,8
5,93,99,3,8
5,94,99,22,8
5,95,99,128,8
5,96,99,18,8
5,97,99,114,8
5,98,99,20,8
5,99,99,127,8
5,100,99,113,8
5,101,99,112,8
5,102,99,67,8
5,103,99,124,8
5,104,99,62,8
5,105,99,12,8
5,106,99,79,8
5,107,99,21,8
5,108,99,74,8
5,109,99,70,8
5,110,99,73,8
5,111,99,81,8
5,112,99,77,8
5,113,99,78,8
5,114,99,80,8
5,115,99,71,8
5,116,99,72,8
5,117,99,76,8
5,118,99,82,8
5,119,99,61,8
5,120,99,121,8
5,121,99,111,8
5,122,99,69,8
5,123,99,65,8
5,124,99,118,8
5,125,99,63,8
5,126,99,66,8
5,127,99,83,8
5,128,99,75,8
5,129,99,68,8
2,1,100,45,17
2,2,100,54,17
2,3,100,46,17
2,4,100,43,17
2,5,100,39,17
2,6,100,34,17
2,7,100,55,17
2,8,100,60,17
2,9,100,50,17
2,10,100,42,17
2,11,100,41,17
2,12,100,49,17
2,13,100,38,17
2,14,100,32,17
2,15,100,37,17
2,16,100,48,17
2,17,100,40,17
2,18,100,35,17
2,19,100,57,17
3,20,100,89,17
3,21,100,44,17
3,22,100,94,17
3,23,100,98,17
3,24,100,53,17
3,25,100,92,17
3,26,100,84,17
3,27,100,88,17
3,28,100,96,17
3,29,100,105,17
3,30,100,58,17
3,31,100,108,17
3,32,100,106,17
3,33,100,19,17
3,34,100,47,17
3,35,100,107,17
3,36,100,97,17
3,37,100,99,17
3,38,100,95,17
3,39,100,90,17
3,40,100,104,17
3,41,100,102,17
3,42,100,59,17
4,43,100,33,17
4,44,100,86,17
4,45,100,31,17
4,46,100,91,17
4,47,100,100,17
4,48,100,36,17
4,49,100,109,17
4,50,100,27,17
4,51,100,5,17
4,52,100,87,17
4,53,100,101,17
4,54,100,51,17
4,55,100,103,17
4,56,100,9,17
4,57,100,6,17
4,58,100,16,17
4,59,100,93,17
4,60,100,11,17
4,61,100,56,17
4,62,100,14,17
4,63,100,24,17
4,64,100,26,17
4,65,100,85,17
4,66,100,7,17
4,67,100,52,17
4,68,100,1,17
4,69,100,23,17
4,70,100,10,17
4,71,100,28,17
4,72,100,13,17
4,73,100,15,17
4,74,100,29,17
4,75,100,17,17
4,76,100,30,17
4,77,100,64,17
5,78,100,115,17
5,79,100,116,17
5,80,100,123,17
5,81,100,2,17
5,82,100,119,17
5,83,100,120,17
5,84,100,126,17
5,85,100,8,17
5,86,100,117,17
5,87,100,4,17
5,88,100,125,17
5,89,100,25,17
5,90,100,110,17
5,91,100,122,17
5,92,100,129,17
5,93,100,3,17
5,94,100,22,17
5,95,100,128,17
5,96,100,18,17
5,97,100,114,17
5,98,100,20,17
5,99,100,127,17
5,100,100,113,17
5,101,100,112,17
5,102,100,67,17
5,103,100,124,17
5,104,100,62,17
5,105,100,12,17
5,106,100,79,17
5,107,100,21,17
5,108,100,74,17
5,109,100,70,17
5,110,100,73,17
5,111,100,81,17
5,112,100,77,17
5,113,100,78,17
5,114,100,80,17
5,115,100,71,17
5,116,100,72,17
5,117,100,76,17
5,118,100,82,17
5,119,100,61,17
5,120,100,121,17
5,121,100,111,17
5,122,100,69,17
5,123,100,65,17
5,124,100,118,17
5,125,100,63,17
5,126,100,66,17
5,127,100,83,17
5,128,100,75,17
5,129,100,68,17
2,1,101,45,40
2,2,101,54,40
2,3,101,46,40
2,4,101,43,40
2,5,101,39,40
2,6,101,34,40
2,7,101,55,40
2,8,101,60,40
2,9,101,50,40
2,10,101,42,40
2,11,101,41,40
2,12,101,49,40
2,13,101,38,40
2,14,101,32,40
2,15,101,37,40
2,16,101,48,40
2,17,101,40,40
2,18,101,35,40
2,19,101,57,40
3,20,101,89,40
3,21,101,44,40
3,22,101,94,40
3,23,101,98,40
3,24,101,53,40
3,25,101,92,40
3,26,101,84,40
3,27,101,88,40
3,28,101,96,40
3,29,101,105,40
3,30,101,58,40
3,31,101,108,40
3,32,101,106,40
3,33,101,19,40
3,34,101,47,40
3,35,101,107,40
3,36,101,97,40
3,37,101,99,40
3,38,101,95,40
3,39,101,90,40
3,40,101,104,40
3,41,101,102,40
3,42,101,59,40
4,43,101,33,40
4,44,101,86,40
4,45,101,31,40
4,46,101,91,40
4,47,101,100,40
4,48,101,36,40
4,49,101,109,40
4,50,101,27,40
4,51,101,5,40
4,52,101,87,40
4,53,101,101,40
4,54,101,51,40
4,55,101,103,40
4,56,101,9,40
4,57,101,6,40
4,58,101,16,40
4,59,101,93,40
4,60,101,11,40
4,61,101,56,40
4,62,101,14,40
4,63,101,24,40
4,64,101,26,40
4,65,101,85,40
4,66,101,7,40
4,67,101,52,40
4,68,101,1,40
4,69,101,23,40
4,70,101,10,40
4,71,101,28,40
4,72,101,13,40
4,73,101,15,40
4,74,101,29,40
4,75,101,17,40
4,76,101,30,40
4,77,101,64,40
5,78,101,115,40
5,79,101,116,40
5,80,101,123,40
5,81,101,2,40
5,82,101,119,40
5,83,101,120,40
5,84,101,126,40
5,85,101,8,40
5,86,101,117,40
5,87,101,4,40
5,88,101,125,40
5,89,101,25,40
5,90,101,110,40
5,91,101,122,40
5,92,101,129,40
5,93,101,3,40
5,94,101,22,40
5,95,101,128,40
5,96,101,18,40
5,97,101,114,40
5,98,101,20,40
5,99,101,127,40
5,100,101,113,40
5,101,101,112,40
5,102,101,67,40
5,103,101,124,40
5,104,101,62,40
5,105,101,12,40
5,106,101,79,40
5,107,101,21,40
5,108,101,74,40
5,109,101,70,40
5,110,101,73,40
5,111,101,81,40
5,112,101,77,40
5,113,101,78,40
5,114,101,80,40
5,115,101,71,40
5,116,101,72,40
5,117,101,76,40
5,118,101,82,40
5,119,101,61,40
5,120,101,121,40
5,121,101,111,40
5,122,101,69,40
5,123,101,65,40
5,124,101,118,40
5,125,101,63,40
5,126,101,66,40
5,127,101,83,40
5,128,101,75,40
5,129,101,68,40
2,1,102,45,48
2,2,102,54,48
2,3,102,46,48
2,4,102,43,48
2,5,102,39,48
2,6,102,34,48
2,7,102,55,48
2,8,102,60,48
2,9,102,50,48
2,10,102,42,48
2,11,102,41,48
2,12,102,49,48
2,13,102,38,48
2,14,102,32,48
2,15,102,37,48
2,16,102,48,48
2,17,102,40,48
2,18,102,35,48
2,19,102,57,48
3,20,102,89,48
3,21,102,44,48
3,22,102,94,48
3,23,102,98,48
3,24,102,53,48
3,25,102,92,48
3,26,102,84,48
3,27,102,88,48
3,28,102,96,48
3,29,102,105,48
3,30,102,58,48
3,31,102,108,48
3,32,102,106,48
3,33,102,19,48
3,34,102,47,48
3,35,102,107,48
3,36,102,97,48
3,37,102,99,48
3,38,102,95,48
3,39,102,90,48
3,40,102,104,48
3,41,102,102,48
3,42,102,59,48
4,43,102,33,48
4,44,102,86,48
4,45,102,31,48
4,46,102,91,48
4,47,102,100,48
4,48,102,36,48
4,49,102,109,48
4,50,102,27,48
4,51,102,5,48
4,52,102,87,48
4,53,102,101,48
4,54,102,51,48
4,55,102,103,48
4,56,102,9,48
4,57,102,6,48
4,58,102,16,48
4,59,102,93,48
4,60,102,11,48
4,61,102,56,48
4,62,102,14,48
4,63,102,24,48
4,64,102,26,48
4,65,102,85,48
4,66,102,7,48
4,67,102,52,48
4,68,102,1,48
4,69,102,23,48
4,70,102,10,48
4,71,102,28,48
4,72,102,13,48
4,73,102,15,48
4,74,102,29,48
4,75,102,17,48
4,76,102,30,48
4,77,102,64,48
5,78,102,115,48
5,79,102,116,48
5,80,102,123,48
5,81,102,2,48
5,82,102,119,48
5,83,102,120,48
5,84,102,126,48
5,85,102,8,48
5,86,102,117,48
5,87,102,4,48
5,88,102,125,48
5,89,102,25,48
5,90,102,110,48
5,91,102,122,48
5,92,102,129,48
5,93,102,3,48
5,94,102,22,48
5,95,102,128,48
5,96,102,18,48
5,97,102,114,48
5,98,102,20,48
5,99,102,127,48
5,100,102,113,48
5,101,102,112,48
5,102,102,67,48
5,103,102,124,48
5,104,102,62,48
5,105,102,12,48
5,106,102,79,48
5,107,102,21,48
5,108,102,74,48
5,109,102,70,48
5,110,102,73,48
5,111,102,81,48
5,112,102,77,48
5,113,102,78,48
5,114,102,80,48
5,115,102,71,48
5,116,102,72,48
5,117,102,76,48
5,118,102,82,48
5,119,102,61,48
5,120,102,121,48
5,121,102,111,48
5,122,102,69,48
5,123,102,65,48
5,124,102,118,48
5,125,102,63,48
5,126,102,66,48
5,127,102,83,48
5,128,102,75,48
5,129,102,68,48
2,1,103,45,63
2,2,103,54,63
2,3,103,46,63
2,4,103,43,63
2,5,103,39,63
2,6,103,34,63
2,7,103,55,63
2,8,103,60,63
2,9,103,50,63
2,10,103,42,63
2,11,103,41,63
2,12,103,49,63
2,13,103,38,63
2,14,103,32,63
2,15,103,37,63
2,16,103,48,63
2,17,103,40,63
2,18,103,35,63
2,19,103,57,63
3,20,103,89,63
3,21,103,44,63
3,22,103,94,63
3,23,103,98,63
3,24,103,53,63
3,25,103,92,63
3,26,103,84,63
3,27,103,88,63
3,28,103,96,63
3,29,103,105,63
3,30,103,58,63
3,31,103,108,63
3,32,103,106,63
3,33,103,19,63
3,34,103,47,63
3,35,103,107,63
3,36,103,97,63
3,37,103,99,63
3,38,103,95,63
3,39,103,90,63
3,40,103,104,63
3,41,103,102,63
3,42,103,59,63
4,43,103,33,63
4,44,103,86,63
4,45,103,31,63
4,46,103,91,63
4,47,103,100,63
4,48,103,36,63
4,49,103,109,63
4,50,103,27,63
4,51,103,5,63
4,52,103,87,63
4,53,103,101,63
4,54,103,51,63
4,55,103,103,63
4,56,103,9,63
4,57,103,6,63
4,58,103,16,63
4,59,103,93,63
4,60,103,11,63
4,61,103,56,63
4,62,103,14,63
4,63,103,24,63
4,64,103,26,63
4,65,103,85,63
4,66,103,7,63
4,67,103,52,63
4,68,103,1,63
4,69,103,23,63
4,70,103,10,63
4,71,103,28,63
4,72,103,13,63
4,73,103,15,63
4,74,103,29,63
4,75,103,17,63
4,76,103,30,63
4,77,103,64,63
5,78,103,115,63
5,79,103,116,63
5,80,103,123,63
5,81,103,2,63
5,82,103,119,63
5,83,103,120,63
5,84,103,126,63
5,85,103,8,63
5,86,103,117,63
5,87,103,4,63
5,88,103,125,63
5,89,103,25,63
5,90,103,110,63
5,91,103,122,63
5,92,103,129,63
5,93,103,3,63
5,94,103,22,63
5,95,103,128,63
5,96,103,18,63
5,97,103,114,63
5,98,103,20,63
5,99,103,127,63
5,100,103,113,63
5,101,103,112,63
5,102,103,67,63
5,103,103,124,63
5,104,103,62,63
5,105,103,12,63
5,106,103,79,63
5,107,103,21,63
5,108,103,74,63
5,109,103,70,63
5,110,103,73,63
5,111,103,81,63
5,112,103,77,63
5,113,103,78,63
5,114,103,80,63
5,115,103,71,63
5,116,103,72,63
5,117,103,76,63
5,118,103,82,63
5,119,103,61,63
5,120,103,121,63
5,121,103,111,63
5,122,103,69,63
5,123,103,65,63
5,124,103,118,63
5,125,103,63,63
5,126,103,66,63
5,127,103,83,63
5,128,103,75,63
5,129,103,68,63
2,1,104,45,106
2,2,104,54,106
2,3,104,46,106
2,4,104,43,106
2,5,104,39,106
2,6,104,34,106
2,7,104,55,106
2,8,104,60,106
2,9,104,50,106
2,10,104,42,106
2,11,104,41,106
2,12,104,49,106
2,13,104,38,106
2,14,104,32,106
2,15,104,37,106
2,16,104,48,106
2,17,104,40,106
2,18,104,35,106
2,19,104,57,106
3,20,104,89,106
3,21,104,44,106
3,22,104,94,106
3,23,104,98,106
3,24,104,53,106
3,25,104,92,106
3,26,104,84,106
3,27,104,88,106
3,28,104,96,106
3,29,104,105,106
3,30,104,58,106
3,31,104,108,106
3,32,104,106,106
3,33,104,19,106
3,34,104,47,106
3,35,104,107,106
3,36,104,97,106
3,37,104,99,106
3,38,104,95,106
3,39,104,90,106
3,40,104,104,106
3,41,104,102,106
3,42,104,59,106
4,43,104,33,106
4,44,104,86,106
4,45,104,31,106
4,46,104,91,106
4,47,104,100,106
4,48,104,36,106
4,49,104,109,106
4,50,104,27,106
4,51,104,5,106
4,52,104,87,106
4,53,104,101,106
4,54,104,51,106
4,55,104,103,106
4,56,104,9,106
4,57,104,6,106
4,58,104,16,106
4,59,104,93,106
4,60,104,11,106
4,61,104,56,106
4,62,104,14,106
4,63,104,24,106
4,64,104,26,106
4,65,104,85,106
4,66,104,7,106
4,67,104,52,106
4,68,104,1,106
4,69,104,23,106
4,70,104,10,106
4,71,104,28,106
4,72,104,13,106
4,73,104,15,106
4,74,104,29,106
4,75,104,17,106
4,76,104,30,106
4,77,104,64,106
5,78,104,115,106
5,79,104,116,106
5,80,104,123,106
5,81,104,2,106
5,82,104,119,106
5,83,104,120,106
5,84,104,126,106
5,85,104,8,106
5,86,104,117,106
5,87,104,4,106
5,88,104,125,106
5,89,104,25,106
5,90,104,110,106
5,91,104,122,106
5,92,104,129,106
5,93,104,3,106
5,94,104,22,106
5,95,104,128,106
5,96,104,18,106
5,97,104,114,106
5,98,104,20,106
5,99,104,127,106
5,100,104,113,106
5,101,104,112,106
5,102,104,67,106
5,103,104,124,106
5,104,104,62,106
5,105,104,12,106
5,106,104,79,106
5,107,104,21,106
5,108,104,74,106
5,109,104,70,106
5,110,104,73,106
5,111,104,81,106
5,112,104,77,106
5,113,104,78,106
5,114,104,80,106
5,115,104,71,106
5,116,104,72,106
5,117,104,76,106
5,118,104,82,106
5,119,104,61,106
5,120,104,121,106
5,121,104,111,106
5,122,104,69,106
5,123,104,65,106
5,124,104,118,106
5,125,104,63,106
5,126,104,66,106
5,127,104,83,106
5,128,104,75,106
5,129,104,68,106
2,1,105,45,163
2,2,105,54,163
2,3,105,46,163
2,4,105,43,163
2,5,105,39,163
2,6,105,34,163
2,7,105,55,163
2,8,105,60,163
2,9,105,50,163
2,10,105,42,163
2,11,105,41,163
2,12,105,49,163
2,13,105,38,163
2,14,105,32,163
2,15,105,37,163
2,16,105,48,163
2,17,105,40,163
2,18,105,35,163
2,19,105,57,163
3,20,105,89,163
3,21,105,44,163
3,22,105,94,163
3,23,105,98,163
3,24,105,53,163
3,25,105,92,163
3,26,105,84,163
3,27,105,88,163
3,28,105,96,163
3,29,105,105,163
3,30,105,58,163
3,31,105,108,163
3,32,105,106,163
3,33,105,19,163
3,34,105,47,163
3,35,105,107,163
3,36,105,97,163
3,37,105,99,163
3,38,105,95,163
3,39,105,90,163
3,40,105,104,163
3,41,105,102,163
3,42,105,59,163
4,43,105,33,163
4,44,105,86,163
4,45,105,31,163
4,46,105,91,163
4,47,105,100,163
4,48,105,36,163
4,49,105,109,163
4,50,105,27,163
4,51,105,5,163
4,52,105,87,163
4,53,105,101,163
4,54,105,51,163
4,55,105,103,163
4,56,105,9,163
4,57,105,6,163
4,58,105,16,163
4,59,105,93,163
4,60,105,11,163
4,61,105,56,163
4,62,105,14,163
4,63,105,24,163
4,64,105,26,163
4,65,105,85,163
4,66,105,7,163
4,67,105,52,163
4,68,105,1,163
4,69,105,23,163
4,70,105,10,163
4,71,105,28,163
4,72,105,13,163
4,73,105,15,163
4,74,105,29,163
4,75,105,17,163
4,76,105,30,163
4,77,105,64,163
5,78,105,115,163
5,79,105,116,163
5,80,105,123,163
5,81,105,2,163
5,82,105,119,163
5,83,105,120,163
5,84,105,126,163
5,85,105,8,163
5,86,105,117,163
5,87,105,4,163
5,88,105,125,163
5,89,105,25,163
5,90,105,110,163
5,91,105,122,163
5,92,105,129,163
5,93,105,3,163
5,94,105,22,163
5,95,105,128,163
5,96,105,18,163
5,97,105,114,163
5,98,105,20,163
5,99,105,127,163
5,100,105,113,163
5,101,105,112,163
5,102,105,67,163
5,103,105,124,163
5,104,105,62,163
5,105,105,12,163
5,106,105,79,163
5,107,105,21,163
5,108,105,74,163
5,109,105,70,163
5,110,105,73,163
5,111,105,81,163
5,112,105,77,163
5,113,105,78,163
5,114,105,80,163
5,115,105,71,163
5,116,105,72,163
5,117,105,76,163
5,118,105,82,163
5,119,105,61,163
5,120,105,121,163
5,121,105,111,163
5,122,105,69,163
5,123,105,65,163
5,124,105,118,163
5,125,105,63,163
5,126,105,66,163
5,127,105,83,163
5,128,105,75,163
5,129,105,68,163
2,1,106,45,223
2,2,106,54,223
2,3,106,46,223
2,4,106,43,223
2,5,106,39,223
2,6,106,34,223
2,7,106,55,223
2,8,106,60,223
2,9,106,50,223
2,10,106,42,223
2,11,106,41,223
2,12,106,49,223
2,13,106,38,223
2,14,106,32,223
2,15,106,37,223
2,16,106,48,223
2,17,106,40,223
2,18,106,35,223
2,19,106,57,223
3,20,106,89,223
3,21,106,44,223
3,22,106,94,223
3,23,106,98,223
3,24,106,53,223
3,25,106,92,223
3,26,106,84,223
3,27,106,88,223
3,28,106,96,223
3,29,106,105,223
3,30,106,58,223
3,31,106,108,223
3,32,106,106,223
3,33,106,19,223
3,34,106,47,223
3,35,106,107,223
3,36,106,97,223
3,37,106,99,223
3,38,106,95,223
3,39,106,90,223
3,40,106,104,223
3,41,106,102,223
3,42,106,59,223
4,43,106,33,223
4,44,106,86,223
4,45,106,31,223
4,46,106,91,223
4,47,106,100,223
4,48,106,36,223
4,49,106,109,223
4,50,106,27,223
4,51,106,5,223
4,52,106,87,223
4,53,106,101,223
4,54,106,51,223
4,55,106,103,223
4,56,106,9,223
4,57,106,6,223
4,58,106,16,223
4,59,106,93,223
4,60,106,11,223
4,61,106,56,223
4,62,106,14,223
4,63,106,24,223
4,64,106,26,223
4,65,106,85,223
4,66,106,7,223
4,67,106,52,223
4,68,106,1,223
4,69,106,23,223
4,70,106,10,223
4,71,106,28,223
4,72,106,13,223
4,73,106,15,223
4,74,106,29,223
4,75,106,17,223
4,76,106,30,223
4,77,106,64,223
5,78,106,115,223
5,79,106,116,223
5,80,106,123,223
5,81,106,2,223
5,82,106,119,223
5,83,106,120,223
5,84,106,126,223
5,85,106,8,223
5,86,106,117,223
5,87,106,4,223
5,88,106,125,223
5,89,106,25,223
5,90,106,110,223
5,91,106,122,223
5,92,106,129,223
5,93,106,3,223
5,94,106,22,223
5,95,106,128,223
5,96,106,18,223
5,97,106,114,223
5,98,106,20,223
5,99,106,127,223
5,100,106,113,223
5,101,106,112,223
5,102,106,67,223
5,103,106,124,223
5,104,106,62,223
5,105,106,12,223
5,106,106,79,223
5,107,106,21,223
5,108,106,74,223
5,109,106,70,223
5,110,106,73,223
5,111,106,81,223
5,112,106,77,223
5,113,106,78,223
5,114,106,80,223
5,115,106,71,223
5,116,106,72,223
5,117,106,76,223
5,118,106,82,223
5,119,106,61,223
5,120,106,121,223
5,121,106,111,223
5,122,106,69,223
5,123,106,65,223
5,124,106,118,223
5,125,106,63,223
5,126,106,66,223
5,127,106,83,223
5,128,106,75,223
5,129,106,68,223
2,1,107,45,41
2,2,107,54,41
2,3,107,46,41
2,4,107,43,41
2,5,107,39,41
2,6,107,34,41
2,7,107,55,41
2,8,107,60,41
2,9,107,50,41
2,10,107,42,41
2,11,107,41,41
2,12,107,49,41
2,13,107,38,41
2,14,107,32,41
2,15,107,37,41
2,16,107,48,41
2,17,107,40,41
2,18,107,35,41
2,19,107,57,41
3,20,107,89,41
3,21,107,44,41
3,22,107,94,41
3,23,107,98,41
3,24,107,53,41
3,25,107,92,41
3,26,107,84,41
3,27,107,88,41
3,28,107,96,41
3,29,107,105,41
3,30,107,58,41
3,31,107,108,41
3,32,107,106,41
3,33,107,19,41
3,34,107,47,41
3,35,107,107,41
3,36,107,97,41
3,37,107,99,41
3,38,107,95,41
3,39,107,90,41
3,40,107,104,41
3,41,107,102,41
3,42,107,59,41
4,43,107,33,41
4,44,107,86,41
4,45,107,31,41
4,46,107,91,41
4,47,107,100,41
4,48,107,36,41
4,49,107,109,41
4,50,107,27,41
4,51,107,5,41
4,52,107,87,41
4,53,107,101,41
4,54,107,51,41
4,55,107,103,41
4,56,107,9,41
4,57,107,6,41
4,58,107,16,41
4,59,107,93,41
4,60,107,11,41
4,61,107,56,41
4,62,107,14,41
4,63,107,24,41
4,64,107,26,41
4,65,107,85,41
4,66,107,7,41
4,67,107,52,41
4,68,107,1,41
4,69,107,23,41
4,70,107,10,41
4,71,107,28,41
4,72,107,13,41
4,73,107,15,41
4,74,107,29,41
4,75,107,17,41
4,76,107,30,41
4,77,107,64,41
5,78,107,115,41
5,79,107,116,41
5,80,107,123,41
5,81,107,2,41
5,82,107,119,41
5,83,107,120,41
5,84,107,126,41
5,85,107,8,41
5,86,107,117,41
5,87,107,4,41
5,88,107,125,41
5,89,107,25,41
5,90,107,110,41
5,91,107,122,41
5,92,107,129,41
5,93,107,3,41
5,94,107,22,41
5,95,107,128,41
5,96,107,18,41
5,97,107,114,41
5,98,107,20,41
5,99,107,127,41
5,100,107,113,41
5,101,107,112,41
5,102,107,67,41
5,103,107,124,41
5,104,107,62,41
5,105,107,12,41
5,106,107,79,41
5,107,107,21,41
5,108,107,74,41
5,109,107,70,41
5,110,107,73,41
5,111,107,81,41
5,112,107,77,41
5,113,107,78,41
5,114,107,80,41
5,115,107,71,41
5,116,107,72,41
5,117,107,76,41
5,118,107,82,41
5,119,107,61,41
5,120,107,121,41
5,121,107,111,41
5,122,107,69,41
5,123,107,65,41
5,124,107,118,41
5,125,107,63,41
5,126,107,66,41
5,127,107,83,41
5,128,107,75,41
5,129,107,68,41
2,1,108,45,47
2,2,108,54,47
2,3,108,46,47
2,4,108,43,47
2,5,108,39,47
2,6,108,34,47
2,7,108,55,47
2,8,108,60,47
2,9,108,50,47
2,10,108,42,47
2,11,108,41,47
2,12,108,49,47
2,13,108,38,47
2,14,108,32,47
2,15,108,37,47
2,16,108,48,47
2,17,108,40,47
2,18,108,35,47
2,19,108,57,47
3,20,108,89,47
3,21,108,44,47
3,22,108,94,47
3,23,108,98,47
3,24,108,53,47
3,25,108,92,47
3,26,108,84,47
3,27,108,88,47
3,28,108,96,47
3,29,108,105,47
3,30,108,58,47
3,31,108,108,47
3,32,108,106,47
3,33,108,19,47
3,34,108,47,47
3,35,108,107,47
3,36,108,97,47
3,37,108,99,47
3,38,108,95,47
3,39,108,90,47
3,40,108,104,47
3,41,108,102,47
3,42,108,59,47
4,43,108,33,47
4,44,108,86,47
4,45,108,31,47
4,46,108,91,47
4,47,108,100,47
4,48,108,36,47
4,49,108,109,47
4,50,108,27,47
4,51,108,5,47
4,52,108,87,47
4,53,108,101,47
4,54,108,51,47
4,55,108,103,47
4,56,108,9,47
4,57,108,6,47
4,58,108,16,47
4,59,108,93,47
4,60,108,11,47
4,61,108,56,47
4,62,108,14,47
4,63,108,24,47
4,64,108,26,47
4,65,108,85,47
4,66,108,7,47
4,67,108,52,47
4,68,108,1,47
4,69,108,23,47
4,70,108,10,47
4,71,108,28,47
4,72,108,13,47
4,73,108,15,47
4,74,108,29,47
4,75,108,17,47
4,76,108,30,47
4,77,108,64,47
5,78,108,115,47
5,79,108,116,47
5,80,108,123,47
5,81,108,2,47
5,82,108,119,47
5,83,108,120,47
5,84,108,126,47
5,85,108,8,47
5,86,108,117,47
5,87,108,4,47
5,88,108,125,47
5,89,108,25,47
5,90,108,110,47
5,91,108,122,47
5,92,108,129,47
5,93,108,3,47
5,94,108,22,47
5,95,108,128,47
5,96,108,18,47
5,97,108,114,47
5,98,108,20,47
5,99,108,127,47
5,100,108,113,47
5,101,108,112,47
5,102,108,67,47
5,103,108,124,47
5,104,108,62,47
5,105,108,12,47
5,106,108,79,47
5,107,108,21,47
5,108,108,74,47
5,109,108,70,47
5,110,108,73,47
5,111,108,81,47
5,112,108,77,47
5,113,108,78,47
5,114,108,80,47
5,115,108,71,47
5,116,108,72,47
5,117,108,76,47
5,118,108,82,47
5,119,108,61,47
5,120,108,121,47
5,121,108,111,47
5,122,108,69,47
5,123,108,65,47
5,124,108,118,47
5,125,108,63,47
5,126,108,66,47
5,127,108,83,47
5,128,108,75,47
5,129,108,68,47
2,1,109,45,70
2,2,109,54,70
2,3,109,46,70
2,4,109,43,70
2,5,109,39,70
2,6,109,34,70
2,7,109,55,70
2,8,109,60,70
2,9,109,50,70
2,10,109,42,70
2,11,109,41,70
2,12,109,49,70
2,13,109,38,70
2,14,109,32,70
2,15,109,37,70
2,16,109,48,70
2,17,109,40,70
2,18,109,35,70
2,19,109,57,70
3,20,109,89,70
3,21,109,44,70
3,22,109,94,70
3,23,109,98,70
3,24,109,53,70
3,25,109,92,70
3,26,109,84,70
3,27,109,88,70
3,28,109,96,70
3,29,109,105,70
3,30,109,58,70
3,31,109,108,70
3,32,109,106,70
3,33,109,19,70
3,34,109,47,70
3,35,109,107,70
3,36,109,97,70
3,37,109,99,70
3,38,109,95,70
3,39,109,90,70
3,40,109,104,70
3,41,109,102,70
3,42,109,59,70
4,43,109,33,70
4,44,109,86,70
4,45,109,31,70
4,46,109,91,70
4,47,109,100,70
4,48,109,36,70
4,49,109,109,70
4,50,109,27,70
4,51,109,5,70
4,52,109,87,70
4,53,109,101,70
4,54,109,51,70
4,55,109,103,70
4,56,109,9,70
4,57,109,6,70
4,58,109,16,70
4,59,109,93,70
4,60,109,11,70
4,61,109,56,70
4,62,109,14,70
4,63,109,24,70
4,64,109,26,70
4,65,109,85,70
4,66,109,7,70
4,67,109,52,70
4,68,109,1,70
4,69,109,23,70
4,70,109,10,70
4,71,109,28,70
4,72,109,13,70
4,73,109,15,70
4,74,109,29,70
4,75,109,17,70
4,76,109,30,70
4,77,109,64,70
5,78,109,115,70
5,79,109,116,70
5,80,109,123,70
5,81,109,2,70
5,82,109,119,70
5,83,109,120,70
5,84,109,126,70
5,85,109,8,70
5,86,109,117,70
5,87,109,4,70
5,88,109,125,70
5,89,109,25,70
5,90,109,110,70
5,91,109,122,70
5,92,109,129,70
5,93,109,3,70
5,94,109,22,70
5,95,109,128,70
5,96,109,18,70
5,97,109,114,70
5,98,109,20,70
5,99,109,127,70
5,100,109,113,70
5,101,109,112,70
5,102,109,67,70
5,103,109,124,70
5,104,109,62,70
5,105,109,12,70
5,106,109,79,70
5,107,109,21,70
5,108,109,74,70
5,109,109,70,70
5,110,109,73,70
5,111,109,81,70
5,112,109,77,70
5,113,109,78,70
5,114,109,80,70
5,115,109,71,70
5,116,109,72,70
5,117,109,76,70
5,118,109,82,70
5,119,109,61,70
5,120,109,121,70
5,121,109,111,70
5,122,109,69,70
5,123,109,65,70
5,124,109,118,70
5,125,109,63,70
5,126,109,66,70
5,127,109,83,70
5,128,109,75,70
5,129,109,68,70
2,1,110,45,142
2,2,110,54,142
2,3,110,46,142
2,4,110,43,142
2,5,110,39,142
2,6,110,34,142
2,7,110,55,142
2,8,110,60,142
2,9,110,50,142
2,10,110,42,142
2,11,110,41,142
2,12,110,49,142
2,13,110,38,142
2,14,110,32,142
2,15,110,37,142
2,16,110,48,142
2,17,110,40,142
2,18,110,35,142
2,19,110,57,142
3,20,110,89,142
3,21,110,44,142
3,22,110,94,142
3,23,110,98,142
3,24,110,53,142
3,25,110,92,142
3,26,110,84,142
3,27,110,88,142
3,28,110,96,142
3,29,110,105,142
3,30,110,58,142
3,31,110,108,142
3,32,110,106,142
3,33,110,19,142
3,34,110,47,142
3,35,110,107,142
3,36,110,97,142
3,37,110,99,142
3,38,110,95,142
3,39,110,90,142
3,40,110,104,142
3,41,110,102,142
3,42,110,59,142
4,43,110,33,142
4,44,110,86,142
4,45,110,31,142
4,46,110,91,142
4,47,110,100,142
4,48,110,36,142
4,49,110,109,142
4,50,110,27,142
4,51,110,5,142
4,52,110,87,142
4,53,110,101,142
4,54,110,51,142
4,55,110,103,142
4,56,110,9,142
4,57,110,6,142
4,58,110,16,142
4,59,110,93,142
4,60,110,11,142
4,61,110,56,142
4,62,110,14,142
4,63,110,24,142
4,64,110,26,142
4,65,110,85,142
4,66,110,7,142
4,67,110,52,142
4,68,110,1,142
4,69,110,23,142
4,70,110,10,142
4,71,110,28,142
4,72,110,13,142
4,73,110,15,142
4,74,110,29,142
4,75,110,17,142
4,76,110,30,142
4,77,110,64,142
5,78,110,115,142
5,79,110,116,142
5,80,110,123,142
5,81,110,2,142
5,82,110,119,142
5,83,110,120,142
5,84,110,126,142
5,85,110,8,142
5,86,110,117,142
5,87,110,4,142
5,88,110,125,142
5,89,110,25,142
5,90,110,110,142
5,91,110,122,142
5,92,110,129,142
5,93,110,3,142
5,94,110,22,142
5,95,110,128,142
5,96,110,18,142
5,97,110,114,142
5,98,110,20,142
5,99,110,127,142
5,100,110,113,142
5,101,110,112,142
5,102,110,67,142
5,103,110,124,142
5,104,110,62,142
5,105,110,12,142
5,106,110,79,142
5,107,110,21,142
5,108,110,74,142
5,109,110,70,142
5,110,110,73,142
5,111,110,81,142
5,112,110,77,142
5,113,110,78,142
5,114,110,80,142
5,115,110,71,142
5,116,110,72,142
5,117,110,76,142
5,118,110,82,142
5,119,110,61,142
5,120,110,121,142
5,121,110,111,142
5,122,110,69,142
5,123,110,65,142
5,124,110,118,142
5,125,110,63,142
5,126,110,66,142
5,127,110,83,142
5,128,110,75,142
5,129,110,68,142
1,1,111,45,210
1,2,111,54,210
1,3,111,46,210
1,4,111,43,210
1,5,111,39,210
1,6,111,34,210
1,7,111,55,210
1,8,111,60,210
1,9,111,50,210
1,10,111,42,210
1,11,111,41,210
6,12,111,49,210
1,13,111,38,210
1,14,111,32,210
1,15,111,37,210
1,16,111,48,210
1,17,111,40,210
1,18,111,35,210
1,19,111,57,210
1,20,111,89,210
1,21,111,44,210
1,22,111,94,210
1,23,111,98,210
1,24,111,53,210
1,25,111,92,210
1,26,111,84,210
1,27,111,88,210
1,28,111,96,210
1,29,111,105,210
1,30,111,58,210
1,31,111,108,210
1,32,111,106,210
1,33,111,19,210
1,34,111,47,210
1,35,111,107,210
1,36,111,97,210
1,37,111,99,210
1,38,111,95,210
1,39,111,90,210
1,40,111,104,210
1,41,111,102,210
1,42,111,59,210
1,43,111,33,210
1,44,111,86,210
1,45,111,31,210
1,46,111,91,210
1,47,111,100,210
1,48,111,36,210
1,49,111,109,210
1,50,111,27,210
1,51,111,5,210
1,52,111,87,210
1,53,111,101,210
1,54,111,51,210
1,55,111,103,210
1,56,111,9,210
1,57,111,6,210
1,58,111,16,210
1,59,111,93,210
1,60,111,11,210
1,61,111,56,210
1,62,111,14,210
1,63,111,24,210
1,64,111,26,210
1,65,111,85,210
1,66,111,7,210
1,67,111,52,210
1,68,111,1,210
1,69,111,23,210
1,70,111,10,210
1,71,111,28,210
1,72,111,13,210
1,73,111,15,210
1,74,111,29,210
1,75,111,17,210
1,76,111,30,210
1,77,111,64,210
1,78,111,115,210
1,79,111,116,210
1,80,111,123,210
1,81,111,2,210
1,82,111,119,210
1,83,111,120,210
1,84,111,126,210
1,85,111,8,210
1,86,111,117,210
1,87,111,4,210
1,88,111,125,210
1,89,111,25,210
1,90,111,110,210
1,91,111,122,210
1,92,111,129,210
1,93,111,3,210
1,94,111,22,210
1,95,111,128,210
1,96,111,18,210
1,97,111,114,210
1,98,111,20,210
1,99,111,127,210
1,100,111,113,210
1,101,111,112,210
1,102,111,67,210
1,103,111,124,210
1,104,111,62,210
1,105,111,12,210
1,106,111,79,210
1,107,111,21,210
1,108,111,74,210
1,109,111,70,210
1,110,111,73,210
1,111,111,81,210
1,112,111,77,210
1,113,111,78,210
1,114,111,80,210
1,115,111,71,210
1,116,111,72,210
1,117,111,76,210
1,118,111,82,210
1,119,111,61,210
1,120,111,121,210
1,121,111,111,210
1,122,111,69,210
1,123,111,65,210
1,124,111,118,210
1,125,111,63,210
1,126,111,66,210
1,127,111,83,210
1,128,111,75,210
1,129,111,68,210
1,1,112,45,35
1,2,112,54,35
1,3,112,46,35
1,4,112,43,35
1,5,112,39,35
1,6,112,34,35
1,7,112,55,35
1,8,112,60,35
1,9,112,50,35
1,10,112,42,35
1,11,112,41,35
1,12,112,49,35
1,13,112,38,35
1,14,112,32,35
1,15,112,37,35
1,16,112,48,35
1,17,112,40,35
1,18,112,35,35
1,19,112,57,35
1,20,112,89,35
1,21,112,44,35
1,22,112,94,35
1,23,112,98,35
1,24,112,53,35
1,25,112,92,35
1,26,112,84,35
1,27,112,88,35
1,28,112,96,35
1,29,112,105,35
1,30,112,58,35
1,31,112,108,35
1,32,112,106,35
1,33,112,19,35
1,34,112,47,35
1,35,112,107,35
1,36,112,97,35
1,37,112,99,35
1,38,112,95,35
1,39,112,90,35
1,40,112,104,35
1,41,112,102,35
1,42,112,59,35
1,43,112,33,35
1,44,112,86,35
1,45,112,31,35
1,46,112,91,35
1,47,112,100,35
1,48,112,36,35
1,49,112,109,35
1,50,112,27,35
1,51,112,5,35
1,52,112,87,35
1,53,112,101,35
1,54,112,51,35
1,55,112,103,35
1,56,112,9,35
1,57,112,6,35
1,58,112,16,35
1,59,112,93,35
1,60,112,11,35
1,61,112,56,35
1,62,112,14,35
1,63,112,24,35
1,64,112,26,35
1,65,112,85,35
1,66,112,7,35
1,67,112,52,35
1,68,112,1,35
1,69,112,23,35
1,70,112,10,35
1,71,112,28,35
1,72,112,13,35
1,73,112,15,35
1,74,112,29,35
1,75,112,17,35
1,76,112,30,35
1,77,112,64,35
1,78,112,115,35
1,79,112,116,35
1,80,112,123,35
1,81,112,2,35
1,82,112,119,35
1,83,112,120,35
1,84,112,126,35
1,85,112,8,35
1,86,112,117,35
1,87,112,4,35
1,88,112,125,35
1,89,112,25,35
1,90,112,110,35
1,91,112,122,35
1,92,112,129,35
1,93,112,3,35
1,94,112,22,35
1,95,112,128,35
1,96,112,18,35
1,97,112,114,35
1,98,112,20,35
1,99,112,127,35
1,100,112,113,35
1,101,112,112,35
1,102,112,67,35
1,103,112,124,35
1,104,112,62,35
1,105,112,12,35
1,106,112,79,35
1,107,112,21,35
1,108,112,74,35
1,109,112,70,35
1,110,112,73,35
1,111,112,81,35
1,112,112,77,35
1,113,112,78,35
1,114,112,80,35
1,115,112,71,35
1,116,112,72,35
1,117,112,76,35
1,118,112,82,35
1,119,112,61,35
1,120,112,121,35
1,121,112,111,35
1,122,112,69,35
1,123,112,65,35
1,124,112,118,35
1,125,112,63,35
1,126,112,66,35
1,127,112,83,35
1,128,112,75,35
1,129,112,68,35
1,1,113,45,187
1,2,113,54,187
1,3,113,46,187
1,4,113,43,187
1,5,113,39,187
1,6,113,34,187
1,7,113,55,187
1,8,113,60,187
1,9,113,50,187
1,10,113,42,187
1,11,113,41,187
1,12,113,49,187
1,13,113,38,187
1,14,113,32,187
1,15,113,37,187
1,16,113,48,187
1,17,113,40,187
1,18,113,35,187
1,19,113,57,187
1,20,113,89,187
1,21,113,44,187
1,22,113,94,187
1,23,113,98,187
1,24,113,53,187
1,25,113,92,187
1,26,113,84,187
1,27,113,88,187
1,28,113,96,187
1,29,113,105,187
1,30,113,58,187
1,31,113,108,187
1,32,113,106,187
1,33,113,19,187
1,34,113,47,187
1,35,113,107,187
1,36,113,97,187
1,37,113,99,187
1,38,113,95,187
1,39,113,90,187
1,40,113,104,187
1,41,113,102,187
1,42,113,59,187
1,43,113,33,187
1,44,113,86,187
1,45,113,31,187
1,46,113,91,187
1,47,113,100,187
1,48,113,36,187
1,49,113,109,187
1,50,113,27,187
1,51,113,5,187
1,52,113,87,187
1,53,113,101,187
1,54,113,51,187
1,55,113,103,187
1,56,113,9,187
1,57,113,6,187
1,58,113,16,187
1,59,113,93,187
1,60,113,11,187
1,61,113,56,187
1,62,113,14,187
1,63,113,24,187
1,64,113,26,187
1,65,113,85,187
1,66,113,7,187
1,67,113,52,187
1,68,113,1,187
1,69,113,23,187
1,70,113,10,187
1,71,113,28,187
1,72,113,13,187
1,73,113,15,187
1,74,113,29,187
1,75,113,17,187
1,76,113,30,187
1,77,113,64,187
1,78,113,115,187
1,79,113,116,187
1,80,113,123,187
1,81,113,2,187
1,82,113,119,187
1,83,113,120,187
1,84,113,126,187
1,85,113,8,187
1,86,113,117,187
1,87,113,4,187
1,88,113,125,187
1,89,113,25,187
1,90,113,110,187
1,91,113,122,187
1,92,113,129,187
1,93,113,3,187
1,94,113,22,187
1,95,113,128,187
1,96,113,18,187
1,97,113,114,187
1,98,113,20,187
1,99,113,127,187
1,100,113,113,187
1,101,113,112,187
1,102,113,67,187
1,103,113,124,187
1,104,113,62,187
1,105,113,12,187
1,106,113,79,187
1,107,113,21,187
1,108,113,74,187
1,109,113,70,187
1,110,113,73,187
1,111,113,81,187
1,112,113,77,187
1,113,113,78,187
1,114,113,80,187
1,115,113,71,187
1,116,113,72,187
1,117,113,76,187
1,118,113,82,187
1,119,113,61,187
1,120,113,121,187
1,121,113,111,187
1,122,113,69,187
1,123,113,65,187
1,124,113,118,187
1,125,113,63,187
1,126,113,66,187
1,127,113,83,187
1,128,113,75,187
1,129,113,68,187
1,1,114,45,112
1,2,114,54,112
1,3,114,46,112
1,4,114,43,112
1,5,114,39,112
1,6,114,34,112
1,7,114,55,112
1,8,114,60,112
1,9,114,50,112
1,10,114,42,112
1,11,114,41,112
1,12,114,49,112
1,13,114,38,112
1,14,114,32,112
1,15,114,37,112
1,16,114,48,112
1,17,114,40,112
1,18,114,35,112
1,19,114,57,112
1,20,114,89,112
1,21,114,44,112
1,22,114,94,112
1,23,114,98,112
1,24,114,53,112
1,25,114,92,112
1,26,114,84,112
1,27,114,88,112
1,28,114,96,112
1,29,114,105,112
1,30,114,58,112
1,31,114,108,112
1,32,114,106,112
1,33,114,19,112
1,34,114,47,112
1,35,114,107,112
1,36,114,97,112
1,37,114,99,112
1,38,114,95,112
1,39,114,90,112
1,40,114,104,112
1,41,114,102,112
1,42,114,59,112
1,43,114,33,112
1,44,114,86,112
1,45,114,31,112
1,46,114,91,112
1,47,114,100,112
1,48,114,36,112
1,49,114,109,112
1,50,114,27,112
1,51,114,5,112
1,52,114,87,112
1,53,114,101,112
1,54,114,51,112
1,55,114,103,112
1,56,114,9,112
1,57,114,6,112
1,58,114,16,112
1,59,114,93,112
1,60,114,11,112
1,61,114,56,112
1,62,114,14,112
1,63,114,24,112
1,64,114,26,112
1,65,114,85,112
1,66,114,7,112
1,67,114,52,112
1,68,114,1,112
1,69,114,23,112
1,70,114,10,112
1,71,114,28,112
1,72,114,13,112
1,73,114,15,112
1,74,114,29,112
1,75,114,17,112
1,76,114,30,112
1,77,114,64,112
1,78,114,115,112
1,79,114,116,112
1,80,114,123,112
1,81,114,2,112
1,82,114,119,112
1,83,114,120,112
1,84,114,126,112
1,85,114,8,112
1,86,114,117,112
1,87,114,4,112
1,88,114,125,112
1,89,114,25,112
1,90,114,110,112
1,91,114,122,112
1,92,114,129,112
1,93,114,3,112
1,94,114,22,112
1,95,114,128,112
1,96,114,18,112
1,97,114,114,112
1,98,114,20,112
1,99,114,127,112
1,100,114,113,112
1,101,114,112,112
1,102,114,67,112
1,103,114,124,112
1,104,114,62,112
1,105,114,12,112
1,106,114,79,112
1,107,114,21,112
1,108,114,74,112
1,109,114,70,112
1,110,114,73,112
1,111,114,81,112
1,112,114,77,112
1,113,114,78,112
1,114,114,80,112
1,115,114,71,112
1,116,114,72,112
1,117,114,76,112
1,118,114,82,112
1,119,114,61,112
1,120,114,121,112
1,121,114,111,112
1,122,114,69,112
1,123,114,65,112
1,124,114,118,112
1,125,114,63,112
1,126,114,66,112
1,127,114,83,112
1,128,114,75,112
1,129,114,68,112
1,1,115,45,195
1,2,115,54,195
1,3,115,46,195
1,4,115,43,195
1,5,115,39,195
1,6,115,34,195
1,7,115,55,195
1,8,115,60,195
1,9,115,50,195
1,10,115,42,195
1,11,115,41,195
1,12,115,49,195
1,13,115,38,195
1,14,115,32,195
1,15,115,37,195
1,16,115,48,195
1,17,115,40,195
1,18,115,35,195
1,19,115,57,195
1,20,115,89,195
1,21,115,44,195
1,22,115,94,195
1,23,115,98,195
1,24,115,53,195
1,25,115,92,195
1,26,115,84,195
1,27,115,88,195
1,28,115,96,195
1,29,115,105,195
1,30,115,58,195
1,31,115,108,195
1,32,115,106,195
1,33,115,19,195
1,34,115,47,195
1,35,115,107,195
1,36,115,97,195
1,37,115,99,195
1,38,115,95,195
1,39,115,90,195
1,40,115,104,195
1,41,115,102,195
1,42,115,59,195
1,43,115,33,195
1,44,115,86,195
1,45,115,31,195
1,46,115,91,195
1,47,115,100,195
1,48,115,36,195
1,49,115,109,195
1,50,115,27,195
1,51,115,5,195
1,52,115,87,195
1,53,115,101,195
1,54,115,51,195
1,55,115,103,195
1,56,115,9,195
1,57,115,6,195
1,58,115,16,195
1,59,115,93,195
1,60,115,11,195
1,61,115,56,195
1,62,115,14,195
1,63,115,24,195
1,64,115,26,195
1,65,115,85,195
1,66,115,7,195
1,67,115,52,195
1,68,115,1,195
1,69,115,23,195
1,70,115,10,195
1,71,115,28,195
1,72,115,13,195
1,73,115,15,195
1,74,115,29,195
1,75,115,17,195
1,76,115,30,195
1,77,115,64,195
1,78,115,115,195
1,79,115,116,195
1,80,115,123,195
1,81,115,2,195
1,82,115,119,195
1,83,115,120,195
1,84,115,126,195
1,85,115,8,195
1,86,115,117,195
1,87,115,4,195
1,88,115,125,195
1,89,115,25,195
1,90,115,110,195
1,91,115,122,195
1,92,115,129,195
1,93,115,3,195
1,94,115,22,195
1,95,115,128,195
1,96,115,18,195
1,97,115,114,195
1,98,115,20,195
1,99,115,127,195
1,100,115,113,195
1,101,115,112,195
1,102,115,67,195
1,103,115,124,195
1,104,115,62,195
1,105,115,12,195
1,106,115,79,195
1,107,115,21,195
1,108,115,74,195
1,109,115,70,195
1,110,115,73,195
1,111,115,81,195
1,112,115,77,195
1,113,115,78,195
1,114,115,80,195
1,115,115,71,195
1,116,115,72,195
1,117,115,76,195
1,118,115,82,195
1,119,115,61,195
1,120,115,121,195
1,121,115,111,195
1,122,115,69,195
1,123,115,65,195
1,124,115,118,195
1,125,115,63,195
1,126,115,66,195
1,127,115,83,195
1,128,115,75,195
1,129,115,68,195
1,1,116,45,173
1,2,116,54,173
1,3,116,46,173
1,4,116,43,173
1,5,116,39,173
1,6,116,34,173
1,7,116,55,173
1,8,116,60,173
1,9,116,50,173
1,10,116,42,173
1,11,116,41,173
1,12,116,49,173
1,13,116,38,173
1,14,116,32,173
1,15,116,37,173
1,16,116,48,173
1,17,116,40,173
1,18,116,35,173
1,19,116,57,173
1,20,116,89,173
1,21,116,44,173
1,22,116,94,173
1,23,116,98,173
1,24,116,53,173
1,25,116,92,173
1,26,116,84,173
1,27,116,88,173
1,28,116,96,173
1,29,116,105,173
1,30,116,58,173
1,31,116,108,173
1,32,116,106,173
1,33,116,19,173
1,34,116,47,173
1,35,116,107,173
1,36,116,97,173
1,37,116,99,173
1,38,116,95,173
1,39,116,90,173
1,40,116,104,173
1,41,116,102,173
1,42,116,59,173
1,43,116,33,173
1,44,116,86,173
1,45,116,31,173
1,46,116,91,173
1,47,116,100,173
1,48,116,36,173
1,49,116,109,173
1,50,116,27,173
1,51,116,5,173
1,52,116,87,173
1,53,116,101,173
1,54,116,51,173
1,55,116,103,173
1,56,116,9,173
1,57,116,6,173
1,58,116,16,173
1,59,116,93,173
1,60,116,11,173
1,61,116,56,173
1,62,116,14,173
1,63,116,24,173
1,64,116,26,173
1,65,116,85,173
1,66,116,7,173
1,67,116,52,173
1,68,116,1,173
1,69,116,23,173
1,70,116,10,173
1,71,116,28,173
1,72,116,13,173
1,73,116,15,173
1,74,116,29,173
1,75,116,17,173
1,76,116,30,173
1,77,116,64,173
1,78,116,115,173
1,79,116,116,173
1,80,116,123,173
1,81,116,2,173
1,82,116,119,173
1,83,116,120,173
1,84,116,126,173
1,85,116,8,173
1,86,116,117,173
1,87,116,4,173
1,88,116,125,173
1,89,116,25,173
1,90,116,110,173
1,91,116,122,173
1,92,116,129,173
1,93,116,3,173
1,94,116,22,173
1,95,116,128,173
1,96,116,18,173
1,97,116,114,173
1,98,116,20,173
1,99,116,127,173
1,100,116,113,173
1,101,116,112,173
1,102,116,67,173
1,103,116,124,173
1,104,116,62,173
1,105,116,12,173
1,106,116,79,173
1,107,116,21,173
1,108,116,74,173
1,109,116,70,173
1,110,116,73,173
1,111,116,81,173
1,112,116,77,173
1,113,116,78,173
1,114,116,80,173
1,115,116,71,173
1,116,116,72,173
1,117,116,76,173
1,118,116,82,173
1,119,116,61,173
1,120,116,121,173
1,121,116,111,173
1,122,116,69,173
1,123,116,65,173
1,124,116,118,173
1,125,116,63,173
1,126,116,66,173
1,127,116,83,173
1,128,116,75,173
1,129,116,68,173
1,1,117,45,75
1,2,117,54,75
1,3,117,46,75
1,4,117,43,75
1,5,117,39,75
1,6,117,34,75
1,7,117,55,75
1,8,117,60,75
1,9,117,50,75
1,10,117,42,75
1,11,117,41,75
1,12,117,49,75
1,13,117,38,75
1,14,117,32,75
1,15,117,37,75
1,16,117,48,75
1,17,117,40,75
1,18,117,35,75
1,19,117,57,75
1,20,117,89,75
1,21,117,44,75
1,22,117,94,75
1,23,117,98,75
1,24,117,53,75
1,25,117,92,75
1,26,117,84,75
1,27,117,88,75
1,28,117,96,75
1,29,117,105,75
1,30,117,58,75
1,31,117,108,75
1,32,117,106,75
1,33,117,19,75
1,34,117,47,75
1,35,117,107,75
1,36,117,97,75
1,37,117,99,75
1,38,117,95,75
1,39,117,90,75
1,40,117,104,75
1,41,117,102,75
1,42,117,59,75
1,43,117,33,75
1,44,117,86,75
1,45,117,31,75
1,46,117,91,75
1,47,117,100,75
1,48,117,36,75
1,49,117,109,75
1,50,117,27,75
1,51,117,5,75
1,52,117,87,75
1,53,117,101,75
1,54,117,51,75
1,55,117,103,75
1,56,117,9,75
1,57,117,6,75
1,58,117,16,75
1,59,117,93,75
1,60,117,11,75
1,61,117,56,75
1,62,117,14,75
1,63,117,24,75
1,64,117,26,75
1,65,117,85,75
1,66,117,7,75
1,67,117,52,75
1,68,117,1,75
1,69,117,23,75
1,70,117,10,75
1,71,117,28,75
1,72,117,13,75
1,73,117,15,75
1,74,117,29,75
1,75,117,17,75
1,76,117,30,75
1,77,117,64,75
1,78,117,115,75
1,79,117,116,75
1,80,117,123,75
1,81,117,2,75
1,82,117,119,75
1,83,117,120,75
1,84,117,126,75
1,85,117,8,75
1,86,117,117,75
1,87,117,4,75
1,88,117,125,75
1,89,117,25,75
1,90,117,110,75
1,91,117,122,75
1,92,117,129,75
1,93,117,3,75
1,94,117,22,75
1,95,117,128,75
1,96,117,18,75
1,97,117,114,75
1,98,117,20,75
1,99,117,127,75
1,100,117,113,75
1,101,117,112,75
1,102,117,67,75
1,103,117,124,75
1,104,117,62,75
1,105,117,12,75
1,106,117,79,75
1,107,117,21,75
1,108,117,74,75
1,109,117,70,75
1,110,117,73,75
1,111,117,81,75
1,112,117,77,75
1,113,117,78,75
1,114,117,80,75
1,115,117,71,75
1,116,117,72,75
1,117,117,76,75
1,118,117,82,75
1,119,117,61,75
1,120,117,121,75
1,121,117,111,75
1,122,117,69,75
1,123,117,65,75
1,124,117,118,75
1,125,117,63,75
1,126,117,66,75
1,127,117,83,75
1,128,117,75,75
1,129,117,68,75
1,1,118,45,29
1,2,118,54,29
1,3,118,46,29
1,4,118,43,29
1,5,118,39,29
1,6,118,34,29
1,7,118,55,29
1,8,118,60,29
1,9,118,50,29
1,10,118,42,29
1,11,118,41,29
1,12,118,49,29
1,13,118,38,29
1,14,118,32,29
1,15,118,37,29
1,16,118,48,29
1,17,118,40,29
1,18,118,35,29
1,19,118,57,29
1,20,118,89,29
1,21,118,44,29
1,22,118,94,29
1,23,118,98,29
1,24,118,53,29
1,25,118,92,29
1,26,118,84,29
1,27,118,88,29
1,28,118,96,29
1,29,118,105,29
1,30,118,58,29
1,31,118,108,29
1,32,118,106,29
1,33,118,19,29
1,34,118,47,29
1,35,118,107,29
1,36,118,97,29
1,37,118,99,29
1,38,118,95,29
1,39,118,90,29
1,40,118,104,29
1,41,118,102,29
1,42,118,59,29
1,43,118,33,29
1,44,118,86,29
1,45,118,31,29
1,46,118,91,29
1,47,118,100,29
1,48,118,36,29
1,49,118,109,29
1,50,118,27,29
1,51,118,5,29
1,52,118,87,29
1,53,118,101,29
1,54,118,51,29
1,55,118,103,29
1,56,118,9,29
1,57,118,6,29
1,58,118,16,29
1,59,118,93,29
1,60,118,11,29
1,61,118,56,29
1,62,118,14,29
1,63,118,24,29
1,64,118,26,29
1,65,118,85,29
1,66,118,7,29
1,67,118,52,29
1,68,118,1,29
1,69,118,23,29
1,70,118,10,29
1,71,118,28,29
1,72,118,13,29
1,73,118,15,29
1,74,118,29,29
1,75,118,17,29
1,76,118,30,29
1,77,118,64,29
1,78,118,115,29
1,79,118,116,29
1,80,118,123,29
1,81,118,2,29
1,82,118,119,29
1,83,118,120,29
1,84,118,126,29
1,85,118,8,29
1,86,118,117,29
1,87,118,4,29
1,88,118,125,29
1,89,118,25,29
1,90,118,110,29
1,91,118,122,29
1,92,118,129,29
1,93,118,3,29
1,94,118,22,29
1,95,118,128,29
1,96,118,18,29
1,97,118,114,29
1,98,118,20,29
1,99,118,127,29
1,100,118,113,29
1,101,118,112,29
1,102,118,67,29
1,103,118,124,29
1,104,118,62,29
1,105,118,12,29
1,106,118,79,29
1,107,118,21,29
1,108,118,74,29
1,109,118,70,29
1,110,118,73,29
1,111,118,81,29
1,112,118,77,29
1,113,118,78,29
1,114,118,80,29
1,115,118,71,29
1,116,118,72,29
1,117,118,76,29
1,118,118,82,29
1,119,118,61,29
1,120,118,121,29
1,121,118,111,29
1,122,118,69,29
1,123,118,65,29
1,124,118,118,29
1,125,118,63,29
1,126,118,66,29
1,127,118,83,29
1,128,118,75,29
1,129,118,68,29
1,1,119,45,165
1,2,119,54,165
1,3,119,46,165
1,4,119,43,165
1,5,119,39,165
1,6,119,34,165
1,7,119,55,165
1,8,119,60,165
1,9,119,50,165
1,10,119,42,165
1,11,119,41,165
1,12,119,49,165
1,13,119,38,165
1,14,119,32,165
1,15,119,37,165
1,16,119,48,165
1,17,119,40,165
1,18,119,35,165
1,19,119,57,165
1,20,119,89,165
1,21,119,44,165
1,22,119,94,165
1,23,119,98,165
1,24,119,53,165
1,25,119,92,165
1,26,119,84,165
1,27,119,88,165
1,28,119,96,165
1,29,119,105,165
1,30,119,58,165
1,31,119,108,165
1,32,119,106,165
1,33,119,19,165
1,34,119,47,165
1,35,119,107,165
1,36,119,97,165
1,37,119,99,165
1,38,119,95,165
1,39,119,90,165
1,40,119,104,165
1,41,119,102,165
1,42,119,59,165
1,43,119,33,165
1,44,119,86,165
1,45,119,31,165
1,46,119,91,165
1,47,119,100,165
1,48,119,36,165
1,49,119,109,165
1,50,119,27,165
1,51,119,5,165
1,52,119,87,165
1,53,119,101,165
1,54,119,51,165
1,55,119,103,165
1,56,119,9,165
1,57,119,6,165
1,58,119,16,165
1,59,119,93,165
1,60,119,11,165
1,61,119,56,165
1,62,119,14,165
1,63,119,24,165
1,64,119,26,165
1,65,119,85,165
1,66,119,7,165
1,67,119,52,165
1,68,119,1,165
1,69,119,23,165
1,70,119,10,165
1,71,119,28,165
1,72,119,13,165
1,73,119,15,165
1,74,119,29,165
1,75,119,17,165
1,76,119,30,165
1,77,119,64,165
1,78,119,115,165
1,79,119,116,165
1,80,119,123,165
1,81,119,2,165
1,82,119,119,165
1,83,119,120,165
1,84,119,126,165
1,85,119,8,165
1,86,119,117,165
1,87,119,4,165
1,88,119,125,165
1,89,119,25,165
1,90,119,110,165
1,91,119,122,165
1,92,119,129,165
1,93,119,3,165
1,94,119,22,165
1,95,119,128,165
1,96,119,18,165
1,97,119,114,165
1,98,119,20,165
1,99,119,127,165
1,100,119,113,165
1,101,119,112,165
1,102,119,67,165
1,103,119,124,165
1,104,119,62,165
1,105,119,12,165
1,106,119,79,165
1,107,119,21,165
1,108,119,74,165
1,109,119,70,165
1,110,119,73,165
1,111,119,81,165
1,112,119,77,165
1,113,119,78,165
1,114,119,80,165
1,115,119,71,165
1,116,119,72,165
1,117,119,76,165
1,118,119,82,165
1,119,119,61,165
1,120,119,121,165
1,121,119,111,165
1,122,119,69,165
1,123,119,65,165
1,124,119,118,165
1,125,119,63,165
1,126,119,66,165
1,127,119,83,165
1,128,119,75,165
1,129,119,68,165
1,1,120,45,85
1,2,120,54,85
1,3,120,46,85
1,4,120,43,85
1,5,120,39,85
1,6,120,34,85
1,7,120,55,85
1,8,120,60,85
1,9,120,50,85
1,10,120,42,85
1,11,120,41,85
1,12,120,49,85
1,13,120,38,85
1,14,120,32,85
1,15,120,37,85
1,16,120,48,85
1,17,120,40,85
1,18,120,35,85
1,19,120,57,85
1,20,120,89,85
1,21,120,44,85
1,22,120,94,85
1,23,120,98,85
1,24,120,53,85
1,25,120,92,85
1,26,120,84,85
1,27,120,88,85
1,28,120,96,85
1,29,120,105,85
1,30,120,58,85
1,31,120,108,85
1,32,120,106,85
1,33,120,19,85
1,34,120,47,85
1,35,120,107,85
1,36,120,97,85
1,37,120,99,85
1,38,120,95,85
1,39,120,90,85
1,40,120,104,85
1,41,120,102,85
1,42,120,59,85
1,43,120,33,85
1,44,120,86,85
1,45,120,31,85
1,46,120,91,85
1,47,120,100,85
1,48,120,36,85
1,49,120,109,85
1,50,120,27,85
1,51,120,5,85
1,52,120,87,85
1,53,120,101,85
1,54,120,51,85
1,55,120,103,85
1,56,120,9,85
1,57,120,6,85
1,58,120,16,85
1,59,120,93,85
1,60,120,11,85
1,61,120,56,85
1,62,120,14,85
1,63,120,24,85
1,64,120,26,85
1,65,120,85,85
1,66,120,7,85
1,67,120,52,85
1,68,120,1,85
1,69,120,23,85
1,70,120,10,85
1,71,120,28,85
1,72,120,13,85
1,73,120,15,85
1,74,120,29,85
1,75,120,17,85
1,76,120,30,85
1,77,120,64,85
1,78,120,115,85
1,79,120,116,85
1,80,120,123,85
1,81,120,2,85
1,82,120,119,85
1,83,120,120,85
1,84,120,126,85
1,85,120,8,85
1,86,120,117,85
1,87,120,4,85
1,88,120,125,85
1,89,120,25,85
1,90,120,110,85
1,91,120,122,85
1,92,120,129,85
1,93,120,3,85
1,94,120,22,85
1,95,120,128,85
1,96,120,18,85
1,97,120,114,85
1,98,120,20,85
1,99,120,127,85
1,100,120,113,85
1,101,120,112,85
1,102,120,67,85
1,103,120,124,85
1,104,120,62,85
1,105,120,12,85
1,106,120,79,85
1,107,120,21,85
1,108,120,74,85
1,109,120,70,85
1,110,120,73,85
1,111,120,81,85
1,112,120,77,85
1,113,120,78,85
1,114,120,80,85
1,115,120,71,85
1,116,120,72,85
1,117,120,76,85
1,118,120,82,85
1,119,120,61,85
1,120,120,121,85
1,121,120,111,85
1,122,120,69,85
1,123,120,65,85
1,124,120,118,85
1,125,120,63,85
1,126,120,66,85
1,127,120,83,85
1,128,120,75,85
1,129,120,68,85
1,1,121,45,23
1,2,121,54,23
1,3,121,46,23
1,4,121,43,23
1,5,121,39,23
1,6,121,34,23
1,7,121,55,23
1,8,121,60,23
1,9,121,50,23
1,10,121,42,23
1,11,121,41,23
1,12,121,49,23
1,13,121,38,23
1,14,121,32,23
1,15,121,37,23
1,16,121,48,23
1,17,121,40,23
1,18,121,35,23
1,19,121,57,23
1,20,121,89,23
1,21,121,44,23
1,22,121,94,23
1,23,121,98,23
1,24,121,53,23
1,25,121,92,23
1,26,121,84,23
1,27,121,88,23
1,28,121,96,23
1,29,121,105,23
1,30,121,58,23
1,31,121,108,23
1,32,121,106,23
1,33,121,19,23
1,34,121,47,23
1,35,121,107,23
1,36,121,97,23
1,37,121,99,23
1,38,121,95,23
1,39,121,90,23
1,40,121,104,23
1,41,121,102,23
1,42,121,59,23
1,43,121,33,23
1,44,121,86,23
1,45,121,31,23
1,46,121,91,23
1,47,121,100,23
1,48,121,36,23
1,49,121,109,23
1,50,121,27,23
1,51,121,5,23
1,52,121,87,23
1,53,121,101,23
1,54,121,51,23
1,55,121,103,23
1,56,121,9,23
1,57,121,6,23
1,58,121,16,23
1,59,121,93,23
1,60,121,11,23
1,61,121,56,23
1,62,121,14,23
1,63,121,24,23
1,64,121,26,23
1,65,121,85,23
1,66,121,7,23
1,67,121,52,23
1,68,121,1,23
1,69,121,23,23
1,70,121,10,23
1,71,121,28,23
1,72,121,13,23
1,73,121,15,23
1,74,121,29,23
1,75,121,17,23
1,76,121,30,23
1,77,121,64,23
1,78,121,115,23
1,79,121,116,23
1,80,121,123,23
1,81,121,2,23
1,82,121,119,23
1,83,121,120,23
1,84,121,126,23
1,85,121,8,23
1,86,121,117,23
1,87,121,4,23
1,88,121,125,23
1,89,121,25,23
1,90,121,110,23
1,91,121,122,23
1,92,121,129,23
1,93,121,3,23
1,94,121,22,23
1,95,121,128,23
1,96,121,18,23
1,97,121,114,23
1,98,121,20,23
1,99,121,127,23
1,100,121,113,23
1,101,121,112,23
1,102,121,67,23
1,103,121,124,23
1,104,121,62,23
1,105,121,12,23
1,106,121,79,23
1,107,121,21,23
1,108,121,74,23
1,109,121,70,23
1,110,121,73,23
1,111,121,81,23
1,112,121,77,23
1,113,121,78,23
1,114,121,80,23
1,115,121,71,23
1,116,121,72,23
1,117,121,76,23
1,118,121,82,23
1,119,121,61,23
1,120,121,121,23
1,121,121,111,23
1,122,121,69,23
1,123,121,65,23
1,124,121,118,23
1,125,121,63,23
1,126,121,66,23
1,127,121,83,23
1,128,121,75,23
1,129,121,68,23
1,1,122,45,87
1,2,122,54,87
1,3,122,46,87
1,4,122,43,87
1,5,122,39,87
1,6,122,34,87
1,7,122,55,87
1,8,122,60,87
1,9,122,50,87
1,10,122,42,87
1,11,122,41,87
1,12,122,49,87
1,13,122,38,87
1,14,122,32,87
1,15,122,37,87
1,16,122,48,87
1,17,122,40,87
1,18,122,35,87
1,19,122,57,87
1,20,122,89,87
1,21,122,44,87
1,22,122,94,87
1,23,122,98,87
1,24,122,53,87
1,25,122,92,87
1,26,122,84,87
1,27,122,88,87
1,28,122,96,87
1,29,122,105,87
1,30,122,58,87
1,31,122,108,87
1,32,122,106,87
1,33,122,19,87
1,34,122,47,87
1,35,122,107,87
1,36,122,97,87
1,37,122,99,87
1,38,122,95,87
1,39,122,90,87
1,40,122,104,87
1,41,122,102,87
1,42,122,59,87
1,43,122,33,87
1,44,122,86,87
1,45,122,31,87
1,46,122,91,87
1,47,122,100,87
1,48,122,36,87
1,49,122,109,87
1,50,122,27,87
1,51,122,5,87
1,52,122,87,87
1,53,122,101,87
1,54,122,51,87
1,55,122,103,87
1,56,122,9,87
1,57,122,6,87
1,58,122,16,87
1,59,122,93,87
1,60,122,11,87
1,61,122,56,87
1,62,122,14,87
1,63,122,24,87
1,64,122,26,87
1,65,122,85,87
1,66,122,7,87
1,67,122,52,87
1,68,122,1,87
1,69,122,23,87
1,70,122,10,87
1,71,122,28,87
1,72,122,13,87
1,73,122,15,87
1,74,122,29,87
1,75,122,17,87
1,76,122,30,87
1,77,122,64,87
1,78,122,115,87
1,79,122,116,87
1,80,122,123,87
1,81,122,2,87
1,82,122,119,87
1,83,122,120,87
1,84,122,126,87
1,85,122,8,87
1,86,122,117,87
1,87,122,4,87
1,88,122,125,87
1,89,122,25,87
1,90,122,110,87
1,91,122,122,87
1,92,122,129,87
1,93,122,3,87
1,94,122,22,87
1,95,122,128,87
1,96,122,18,87
1,97,122,114,87
1,98,122,20,87
1,99,122,127,87
1,100,122,113,87
1,101,122,112,87
1,102,122,67,87
1,103,122,124,87
1,104,122,62,87
1,105,122,12,87
1,106,122,79,87
1,107,122,21,87
1,108,122,74,87
1,109,122,70,87
1,110,122,73,87
1,111,122,81,87
1,112,122,77,87
1,113,122,78,87
1,114,122,80,87
1,115,122,71,87
1,116,122,72,87
1,117,122,76,87
1,118,122,82,87
1,119,122,61,87
1,120,122,121,87
1,121,122,111,87
1,122,122,69,87
1,123,122,65,87
1,124,122,118,87
1,125,122,63,87
1,126,122,66,87
1,127,122,83,87
1,128,122,75,87
1,129,122,68,87
1,1,123,45,5
1,2,123,54,5
1,3,123,46,5
1,4,123,43,5
1,5,123,39,5
1,6,123,34,5
1,7,123,55,5
1,8,123,60,5
1,9,123,50,5
1,10,123,42,5
1,11,123,41,5
1,12,123,49,5
1,13,123,38,5
1,14,123,32,5
1,15,123,37,5
1,16,123,48,5
1,17,123,40,5
1,18,123,35,5
1,19,123,57,5
1,20,123,89,5
1,21,123,44,5
1,22,123,94,5
1,23,123,98,5
1,24,123,53,5
1,25,123,92,5
1,26,123,84,5
1,27,123,88,5
1,28,123,96,5
1,29,123,105,5
1,30,123,58,5
1,31,123,108,5
1,32,123,106,5
1,33,123,19,5
1,34,123,47,5
1,35,123,107,5
1,36,123,97,5
1,37,123,99,5
1,38,123,95,5
1,39,123,90,5
1,40,123,104,5
1,41,123,102,5
1,42,123,59,5
1,43,123,33,5
1,44,123,86,5
1,45,123,31,5
1,46,123,91,5
1,47,123,100,5
1,48,123,36,5
1,49,123,109,5
1,50,123,27,5
1,51,123,5,5
1,52,123,87,5
1,53,123,101,5
1,54,123,51,5
1,55,123,103,5
1,56,123,9,5
1,57,123,6,5
1,58,123,16,5
1,59,123,93,5
1,60,123,11,5
1,61,123,56,5
1,62,123,14,5
1,63,123,24,5
1,64,123,26,5
1,65,123,85,5
1,66,123,7,5
1,67,123,52,5
1,68,123,1,5
1,69,123,23,5
1,70,123,10,5
1,71,123,28,5
1,72,123,13,5
1,73,123,15,5
1,74,123,29,5
1,75,123,17,5
1,76,123,30,5
1,77,123,64,5
1,78,123,115,5
1,79,123,116,5
1,80,123,123,5
1,81,123,2,5
1,82,123,119,5
1,83,123,120,5
1,84,123,126,5
1,85,123,8,5
1,86,123,117,5
1,87,123,4,5
1,88,123,125,5
1,89,123,25,5
1,90,123,110,5
1,91,123,122,5
1,92,123,129,5
1,93,123,3,5
1,94,123,22,5
1,95,123,128,5
1,96,123,18,5
1,97,123,114,5
1,98,123,20,5
1,99,123,127,5
1,100,123,113,5
1,101,123,112,5
1,102,123,67,5
1,103,123,124,5
1,104,123,62,5
1,105,123,12,5
1,106,123,79,5
1,107,123,21,5
1,108,123,74,5
1,109,123,70,5
1,110,123,73,5
1,111,123,81,5
1,112,123,77,5
1,113,123,78,5
1,114,123,80,5
1,115,123,71,5
1,116,123,72,5
1,117,123,76,5
1,118,123,82,5
1,119,123,61,5
1,120,123,121,5
1,121,123,111,5
1,122,123,69,5
1,123,123,65,5
1,124,123,118,5
1,125,123,63,5
1,126,123,66,5
1,127,123,83,5
1,128,123,75,5
1,129,123,68,5
1,1,124,45,53
1,2,124,54,53
1,3,124,46,53
1,4,124,43,53
1,5,124,39,53
1,6,124,34,53
1,7,124,55,53
1,8,124,60,53
1,9,124,50,53
1,10,124,42,53
1,11,124,41,53
1,12,124,49,53
1,13,124,38,53
1,14,124,32,53
1,15,124,37,53
1,16,124,48,53
1,17,124,40,53
1,18,124,35,53
1,19,124,57,53
1,20,124,89,53
1,21,124,44,53
1,22,124,94,53
1,23,124,98,53
1,24,124,53,53
1,25,124,92,53
1,26,124,84,53
1,27,124,88,53
1,28,124,96,53
1,29,124,105,53
1,30,124,58,53
1,31,124,108,53
1,32,124,106,53
1,33,124,19,53
1,34,124,47,53
1,35,124,107,53
1,36,124,97,53
1,37,124,99,53
1,38,124,95,53
1,39,124,90,53
1,40,124,104,53
1,41,124,102,53
1,42,124,59,53
1,43,124,33,53
1,44,124,86,53
1,45,124,31,53
1,46,124,91,53
1,47,124,100,53
1,48,124,36,53
1,49,124,109,53
1,50,124,27,53
1,51,124,5,53
1,52,124,87,53
1,53,124,101,53
1,54,124,51,53
1,55,124,103,53
1,56,124,9,53
1,57,124,6,53
1,58,124,16,53
1,59,124,93,53
1,60,124,11,53
1,61,124,56,53
1,62,124,14,53
1,63,124,24,53
1,64,124,26,53
1,65,124,85,53
1,66,124,7,53
1,67,124,52,53
1,68,124,1,53
1,69,124,23,53
1,70,124,10,53
1,71,124,28,53
1,72,124,13,53
1,73,124,15,53
1,74,124,29,53
1,75,124,17,53
1,76,124,30,53
1,77,124,64,53
1,78,124,115,53
1,79,124,116,53
1,80,124,123,53
1,81,124,2,53
1,82,124,119,53
1,83,124,120,53
1,84,124,126,53
1,85,124,8,53
1,86,124,117,53
1,87,124,4,53
1,88,124,125,53
1,89,124,25,53
1,90,124,110,53
1,91,124,122,53
1,92,124,129,53
1,93,124,3,53
1,94,124,22,53
1,95,124,128,53
1,96,124,18,53
1,97,124,114,53
1,98,124,20,53
1,99,124,127,53
1,100,124,113,53
1,101,124,112,53
1,102,124,67,53
1,103,124,124,53
1,104,124,62,53
1,105,124,12,53
1,106,124,79,53
1,107,124,21,53
1,108,124,74,53
1,109,124,70,53
1,110,124,73,53
1,111,124,81,53
1,112,124,77,53
1,113,124,78,53
1,114,124,80,53
1,115,124,71,53
1,116,124,72,53
1,117,124,76,53
1,118,124,82,53
1,119,124,61,53
1,120,124,121,53
1,121,124,111,53
1,122,124,69,53
1,123,124,65,53
1,124,124,118,53
1,125,124,63,53
1,126,124,66,53
1,127,124,83,53
1,128,124,75,53
1,129,124,68,53
1,1,125,45,124
1,2,125,54,124
1,3,125,46,124
1,4,125,43,124
1,5,125,39,124
1,6,125,34,124
1,7,125,55,124
1,8,125,60,124
1,9,125,50,124
1,10,125,42,124
1,11,125,41,124
1,12,125,49,124
1,13,125,38,124
1,14,125,32,124
1,15,125,37,124
1,16,125,48,124
1,17,125,40,124
1,18,125,35,124
1,19,125,57,124
1,20,125,89,124
1,21,125,44,124
1,22,125,94,124
1,23,125,98,124
1,24,125,53,124
1,25,125,92,124
1,26,125,84,124
1,27,125,88,124
1,28,125,96,124
1,29,125,105,124
1,30,125,58,124
1,31,125,108,124
1,32,125,106,124
1,33,125,19,124
1,34,125,47,124
1,35,125,107,124
1,36,125,97,124
1,37,125,99,124
1,38,125,95,124
1,39,125,90,124
1,40,125,104,124
1,41,125,102,124
1,42,125,59,124
1,43,125,33,124
1,44,125,86,124
1,45,125,31,124
1,46,125,91,124
1,47,125,100,124
1,48,125,36,124
1,49,125,109,124
1,50,125,27,124
1,51,125,5,124
1,52,125,87,124
1,53,125,101,124
1,54,125,51,124
1,55,125,103,124
1,56,125,9,124
1,57,125,6,124
1,58,125,16,124
1,59,125,93,124
1,60,125,11,124
1,61,125,56,124
1,62,125,14,124
1,63,125,24,124
1,64,125,26,124
1,65,125,85,124
1,66,125,7,124
1,67,125,52,124
1,68,125,1,124
1,69,125,23,124
1,70,125,10,124
1,71,125,28,124
1,72,125,13,124
1,73,125,15,124
1,74,125,29,124
1,75,125,17,124
1,76,125,30,124
1,77,125,64,124
1,78,125,115,124
1,79,125,116,124
1,80,125,123,124
1,81,125,2,124
1,82,125,119,124
1,83,125,120,124
1,84,125,126,124
1,85,125,8,124
1,86,125,117,124
1,87,125,4,124
1,88,125,125,124
1,89,125,25,124
1,90,125,110,124
1,91,125,122,124
1,92,125,129,124
1,93,125,3,124
1,94,125,22,124
1,95,125,128,124
1,96,125,18,124
1,97,125,114,124
1,98,125,20,124
1,99,125,127,124
1,100,125,113,124
1,101,125,112,124
1,102,125,67,124
1,103,125,124,124
1,104,125,62,124
1,105,125,12,124
1,106,125,79,124
1,107,125,21,124
1,108,125,74,124
1,109,125,70,124
1,110,125,73,124
1,111,125,81,124
1,112,125,77,124
1,113,125,78,124
1,114,125,80,124
1,115,125,71,124
1,116,125,72,124
1,117,125,76,124
1,118,125,82,124
1,119,125,61,124
1,120,125,121,124
1,121,125,111,124
1,122,125,69,124
1,123,125,65,124
1,124,125,118,124
1,125,125,63,124
1,126,125,66,124
1,127,125,83,124
1,128,125,75,124
1,129,125,68,124
1,1,126,45,107
1,2,126,54,107
1,3,126,46,107
1,4,126,43,107
1,5,126,39,107
1,6,126,34,107
1,7,126,55,107
1,8,126,60,107
1,9,126,50,107
1,10,126,42,107
1,11,126,41,107
1,12,126,49,107
1,13,126,38,107
1,14,126,32,107
1,15,126,37,107
1,16,126,48,107
1,17,126,40,107
1,18,126,35,107
1,19,126,57,107
1,20,126,89,107
1,21,126,44,107
1,22,126,94,107
1,23,126,98,107
1,24,126,53,107
1,25,126,92,107
1,26,126,84,107
1,27,126,88,107
1,28,126,96,107
1,29,126,105,107
1,30,126,58,107
1,31,126,108,107
1,32,126,106,107
1,33,126,19,107
1,34,126,47,107
1,35,126,107,107
1,36,126,97,107
1,37,126,99,107
1,38,126,95,107
1,39,126,90,107
1,40,126,104,107
1,41,126,102,107
1,42,126,59,107
1,43,126,33,107
1,44,126,86,107
1,45,126,31,107
1,46,126,91,107
1,47,126,100,107
1,48,126,36,107
1,49,126,109,107
1,50,126,27,107
1,51,126,5,107
1,52,126,87,107
1,53,126,101,107
1,54,126,51,107
1,55,126,103,107
1,56,126,9,107
1,57,126,6,107
1,58,126,16,107
1,59,126,93,107
1,60,126,11,107
1,61,126,56,107
1,62,126,14,107
1,63,126,24,107
1,64,126,26,107
1,65,126,85,107
1,66,126,7,107
1,67,126,52,107
1,68,126,1,107
1,69,126,23,107
1,70,126,10,107
1,71,126,28,107
1,72,126,13,107
1,73,126,15,107
1,74,126,29,107
1,75,126,17,107
1,76,126,30,107
1,77,126,64,107
1,78,126,115,107
1,79,126,116,107
1,80,126,123,107
1,81,126,2,107
1,82,126,119,107
1,83,126,120,107
1,84,126,126,107
1,85,126,8,107
1,86,126,117,107
1,87,126,4,107
1,88,126,125,107
1,89,126,25,107
1,90,126,110,107
1,91,126,122,107
1,92,126,129,107
1,93,126,3,107
1,94,126,22,107
1,95,126,128,107
1,96,126,18,107
1,97,126,114,107
1,98,126,20,107
1,99,126,127,107
1,100,126,113,107
1,101,126,112,107
1,102,126,67,107
1,103,126,124,107
1,104,126,62,107
1,105,126,12,107
1,106,126,79,107
1,107,126,21,107
1,108,126,74,107
1,109,126,70,107
1,110,126,73,107
1,111,126,81,107
1,112,126,77,107
1,113,126,78,107
1,114,126,80,107
1,115,126,71,107
1,116,126,72,107
1,117,126,76,107
1,118,126,82,107
1,119,126,61,107
1,120,126,121,107
1,121,126,111,107
1,122,126,69,107
1,123,126,65,107
1,124,126,118,107
1,125,126,63,107
1,126,126,66,107
1,127,126,83,107
1,128,126,75,107
1,129,126,68,107
1,1,127,45,118
1,2,127,54,118
1,3,127,46,118
1,4,127,43,118
1,5,127,39,118
1,6,127,34,118
1,7,127,55,118
1,8,127,60,118
1,9,127,50,118
1,10,127,42,118
1,11,127,41,118
1,12,127,49,118
1,13,127,38,118
1,14,127,32,118
1,15,127,37,118
1,16,127,48,118
1,17,127,40,118
1,18,127,35,118
1,19,127,57,118
1,20,127,89,118
1,21,127,44,118
1,22,127,94,118
1,23,127,98,118
1,24,127,53,118
1,25,127,92,118
1,26,127,84,118
1,27,127,88,118
1,28,127,96,118
1,29,127,105,118
1,30,127,58,118
1,31,127,108,118
1,32,127,106,118
1,33,127,19,118
1,34,127,47,118
1,35,127,107,118
1,36,127,97,118
1,37,127,99,118
1,38,127,95,118
1,39,127,90,118
1,40,127,104,118
1,41,127,102,118
1,42,127,59,118
1,43,127,33,118
1,44,127,86,118
1,45,127,31,118
1,46,127,91,118
1,47,127,100,118
1,48,127,36,118
1,49,127,109,118
1,50,127,27,118
1,51,127,5,118
1,52,127,87,118
1,53,127,101,118
1,54,127,51,118
1,55,127,103,118
1,56,127,9,118
1,57,127,6,118
1,58,127,16,118
1,59,127,93,118
1,60,127,11,118
1,61,127,56,118
1,62,127,14,118
1,63,127,24,118
1,64,127,26,118
1,65,127,85,118
1,66,127,7,118
1,67,127,52,118
1,68,127,1,118
1,69,127,23,118
1,70,127,10,118
1,71,127,28,118
1,72,127,13,118
1,73,127,15,118
1,74,127,29,118
1,75,127,17,118
1,76,127,30,118
1,77,127,64,118
1,78,127,115,118
1,79,127,116,118
1,80,127,123,118
1,81,127,2,118
1,82,127,119,118
1,83,127,120,118
1,84,127,126,118
1,85,127,8,118
1,86,127,117,118
1,87,127,4,118
1,88,127,125,118
1,89,127,25,118
1,90,127,110,118
1,91,127,122,118
1,92,127,129,118
1,93,127,3,118
1,94,127,22,118
1,95,127,128,118
1,96,127,18,118
1,97,127,114,118
1,98,127,20,118
1,99,127,127,118
1,100,127,113,118
1,101,127,112,118
1,102,127,67,118
1,103,127,124,118
1,104,127,62,118
1,105,127,12,118
1,106,127,79,118
1,107,127,21,118
1,108,127,74,118
1,109,127,70,118
1,110,127,73,118
1,111,127,81,118
1,112,127,77,118
1,113,127,78,118
1,114,127,80,118
1,115,127,71,118
1,116,127,72,118
1,117,127,76,118
1,118,127,82,118
1,119,127,61,118
1,120,127,121,118
1,121,127,111,118
1,122,127,69,118
1,123,127,65,118
1,124,127,118,118
1,125,127,63,118
1,126,127,66,118
1,127,127,83,118
1,128,127,75,118
1,129,127,68,118
1,1,128,45,96
1,2,128,54,96
1,3,128,46,96
1,4,128,43,96
1,5,128,39,96
1,6,128,34,96
1,7,128,55,96
1,8,128,60,96
1,9,128,50,96
1,10,128,42,96
1,11,128,41,96
1,12,128,49,96
1,13,128,38,96
1,14,128,32,96
1,15,128,37,96
1,16,128,48,96
1,17,128,40,96
1,18,128,35,96
1,19,128,57,96
1,20,128,89,96
1,21,128,44,96
1,22,128,94,96
1,23,128,98,96
1,24,128,53,96
1,25,128,92,96
1,26,128,84,96
1,27,128,88,96
1,28,128,96,96
1,29,128,105,96
1,30,128,58,96
1,31,128,108,96
1,32,128,106,96
1,33,128,19,96
1,34,128,47,96
1,35,128,107,96
1,36,128,97,96
1,37,128,99,96
1,38,128,95,96
1,39,128,90,96
1,40,128,104,96
1,41,128,102,96
1,42,128,59,96
1,43,128,33,96
1,44,128,86,96
1,45,128,31,96
1,46,128,91,96
1,47,128,100,96
1,48,128,36,96
1,49,128,109,96
1,50,128,27,96
1,51,128,5,96
1,52,128,87,96
1,53,128,101,96
1,54,128,51,96
1,55,128,103,96
1,56,128,9,96
1,57,128,6,96
1,58,128,16,96
1,59,128,93,96
1,60,128,11,96
1,61,128,56,96
1,62,128,14,96
1,63,128,24,96
1,64,128,26,96
1,65,128,85,96
1,66,128,7,96
1,67,128,52,96
1,68,128,1,96
1,69,128,23,96
1,70,128,10,96
1,71,128,28,96
1,72,128,13,96
1,73,128,15,96
1,74,128,29,96
1,75,128,17,96
1,76,128,30,96
1,77,128,64,96
1,78,128,115,96
1,79,128,116,96
1,80,128,123,96
1,81,128,2,96
1,82,128,119,96
1,83,128,120,96
1,84,128,126,96
1,85,128,8,96
1,86,128,117,96
1,87,128,4,96
1,88,128,125,96
1,89,128,25,96
1,90,128,110,96
1,91,128,122,96
1,92,128,129,96
1,93,128,3,96
1,94,128,22,96
1,95,128,128,96
1,96,128,18,96
1,97,128,114,96
1,98,128,20,96
1,99,128,127,96
1,100,128,113,96
1,101,128,112,96
1,102,128,67,96
1,103,128,124,96
1,104,128,62,96
1,105,128,12,96
1,106,128,79,96
1,107,128,21,96
1,108,128,74,96
1,109,128,70,96
1,110,128,73,96
1,111,128,81,96
1,112,128,77,96
1,113,128,78,96
1,114,128,80,96
1,115,128,71,96
1,116,128,72,96
1,117,128,76,96
1,118,128,82,96
1,119,128,61,96
1,120,128,121,96
1,121,128,111,96
1,122,128,69,96
1,123,128,65,96
1,124,128,118,96
1,125,128,63,96
1,126,128,66,96
1,127,128,83,96
1,128,128,75,96
1,129,128,68,96
1,1,129,45,203
1,2,129,54,203
1,3,129,46,203
1,4,129,43,203
1,5,129,39,203
1,6,129,34,203
1,7,129,55,203
1,8,129,60,203
1,9,129,50,203
1,10,129,42,203
1,11,129,41,203
1,12,129,49,203
1,13,129,38,203
1,14,129,32,203
1,15,129,37,203
1,16,129,48,203
1,17,129,40,203
1,18,129,35,203
1,19,129,57,203
1,20,129,89,203
1,21,129,44,203
1,22,129,94,203
1,23,129,98,203
1,24,129,53,203
1,25,129,92,203
1,26,129,84,203
1,27,129,88,203
1,28,129,96,203
1,29,129,105,203
1,30,129,58,203
1,31,129,108,203
1,32,129,106,203
1,33,129,19,203
1,34,129,47,203
1,35,129,107,203
1,36,129,97,203
1,37,129,99,203
1,38,129,95,203
1,39,129,90,203
1,40,129,104,203
1,41,129,102,203
1,42,129,59,203
1,43,129,33,203
1,44,129,86,203
1,45,129,31,203
1,46,129,91,203
1,47,129,100,203
1,48,129,36,203
1,49,129,109,203
1,50,129,27,203
1,51,129,5,203
1,52,129,87,203
1,53,129,101,203
1,54,129,51,203
1,55,129,103,203
1,56,129,9,203
1,57,129,6,203
1,58,129,16,203
1,59,129,93,203
1,60,129,11,203
1,61,129,56,203
1,62,129,14,203
1,63,129,24,203
1,64,129,26,203
1,65,129,85,203
1,66,129,7,203
1,67,129,52,203
1,68,129,1,203
1,69,129,23,203
1,70,129,10,203
1,71,129,28,203
1,72,129,13,203
1,73,129,15,203
1,74,129,29,203
1,75,129,17,203
1,76,129,30,203
1,77,129,64,203
1,78,129,115,203
1,79,129,116,203
1,80,129,123,203
1,81,129,2,203
1,82,129,119,203
1,83,129,120,203
1,84,129,126,203
1,85,129,8,203
1,86,129,117,203
1,87,129,4,203
1,88,129,125,203
1,89,129,25,203
1,90,129,110,203
1,91,129,122,203
1,92,129,129,203
1,93,129,3,203
1,94,129,22,203
1,95,129,128,203
1,96,129,18,203
1,97,129,114,203
1,98,129,20,203
1,99,129,127,203
1,100,129,113,203
1,101,129,112,203
1,102,129,67,203
1,103,129,124,203
1,104,129,62,203
1,105,129,12,203
1,106,129,79,203
1,107,129,21,203
1,108,129,74,203
1,109,129,70,203
1,110,129,73,203
1,111,129,81,203
1,112,129,77,203
1,113,129,78,203
1,114,129,80,203
1,115,129,71,203
1,116,129,72,203
1,117,129,76,203
1,118,129,82,203
1,119,129,61,203
1,120,129,121,203
1,121,129,111,203
1,122,129,69,203
1,123,129,65,203
1,124,129,118,203
1,125,129,63,203
1,126,129,66,203
1,127,129,83,203
1,128,129,75,203
1,129,129,68,203
1,1,130,45,197
1,2,130,54,197
1,3,130,46,197
1,4,130,43,197
1,5,130,39,197
1,6,130,34,197
1,7,130,55,197
1,8,130,60,197
1,9,130,50,197
1,10,130,42,197
1,11,130,41,197
1,12,130,49,197
1,13,130,38,197
1,14,130,32,197
1,15,130,37,197
1,16,130,48,197
1,17,130,40,197
1,18,130,35,197
1,19,130,57,197
1,20,130,89,197
1,21,130,44,197
1,22,130,94,197
1,23,130,98,197
1,24,130,53,197
1,25,130,92,197
1,26,130,84,197
1,27,130,88,197
1,28,130,96,197
1,29,130,105,197
1,30,130,58,197
1,31,130,108,197
1,32,130,106,197
1,33,130,19,197
1,34,130,47,197
1,35,130,107,197
1,36,130,97,197
1,37,130,99,197
1,38,130,95,197
1,39,130,90,197
1,40,130,104,197
1,41,130,102,197
1,42,130,59,197
1,43,130,33,197
1,44,130,86,197
1,45,130,31,197
1,46,130,91,197
1,47,130,100,197
1,48,130,36,197
1,49,130,109,197
1,50,130,27,197
1,51,130,5,197
1,52,130,87,197
1,53,130,101,197
1,54,130,51,197
1,55,130,103,197
1,56,130,9,197
1,57,130,6,197
1,58,130,16,197
1,59,130,93,197
1,60,130,11,197
1,61,130,56,197
1,62,130,14,197
1,63,130,24,197
1,64,130,26,197
1,65,130,85,197
1,66,130,7,197
1,67,130,52,197
1,68,130,1,197
1,69,130,23,197
1,70,130,10,197
1,71,130,28,197
1,72,130,13,197
1,73,130,15,197
1,74,130,29,197
1,75,130,17,197
1,76,130,30,197
1,77,130,64,197
1,78,130,115,197
1,79,130,116,197
1,80,130,123,197
1,81,130,2,197
1,82,130,119,197
1,83,130,120,197
1,84,130,126,197
1,85,130,8,197
1,86,130,117,197
1,87,130,4,197
1,88,130,125,197
1,89,130,25,197
1,90,130,110,197
1,91,130,122,197
1,92,130,129,197
1,93,130,3,197
1,94,130,22,197
1,95,130,128,197
1,96,130,18,197
1,97,130,114,197
1,98,130,20,197
1,99,130,127,197
1,100,130,113,197
1,101,130,112,197
1,102,130,67,197
1,103,130,124,197
1,104,130,62,197
1,105,130,12,197
1,106,130,79,197
1,107,130,21,197
1,108,130,74,197
1,109,130,70,197
1,110,130,73,197
1,111,130,81,197
1,112,130,77,197
1,113,130,78,197
1,114,130,80,197
1,115,130,71,197
1,116,130,72,197
1,117,130,76,197
1,118,130,82,197
1,119,130,61,197
1,120,130,121,197
1,121,130,111,197
1,122,130,69,197
1,123,130,65,197
1,124,130,118,197
1,125,130,63,197
1,126,130,66,197
1,127,130,83,197
1,128,130,75,197
1,129,130,68,197
1,1,131,45,119
1,2,131,54,119
1,3,131,46,119
1,4,131,43,119
1,5,131,39,119
1,6,131,34,119
1,7,131,55,119
1,8,131,60,119
1,9,131,50,119
1,10,131,42,119
1,11,131,41,119
7,12,131,49,119
7,13,131,38,119
7,14,131,32,119
7,15,131,37,119
7,16,131,48,119
7,17,131,40,119
7,18,131,35,119
7,19,131,57,119
8,20,131,89,119
8,21,131,44,119
8,22,131,94,119
8,23,131,98,119
8,24,131,53,119
8,25,131,92,119
8,26,131,84,119
8,27,131,88,119
8,28,131,96,119
1,29,131,105,119
1,30,131,58,119
1,31,131,108,119
1,32,131,106,119
1,33,131,19,119
1,34,131,47,119
1,35,131,107,119
1,36,131,97,119
1,37,131,99,119
1,38,131,95,119
1,39,131,90,119
1,40,131,104,119
1,41,131,102,119
1,42,131,59,119
1,43,131,33,119
1,44,131,86,119
1,45,131,31,119
1,46,131,91,119
1,47,131,100,119
1,48,131,36,119
1,49,131,109,119
1,50,131,27,119
1,51,131,5,119
1,52,131,87,119
1,53,131,101,119
1,54,131,51,119
1,55,131,103,119
1,56,131,9,119
1,57,131,6,119
1,58,131,16,119
1,59,131,93,119
1,60,131,11,119
1,61,131,56,119
1,62,131,14,119
1,63,131,24,119
1,64,131,26,119
1,65,131,85,119
1,66,131,7,119
1,67,131,52,119
1,68,131,1,119
1,69,131,23,119
1,70,131,10,119
1,71,131,28,119
1,72,131,13,119
1,73,131,15,119
1,74,131,29,119
1,75,131,17,119
1,76,131,30,119
1,77,131,64,119
1,78,131,115,119
1,79,131,116,119
1,80,131,123,119
1,81,131,2,119
1,82,131,119,119
1,83,131,120,119
1,84,131,126,119
1,85,131,8,119
1,86,131,117,119
1,87,131,4,119
11,88,131,125,119
11,89,131,25,119
11,90,131,110,119
11,91,131,122,119
11,92,131,129,119
11,93,131,3,119
11,94,131,22,119
11,95,131,128,119
11,96,131,18,119
11,97,131,114,119
11,98,131,20,119
11,99,131,127,119
11,100,131,113,119
11,101,131,112,119
11,102,131,67,119
11,103,131,124,119
11,104,131,62,119
11,105,131,12,119
11,106,131,79,119
11,107,131,21,119
11,108,131,74,119
11,109,131,70,119
11,110,131,73,119
11,111,131,81,119
11,112,131,77,119
11,113,131,78,119
11,114,131,80,119
11,115,131,71,119
11,116,131,72,119
11,117,131,76,119
11,118,131,82,119
11,119,131,61,119
12,120,131,121,119
12,121,131,111,119
12,122,131,69,119
12,123,131,65,119
12,124,131,118,119
12,125,131,63,119
12,126,131,66,119
12,127,131,83,119
12,128,131,75,119
12,129,131,68,119
1,1,132,45,125
1,2,132,54,125
1,3,132,46,125
1,4,132,43,125
1,5,132,39,125
1,6,132,34,125
1,7,132,55,125
1,8,132,60,125
1,9,132,50,125
1,10,132,42,125
1,11,132,41,125
7,12,132,49,125
7,13,132,38,125
7,14,132,32,125
7,15,132,37,125
7,16,132,48,125
7,17,132,40,125
7,18,132,35,125
7,19,132,57,125
1,20,132,89,125
1,21,132,44,125
1,22,132,94,125
1,23,132,98,125
1,24,132,53,125
1,25,132,92,125
1,26,132,84,125
1,27,132,88,125
1,28,132,96,125
1,29,132,105,125
1,30,132,58,125
1,31,132,108,125
1,32,132,106,125
1,33,132,19,125
1,34,132,47,125
1,35,132,107,125
1,36,132,97,125
1,37,132,99,125
1,38,132,95,125
1,39,132,90,125
1,40,132,104,125
1,41,132,102,125
1,42,132,59,125
1,43,132,33,125
1,44,132,86,125
1,45,132,31,125
1,46,132,91,125
1,47,132,100,125
1,48,132,36,125
1,49,132,109,125
1,50,132,27,125
1,51,132,5,125
1,52,132,87,125
1,53,132,101,125
1,54,132,51,125
1,55,132,103,125
1,56,132,9,125
1,57,132,6,125
1,58,132,16,125
1,59,132,93,125
1,60,132,11,125
1,61,132,56,125
1,62,132,14,125
1,63,132,24,125
1,64,132,26,125
1,65,132,85,125
1,66,132,7,125
1,67,132,52,125
1,68,132,1,125
1,69,132,23,125
1,70,132,10,125
1,71,132,28,125
1,72,132,13,125
1,73,132,15,125
1,74,132,29,125
1,75,132,17,125
1,76,132,30,125
1,77,132,64,125
1,78,132,115,125
1,79,132,116,125
1,80,132,123,125
1,81,132,2,125
1,82,132,119,125
1,83,132,120,125
1,84,132,126,125
1,85,132,8,125
1,86,132,117,125
1,87,132,4,125
11,88,132,125,125
11,89,132,25,125
11,90,132,110,125
11,91,132,122,125
11,92,132,129,125
11,93,132,3,125
11,94,132,22,125
11,95,132,128,125
11,96,132,18,125
11,97,132,114,125
11,98,132,20,125
11,99,132,127,125
11,100,132,113,125
11,101,132,112,125
11,102,132,67,125
11,103,132,124,125
11,104,132,62,125
11,105,132,12,125
11,106,132,79,125
11,107,132,21,125
11,108,132,74,125
11,109,132,70,125
11,110,132,73,125
11,111,132,81,125
11,112,132,77,125
11,113,132,78,125
11,114,132,80,125
11,115,132,71,125
11,116,132,72,125
11,117,132,76,125
11,118,132,82,125
11,119,132,61,125
12,120,132,121,125
12,121,132,111,125
12,122,132,69,125
12,123,132,65,125
12,124,132,118,125
12,125,132,63,125
12,126,132,66,125
12,127,132,83,125
12,128,132,75,125
12,129,132,68,125
1,1,133,45,117
1,2,133,54,117
1,3,133,46,117
1,4,133,43,117
1,5,133,39,117
1,6,133,34,117
1,7,133,55,117
1,8,133,60,117
1,9,133,50,117
1,10,133,42,117
1,11,133,41,117
7,12,133,49,117
7,13,133,38,117
7,14,133,32,117
7,15,133,37,117
7,16,133,48,117
7,17,133,40,117
7,18,133,35,117
7,19,133,57,117
1,20,133,89,117
1,21,133,44,117
1,22,133,94,117
1,23,133,98,117
1,24,133,53,117
1,25,133,92,117
1,26,133,84,117
1,27,133,88,117
1,28,133,96,117
1,29,133,105,117
1,30,133,58,117
1,31,133,108,117
1,32,133,106,117
1,33,133,19,117
1,34,133,47,117
1,35,133,107,117
1,36,133,97,117
1,37,133,99,117
1,38,133,95,117
1,39,133,90,117
1,40,133,104,117
1,41,133,102,117
1,42,133,59,117
1,43,133,33,117
1,44,133,86,117
1,45,133,31,117
1,46,133,91,117
1,47,133,100,117
1,48,133,36,117
1,49,133,109,117
1,50,133,27,117
1,51,133,5,117
1,52,133,87,117
1,53,133,101,117
1,54,133,51,117
1,55,133,103,117
1,56,133,9,117
1,57,133,6,117
1,58,133,16,117
1,59,133,93,117
1,60,133,11,117
1,61,133,56,117
1,62,133,14,117
1,63,133,24,117
1,64,133,26,117
1,65,133,85,117
1,66,133,7,117
1,67,133,52,117
1,68,133,1,117
1,69,133,23,117
1,70,133,10,117
1,71,133,28,117
1,72,133,13,117
1,73,133,15,117
1,74,133,29,117
1,75,133,17,117
1,76,133,30,117
1,77,133,64,117
1,78,133,115,117
1,79,133,116,117
1,80,133,123,117
1,81,133,2,117
1,82,133,119,117
1,83,133,120,117
1,84,133,126,117
1,85,133,8,117
1,86,133,117,117
1,87,133,4,117
11,88,133,125,117
11,89,133,25,117
11,90,133,110,117
11,91,133,122,117
11,92,133,129,117
11,93,133,3,117
11,94,133,22,117
11,95,133,128,117
11,96,133,18,117
11,97,133,114,117
11,98,133,20,117
11,99,133,127,117
11,100,133,113,117
11,101,133,112,117
11,102,133,67,117
11,103,133,124,117
11,104,133,62,117
11,105,133,12,117
11,106,133,79,117
11,107,133,21,117
11,108,133,74,117
11,109,133,70,117
11,110,133,73,117
11,111,133,81,117
11,112,133,77,117
11,113,133,78,117
11,114,133,80,117
11,115,133,71,117
11,116,133,72,117
11,117,133,76,117
11,118,133,82,117
11,119,133,61,117
12,120,133,121,117
12,121,133,111,117
12,122,133,69,117
12,123,133,65,117
12,124,133,118,117
12,125,133,63,117
12,126,133,66,117
12,127,133,83,117
12,128,133,75,117
12,129,133,68,117
1,1,134,45,221
1,2,134,54,221
1,3,134,46,221
1,4,134,43,221
1,5,134,39,221
1,6,134,34,221
1,7,134,55,221
1,8,134,60,221
1,9,134,50,221
1,10,134,42,221
1,11,134,41,221
1,12,134,49,221
1,13,134,38,221
1,14,134,32,221
1,15,134,37,221
1,16,134,48,221
1,17,134,40,221
1,18,134,35,221
1,19,134,57,221
1,20,134,89,221
1,21,134,44,221
1,22,134,94,221
1,23,134,98,221
1,24,134,53,221
1,25,134,92,221
1,26,134,84,221
1,27,134,88,221
1,28,134,96,221
1,29,134,105,221
1,30,134,58,221
1,31,134,108,221
1,32,134,106,221
1,33,134,19,221
1,34,134,47,221
1,35,134,107,221
1,36,134,97,221
1,37,134,99,221
1,38,134,95,221
1,39,134,90,221
1,40,134,104,221
1,41,134,102,221
1,42,134,59,221
1,43,134,33,221
1,44,134,86,221
1,45,134,31,221
1,46,134,91,221
1,47,134,100,221
1,48,134,36,221
1,49,134,109,221
1,50,134,27,221
1,51,134,5,221
1,52,134,87,221
1,53,134,101,221
1,54,134,51,221
1,55,134,103,221
1,56,134,9,221
1,57,134,6,221
1,58,134,16,221
1,59,134,93,221
1,60,134,11,221
1,61,134,56,221
1,62,134,14,221
1,63,134,24,221
1,64,134,26,221
1,65,134,85,221
1,66,134,7,221
1,67,134,52,221
1,68,134,1,221
1,69,134,23,221
1,70,134,10,221
1,71,134,28,221
1,72,134,13,221
1,73,134,15,221
1,74,134,29,221
1,75,134,17,221
1,76,134,30,221
1,77,134,64,221
1,78,134,115,221
1,79,134,116,221
1,80,134,123,221
1,81,134,2,221
1,82,134,119,221
1,83,134,120,221
1,84,134,126,221
1,85,134,8,221
1,86,134,117,221
1,87,134,4,221
11,88,134,125,221
11,89,134,25,221
11,90,134,110,221
11,91,134,122,221
11,92,134,129,221
11,93,134,3,221
11,94,134,22,221
11,95,134,128,221
11,96,134,18,221
11,97,134,114,221
11,98,134,20,221
11,99,134,127,221
11,100,134,113,221
11,101,134,112,221
11,102,134,67,221
11,103,134,124,221
11,104,134,62,221
11,105,134,12,221
11,106,134,79,221
11,107,134,21,221
11,108,134,74,221
11,109,134,70,221
11,110,134,73,221
11,111,134,81,221
11,112,134,77,221
11,113,134,78,221
11,114,134,80,221
11,115,134,71,221
11,116,134,72,221
11,117,134,76,221
11,118,134,82,221
11,119,134,61,221
12,120,134,121,221
12,121,134,111,221
12,122,134,69,221
12,123,134,65,221
12,124,134,118,221
12,125,134,63,221
12,126,134,66,221
12,127,134,83,221
12,128,134,75,221
12,129,134,68,221
1,1,135,45,84
1,2,135,54,84
1,3,135,46,84
1,4,135,43,84
1,5,135,39,84
1,6,135,34,84
1,7,135,55,84
1,8,135,60,84
1,9,135,50,84
1,10,135,42,84
1,11,135,41,84
1,12,135,49,84
1,13,135,38,84
1,14,135,32,84
1,15,135,37,84
1,16,135,48,84
1,17,135,40,84
1,18,135,35,84
1,19,135,57,84
1,20,135,89,84
1,21,135,44,84
1,22,135,94,84
1,23,135,98,84
1,24,135,53,84
1,25,135,92,84
1,26,135,84,84
1,27,135,88,84
1,28,135,96,84
1,29,135,105,84
1,30,135,58,84
1,31,135,108,84
1,32,135,106,84
1,33,135,19,84
1,34,135,47,84
1,35,135,107,84
1,36,135,97,84
1,37,135,99,84
1,38,135,95,84
1,39,135,90,84
1,40,135,104,84
1,41,135,102,84
1,42,135,59,84
1,43,135,33,84
1,44,135,86,84
1,45,135,31,84
1,46,135,91,84
1,47,135,100,84
1,48,135,36,84
1,49,135,109,84
1,50,135,27,84
1,51,135,5,84
1,52,135,87,84
1,53,135,101,84
1,54,135,51,84
1,55,135,103,84
1,56,135,9,84
1,57,135,6,84
1,58,135,16,84
1,59,135,93,84
1,60,135,11,84
1,61,135,56,84
1,62,135,14,84
1,63,135,24,84
1,64,135,26,84
1,65,135,85,84
1,66,135,7,84
1,67,135,52,84
1,68,135,1,84
1,69,135,23,84
1,70,135,10,84
1,71,135,28,84
1,72,135,13,84
1,73,135,15,84
1,74,135,29,84
1,75,135,17,84
1,76,135,30,84
1,77,135,64,84
1,78,135,115,84
1,79,135,116,84
1,80,135,123,84
1,81,135,2,84
1,82,135,119,84
1,83,135,120,84
1,84,135,126,84
1,85,135,8,84
1,86,135,117,84
1,87,135,4,84
1,88,135,125,84
1,89,135,25,84
1,90,135,110,84
1,91,135,122,84
1,92,135,129,84
1,93,135,3,84
1,94,135,22,84
1,95,135,128,84
1,96,135,18,84
1,97,135,114,84
1,98,135,20,84
1,99,135,127,84
1,100,135,113,84
1,101,135,112,84
1,102,135,67,84
1,103,135,124,84
1,104,135,62,84
1,105,135,12,84
1,106,135,79,84
1,107,135,21,84
1,108,135,74,84
1,109,135,70,84
1,110,135,73,84
1,111,135,81,84
1,112,135,77,84
1,113,135,78,84
1,114,135,80,84
1,115,135,71,84
1,116,135,72,84
1,117,135,76,84
1,118,135,82,84
1,119,135,61,84
1,120,135,121,84
1,121,135,111,84
1,122,135,69,84
1,123,135,65,84
1,124,135,118,84
1,125,135,63,84
1,126,135,66,84
1,127,135,83,84
1,128,135,75,84
1,129,135,68,84
1,1,136,45,130
1,2,136,54,130
1,3,136,46,130
1,4,136,43,130
1,5,136,39,130
1,6,136,34,130
1,7,136,55,130
1,8,136,60,130
1,9,136,50,130
1,10,136,42,130
1,11,136,41,130
1,12,136,49,130
1,13,136,38,130
1,14,136,32,130
1,15,136,37,130
1,16,136,48,130
1,17,136,40,130
1,18,136,35,130
1,19,136,57,130
1,20,136,89,130
1,21,136,44,130
1,22,136,94,130
1,23,136,98,130
1,24,136,53,130
1,25,136,92,130
1,26,136,84,130
1,27,136,88,130
1,28,136,96,130
1,29,136,105,130
1,30,136,58,130
1,31,136,108,130
1,32,136,106,130
1,33,136,19,130
1,34,136,47,130
1,35,136,107,130
1,36,136,97,130
1,37,136,99,130
1,38,136,95,130
1,39,136,90,130
1,40,136,104,130
1,41,136,102,130
1,42,136,59,130
1,43,136,33,130
1,44,136,86,130
1,45,136,31,130
1,46,136,91,130
1,47,136,100,130
1,48,136,36,130
1,49,136,109,130
1,50,136,27,130
1,51,136,5,130
1,52,136,87,130
1,53,136,101,130
1,54,136,51,130
1,55,136,103,130
1,56,136,9,130
1,57,136,6,130
1,58,136,16,130
1,59,136,93,130
1,60,136,11,130
1,61,136,56,130
1,62,136,14,130
1,63,136,24,130
1,64,136,26,130
1,65,136,85,130
1,66,136,7,130
1,67,136,52,130
1,68,136,1,130
1,69,136,23,130
1,70,136,10,130
1,71,136,28,130
1,72,136,13,130
1,73,136,15,130
1,74,136,29,130
1,75,136,17,130
1,76,136,30,130
1,77,136,64,130
1,78,136,115,130
1,79,136,116,130
1,80,136,123,130
1,81,136,2,130
1,82,136,119,130
1,83,136,120,130
1,84,136,126,130
1,85,136,8,130
1,86,136,117,130
1,87,136,4,130
1,88,136,125,130
1,89,136,25,130
1,90,136,110,130
1,91,136,122,130
1,92,136,129,130
1,93,136,3,130
1,94,136,22,130
1,95,136,128,130
1,96,136,18,130
1,97,136,114,130
1,98,136,20,130
1,99,136,127,130
1,100,136,113,130
1,101,136,112,130
1,102,136,67,130
1,103,136,124,130
1,104,136,62,130
1,105,136,12,130
1,106,136,79,130
1,107,136,21,130
1,108,136,74,130
1,109,136,70,130
1,110,136,73,130
1,111,136,81,130
1,112,136,77,130
1,113,136,78,130
1,114,136,80,130
1,115,136,71,130
1,116,136,72,130
1,117,136,76,130
1,118,136,82,130
1,119,136,61,130
1,120,136,121,130
1,121,136,111,130
1,122,136,69,130
1,123,136,65,130
1,124,136,118,130
1,125,136,63,130
1,126,136,66,130
1,127,136,83,130
1,128,136,75,130
1,129,136,68,130
1,1,137,45,132
1,2,137,54,132
1,3,137,46,132
1,4,137,43,132
1,5,137,39,132
1,6,137,34,132
1,7,137,55,132
1,8,137,60,132
1,9,137,50,132
1,10,137,42,132
1,11,137,41,132
1,12,137,49,132
1,13,137,38,132
1,14,137,32,132
1,15,137,37,132
1,16,137,48,132
1,17,137,40,132
1,18,137,35,132
1,19,137,57,132
1,20,137,89,132
1,21,137,44,132
1,22,137,94,132
1,23,137,98,132
1,24,137,53,132
1,25,137,92,132
1,26,137,84,132
1,27,137,88,132
1,28,137,96,132
1,29,137,105,132
1,30,137,58,132
1,31,137,108,132
1,32,137,106,132
1,33,137,19,132
1,34,137,47,132
1,35,137,107,132
1,36,137,97,132
1,37,137,99,132
1,38,137,95,132
1,39,137,90,132
1,40,137,104,132
1,41,137,102,132
1,42,137,59,132
1,43,137,33,132
1,44,137,86,132
1,45,137,31,132
1,46,137,91,132
1,47,137,100,132
1,48,137,36,132
1,49,137,109,132
1,50,137,27,132
1,51,137,5,132
1,52,137,87,132
1,53,137,101,132
1,54,137,51,132
1,55,137,103,132
1,56,137,9,132
1,57,137,6,132
1,58,137,16,132
1,59,137,93,132
1,60,137,11,132
1,61,137,56,132
1,62,137,14,132
1,63,137,24,132
1,64,137,26,132
1,65,137,85,132
1,66,137,7,132
1,67,137,52,132
1,68,137,1,132
1,69,137,23,132
1,70,137,10,132
1,71,137,28,132
1,72,137,13,132
1,73,137,15,132
1,74,137,29,132
1,75,137,17,132
1,76,137,30,132
1,77,137,64,132
1,78,137,115,132
1,79,137,116,132
1,80,137,123,132
1,81,137,2,132
1,82,137,119,132
1,83,137,120,132
1,84,137,126,132
1,85,137,8,132
1,86,137,117,132
1,87,137,4,132
1,88,137,125,132
1,89,137,25,132
1,90,137,110,132
1,91,137,122,132
1,92,137,129,132
1,93,137,3,132
1,94,137,22,132
1,95,137,128,132
1,96,137,18,132
1,97,137,114,132
1,98,137,20,132
1,99,137,127,132
1,100,137,113,132
1,101,137,112,132
1,102,137,67,132
1,103,137,124,132
1,104,137,62,132
1,105,137,12,132
1,106,137,79,132
1,107,137,21,132
1,108,137,74,132
1,109,137,70,132
1,110,137,73,132
1,111,137,81,132
1,112,137,77,132
1,113,137,78,132
1,114,137,80,132
1,115,137,71,132
1,116,137,72,132
1,117,137,76,132
1,118,137,82,132
1,119,137,61,132
1,120,137,121,132
1,121,137,111,132
1,122,137,69,132
1,123,137,65,132
1,124,137,118,132
1,125,137,63,132
1,126,137,66,132
1,127,137,83,132
1,128,137,75,132
1,129,137,68,132
1,1,138,45,177
1,2,138,54,177
1,3,138,46,177
1,4,138,43,177
1,5,138,39,177
1,6,138,34,177
1,7,138,55,177
1,8,138,60,177
1,9,138,50,177
1,10,138,42,177
1,11,138,41,177
1,12,138,49,177
1,13,138,38,177
1,14,138,32,177
1,15,138,37,177
1,16,138,48,177
1,17,138,40,177
1,18,138,35,177
1,19,138,57,177
1,20,138,89,177
1,21,138,44,177
1,22,138,94,177
1,23,138,98,177
1,24,138,53,177
1,25,138,92,177
1,26,138,84,177
1,27,138,88,177
1,28,138,96,177
1,29,138,105,177
1,30,138,58,177
1,31,138,108,177
1,32,138,106,177
1,33,138,19,177
1,34,138,47,177
1,35,138,107,177
1,36,138,97,177
1,37,138,99,177
1,38,138,95,177
1,39,138,90,177
1,40,138,104,177
1,41,138,102,177
1,42,138,59,177
1,43,138,33,177
1,44,138,86,177
1,45,138,31,177
1,46,138,91,177
1,47,138,100,177
1,48,138,36,177
1,49,138,109,177
1,50,138,27,177
1,51,138,5,177
1,52,138,87,177
1,53,138,101,177
1,54,138,51,177
1,55,138,103,177
1,56,138,9,177
1,57,138,6,177
1,58,138,16,177
1,59,138,93,177
1,60,138,11,177
1,61,138,56,177
1,62,138,14,177
1,63,138,24,177
1,64,138,26,177
1,65,138,85,177
1,66,138,7,177
1,67,138,52,177
1,68,138,1,177
1,69,138,23,177
1,70,138,10,177
1,71,138,28,177
1,72,138,13,177
1,73,138,15,177
1,74,138,29,177
1,75,138,17,177
1,76,138,30,177
1,77,138,64,177
1,78,138,115,177
1,79,138,116,177
1,80,138,123,177
1,81,138,2,177
1,82,138,119,177
1,83,138,120,177
1,84,138,126,177
1,85,138,8,177
1,86,138,117,177
1,87,138,4,177
1,88,138,125,177
1,89,138,25,177
1,90,138,110,177
1,91,138,122,177
1,92,138,129,177
1,93,138,3,177
1,94,138,22,177
1,95,138,128,177
1,96,138,18,177
1,97,138,114,177
1,98,138,20,177
1,99,138,127,177
1,100,138,113,177
1,101,138,112,177
1,102,138,67,177
1,103,138,124,177
1,104,138,62,177
1,105,138,12,177
1,106,138,79,177
1,107,138,21,177
1,108,138,74,177
1,109,138,70,177
1,110,138,73,177
1,111,138,81,177
1,112,138,77,177
1,113,138,78,177
1,114,138,80,177
1,115,138,71,177
1,116,138,72,177
1,117,138,76,177
1,118,138,82,177
1,119,138,61,177
1,120,138,121,177
1,121,138,111,177
1,122,138,69,177
1,123,138,65,177
1,124,138,118,177
1,125,138,63,177
1,126,138,66,177
1,127,138,83,177
1,128,138,75,177
1,129,138,68,177
1,1,139,45,219
1,2,139,54,219
1,3,139,46,219
1,4,139,43,219
1,5,139,39,219
1,6,139,34,219
1,7,139,55,219
1,8,139,60,219
1,9,139,50,219
1,10,139,42,219
1,11,139,41,219
1,12,139,49,219
1,13,139,38,219
1,14,139,32,219
1,15,139,37,219
1,16,139,48,219
1,17,139,40,219
1,18,139,35,219
1,19,139,57,219
1,20,139,89,219
1,21,139,44,219
1,22,139,94,219
1,23,139,98,219
1,24,139,53,219
1,25,139,92,219
1,26,139,84,219
1,27,139,88,219
1,28,139,96,219
1,29,139,105,219
1,30,139,58,219
1,31,139,108,219
1,32,139,106,219
1,33,139,19,219
1,34,139,47,219
1,35,139,107,219
1,36,139,97,219
1,37,139,99,219
1,38,139,95,219
1,39,139,90,219
1,40,139,104,219
1,41,139,102,219
1,42,139,59,219
1,43,139,33,219
1,44,139,86,219
1,45,139,31,219
1,46,139,91,219
1,47,139,100,219
1,48,139,36,219
1,49,139,109,219
1,50,139,27,219
1,51,139,5,219
1,52,139,87,219
1,53,139,101,219
1,54,139,51,219
1,55,139,103,219
1,56,139,9,219
1,57,139,6,219
1,58,139,16,219
1,59,139,93,219
1,60,139,11,219
1,61,139,56,219
1,62,139,14,219
1,63,139,24,219
1,64,139,26,219
1,65,139,85,219
1,66,139,7,219
1,67,139,52,219
1,68,139,1,219
1,69,139,23,219
1,70,139,10,219
1,71,139,28,219
1,72,139,13,219
1,73,139,15,219
1,74,139,29,219
1,75,139,17,219
1,76,139,30,219
1,77,139,64,219
1,78,139,115,219
1,79,139,116,219
1,80,139,123,219
1,81,139,2,219
1,82,139,119,219
1,83,139,120,219
1,84,139,126,219
1,85,139,8,219
1,86,139,117,219
1,87,139,4,219
1,88,139,125,219
1,89,139,25,219
1,90,139,110,219
1,91,139,122,219
1,92,139,129,219
1,93,139,3,219
1,94,139,22,219
1,95,139,128,219
1,96,139,18,219
1,97,139,114,219
1,98,139,20,219
1,99,139,127,219
1,100,139,113,219
1,101,139,112,219
1,102,139,67,219
1,103,139,124,219
1,104,139,62,219
1,105,139,12,219
1,106,139,79,219
1,107,139,21,219
1,108,139,74,219
1,109,139,70,219
1,110,139,73,219
1,111,139,81,219
1,112,139,77,219
1,113,139,78,219
1,114,139,80,219
1,115,139,71,219
1,116,139,72,219
1,117,139,76,219
1,118,139,82,219
1,119,139,61,219
1,120,139,121,219
1,121,139,111,219
1,122,139,69,219
1,123,139,65,219
1,124,139,118,219
1,125,139,63,219
1,126,139,66,219
1,127,139,83,219
1,128,139,75,219
1,129,139,68,219
1,1,140,45,25
1,2,140,54,25
1,3,140,46,25
1,4,140,43,25
1,5,140,39,25
1,6,140,34,25
1,7,140,55,25
1,8,140,60,25
1,9,140,50,25
1,10,140,42,25
1,11,140,41,25
1,12,140,49,25
1,13,140,38,25
1,14,140,32,25
1,15,140,37,25
1,16,140,48,25
1,17,140,40,25
1,18,140,35,25
1,19,140,57,25
1,20,140,89,25
1,21,140,44,25
1,22,140,94,25
1,23,140,98,25
1,24,140,53,25
1,25,140,92,25
1,26,140,84,25
1,27,140,88,25
1,28,140,96,25
1,29,140,105,25
1,30,140,58,25
1,31,140,108,25
1,32,140,106,25
1,33,140,19,25
1,34,140,47,25
1,35,140,107,25
1,36,140,97,25
1,37,140,99,25
1,38,140,95,25
1,39,140,90,25
1,40,140,104,25
1,41,140,102,25
1,42,140,59,25
1,43,140,33,25
1,44,140,86,25
1,45,140,31,25
1,46,140,91,25
1,47,140,100,25
1,48,140,36,25
1,49,140,109,25
1,50,140,27,25
1,51,140,5,25
1,52,140,87,25
1,53,140,101,25
1,54,140,51,25
1,55,140,103,25
1,56,140,9,25
1,57,140,6,25
1,58,140,16,25
1,59,140,93,25
1,60,140,11,25
1,61,140,56,25
1,62,140,14,25
1,63,140,24,25
1,64,140,26,25
1,65,140,85,25
1,66,140,7,25
1,67,140,52,25
1,68,140,1,25
1,69,140,23,25
1,70,140,10,25
1,71,140,28,25
1,72,140,13,25
1,73,140,15,25
1,74,140,29,25
1,75,140,17,25
1,76,140,30,25
1,77,140,64,25
1,78,140,115,25
1,79,140,116,25
1,80,140,123,25
1,81,140,2,25
1,82,140,119,25
1,83,140,120,25
1,84,140,126,25
1,85,140,8,25
1,86,140,117,25
1,87,140,4,25
1,88,140,125,25
1,89,140,25,25
1,90,140,110,25
1,91,140,122,25
1,92,140,129,25
1,93,140,3,25
1,94,140,22,25
1,95,140,128,25
1,96,140,18,25
1,97,140,114,25
1,98,140,20,25
1,99,140,127,25
1,100,140,113,25
1,101,140,112,25
1,102,140,67,25
1,103,140,124,25
1,104,140,62,25
1,105,140,12,25
1,106,140,79,25
1,107,140,21,25
1,108,140,74,25
1,109,140,70,25
1,110,140,73,25
1,111,140,81,25
1,112,140,77,25
1,113,140,78,25
1,114,140,80,25
1,115,140,71,25
1,116,140,72,25
1,117,140,76,25
1,118,140,82,25
1,119,140,61,25
1,120,140,121,25
1,121,140,111,25
1,122,140,69,25
1,123,140,65,25
1,124,140,118,25
1,125,140,63,25
1,126,140,66,25
1,127,140,83,25
1,128,140,75,25
1,129,140,68,25
1,1,141,45,97
1,2,141,54,97
1,3,141,46,97
1,4,141,43,97
1,5,141,39,97
1,6,141,34,97
1,7,141,55,97
1,8,141,60,97
1,9,141,50,97
1,10,141,42,97
1,11,141,41,97
1,12,141,49,97
1,13,141,38,97
1,14,141,32,97
1,15,141,37,97
1,16,141,48,97
1,17,141,40,97
1,18,141,35,97
1,19,141,57,97
1,20,141,89,97
1,21,141,44,97
1,22,141,94,97
1,23,141,98,97
1,24,141,53,97
1,25,141,92,97
1,26,141,84,97
1,27,141,88,97
1,28,141,96,97
1,29,141,105,97
1,30,141,58,97
1,31,141,108,97
1,32,141,106,97
1,33,141,19,97
1,34,141,47,97
1,35,141,107,97
1,36,141,97,97
1,37,141,99,97
1,38,141,95,97
1,39,141,90,97
1,40,141,104,97
1,41,141,102,97
1,42,141,59,97
1,43,141,33,97
1,44,141,86,97
1,45,141,31,97
1,46,141,91,97
1,47,141,100,97
1,48,141,36,97
1,49,141,109,97
1,50,141,27,97
1,51,141,5,97
1,52,141,87,97
1,53,141,101,97
1,54,141,51,97
1,55,141,103,97
1,56,141,9,97
1,57,141,6,97
1,58,141,16,97
1,59,141,93,97
1,60,141,11,97
1,61,141,56,97
1,62,141,14,97
1,63,141,24,97
1,64,141,26,97
1,65,141,85,97
1,66,141,7,97
1,67,141,52,97
1,68,141,1,97
1,69,141,23,97
1,70,141,10,97
1,71,141,28,97
1,72,141,13,97
1,73,141,15,97
1,74,141,29,97
1,75,141,17,97
1,76,141,30,97
1,77,141,64,97
1,78,141,115,97
1,79,141,116,97
1,80,141,123,97
1,81,141,2,97
1,82,141,119,97
1,83,141,120,97
1,84,141,126,97
1,85,141,8,97
1,86,141,117,97
1,87,141,4,97
1,88,141,125,97
1,89,141,25,97
1,90,141,110,97
1,91,141,122,97
1,92,141,129,97
1,93,141,3,97
1,94,141,22,97
1,95,141,128,97
1,96,141,18,97
1,97,141,114,97
1,98,141,20,97
1,99,141,127,97
1,100,141,113,97
1,101,141,112,97
1,102,141,67,97
1,103,141,124,97
1,104,141,62,97
1,105,141,12,97
1,106,141,79,97
1,107,141,21,97
1,108,141,74,97
1,109,141,70,97
1,110,141,73,97
1,111,141,81,97
1,112,141,77,97
1,113,141,78,97
1,114,141,80,97
1,115,141,71,97
1,116,141,72,97
1,117,141,76,97
1,118,141,82,97
1,119,141,61,97
1,120,141,121,97
1,121,141,111,97
1,122,141,69,97
1,123,141,65,97
1,124,141,118,97
1,125,141,63,97
1,126,141,66,97
1,127,141,83,97
1,128,141,75,97
1,129,141,68,97
1,1,142,45,14
1,2,142,54,14
1,3,142,46,14
1,4,142,43,14
1,5,142,39,14
1,6,142,34,14
1,7,142,55,14
1,8,142,60,14
1,9,142,50,14
1,10,142,42,14
1,11,142,41,14
1,12,142,49,14
1,13,142,38,14
1,14,142,32,14
1,15,142,37,14
1,16,142,48,14
1,17,142,40,14
1,18,142,35,14
1,19,142,57,14
1,20,142,89,14
1,21,142,44,14
1,22,142,94,14
1,23,142,98,14
1,24,142,53,14
1,25,142,92,14
1,26,142,84,14
1,27,142,88,14
1,28,142,96,14
1,29,142,105,14
1,30,142,58,14
1,31,142,108,14
1,32,142,106,14
1,33,142,19,14
1,34,142,47,14
1,35,142,107,14
1,36,142,97,14
1,37,142,99,14
1,38,142,95,14
1,39,142,90,14
1,40,142,104,14
1,41,142,102,14
1,42,142,59,14
1,43,142,33,14
1,44,142,86,14
1,45,142,31,14
1,46,142,91,14
1,47,142,100,14
1,48,142,36,14
1,49,142,109,14
1,50,142,27,14
1,51,142,5,14
1,52,142,87,14
1,53,142,101,14
1,54,142,51,14
1,55,142,103,14
1,56,142,9,14
1,57,142,6,14
1,58,142,16,14
1,59,142,93,14
1,60,142,11,14
1,61,142,56,14
1,62,142,14,14
1,63,142,24,14
1,64,142,26,14
1,65,142,85,14
1,66,142,7,14
1,67,142,52,14
1,68,142,1,14
1,69,142,23,14
1,70,142,10,14
1,71,142,28,14
1,72,142,13,14
1,73,142,15,14
1,74,142,29,14
1,75,142,17,14
1,76,142,30,14
1,77,142,64,14
1,78,142,115,14
1,79,142,116,14
1,80,142,123,14
1,81,142,2,14
1,82,142,119,14
1,83,142,120,14
1,84,142,126,14
1,85,142,8,14
1,86,142,117,14
1,87,142,4,14
1,88,142,125,14
1,89,142,25,14
1,90,142,110,14
1,91,142,122,14
1,92,142,129,14
1,93,142,3,14
1,94,142,22,14
1,95,142,128,14
1,96,142,18,14
1,97,142,114,14
1,98,142,20,14
1,99,142,127,14
1,100,142,113,14
1,101,142,112,14
1,102,142,67,14
1,103,142,124,14
1,104,142,62,14
1,105,142,12,14
1,106,142,79,14
1,107,142,21,14
1,108,142,74,14
1,109,142,70,14
1,110,142,73,14
1,111,142,81,14
1,112,142,77,14
1,113,142,78,14
1,114,142,80,14
1,115,142,71,14
1,116,142,72,14
1,117,142,76,14
1,118,142,82,14
1,119,142,61,14
1,120,142,121,14
1,121,142,111,14
1,122,142,69,14
1,123,142,65,14
1,124,142,118,14
1,125,142,63,14
1,126,142,66,14
1,127,142,83,14
1,128,142,75,14
1,129,142,68,14
1,1,143,45,182
1,2,143,54,182
1,3,143,46,182
1,4,143,43,182
1,5,143,39,182
1,6,143,34,182
1,7,143,55,182
1,8,143,60,182
1,9,143,50,182
1,10,143,42,182
1,11,143,41,182
1,12,143,49,182
1,13,143,38,182
1,14,143,32,182
1,15,143,37,182
1,16,143,48,182
1,17,143,40,182
1,18,143,35,182
1,19,143,57,182
1,20,143,89,182
1,21,143,44,182
1,22,143,94,182
1,23,143,98,182
1,24,143,53,182
1,25,143,92,182
1,26,143,84,182
1,27,143,88,182
1,28,143,96,182
1,29,143,105,182
1,30,143,58,182
1,31,143,108,182
1,32,143,106,182
1,33,143,19,182
1,34,143,47,182
1,35,143,107,182
1,36,143,97,182
1,37,143,99,182
1,38,143,95,182
1,39,143,90,182
1,40,143,104,182
1,41,143,102,182
1,42,143,59,182
1,43,143,33,182
1,44,143,86,182
1,45,143,31,182
1,46,143,91,182
1,47,143,100,182
1,48,143,36,182
1,49,143,109,182
1,50,143,27,182
1,51,143,5,182
1,52,143,87,182
1,53,143,101,182
1,54,143,51,182
1,55,143,103,182
1,56,143,9,182
1,57,143,6,182
1,58,143,16,182
1,59,143,93,182
1,60,143,11,182
1,61,143,56,182
1,62,143,14,182
1,63,143,24,182
1,64,143,26,182
1,65,143,85,182
1,66,143,7,182
1,67,143,52,182
1,68,143,1,182
1,69,143,23,182
1,70,143,10,182
1,71,143,28,182
1,72,143,13,182
1,73,143,15,182
1,74,143,29,182
1,75,143,17,182
1,76,143,30,182
1,77,143,64,182
1,78,143,115,182
1,79,143,116,182
1,80,143,123,182
1,81,143,2,182
1,82,143,119,182
1,83,143,120,182
1,84,143,126,182
1,85,143,8,182
1,86,143,117,182
1,87,143,4,182
1,88,143,125,182
1,89,143,25,182
1,90,143,110,182
1,91,143,122,182
1,92,143,129,182
1,93,143,3,182
1,94,143,22,182
1,95,143,128,182
1,96,143,18,182
1,97,143,114,182
1,98,143,20,182
1,99,143,127,182
1,100,143,113,182
1,101,143,112,182
1,102,143,67,182
1,103,143,124,182
1,104,143,62,182
1,105,143,12,182
1,106,143,79,182
1,107,143,21,182
1,108,143,74,182
1,109,143,70,182
1,110,143,73,182
1,111,143,81,182
1,112,143,77,182
1,113,143,78,182
1,114,143,80,182
1,115,143,71,182
1,116,143,72,182
1,117,143,76,182
1,118,143,82,182
1,119,143,61,182
1,120,143,121,182
1,121,143,111,182
1,122,143,69,182
1,123,143,65,182
1,124,143,118,182
1,125,143,63,182
1,126,143,66,182
1,127,143,83,182
1,128,143,75,182
1,129,143,68,182
1,1,144,45,34
1,2,144,54,34
1,3,144,46,34
1,4,144,43,34
1,5,144,39,34
1,6,144,34,34
1,7,144,55,34
1,8,144,60,34
1,9,144,50,34
1,10,144,42,34
1,11,144,41,34
1,12,144,49,34
1,13,144,38,34
1,14,144,32,34
1,15,144,37,34
1,16,144,48,34
1,17,144,40,34
1,18,144,35,34
1,19,144,57,34
1,20,144,89,34
1,21,144,44,34
1,22,144,94,34
1,23,144,98,34
1,24,144,53,34
1,25,144,92,34
1,26,144,84,34
1,27,144,88,34
1,28,144,96,34
1,29,144,105,34
1,30,144,58,34
1,31,144,108,34
1,32,144,106,34
1,33,144,19,34
1,34,144,47,34
1,35,144,107,34
1,36,144,97,34
1,37,144,99,34
1,38,144,95,34
1,39,144,90,34
1,40,144,104,34
1,41,144,102,34
1,42,144,59,34
1,43,144,33,34
1,44,144,86,34
1,45,144,31,34
1,46,144,91,34
1,47,144,100,34
1,48,144,36,34
1,49,144,109,34
1,50,144,27,34
1,51,144,5,34
1,52,144,87,34
1,53,144,101,34
1,54,144,51,34
1,55,144,103,34
1,56,144,9,34
1,57,144,6,34
1,58,144,16,34
1,59,144,93,34
1,60,144,11,34
1,61,144,56,34
1,62,144,14,34
1,63,144,24,34
1,64,144,26,34
1,65,144,85,34
1,66,144,7,34
1,67,144,52,34
1,68,144,1,34
1,69,144,23,34
1,70,144,10,34
1,71,144,28,34
1,72,144,13,34
1,73,144,15,34
1,74,144,29,34
1,75,144,17,34
1,76,144,30,34
1,77,144,64,34
1,78,144,115,34
1,79,144,116,34
1,80,144,123,34
1,81,144,2,34
1,82,144,119,34
1,83,144,120,34
1,84,144,126,34
1,85,144,8,34
1,86,144,117,34
1,87,144,4,34
1,88,144,125,34
1,89,144,25,34
1,90,144,110,34
1,91,144,122,34
1,92,144,129,34
1,93,144,3,34
1,94,144,22,34
1,95,144,128,34
1,96,144,18,34
1,97,144,114,34
1,98,144,20,34
1,99,144,127,34
1,100,144,113,34
1,101,144,112,34
1,102,144,67,34
1,103,144,124,34
1,104,144,62,34
1,105,144,12,34
1,106,144,79,34
1,107,144,21,34
1,108,144,74,34
1,109,144,70,34
1,110,144,73,34
1,111,144,81,34
1,112,144,77,34
1,113,144,78,34
1,114,144,80,34
1,115,144,71,34
1,116,144,72,34
1,117,144,76,34
1,118,144,82,34
1,119,144,61,34
1,120,144,121,34
1,121,144,111,34
1,122,144,69,34
1,123,144,65,34
1,124,144,118,34
1,125,144,63,34
1,126,144,66,34
1,127,144,83,34
1,128,144,75,34
1,129,144,68,34
1,1,145,45,54
1,2,145,54,54
1,3,145,46,54
1,4,145,43,54
1,5,145,39,54
1,6,145,34,54
1,7,145,55,54
1,8,145,60,54
1,9,145,50,54
1,10,145,42,54
1,11,145,41,54
1,12,145,49,54
1,13,145,38,54
1,14,145,32,54
1,15,145,37,54
1,16,145,48,54
1,17,145,40,54
1,18,145,35,54
1,19,145,57,54
1,20,145,89,54
1,21,145,44,54
1,22,145,94,54
1,23,145,98,54
1,24,145,53,54
1,25,145,92,54
1,26,145,84,54
1,27,145,88,54
1,28,145,96,54
1,29,145,105,54
1,30,145,58,54
1,31,145,108,54
1,32,145,106,54
1,33,145,19,54
1,34,145,47,54
1,35,145,107,54
1,36,145,97,54
1,37,145,99,54
1,38,145,95,54
1,39,145,90,54
1,40,145,104,54
1,41,145,102,54
1,42,145,59,54
1,43,145,33,54
1,44,145,86,54
1,45,145,31,54
1,46,145,91,54
1,47,145,100,54
1,48,145,36,54
1,49,145,109,54
1,50,145,27,54
1,51,145,5,54
1,52,145,87,54
1,53,145,101,54
1,54,145,51,54
1,55,145,103,54
1,56,145,9,54
1,57,145,6,54
1,58,145,16,54
1,59,145,93,54
1,60,145,11,54
1,61,145,56,54
1,62,145,14,54
1,63,145,24,54
1,64,145,26,54
1,65,145,85,54
1,66,145,7,54
1,67,145,52,54
1,68,145,1,54
1,69,145,23,54
1,70,145,10,54
1,71,145,28,54
1,72,145,13,54
1,73,145,15,54
1,74,145,29,54
1,75,145,17,54
1,76,145,30,54
1,77,145,64,54
1,78,145,115,54
1,79,145,116,54
1,80,145,123,54
1,81,145,2,54
1,82,145,119,54
1,83,145,120,54
1,84,145,126,54
1,85,145,8,54
1,86,145,117,54
1,87,145,4,54
1,88,145,125,54
1,89,145,25,54
1,90,145,110,54
1,91,145,122,54
1,92,145,129,54
1,93,145,3,54
1,94,145,22,54
1,95,145,128,54
1,96,145,18,54
1,97,145,114,54
1,98,145,20,54
1,99,145,127,54
1,100,145,113,54
1,101,145,112,54
1,102,145,67,54
1,103,145,124,54
1,104,145,62,54
1,105,145,12,54
1,106,145,79,54
1,107,145,21,54
1,108,145,74,54
1,109,145,70,54
1,110,145,73,54
1,111,145,81,54
1,112,145,77,54
1,113,145,78,54
1,114,145,80,54
1,115,145,71,54
1,116,145,72,54
1,117,145,76,54
1,118,145,82,54
1,119,145,61,54
1,120,145,121,54
1,121,145,111,54
1,122,145,69,54
1,123,145,65,54
1,124,145,118,54
1,125,145,63,54
1,126,145,66,54
1,127,145,83,54
1,128,145,75,54
1,129,145,68,54
1,1,146,45,164
1,2,146,54,164
1,3,146,46,164
1,4,146,43,164
1,5,146,39,164
1,6,146,34,164
1,7,146,55,164
1,8,146,60,164
1,9,146,50,164
1,10,146,42,164
1,11,146,41,164
1,12,146,49,164
1,13,146,38,164
1,14,146,32,164
1,15,146,37,164
1,16,146,48,164
1,17,146,40,164
1,18,146,35,164
1,19,146,57,164
1,20,146,89,164
1,21,146,44,164
1,22,146,94,164
1,23,146,98,164
1,24,146,53,164
1,25,146,92,164
1,26,146,84,164
1,27,146,88,164
1,28,146,96,164
1,29,146,105,164
1,30,146,58,164
1,31,146,108,164
1,32,146,106,164
1,33,146,19,164
1,34,146,47,164
1,35,146,107,164
1,36,146,97,164
1,37,146,99,164
1,38,146,95,164
1,39,146,90,164
1,40,146,104,164
1,41,146,102,164
1,42,146,59,164
1,43,146,33,164
1,44,146,86,164
1,45,146,31,164
1,46,146,91,164
1,47,146,100,164
1,48,146,36,164
1,49,146,109,164
1,50,146,27,164
1,51,146,5,164
1,52,146,87,164
1,53,146,101,164
1,54,146,51,164
1,55,146,103,164
1,56,146,9,164
1,57,146,6,164
1,58,146,16,164
1,59,146,93,164
1,60,146,11,164
1,61,146,56,164
1,62,146,14,164
1,63,146,24,164
1,64,146,26,164
1,65,146,85,164
1,66,146,7,164
1,67,146,52,164
1,68,146,1,164
1,69,146,23,164
1,70,146,10,164
1,71,146,28,164
1,72,146,13,164
1,73,146,15,164
1,74,146,29,164
1,75,146,17,164
1,76,146,30,164
1,77,146,64,164
1,78,146,115,164
1,79,146,116,164
1,80,146,123,164
1,81,146,2,164
1,82,146,119,164
1,83,146,120,164
1,84,146,126,164
1,85,146,8,164
1,86,146,117,164
1,87,146,4,164
1,88,146,125,164
1,89,146,25,164
1,90,146,110,164
1,91,146,122,164
1,92,146,129,164
1,93,146,3,164
1,94,146,22,164
1,95,146,128,164
1,96,146,18,164
1,97,146,114,164
1,98,146,20,164
1,99,146,127,164
1,100,146,113,164
1,101,146,112,164
1,102,146,67,164
1,103,146,124,164
1,104,146,62,164
1,105,146,12,164
1,106,146,79,164
1,107,146,21,164
1,108,146,74,164
1,109,146,70,164
1,110,146,73,164
1,111,146,81,164
1,112,146,77,164
1,113,146,78,164
1,114,146,80,164
1,115,146,71,164
1,116,146,72,164
1,117,146,76,164
1,118,146,82,164
1,119,146,61,164
1,120,146,121,164
1,121,146,111,164
1,122,146,69,164
1,123,146,65,164
1,124,146,118,164
1,125,146,63,164
1,126,146,66,164
1,127,146,83,164
1,128,146,75,164
1,129,146,68,164
1,1,147,45,212
1,2,147,54,212
1,3,147,46,212
1,4,147,43,212
1,5,147,39,212
1,6,147,34,212
1,7,147,55,212
1,8,147,60,212
1,9,147,50,212
1,10,147,42,212
1,11,147,41,212
1,12,147,49,212
1,13,147,38,212
1,14,147,32,212
1,15,147,37,212
1,16,147,48,212
1,17,147,40,212
1,18,147,35,212
1,19,147,57,212
1,20,147,89,212
1,21,147,44,212
1,22,147,94,212
1,23,147,98,212
1,24,147,53,212
1,25,147,92,212
1,26,147,84,212
1,27,147,88,212
1,28,147,96,212
1,29,147,105,212
1,30,147,58,212
1,31,147,108,212
1,32,147,106,212
1,33,147,19,212
1,34,147,47,212
1,35,147,107,212
1,36,147,97,212
1,37,147,99,212
1,38,147,95,212
1,39,147,90,212
1,40,147,104,212
1,41,147,102,212
1,42,147,59,212
1,43,147,33,212
1,44,147,86,212
1,45,147,31,212
1,46,147,91,212
1,47,147,100,212
1,48,147,36,212
1,49,147,109,212
1,50,147,27,212
1,51,147,5,212
1,52,147,87,212
1,53,147,101,212
1,54,147,51,212
1,55,147,103,212
1,56,147,9,212
1,57,147,6,212
1,58,147,16,212
1,59,147,93,212
1,60,147,11,212
1,61,147,56,212
1,62,147,14,212
1,63,147,24,212
1,64,147,26,212
1,65,147,85,212
1,66,147,7,212
1,67,147,52,212
1,68,147,1,212
1,69,147,23,212
1,70,147,10,212
1,71,147,28,212
1,72,147,13,212
1,73,147,15,212
1,74,147,29,212
1,75,147,17,212
1,76,147,30,212
1,77,147,64,212
1,78,147,115,212
1,79,147,116,212
1,80,147,123,212
1,81,147,2,212
1,82,147,119,212
1,83,147,120,212
1,84,147,126,212
1,85,147,8,212
1,86,147,117,212
1,87,147,4,212
1,88,147,125,212
1,89,147,25,212
1,90,147,110,212
1,91,147,122,212
1,92,147,129,212
1,93,147,3,212
1,94,147,22,212
1,95,147,128,212
1,96,147,18,212
1,97,147,114,212
1,98,147,20,212
1,99,147,127,212
1,100,147,113,212
1,101,147,112,212
1,102,147,67,212
1,103,147,124,212
1,104,147,62,212
1,105,147,12,212
1,106,147,79,212
1,107,147,21,212
1,108,147,74,212
1,109,147,70,212
1,110,147,73,212
1,111,147,81,212
1,112,147,77,212
1,113,147,78,212
1,114,147,80,212
1,115,147,71,212
1,116,147,72,212
1,117,147,76,212
1,118,147,82,212
1,119,147,61,212
1,120,147,121,212
1,121,147,111,212
1,122,147,69,212
1,123,147,65,212
1,124,147,118,212
1,125,147,63,212
1,126,147,66,212
1,127,147,83,212
1,128,147,75,212
1,129,147,68,212
1,1,148,45,52
1,2,148,54,52
1,3,148,46,52
1,4,148,43,52
1,5,148,39,52
1,6,148,34,52
1,7,148,55,52
1,8,148,60,52
1,9,148,50,52
1,10,148,42,52
1,11,148,41,52
1,12,148,49,52
1,13,148,38,52
1,14,148,32,52
1,15,148,37,52
1,16,148,48,52
1,17,148,40,52
1,18,148,35,52
1,19,148,57,52
1,20,148,89,52
1,21,148,44,52
1,22,148,94,52
1,23,148,98,52
1,24,148,53,52
1,25,148,92,52
1,26,148,84,52
1,27,148,88,52
1,28,148,96,52
1,29,148,105,52
1,30,148,58,52
1,31,148,108,52
1,32,148,106,52
1,33,148,19,52
1,34,148,47,52
1,35,148,107,52
1,36,148,97,52
1,37,148,99,52
1,38,148,95,52
1,39,148,90,52
1,40,148,104,52
1,41,148,102,52
1,42,148,59,52
1,43,148,33,52
1,44,148,86,52
1,45,148,31,52
1,46,148,91,52
1,47,148,100,52
1,48,148,36,52
1,49,148,109,52
1,50,148,27,52
1,51,148,5,52
1,52,148,87,52
1,53,148,101,52
1,54,148,51,52
1,55,148,103,52
1,56,148,9,52
1,57,148,6,52
1,58,148,16,52
1,59,148,93,52
1,60,148,11,52
1,61,148,56,52
1,62,148,14,52
1,63,148,24,52
1,64,148,26,52
1,65,148,85,52
1,66,148,7,52
1,67,148,52,52
1,68,148,1,52
1,69,148,23,52
1,70,148,10,52
1,71,148,28,52
1,72,148,13,52
1,73,148,15,52
1,74,148,29,52
1,75,148,17,52
1,76,148,30,52
1,77,148,64,52
1,78,148,115,52
1,79,148,116,52
1,80,148,123,52
1,81,148,2,52
1,82,148,119,52
1,83,148,120,52
1,84,148,126,52
1,85,148,8,52
1,86,148,117,52
1,87,148,4,52
1,88,148,125,52
1,89,148,25,52
1,90,148,110,52
1,91,148,122,52
1,92,148,129,52
1,93,148,3,52
1,94,148,22,52
1,95,148,128,52
1,96,148,18,52
1,97,148,114,52
1,98,148,20,52
1,99,148,127,52
1,100,148,113,52
1,101,148,112,52
1,102,148,67,52
1,103,148,124,52
1,104,148,62,52
1,105,148,12,52
1,106,148,79,52
1,107,148,21,52
1,108,148,74,52
1,109,148,70,52
1,110,148,73,52
1,111,148,81,52
1,112,148,77,52
1,113,148,78,52
1,114,148,80,52
1,115,148,71,52
1,116,148,72,52
1,117,148,76,52
1,118,148,82,52
1,119,148,61,52
1,120,148,121,52
1,121,148,111,52
1,122,148,69,52
1,123,148,65,52
1,124,148,118,52
1,125,148,63,52
1,126,148,66,52
1,127,148,83,52
1,128,148,75,52
1,129,148,68,52
1,1,149,45,110
1,2,149,54,110
1,3,149,46,110
1,4,149,43,110
1,5,149,39,110
1,6,149,34,110
1,7,149,55,110
1,8,149,60,110
1,9,149,50,110
1,10,149,42,110
1,11,149,41,110
1,12,149,49,110
1,13,149,38,110
1,14,149,32,110
1,15,149,37,110
1,16,149,48,110
1,17,149,40,110
1,18,149,35,110
1,19,149,57,110
1,20,149,89,110
1,21,149,44,110
1,22,149,94,110
1,23,149,98,110
1,24,149,53,110
1,25,149,92,110
1,26,149,84,110
1,27,149,88,110
1,28,149,96,110
1,29,149,105,110
1,30,149,58,110
1,31,149,108,110
1,32,149,106,110
1,33,149,19,110
1,34,149,47,110
1,35,149,107,110
1,36,149,97,110
1,37,149,99,110
1,38,149,95,110
1,39,149,90,110
1,40,149,104,110
1,41,149,102,110
1,42,149,59,110
1,43,149,33,110
1,44,149,86,110
1,45,149,31,110
1,46,149,91,110
1,47,149,100,110
1,48,149,36,110
1,49,149,109,110
1,50,149,27,110
1,51,149,5,110
1,52,149,87,110
1,53,149,101,110
1,54,149,51,110
1,55,149,103,110
1,56,149,9,110
1,57,149,6,110
1,58,149,16,110
1,59,149,93,110
1,60,149,11,110
1,61,149,56,110
1,62,149,14,110
1,63,149,24,110
1,64,149,26,110
1,65,149,85,110
1,66,149,7,110
1,67,149,52,110
1,68,149,1,110
1,69,149,23,110
1,70,149,10,110
1,71,149,28,110
1,72,149,13,110
1,73,149,15,110
1,74,149,29,110
1,75,149,17,110
1,76,149,30,110
1,77,149,64,110
1,78,149,115,110
1,79,149,116,110
1,80,149,123,110
1,81,149,2,110
1,82,149,119,110
1,83,149,120,110
1,84,149,126,110
1,85,149,8,110
1,86,149,117,110
1,87,149,4,110
1,88,149,125,110
1,89,149,25,110
1,90,149,110,110
1,91,149,122,110
1,92,149,129,110
1,93,149,3,110
1,94,149,22,110
1,95,149,128,110
1,96,149,18,110
1,97,149,114,110
1,98,149,20,110
1,99,149,127,110
1,100,149,113,110
1,101,149,112,110
1,102,149,67,110
1,103,149,124,110
1,104,149,62,110
1,105,149,12,110
1,106,149,79,110
1,107,149,21,110
1,108,149,74,110
1,109,149,70,110
1,110,149,73,110
1,111,149,81,110
1,112,149,77,110
1,113,149,78,110
1,114,149,80,110
1,115,149,71,110
1,116,149,72,110
1,117,149,76,110
1,118,149,82,110
1,119,149,61,110
1,120,149,121,110
1,121,149,111,110
1,122,149,69,110
1,123,149,65,110
1,124,149,118,110
1,125,149,63,110
1,126,149,66,110
1,127,149,83,110
1,128,149,75,110
1,129,149,68,110
1,1,150,45,149
1,2,150,54,149
1,3,150,46,149
1,4,150,43,149
1,5,150,39,149
1,6,150,34,149
1,7,150,55,149
1,8,150,60,149
1,9,150,50,149
1,10,150,42,149
1,11,150,41,149
1,12,150,49,149
1,13,150,38,149
1,14,150,32,149
1,15,150,37,149
1,16,150,48,149
1,17,150,40,149
1,18,150,35,149
1,19,150,57,149
1,20,150,89,149
1,21,150,44,149
1,22,150,94,149
1,23,150,98,149
1,24,150,53,149
1,25,150,92,149
1,26,150,84,149
1,27,150,88,149
1,28,150,96,149
1,29,150,105,149
1,30,150,58,149
1,31,150,108,149
1,32,150,106,149
1,33,150,19,149
1,34,150,47,149
1,35,150,107,149
1,36,150,97,149
1,37,150,99,149
1,38,150,95,149
1,39,150,90,149
1,40,150,104,149
1,41,150,102,149
1,42,150,59,149
1,43,150,33,149
1,44,150,86,149
1,45,150,31,149
1,46,150,91,149
1,47,150,100,149
1,48,150,36,149
1,49,150,109,149
1,50,150,27,149
1,51,150,5,149
1,52,150,87,149
1,53,150,101,149
1,54,150,51,149
1,55,150,103,149
1,56,150,9,149
1,57,150,6,149
1,58,150,16,149
1,59,150,93,149
1,60,150,11,149
1,61,150,56,149
1,62,150,14,149
1,63,150,24,149
1,64,150,26,149
1,65,150,85,149
1,66,150,7,149
1,67,150,52,149
1,68,150,1,149
1,69,150,23,149
1,70,150,10,149
1,71,150,28,149
1,72,150,13,149
1,73,150,15,149
1,74,150,29,149
1,75,150,17,149
1,76,150,30,149
1,77,150,64,149
1,78,150,115,149
1,79,150,116,149
1,80,150,123,149
1,81,150,2,149
1,82,150,119,149
1,83,150,120,149
1,84,150,126,149
1,85,150,8,149
1,86,150,117,149
1,87,150,4,149
1,88,150,125,149
1,89,150,25,149
1,90,150,110,149
1,91,150,122,149
1,92,150,129,149
1,93,150,3,149
1,94,150,22,149
1,95,150,128,149
1,96,150,18,149
1,97,150,114,149
1,98,150,20,149
1,99,150,127,149
1,100,150,113,149
1,101,150,112,149
1,102,150,67,149
1,103,150,124,149
1,104,150,62,149
1,105,150,12,149
1,106,150,79,149
1,107,150,21,149
1,108,150,74,149
1,109,150,70,149
1,110,150,73,149
1,111,150,81,149
1,112,150,77,149
1,113,150,78,149
1,114,150,80,149
1,115,150,71,149
1,116,150,72,149
1,117,150,76,149
1,118,150,82,149
1,119,150,61,149
1,120,150,121,149
1,121,150,111,149
1,122,150,69,149
1,123,150,65,149
1,124,150,118,149
1,125,150,63,149
1,126,150,66,149
1,127,150,83,149
1,128,150,75,149
1,129,150,68,149
1,1,151,45,188
1,2,151,54,188
1,3,151,46,188
1,4,151,43,188
1,5,151,39,188
1,6,151,34,188
1,7,151,55,188
1,8,151,60,188
1,9,151,50,188
1,10,151,42,188
1,11,151,41,188
1,12,151,49,188
1,13,151,38,188
1,14,151,32,188
1,15,151,37,188
1,16,151,48,188
1,17,151,40,188
1,18,151,35,188
1,19,151,57,188
1,20,151,89,188
1,21,151,44,188
1,22,151,94,188
1,23,151,98,188
1,24,151,53,188
1,25,151,92,188
1,26,151,84,188
1,27,151,88,188
1,28,151,96,188
1,29,151,105,188
1,30,151,58,188
1,31,151,108,188
1,32,151,106,188
1,33,151,19,188
1,34,151,47,188
1,35,151,107,188
1,36,151,97,188
1,37,151,99,188
1,38,151,95,188
1,39,151,90,188
1,40,151,104,188
1,41,151,102,188
1,42,151,59,188
1,43,151,33,188
1,44,151,86,188
1,45,151,31,188
1,46,151,91,188
1,47,151,100,188
1,48,151,36,188
1,49,151,109,188
1,50,151,27,188
1,51,151,5,188
1,52,151,87,188
1,53,151,101,188
1,54,151,51,188
1,55,151,103,188
1,56,151,9,188
1,57,151,6,188
1,58,151,16,188
1,59,151,93,188
1,60,151,11,188
1,61,151,56,188
1,62,151,14,188
1,63,151,24,188
1,64,151,26,188
1,65,151,85,188
1,66,151,7,188
1,67,151,52,188
1,68,151,1,188
1,69,151,23,188
1,70,151,10,188
1,71,151,28,188
1,72,151,13,188
1,73,151,15,188
1,74,151,29,188
1,75,151,17,188
1,76,151,30,188
1,77,151,64,188
1,78,151,115,188
1,79,151,116,188
1,80,151,123,188
1,81,151,2,188
1,82,151,119,188
1,83,151,120,188
1,84,151,126,188
1,85,151,8,188
1,86,151,117,188
1,87,151,4,188
1,88,151,125,188
1,89,151,25,188
1,90,151,110,188
1,91,151,122,188
1,92,151,129,188
1,93,151,3,188
1,94,151,22,188
1,95,151,128,188
1,96,151,18,188
1,97,151,114,188
1,98,151,20,188
1,99,151,127,188
1,100,151,113,188
1,101,151,112,188
1,102,151,67,188
1,103,151,124,188
1,104,151,62,188
1,105,151,12,188
1,106,151,79,188
1,107,151,21,188
1,108,151,74,188
1,109,151,70,188
1,110,151,73,188
1,111,151,81,188
1,112,151,77,188
1,113,151,78,188
1,114,151,80,188
1,115,151,71,188
1,116,151,72,188
1,117,151,76,188
1,118,151,82,188
1,119,151,61,188
1,120,151,121,188
1,121,151,111,188
1,122,151,69,188
1,123,151,65,188
1,124,151,118,188
1,125,151,63,188
1,126,151,66,188
1,127,151,83,188
1,128,151,75,188
1,129,151,68,188
1,1,152,45,15
1,2,152,54,15
1,3,152,46,15
1,4,152,43,15
1,5,152,39,15
1,6,152,34,15
1,7,152,55,15
1,8,152,60,15
1,9,152,50,15
1,10,152,42,15
1,11,152,41,15
1,12,152,49,15
1,13,152,38,15
1,14,152,32,15
1,15,152,37,15
1,16,152,48,15
1,17,152,40,15
1,18,152,35,15
1,19,152,57,15
1,20,152,89,15
1,21,152,44,15
1,22,152,94,15
1,23,152,98,15
1,24,152,53,15
1,25,152,92,15
1,26,152,84,15
1,27,152,88,15
1,28,152,96,15
1,29,152,105,15
1,30,152,58,15
1,31,152,108,15
1,32,152,106,15
1,33,152,19,15
1,34,152,47,15
1,35,152,107,15
1,36,152,97,15
1,37,152,99,15
1,38,152,95,15
1,39,152,90,15
1,40,152,104,15
1,41,152,102,15
1,42,152,59,15
1,43,152,33,15
1,44,152,86,15
1,45,152,31,15
1,46,152,91,15
1,47,152,100,15
1,48,152,36,15
1,49,152,109,15
1,50,152,27,15
1,51,152,5,15
1,52,152,87,15
1,53,152,101,15
1,54,152,51,15
1,55,152,103,15
1,56,152,9,15
1,57,152,6,15
1,58,152,16,15
1,59,152,93,15
1,60,152,11,15
1,61,152,56,15
1,62,152,14,15
1,63,152,24,15
1,64,152,26,15
1,65,152,85,15
1,66,152,7,15
1,67,152,52,15
1,68,152,1,15
1,69,152,23,15
1,70,152,10,15
1,71,152,28,15
1,72,152,13,15
1,73,152,15,15
1,74,152,29,15
1,75,152,17,15
1,76,152,30,15
1,77,152,64,15
1,78,152,115,15
1,79,152,116,15
1,80,152,123,15
1,81,152,2,15
1,82,152,119,15
1,83,152,120,15
1,84,152,126,15
1,85,152,8,15
1,86,152,117,15
1,87,152,4,15
1,88,152,125,15
1,89,152,25,15
1,90,152,110,15
1,91,152,122,15
1,92,152,129,15
1,93,152,3,15
1,94,152,22,15
1,95,152,128,15
1,96,152,18,15
1,97,152,114,15
1,98,152,20,15
1,99,152,127,15
1,100,152,113,15
1,101,152,112,15
1,102,152,67,15
1,103,152,124,15
1,104,152,62,15
1,105,152,12,15
1,106,152,79,15
1,107,152,21,15
1,108,152,74,15
1,109,152,70,15
1,110,152,73,15
1,111,152,81,15
1,112,152,77,15
1,113,152,78,15
1,114,152,80,15
1,115,152,71,15
1,116,152,72,15
1,117,152,76,15
1,118,152,82,15
1,119,152,61,15
1,120,152,121,15
1,121,152,111,15
1,122,152,69,15
1,123,152,65,15
1,124,152,118,15
1,125,152,63,15
1,126,152,66,15
1,127,152,83,15
1,128,152,75,15
1,129,152,68,15
1,1,153,45,90
1,2,153,54,90
1,3,153,46,90
1,4,153,43,90
1,5,153,39,90
1,6,153,34,90
1,7,153,55,90
1,8,153,60,90
1,9,153,50,90
1,10,153,42,90
1,11,153,41,90
1,12,153,49,90
1,13,153,38,90
1,14,153,32,90
1,15,153,37,90
1,16,153,48,90
1,17,153,40,90
1,18,153,35,90
1,19,153,57,90
1,20,153,89,90
1,21,153,44,90
1,22,153,94,90
1,23,153,98,90
1,24,153,53,90
1,25,153,92,90
1,26,153,84,90
1,27,153,88,90
1,28,153,96,90
1,29,153,105,90
1,30,153,58,90
1,31,153,108,90
1,32,153,106,90
1,33,153,19,90
1,34,153,47,90
1,35,153,107,90
1,36,153,97,90
1,37,153,99,90
1,38,153,95,90
1,39,153,90,90
1,40,153,104,90
1,41,153,102,90
1,42,153,59,90
1,43,153,33,90
1,44,153,86,90
1,45,153,31,90
1,46,153,91,90
1,47,153,100,90
1,48,153,36,90
1,49,153,109,90
1,50,153,27,90
1,51,153,5,90
1,52,153,87,90
1,53,153,101,90
1,54,153,51,90
1,55,153,103,90
1,56,153,9,90
1,57,153,6,90
1,58,153,16,90
1,59,153,93,90
1,60,153,11,90
1,61,153,56,90
1,62,153,14,90
1,63,153,24,90
1,64,153,26,90
1,65,153,85,90
1,66,153,7,90
1,67,153,52,90
1,68,153,1,90
1,69,153,23,90
1,70,153,10,90
1,71,153,28,90
1,72,153,13,90
1,73,153,15,90
1,74,153,29,90
1,75,153,17,90
1,76,153,30,90
1,77,153,64,90
1,78,153,115,90
1,79,153,116,90
1,80,153,123,90
1,81,153,2,90
1,82,153,119,90
1,83,153,120,90
1,84,153,126,90
1,85,153,8,90
1,86,153,117,90
1,87,153,4,90
1,88,153,125,90
1,89,153,25,90
1,90,153,110,90
1,91,153,122,90
1,92,153,129,90
1,93,153,3,90
1,94,153,22,90
1,95,153,128,90
1,96,153,18,90
1,97,153,114,90
1,98,153,20,90
1,99,153,127,90
1,100,153,113,90
1,101,153,112,90
1,102,153,67,90
1,103,153,124,90
1,104,153,62,90
1,105,153,12,90
1,106,153,79,90
1,107,153,21,90
1,108,153,74,90
1,109,153,70,90
1,110,153,73,90
1,111,153,81,90
1,112,153,77,90
1,113,153,78,90
1,114,153,80,90
1,115,153,71,90
1,116,153,72,90
1,117,153,76,90
1,118,153,82,90
1,119,153,61,90
1,120,153,121,90
1,121,153,111,90
1,122,153,69,90
1,123,153,65,90
1,124,153,118,90
1,125,153,63,90
1,126,153,66,90
1,127,153,83,90
1,128,153,75,90
1,129,153,68,90
1,1,154,45,154
1,2,154,54,154
1,3,154,46,154
1,4,154,43,154
1,5,154,39,154
1,6,154,34,154
1,7,154,55,154
1,8,154,60,154
1,9,154,50,154
1,10,154,42,154
1,11,154,41,154
1,12,154,49,154
1,13,154,38,154
1,14,154,32,154
1,15,154,37,154
1,16,154,48,154
1,17,154,40,154
1,18,154,35,154
1,19,154,57,154
1,20,154,89,154
1,21,154,44,154
1,22,154,94,154
1,23,154,98,154
1,24,154,53,154
1,25,154,92,154
1,26,154,84,154
1,27,154,88,154
1,28,154,96,154
1,29,154,105,154
1,30,154,58,154
1,31,154,108,154
1,32,154,106,154
1,33,154,19,154
1,34,154,47,154
1,35,154,107,154
1,36,154,97,154
1,37,154,99,154
1,38,154,95,154
1,39,154,90,154
1,40,154,104,154
1,41,154,102,154
1,42,154,59,154
1,43,154,33,154
1,44,154,86,154
1,45,154,31,154
1,46,154,91,154
1,47,154,100,154
1,48,154,36,154
1,49,154,109,154
1,50,154,27,154
1,51,154,5,154
1,52,154,87,154
1,53,154,101,154
1,54,154,51,154
1,55,154,103,154
1,56,154,9,154
1,57,154,6,154
1,58,154,16,154
1,59,154,93,154
1,60,154,11,154
1,61,154,56,154
1,62,154,14,154
1,63,154,24,154
1,64,154,26,154
1,65,154,85,154
1,66,154,7,154
1,67,154,52,154
1,68,154,1,154
1,69,154,23,154
1,70,154,10,154
1,71,154,28,154
1,72,154,13,154
1,73,154,15,154
1,74,154,29,154
1,75,154,17,154
1,76,154,30,154
1,77,154,64,154
1,78,154,115,154
1,79,154,116,154
1,80,154,123,154
1,81,154,2,154
1,82,154,119,154
1,83,154,120,154
1,84,154,126,154
1,85,154,8,154
1,86,154,117,154
1,87,154,4,154
1,88,154,125,154
1,89,154,25,154
1,90,154,110,154
1,91,154,122,154
1,92,154,129,154
1,93,154,3,154
1,94,154,22,154
1,95,154,128,154
1,96,154,18,154
1,97,154,114,154
1,98,154,20,154
1,99,154,127,154
1,100,154,113,154
1,101,154,112,154
1,102,154,67,154
1,103,154,124,154
1,104,154,62,154
1,105,154,12,154
1,106,154,79,154
1,107,154,21,154
1,108,154,74,154
1,109,154,70,154
1,110,154,73,154
1,111,154,81,154
1,112,154,77,154
1,113,154,78,154
1,114,154,80,154
1,115,154,71,154
1,116,154,72,154
1,117,154,76,154
1,118,154,82,154
1,119,154,61,154
1,120,154,121,154
1,121,154,111,154
1,122,154,69,154
1,123,154,65,154
1,124,154,118,154
1,125,154,63,154
1,126,154,66,154
1,127,154,83,154
1,128,154,75,154
1,129,154,68,154
1,1,155,45,146
1,2,155,54,146
1,3,155,46,146
1,4,155,43,146
1,5,155,39,146
1,6,155,34,146
1,7,155,55,146
1,8,155,60,146
1,9,155,50,146
1,10,155,42,146
1,11,155,41,146
1,12,155,49,146
1,13,155,38,146
1,14,155,32,146
1,15,155,37,146
1,16,155,48,146
1,17,155,40,146
1,18,155,35,146
1,19,155,57,146
1,20,155,89,146
1,21,155,44,146
1,22,155,94,146
1,23,155,98,146
1,24,155,53,146
1,25,155,92,146
1,26,155,84,146
1,27,155,88,146
1,28,155,96,146
1,29,155,105,146
1,30,155,58,146
1,31,155,108,146
1,32,155,106,146
1,33,155,19,146
1,34,155,47,146
1,35,155,107,146
1,36,155,97,146
1,37,155,99,146
1,38,155,95,146
1,39,155,90,146
1,40,155,104,146
1,41,155,102,146
1,42,155,59,146
1,43,155,33,146
1,44,155,86,146
1,45,155,31,146
1,46,155,91,146
1,47,155,100,146
1,48,155,36,146
1,49,155,109,146
1,50,155,27,146
1,51,155,5,146
1,52,155,87,146
1,53,155,101,146
1,54,155,51,146
1,55,155,103,146
1,56,155,9,146
1,57,155,6,146
1,58,155,16,146
1,59,155,93,146
1,60,155,11,146
1,61,155,56,146
1,62,155,14,146
1,63,155,24,146
1,64,155,26,146
1,65,155,85,146
1,66,155,7,146
1,67,155,52,146
1,68,155,1,146
1,69,155,23,146
1,70,155,10,146
1,71,155,28,146
1,72,155,13,146
1,73,155,15,146
1,74,155,29,146
1,75,155,17,146
1,76,155,30,146
1,77,155,64,146
1,78,155,115,146
1,79,155,116,146
1,80,155,123,146
1,81,155,2,146
1,82,155,119,146
1,83,155,120,146
1,84,155,126,146
1,85,155,8,146
1,86,155,117,146
1,87,155,4,146
1,88,155,125,146
1,89,155,25,146
1,90,155,110,146
1,91,155,122,146
1,92,155,129,146
1,93,155,3,146
1,94,155,22,146
1,95,155,128,146
1,96,155,18,146
1,97,155,114,146
1,98,155,20,146
1,99,155,127,146
1,100,155,113,146
1,101,155,112,146
1,102,155,67,146
1,103,155,124,146
1,104,155,62,146
1,105,155,12,146
1,106,155,79,146
1,107,155,21,146
1,108,155,74,146
1,109,155,70,146
1,110,155,73,146
1,111,155,81,146
1,112,155,77,146
1,113,155,78,146
1,114,155,80,146
1,115,155,71,146
1,116,155,72,146
1,117,155,76,146
1,118,155,82,146
1,119,155,61,146
1,120,155,121,146
1,121,155,111,146
1,122,155,69,146
1,123,155,65,146
1,124,155,118,146
1,125,155,63,146
1,126,155,66,146
1,127,155,83,146
1,128,155,75,146
1,129,155,68,146
1,1,156,45,137
1,2,156,54,137
1,3,156,46,137
1,4,156,43,137
1,5,156,39,137
1,6,156,34,137
1,7,156,55,137
1,8,156,60,137
1,9,156,50,137
1,10,156,42,137
1,11,156,41,137
1,12,156,49,137
1,13,156,38,137
1,14,156,32,137
1,15,156,37,137
1,16,156,48,137
1,17,156,40,137
1,18,156,35,137
1,19,156,57,137
1,20,156,89,137
1,21,156,44,137
1,22,156,94,137
1,23,156,98,137
1,24,156,53,137
1,25,156,92,137
1,26,156,84,137
1,27,156,88,137
1,28,156,96,137
1,29,156,105,137
1,30,156,58,137
1,31,156,108,137
1,32,156,106,137
1,33,156,19,137
1,34,156,47,137
1,35,156,107,137
1,36,156,97,137
1,37,156,99,137
1,38,156,95,137
1,39,156,90,137
1,40,156,104,137
1,41,156,102,137
1,42,156,59,137
1,43,156,33,137
1,44,156,86,137
1,45,156,31,137
1,46,156,91,137
1,47,156,100,137
1,48,156,36,137
1,49,156,109,137
1,50,156,27,137
1,51,156,5,137
1,52,156,87,137
1,53,156,101,137
1,54,156,51,137
1,55,156,103,137
1,56,156,9,137
1,57,156,6,137
1,58,156,16,137
1,59,156,93,137
1,60,156,11,137
1,61,156,56,137
1,62,156,14,137
1,63,156,24,137
1,64,156,26,137
1,65,156,85,137
1,66,156,7,137
1,67,156,52,137
1,68,156,1,137
1,69,156,23,137
1,70,156,10,137
1,71,156,28,137
1,72,156,13,137
1,73,156,15,137
1,74,156,29,137
1,75,156,17,137
1,76,156,30,137
1,77,156,64,137
1,78,156,115,137
1,79,156,116,137
1,80,156,123,137
1,81,156,2,137
1,82,156,119,137
1,83,156,120,137
1,84,156,126,137
1,85,156,8,137
1,86,156,117,137
1,87,156,4,137
1,88,156,125,137
1,89,156,25,137
1,90,156,110,137
1,91,156,122,137
1,92,156,129,137
1,93,156,3,137
1,94,156,22,137
1,95,156,128,137
1,96,156,18,137
1,97,156,114,137
1,98,156,20,137
1,99,156,127,137
1,100,156,113,137
1,101,156,112,137
1,102,156,67,137
1,103,156,124,137
1,104,156,62,137
1,105,156,12,137
1,106,156,79,137
1,107,156,21,137
1,108,156,74,137
1,109,156,70,137
1,110,156,73,137
1,111,156,81,137
1,112,156,77,137
1,113,156,78,137
1,114,156,80,137
1,115,156,71,137
1,116,156,72,137
1,117,156,76,137
1,118,156,82,137
1,119,156,61,137
1,120,156,121,137
1,121,156,111,137
1,122,156,69,137
1,123,156,65,137
1,124,156,118,137
1,125,156,63,137
1,126,156,66,137
1,127,156,83,137
1,128,156,75,137
1,129,156,68,137
1,1,157,45,73
1,2,157,54,73
1,3,157,46,73
1,4,157,43,73
1,5,157,39,73
1,6,157,34,73
1,7,157,55,73
1,8,157,60,73
1,9,157,50,73
1,10,157,42,73
1,11,157,41,73
1,12,157,49,73
1,13,157,38,73
1,14,157,32,73
1,15,157,37,73
1,16,157,48,73
1,17,157,40,73
1,18,157,35,73
1,19,157,57,73
1,20,157,89,73
1,21,157,44,73
1,22,157,94,73
1,23,157,98,73
1,24,157,53,73
1,25,157,92,73
1,26,157,84,73
1,27,157,88,73
1,28,157,96,73
1,29,157,105,73
1,30,157,58,73
1,31,157,108,73
1,32,157,106,73
1,33,157,19,73
1,34,157,47,73
1,35,157,107,73
1,36,157,97,73
1,37,157,99,73
1,38,157,95,73
1,39,157,90,73
1,40,157,104,73
1,41,157,102,73
1,42,157,59,73
1,43,157,33,73
1,44,157,86,73
1,45,157,31,73
1,46,157,91,73
1,47,157,100,73
1,48,157,36,73
1,49,157,109,73
1,50,157,27,73
1,51,157,5,73
1,52,157,87,73
1,53,157,101,73
1,54,157,51,73
1,55,157,103,73
1,56,157,9,73
1,57,157,6,73
1,58,157,16,73
1,59,157,93,73
1,60,157,11,73
1,61,157,56,73
1,62,157,14,73
1,63,157,24,73
1,64,157,26,73
1,65,157,85,73
1,66,157,7,73
1,67,157,52,73
1,68,157,1,73
1,69,157,23,73
1,70,157,10,73
1,71,157,28,73
1,72,157,13,73
1,73,157,15,73
1,74,157,29,73
1,75,157,17,73
1,76,157,30,73
1,77,157,64,73
1,78,157,115,73
1,79,157,116,73
1,80,157,123,73
1,81,157,2,73
1,82,157,119,73
1,83,157,120,73
1,84,157,126,73
1,85,157,8,73
1,86,157,117,73
1,87,157,4,73
1,88,157,125,73
1,89,157,25,73
1,90,157,110,73
1,91,157,122,73
1,92,157,129,73
1,93,157,3,73
1,94,157,22,73
1,95,157,128,73
1,96,157,18,73
1,97,157,114,73
1,98,157,20,73
1,99,157,127,73
1,100,157,113,73
1,101,157,112,73
1,102,157,67,73
1,103,157,124,73
1,104,157,62,73
1,105,157,12,73
1,106,157,79,73
1,107,157,21,73
1,108,157,74,73
1,109,157,70,73
1,110,157,73,73
1,111,157,81,73
1,112,157,77,73
1,113,157,78,73
1,114,157,80,73
1,115,157,71,73
1,116,157,72,73
1,117,157,76,73
1,118,157,82,73
1,119,157,61,73
1,120,157,121,73
1,121,157,111,73
1,122,157,69,73
1,123,157,65,73
1,124,157,118,73
1,125,157,63,73
1,126,157,66,73
1,127,157,83,73
1,128,157,75,73
1,129,157,68,73
1,1,158,45,27
1,2,158,54,27
1,3,158,46,27
1,4,158,43,27
1,5,158,39,27
1,6,158,34,27
1,7,158,55,27
1,8,158,60,27
1,9,158,50,27
1,10,158,42,27
1,11,158,41,27
1,12,158,49,27
1,13,158,38,27
1,14,158,32,27
1,15,158,37,27
1,16,158,48,27
1,17,158,40,27
1,18,158,35,27
1,19,158,57,27
1,20,158,89,27
1,21,158,44,27
1,22,158,94,27
1,23,158,98,27
1,24,158,53,27
1,25,158,92,27
1,26,158,84,27
1,27,158,88,27
1,28,158,96,27
1,29,158,105,27
1,30,158,58,27
1,31,158,108,27
1,32,158,106,27
1,33,158,19,27
1,34,158,47,27
1,35,158,107,27
1,36,158,97,27
1,37,158,99,27
1,38,158,95,27
1,39,158,90,27
1,40,158,104,27
1,41,158,102,27
1,42,158,59,27
1,43,158,33,27
1,44,158,86,27
1,45,158,31,27
1,46,158,91,27
1,47,158,100,27
1,48,158,36,27
1,49,158,109,27
1,50,158,27,27
1,51,158,5,27
1,52,158,87,27
1,53,158,101,27
1,54,158,51,27
1,55,158,103,27
1,56,158,9,27
1,57,158,6,27
1,58,158,16,27
1,59,158,93,27
1,60,158,11,27
1,61,158,56,27
1,62,158,14,27
1,63,158,24,27
1,64,158,26,27
1,65,158,85,27
1,66,158,7,27
1,67,158,52,27
1,68,158,1,27
1,69,158,23,27
1,70,158,10,27
1,71,158,28,27
1,72,158,13,27
1,73,158,15,27
1,74,158,29,27
1,75,158,17,27
1,76,158,30,27
1,77,158,64,27
1,78,158,115,27
1,79,158,116,27
1,80,158,123,27
1,81,158,2,27
1,82,158,119,27
1,83,158,120,27
1,84,158,126,27
1,85,158,8,27
1,86,158,117,27
1,87,158,4,27
1,88,158,125,27
1,89,158,25,27
1,90,158,110,27
1,91,158,122,27
1,92,158,129,27
1,93,158,3,27
1,94,158,22,27
1,95,158,128,27
1,96,158,18,27
1,97,158,114,27
1,98,158,20,27
1,99,158,127,27
1,100,158,113,27
1,101,158,112,27
1,102,158,67,27
1,103,158,124,27
1,104,158,62,27
1,105,158,12,27
1,106,158,79,27
1,107,158,21,27
1,108,158,74,27
1,109,158,70,27
1,110,158,73,27
1,111,158,81,27
1,112,158,77,27
1,113,158,78,27
1,114,158,80,27
1,115,158,71,27
1,116,158,72,27
1,117,158,76,27
1,118,158,82,27
1,119,158,61,27
1,120,158,121,27
1,121,158,111,27
1,122,158,69,27
1,123,158,65,27
1,124,158,118,27
1,125,158,63,27
1,126,158,66,27
1,127,158,83,27
1,128,158,75,27
1,129,158,68,27
1,1,159,45,104
1,2,159,54,104
1,3,159,46,104
1,4,159,43,104
1,5,159,39,104
1,6,159,34,104
1,7,159,55,104
1,8,159,60,104
1,9,159,50,104
1,10,159,42,104
1,11,159,41,104
1,12,159,49,104
1,13,159,38,104
1,14,159,32,104
1,15,159,37,104
1,16,159,48,104
1,17,159,40,104
1,18,159,35,104
1,19,159,57,104
1,20,159,89,104
1,21,159,44,104
1,22,159,94,104
1,23,159,98,104
1,24,159,53,104
1,25,159,92,104
1,26,159,84,104
1,27,159,88,104
1,28,159,96,104
1,29,159,105,104
1,30,159,58,104
1,31,159,108,104
1,32,159,106,104
1,33,159,19,104
1,34,159,47,104
1,35,159,107,104
1,36,159,97,104
1,37,159,99,104
1,38,159,95,104
1,39,159,90,104
1,40,159,104,104
1,41,159,102,104
1,42,159,59,104
1,43,159,33,104
1,44,159,86,104
1,45,159,31,104
1,46,159,91,104
1,47,159,100,104
1,48,159,36,104
1,49,159,109,104
1,50,159,27,104
1,51,159,5,104
1,52,159,87,104
1,53,159,101,104
1,54,159,51,104
1,55,159,103,104
1,56,159,9,104
1,57,159,6,104
1,58,159,16,104
1,59,159,93,104
1,60,159,11,104
1,61,159,56,104
1,62,159,14,104
1,63,159,24,104
1,64,159,26,104
1,65,159,85,104
1,66,159,7,104
1,67,159,52,104
1,68,159,1,104
1,69,159,23,104
1,70,159,10,104
1,71,159,28,104
1,72,159,13,104
1,73,159,15,104
1,74,159,29,104
1,75,159,17,104
1,76,159,30,104
1,77,159,64,104
1,78,159,115,104
1,79,159,116,104
1,80,159,123,104
1,81,159,2,104
1,82,159,119,104
1,83,159,120,104
1,84,159,126,104
1,85,159,8,104
1,86,159,117,104
1,87,159,4,104
1,88,159,125,104
1,89,159,25,104
1,90,159,110,104
1,91,159,122,104
1,92,159,129,104
1,93,159,3,104
1,94,159,22,104
1,95,159,128,104
1,96,159,18,104
1,97,159,114,104
1,98,159,20,104
1,99,159,127,104
1,100,159,113,104
1,101,159,112,104
1,102,159,67,104
1,103,159,124,104
1,104,159,62,104
1,105,159,12,104
1,106,159,79,104
1,107,159,21,104
1,108,159,74,104
1,109,159,70,104
1,110,159,73,104
1,111,159,81,104
1,112,159,77,104
1,113,159,78,104
1,114,159,80,104
1,115,159,71,104
1,116,159,72,104
1,117,159,76,104
1,118,159,82,104
1,119,159,61,104
1,120,159,121,104
1,121,159,111,104
1,122,159,69,104
1,123,159,65,104
1,124,159,118,104
1,125,159,63,104
1,126,159,66,104
1,127,159,83,104
1,128,159,75,104
1,129,159,68,104
1,1,160,45,20
1,2,160,54,20
1,3,160,46,20
1,4,160,43,20
1,5,160,39,20
1,6,160,34,20
1,7,160,55,20
1,8,160,60,20
1,9,160,50,20
1,10,160,42,20
1,11,160,41,20
1,12,160,49,20
1,13,160,38,20
1,14,160,32,20
1,15,160,37,20
1,16,160,48,20
1,17,160,40,20
1,18,160,35,20
1,19,160,57,20
1,20,160,89,20
1,21,160,44,20
1,22,160,94,20
1,23,160,98,20
1,24,160,53,20
1,25,160,92,20
1,26,160,84,20
1,27,160,88,20
1,28,160,96,20
1,29,160,105,20
1,30,160,58,20
1,31,160,108,20
1,32,160,106,20
1,33,160,19,20
1,34,160,47,20
1,35,160,107,20
1,36,160,97,20
1,37,160,99,20
1,38,160,95,20
1,39,160,90,20
1,40,160,104,20
1,41,160,102,20
1,42,160,59,20
1,43,160,33,20
1,44,160,86,20
1,45,160,31,20
1,46,160,91,20
1,47,160,100,20
1,48,160,36,20
1,49,160,109,20
1,50,160,27,20
1,51,160,5,20
1,52,160,87,20
1,53,160,101,20
1,54,160,51,20
1,55,160,103,20
1,56,160,9,20
1,57,160,6,20
1,58,160,16,20
1,59,160,93,20
1,60,160,11,20
1,61,160,56,20
1,62,160,14,20
1,63,160,24,20
1,64,160,26,20
1,65,160,85,20
1,66,160,7,20
1,67,160,52,20
1,68,160,1,20
1,69,160,23,20
1,70,160,10,20
1,71,160,28,20
1,72,160,13,20
1,73,160,15,20
1,74,160,29,20
1,75,160,17,20
1,76,160,30,20
1,77,160,64,20
1,78,160,115,20
1,79,160,116,20
1,80,160,123,20
1,81,160,2,20
1,82,160,119,20
1,83,160,120,20
1,84,160,126,20
1,85,160,8,20
1,86,160,117,20
1,87,160,4,20
1,88,160,125,20
1,89,160,25,20
1,90,160,110,20
1,91,160,122,20
1,92,160,129,20
1,93,160,3,20
1,94,160,22,20
1,95,160,128,20
1,96,160,18,20
1,97,160,114,20
1,98,160,20,20
1,99,160,127,20
1,100,160,113,20
1,101,160,112,20
1,102,160,67,20
1,103,160,124,20
1,104,160,62,20
1,105,160,12,20
1,106,160,79,20
1,107,160,21,20
1,108,160,74,20
1,109,160,70,20
1,110,160,73,20
1,111,160,81,20
1,112,160,77,20
1,113,160,78,20
1,114,160,80,20
1,115,160,71,20
1,116,160,72,20
1,117,160,76,20
1,118,160,82,20
1,119,160,61,20
1,120,160,121,20
1,121,160,111,20
1,122,160,69,20
1,123,160,65,20
1,124,160,118,20
1,125,160,63,20
1,126,160,66,20
1,127,160,83,20
1,128,160,75,20
1,129,160,68,20
1,1,161,45,175
1,2,161,54,175
1,3,161,46,175
1,4,161,43,175
1,5,161,39,175
1,6,161,34,175
1,7,161,55,175
1,8,161,60,175
1,9,161,50,175
1,10,161,42,175
1,11,161,41,175
1,12,161,49,175
1,13,161,38,175
1,14,161,32,175
1,15,161,37,175
1,16,161,48,175
1,17,161,40,175
1,18,161,35,175
1,19,161,57,175
1,20,161,89,175
1,21,161,44,175
1,22,161,94,175
1,23,161,98,175
1,24,161,53,175
1,25,161,92,175
1,26,161,84,175
1,27,161,88,175
1,28,161,96,175
1,29,161,105,175
1,30,161,58,175
1,31,161,108,175
1,32,161,106,175
1,33,161,19,175
1,34,161,47,175
1,35,161,107,175
1,36,161,97,175
1,37,161,99,175
1,38,161,95,175
1,39,161,90,175
1,40,161,104,175
1,41,161,102,175
1,42,161,59,175
1,43,161,33,175
1,44,161,86,175
1,45,161,31,175
1,46,161,91,175
1,47,161,100,175
1,48,161,36,175
1,49,161,109,175
1,50,161,27,175
1,51,161,5,175
1,52,161,87,175
1,53,161,101,175
1,54,161,51,175
1,55,161,103,175
1,56,161,9,175
1,57,161,6,175
1,58,161,16,175
1,59,161,93,175
1,60,161,11,175
1,61,161,56,175
1,62,161,14,175
1,63,161,24,175
1,64,161,26,175
1,65,161,85,175
1,66,161,7,175
1,67,161,52,175
1,68,161,1,175
1,69,161,23,175
1,70,161,10,175
1,71,161,28,175
1,72,161,13,175
1,73,161,15,175
1,74,161,29,175
1,75,161,17,175
1,76,161,30,175
1,77,161,64,175
1,78,161,115,175
1,79,161,116,175
1,80,161,123,175
1,81,161,2,175
1,82,161,119,175
1,83,161,120,175
1,84,161,126,175
1,85,161,8,175
1,86,161,117,175
1,87,161,4,175
1,88,161,125,175
1,89,161,25,175
1,90,161,110,175
1,91,161,122,175
1,92,161,129,175
1,93,161,3,175
1,94,161,22,175
1,95,161,128,175
1,96,161,18,175
1,97,161,114,175
1,98,161,20,175
1,99,161,127,175
1,100,161,113,175
1,101,161,112,175
1,102,161,67,175
1,103,161,124,175
1,104,161,62,175
1,105,161,12,175
1,106,161,79,175
1,107,161,21,175
1,108,161,74,175
1,109,161,70,175
1,110,161,73,175
1,111,161,81,175
1,112,161,77,175
1,113,161,78,175
1,114,161,80,175
1,115,161,71,175
1,116,161,72,175
1,117,161,76,175
1,118,161,82,175
1,119,161,61,175
1,120,161,121,175
1,121,161,111,175
1,122,161,69,175
1,123,161,65,175
1,124,161,118,175
1,125,161,63,175
1,126,161,66,175
1,127,161,83,175
1,128,161,75,175
1,129,161,68,175
1,1,162,45,220
1,2,162,54,220
1,3,162,46,220
1,4,162,43,220
1,5,162,39,220
1,6,162,34,220
1,7,162,55,220
1,8,162,60,220
1,9,162,50,220
1,10,162,42,220
1,11,162,41,220
1,12,162,49,220
1,13,162,38,220
1,14,162,32,220
1,15,162,37,220
1,16,162,48,220
1,17,162,40,220
1,18,162,35,220
1,19,162,57,220
1,20,162,89,220
1,21,162,44,220
1,22,162,94,220
1,23,162,98,220
1,24,162,53,220
1,25,162,92,220
1,26,162,84,220
1,27,162,88,220
1,28,162,96,220
1,29,162,105,220
1,30,162,58,220
1,31,162,108,220
1,32,162,106,220
1,33,162,19,220
1,34,162,47,220
1,35,162,107,220
1,36,162,97,220
1,37,162,99,220
1,38,162,95,220
1,39,162,90,220
1,40,162,104,220
1,41,162,102,220
1,42,162,59,220
1,43,162,33,220
1,44,162,86,220
1,45,162,31,220
1,46,162,91,220
1,47,162,100,220
1,48,162,36,220
1,49,162,109,220
1,50,162,27,220
1,51,162,5,220
1,52,162,87,220
1,53,162,101,220
1,54,162,51,220
1,55,162,103,220
1,56,162,9,220
1,57,162,6,220
1,58,162,16,220
1,59,162,93,220
1,60,162,11,220
1,61,162,56,220
1,62,162,14,220
1,63,162,24,220
1,64,162,26,220
1,65,162,85,220
1,66,162,7,220
1,67,162,52,220
1,68,162,1,220
1,69,162,23,220
1,70,162,10,220
1,71,162,28,220
1,72,162,13,220
1,73,162,15,220
1,74,162,29,220
1,75,162,17,220
1,76,162,30,220
1,77,162,64,220
1,78,162,115,220
1,79,162,116,220
1,80,162,123,220
1,81,162,2,220
1,82,162,119,220
1,83,162,120,220
1,84,162,126,220
1,85,162,8,220
1,86,162,117,220
1,87,162,4,220
1,88,162,125,220
1,89,162,25,220
1,90,162,110,220
1,91,162,122,220
1,92,162,129,220
1,93,162,3,220
1,94,162,22,220
1,95,162,128,220
1,96,162,18,220
1,97,162,114,220
1,98,162,20,220
1,99,162,127,220
1,100,162,113,220
1,101,162,112,220
1,102,162,67,220
1,103,162,124,220
1,104,162,62,220
1,105,162,12,220
1,106,162,79,220
1,107,162,21,220
1,108,162,74,220
1,109,162,70,220
1,110,162,73,220
1,111,162,81,220
1,112,162,77,220
1,113,162,78,220
1,114,162,80,220
1,115,162,71,220
1,116,162,72,220
1,117,162,76,220
1,118,162,82,220
1,119,162,61,220
1,120,162,121,220
1,121,162,111,220
1,122,162,69,220
1,123,162,65,220
1,124,162,118,220
1,125,162,63,220
1,126,162,66,220
1,127,162,83,220
1,128,162,75,220
1,129,162,68,220
1,1,163,45,123
1,2,163,54,123
1,3,163,46,123
1,4,163,43,123
1,5,163,39,123
1,6,163,34,123
1,7,163,55,123
1,8,163,60,123
1,9,163,50,123
1,10,163,42,123
1,11,163,41,123
1,12,163,49,123
1,13,163,38,123
1,14,163,32,123
1,15,163,37,123
1,16,163,48,123
1,17,163,40,123
1,18,163,35,123
1,19,163,57,123
1,20,163,89,123
1,21,163,44,123
1,22,163,94,123
1,23,163,98,123
1,24,163,53,123
1,25,163,92,123
1,26,163,84,123
1,27,163,88,123
1,28,163,96,123
1,29,163,105,123
1,30,163,58,123
1,31,163,108,123
1,32,163,106,123
1,33,163,19,123
1,34,163,47,123
1,35,163,107,123
1,36,163,97,123
1,37,163,99,123
1,38,163,95,123
1,39,163,90,123
1,40,163,104,123
1,41,163,102,123
1,42,163,59,123
1,43,163,33,123
1,44,163,86,123
1,45,163,31,123
1,46,163,91,123
1,47,163,100,123
1,48,163,36,123
1,49,163,109,123
1,50,163,27,123
1,51,163,5,123
1,52,163,87,123
1,53,163,101,123
1,54,163,51,123
1,55,163,103,123
1,56,163,9,123
1,57,163,6,123
1,58,163,16,123
1,59,163,93,123
1,60,163,11,123
1,61,163,56,123
1,62,163,14,123
1,63,163,24,123
1,64,163,26,123
1,65,163,85,123
1,66,163,7,123
1,67,163,52,123
1,68,163,1,123
1,69,163,23,123
1,70,163,10,123
1,71,163,28,123
1,72,163,13,123
1,73,163,15,123
1,74,163,29,123
1,75,163,17,123
1,76,163,30,123
1,77,163,64,123
1,78,163,115,123
1,79,163,116,123
1,80,163,123,123
1,81,163,2,123
1,82,163,119,123
1,83,163,120,123
1,84,163,126,123
1,85,163,8,123
1,86,163,117,123
1,87,163,4,123
1,88,163,125,123
1,89,163,25,123
1,90,163,110,123
1,91,163,122,123
1,92,163,129,123
1,93,163,3,123
1,94,163,22,123
1,95,163,128,123
1,96,163,18,123
1,97,163,114,123
1,98,163,20,123
1,99,163,127,123
1,100,163,113,123
1,101,163,112,123
1,102,163,67,123
1,103,163,124,123
1,104,163,62,123
1,105,163,12,123
1,106,163,79,123
1,107,163,21,123
1,108,163,74,123
1,109,163,70,123
1,110,163,73,123
1,111,163,81,123
1,112,163,77,123
1,113,163,78,123
1,114,163,80,123
1,115,163,71,123
1,116,163,72,123
1,117,163,76,123
1,118,163,82,123
1,119,163,61,123
1,120,163,121,123
1,121,163,111,123
1,122,163,69,123
1,123,163,65,123
1,124,163,118,123
1,125,163,63,123
1,126,163,66,123
1,127,163,83,123
1,128,163,75,123
1,129,163,68,123
1,1,164,45,204
1,2,164,54,204
1,3,164,46,204
1,4,164,43,204
1,5,164,39,204
1,6,164,34,204
1,7,164,55,204
1,8,164,60,204
1,9,164,50,204
1,10,164,42,204
1,11,164,41,204
1,12,164,49,204
1,13,164,38,204
1,14,164,32,204
1,15,164,37,204
1,16,164,48,204
1,17,164,40,204
1,18,164,35,204
1,19,164,57,204
1,20,164,89,204
1,21,164,44,204
1,22,164,94,204
1,23,164,98,204
1,24,164,53,204
1,25,164,92,204
1,26,164,84,204
1,27,164,88,204
1,28,164,96,204
1,29,164,105,204
1,30,164,58,204
1,31,164,108,204
1,32,164,106,204
1,33,164,19,204
1,34,164,47,204
1,35,164,107,204
1,36,164,97,204
1,37,164,99,204
1,38,164,95,204
1,39,164,90,204
1,40,164,104,204
1,41,164,102,204
1,42,164,59,204
1,43,164,33,204
1,44,164,86,204
1,45,164,31,204
1,46,164,91,204
1,47,164,100,204
1,48,164,36,204
1,49,164,109,204
1,50,164,27,204
1,51,164,5,204
1,52,164,87,204
1,53,164,101,204
1,54,164,51,204
1,55,164,103,204
1,56,164,9,204
1,57,164,6,204
1,58,164,16,204
1,59,164,93,204
1,60,164,11,204
1,61,164,56,204
1,62,164,14,204
1,63,164,24,204
1,64,164,26,204
1,65,164,85,204
1,66,164,7,204
1,67,164,52,204
1,68,164,1,204
1,69,164,23,204
1,70,164,10,204
1,71,164,28,204
1,72,164,13,204
1,73,164,15,204
1,74,164,29,204
1,75,164,17,204
1,76,164,30,204
1,77,164,64,204
1,78,164,115,204
1,79,164,116,204
1,80,164,123,204
1,81,164,2,204
1,82,164,119,204
1,83,164,120,204
1,84,164,126,204
1,85,164,8,204
1,86,164,117,204
1,87,164,4,204
1,88,164,125,204
1,89,164,25,204
1,90,164,110,204
1,91,164,122,204
1,92,164,129,204
1,93,164,3,204
1,94,164,22,204
1,95,164,128,204
1,96,164,18,204
1,97,164,114,204
1,98,164,20,204
1,99,164,127,204
1,100,164,113,204
1,101,164,112,204
1,102,164,67,204
1,103,164,124,204
1,104,164,62,204
1,105,164,12,204
1,106,164,79,204
1,107,164,21,204
1,108,164,74,204
1,109,164,70,204
1,110,164,73,204
1,111,164,81,204
1,112,164,77,204
1,113,164,78,204
1,114,164,80,204
1,115,164,71,204
1,116,164,72,204
1,117,164,76,204
1,118,164,82,204
1,119,164,61,204
1,120,164,121,204
1,121,164,111,204
1,122,164,69,204
1,123,164,65,204
1,124,164,118,204
1,125,164,63,204
1,126,164,66,204
1,127,164,83,204
1,128,164,75,204
1,129,164,68,204
1,1,165,45,136
1,2,165,54,136
1,3,165,46,136
1,4,165,43,136
1,5,165,39,136
1,6,165,34,136
1,7,165,55,136
1,8,165,60,136
1,9,165,50,136
1,10,165,42,136
1,11,165,41,136
1,12,165,49,136
1,13,165,38,136
1,14,165,32,136
1,15,165,37,136
1,16,165,48,136
1,17,165,40,136
1,18,165,35,136
1,19,165,57,136
1,20,165,89,136
1,21,165,44,136
1,22,165,94,136
1,23,165,98,136
1,24,165,53,136
1,25,165,92,136
1,26,165,84,136
1,27,165,88,136
1,28,165,96,136
1,29,165,105,136
1,30,165,58,136
1,31,165,108,136
1,32,165,106,136
1,33,165,19,136
1,34,165,47,136
1,35,165,107,136
1,36,165,97,136
1,37,165,99,136
1,38,165,95,136
1,39,165,90,136
1,40,165,104,136
1,41,165,102,136
1,42,165,59,136
1,43,165,33,136
1,44,165,86,136
1,45,165,31,136
1,46,165,91,136
1,47,165,100,136
1,48,165,36,136
1,49,165,109,136
1,50,165,27,136
1,51,165,5,136
1,52,165,87,136
1,53,165,101,136
1,54,165,51,136
1,55,165,103,136
1,56,165,9,136
1,57,165,6,136
1,58,165,16,136
1,59,165,93,136
1,60,165,11,136
1,61,165,56,136
1,62,165,14,136
1,63,165,24,136
1,64,165,26,136
1,65,165,85,136
1,66,165,7,136
1,67,165,52,136
1,68,165,1,136
1,69,165,23,136
1,70,165,10,136
1,71,165,28,136
1,72,165,13,136
1,73,165,15,136
1,74,165,29,136
1,75,165,17,136
1,76,165,30,136
1,77,165,64,136
1,78,165,115,136
1,79,165,116,136
1,80,165,123,136
1,81,165,2,136
1,82,165,119,136
1,83,165,120,136
1,84,165,126,136
1,85,165,8,136
1,86,165,117,136
1,87,165,4,136
1,88,165,125,136
1,89,165,25,136
1,90,165,110,136
1,91,165,122,136
1,92,165,129,136
1,93,165,3,136
1,94,165,22,136
1,95,165,128,136
1,96,165,18,136
1,97,165,114,136
1,98,165,20,136
1,99,165,127,136
1,100,165,113,136
1,101,165,112,136
1,102,165,67,136
1,103,165,124,136
1,104,165,62,136
1,105,165,12,136
1,106,165,79,136
1,107,165,21,136
1,108,165,74,136
1,109,165,70,136
1,110,165,73,136
1,111,165,81,136
1,112,165,77,136
1,113,165,78,136
1,114,165,80,136
1,115,165,71,136
1,116,165,72,136
1,117,165,76,136
1,118,165,82,136
1,119,165,61,136
1,120,165,121,136
1,121,165,111,136
1,122,165,69,136
1,123,165,65,136
1,124,165,118,136
1,125,165,63,136
1,126,165,66,136
1,127,165,83,136
1,128,165,75,136
1,129,165,68,136
1,1,166,45,49
1,2,166,54,49
1,3,166,46,49
1,4,166,43,49
1,5,166,39,49
1,6,166,34,49
1,7,166,55,49
1,8,166,60,49
1,9,166,50,49
1,10,166,42,49
1,11,166,41,49
1,12,166,49,49
1,13,166,38,49
1,14,166,32,49
1,15,166,37,49
1,16,166,48,49
1,17,166,40,49
1,18,166,35,49
1,19,166,57,49
1,20,166,89,49
1,21,166,44,49
1,22,166,94,49
1,23,166,98,49
1,24,166,53,49
1,25,166,92,49
1,26,166,84,49
1,27,166,88,49
1,28,166,96,49
1,29,166,105,49
1,30,166,58,49
1,31,166,108,49
1,32,166,106,49
1,33,166,19,49
1,34,166,47,49
1,35,166,107,49
1,36,166,97,49
1,37,166,99,49
1,38,166,95,49
1,39,166,90,49
1,40,166,104,49
1,41,166,102,49
1,42,166,59,49
1,43,166,33,49
1,44,166,86,49
1,45,166,31,49
1,46,166,91,49
1,47,166,100,49
1,48,166,36,49
1,49,166,109,49
1,50,166,27,49
1,51,166,5,49
1,52,166,87,49
1,53,166,101,49
1,54,166,51,49
1,55,166,103,49
1,56,166,9,49
1,57,166,6,49
1,58,166,16,49
1,59,166,93,49
1,60,166,11,49
1,61,166,56,49
1,62,166,14,49
1,63,166,24,49
1,64,166,26,49
1,65,166,85,49
1,66,166,7,49
1,67,166,52,49
1,68,166,1,49
1,69,166,23,49
1,70,166,10,49
1,71,166,28,49
1,72,166,13,49
1,73,166,15,49
1,74,166,29,49
1,75,166,17,49
1,76,166,30,49
1,77,166,64,49
1,78,166,115,49
1,79,166,116,49
1,80,166,123,49
1,81,166,2,49
1,82,166,119,49
1,83,166,120,49
1,84,166,126,49
1,85,166,8,49
1,86,166,117,49
1,87,166,4,49
1,88,166,125,49
1,89,166,25,49
1,90,166,110,49
1,91,166,122,49
1,92,166,129,49
1,93,166,3,49
1,94,166,22,49
1,95,166,128,49
1,96,166,18,49
1,97,166,114,49
1,98,166,20,49
1,99,166,127,49
1,100,166,113,49
1,101,166,112,49
1,102,166,67,49
1,103,166,124,49
1,104,166,62,49
1,105,166,12,49
1,106,166,79,49
1,107,166,21,49
1,108,166,74,49
1,109,166,70,49
1,110,166,73,49
1,111,166,81,49
1,112,166,77,49
1,113,166,78,49
1,114,166,80,49
1,115,166,71,49
1,116,166,72,49
1,117,166,76,49
1,118,166,82,49
1,119,166,61,49
1,120,166,121,49
1,121,166,111,49
1,122,166,69,49
1,123,166,65,49
1,124,166,118,49
1,125,166,63,49
1,126,166,66,49
1,127,166,83,49
1,128,166,75,49
1,129,166,68,49
1,1,167,45,131
1,2,167,54,131
1,3,167,46,131
1,4,167,43,131
1,5,167,39,131
1,6,167,34,131
1,7,167,55,131
1,8,167,60,131
1,9,167,50,131
1,10,167,42,131
1,11,167,41,131
1,12,167,49,131
1,13,167,38,131
1,14,167,32,131
1,15,167,37,131
1,16,167,48,131
1,17,167,40,131
1,18,167,35,131
1,19,167,57,131
1,20,167,89,131
1,21,167,44,131
1,22,167,94,131
1,23,167,98,131
1,24,167,53,131
1,25,167,92,131
1,26,167,84,131
1,27,167,88,131
1,28,167,96,131
1,29,167,105,131
1,30,167,58,131
1,31,167,108,131
1,32,167,106,131
1,33,167,19,131
1,34,167,47,131
1,35,167,107,131
1,36,167,97,131
1,37,167,99,131
1,38,167,95,131
1,39,167,90,131
1,40,167,104,131
1,41,167,102,131
1,42,167,59,131
1,43,167,33,131
1,44,167,86,131
1,45,167,31,131
1,46,167,91,131
1,47,167,100,131
1,48,167,36,131
1,49,167,109,131
1,50,167,27,131
1,51,167,5,131
1,52,167,87,131
1,53,167,101,131
1,54,167,51,131
1,55,167,103,131
1,56,167,9,131
1,57,167,6,131
1,58,167,16,131
1,59,167,93,131
1,60,167,11,131
1,61,167,56,131
1,62,167,14,131
1,63,167,24,131
1,64,167,26,131
1,65,167,85,131
1,66,167,7,131
1,67,167,52,131
1,68,167,1,131
1,69,167,23,131
1,70,167,10,131
1,71,167,28,131
1,72,167,13,131
1,73,167,15,131
1,74,167,29,131
1,75,167,17,131
1,76,167,30,131
1,77,167,64,131
1,78,167,115,131
1,79,167,116,131
1,80,167,123,131
1,81,167,2,131
1,82,167,119,131
1,83,167,120,131
1,84,167,126,131
1,85,167,8,131
1,86,167,117,131
1,87,167,4,131
1,88,167,125,131
1,89,167,25,131
1,90,167,110,131
1,91,167,122,131
1,92,167,129,131
1,93,167,3,131
1,94,167,22,131
1,95,167,128,131
1,96,167,18,131
1,97,167,114,131
1,98,167,20,131
1,99,167,127,131
1,100,167,113,131
1,101,167,112,131
1,102,167,67,131
1,103,167,124,131
1,104,167,62,131
1,105,167,12,131
1,106,167,79,131
1,107,167,21,131
1,108,167,74,131
1,109,167,70,131
1,110,167,73,131
1,111,167,81,131
1,112,167,77,131
1,113,167,78,131
1,114,167,80,131
1,115,167,71,131
1,116,167,72,131
1,117,167,76,131
1,118,167,82,131
1,119,167,61,131
1,120,167,121,131
1,121,167,111,131
1,122,167,69,131
1,123,167,65,131
1,124,167,118,131
1,125,167,63,131
1,126,167,66,131
1,127,167,83,131
1,128,167,75,131
1,129,167,68,131
1,1,168,45,158
1,2,168,54,158
1,3,168,46,158
1,4,168,43,158
1,5,168,39,158
1,6,168,34,158
1,7,168,55,158
1,8,168,60,158
1,9,168,50,158
1,10,168,42,158
1,11,168,41,158
1,12,168,49,158
1,13,168,38,158
1,14,168,32,158
1,15,168,37,158
1,16,168,48,158
1,17,168,40,158
1,18,168,35,158
1,19,168,57,158
1,20,168,89,158
1,21,168,44,158
1,22,168,94,158
1,23,168,98,158
1,24,168,53,158
1,25,168,92,158
1,26,168,84,158
1,27,168,88,158
1,28,168,96,158
1,29,168,105,158
1,30,168,58,158
1,31,168,108,158
1,32,168,106,158
1,33,168,19,158
1,34,168,47,158
1,35,168,107,158
1,36,168,97,158
1,37,168,99,158
1,38,168,95,158
1,39,168,90,158
1,40,168,104,158
1,41,168,102,158
1,42,168,59,158
1,43,168,33,158
1,44,168,86,158
1,45,168,31,158
1,46,168,91,158
1,47,168,100,158
1,48,168,36,158
1,49,168,109,158
1,50,168,27,158
1,51,168,5,158
1,52,168,87,158
1,53,168,101,158
1,54,168,51,158
1,55,168,103,158
1,56,168,9,158
1,57,168,6,158
1,58,168,16,158
1,59,168,93,158
1,60,168,11,158
1,61,168,56,158
1,62,168,14,158
1,63,168,24,158
1,64,168,26,158
1,65,168,85,158
1,66,168,7,158
1,67,168,52,158
1,68,168,1,158
1,69,168,23,158
1,70,168,10,158
1,71,168,28,158
1,72,168,13,158
1,73,168,15,158
1,74,168,29,158
1,75,168,17,158
1,76,168,30,158
1,77,168,64,158
1,78,168,115,158
1,79,168,116,158
1,80,168,123,158
1,81,168,2,158
1,82,168,119,158
1,83,168,120,158
1,84,168,126,158
1,85,168,8,158
1,86,168,117,158
1,87,168,4,158
1,88,168,125,158
1,89,168,25,158
1,90,168,110,158
1,91,168,122,158
1,92,168,129,158
1,93,168,3,158
1,94,168,22,158
1,95,168,128,158
1,96,168,18,158
1,97,168,114,158
1,98,168,20,158
1,99,168,127,158
1,100,168,113,158
1,101,168,112,158
1,102,168,67,158
1,103,168,124,158
1,104,168,62,158
1,105,168,12,158
1,106,168,79,158
1,107,168,21,158
1,108,168,74,158
1,109,168,70,158
1,110,168,73,158
1,111,168,81,158
1,112,168,77,158
1,113,168,78,158
1,114,168,80,158
1,115,168,71,158
1,116,168,72,158
1,117,168,76,158
1,118,168,82,158
1,119,168,61,158
1,120,168,121,158
1,121,168,111,158
1,122,168,69,158
1,123,168,65,158
1,124,168,118,158
1,125,168,63,158
1,126,168,66,158
1,127,168,83,158
1,128,168,75,158
1,129,168,68,158
1,1,169,45,155
1,2,169,54,155
1,3,169,46,155
1,4,169,43,155
1,5,169,39,155
1,6,169,34,155
1,7,169,55,155
1,8,169,60,155
1,9,169,50,155
1,10,169,42,155
1,11,169,41,155
1,12,169,49,155
1,13,169,38,155
1,14,169,32,155
1,15,169,37,155
1,16,169,48,155
1,17,169,40,155
1,18,169,35,155
1,19,169,57,155
1,20,169,89,155
1,21,169,44,155
1,22,169,94,155
1,23,169,98,155
1,24,169,53,155
1,25,169,92,155
1,26,169,84,155
1,27,169,88,155
1,28,169,96,155
1,29,169,105,155
1,30,169,58,155
1,31,169,108,155
1,32,169,106,155
1,33,169,19,155
1,34,169,47,155
1,35,169,107,155
1,36,169,97,155
1,37,169,99,155
1,38,169,95,155
1,39,169,90,155
1,40,169,104,155
1,41,169,102,155
1,42,169,59,155
1,43,169,33,155
1,44,169,86,155
1,45,169,31,155
1,46,169,91,155
1,47,169,100,155
1,48,169,36,155
1,49,169,109,155
1,50,169,27,155
1,51,169,5,155
1,52,169,87,155
1,53,169,101,155
1,54,169,51,155
1,55,169,103,155
1,56,169,9,155
1,57,169,6,155
1,58,169,16,155
1,59,169,93,155
1,60,169,11,155
1,61,169,56,155
1,62,169,14,155
1,63,169,24,155
1,64,169,26,155
1,65,169,85,155
1,66,169,7,155
1,67,169,52,155
1,68,169,1,155
1,69,169,23,155
1,70,169,10,155
1,71,169,28,155
1,72,169,13,155
1,73,169,15,155
1,74,169,29,155
1,75,169,17,155
1,76,169,30,155
1,77,169,64,155
1,78,169,115,155
1,79,169,116,155
1,80,169,123,155
1,81,169,2,155
1,82,169,119,155
1,83,169,120,155
1,84,169,126,155
1,85,169,8,155
1,86,169,117,155
1,87,169,4,155
1,88,169,125,155
1,89,169,25,155
1,90,169,110,155
1,91,169,122,155
1,92,169,129,155
1,93,169,3,155
1,94,169,22,155
1,95,169,128,155
1,96,169,18,155
1,97,169,114,155
1,98,169,20,155
1,99,169,127,155
1,100,169,113,155
1,101,169,112,155
1,102,169,67,155
1,103,169,124,155
1,104,169,62,155
1,105,169,12,155
1,106,169,79,155
1,107,169,21,155
1,108,169,74,155
1,109,169,70,155
1,110,169,73,155
1,111,169,81,155
1,112,169,77,155
1,113,169,78,155
1,114,169,80,155
1,115,169,71,155
1,116,169,72,155
1,117,169,76,155
1,118,169,82,155
1,119,169,61,155
1,120,169,121,155
1,121,169,111,155
1,122,169,69,155
1,123,169,65,155
1,124,169,118,155
1,125,169,63,155
1,126,169,66,155
1,127,169,83,155
1,128,169,75,155
1,129,169,68,155
1,1,170,45,58
1,2,170,54,58
1,3,170,46,58
1,4,170,43,58
1,5,170,39,58
1,6,170,34,58
1,7,170,55,58
1,8,170,60,58
1,9,170,50,58
1,10,170,42,58
1,11,170,41,58
1,12,170,49,58
1,13,170,38,58
1,14,170,32,58
1,15,170,37,58
1,16,170,48,58
1,17,170,40,58
1,18,170,35,58
1,19,170,57,58
1,20,170,89,58
1,21,170,44,58
1,22,170,94,58
1,23,170,98,58
1,24,170,53,58
1,25,170,92,58
1,26,170,84,58
1,27,170,88,58
1,28,170,96,58
1,29,170,105,58
1,30,170,58,58
1,31,170,108,58
1,32,170,106,58
1,33,170,19,58
1,34,170,47,58
1,35,170,107,58
1,36,170,97,58
1,37,170,99,58
1,38,170,95,58
1,39,170,90,58
1,40,170,104,58
1,41,170,102,58
1,42,170,59,58
1,43,170,33,58
1,44,170,86,58
1,45,170,31,58
1,46,170,91,58
1,47,170,100,58
1,48,170,36,58
1,49,170,109,58
1,50,170,27,58
1,51,170,5,58
1,52,170,87,58
1,53,170,101,58
1,54,170,51,58
1,55,170,103,58
1,56,170,9,58
1,57,170,6,58
1,58,170,16,58
1,59,170,93,58
1,60,170,11,58
1,61,170,56,58
1,62,170,14,58
1,63,170,24,58
1,64,170,26,58
1,65,170,85,58
1,66,170,7,58
1,67,170,52,58
1,68,170,1,58
1,69,170,23,58
1,70,170,10,58
1,71,170,28,58
1,72,170,13,58
1,73,170,15,58
1,74,170,29,58
1,75,170,17,58
1,76,170,30,58
1,77,170,64,58
1,78,170,115,58
1,79,170,116,58
1,80,170,123,58
1,81,170,2,58
1,82,170,119,58
1,83,170,120,58
1,84,170,126,58
1,85,170,8,58
1,86,170,117,58
1,87,170,4,58
1,88,170,125,58
1,89,170,25,58
1,90,170,110,58
1,91,170,122,58
1,92,170,129,58
1,93,170,3,58
1,94,170,22,58
1,95,170,128,58
1,96,170,18,58
1,97,170,114,58
1,98,170,20,58
1,99,170,127,58
1,100,170,113,58
1,101,170,112,58
1,102,170,67,58
1,103,170,124,58
1,104,170,62,58
1,105,170,12,58
1,106,170,79,58
1,107,170,21,58
1,108,170,74,58
1,109,170,70,58
1,110,170,73,58
1,111,170,81,58
1,112,170,77,58
1,113,170,78,58
1,114,170,80,58
1,115,170,71,58
1,116,170,72,58
1,117,170,76,58
1,118,170,82,58
1,119,170,61,58
1,120,170,121,58
1,121,170,111,58
1,122,170,69,58
1,123,170,65,58
1,124,170,118,58
1,125,170,63,58
1,126,170,66,58
1,127,170,83,58
1,128,170,75,58
1,129,170,68,58
1,1,171,45,138
1,2,171,54,138
1,3,171,46,138
1,4,171,43,138
1,5,171,39,138
1,6,171,34,138
1,7,171,55,138
1,8,171,60,138
1,9,171,50,138
1,10,171,42,138
1,11,171,41,138
1,12,171,49,138
1,13,171,38,138
1,14,171,32,138
1,15,171,37,138
1,16,171,48,138
1,17,171,40,138
1,18,171,35,138
1,19,171,57,138
1,20,171,89,138
1,21,171,44,138
1,22,171,94,138
1,23,171,98,138
1,24,171,53,138
1,25,171,92,138
1,26,171,84,138
1,27,171,88,138
1,28,171,96,138
1,29,171,105,138
1,30,171,58,138
1,31,171,108,138
1,32,171,106,138
1,33,171,19,138
1,34,171,47,138
1,35,171,107,138
1,36,171,97,138
1,37,171,99,138
1,38,171,95,138
1,39,171,90,138
1,40,171,104,138
1,41,171,102,138
1,42,171,59,138
1,43,171,33,138
1,44,171,86,138
1,45,171,31,138
1,46,171,91,138
1,47,171,100,138
1,48,171,36,138
1,49,171,109,138
1,50,171,27,138
1,51,171,5,138
1,52,171,87,138
1,53,171,101,138
1,54,171,51,138
1,55,171,103,138
1,56,171,9,138
1,57,171,6,138
1,58,171,16,138
1,59,171,93,138
1,60,171,11,138
1,61,171,56,138
1,62,171,14,138
1,63,171,24,138
1,64,171,26,138
1,65,171,85,138
1,66,171,7,138
1,67,171,52,138
1,68,171,1,138
1,69,171,23,138
1,70,171,10,138
1,71,171,28,138
1,72,171,13,138
1,73,171,15,138
1,74,171,29,138
1,75,171,17,138
1,76,171,30,138
1,77,171,64,138
1,78,171,115,138
1,79,171,116,138
1,80,171,123,138
1,81,171,2,138
1,82,171,119,138
1,83,171,120,138
1,84,171,126,138
1,85,171,8,138
1,86,171,117,138
1,87,171,4,138
1,88,171,125,138
1,89,171,25,138
1,90,171,110,138
1,91,171,122,138
1,92,171,129,138
1,93,171,3,138
1,94,171,22,138
1,95,171,128,138
1,96,171,18,138
1,97,171,114,138
1,98,171,20,138
1,99,171,127,138
1,100,171,113,138
1,101,171,112,138
1,102,171,67,138
1,103,171,124,138
1,104,171,62,138
1,105,171,12,138
1,106,171,79,138
1,107,171,21,138
1,108,171,74,138
1,109,171,70,138
1,110,171,73,138
1,111,171,81,138
1,112,171,77,138
1,113,171,78,138
1,114,171,80,138
1,115,171,71,138
1,116,171,72,138
1,117,171,76,138
1,118,171,82,138
1,119,171,61,138
1,120,171,121,138
1,121,171,111,138
1,122,171,69,138
1,123,171,65,138
1,124,171,118,138
1,125,171,63,138
1,126,171,66,138
1,127,171,83,138
1,128,171,75,138
1,129,171,68,138
1,1,172,45,184
1,2,172,54,184
1,3,172,46,184
1,4,172,43,184
1,5,172,39,184
1,6,172,34,184
1,7,172,55,184
1,8,172,60,184
1,9,172,50,184
1,10,172,42,184
1,11,172,41,184
1,12,172,49,184
1,13,172,38,184
1,14,172,32,184
1,15,172,37,184
1,16,172,48,184
1,17,172,40,184
1,18,172,35,184
1,19,172,57,184
1,20,172,89,184
1,21,172,44,184
1,22,172,94,184
1,23,172,98,184
1,24,172,53,184
1,25,172,92,184
1,26,172,84,184
1,27,172,88,184
1,28,172,96,184
1,29,172,105,184
1,30,172,58,184
1,31,172,108,184
1,32,172,106,184
1,33,172,19,184
1,34,172,47,184
1,35,172,107,184
1,36,172,97,184
1,37,172,99,184
1,38,172,95,184
1,39,172,90,184
1,40,172,104,184
1,41,172,102,184
1,42,172,59,184
1,43,172,33,184
1,44,172,86,184
1,45,172,31,184
1,46,172,91,184
1,47,172,100,184
1,48,172,36,184
1,49,172,109,184
1,50,172,27,184
1,51,172,5,184
1,52,172,87,184
1,53,172,101,184
1,54,172,51,184
1,55,172,103,184
1,56,172,9,184
1,57,172,6,184
1,58,172,16,184
1,59,172,93,184
1,60,172,11,184
1,61,172,56,184
1,62,172,14,184
1,63,172,24,184
1,64,172,26,184
1,65,172,85,184
1,66,172,7,184
1,67,172,52,184
1,68,172,1,184
1,69,172,23,184
1,70,172,10,184
1,71,172,28,184
1,72,172,13,184
1,73,172,15,184
1,74,172,29,184
1,75,172,17,184
1,76,172,30,184
1,77,172,64,184
1,78,172,115,184
1,79,172,116,184
1,80,172,123,184
1,81,172,2,184
1,82,172,119,184
1,83,172,120,184
1,84,172,126,184
1,85,172,8,184
1,86,172,117,184
1,87,172,4,184
1,88,172,125,184
1,89,172,25,184
1,90,172,110,184
1,91,172,122,184
1,92,172,129,184
1,93,172,3,184
1,94,172,22,184
1,95,172,128,184
1,96,172,18,184
1,97,172,114,184
1,98,172,20,184
1,99,172,127,184
1,100,172,113,184
1,101,172,112,184
1,102,172,67,184
1,103,172,124,184
1,104,172,62,184
1,105,172,12,184
1,106,172,79,184
1,107,172,21,184
1,108,172,74,184
1,109,172,70,184
1,110,172,73,184
1,111,172,81,184
1,112,172,77,184
1,113,172,78,184
1,114,172,80,184
1,115,172,71,184
1,116,172,72,184
1,117,172,76,184
1,118,172,82,184
1,119,172,61,184
1,120,172,121,184
1,121,172,111,184
1,122,172,69,184
1,123,172,65,184
1,124,172,118,184
1,125,172,63,184
1,126,172,66,184
1,127,172,83,184
1,128,172,75,184
1,129,172,68,184
1,1,173,45,61
1,2,173,54,61
1,3,173,46,61
1,4,173,43,61
1,5,173,39,61
1,6,173,34,61
1,7,173,55,61
1,8,173,60,61
1,9,173,50,61
1,10,173,42,61
1,11,173,41,61
1,12,173,49,61
1,13,173,38,61
1,14,173,32,61
1,15,173,37,61
1,16,173,48,61
1,17,173,40,61
1,18,173,35,61
1,19,173,57,61
1,20,173,89,61
1,21,173,44,61
1,22,173,94,61
1,23,173,98,61
1,24,173,53,61
1,25,173,92,61
1,26,173,84,61
1,27,173,88,61
1,28,173,96,61
1,29,173,105,61
1,30,173,58,61
1,31,173,108,61
1,32,173,106,61
1,33,173,19,61
1,34,173,47,61
1,35,173,107,61
1,36,173,97,61
1,37,173,99,61
1,38,173,95,61
1,39,173,90,61
1,40,173,104,61
1,41,173,102,61
1,42,173,59,61
1,43,173,33,61
1,44,173,86,61
1,45,173,31,61
1,46,173,91,61
1,47,173,100,61
1,48,173,36,61
1,49,173,109,61
1,50,173,27,61
1,51,173,5,61
1,52,173,87,61
1,53,173,101,61
1,54,173,51,61
1,55,173,103,61
1,56,173,9,61
1,57,173,6,61
1,58,173,16,61
1,59,173,93,61
1,60,173,11,61
1,61,173,56,61
1,62,173,14,61
1,63,173,24,61
1,64,173,26,61
1,65,173,85,61
1,66,173,7,61
1,67,173,52,61
1,68,173,1,61
1,69,173,23,61
1,70,173,10,61
1,71,173,28,61
1,72,173,13,61
1,73,173,15,61
1,74,173,29,61
1,75,173,17,61
1,76,173,30,61
1,77,173,64,61
1,78,173,115,61
1,79,173,116,61
1,80,173,123,61
1,81,173,2,61
1,82,173,119,61
1,83,173,120,61
1,84,173,126,61
1,85,173,8,61
1,86,173,117,61
1,87,173,4,61
1,88,173,125,61
1,89,173,25,61
1,90,173,110,61
1,91,173,122,61
1,92,173,129,61
1,93,173,3,61
1,94,173,22,61
1,95,173,128,61
1,96,173,18,61
1,97,173,114,61
1,98,173,20,61
1,99,173,127,61
1,100,173,113,61
1,101,173,112,61
1,102,173,67,61
1,103,173,124,61
1,104,173,62,61
1,105,173,12,61
1,106,173,79,61
1,107,173,21,61
1,108,173,74,61
1,109,173,70,61
1,110,173,73,61
1,111,173,81,61
1,112,173,77,61
1,113,173,78,61
1,114,173,80,61
1,115,173,71,61
1,116,173,72,61
1,117,173,76,61
1,118,173,82,61
1,119,173,61,61
1,120,173,121,61
1,121,173,111,61
1,122,173,69,61
1,123,173,65,61
1,124,173,118,61
1,125,173,63,61
1,126,173,66,61
1,127,173,83,61
1,128,173,75,61
1,129,173,68,61
1,1,174,45,92
1,2,174,54,92
1,3,174,46,92
1,4,174,43,92
1,5,174,39,92
1,6,174,34,92
1,7,174,55,92
1,8,174,60,92
1,9,174,50,92
1,10,174,42,92
1,11,174,41,92
1,12,174,49,92
1,13,174,38,92
1,14,174,32,92
1,15,174,37,92
1,16,174,48,92
1,17,174,40,92
1,18,174,35,92
1,19,174,57,92
1,20,174,89,92
1,21,174,44,92
1,22,174,94,92
1,23,174,98,92
1,24,174,53,92
1,25,174,92,92
1,26,174,84,92
1,27,174,88,92
1,28,174,96,92
1,29,174,105,92
1,30,174,58,92
1,31,174,108,92
1,32,174,106,92
1,33,174,19,92
1,34,174,47,92
1,35,174,107,92
1,36,174,97,92
1,37,174,99,92
1,38,174,95,92
1,39,174,90,92
1,40,174,104,92
1,41,174,102,92
1,42,174,59,92
1,43,174,33,92
1,44,174,86,92
1,45,174,31,92
1,46,174,91,92
1,47,174,100,92
1,48,174,36,92
1,49,174,109,92
1,50,174,27,92
1,51,174,5,92
1,52,174,87,92
1,53,174,101,92
1,54,174,51,92
1,55,174,103,92
1,56,174,9,92
1,57,174,6,92
1,58,174,16,92
1,59,174,93,92
1,60,174,11,92
1,61,174,56,92
1,62,174,14,92
1,63,174,24,92
1,64,174,26,92
1,65,174,85,92
1,66,174,7,92
1,67,174,52,92
1,68,174,1,92
1,69,174,23,92
1,70,174,10,92
1,71,174,28,92
1,72,174,13,92
1,73,174,15,92
1,74,174,29,92
1,75,174,17,92
1,76,174,30,92
1,77,174,64,92
1,78,174,115,92
1,79,174,116,92
1,80,174,123,92
1,81,174,2,92
1,82,174,119,92
1,83,174,120,92
1,84,174,126,92
1,85,174,8,92
1,86,174,117,92
1,87,174,4,92
1,88,174,125,92
1,89,174,25,92
1,90,174,110,92
1,91,174,122,92
1,92,174,129,92
1,93,174,3,92
1,94,174,22,92
1,95,174,128,92
1,96,174,18,92
1,97,174,114,92
1,98,174,20,92
1,99,174,127,92
1,100,174,113,92
1,101,174,112,92
1,102,174,67,92
1,103,174,124,92
1,104,174,62,92
1,105,174,12,92
1,106,174,79,92
1,107,174,21,92
1,108,174,74,92
1,109,174,70,92
1,110,174,73,92
1,111,174,81,92
1,112,174,77,92
1,113,174,78,92
1,114,174,80,92
1,115,174,71,92
1,116,174,72,92
1,117,174,76,92
1,118,174,82,92
1,119,174,61,92
1,120,174,121,92
1,121,174,111,92
1,122,174,69,92
1,123,174,65,92
1,124,174,118,92
1,125,174,63,92
1,126,174,66,92
1,127,174,83,92
1,128,174,75,92
1,129,174,68,92
1,1,175,45,222
1,2,175,54,222
1,3,175,46,222
1,4,175,43,222
1,5,175,39,222
1,6,175,34,222
1,7,175,55,222
1,8,175,60,222
1,9,175,50,222
1,10,175,42,222
1,11,175,41,222
1,12,175,49,222
1,13,175,38,222
1,14,175,32,222
1,15,175,37,222
1,16,175,48,222
1,17,175,40,222
1,18,175,35,222
1,19,175,57,222
1,20,175,89,222
1,21,175,44,222
1,22,175,94,222
1,23,175,98,222
1,24,175,53,222
1,25,175,92,222
1,26,175,84,222
1,27,175,88,222
1,28,175,96,222
1,29,175,105,222
1,30,175,58,222
1,31,175,108,222
1,32,175,106,222
1,33,175,19,222
1,34,175,47,222
1,35,175,107,222
1,36,175,97,222
1,37,175,99,222
1,38,175,95,222
1,39,175,90,222
1,40,175,104,222
1,41,175,102,222
1,42,175,59,222
1,43,175,33,222
1,44,175,86,222
1,45,175,31,222
1,46,175,91,222
1,47,175,100,222
1,48,175,36,222
1,49,175,109,222
1,50,175,27,222
1,51,175,5,222
1,52,175,87,222
1,53,175,101,222
1,54,175,51,222
1,55,175,103,222
1,56,175,9,222
1,57,175,6,222
1,58,175,16,222
1,59,175,93,222
1,60,175,11,222
1,61,175,56,222
1,62,175,14,222
1,63,175,24,222
1,64,175,26,222
1,65,175,85,222
1,66,175,7,222
1,67,175,52,222
1,68,175,1,222
1,69,175,23,222
1,70,175,10,222
1,71,175,28,222
1,72,175,13,222
1,73,175,15,222
1,74,175,29,222
1,75,175,17,222
1,76,175,30,222
1,77,175,64,222
1,78,175,115,222
1,79,175,116,222
1,80,175,123,222
1,81,175,2,222
1,82,175,119,222
1,83,175,120,222
1,84,175,126,222
1,85,175,8,222
1,86,175,117,222
1,87,175,4,222
1,88,175,125,222
1,89,175,25,222
1,90,175,110,222
1,91,175,122,222
1,92,175,129,222
1,93,175,3,222
1,94,175,22,222
1,95,175,128,222
1,96,175,18,222
1,97,175,114,222
1,98,175,20,222
1,99,175,127,222
1,100,175,113,222
1,101,175,112,222
1,102,175,67,222
1,103,175,124,222
1,104,175,62,222
1,105,175,12,222
1,106,175,79,222
1,107,175,21,222
1,108,175,74,222
1,109,175,70,222
1,110,175,73,222
1,111,175,81,222
1,112,175,77,222
1,113,175,78,222
1,114,175,80,222
1,115,175,71,222
1,116,175,72,222
1,117,175,76,222
1,118,175,82,222
1,119,175,61,222
1,120,175,121,222
1,121,175,111,222
1,122,175,69,222
1,123,175,65,222
1,124,175,118,222
1,125,175,63,222
1,126,175,66,222
1,127,175,83,222
1,128,175,75,222
1,129,175,68,222
1,1,176,45,67
1,2,176,54,67
1,3,176,46,67
1,4,176,43,67
1,5,176,39,67
1,6,176,34,67
1,7,176,55,67
1,8,176,60,67
1,9,176,50,67
1,10,176,42,67
1,11,176,41,67
1,12,176,49,67
1,13,176,38,67
1,14,176,32,67
1,15,176,37,67
1,16,176,48,67
1,17,176,40,67
1,18,176,35,67
1,19,176,57,67
1,20,176,89,67
1,21,176,44,67
1,22,176,94,67
1,23,176,98,67
1,24,176,53,67
1,25,176,92,67
1,26,176,84,67
1,27,176,88,67
1,28,176,96,67
1,29,176,105,67
1,30,176,58,67
1,31,176,108,67
1,32,176,106,67
1,33,176,19,67
1,34,176,47,67
1,35,176,107,67
1,36,176,97,67
1,37,176,99,67
1,38,176,95,67
1,39,176,90,67
1,40,176,104,67
1,41,176,102,67
1,42,176,59,67
1,43,176,33,67
1,44,176,86,67
1,45,176,31,67
1,46,176,91,67
1,47,176,100,67
1,48,176,36,67
1,49,176,109,67
1,50,176,27,67
1,51,176,5,67
1,52,176,87,67
1,53,176,101,67
1,54,176,51,67
1,55,176,103,67
1,56,176,9,67
1,57,176,6,67
1,58,176,16,67
1,59,176,93,67
1,60,176,11,67
1,61,176,56,67
1,62,176,14,67
1,63,176,24,67
1,64,176,26,67
1,65,176,85,67
1,66,176,7,67
1,67,176,52,67
1,68,176,1,67
1,69,176,23,67
1,70,176,10,67
1,71,176,28,67
1,72,176,13,67
1,73,176,15,67
1,74,176,29,67
1,75,176,17,67
1,76,176,30,67
1,77,176,64,67
1,78,176,115,67
1,79,176,116,67
1,80,176,123,67
1,81,176,2,67
1,82,176,119,67
1,83,176,120,67
1,84,176,126,67
1,85,176,8,67
1,86,176,117,67
1,87,176,4,67
1,88,176,125,67
1,89,176,25,67
1,90,176,110,67
1,91,176,122,67
1,92,176,129,67
1,93,176,3,67
1,94,176,22,67
1,95,176,128,67
1,96,176,18,67
1,97,176,114,67
1,98,176,20,67
1,99,176,127,67
1,100,176,113,67
1,101,176,112,67
1,102,176,67,67
1,103,176,124,67
1,104,176,62,67
1,105,176,12,67
1,106,176,79,67
1,107,176,21,67
1,108,176,74,67
1,109,176,70,67
1,110,176,73,67
1,111,176,81,67
1,112,176,77,67
1,113,176,78,67
1,114,176,80,67
1,115,176,71,67
1,116,176,72,67
1,117,176,76,67
1,118,176,82,67
1,119,176,61,67
1,120,176,121,67
1,121,176,111,67
1,122,176,69,67
1,123,176,65,67
1,124,176,118,67
1,125,176,63,67
1,126,176,66,67
1,127,176,83,67
1,128,176,75,67
1,129,176,68,67
1,1,177,45,57
1,2,177,54,57
1,3,177,46,57
1,4,177,43,57
1,5,177,39,57
1,6,177,34,57
1,7,177,55,57
1,8,177,60,57
1,9,177,50,57
1,10,177,42,57
1,11,177,41,57
1,12,177,49,57
1,13,177,38,57
1,14,177,32,57
1,15,177,37,57
1,16,177,48,57
1,17,177,40,57
1,18,177,35,57
1,19,177,57,57
1,20,177,89,57
1,21,177,44,57
1,22,177,94,57
1,23,177,98,57
1,24,177,53,57
1,25,177,92,57
1,26,177,84,57
1,27,177,88,57
1,28,177,96,57
1,29,177,105,57
1,30,177,58,57
1,31,177,108,57
1,32,177,106,57
1,33,177,19,57
1,34,177,47,57
1,35,177,107,57
1,36,177,97,57
1,37,177,99,57
1,38,177,95,57
1,39,177,90,57
1,40,177,104,57
1,41,177,102,57
1,42,177,59,57
1,43,177,33,57
1,44,177,86,57
1,45,177,31,57
1,46,177,91,57
1,47,177,100,57
1,48,177,36,57
1,49,177,109,57
1,50,177,27,57
1,51,177,5,57
1,52,177,87,57
1,53,177,101,57
1,54,177,51,57
1,55,177,103,57
1,56,177,9,57
1,57,177,6,57
1,58,177,16,57
1,59,177,93,57
1,60,177,11,57
1,61,177,56,57
1,62,177,14,57
1,63,177,24,57
1,64,177,26,57
1,65,177,85,57
1,66,177,7,57
1,67,177,52,57
1,68,177,1,57
1,69,177,23,57
1,70,177,10,57
1,71,177,28,57
1,72,177,13,57
1,73,177,15,57
1,74,177,29,57
1,75,177,17,57
1,76,177,30,57
1,77,177,64,57
1,78,177,115,57
1,79,177,116,57
1,80,177,123,57
1,81,177,2,57
1,82,177,119,57
1,83,177,120,57
1,84,177,126,57
1,85,177,8,57
1,86,177,117,57
1,87,177,4,57
15,88,177,125,57
15,89,177,25,57
15,90,177,110,57
15,91,177,122,57
15,92,177,129,57
15,93,177,3,57
15,94,177,22,57
15,95,177,128,57
15,96,177,18,57
15,97,177,114,57
15,98,177,20,57
16,99,177,127,57
16,100,177,113,57
16,101,177,112,57
16,102,177,67,57
16,103,177,124,57
16,104,177,62,57
16,105,177,12,57
1,106,177,79,57
1,107,177,21,57
1,108,177,74,57
1,109,177,70,57
1,110,177,73,57
1,111,177,81,57
1,112,177,77,57
1,113,177,78,57
1,114,177,80,57
1,115,177,71,57
1,116,177,72,57
1,117,177,76,57
1,118,177,82,57
1,119,177,61,57
1,120,177,121,57
1,121,177,111,57
1,122,177,69,57
1,123,177,65,57
1,124,177,118,57
1,125,177,63,57
1,126,177,66,57
1,127,177,83,57
1,128,177,75,57
1,129,177,68,57
1,1,178,45,198
1,2,178,54,198
1,3,178,46,198
1,4,178,43,198
1,5,178,39,198
1,6,178,34,198
1,7,178,55,198
1,8,178,60,198
1,9,178,50,198
1,10,178,42,198
1,11,178,41,198
1,12,178,49,198
1,13,178,38,198
1,14,178,32,198
1,15,178,37,198
1,16,178,48,198
1,17,178,40,198
1,18,178,35,198
1,19,178,57,198
1,20,178,89,198
1,21,178,44,198
1,22,178,94,198
1,23,178,98,198
1,24,178,53,198
1,25,178,92,198
1,26,178,84,198
1,27,178,88,198
1,28,178,96,198
1,29,178,105,198
1,30,178,58,198
1,31,178,108,198
1,32,178,106,198
1,33,178,19,198
1,34,178,47,198
1,35,178,107,198
1,36,178,97,198
1,37,178,99,198
1,38,178,95,198
1,39,178,90,198
1,40,178,104,198
1,41,178,102,198
1,42,178,59,198
1,43,178,33,198
1,44,178,86,198
1,45,178,31,198
1,46,178,91,198
1,47,178,100,198
1,48,178,36,198
1,49,178,109,198
1,50,178,27,198
1,51,178,5,198
1,52,178,87,198
1,53,178,101,198
1,54,178,51,198
1,55,178,103,198
1,56,178,9,198
1,57,178,6,198
1,58,178,16,198
1,59,178,93,198
1,60,178,11,198
1,61,178,56,198
1,62,178,14,198
1,63,178,24,198
1,64,178,26,198
1,65,178,85,198
1,66,178,7,198
1,67,178,52,198
1,68,178,1,198
1,69,178,23,198
1,70,178,10,198
1,71,178,28,198
1,72,178,13,198
1,73,178,15,198
1,74,178,29,198
1,75,178,17,198
1,76,178,30,198
1,77,178,64,198
1,78,178,115,198
1,79,178,116,198
1,80,178,123,198
1,81,178,2,198
1,82,178,119,198
1,83,178,120,198
1,84,178,126,198
1,85,178,8,198
1,86,178,117,198
1,87,178,4,198
15,88,178,125,198
15,89,178,25,198
15,90,178,110,198
15,91,178,122,198
15,92,178,129,198
15,93,178,3,198
15,94,178,22,198
15,95,178,128,198
15,96,178,18,198
15,97,178,114,198
15,98,178,20,198
16,99,178,127,198
16,100,178,113,198
16,101,178,112,198
16,102,178,67,198
16,103,178,124,198
16,104,178,62,198
16,105,178,12,198
1,106,178,79,198
1,107,178,21,198
1,108,178,74,198
1,109,178,70,198
1,110,178,73,198
1,111,178,81,198
1,112,178,77,198
1,113,178,78,198
1,114,178,80,198
1,115,178,71,198
1,116,178,72,198
1,117,178,76,198
1,118,178,82,198
1,119,178,61,198
1,120,178,121,198
1,121,178,111,198
1,122,178,69,198
1,123,178,65,198
1,124,178,118,198
1,125,178,63,198
1,126,178,66,198
1,127,178,83,198
1,128,178,75,198
1,129,178,68,198
1,1,179,45,9
1,2,179,54,9
1,3,179,46,9
1,4,179,43,9
1,5,179,39,9
1,6,179,34,9
1,7,179,55,9
1,8,179,60,9
1,9,179,50,9
1,10,179,42,9
1,11,179,41,9
1,12,179,49,9
1,13,179,38,9
1,14,179,32,9
1,15,179,37,9
1,16,179,48,9
1,17,179,40,9
1,18,179,35,9
1,19,179,57,9
1,20,179,89,9
1,21,179,44,9
1,22,179,94,9
1,23,179,98,9
1,24,179,53,9
1,25,179,92,9
1,26,179,84,9
1,27,179,88,9
1,28,179,96,9
1,29,179,105,9
1,30,179,58,9
1,31,179,108,9
1,32,179,106,9
1,33,179,19,9
1,34,179,47,9
1,35,179,107,9
1,36,179,97,9
1,37,179,99,9
1,38,179,95,9
1,39,179,90,9
1,40,179,104,9
1,41,179,102,9
1,42,179,59,9
1,43,179,33,9
1,44,179,86,9
1,45,179,31,9
1,46,179,91,9
1,47,179,100,9
1,48,179,36,9
1,49,179,109,9
1,50,179,27,9
1,51,179,5,9
1,52,179,87,9
1,53,179,101,9
1,54,179,51,9
1,55,179,103,9
1,56,179,9,9
1,57,179,6,9
1,58,179,16,9
1,59,179,93,9
1,60,179,11,9
1,61,179,56,9
1,62,179,14,9
1,63,179,24,9
1,64,179,26,9
1,65,179,85,9
1,66,179,7,9
1,67,179,52,9
1,68,179,1,9
1,69,179,23,9
1,70,179,10,9
1,71,179,28,9
1,72,179,13,9
1,73,179,15,9
1,74,179,29,9
1,75,179,17,9
1,76,179,30,9
1,77,179,64,9
1,78,179,115,9
1,79,179,116,9
1,80,179,123,9
1,81,179,2,9
1,82,179,119,9
1,83,179,120,9
1,84,179,126,9
1,85,179,8,9
1,86,179,117,9
1,87,179,4,9
15,88,179,125,9
15,89,179,25,9
15,90,179,110,9
15,91,179,122,9
15,92,179,129,9
15,93,179,3,9
15,94,179,22,9
15,95,179,128,9
15,96,179,18,9
15,97,179,114,9
15,98,179,20,9
16,99,179,127,9
16,100,179,113,9
16,101,179,112,9
16,102,179,67,9
16,103,179,124,9
16,104,179,62,9
16,105,179,12,9
1,106,179,79,9
1,107,179,21,9
1,108,179,74,9
1,109,179,70,9
1,110,179,73,9
1,111,179,81,9
1,112,179,77,9
1,113,179,78,9
1,114,179,80,9
1,115,179,71,9
1,116,179,72,9
1,117,179,76,9
1,118,179,82,9
1,119,179,61,9
1,120,179,121,9
1,121,179,111,9
1,122,179,69,9
1,123,179,65,9
1,124,179,118,9
1,125,179,63,9
1,126,179,66,9
1,127,179,83,9
1,128,179,75,9
1,129,179,68,9
1,1,180,45,134
1,2,180,54,134
1,3,180,46,134
1,4,180,43,134
1,5,180,39,134
1,6,180,34,134
1,7,180,55,134
1,8,180,60,134
1,9,180,50,134
1,10,180,42,134
1,11,180,41,134
1,12,180,49,134
1,13,180,38,134
1,14,180,32,134
1,15,180,37,134
1,16,180,48,134
1,17,180,40,134
1,18,180,35,134
1,19,180,57,134
1,20,180,89,134
1,21,180,44,134
1,22,180,94,134
1,23,180,98,134
1,24,180,53,134
1,25,180,92,134
1,26,180,84,134
1,27,180,88,134
1,28,180,96,134
1,29,180,105,134
1,30,180,58,134
1,31,180,108,134
1,32,180,106,134
1,33,180,19,134
1,34,180,47,134
1,35,180,107,134
1,36,180,97,134
1,37,180,99,134
1,38,180,95,134
1,39,180,90,134
1,40,180,104,134
1,41,180,102,134
1,42,180,59,134
1,43,180,33,134
1,44,180,86,134
1,45,180,31,134
1,46,180,91,134
1,47,180,100,134
1,48,180,36,134
1,49,180,109,134
1,50,180,27,134
1,51,180,5,134
1,52,180,87,134
1,53,180,101,134
1,54,180,51,134
1,55,180,103,134
1,56,180,9,134
1,57,180,6,134
1,58,180,16,134
1,59,180,93,134
1,60,180,11,134
1,61,180,56,134
1,62,180,14,134
1,63,180,24,134
1,64,180,26,134
1,65,180,85,134
1,66,180,7,134
1,67,180,52,134
1,68,180,1,134
1,69,180,23,134
1,70,180,10,134
1,71,180,28,134
1,72,180,13,134
1,73,180,15,134
1,74,180,29,134
1,75,180,17,134
1,76,180,30,134
1,77,180,64,134
1,78,180,115,134
1,79,180,116,134
1,80,180,123,134
1,81,180,2,134
1,82,180,119,134
1,83,180,120,134
1,84,180,126,134
1,85,180,8,134
1,86,180,117,134
1,87,180,4,134
15,88,180,125,134
15,89,180,25,134
15,90,180,110,134
15,91,180,122,134
15,92,180,129,134
15,93,180,3,134
15,94,180,22,134
15,95,180,128,134
15,96,180,18,134
15,97,180,114,134
15,98,180,20,134
16,99,180,127,134
16,100,180,113,134
16,101,180,112,134
16,102,180,67,134
16,103,180,124,134
16,104,180,62,134
16,105,180,12,134
1,106,180,79,134
1,107,180,21,134
1,108,180,74,134
1,109,180,70,134
1,110,180,73,134
1,111,180,81,134
1,112,180,77,134
1,113,180,78,134
1,114,180,80,134
1,115,180,71,134
1,116,180,72,134
1,117,180,76,134
1,118,180,82,134
1,119,180,61,134
1,120,180,121,134
1,121,180,111,134
1,122,180,69,134
1,123,180,65,134
1,124,180,118,134
1,125,180,63,134
1,126,180,66,134
1,127,180,83,134
1,128,180,75,134
1,129,180,68,134
1,1,181,45,2
1,2,181,54,2
1,3,181,46,2
1,4,181,43,2
1,5,181,39,2
1,6,181,34,2
1,7,181,55,2
1,8,181,60,2
1,9,181,50,2
1,10,181,42,2
1,11,181,41,2
1,12,181,49,2
1,13,181,38,2
1,14,181,32,2
1,15,181,37,2
1,16,181,48,2
1,17,181,40,2
1,18,181,35,2
1,19,181,57,2
1,20,181,89,2
1,21,181,44,2
1,22,181,94,2
1,23,181,98,2
1,24,181,53,2
1,25,181,92,2
1,26,181,84,2
1,27,181,88,2
1,28,181,96,2
1,29,181,105,2
1,30,181,58,2
1,31,181,108,2
1,32,181,106,2
1,33,181,19,2
1,34,181,47,2
1,35,181,107,2
1,36,181,97,2
1,37,181,99,2
1,38,181,95,2
1,39,181,90,2
1,40,181,104,2
1,41,181,102,2
1,42,181,59,2
1,43,181,33,2
1,44,181,86,2
1,45,181,31,2
1,46,181,91,2
1,47,181,100,2
1,48,181,36,2
1,49,181,109,2
1,50,181,27,2
1,51,181,5,2
1,52,181,87,2
1,53,181,101,2
1,54,181,51,2
1,55,181,103,2
1,56,181,9,2
1,57,181,6,2
1,58,181,16,2
1,59,181,93,2
1,60,181,11,2
1,61,181,56,2
1,62,181,14,2
1,63,181,24,2
1,64,181,26,2
1,65,181,85,2
1,66,181,7,2
1,67,181,52,2
1,68,181,1,2
1,69,181,23,2
1,70,181,10,2
1,71,181,28,2
1,72,181,13,2
1,73,181,15,2
1,74,181,29,2
1,75,181,17,2
1,76,181,30,2
1,77,181,64,2
1,78,181,115,2
1,79,181,116,2
1,80,181,123,2
1,81,181,2,2
1,82,181,119,2
1,83,181,120,2
1,84,181,126,2
1,85,181,8,2
1,86,181,117,2
1,87,181,4,2
15,88,181,125,2
15,89,181,25,2
15,90,181,110,2
15,91,181,122,2
15,92,181,129,2
15,93,181,3,2
15,94,181,22,2
15,95,181,128,2
15,96,181,18,2
15,97,181,114,2
15,98,181,20,2
16,99,181,127,2
16,100,181,113,2
16,101,181,112,2
16,102,181,67,2
16,103,181,124,2
16,104,181,62,2
16,105,181,12,2
1,106,181,79,2
1,107,181,21,2
1,108,181,74,2
1,109,181,70,2
1,110,181,73,2
1,111,181,81,2
1,112,181,77,2
1,113,181,78,2
1,114,181,80,2
1,115,181,71,2
1,116,181,72,2
1,117,181,76,2
1,118,181,82,2
1,119,181,61,2
1,120,181,121,2
1,121,181,111,2
1,122,181,69,2
1,123,181,65,2
1,124,181,118,2
1,125,181,63,2
1,126,181,66,2
1,127,181,83,2
1,128,181,75,2
1,129,181,68,2
1,1,182,45,115
1,2,182,54,115
1,3,182,46,115
1,4,182,43,115
1,5,182,39,115
1,6,182,34,115
1,7,182,55,115
1,8,182,60,115
1,9,182,50,115
1,10,182,42,115
1,11,182,41,115
1,12,182,49,115
1,13,182,38,115
1,14,182,32,115
1,15,182,37,115
1,16,182,48,115
1,17,182,40,115
1,18,182,35,115
1,19,182,57,115
1,20,182,89,115
1,21,182,44,115
1,22,182,94,115
1,23,182,98,115
1,24,182,53,115
1,25,182,92,115
1,26,182,84,115
1,27,182,88,115
1,28,182,96,115
1,29,182,105,115
1,30,182,58,115
1,31,182,108,115
1,32,182,106,115
1,33,182,19,115
1,34,182,47,115
1,35,182,107,115
1,36,182,97,115
1,37,182,99,115
1,38,182,95,115
1,39,182,90,115
1,40,182,104,115
1,41,182,102,115
1,42,182,59,115
1,43,182,33,115
1,44,182,86,115
1,45,182,31,115
1,46,182,91,115
1,47,182,100,115
1,48,182,36,115
1,49,182,109,115
1,50,182,27,115
1,51,182,5,115
1,52,182,87,115
1,53,182,101,115
1,54,182,51,115
1,55,182,103,115
1,56,182,9,115
1,57,182,6,115
1,58,182,16,115
1,59,182,93,115
1,60,182,11,115
1,61,182,56,115
1,62,182,14,115
1,63,182,24,115
1,64,182,26,115
1,65,182,85,115
1,66,182,7,115
1,67,182,52,115
1,68,182,1,115
1,69,182,23,115
1,70,182,10,115
1,71,182,28,115
1,72,182,13,115
1,73,182,15,115
1,74,182,29,115
1,75,182,17,115
1,76,182,30,115
1,77,182,64,115
1,78,182,115,115
1,79,182,116,115
1,80,182,123,115
1,81,182,2,115
1,82,182,119,115
1,83,182,120,115
1,84,182,126,115
1,85,182,8,115
1,86,182,117,115
1,87,182,4,115
1,88,182,125,115
1,89,182,25,115
1,90,182,110,115
1,91,182,122,115
1,92,182,129,115
1,93,182,3,115
1,94,182,22,115
1,95,182,128,115
1,96,182,18,115
1,97,182,114,115
1,98,182,20,115
16,99,182,127,115
16,100,182,113,115
16,101,182,112,115
16,102,182,67,115
16,103,182,124,115
16,104,182,62,115
16,105,182,12,115
1,106,182,79,115
1,107,182,21,115
1,108,182,74,115
1,109,182,70,115
1,110,182,73,115
1,111,182,81,115
1,112,182,77,115
1,113,182,78,115
1,114,182,80,115
1,115,182,71,115
1,116,182,72,115
1,117,182,76,115
1,118,182,82,115
1,119,182,61,115
1,120,182,121,115
1,121,182,111,115
1,122,182,69,115
1,123,182,65,115
1,124,182,118,115
1,125,182,63,115
1,126,182,66,115
1,127,182,83,115
1,128,182,75,115
1,129,182,68,115
1,1,183,45,31
1,2,183,54,31
1,3,183,46,31
1,4,183,43,31
1,5,183,39,31
1,6,183,34,31
1,7,183,55,31
1,8,183,60,31
1,9,183,50,31
1,10,183,42,31
1,11,183,41,31
1,12,183,49,31
1,13,183,38,31
1,14,183,32,31
1,15,183,37,31
1,16,183,48,31
1,17,183,40,31
1,18,183,35,31
1,19,183,57,31
1,20,183,89,31
1,21,183,44,31
1,22,183,94,31
1,23,183,98,31
1,24,183,53,31
1,25,183,92,31
1,26,183,84,31
1,27,183,88,31
1,28,183,96,31
1,29,183,105,31
1,30,183,58,31
1,31,183,108,31
1,32,183,106,31
1,33,183,19,31
1,34,183,47,31
1,35,183,107,31
1,36,183,97,31
1,37,183,99,31
1,38,183,95,31
1,39,183,90,31
1,40,183,104,31
1,41,183,102,31
1,42,183,59,31
1,43,183,33,31
1,44,183,86,31
1,45,183,31,31
1,46,183,91,31
1,47,183,100,31
1,48,183,36,31
1,49,183,109,31
1,50,183,27,31
1,51,183,5,31
1,52,183,87,31
1,53,183,101,31
1,54,183,51,31
1,55,183,103,31
1,56,183,9,31
1,57,183,6,31
1,58,183,16,31
1,59,183,93,31
1,60,183,11,31
1,61,183,56,31
1,62,183,14,31
1,63,183,24,31
1,64,183,26,31
1,65,183,85,31
1,66,183,7,31
1,67,183,52,31
1,68,183,1,31
1,69,183,23,31
1,70,183,10,31
1,71,183,28,31
1,72,183,13,31
1,73,183,15,31
1,74,183,29,31
1,75,183,17,31
1,76,183,30,31
1,77,183,64,31
1,78,183,115,31
1,79,183,116,31
1,80,183,123,31
1,81,183,2,31
1,82,183,119,31
1,83,183,120,31
1,84,183,126,31
1,85,183,8,31
1,86,183,117,31
1,87,183,4,31
1,88,183,125,31
1,89,183,25,31
1,90,183,110,31
1,91,183,122,31
1,92,183,129,31
1,93,183,3,31
1,94,183,22,31
1,95,183,128,31
1,96,183,18,31
1,97,183,114,31
1,98,183,20,31
16,99,183,127,31
16,100,183,113,31
16,101,183,112,31
16,102,183,67,31
16,103,183,124,31
16,104,183,62,31
16,105,183,12,31
1,106,183,79,31
1,107,183,21,31
1,108,183,74,31
1,109,183,70,31
1,110,183,73,31
1,111,183,81,31
1,112,183,77,31
1,113,183,78,31
1,114,183,80,31
1,115,183,71,31
1,116,183,72,31
1,117,183,76,31
1,118,183,82,31
1,119,183,61,31
1,120,183,121,31
1,121,183,111,31
1,122,183,69,31
1,123,183,65,31
1,124,183,118,31
1,125,183,63,31
1,126,183,66,31
1,127,183,83,31
1,128,183,75,31
1,129,183,68,31
1,1,184,45,32
1,2,184,54,32
1,3,184,46,32
1,4,184,43,32
1,5,184,39,32
1,6,184,34,32
1,7,184,55,32
1,8,184,60,32
1,9,184,50,32
1,10,184,42,32
1,11,184,41,32
1,12,184,49,32
1,13,184,38,32
1,14,184,32,32
1,15,184,37,32
1,16,184,48,32
1,17,184,40,32
1,18,184,35,32
1,19,184,57,32
1,20,184,89,32
1,21,184,44,32
1,22,184,94,32
1,23,184,98,32
1,24,184,53,32
1,25,184,92,32
1,26,184,84,32
1,27,184,88,32
1,28,184,96,32
1,29,184,105,32
1,30,184,58,32
1,31,184,108,32
1,32,184,106,32
1,33,184,19,32
1,34,184,47,32
1,35,184,107,32
1,36,184,97,32
1,37,184,99,32
1,38,184,95,32
1,39,184,90,32
1,40,184,104,32
1,41,184,102,32
1,42,184,59,32
1,43,184,33,32
1,44,184,86,32
1,45,184,31,32
1,46,184,91,32
1,47,184,100,32
1,48,184,36,32
1,49,184,109,32
1,50,184,27,32
1,51,184,5,32
1,52,184,87,32
1,53,184,101,32
1,54,184,51,32
1,55,184,103,32
1,56,184,9,32
1,57,184,6,32
1,58,184,16,32
1,59,184,93,32
1,60,184,11,32
1,61,184,56,32
1,62,184,14,32
1,63,184,24,32
1,64,184,26,32
1,65,184,85,32
1,66,184,7,32
1,67,184,52,32
1,68,184,1,32
1,69,184,23,32
1,70,184,10,32
1,71,184,28,32
1,72,184,13,32
1,73,184,15,32
1,74,184,29,32
1,75,184,17,32
1,76,184,30,32
1,77,184,64,32
1,78,184,115,32
1,79,184,116,32
1,80,184,123,32
1,81,184,2,32
1,82,184,119,32
1,83,184,120,32
1,84,184,126,32
1,85,184,8,32
1,86,184,117,32
1,87,184,4,32
1,88,184,125,32
1,89,184,25,32
1,90,184,110,32
1,91,184,122,32
1,92,184,129,32
1,93,184,3,32
1,94,184,22,32
1,95,184,128,32
1,96,184,18,32
1,97,184,114,32
1,98,184,20,32
16,99,184,127,32
16,100,184,113,32
16,101,184,112,32
16,102,184,67,32
16,103,184,124,32
16,104,184,62,32
16,105,184,12,32
1,106,184,79,32
1,107,184,21,32
1,108,184,74,32
1,109,184,70,32
1,110,184,73,32
1,111,184,81,32
1,112,184,77,32
1,113,184,78,32
1,114,184,80,32
1,115,184,71,32
1,116,184,72,32
1,117,184,76,32
1,118,184,82,32
1,119,184,61,32
1,120,184,121,32
1,121,184,111,32
1,122,184,69,32
1,123,184,65,32
1,124,184,118,32
1,125,184,63,32
1,126,184,66,32
1,127,184,83,32
1,128,184,75,32
1,129,184,68,32
1,1,185,45,12
1,2,185,54,12
1,3,185,46,12
1,4,185,43,12
1,5,185,39,12
1,6,185,34,12
1,7,185,55,12
1,8,185,60,12
1,9,185,50,12
1,10,185,42,12
1,11,185,41,12
1,12,185,49,12
1,13,185,38,12
1,14,185,32,12
1,15,185,37,12
1,16,185,48,12
1,17,185,40,12
1,18,185,35,12
1,19,185,57,12
1,20,185,89,12
1,21,185,44,12
1,22,185,94,12
1,23,185,98,12
1,24,185,53,12
1,25,185,92,12
1,26,185,84,12
1,27,185,88,12
1,28,185,96,12
1,29,185,105,12
1,30,185,58,12
1,31,185,108,12
1,32,185,106,12
1,33,185,19,12
1,34,185,47,12
1,35,185,107,12
1,36,185,97,12
1,37,185,99,12
1,38,185,95,12
1,39,185,90,12
1,40,185,104,12
1,41,185,102,12
1,42,185,59,12
1,43,185,33,12
1,44,185,86,12
1,45,185,31,12
1,46,185,91,12
1,47,185,100,12
1,48,185,36,12
1,49,185,109,12
1,50,185,27,12
1,51,185,5,12
1,52,185,87,12
1,53,185,101,12
1,54,185,51,12
1,55,185,103,12
1,56,185,9,12
1,57,185,6,12
1,58,185,16,12
1,59,185,93,12
1,60,185,11,12
1,61,185,56,12
1,62,185,14,12
1,63,185,24,12
1,64,185,26,12
1,65,185,85,12
1,66,185,7,12
1,67,185,52,12
1,68,185,1,12
1,69,185,23,12
1,70,185,10,12
1,71,185,28,12
1,72,185,13,12
1,73,185,15,12
1,74,185,29,12
1,75,185,17,12
1,76,185,30,12
1,77,185,64,12
1,78,185,115,12
1,79,185,116,12
1,80,185,123,12
1,81,185,2,12
1,82,185,119,12
1,83,185,120,12
1,84,185,126,12
1,85,185,8,12
1,86,185,117,12
1,87,185,4,12
1,88,185,125,12
1,89,185,25,12
1,90,185,110,12
1,91,185,122,12
1,92,185,129,12
1,93,185,3,12
1,94,185,22,12
1,95,185,128,12
1,96,185,18,12
1,97,185,114,12
1,98,185,20,12
16,99,185,127,12
16,100,185,113,12
16,101,185,112,12
16,102,185,67,12
16,103,185,124,12
16,104,185,62,12
16,105,185,12,12
1,106,185,79,12
1,107,185,21,12
1,108,185,74,12
1,109,185,70,12
1,110,185,73,12
1,111,185,81,12
1,112,185,77,12
1,113,185,78,12
1,114,185,80,12
1,115,185,71,12
1,116,185,72,12
1,117,185,76,12
1,118,185,82,12
1,119,185,61,12
1,120,185,121,12
1,121,185,111,12
1,122,185,69,12
1,123,185,65,12
1,124,185,118,12
1,125,185,63,12
1,126,185,66,12
1,127,185,83,12
1,128,185,75,12
1,129,185,68,12
1,1,186,45,77
1,2,186,54,77
1,3,186,46,77
1,4,186,43,77
1,5,186,39,77
1,6,186,34,77
1,7,186,55,77
1,8,186,60,77
1,9,186,50,77
1,10,186,42,77
1,11,186,41,77
1,12,186,49,77
1,13,186,38,77
1,14,186,32,77
1,15,186,37,77
1,16,186,48,77
1,17,186,40,77
1,18,186,35,77
1,19,186,57,77
1,20,186,89,77
1,21,186,44,77
1,22,186,94,77
1,23,186,98,77
1,24,186,53,77
1,25,186,92,77
1,26,186,84,77
1,27,186,88,77
1,28,186,96,77
1,29,186,105,77
1,30,186,58,77
1,31,186,108,77
1,32,186,106,77
1,33,186,19,77
1,34,186,47,77
1,35,186,107,77
1,36,186,97,77
1,37,186,99,77
1,38,186,95,77
1,39,186,90,77
1,40,186,104,77
1,41,186,102,77
1,42,186,59,77
1,43,186,33,77
1,44,186,86,77
1,45,186,31,77
1,46,186,91,77
1,47,186,100,77
1,48,186,36,77
1,49,186,109,77
1,50,186,27,77
1,51,186,5,77
1,52,186,87,77
1,53,186,101,77
1,54,186,51,77
1,55,186,103,77
1,56,186,9,77
1,57,186,6,77
1,58,186,16,77
1,59,186,93,77
1,60,186,11,77
1,61,186,56,77
1,62,186,14,77
1,63,186,24,77
1,64,186,26,77
1,65,186,85,77
1,66,186,7,77
1,67,186,52,77
1,68,186,1,77
1,69,186,23,77
1,70,186,10,77
1,71,186,28,77
1,72,186,13,77
1,73,186,15,77
1,74,186,29,77
1,75,186,17,77
1,76,186,30,77
1,77,186,64,77
1,78,186,115,77
1,79,186,116,77
1,80,186,123,77
1,81,186,2,77
1,82,186,119,77
1,83,186,120,77
1,84,186,126,77
1,85,186,8,77
1,86,186,117,77
1,87,186,4,77
1,88,186,125,77
1,89,186,25,77
1,90,186,110,77
1,91,186,122,77
1,92,186,129,77
1,93,186,3,77
1,94,186,22,77
1,95,186,128,77
1,96,186,18,77
1,97,186,114,77
1,98,186,20,77
16,99,186,127,77
16,100,186,113,77
16,101,186,112,77
16,102,186,67,77
16,103,186,124,77
16,104,186,62,77
16,105,186,12,77
1,106,186,79,77
1,107,186,21,77
1,108,186,74,77
1,109,186,70,77
1,110,186,73,77
1,111,186,81,77
1,112,186,77,77
1,113,186,78,77
1,114,186,80,77
1,115,186,71,77
1,116,186,72,77
1,117,186,76,77
1,118,186,82,77
1,119,186,61,77
1,120,186,121,77
1,121,186,111,77
1,122,186,69,77
1,123,186,65,77
1,124,186,118,77
1,125,186,63,77
1,126,186,66,77
1,127,186,83,77
1,128,186,75,77
1,129,186,68,77
1,1,187,45,82
1,2,187,54,82
1,3,187,46,82
1,4,187,43,82
1,5,187,39,82
1,6,187,34,82
1,7,187,55,82
1,8,187,60,82
1,9,187,50,82
1,10,187,42,82
1,11,187,41,82
1,12,187,49,82
1,13,187,38,82
1,14,187,32,82
1,15,187,37,82
1,16,187,48,82
1,17,187,40,82
1,18,187,35,82
1,19,187,57,82
1,20,187,89,82
1,21,187,44,82
1,22,187,94,82
1,23,187,98,82
1,24,187,53,82
1,25,187,92,82
1,26,187,84,82
1,27,187,88,82
1,28,187,96,82
1,29,187,105,82
1,30,187,58,82
1,31,187,108,82
1,32,187,106,82
1,33,187,19,82
1,34,187,47,82
1,35,187,107,82
1,36,187,97,82
1,37,187,99,82
1,38,187,95,82
1,39,187,90,82
1,40,187,104,82
1,41,187,102,82
1,42,187,59,82
1,43,187,33,82
1,44,187,86,82
1,45,187,31,82
1,46,187,91,82
1,47,187,100,82
1,48,187,36,82
1,49,187,109,82
1,50,187,27,82
1,51,187,5,82
1,52,187,87,82
1,53,187,101,82
1,54,187,51,82
1,55,187,103,82
1,56,187,9,82
1,57,187,6,82
14,58,187,16,82
14,59,187,93,82
14,60,187,11,82
14,61,187,56,82
14,62,187,14,82
14,63,187,24,82
14,64,187,26,82
14,65,187,85,82
14,66,187,7,82
14,67,187,52,82
14,68,187,1,82
1,69,187,23,82
1,70,187,10,82
1,71,187,28,82
1,72,187,13,82
1,73,187,15,82
1,74,187,29,82
1,75,187,17,82
1,76,187,30,82
1,77,187,64,82
1,78,187,115,82
1,79,187,116,82
1,80,187,123,82
1,81,187,2,82
1,82,187,119,82
1,83,187,120,82
1,84,187,126,82
1,85,187,8,82
1,86,187,117,82
1,87,187,4,82
1,88,187,125,82
1,89,187,25,82
1,90,187,110,82
1,91,187,122,82
1,92,187,129,82
1,93,187,3,82
1,94,187,22,82
1,95,187,128,82
1,96,187,18,82
1,97,187,114,82
1,98,187,20,82
16,99,187,127,82
16,100,187,113,82
16,101,187,112,82
16,102,187,67,82
16,103,187,124,82
16,104,187,62,82
16,105,187,12,82
1,106,187,79,82
1,107,187,21,82
1,108,187,74,82
1,109,187,70,82
1,110,187,73,82
1,111,187,81,82
1,112,187,77,82
1,113,187,78,82
1,114,187,80,82
1,115,187,71,82
1,116,187,72,82
1,117,187,76,82
1,118,187,82,82
1,119,187,61,82
1,120,187,121,82
1,121,187,111,82
1,122,187,69,82
1,123,187,65,82
1,124,187,118,82
1,125,187,63,82
1,126,187,66,82
1,127,187,83,82
1,128,187,75,82
1,129,187,68,82
1,1,188,45,174
1,2,188,54,174
1,3,188,46,174
1,4,188,43,174
1,5,188,39,174
1,6,188,34,174
1,7,188,55,174
1,8,188,60,174
1,9,188,50,174
1,10,188,42,174
1,11,188,41,174
1,12,188,49,174
1,13,188,38,174
1,14,188,32,174
1,15,188,37,174
1,16,188,48,174
1,17,188,40,174
1,18,188,35,174
1,19,188,57,174
1,20,188,89,174
1,21,188,44,174
1,22,188,94,174
1,23,188,98,174
1,24,188,53,174
1,25,188,92,174
1,26,188,84,174
1,27,188,88,174
1,28,188,96,174
1,29,188,105,174
1,30,188,58,174
1,31,188,108,174
1,32,188,106,174
1,33,188,19,174
1,34,188,47,174
1,35,188,107,174
1,36,188,97,174
1,37,188,99,174
1,38,188,95,174
1,39,188,90,174
1,40,188,104,174
1,41,188,102,174
1,42,188,59,174
1,43,188,33,174
1,44,188,86,174
1,45,188,31,174
1,46,188,91,174
1,47,188,100,174
1,48,188,36,174
1,49,188,109,174
1,50,188,27,174
1,51,188,5,174
1,52,188,87,174
1,53,188,101,174
1,54,188,51,174
1,55,188,103,174
1,56,188,9,174
1,57,188,6,174
1,58,188,16,174
1,59,188,93,174
1,60,188,11,174
1,61,188,56,174
1,62,188,14,174
1,63,188,24,174
1,64,188,26,174
1,65,188,85,174
1,66,188,7,174
1,67,188,52,174
1,68,188,1,174
1,69,188,23,174
1,70,188,10,174
1,71,188,28,174
1,72,188,13,174
1,73,188,15,174
1,74,188,29,174
1,75,188,17,174
1,76,188,30,174
1,77,188,64,174
1,78,188,115,174
1,79,188,116,174
1,80,188,123,174
1,81,188,2,174
1,82,188,119,174
1,83,188,120,174
1,84,188,126,174
1,85,188,8,174
1,86,188,117,174
1,87,188,4,174
1,88,188,125,174
1,89,188,25,174
1,90,188,110,174
1,91,188,122,174
1,92,188,129,174
1,93,188,3,174
1,94,188,22,174
1,95,188,128,174
1,96,188,18,174
1,97,188,114,174
1,98,188,20,174
16,99,188,127,174
16,100,188,113,174
16,101,188,112,174
16,102,188,67,174
16,103,188,124,174
16,104,188,62,174
16,105,188,12,174
1,106,188,79,174
1,107,188,21,174
1,108,188,74,174
1,109,188,70,174
1,110,188,73,174
1,111,188,81,174
1,112,188,77,174
1,113,188,78,174
1,114,188,80,174
1,115,188,71,174
1,116,188,72,174
1,117,188,76,174
1,118,188,82,174
1,119,188,61,174
1,120,188,121,174
1,121,188,111,174
1,122,188,69,174
1,123,188,65,174
1,124,188,118,174
1,125,188,63,174
1,126,188,66,174
1,127,188,83,174
1,128,188,75,174
1,129,188,68,174
1,1,189,45,16
1,2,189,54,16
1,3,189,46,16
1,4,189,43,16
1,5,189,39,16
1,6,189,34,16
1,7,189,55,16
1,8,189,60,16
1,9,189,50,16
1,10,189,42,16
1,11,189,41,16
1,12,189,49,16
1,13,189,38,16
1,14,189,32,16
1,15,189,37,16
1,16,189,48,16
1,17,189,40,16
1,18,189,35,16
1,19,189,57,16
1,20,189,89,16
1,21,189,44,16
1,22,189,94,16
1,23,189,98,16
1,24,189,53,16
1,25,189,92,16
1,26,189,84,16
1,27,189,88,16
1,28,189,96,16
1,29,189,105,16
1,30,189,58,16
1,31,189,108,16
1,32,189,106,16
1,33,189,19,16
1,34,189,47,16
1,35,189,107,16
1,36,189,97,16
1,37,189,99,16
1,38,189,95,16
1,39,189,90,16
1,40,189,104,16
1,41,189,102,16
1,42,189,59,16
1,43,189,33,16
1,44,189,86,16
1,45,189,31,16
1,46,189,91,16
1,47,189,100,16
1,48,189,36,16
1,49,189,109,16
1,50,189,27,16
1,51,189,5,16
1,52,189,87,16
1,53,189,101,16
1,54,189,51,16
1,55,189,103,16
1,56,189,9,16
1,57,189,6,16
1,58,189,16,16
1,59,189,93,16
1,60,189,11,16
1,61,189,56,16
1,62,189,14,16
1,63,189,24,16
1,64,189,26,16
1,65,189,85,16
1,66,189,7,16
1,67,189,52,16
1,68,189,1,16
1,69,189,23,16
1,70,189,10,16
1,71,189,28,16
1,72,189,13,16
1,73,189,15,16
1,74,189,29,16
1,75,189,17,16
1,76,189,30,16
1,77,189,64,16
1,78,189,115,16
1,79,189,116,16
1,80,189,123,16
1,81,189,2,16
1,82,189,119,16
1,83,189,120,16
1,84,189,126,16
1,85,189,8,16
1,86,189,117,16
1,87,189,4,16
1,88,189,125,16
1,89,189,25,16
1,90,189,110,16
1,91,189,122,16
1,92,189,129,16
1,93,189,3,16
1,94,189,22,16
1,95,189,128,16
1,96,189,18,16
1,97,189,114,16
1,98,189,20,16
16,99,189,127,16
16,100,189,113,16
16,101,189,112,16
16,102,189,67,16
16,103,189,124,16
16,104,189,62,16
16,105,189,12,16
1,106,189,79,16
1,107,189,21,16
1,108,189,74,16
1,109,189,70,16
1,110,189,73,16
1,111,189,81,16
1,112,189,77,16
1,113,189,78,16
1,114,189,80,16
1,115,189,71,16
1,116,189,72,16
1,117,189,76,16
1,118,189,82,16
1,119,189,61,16
1,120,189,121,16
1,121,189,111,16
1,122,189,69,16
1,123,189,65,16
1,124,189,118,16
1,125,189,63,16
1,126,189,66,16
1,127,189,83,16
1,128,189,75,16
1,129,189,68,16
1,1,190,45,24
1,2,190,54,24
1,3,190,46,24
1,4,190,43,24
1,5,190,39,24
1,6,190,34,24
1,7,190,55,24
1,8,190,60,24
1,9,190,50,24
1,10,190,42,24
1,11,190,41,24
1,12,190,49,24
1,13,190,38,24
1,14,190,32,24
1,15,190,37,24
1,16,190,48,24
1,17,190,40,24
1,18,190,35,24
1,19,190,57,24
1,20,190,89,24
1,21,190,44,24
1,22,190,94,24
1,23,190,98,24
1,24,190,53,24
1,25,190,92,24
1,26,190,84,24
1,27,190,88,24
1,28,190,96,24
1,29,190,105,24
1,30,190,58,24
1,31,190,108,24
1,32,190,106,24
1,33,190,19,24
1,34,190,47,24
1,35,190,107,24
1,36,190,97,24
1,37,190,99,24
1,38,190,95,24
1,39,190,90,24
1,40,190,104,24
1,41,190,102,24
1,42,190,59,24
1,43,190,33,24
1,44,190,86,24
1,45,190,31,24
1,46,190,91,24
1,47,190,100,24
1,48,190,36,24
1,49,190,109,24
1,50,190,27,24
1,51,190,5,24
1,52,190,87,24
1,53,190,101,24
1,54,190,51,24
1,55,190,103,24
1,56,190,9,24
1,57,190,6,24
1,58,190,16,24
1,59,190,93,24
1,60,190,11,24
1,61,190,56,24
1,62,190,14,24
1,63,190,24,24
1,64,190,26,24
1,65,190,85,24
1,66,190,7,24
1,67,190,52,24
1,68,190,1,24
1,69,190,23,24
1,70,190,10,24
1,71,190,28,24
1,72,190,13,24
1,73,190,15,24
1,74,190,29,24
1,75,190,17,24
1,76,190,30,24
1,77,190,64,24
1,78,190,115,24
1,79,190,116,24
1,80,190,123,24
1,81,190,2,24
1,82,190,119,24
1,83,190,120,24
1,84,190,126,24
1,85,190,8,24
1,86,190,117,24
1,87,190,4,24
1,88,190,125,24
1,89,190,25,24
1,90,190,110,24
1,91,190,122,24
1,92,190,129,24
1,93,190,3,24
1,94,190,22,24
1,95,190,128,24
1,96,190,18,24
1,97,190,114,24
1,98,190,20,24
16,99,190,127,24
16,100,190,113,24
16,101,190,112,24
16,102,190,67,24
16,103,190,124,24
16,104,190,62,24
16,105,190,12,24
1,106,190,79,24
1,107,190,21,24
1,108,190,74,24
1,109,190,70,24
1,110,190,73,24
1,111,190,81,24
1,112,190,77,24
1,113,190,78,24
1,114,190,80,24
1,115,190,71,24
1,116,190,72,24
1,117,190,76,24
1,118,190,82,24
1,119,190,61,24
1,120,190,121,24
1,121,190,111,24
1,122,190,69,24
1,123,190,65,24
1,124,190,118,24
1,125,190,63,24
1,126,190,66,24
1,127,190,83,24
1,128,190,75,24
1,129,190,68,24
1,1,191,45,153
1,2,191,54,153
1,3,191,46,153
1,4,191,43,153
1,5,191,39,153
1,6,191,34,153
1,7,191,55,153
1,8,191,60,153
1,9,191,50,153
1,10,191,42,153
1,11,191,41,153
1,12,191,49,153
1,13,191,38,153
1,14,191,32,153
1,15,191,37,153
1,16,191,48,153
1,17,191,40,153
1,18,191,35,153
1,19,191,57,153
1,20,191,89,153
1,21,191,44,153
1,22,191,94,153
1,23,191,98,153
1,24,191,53,153
1,25,191,92,153
1,26,191,84,153
1,27,191,88,153
1,28,191,96,153
1,29,191,105,153
1,30,191,58,153
1,31,191,108,153
1,32,191,106,153
1,33,191,19,153
1,34,191,47,153
1,35,191,107,153
1,36,191,97,153
1,37,191,99,153
1,38,191,95,153
1,39,191,90,153
1,40,191,104,153
1,41,191,102,153
1,42,191,59,153
1,43,191,33,153
1,44,191,86,153
1,45,191,31,153
1,46,191,91,153
1,47,191,100,153
1,48,191,36,153
1,49,191,109,153
1,50,191,27,153
1,51,191,5,153
1,52,191,87,153
1,53,191,101,153
1,54,191,51,153
1,55,191,103,153
1,56,191,9,153
1,57,191,6,153
1,58,191,16,153
1,59,191,93,153
1,60,191,11,153
1,61,191,56,153
1,62,191,14,153
1,63,191,24,153
1,64,191,26,153
1,65,191,85,153
1,66,191,7,153
1,67,191,52,153
1,68,191,1,153
1,69,191,23,153
1,70,191,10,153
1,71,191,28,153
1,72,191,13,153
1,73,191,15,153
1,74,191,29,153
1,75,191,17,153
1,76,191,30,153
1,77,191,64,153
1,78,191,115,153
1,79,191,116,153
1,80,191,123,153
1,81,191,2,153
1,82,191,119,153
1,83,191,120,153
1,84,191,126,153
1,85,191,8,153
1,86,191,117,153
1,87,191,4,153
1,88,191,125,153
1,89,191,25,153
1,90,191,110,153
1,91,191,122,153
1,92,191,129,153
1,93,191,3,153
1,94,191,22,153
1,95,191,128,153
1,96,191,18,153
1,97,191,114,153
1,98,191,20,153
16,99,191,127,153
16,100,191,113,153
16,101,191,112,153
16,102,191,67,153
16,103,191,124,153
16,104,191,62,153
16,105,191,12,153
1,106,191,79,153
1,107,191,21,153
1,108,191,74,153
1,109,191,70,153
1,110,191,73,153
1,111,191,81,153
1,112,191,77,153
1,113,191,78,153
1,114,191,80,153
1,115,191,71,153
1,116,191,72,153
1,117,191,76,153
1,118,191,82,153
1,119,191,61,153
1,120,191,121,153
1,121,191,111,153
1,122,191,69,153
1,123,191,65,153
1,124,191,118,153
1,125,191,63,153
1,126,191,66,153
1,127,191,83,153
1,128,191,75,153
1,129,191,68,153
1,1,192,45,72
1,2,192,54,72
1,3,192,46,72
1,4,192,43,72
1,5,192,39,72
1,6,192,34,72
1,7,192,55,72
1,8,192,60,72
1,9,192,50,72
1,10,192,42,72
1,11,192,41,72
1,12,192,49,72
1,13,192,38,72
1,14,192,32,72
1,15,192,37,72
1,16,192,48,72
1,17,192,40,72
1,18,192,35,72
1,19,192,57,72
1,20,192,89,72
1,21,192,44,72
1,22,192,94,72
1,23,192,98,72
1,24,192,53,72
1,25,192,92,72
1,26,192,84,72
1,27,192,88,72
1,28,192,96,72
1,29,192,105,72
1,30,192,58,72
1,31,192,108,72
1,32,192,106,72
1,33,192,19,72
1,34,192,47,72
1,35,192,107,72
1,36,192,97,72
1,37,192,99,72
1,38,192,95,72
1,39,192,90,72
1,40,192,104,72
1,41,192,102,72
1,42,192,59,72
1,43,192,33,72
1,44,192,86,72
1,45,192,31,72
1,46,192,91,72
1,47,192,100,72
1,48,192,36,72
1,49,192,109,72
1,50,192,27,72
1,51,192,5,72
1,52,192,87,72
1,53,192,101,72
1,54,192,51,72
1,55,192,103,72
1,56,192,9,72
1,57,192,6,72
1,58,192,16,72
1,59,192,93,72
1,60,192,11,72
1,61,192,56,72
1,62,192,14,72
1,63,192,24,72
1,64,192,26,72
1,65,192,85,72
1,66,192,7,72
1,67,192,52,72
1,68,192,1,72
1,69,192,23,72
1,70,192,10,72
1,71,192,28,72
1,72,192,13,72
1,73,192,15,72
1,74,192,29,72
1,75,192,17,72
1,76,192,30,72
1,77,192,64,72
1,78,192,115,72
1,79,192,116,72
1,80,192,123,72
1,81,192,2,72
1,82,192,119,72
1,83,192,120,72
1,84,192,126,72
1,85,192,8,72
1,86,192,117,72
1,87,192,4,72
1,88,192,125,72
1,89,192,25,72
1,90,192,110,72
1,91,192,122,72
1,92,192,129,72
1,93,192,3,72
1,94,192,22,72
1,95,192,128,72
1,96,192,18,72
1,97,192,114,72
1,98,192,20,72
16,99,192,127,72
16,100,192,113,72
16,101,192,112,72
16,102,192,67,72
16,103,192,124,72
16,104,192,62,72
16,105,192,12,72
1,106,192,79,72
1,107,192,21,72
1,108,192,74,72
1,109,192,70,72
1,110,192,73,72
1,111,192,81,72
1,112,192,77,72
1,113,192,78,72
1,114,192,80,72
1,115,192,71,72
1,116,192,72,72
1,117,192,76,72
1,118,192,82,72
1,119,192,61,72
1,120,192,121,72
1,121,192,111,72
1,122,192,69,72
1,123,192,65,72
1,124,192,118,72
1,125,192,63,72
1,126,192,66,72
1,127,192,83,72
1,128,192,75,72
1,129,192,68,72
1,1,193,45,217
1,2,193,54,217
1,3,193,46,217
1,4,193,43,217
1,5,193,39,217
1,6,193,34,217
1,7,193,55,217
1,8,193,60,217
1,9,193,50,217
1,10,193,42,217
1,11,193,41,217
1,12,193,49,217
1,13,193,38,217
1,14,193,32,217
1,15,193,37,217
1,16,193,48,217
1,17,193,40,217
1,18,193,35,217
1,19,193,57,217
1,20,193,89,217
1,21,193,44,217
1,22,193,94,217
1,23,193,98,217
1,24,193,53,217
1,25,193,92,217
1,26,193,84,217
1,27,193,88,217
1,28,193,96,217
1,29,193,105,217
1,30,193,58,217
1,31,193,108,217
1,32,193,106,217
1,33,193,19,217
1,34,193,47,217
1,35,193,107,217
1,36,193,97,217
1,37,193,99,217
1,38,193,95,217
1,39,193,90,217
1,40,193,104,217
1,41,193,102,217
1,42,193,59,217
1,43,193,33,217
1,44,193,86,217
1,45,193,31,217
1,46,193,91,217
1,47,193,100,217
1,48,193,36,217
1,49,193,109,217
1,50,193,27,217
1,51,193,5,217
1,52,193,87,217
1,53,193,101,217
1,54,193,51,217
1,55,193,103,217
1,56,193,9,217
1,57,193,6,217
1,58,193,16,217
1,59,193,93,217
1,60,193,11,217
1,61,193,56,217
1,62,193,14,217
1,63,193,24,217
1,64,193,26,217
1,65,193,85,217
1,66,193,7,217
1,67,193,52,217
1,68,193,1,217
1,69,193,23,217
1,70,193,10,217
1,71,193,28,217
1,72,193,13,217
1,73,193,15,217
1,74,193,29,217
1,75,193,17,217
1,76,193,30,217
1,77,193,64,217
1,78,193,115,217
1,79,193,116,217
1,80,193,123,217
1,81,193,2,217
1,82,193,119,217
1,83,193,120,217
1,84,193,126,217
1,85,193,8,217
1,86,193,117,217
1,87,193,4,217
1,88,193,125,217
1,89,193,25,217
1,90,193,110,217
1,91,193,122,217
1,92,193,129,217
1,93,193,3,217
1,94,193,22,217
1,95,193,128,217
1,96,193,18,217
1,97,193,114,217
1,98,193,20,217
16,99,193,127,217
16,100,193,113,217
16,101,193,112,217
16,102,193,67,217
16,103,193,124,217
16,104,193,62,217
16,105,193,12,217
1,106,193,79,217
1,107,193,21,217
1,108,193,74,217
1,109,193,70,217
1,110,193,73,217
1,111,193,81,217
1,112,193,77,217
1,113,193,78,217
1,114,193,80,217
1,115,193,71,217
1,116,193,72,217
1,117,193,76,217
1,118,193,82,217
1,119,193,61,217
1,120,193,121,217
1,121,193,111,217
1,122,193,69,217
1,123,193,65,217
1,124,193,118,217
1,125,193,63,217
1,126,193,66,217
1,127,193,83,217
1,128,193,75,217
1,129,193,68,217
1,1,194,45,189
1,2,194,54,189
1,3,194,46,189
1,4,194,43,189
1,5,194,39,189
1,6,194,34,189
1,7,194,55,189
1,8,194,60,189
1,9,194,50,189
1,10,194,42,189
1,11,194,41,189
1,12,194,49,189
1,13,194,38,189
1,14,194,32,189
1,15,194,37,189
1,16,194,48,189
1,17,194,40,189
1,18,194,35,189
1,19,194,57,189
1,20,194,89,189
1,21,194,44,189
1,22,194,94,189
1,23,194,98,189
1,24,194,53,189
1,25,194,92,189
1,26,194,84,189
1,27,194,88,189
1,28,194,96,189
1,29,194,105,189
1,30,194,58,189
1,31,194,108,189
1,32,194,106,189
1,33,194,19,189
1,34,194,47,189
1,35,194,107,189
1,36,194,97,189
1,37,194,99,189
1,38,194,95,189
1,39,194,90,189
1,40,194,104,189
1,41,194,102,189
1,42,194,59,189
1,43,194,33,189
1,44,194,86,189
1,45,194,31,189
1,46,194,91,189
1,47,194,100,189
1,48,194,36,189
1,49,194,109,189
1,50,194,27,189
1,51,194,5,189
1,52,194,87,189
1,53,194,101,189
1,54,194,51,189
1,55,194,103,189
1,56,194,9,189
1,57,194,6,189
1,58,194,16,189
1,59,194,93,189
1,60,194,11,189
1,61,194,56,189
1,62,194,14,189
1,63,194,24,189
1,64,194,26,189
1,65,194,85,189
1,66,194,7,189
1,67,194,52,189
1,68,194,1,189
1,69,194,23,189
1,70,194,10,189
1,71,194,28,189
1,72,194,13,189
1,73,194,15,189
1,74,194,29,189
1,75,194,17,189
1,76,194,30,189
1,77,194,64,189
1,78,194,115,189
1,79,194,116,189
1,80,194,123,189
1,81,194,2,189
1,82,194,119,189
1,83,194,120,189
1,84,194,126,189
1,85,194,8,189
1,86,194,117,189
1,87,194,4,189
1,88,194,125,189
1,89,194,25,189
1,90,194,110,189
1,91,194,122,189
1,92,194,129,189
1,93,194,3,189
1,94,194,22,189
1,95,194,128,189
1,96,194,18,189
1,97,194,114,189
1,98,194,20,189
16,99,194,127,189
16,100,194,113,189
16,101,194,112,189
16,102,194,67,189
16,103,194,124,189
16,104,194,62,189
16,105,194,12,189
1,106,194,79,189
1,107,194,21,189
1,108,194,74,189
1,109,194,70,189
1,110,194,73,189
1,111,194,81,189
1,112,194,77,189
1,113,194,78,189
1,114,194,80,189
1,115,194,71,189
1,116,194,72,189
1,117,194,76,189
1,118,194,82,189
1,119,194,61,189
1,120,194,121,189
1,121,194,111,189
1,122,194,69,189
1,123,194,65,189
1,124,194,118,189
1,125,194,63,189
1,126,194,66,189
1,127,194,83,189
1,128,194,75,189
1,129,194,68,189
1,1,195,45,113
1,2,195,54,113
1,3,195,46,113
1,4,195,43,113
1,5,195,39,113
1,6,195,34,113
1,7,195,55,113
1,8,195,60,113
1,9,195,50,113
1,10,195,42,113
1,11,195,41,113
1,12,195,49,113
1,13,195,38,113
1,14,195,32,113
1,15,195,37,113
1,16,195,48,113
1,17,195,40,113
1,18,195,35,113
1,19,195,57,113
1,20,195,89,113
1,21,195,44,113
1,22,195,94,113
1,23,195,98,113
1,24,195,53,113
1,25,195,92,113
1,26,195,84,113
1,27,195,88,113
1,28,195,96,113
1,29,195,105,113
1,30,195,58,113
1,31,195,108,113
1,32,195,106,113
1,33,195,19,113
1,34,195,47,113
1,35,195,107,113
1,36,195,97,113
1,37,195,99,113
1,38,195,95,113
1,39,195,90,113
1,40,195,104,113
1,41,195,102,113
1,42,195,59,113
1,43,195,33,113
1,44,195,86,113
1,45,195,31,113
1,46,195,91,113
1,47,195,100,113
1,48,195,36,113
1,49,195,109,113
1,50,195,27,113
1,51,195,5,113
1,52,195,87,113
1,53,195,101,113
1,54,195,51,113
1,55,195,103,113
1,56,195,9,113
1,57,195,6,113
1,58,195,16,113
1,59,195,93,113
1,60,195,11,113
1,61,195,56,113
1,62,195,14,113
1,63,195,24,113
1,64,195,26,113
1,65,195,85,113
1,66,195,7,113
1,67,195,52,113
1,68,195,1,113
1,69,195,23,113
1,70,195,10,113
1,71,195,28,113
1,72,195,13,113
1,73,195,15,113
1,74,195,29,113
1,75,195,17,113
1,76,195,30,113
1,77,195,64,113
1,78,195,115,113
1,79,195,116,113
1,80,195,123,113
1,81,195,2,113
1,82,195,119,113
1,83,195,120,113
1,84,195,126,113
1,85,195,8,113
1,86,195,117,113
1,87,195,4,113
1,88,195,125,113
1,89,195,25,113
1,90,195,110,113
1,91,195,122,113
1,92,195,129,113
1,93,195,3,113
1,94,195,22,113
1,95,195,128,113
1,96,195,18,113
1,97,195,114,113
1,98,195,20,113
16,99,195,127,113
16,100,195,113,113
16,101,195,112,113
16,102,195,67,113
16,103,195,124,113
16,104,195,62,113
16,105,195,12,113
1,106,195,79,113
1,107,195,21,113
1,108,195,74,113
1,109,195,70,113
1,110,195,73,113
1,111,195,81,113
1,112,195,77,113
1,113,195,78,113
1,114,195,80,113
1,115,195,71,113
1,116,195,72,113
1,117,195,76,113
1,118,195,82,113
1,119,195,61,113
1,120,195,121,113
1,121,195,111,113
1,122,195,69,113
1,123,195,65,113
1,124,195,118,113
1,125,195,63,113
1,126,195,66,113
1,127,195,83,113
1,128,195,75,113
1,129,195,68,113
1,1,196,45,129
1,2,196,54,129
1,3,196,46,129
1,4,196,43,129
1,5,196,39,129
1,6,196,34,129
1,7,196,55,129
1,8,196,60,129
1,9,196,50,129
1,10,196,42,129
1,11,196,41,129
1,12,196,49,129
1,13,196,38,129
1,14,196,32,129
1,15,196,37,129
1,16,196,48,129
1,17,196,40,129
1,18,196,35,129
1,19,196,57,129
1,20,196,89,129
1,21,196,44,129
1,22,196,94,129
1,23,196,98,129
1,24,196,53,129
1,25,196,92,129
1,26,196,84,129
1,27,196,88,129
1,28,196,96,129
1,29,196,105,129
1,30,196,58,129
1,31,196,108,129
1,32,196,106,129
1,33,196,19,129
1,34,196,47,129
1,35,196,107,129
1,36,196,97,129
1,37,196,99,129
1,38,196,95,129
1,39,196,90,129
1,40,196,104,129
1,41,196,102,129
1,42,196,59,129
1,43,196,33,129
1,44,196,86,129
1,45,196,31,129
1,46,196,91,129
1,47,196,100,129
1,48,196,36,129
1,49,196,109,129
1,50,196,27,129
1,51,196,5,129
1,52,196,87,129
1,53,196,101,129
1,54,196,51,129
1,55,196,103,129
1,56,196,9,129
1,57,196,6,129
1,58,196,16,129
1,59,196,93,129
1,60,196,11,129
1,61,196,56,129
1,62,196,14,129
1,63,196,24,129
1,64,196,26,129
1,65,196,85,129
1,66,196,7,129
1,67,196,52,129
1,68,196,1,129
1,69,196,23,129
1,70,196,10,129
1,71,196,28,129
1,72,196,13,129
1,73,196,15,129
1,74,196,29,129
1,75,196,17,129
1,76,196,30,129
1,77,196,64,129
1,78,196,115,129
1,79,196,116,129
1,80,196,123,129
1,81,196,2,129
1,82,196,119,129
1,83,196,120,129
1,84,196,126,129
1,85,196,8,129
1,86,196,117,129
1,87,196,4,129
1,88,196,125,129
1,89,196,25,129
1,90,196,110,129
1,91,196,122,129
1,92,196,129,129
1,93,196,3,129
1,94,196,22,129
1,95,196,128,129
1,96,196,18,129
1,97,196,114,129
1,98,196,20,129
16,99,196,127,129
16,100,196,113,129
16,101,196,112,129
16,102,196,67,129
16,103,196,124,129
16,104,196,62,129
16,105,196,12,129
1,106,196,79,129
1,107,196,21,129
1,108,196,74,129
1,109,196,70,129
1,110,196,73,129
1,111,196,81,129
1,112,196,77,129
1,113,196,78,129
1,114,196,80,129
1,115,196,71,129
1,116,196,72,129
1,117,196,76,129
1,118,196,82,129
1,119,196,61,129
1,120,196,121,129
1,121,196,111,129
1,122,196,69,129
1,123,196,65,129
1,124,196,118,129
1,125,196,63,129
1,126,196,66,129
1,127,196,83,129
1,128,196,75,129
1,129,196,68,129
1,1,197,45,185
1,2,197,54,185
1,3,197,46,185
1,4,197,43,185
1,5,197,39,185
1,6,197,34,185
1,7,197,55,185
1,8,197,60,185
1,9,197,50,185
1,10,197,42,185
1,11,197,41,185
1,12,197,49,185
1,13,197,38,185
1,14,197,32,185
1,15,197,37,185
1,16,197,48,185
1,17,197,40,185
1,18,197,35,185
1,19,197,57,185
1,20,197,89,185
1,21,197,44,185
1,22,197,94,185
1,23,197,98,185
1,24,197,53,185
1,25,197,92,185
1,26,197,84,185
1,27,197,88,185
1,28,197,96,185
1,29,197,105,185
1,30,197,58,185
1,31,197,108,185
1,32,197,106,185
1,33,197,19,185
1,34,197,47,185
1,35,197,107,185
1,36,197,97,185
1,37,197,99,185
1,38,197,95,185
1,39,197,90,185
1,40,197,104,185
1,41,197,102,185
1,42,197,59,185
1,43,197,33,185
1,44,197,86,185
1,45,197,31,185
1,46,197,91,185
1,47,197,100,185
1,48,197,36,185
1,49,197,109,185
1,50,197,27,185
1,51,197,5,185
1,52,197,87,185
1,53,197,101,185
1,54,197,51,185
1,55,197,103,185
1,56,197,9,185
1,57,197,6,185
1,58,197,16,185
1,59,197,93,185
1,60,197,11,185
1,61,197,56,185
1,62,197,14,185
1,63,197,24,185
1,64,197,26,185
1,65,197,85,185
1,66,197,7,185
1,67,197,52,185
1,68,197,1,185
1,69,197,23,185
1,70,197,10,185
1,71,197,28,185
1,72,197,13,185
1,73,197,15,185
1,74,197,29,185
1,75,197,17,185
1,76,197,30,185
1,77,197,64,185
1,78,197,115,185
1,79,197,116,185
1,80,197,123,185
1,81,197,2,185
1,82,197,119,185
1,83,197,120,185
1,84,197,126,185
1,85,197,8,185
1,86,197,117,185
1,87,197,4,185
1,88,197,125,185
1,89,197,25,185
1,90,197,110,185
1,91,197,122,185
1,92,197,129,185
1,93,197,3,185
1,94,197,22,185
1,95,197,128,185
1,96,197,18,185
1,97,197,114,185
1,98,197,20,185
16,99,197,127,185
16,100,197,113,185
16,101,197,112,185
16,102,197,67,185
16,103,197,124,185
16,104,197,62,185
16,105,197,12,185
1,106,197,79,185
1,107,197,21,185
1,108,197,74,185
1,109,197,70,185
1,110,197,73,185
1,111,197,81,185
1,112,197,77,185
1,113,197,78,185
1,114,197,80,185
1,115,197,71,185
1,116,197,72,185
1,117,197,76,185
1,118,197,82,185
1,119,197,61,185
1,120,197,121,185
1,121,197,111,185
1,122,197,69,185
1,123,197,65,185
1,124,197,118,185
1,125,197,63,185
1,126,197,66,185
1,127,197,83,185
1,128,197,75,185
1,129,197,68,185
1,1,198,45,148
1,2,198,54,148
1,3,198,46,148
1,4,198,43,148
1,5,198,39,148
1,6,198,34,148
1,7,198,55,148
1,8,198,60,148
1,9,198,50,148
1,10,198,42,148
1,11,198,41,148
1,12,198,49,148
1,13,198,38,148
1,14,198,32,148
1,15,198,37,148
1,16,198,48,148
1,17,198,40,148
1,18,198,35,148
1,19,198,57,148
1,20,198,89,148
1,21,198,44,148
1,22,198,94,148
1,23,198,98,148
1,24,198,53,148
1,25,198,92,148
1,26,198,84,148
1,27,198,88,148
1,28,198,96,148
1,29,198,105,148
1,30,198,58,148
1,31,198,108,148
1,32,198,106,148
1,33,198,19,148
1,34,198,47,148
1,35,198,107,148
1,36,198,97,148
1,37,198,99,148
1,38,198,95,148
1,39,198,90,148
1,40,198,104,148
1,41,198,102,148
1,42,198,59,148
1,43,198,33,148
1,44,198,86,148
1,45,198,31,148
1,46,198,91,148
1,47,198,100,148
1,48,198,36,148
1,49,198,109,148
1,50,198,27,148
1,51,198,5,148
1,52,198,87,148
1,53,198,101,148
1,54,198,51,148
1,55,198,103,148
1,56,198,9,148
1,57,198,6,148
1,58,198,16,148
1,59,198,93,148
1,60,198,11,148
1,61,198,56,148
1,62,198,14,148
1,63,198,24,148
1,64,198,26,148
1,65,198,85,148
1,66,198,7,148
1,67,198,52,148
1,68,198,1,148
1,69,198,23,148
1,70,198,10,148
1,71,198,28,148
1,72,198,13,148
1,73,198,15,148
1,74,198,29,148
1,75,198,17,148
1,76,198,30,148
1,77,198,64,148
1,78,198,115,148
1,79,198,116,148
1,80,198,123,148
1,81,198,2,148
1,82,198,119,148
1,83,198,120,148
1,84,198,126,148
1,85,198,8,148
1,86,198,117,148
1,87,198,4,148
1,88,198,125,148
1,89,198,25,148
1,90,198,110,148
1,91,198,122,148
1,92,198,129,148
1,93,198,3,148
1,94,198,22,148
1,95,198,128,148
1,96,198,18,148
1,97,198,114,148
1,98,198,20,148
16,99,198,127,148
16,100,198,113,148
16,101,198,112,148
16,102,198,67,148
16,103,198,124,148
16,104,198,62,148
16,105,198,12,148
1,106,198,79,148
1,107,198,21,148
1,108,198,74,148
1,109,198,70,148
1,110,198,73,148
1,111,198,81,148
1,112,198,77,148
1,113,198,78,148
1,114,198,80,148
1,115,198,71,148
1,116,198,72,148
1,117,198,76,148
1,118,198,82,148
1,119,198,61,148
1,120,198,121,148
1,121,198,111,148
1,122,198,69,148
1,123,198,65,148
1,124,198,118,148
1,125,198,63,148
1,126,198,66,148
1,127,198,83,148
1,128,198,75,148
1,129,198,68,148
1,1,199,45,179
1,2,199,54,179
1,3,199,46,179
1,4,199,43,179
1,5,199,39,179
1,6,199,34,179
1,7,199,55,179
1,8,199,60,179
1,9,199,50,179
1,10,199,42,179
1,11,199,41,179
1,12,199,49,179
1,13,199,38,179
1,14,199,32,179
1,15,199,37,179
1,16,199,48,179
1,17,199,40,179
1,18,199,35,179
1,19,199,57,179
1,20,199,89,179
1,21,199,44,179
1,22,199,94,179
1,23,199,98,179
1,24,199,53,179
1,25,199,92,179
1,26,199,84,179
1,27,199,88,179
1,28,199,96,179
1,29,199,105,179
1,30,199,58,179
1,31,199,108,179
1,32,199,106,179
1,33,199,19,179
1,34,199,47,179
1,35,199,107,179
1,36,199,97,179
1,37,199,99,179
1,38,199,95,179
1,39,199,90,179
1,40,199,104,179
1,41,199,102,179
1,42,199,59,179
1,43,199,33,179
1,44,199,86,179
1,45,199,31,179
1,46,199,91,179
1,47,199,100,179
1,48,199,36,179
1,49,199,109,179
1,50,199,27,179
1,51,199,5,179
1,52,199,87,179
1,53,199,101,179
1,54,199,51,179
1,55,199,103,179
1,56,199,9,179
1,57,199,6,179
1,58,199,16,179
1,59,199,93,179
1,60,199,11,179
1,61,199,56,179
1,62,199,14,179
1,63,199,24,179
1,64,199,26,179
1,65,199,85,179
1,66,199,7,179
1,67,199,52,179
1,68,199,1,179
1,69,199,23,179
1,70,199,10,179
1,71,199,28,179
1,72,199,13,179
1,73,199,15,179
1,74,199,29,179
1,75,199,17,179
1,76,199,30,179
1,77,199,64,179
1,78,199,115,179
1,79,199,116,179
1,80,199,123,179
1,81,199,2,179
1,82,199,119,179
1,83,199,120,179
1,84,199,126,179
1,85,199,8,179
1,86,199,117,179
1,87,199,4,179
1,88,199,125,179
1,89,199,25,179
1,90,199,110,179
1,91,199,122,179
1,92,199,129,179
1,93,199,3,179
1,94,199,22,179
1,95,199,128,179
1,96,199,18,179
1,97,199,114,179
1,98,199,20,179
16,99,199,127,179
16,100,199,113,179
16,101,199,112,179
16,102,199,67,179
16,103,199,124,179
16,104,199,62,179
16,105,199,12,179
1,106,199,79,179
1,107,199,21,179
1,108,199,74,179
1,109,199,70,179
1,110,199,73,179
1,111,199,81,179
1,112,199,77,179
1,113,199,78,179
1,114,199,80,179
1,115,199,71,179
1,116,199,72,179
1,117,199,76,179
1,118,199,82,179
1,119,199,61,179
1,120,199,121,179
1,121,199,111,179
1,122,199,69,179
1,123,199,65,179
1,124,199,118,179
1,125,199,63,179
1,126,199,66,179
1,127,199,83,179
1,128,199,75,179
1,129,199,68,179
1,1,200,45,162
1,2,200,54,162
1,3,200,46,162
1,4,200,43,162
1,5,200,39,162
1,6,200,34,162
1,7,200,55,162
1,8,200,60,162
1,9,200,50,162
1,10,200,42,162
1,11,200,41,162
1,12,200,49,162
1,13,200,38,162
1,14,200,32,162
1,15,200,37,162
1,16,200,48,162
1,17,200,40,162
1,18,200,35,162
1,19,200,57,162
1,20,200,89,162
1,21,200,44,162
1,22,200,94,162
1,23,200,98,162
1,24,200,53,162
1,25,200,92,162
1,26,200,84,162
1,27,200,88,162
1,28,200,96,162
1,29,200,105,162
1,30,200,58,162
1,31,200,108,162
1,32,200,106,162
1,33,200,19,162
1,34,200,47,162
1,35,200,107,162
1,36,200,97,162
1,37,200,99,162
1,38,200,95,162
1,39,200,90,162
1,40,200,104,162
1,41,200,102,162
1,42,200,59,162
1,43,200,33,162
1,44,200,86,162
1,45,200,31,162
1,46,200,91,162
1,47,200,100,162
1,48,200,36,162
1,49,200,109,162
1,50,200,27,162
1,51,200,5,162
1,52,200,87,162
1,53,200,101,162
1,54,200,51,162
1,55,200,103,162
1,56,200,9,162
1,57,200,6,162
1,58,200,16,162
1,59,200,93,162
1,60,200,11,162
1,61,200,56,162
1,62,200,14,162
1,63,200,24,162
1,64,200,26,162
1,65,200,85,162
1,66,200,7,162
1,67,200,52,162
1,68,200,1,162
1,69,200,23,162
1,70,200,10,162
1,71,200,28,162
1,72,200,13,162
1,73,200,15,162
1,74,200,29,162
1,75,200,17,162
1,76,200,30,162
1,77,200,64,162
1,78,200,115,162
1,79,200,116,162
1,80,200,123,162
1,81,200,2,162
1,82,200,119,162
1,83,200,120,162
1,84,200,126,162
1,85,200,8,162
1,86,200,117,162
1,87,200,4,162
1,88,200,125,162
1,89,200,25,162
1,90,200,110,162
1,91,200,122,162
1,92,200,129,162
1,93,200,3,162
1,94,200,22,162
1,95,200,128,162
1,96,200,18,162
1,97,200,114,162
1,98,200,20,162
16,99,200,127,162
16,100,200,113,162
16,101,200,112,162
16,102,200,67,162
16,103,200,124,162
16,104,200,62,162
16,105,200,12,162
1,106,200,79,162
1,107,200,21,162
1,108,200,74,162
1,109,200,70,162
1,110,200,73,162
1,111,200,81,162
1,112,200,77,162
1,113,200,78,162
1,114,200,80,162
1,115,200,71,162
1,116,200,72,162
1,117,200,76,162
1,118,200,82,162
1,119,200,61,162
1,120,200,121,162
1,121,200,111,162
1,122,200,69,162
1,123,200,65,162
1,124,200,118,162
1,125,200,63,162
1,126,200,66,162
1,127,200,83,162
1,128,200,75,162
1,129,200,68,162
1,1,201,45,192
1,2,201,54,192
1,3,201,46,192
1,4,201,43,192
1,5,201,39,192
1,6,201,34,192
1,7,201,55,192
1,8,201,60,192
1,9,201,50,192
1,10,201,42,192
1,11,201,41,192
1,12,201,49,192
1,13,201,38,192
1,14,201,32,192
1,15,201,37,192
1,16,201,48,192
1,17,201,40,192
1,18,201,35,192
1,19,201,57,192
1,20,201,89,192
1,21,201,44,192
1,22,201,94,192
1,23,201,98,192
1,24,201,53,192
1,25,201,92,192
1,26,201,84,192
1,27,201,88,192
1,28,201,96,192
1,29,201,105,192
1,30,201,58,192
1,31,201,108,192
1,32,201,106,192
1,33,201,19,192
1,34,201,47,192
1,35,201,107,192
1,36,201,97,192
1,37,201,99,192
1,38,201,95,192
1,39,201,90,192
1,40,201,104,192
1,41,201,102,192
1,42,201,59,192
1,43,201,33,192
1,44,201,86,192
1,45,201,31,192
1,46,201,91,192
1,47,201,100,192
1,48,201,36,192
1,49,201,109,192
1,50,201,27,192
1,51,201,5,192
1,52,201,87,192
1,53,201,101,192
1,54,201,51,192
1,55,201,103,192
1,56,201,9,192
1,57,201,6,192
1,58,201,16,192
1,59,201,93,192
1,60,201,11,192
1,61,201,56,192
1,62,201,14,192
1,63,201,24,192
1,64,201,26,192
1,65,201,85,192
1,66,201,7,192
1,67,201,52,192
1,68,201,1,192
1,69,201,23,192
1,70,201,10,192
1,71,201,28,192
1,72,201,13,192
1,73,201,15,192
1,74,201,29,192
1,75,201,17,192
1,76,201,30,192
1,77,201,64,192
1,78,201,115,192
1,79,201,116,192
1,80,201,123,192
1,81,201,2,192
1,82,201,119,192
1,83,201,120,192
1,84,201,126,192
1,85,201,8,192
1,86,201,117,192
1,87,201,4,192
1,88,201,125,192
1,89,201,25,192
1,90,201,110,192
1,91,201,122,192
1,92,201,129,192
1,93,201,3,192
1,94,201,22,192
1,95,201,128,192
1,96,201,18,192
1,97,201,114,192
1,98,201,20,192
16,99,201,127,192
16,100,201,113,192
16,101,201,112,192
16,102,201,67,192
16,103,201,124,192
16,104,201,62,192
16,105,201,12,192
1,106,201,79,192
1,107,201,21,192
1,108,201,74,192
1,109,201,70,192
1,110,201,73,192
1,111,201,81,192
1,112,201,77,192
1,113,201,78,192
1,114,201,80,192
1,115,201,71,192
1,116,201,72,192
1,117,201,76,192
1,118,201,82,192
1,119,201,61,192
1,120,201,121,192
1,121,201,111,192
1,122,201,69,192
1,123,201,65,192
1,124,201,118,192
1,125,201,63,192
1,126,201,66,192
1,127,201,83,192
1,128,201,75,192
1,129,201,68,192
1,1,202,45,94
1,2,202,54,94
1,3,202,46,94
1,4,202,43,94
1,5,202,39,94
1,6,202,34,94
1,7,202,55,94
1,8,202,60,94
1,9,202,50,94
1,10,202,42,94
1,11,202,41,94
1,12,202,49,94
1,13,202,38,94
1,14,202,32,94
1,15,202,37,94
1,16,202,48,94
1,17,202,40,94
1,18,202,35,94
1,19,202,57,94
1,20,202,89,94
1,21,202,44,94
1,22,202,94,94
1,23,202,98,94
1,24,202,53,94
1,25,202,92,94
1,26,202,84,94
1,27,202,88,94
1,28,202,96,94
1,29,202,105,94
1,30,202,58,94
1,31,202,108,94
1,32,202,106,94
1,33,202,19,94
1,34,202,47,94
1,35,202,107,94
1,36,202,97,94
1,37,202,99,94
1,38,202,95,94
1,39,202,90,94
1,40,202,104,94
1,41,202,102,94
1,42,202,59,94
1,43,202,33,94
1,44,202,86,94
1,45,202,31,94
1,46,202,91,94
1,47,202,100,94
1,48,202,36,94
1,49,202,109,94
1,50,202,27,94
1,51,202,5,94
1,52,202,87,94
1,53,202,101,94
1,54,202,51,94
1,55,202,103,94
1,56,202,9,94
1,57,202,6,94
1,58,202,16,94
1,59,202,93,94
1,60,202,11,94
1,61,202,56,94
1,62,202,14,94
1,63,202,24,94
1,64,202,26,94
1,65,202,85,94
1,66,202,7,94
1,67,202,52,94
1,68,202,1,94
1,69,202,23,94
1,70,202,10,94
1,71,202,28,94
1,72,202,13,94
1,73,202,15,94
1,74,202,29,94
1,75,202,17,94
1,76,202,30,94
1,77,202,64,94
1,78,202,115,94
1,79,202,116,94
1,80,202,123,94
1,81,202,2,94
1,82,202,119,94
1,83,202,120,94
1,84,202,126,94
1,85,202,8,94
1,86,202,117,94
1,87,202,4,94
1,88,202,125,94
1,89,202,25,94
1,90,202,110,94
1,91,202,122,94
1,92,202,129,94
1,93,202,3,94
1,94,202,22,94
1,95,202,128,94
1,96,202,18,94
1,97,202,114,94
1,98,202,20,94
1,99,202,127,94
1,100,202,113,94
1,101,202,112,94
1,102,202,67,94
1,103,202,124,94
1,104,202,62,94
1,105,202,12,94
1,106,202,79,94
1,107,202,21,94
1,108,202,74,94
1,109,202,70,94
1,110,202,73,94
1,111,202,81,94
1,112,202,77,94
1,113,202,78,94
1,114,202,80,94
1,115,202,71,94
1,116,202,72,94
1,117,202,76,94
1,118,202,82,94
1,119,202,61,94
1,120,202,121,94
1,121,202,111,94
1,122,202,69,94
1,123,202,65,94
1,124,202,118,94
1,125,202,63,94
1,126,202,66,94
1,127,202,83,94
1,128,202,75,94
1,129,202,68,94
1,1,203,45,46
1,2,203,54,46
1,3,203,46,46
1,4,203,43,46
1,5,203,39,46
1,6,203,34,46
1,7,203,55,46
1,8,203,60,46
1,9,203,50,46
1,10,203,42,46
1,11,203,41,46
1,12,203,49,46
1,13,203,38,46
1,14,203,32,46
1,15,203,37,46
1,16,203,48,46
1,17,203,40,46
1,18,203,35,46
1,19,203,57,46
1,20,203,89,46
1,21,203,44,46
1,22,203,94,46
1,23,203,98,46
1,24,203,53,46
1,25,203,92,46
1,26,203,84,46
1,27,203,88,46
1,28,203,96,46
1,29,203,105,46
1,30,203,58,46
1,31,203,108,46
1,32,203,106,46
1,33,203,19,46
1,34,203,47,46
1,35,203,107,46
1,36,203,97,46
1,37,203,99,46
1,38,203,95,46
1,39,203,90,46
1,40,203,104,46
1,41,203,102,46
1,42,203,59,46
1,43,203,33,46
1,44,203,86,46
1,45,203,31,46
1,46,203,91,46
1,47,203,100,46
1,48,203,36,46
1,49,203,109,46
1,50,203,27,46
1,51,203,5,46
1,52,203,87,46
1,53,203,101,46
1,54,203,51,46
1,55,203,103,46
1,56,203,9,46
1,57,203,6,46
1,58,203,16,46
1,59,203,93,46
1,60,203,11,46
1,61,203,56,46
1,62,203,14,46
1,63,203,24,46
1,64,203,26,46
1,65,203,85,46
1,66,203,7,46
1,67,203,52,46
1,68,203,1,46
1,69,203,23,46
1,70,203,10,46
1,71,203,28,46
1,72,203,13,46
1,73,203,15,46
1,74,203,29,46
1,75,203,17,46
1,76,203,30,46
1,77,203,64,46
1,78,203,115,46
1,79,203,116,46
1,80,203,123,46
1,81,203,2,46
1,82,203,119,46
1,83,203,120,46
1,84,203,126,46
1,85,203,8,46
1,86,203,117,46
1,87,203,4,46
1,88,203,125,46
1,89,203,25,46
1,90,203,110,46
1,91,203,122,46
1,92,203,129,46
1,93,203,3,46
1,94,203,22,46
1,95,203,128,46
1,96,203,18,46
1,97,203,114,46
1,98,203,20,46
1,99,203,127,46
1,100,203,113,46
1,101,203,112,46
1,102,203,67,46
1,103,203,124,46
1,104,203,62,46
1,105,203,12,46
1,106,203,79,46
1,107,203,21,46
1,108,203,74,46
1,109,203,70,46
1,110,203,73,46
1,111,203,81,46
1,112,203,77,46
1,113,203,78,46
1,114,203,80,46
1,115,203,71,46
1,116,203,72,46
1,117,203,76,46
1,118,203,82,46
1,119,203,61,46
1,120,203,121,46
1,121,203,111,46
1,122,203,69,46
1,123,203,65,46
1,124,203,118,46
1,125,203,63,46
1,126,203,66,46
1,127,203,83,46
1,128,203,75,46
1,129,203,68,46
1,1,204,45,194
1,2,204,54,194
1,3,204,46,194
1,4,204,43,194
1,5,204,39,194
1,6,204,34,194
1,7,204,55,194
1,8,204,60,194
1,9,204,50,194
1,10,204,42,194
1,11,204,41,194
1,12,204,49,194
1,13,204,38,194
1,14,204,32,194
1,15,204,37,194
1,16,204,48,194
1,17,204,40,194
1,18,204,35,194
1,19,204,57,194
1,20,204,89,194
1,21,204,44,194
1,22,204,94,194
1,23,204,98,194
1,24,204,53,194
1,25,204,92,194
1,26,204,84,194
1,27,204,88,194
1,28,204,96,194
1,29,204,105,194
1,30,204,58,194
1,31,204,108,194
1,32,204,106,194
1,33,204,19,194
1,34,204,47,194
1,35,204,107,194
1,36,204,97,194
1,37,204,99,194
1,38,204,95,194
1,39,204,90,194
1,40,204,104,194
1,41,204,102,194
1,42,204,59,194
1,43,204,33,194
1,44,204,86,194
1,45,204,31,194
1,46,204,91,194
1,47,204,100,194
1,48,204,36,194
1,49,204,109,194
1,50,204,27,194
1,51,204,5,194
1,52,204,87,194
1,53,204,101,194
1,54,204,51,194
1,55,204,103,194
1,56,204,9,194
1,57,204,6,194
1,58,204,16,194
1,59,204,93,194
1,60,204,11,194
1,61,204,56,194
1,62,204,14,194
1,63,204,24,194
1,64,204,26,194
1,65,204,85,194
1,66,204,7,194
1,67,204,52,194
1,68,204,1,194
1,69,204,23,194
1,70,204,10,194
1,71,204,28,194
1,72,204,13,194
1,73,204,15,194
1,74,204,29,194
1,75,204,17,194
1,76,204,30,194
1,77,204,64,194
1,78,204,115,194
1,79,204,116,194
1,80,204,123,194
1,81,204,2,194
1,82,204,119,194
1,83,204,120,194
1,84,204,126,194
1,85,204,8,194
1,86,204,117,194
1,87,204,4,194
1,88,204,125,194
1,89,204,25,194
1,90,204,110,194
1,91,204,122,194
1,92,204,129,194
1,93,204,3,194
1,94,204,22,194
1,95,204,128,194
1,96,204,18,194
1,97,204,114,194
1,98,204,20,194
1,99,204,127,194
1,100,204,113,194
1,101,204,112,194
1,102,204,67,194
1,103,204,124,194
1,104,204,62,194
1,105,204,12,194
1,106,204,79,194
1,107,204,21,194
1,108,204,74,194
1,109,204,70,194
1,110,204,73,194
1,111,204,81,194
1,112,204,77,194
1,113,204,78,194
1,114,204,80,194
1,115,204,71,194
1,116,204,72,194
1,117,204,76,194
1,118,204,82,194
1,119,204,61,194
1,120,204,121,194
1,121,204,111,194
1,122,204,69,194
1,123,204,65,194
1,124,204,118,194
1,125,204,63,194
1,126,204,66,194
1,127,204,83,194
1,128,204,75,194
1,129,204,68,194
1,1,205,45,201
1,2,205,54,201
1,3,205,46,201
1,4,205,43,201
1,5,205,39,201
1,6,205,34,201
1,7,205,55,201
1,8,205,60,201
1,9,205,50,201
1,10,205,42,201
1,11,205,41,201
1,12,205,49,201
1,13,205,38,201
1,14,205,32,201
1,15,205,37,201
1,16,205,48,201
1,17,205,40,201
1,18,205,35,201
1,19,205,57,201
1,20,205,89,201
1,21,205,44,201
1,22,205,94,201
1,23,205,98,201
1,24,205,53,201
1,25,205,92,201
1,26,205,84,201
1,27,205,88,201
1,28,205,96,201
1,29,205,105,201
1,30,205,58,201
1,31,205,108,201
1,32,205,106,201
1,33,205,19,201
1,34,205,47,201
1,35,205,107,201
1,36,205,97,201
1,37,205,99,201
1,38,205,95,201
1,39,205,90,201
1,40,205,104,201
1,41,205,102,201
1,42,205,59,201
1,43,205,33,201
1,44,205,86,201
1,45,205,31,201
1,46,205,91,201
1,47,205,100,201
1,48,205,36,201
1,49,205,109,201
1,50,205,27,201
1,51,205,5,201
1,52,205,87,201
1,53,205,101,201
1,54,205,51,201
1,55,205,103,201
1,56,205,9,201
1,57,205,6,201
1,58,205,16,201
1,59,205,93,201
1,60,205,11,201
1,61,205,56,201
1,62,205,14,201
1,63,205,24,201
1,64,205,26,201
1,65,205,85,201
1,66,205,7,201
1,67,205,52,201
1,68,205,1,201
1,69,205,23,201
1,70,205,10,201
1,71,205,28,201
1,72,205,13,201
1,73,205,15,201
1,74,205,29,201
1,75,205,17,201
1,76,205,30,201
1,77,205,64,201
1,78,205,115,201
1,79,205,116,201
1,80,205,123,201
1,81,205,2,201
1,82,205,119,201
1,83,205,120,201
1,84,205,126,201
1,85,205,8,201
1,86,205,117,201
1,87,205,4,201
1,88,205,125,201
1,89,205,25,201
1,90,205,110,201
1,91,205,122,201
1,92,205,129,201
1,93,205,3,201
1,94,205,22,201
1,95,205,128,201
1,96,205,18,201
1,97,205,114,201
1,98,205,20,201
1,99,205,127,201
1,100,205,113,201
1,101,205,112,201
1,102,205,67,201
1,103,205,124,201
1,104,205,62,201
1,105,205,12,201
1,106,205,79,201
1,107,205,21,201
1,108,205,74,201
1,109,205,70,201
1,110,205,73,201
1,111,205,81,201
1,112,205,77,201
1,113,205,78,201
1,114,205,80,201
1,115,205,71,201
1,116,205,72,201
1,117,205,76,201
1,118,205,82,201
1,119,205,61,201
1,120,205,121,201
1,121,205,111,201
1,122,205,69,201
1,123,205,65,201
1,124,205,118,201
1,125,205,63,201
1,126,205,66,201
1,127,205,83,201
1,128,205,75,201
1,129,205,68,201
1,1,206,45,3
1,2,206,54,3
1,3,206,46,3
1,4,206,43,3
1,5,206,39,3
1,6,206,34,3
1,7,206,55,3
1,8,206,60,3
1,9,206,50,3
1,10,206,42,3
1,11,206,41,3
1,12,206,49,3
1,13,206,38,3
1,14,206,32,3
1,15,206,37,3
1,16,206,48,3
1,17,206,40,3
1,18,206,35,3
1,19,206,57,3
1,20,206,89,3
1,21,206,44,3
1,22,206,94,3
1,23,206,98,3
1,24,206,53,3
1,25,206,92,3
1,26,206,84,3
1,27,206,88,3
1,28,206,96,3
1,29,206,105,3
1,30,206,58,3
1,31,206,108,3
1,32,206,106,3
1,33,206,19,3
1,34,206,47,3
1,35,206,107,3
1,36,206,97,3
1,37,206,99,3
1,38,206,95,3
1,39,206,90,3
1,40,206,104,3
1,41,206,102,3
1,42,206,59,3
1,43,206,33,3
1,44,206,86,3
1,45,206,31,3
1,46,206,91,3
1,47,206,100,3
1,48,206,36,3
1,49,206,109,3
1,50,206,27,3
1,51,206,5,3
1,52,206,87,3
1,53,206,101,3
1,54,206,51,3
1,55,206,103,3
1,56,206,9,3
1,57,206,6,3
1,58,206,16,3
1,59,206,93,3
1,60,206,11,3
1,61,206,56,3
1,62,206,14,3
1,63,206,24,3
1,64,206,26,3
1,65,206,85,3
1,66,206,7,3
1,67,206,52,3
1,68,206,1,3
1,69,206,23,3
1,70,206,10,3
1,71,206,28,3
1,72,206,13,3
1,73,206,15,3
1,74,206,29,3
1,75,206,17,3
1,76,206,30,3
1,77,206,64,3
1,78,206,115,3
1,79,206,116,3
1,80,206,123,3
1,81,206,2,3
1,82,206,119,3
1,83,206,120,3
1,84,206,126,3
1,85,206,8,3
1,86,206,117,3
1,87,206,4,3
1,88,206,125,3
1,89,206,25,3
1,90,206,110,3
1,91,206,122,3
1,92,206,129,3
1,93,206,3,3
1,94,206,22,3
1,95,206,128,3
1,96,206,18,3
1,97,206,114,3
1,98,206,20,3
1,99,206,127,3
1,100,206,113,3
1,101,206,112,3
1,102,206,67,3
1,103,206,124,3
1,104,206,62,3
1,105,206,12,3
1,106,206,79,3
1,107,206,21,3
1,108,206,74,3
1,109,206,70,3
1,110,206,73,3
1,111,206,81,3
1,112,206,77,3
1,113,206,78,3
1,114,206,80,3
1,115,206,71,3
1,116,206,72,3
1,117,206,76,3
1,118,206,82,3
1,119,206,61,3
1,120,206,121,3
1,121,206,111,3
1,122,206,69,3
1,123,206,65,3
1,124,206,118,3
1,125,206,63,3
1,126,206,66,3
1,127,206,83,3
1,128,206,75,3
1,129,206,68,3
1,1,207,45,160
1,2,207,54,160
1,3,207,46,160
1,4,207,43,160
1,5,207,39,160
1,6,207,34,160
1,7,207,55,160
1,8,207,60,160
1,9,207,50,160
1,10,207,42,160
1,11,207,41,160
1,12,207,49,160
1,13,207,38,160
1,14,207,32,160
1,15,207,37,160
1,16,207,48,160
1,17,207,40,160
1,18,207,35,160
1,19,207,57,160
1,20,207,89,160
1,21,207,44,160
1,22,207,94,160
1,23,207,98,160
1,24,207,53,160
1,25,207,92,160
1,26,207,84,160
1,27,207,88,160
1,28,207,96,160
1,29,207,105,160
1,30,207,58,160
1,31,207,108,160
1,32,207,106,160
1,33,207,19,160
1,34,207,47,160
1,35,207,107,160
1,36,207,97,160
1,37,207,99,160
1,38,207,95,160
1,39,207,90,160
1,40,207,104,160
1,41,207,102,160
1,42,207,59,160
1,43,207,33,160
1,44,207,86,160
1,45,207,31,160
1,46,207,91,160
1,47,207,100,160
1,48,207,36,160
1,49,207,109,160
1,50,207,27,160
1,51,207,5,160
1,52,207,87,160
1,53,207,101,160
1,54,207,51,160
1,55,207,103,160
1,56,207,9,160
1,57,207,6,160
1,58,207,16,160
1,59,207,93,160
1,60,207,11,160
1,61,207,56,160
1,62,207,14,160
1,63,207,24,160
1,64,207,26,160
1,65,207,85,160
1,66,207,7,160
1,67,207,52,160
1,68,207,1,160
1,69,207,23,160
1,70,207,10,160
1,71,207,28,160
1,72,207,13,160
1,73,207,15,160
1,74,207,29,160
1,75,207,17,160
1,76,207,30,160
1,77,207,64,160
1,78,207,115,160
1,79,207,116,160
1,80,207,123,160
1,81,207,2,160
1,82,207,119,160
1,83,207,120,160
1,84,207,126,160
1,85,207,8,160
1,86,207,117,160
1,87,207,4,160
1,88,207,125,160
1,89,207,25,160
1,90,207,110,160
1,91,207,122,160
1,92,207,129,160
1,93,207,3,160
1,94,207,22,160
1,95,207,128,160
1,96,207,18,160
1,97,207,114,160
1,98,207,20,160
1,99,207,127,160
1,100,207,113,160
1,101,207,112,160
1,102,207,67,160
1,103,207,124,160
1,104,207,62,160
1,105,207,12,160
1,106,207,79,160
1,107,207,21,160
1,108,207,74,160
1,109,207,70,160
1,110,207,73,160
1,111,207,81,160
1,112,207,77,160
1,113,207,78,160
1,114,207,80,160
1,115,207,71,160
1,116,207,72,160
1,117,207,76,160
1,118,207,82,160
1,119,207,61,160
1,120,207,121,160
1,121,207,111,160
1,122,207,69,160
1,123,207,65,160
1,124,207,118,160
1,125,207,63,160
1,126,207,66,160
1,127,207,83,160
1,128,207,75,160
1,129,207,68,160
1,1,208,45,114
1,2,208,54,114
1,3,208,46,114
1,4,208,43,114
1,5,208,39,114
1,6,208,34,114
1,7,208,55,114
1,8,208,60,114
1,9,208,50,114
1,10,208,42,114
1,11,208,41,114
1,12,208,49,114
1,13,208,38,114
1,14,208,32,114
1,15,208,37,114
1,16,208,48,114
1,17,208,40,114
1,18,208,35,114
1,19,208,57,114
1,20,208,89,114
1,21,208,44,114
1,22,208,94,114
1,23,208,98,114
1,24,208,53,114
1,25,208,92,114
1,26,208,84,114
1,27,208,88,114
1,28,208,96,114
1,29,208,105,114
1,30,208,58,114
1,31,208,108,114
1,32,208,106,114
1,33,208,19,114
1,34,208,47,114
1,35,208,107,114
1,36,208,97,114
1,37,208,99,114
1,38,208,95,114
1,39,208,90,114
1,40,208,104,114
1,41,208,102,114
1,42,208,59,114
1,43,208,33,114
1,44,208,86,114
1,45,208,31,114
1,46,208,91,114
1,47,208,100,114
1,48,208,36,114
1,49,208,109,114
1,50,208,27,114
1,51,208,5,114
1,52,208,87,114
1,53,208,101,114
1,54,208,51,114
1,55,208,103,114
1,56,208,9,114
1,57,208,6,114
1,58,208,16,114
1,59,208,93,114
1,60,208,11,114
1,61,208,56,114
1,62,208,14,114
1,63,208,24,114
1,64,208,26,114
1,65,208,85,114
1,66,208,7,114
1,67,208,52,114
1,68,208,1,114
1,69,208,23,114
1,70,208,10,114
1,71,208,28,114
1,72,208,13,114
1,73,208,15,114
1,74,208,29,114
1,75,208,17,114
1,76,208,30,114
1,77,208,64,114
1,78,208,115,114
1,79,208,116,114
1,80,208,123,114
1,81,208,2,114
1,82,208,119,114
1,83,208,120,114
1,84,208,126,114
1,85,208,8,114
1,86,208,117,114
1,87,208,4,114
1,88,208,125,114
1,89,208,25,114
1,90,208,110,114
1,91,208,122,114
1,92,208,129,114
1,93,208,3,114
1,94,208,22,114
1,95,208,128,114
1,96,208,18,114
1,97,208,114,114
1,98,208,20,114
1,99,208,127,114
1,100,208,113,114
1,101,208,112,114
1,102,208,67,114
1,103,208,124,114
1,104,208,62,114
1,105,208,12,114
1,106,208,79,114
1,107,208,21,114
1,108,208,74,114
1,109,208,70,114
1,110,208,73,114
1,111,208,81,114
1,112,208,77,114
1,113,208,78,114
1,114,208,80,114
1,115,208,71,114
1,116,208,72,114
1,117,208,76,114
1,118,208,82,114
1,119,208,61,114
1,120,208,121,114
1,121,208,111,114
1,122,208,69,114
1,123,208,65,114
1,124,208,118,114
1,125,208,63,114
1,126,208,66,114
1,127,208,83,114
1,128,208,75,114
1,129,208,68,114
1,1,209,45,109
1,2,209,54,109
1,3,209,46,109
1,4,209,43,109
1,5,209,39,109
1,6,209,34,109
1,7,209,55,109
1,8,209,60,109
1,9,209,50,109
1,10,209,42,109
1,11,209,41,109
1,12,209,49,109
1,13,209,38,109
1,14,209,32,109
1,15,209,37,109
1,16,209,48,109
1,17,209,40,109
1,18,209,35,109
1,19,209,57,109
1,20,209,89,109
1,21,209,44,109
1,22,209,94,109
1,23,209,98,109
1,24,209,53,109
1,25,209,92,109
1,26,209,84,109
1,27,209,88,109
1,28,209,96,109
1,29,209,105,109
1,30,209,58,109
1,31,209,108,109
1,32,209,106,109
1,33,209,19,109
1,34,209,47,109
1,35,209,107,109
1,36,209,97,109
1,37,209,99,109
1,38,209,95,109
1,39,209,90,109
1,40,209,104,109
1,41,209,102,109
1,42,209,59,109
1,43,209,33,109
1,44,209,86,109
1,45,209,31,109
1,46,209,91,109
1,47,209,100,109
1,48,209,36,109
1,49,209,109,109
1,50,209,27,109
1,51,209,5,109
1,52,209,87,109
1,53,209,101,109
1,54,209,51,109
1,55,209,103,109
1,56,209,9,109
1,57,209,6,109
1,58,209,16,109
1,59,209,93,109
1,60,209,11,109
1,61,209,56,109
1,62,209,14,109
1,63,209,24,109
1,64,209,26,109
1,65,209,85,109
1,66,209,7,109
1,67,209,52,109
1,68,209,1,109
1,69,209,23,109
1,70,209,10,109
1,71,209,28,109
1,72,209,13,109
1,73,209,15,109
1,74,209,29,109
1,75,209,17,109
1,76,209,30,109
1,77,209,64,109
1,78,209,115,109
1,79,209,116,109
1,80,209,123,109
1,81,209,2,109
1,82,209,119,109
1,83,209,120,109
1,84,209,126,109
1,85,209,8,109
1,86,209,117,109
1,87,209,4,109
1,88,209,125,109
1,89,209,25,109
1,90,209,110,109
1,91,209,122,109
1,92,209,129,109
1,93,209,3,109
1,94,209,22,109
1,95,209,128,109
1,96,209,18,109
1,97,209,114,109
1,98,209,20,109
1,99,209,127,109
1,100,209,113,109
1,101,209,112,109
1,102,209,67,109
1,103,209,124,109
1,104,209,62,109
1,105,209,12,109
1,106,209,79,109
1,107,209,21,109
1,108,209,74,109
1,109,209,70,109
1,110,209,73,109
1,111,209,81,109
1,112,209,77,109
1,113,209,78,109
1,114,209,80,109
1,115,209,71,109
1,116,209,72,109
1,117,209,76,109
1,118,209,82,109
1,119,209,61,109
1,120,209,121,109
1,121,209,111,109
1,122,209,69,109
1,123,209,65,109
1,124,209,118,109
1,125,209,63,109
1,126,209,66,109
1,127,209,83,109
1,128,209,75,109
1,129,209,68,109
1,1,210,45,21
1,2,210,54,21
1,3,210,46,21
1,4,210,43,21
1,5,210,39,21
1,6,210,34,21
1,7,210,55,21
1,8,210,60,21
1,9,210,50,21
1,10,210,42,21
1,11,210,41,21
1,12,210,49,21
1,13,210,38,21
1,14,210,32,21
1,15,210,37,21
1,16,210,48,21
1,17,210,40,21
1,18,210,35,21
1,19,210,57,21
1,20,210,89,21
1,21,210,44,21
1,22,210,94,21
1,23,210,98,21
1,24,210,53,21
1,25,210,92,21
1,26,210,84,21
1,27,210,88,21
1,28,210,96,21
1,29,210,105,21
1,30,210,58,21
1,31,210,108,21
1,32,210,106,21
1,33,210,19,21
1,34,210,47,21
1,35,210,107,21
1,36,210,97,21
1,37,210,99,21
1,38,210,95,21
1,39,210,90,21
1,40,210,104,21
1,41,210,102,21
1,42,210,59,21
1,43,210,33,21
1,44,210,86,21
1,45,210,31,21
1,46,210,91,21
1,47,210,100,21
1,48,210,36,21
1,49,210,109,21
1,50,210,27,21
1,51,210,5,21
1,52,210,87,21
1,53,210,101,21
1,54,210,51,21
1,55,210,103,21
1,56,210,9,21
1,57,210,6,21
1,58,210,16,21
1,59,210,93,21
1,60,210,11,21
1,61,210,56,21
1,62,210,14,21
1,63,210,24,21
1,64,210,26,21
1,65,210,85,21
1,66,210,7,21
1,67,210,52,21
1,68,210,1,21
1,69,210,23,21
1,70,210,10,21
1,71,210,28,21
1,72,210,13,21
1,73,210,15,21
1,74,210,29,21
1,75,210,17,21
1,76,210,30,21
1,77,210,64,21
1,78,210,115,21
1,79,210,116,21
1,80,210,123,21
1,81,210,2,21
1,82,210,119,21
1,83,210,120,21
1,84,210,126,21
1,85,210,8,21
1,86,210,117,21
1,87,210,4,21
1,88,210,125,21
1,89,210,25,21
1,90,210,110,21
1,91,210,122,21
1,92,210,129,21
1,93,210,3,21
1,94,210,22,21
1,95,210,128,21
1,96,210,18,21
1,97,210,114,21
1,98,210,20,21
1,99,210,127,21
1,100,210,113,21
1,101,210,112,21
1,102,210,67,21
1,103,210,124,21
1,104,210,62,21
1,105,210,12,21
1,106,210,79,21
1,107,210,21,21
1,108,210,74,21
1,109,210,70,21
1,110,210,73,21
1,111,210,81,21
1,112,210,77,21
1,113,210,78,21
1,114,210,80,21
1,115,210,71,21
1,116,210,72,21
1,117,210,76,21
1,118,210,82,21
1,119,210,61,21
1,120,210,121,21
1,121,210,111,21
1,122,210,69,21
1,123,210,65,21
1,124,210,118,21
1,125,210,63,21
1,126,210,66,21
1,127,210,83,21
1,128,210,75,21
1,129,210,68,21
1,1,211,45,83
1,2,211,54,83
1,3,211,46,83
1,4,211,43,83
1,5,211,39,83
1,6,211,34,83
1,7,211,55,83
1,8,211,60,83
1,9,211,50,83
1,10,211,42,83
1,11,211,41,83
1,12,211,49,83
1,13,211,38,83
1,14,211,32,83
1,15,211,37,83
1,16,211,48,83
1,17,211,40,83
1,18,211,35,83
1,19,211,57,83
1,20,211,89,83
1,21,211,44,83
1,22,211,94,83
1,23,211,98,83
1,24,211,53,83
1,25,211,92,83
1,26,211,84,83
1,27,211,88,83
1,28,211,96,83
1,29,211,105,83
1,30,211,58,83
1,31,211,108,83
1,32,211,106,83
1,33,211,19,83
1,34,211,47,83
1,35,211,107,83
1,36,211,97,83
1,37,211,99,83
1,38,211,95,83
1,39,211,90,83
1,40,211,104,83
1,41,211,102,83
1,42,211,59,83
1,43,211,33,83
1,44,211,86,83
1,45,211,31,83
1,46,211,91,83
1,47,211,100,83
1,48,211,36,83
1,49,211,109,83
1,50,211,27,83
1,51,211,5,83
1,52,211,87,83
1,53,211,101,83
1,54,211,51,83
1,55,211,103,83
1,56,211,9,83
1,57,211,6,83
1,58,211,16,83
1,59,211,93,83
1,60,211,11,83
1,61,211,56,83
1,62,211,14,83
1,63,211,24,83
1,64,211,26,83
1,65,211,85,83
1,66,211,7,83
1,67,211,52,83
1,68,211,1,83
1,69,211,23,83
1,70,211,10,83
1,71,211,28,83
1,72,211,13,83
1,73,211,15,83
1,74,211,29,83
1,75,211,17,83
1,76,211,30,83
1,77,211,64,83
1,78,211,115,83
1,79,211,116,83
1,80,211,123,83
1,81,211,2,83
1,82,211,119,83
1,83,211,120,83
1,84,211,126,83
1,85,211,8,83
1,86,211,117,83
1,87,211,4,83
1,88,211,125,83
1,89,211,25,83
1,90,211,110,83
1,91,211,122,83
1,92,211,129,83
1,93,211,3,83
1,94,211,22,83
1,95,211,128,83
1,96,211,18,83
1,97,211,114,83
1,98,211,20,83
1,99,211,127,83
1,100,211,113,83
1,101,211,112,83
1,102,211,67,83
1,103,211,124,83
1,104,211,62,83
1,105,211,12,83
1,106,211,79,83
1,107,211,21,83
1,108,211,74,83
1,109,211,70,83
1,110,211,73,83
1,111,211,81,83
1,112,211,77,83
1,113,211,78,83
1,114,211,80,83
1,115,211,71,83
1,116,211,72,83
1,117,211,76,83
1,118,211,82,83
1,119,211,61,83
1,120,211,121,83
1,121,211,111,83
1,122,211,69,83
1,123,211,65,83
1,124,211,118,83
1,125,211,63,83
1,126,211,66,83
1,127,211,83,83
1,128,211,75,83
1,129,211,68,83
1,1,212,45,19
1,2,212,54,19
1,3,212,46,19
1,4,212,43,19
1,5,212,39,19
1,6,212,34,19
1,7,212,55,19
1,8,212,60,19
1,9,212,50,19
1,10,212,42,19
1,11,212,41,19
1,12,212,49,19
1,13,212,38,19
1,14,212,32,19
1,15,212,37,19
1,16,212,48,19
1,17,212,40,19
1,18,212,35,19
1,19,212,57,19
1,20,212,89,19
1,21,212,44,19
1,22,212,94,19
1,23,212,98,19
1,24,212,53,19
1,25,212,92,19
1,26,212,84,19
1,27,212,88,19
1,28,212,96,19
1,29,212,105,19
1,30,212,58,19
1,31,212,108,19
1,32,212,106,19
1,33,212,19,19
1,34,212,47,19
1,35,212,107,19
1,36,212,97,19
1,37,212,99,19
1,38,212,95,19
1,39,212,90,19
1,40,212,104,19
1,41,212,102,19
1,42,212,59,19
1,43,212,33,19
1,44,212,86,19
1,45,212,31,19
1,46,212,91,19
1,47,212,100,19
1,48,212,36,19
1,49,212,109,19
1,50,212,27,19
1,51,212,5,19
1,52,212,87,19
1,53,212,101,19
1,54,212,51,19
1,55,212,103,19
1,56,212,9,19
1,57,212,6,19
1,58,212,16,19
1,59,212,93,19
1,60,212,11,19
1,61,212,56,19
1,62,212,14,19
1,63,212,24,19
1,64,212,26,19
1,65,212,85,19
1,66,212,7,19
1,67,212,52,19
1,68,212,1,19
1,69,212,23,19
1,70,212,10,19
1,71,212,28,19
1,72,212,13,19
1,73,212,15,19
1,74,212,29,19
1,75,212,17,19
1,76,212,30,19
1,77,212,64,19
1,78,212,115,19
1,79,212,116,19
1,80,212,123,19
1,81,212,2,19
1,82,212,119,19
1,83,212,120,19
1,84,212,126,19
1,85,212,8,19
1,86,212,117,19
1,87,212,4,19
1,88,212,125,19
1,89,212,25,19
1,90,212,110,19
1,91,212,122,19
1,92,212,129,19
1,93,212,3,19
1,94,212,22,19
1,95,212,128,19
1,96,212,18,19
1,97,212,114,19
1,98,212,20,19
1,99,212,127,19
1,100,212,113,19
1,101,212,112,19
1,102,212,67,19
1,103,212,124,19
1,104,212,62,19
1,105,212,12,19
1,106,212,79,19
1,107,212,21,19
1,108,212,74,19
1,109,212,70,19
1,110,212,73,19
1,111,212,81,19
1,112,212,77,19
1,113,212,78,19
1,114,212,80,19
1,115,212,71,19
1,116,212,72,19
1,117,212,76,19
1,118,212,82,19
1,119,212,61,19
1,120,212,121,19
1,121,212,111,19
1,122,212,69,19
1,123,212,65,19
1,124,212,118,19
1,125,212,63,19
1,126,212,66,19
1,127,212,83,19
1,128,212,75,19
1,129,212,68,19
1,1,213,45,139
1,2,213,54,139
1,3,213,46,139
1,4,213,43,139
1,5,213,39,139
1,6,213,34,139
1,7,213,55,139
1,8,213,60,139
1,9,213,50,139
1,10,213,42,139
1,11,213,41,139
1,12,213,49,139
1,13,213,38,139
1,14,213,32,139
1,15,213,37,139
1,16,213,48,139
1,17,213,40,139
1,18,213,35,139
1,19,213,57,139
1,20,213,89,139
1,21,213,44,139
1,22,213,94,139
1,23,213,98,139
1,24,213,53,139
1,25,213,92,139
1,26,213,84,139
1,27,213,88,139
1,28,213,96,139
1,29,213,105,139
1,30,213,58,139
1,31,213,108,139
1,32,213,106,139
1,33,213,19,139
1,34,213,47,139
1,35,213,107,139
1,36,213,97,139
1,37,213,99,139
1,38,213,95,139
1,39,213,90,139
1,40,213,104,139
1,41,213,102,139
1,42,213,59,139
1,43,213,33,139
1,44,213,86,139
1,45,213,31,139
1,46,213,91,139
1,47,213,100,139
1,48,213,36,139
1,49,213,109,139
1,50,213,27,139
1,51,213,5,139
1,52,213,87,139
1,53,213,101,139
1,54,213,51,139
1,55,213,103,139
1,56,213,9,139
1,57,213,6,139
1,58,213,16,139
1,59,213,93,139
1,60,213,11,139
1,61,213,56,139
1,62,213,14,139
1,63,213,24,139
1,64,213,26,139
1,65,213,85,139
1,66,213,7,139
1,67,213,52,139
1,68,213,1,139
1,69,213,23,139
1,70,213,10,139
1,71,213,28,139
1,72,213,13,139
1,73,213,15,139
1,74,213,29,139
1,75,213,17,139
1,76,213,30,139
1,77,213,64,139
1,78,213,115,139
1,79,213,116,139
1,80,213,123,139
1,81,213,2,139
1,82,213,119,139
1,83,213,120,139
1,84,213,126,139
1,85,213,8,139
1,86,213,117,139
1,87,213,4,139
1,88,213,125,139
1,89,213,25,139
1,90,213,110,139
1,91,213,122,139
1,92,213,129,139
1,93,213,3,139
1,94,213,22,139
1,95,213,128,139
1,96,213,18,139
1,97,213,114,139
1,98,213,20,139
1,99,213,127,139
1,100,213,113,139
1,101,213,112,139
1,102,213,67,139
1,103,213,124,139
1,104,213,62,139
1,105,213,12,139
1,106,213,79,139
1,107,213,21,139
1,108,213,74,139
1,109,213,70,139
1,110,213,73,139
1,111,213,81,139
1,112,213,77,139
1,113,213,78,139
1,114,213,80,139
1,115,213,71,139
1,116,213,72,139
1,117,213,76,139
1,118,213,82,139
1,119,213,61,139
1,120,213,121,139
1,121,213,111,139
1,122,213,69,139
1,123,213,65,139
1,124,213,118,139
1,125,213,63,139
1,126,213,66,139
1,127,213,83,139
1,128,213,75,139
1,129,213,68,139
1,1,214,45,105
1,2,214,54,105
1,3,214,46,105
1,4,214,43,105
1,5,214,39,105
1,6,214,34,105
1,7,214,55,105
1,8,214,60,105
1,9,214,50,105
1,10,214,42,105
1,11,214,41,105
1,12,214,49,105
1,13,214,38,105
1,14,214,32,105
1,15,214,37,105
1,16,214,48,105
1,17,214,40,105
1,18,214,35,105
1,19,214,57,105
1,20,214,89,105
1,21,214,44,105
1,22,214,94,105
1,23,214,98,105
1,24,214,53,105
1,25,214,92,105
1,26,214,84,105
1,27,214,88,105
1,28,214,96,105
1,29,214,105,105
1,30,214,58,105
1,31,214,108,105
1,32,214,106,105
1,33,214,19,105
1,34,214,47,105
1,35,214,107,105
1,36,214,97,105
1,37,214,99,105
1,38,214,95,105
1,39,214,90,105
1,40,214,104,105
1,41,214,102,105
1,42,214,59,105
1,43,214,33,105
1,44,214,86,105
1,45,214,31,105
1,46,214,91,105
1,47,214,100,105
1,48,214,36,105
1,49,214,109,105
1,50,214,27,105
1,51,214,5,105
1,52,214,87,105
1,53,214,101,105
1,54,214,51,105
1,55,214,103,105
1,56,214,9,105
1,57,214,6,105
1,58,214,16,105
1,59,214,93,105
1,60,214,11,105
1,61,214,56,105
1,62,214,14,105
1,63,214,24,105
1,64,214,26,105
1,65,214,85,105
1,66,214,7,105
1,67,214,52,105
1,68,214,1,105
1,69,214,23,105
1,70,214,10,105
1,71,214,28,105
1,72,214,13,105
1,73,214,15,105
1,74,214,29,105
1,75,214,17,105
1,76,214,30,105
1,77,214,64,105
1,78,214,115,105
1,79,214,116,105
1,80,214,123,105
1,81,214,2,105
1,82,214,119,105
1,83,214,120,105
1,84,214,126,105
1,85,214,8,105
1,86,214,117,105
1,87,214,4,105
1,88,214,125,105
1,89,214,25,105
1,90,214,110,105
1,91,214,122,105
1,92,214,129,105
1,93,214,3,105
1,94,214,22,105
1,95,214,128,105
1,96,214,18,105
1,97,214,114,105
1,98,214,20,105
1,99,214,127,105
1,100,214,113,105
1,101,214,112,105
1,102,214,67,105
1,103,214,124,105
1,104,214,62,105
1,105,214,12,105
1,106,214,79,105
1,107,214,21,105
1,108,214,74,105
1,109,214,70,105
1,110,214,73,105
1,111,214,81,105
1,112,214,77,105
1,113,214,78,105
1,114,214,80,105
1,115,214,71,105
1,116,214,72,105
1,117,214,76,105
1,118,214,82,105
1,119,214,61,105
1,120,214,121,105
1,121,214,111,105
1,122,214,69,105
1,123,214,65,105
1,124,214,118,105
1,125,214,63,105
1,126,214,66,105
1,127,214,83,105
1,128,214,75,105
1,129,214,68,105
1,1,215,45,126
1,2,215,54,126
1,3,215,46,126
1,4,215,43,126
1,5,215,39,126
1,6,215,34,126
1,7,215,55,126
1,8,215,60,126
1,9,215,50,126
1,10,215,42,126
1,11,215,41,126
1,12,215,49,126
1,13,215,38,126
1,14,215,32,126
1,15,215,37,126
1,16,215,48,126
1,17,215,40,126
1,18,215,35,126
1,19,215,57,126
1,20,215,89,126
1,21,215,44,126
1,22,215,94,126
1,23,215,98,126
1,24,215,53,126
1,25,215,92,126
1,26,215,84,126
1,27,215,88,126
1,28,215,96,126
1,29,215,105,126
1,30,215,58,126
1,31,215,108,126
1,32,215,106,126
1,33,215,19,126
1,34,215,47,126
1,35,215,107,126
1,36,215,97,126
1,37,215,99,126
1,38,215,95,126
1,39,215,90,126
1,40,215,104,126
1,41,215,102,126
1,42,215,59,126
1,43,215,33,126
1,44,215,86,126
1,45,215,31,126
1,46,215,91,126
1,47,215,100,126
1,48,215,36,126
1,49,215,109,126
1,50,215,27,126
1,51,215,5,126
1,52,215,87,126
1,53,215,101,126
1,54,215,51,126
1,55,215,103,126
1,56,215,9,126
1,57,215,6,126
1,58,215,16,126
1,59,215,93,126
1,60,215,11,126
1,61,215,56,126
1,62,215,14,126
1,63,215,24,126
1,64,215,26,126
1,65,215,85,126
1,66,215,7,126
1,67,215,52,126
1,68,215,1,126
1,69,215,23,126
1,70,215,10,126
1,71,215,28,126
1,72,215,13,126
1,73,215,15,126
1,74,215,29,126
1,75,215,17,126
1,76,215,30,126
1,77,215,64,126
1,78,215,115,126
1,79,215,116,126
1,80,215,123,126
1,81,215,2,126
1,82,215,119,126
1,83,215,120,126
1,84,215,126,126
1,85,215,8,126
1,86,215,117,126
1,87,215,4,126
1,88,215,125,126
1,89,215,25,126
1,90,215,110,126
1,91,215,122,126
1,92,215,129,126
1,93,215,3,126
1,94,215,22,126
1,95,215,128,126
1,96,215,18,126
1,97,215,114,126
1,98,215,20,126
1,99,215,127,126
1,100,215,113,126
1,101,215,112,126
1,102,215,67,126
1,103,215,124,126
1,104,215,62,126
1,105,215,12,126
1,106,215,79,126
1,107,215,21,126
1,108,215,74,126
1,109,215,70,126
1,110,215,73,126
1,111,215,81,126
1,112,215,77,126
1,113,215,78,126
1,114,215,80,126
1,115,215,71,126
1,116,215,72,126
1,117,215,76,126
1,118,215,82,126
1,119,215,61,126
1,120,215,121,126
1,121,215,111,126
1,122,215,69,126
1,123,215,65,126
1,124,215,118,126
1,125,215,63,126
1,126,215,66,126
1,127,215,83,126
1,128,215,75,126
1,129,215,68,126
1,1,216,45,196
1,2,216,54,196
1,3,216,46,196
1,4,216,43,196
1,5,216,39,196
1,6,216,34,196
1,7,216,55,196
1,8,216,60,196
1,9,216,50,196
1,10,216,42,196
1,11,216,41,196
1,12,216,49,196
1,13,216,38,196
1,14,216,32,196
1,15,216,37,196
1,16,216,48,196
1,17,216,40,196
1,18,216,35,196
1,19,216,57,196
1,20,216,89,196
1,21,216,44,196
1,22,216,94,196
1,23,216,98,196
1,24,216,53,196
1,25,216,92,196
1,26,216,84,196
1,27,216,88,196
1,28,216,96,196
1,29,216,105,196
1,30,216,58,196
1,31,216,108,196
1,32,216,106,196
1,33,216,19,196
1,34,216,47,196
1,35,216,107,196
1,36,216,97,196
1,37,216,99,196
1,38,216,95,196
1,39,216,90,196
1,40,216,104,196
1,41,216,102,196
1,42,216,59,196
1,43,216,33,196
1,44,216,86,196
1,45,216,31,196
1,46,216,91,196
1,47,216,100,196
1,48,216,36,196
1,49,216,109,196
1,50,216,27,196
1,51,216,5,196
1,52,216,87,196
1,53,216,101,196
1,54,216,51,196
1,55,216,103,196
1,56,216,9,196
1,57,216,6,196
1,58,216,16,196
1,59,216,93,196
1,60,216,11,196
1,61,216,56,196
1,62,216,14,196
1,63,216,24,196
1,64,216,26,196
1,65,216,85,196
1,66,216,7,196
1,67,216,52,196
1,68,216,1,196
1,69,216,23,196
1,70,216,10,196
1,71,216,28,196
1,72,216,13,196
1,73,216,15,196
1,74,216,29,196
1,75,216,17,196
1,76,216,30,196
1,77,216,64,196
1,78,216,115,196
1,79,216,116,196
1,80,216,123,196
1,81,216,2,196
1,82,216,119,196
1,83,216,120,196
1,84,216,126,196
1,85,216,8,196
1,86,216,117,196
1,87,216,4,196
1,88,216,125,196
1,89,216,25,196
1,90,216,110,196
1,91,216,122,196
1,92,216,129,196
1,93,216,3,196
1,94,216,22,196
1,95,216,128,196
1,96,216,18,196
1,97,216,114,196
1,98,216,20,196
1,99,216,127,196
1,100,216,113,196
1,101,216,112,196
1,102,216,67,196
1,103,216,124,196
1,104,216,62,196
1,105,216,12,196
1,106,216,79,196
1,107,216,21,196
1,108,216,74,196
1,109,216,70,196
1,110,216,73,196
1,111,216,81,196
1,112,216,77,196
1,113,216,78,196
1,114,216,80,196
1,115,216,71,196
1,116,216,72,196
1,117,216,76,196
1,118,216,82,196
1,119,216,61,196
1,120,216,121,196
1,121,216,111,196
1,122,216,69,196
1,123,216,65,196
1,124,216,118,196
1,125,216,63,196
1,126,216,66,196
1,127,216,83,196
1,128,216,75,196
1,129,216,68,196
1,1,217,45,133
1,2,217,54,133
1,3,217,46,133
1,4,217,43,133
1,5,217,39,133
1,6,217,34,133
1,7,217,55,133
1,8,217,60,133
1,9,217,50,133
1,10,217,42,133
1,11,217,41,133
1,12,217,49,133
1,13,217,38,133
1,14,217,32,133
1,15,217,37,133
1,16,217,48,133
1,17,217,40,133
1,18,217,35,133
1,19,217,57,133
1,20,217,89,133
1,21,217,44,133
1,22,217,94,133
1,23,217,98,133
1,24,217,53,133
1,25,217,92,133
1,26,217,84,133
1,27,217,88,133
1,28,217,96,133
1,29,217,105,133
1,30,217,58,133
1,31,217,108,133
1,32,217,106,133
1,33,217,19,133
1,34,217,47,133
1,35,217,107,133
1,36,217,97,133
1,37,217,99,133
1,38,217,95,133
1,39,217,90,133
1,40,217,104,133
1,41,217,102,133
1,42,217,59,133
1,43,217,33,133
1,44,217,86,133
1,45,217,31,133
1,46,217,91,133
1,47,217,100,133
1,48,217,36,133
1,49,217,109,133
1,50,217,27,133
1,51,217,5,133
1,52,217,87,133
1,53,217,101,133
1,54,217,51,133
1,55,217,103,133
1,56,217,9,133
1,57,217,6,133
1,58,217,16,133
1,59,217,93,133
1,60,217,11,133
1,61,217,56,133
1,62,217,14,133
1,63,217,24,133
1,64,217,26,133
1,65,217,85,133
1,66,217,7,133
1,67,217,52,133
1,68,217,1,133
1,69,217,23,133
1,70,217,10,133
1,71,217,28,133
1,72,217,13,133
1,73,217,15,133
1,74,217,29,133
1,75,217,17,133
1,76,217,30,133
1,77,217,64,133
1,78,217,115,133
1,79,217,116,133
1,80,217,123,133
1,81,217,2,133
1,82,217,119,133
1,83,217,120,133
1,84,217,126,133
1,85,217,8,133
1,86,217,117,133
1,87,217,4,133
1,88,217,125,133
1,89,217,25,133
1,90,217,110,133
1,91,217,122,133
1,92,217,129,133
1,93,217,3,133
1,94,217,22,133
1,95,217,128,133
1,96,217,18,133
1,97,217,114,133
1,98,217,20,133
1,99,217,127,133
1,100,217,113,133
1,101,217,112,133
1,102,217,67,133
1,103,217,124,133
1,104,217,62,133
1,105,217,12,133
1,106,217,79,133
1,107,217,21,133
1,108,217,74,133
1,109,217,70,133
1,110,217,73,133
1,111,217,81,133
1,112,217,77,133
1,113,217,78,133
1,114,217,80,133
1,115,217,71,133
1,116,217,72,133
1,117,217,76,133
1,118,217,82,133
1,119,217,61,133
1,120,217,121,133
1,121,217,111,133
1,122,217,69,133
1,123,217,65,133
1,124,217,118,133
1,125,217,63,133
1,126,217,66,133
1,127,217,83,133
1,128,217,75,133
1,129,217,68,133
1,1,218,45,167
1,2,218,54,167
1,3,218,46,167
1,4,218,43,167
1,5,218,39,167
1,6,218,34,167
1,7,218,55,167
1,8,218,60,167
1,9,218,50,167
1,10,218,42,167
1,11,218,41,167
1,12,218,49,167
1,13,218,38,167
1,14,218,32,167
1,15,218,37,167
1,16,218,48,167
1,17,218,40,167
1,18,218,35,167
1,19,218,57,167
1,20,218,89,167
1,21,218,44,167
1,22,218,94,167
1,23,218,98,167
1,24,218,53,167
1,25,218,92,167
1,26,218,84,167
1,27,218,88,167
1,28,218,96,167
1,29,218,105,167
1,30,218,58,167
1,31,218,108,167
1,32,218,106,167
1,33,218,19,167
1,34,218,47,167
1,35,218,107,167
1,36,218,97,167
1,37,218,99,167
1,38,218,95,167
1,39,218,90,167
1,40,218,104,167
1,41,218,102,167
1,42,218,59,167
1,43,218,33,167
1,44,218,86,167
1,45,218,31,167
1,46,218,91,167
1,47,218,100,167
1,48,218,36,167
1,49,218,109,167
1,50,218,27,167
1,51,218,5,167
1,52,218,87,167
1,53,218,101,167
1,54,218,51,167
1,55,218,103,167
1,56,218,9,167
1,57,218,6,167
1,58,218,16,167
1,59,218,93,167
1,60,218,11,167
1,61,218,56,167
1,62,218,14,167
1,63,218,24,167
1,64,218,26,167
1,65,218,85,167
1,66,218,7,167
1,67,218,52,167
1,68,218,1,167
1,69,218,23,167
1,70,218,10,167
1,71,218,28,167
1,72,218,13,167
1,73,218,15,167
1,74,218,29,167
1,75,218,17,167
1,76,218,30,167
1,77,218,64,167
1,78,218,115,167
1,79,218,116,167
1,80,218,123,167
1,81,218,2,167
1,82,218,119,167
1,83,218,120,167
1,84,218,126,167
1,85,218,8,167
1,86,218,117,167
1,87,218,4,167
1,88,218,125,167
1,89,218,25,167
1,90,218,110,167
1,91,218,122,167
1,92,218,129,167
1,93,218,3,167
1,94,218,22,167
1,95,218,128,167
1,96,218,18,167
1,97,218,114,167
1,98,218,20,167
1,99,218,127,167
1,100,218,113,167
1,101,218,112,167
1,102,218,67,167
1,103,218,124,167
1,104,218,62,167
1,105,218,12,167
1,106,218,79,167
1,107,218,21,167
1,108,218,74,167
1,109,218,70,167
1,110,218,73,167
1,111,218,81,167
1,112,218,77,167
1,113,218,78,167
1,114,218,80,167
1,115,218,71,167
1,116,218,72,167
1,117,218,76,167
1,118,218,82,167
1,119,218,61,167
1,120,218,121,167
1,121,218,111,167
1,122,218,69,167
1,123,218,65,167
1,124,218,118,167
1,125,218,63,167
1,126,218,66,167
1,127,218,83,167
1,128,218,75,167
1,129,218,68,167
1,1,219,45,33
1,2,219,54,33
1,3,219,46,33
1,4,219,43,33
1,5,219,39,33
1,6,219,34,33
1,7,219,55,33
1,8,219,60,33
1,9,219,50,33
1,10,219,42,33
1,11,219,41,33
1,12,219,49,33
1,13,219,38,33
1,14,219,32,33
1,15,219,37,33
1,16,219,48,33
1,17,219,40,33
1,18,219,35,33
1,19,219,57,33
1,20,219,89,33
1,21,219,44,33
1,22,219,94,33
1,23,219,98,33
1,24,219,53,33
1,25,219,92,33
1,26,219,84,33
1,27,219,88,33
1,28,219,96,33
1,29,219,105,33
1,30,219,58,33
1,31,219,108,33
1,32,219,106,33
1,33,219,19,33
1,34,219,47,33
1,35,219,107,33
1,36,219,97,33
1,37,219,99,33
1,38,219,95,33
1,39,219,90,33
1,40,219,104,33
1,41,219,102,33
1,42,219,59,33
1,43,219,33,33
1,44,219,86,33
1,45,219,31,33
1,46,219,91,33
1,47,219,100,33
1,48,219,36,33
1,49,219,109,33
1,50,219,27,33
1,51,219,5,33
1,52,219,87,33
1,53,219,101,33
1,54,219,51,33
1,55,219,103,33
1,56,219,9,33
1,57,219,6,33
1,58,219,16,33
1,59,219,93,33
1,60,219,11,33
1,61,219,56,33
1,62,219,14,33
1,63,219,24,33
1,64,219,26,33
1,65,219,85,33
1,66,219,7,33
1,67,219,52,33
1,68,219,1,33
1,69,219,23,33
1,70,219,10,33
1,71,219,28,33
1,72,219,13,33
1,73,219,15,33
1,74,219,29,33
1,75,219,17,33
1,76,219,30,33
1,77,219,64,33
1,78,219,115,33
1,79,219,116,33
1,80,219,123,33
1,81,219,2,33
1,82,219,119,33
1,83,219,120,33
1,84,219,126,33
1,85,219,8,33
1,86,219,117,33
1,87,219,4,33
1,88,219,125,33
1,89,219,25,33
1,90,219,110,33
1,91,219,122,33
1,92,219,129,33
1,93,219,3,33
1,94,219,22,33
1,95,219,128,33
1,96,219,18,33
1,97,219,114,33
1,98,219,20,33
1,99,219,127,33
1,100,219,113,33
1,101,219,112,33
1,102,219,67,33
1,103,219,124,33
1,104,219,62,33
1,105,219,12,33
1,106,219,79,33
1,107,219,21,33
1,108,219,74,33
1,109,219,70,33
1,110,219,73,33
1,111,219,81,33
1,112,219,77,33
1,113,219,78,33
1,114,219,80,33
1,115,219,71,33
1,116,219,72,33
1,117,219,76,33
1,118,219,82,33
1,119,219,61,33
1,120,219,121,33
1,121,219,111,33
1,122,219,69,33
1,123,219,65,33
1,124,219,118,33
1,125,219,63,33
1,126,219,66,33
1,127,219,83,33
1,128,219,75,33
1,129,219,68,33
1,1,220,45,108
1,2,220,54,108
1,3,220,46,108
1,4,220,43,108
1,5,220,39,108
1,6,220,34,108
1,7,220,55,108
1,8,220,60,108
1,9,220,50,108
1,10,220,42,108
1,11,220,41,108
1,12,220,49,108
1,13,220,38,108
1,14,220,32,108
1,15,220,37,108
1,16,220,48,108
1,17,220,40,108
1,18,220,35,108
1,19,220,57,108
1,20,220,89,108
1,21,220,44,108
1,22,220,94,108
1,23,220,98,108
1,24,220,53,108
1,25,220,92,108
1,26,220,84,108
1,27,220,88,108
1,28,220,96,108
1,29,220,105,108
1,30,220,58,108
1,31,220,108,108
1,32,220,106,108
1,33,220,19,108
1,34,220,47,108
1,35,220,107,108
1,36,220,97,108
1,37,220,99,108
1,38,220,95,108
1,39,220,90,108
1,40,220,104,108
1,41,220,102,108
1,42,220,59,108
1,43,220,33,108
1,44,220,86,108
1,45,220,31,108
1,46,220,91,108
1,47,220,100,108
1,48,220,36,108
1,49,220,109,108
1,50,220,27,108
1,51,220,5,108
1,52,220,87,108
1,53,220,101,108
1,54,220,51,108
1,55,220,103,108
1,56,220,9,108
1,57,220,6,108
1,58,220,16,108
1,59,220,93,108
1,60,220,11,108
1,61,220,56,108
1,62,220,14,108
1,63,220,24,108
1,64,220,26,108
1,65,220,85,108
1,66,220,7,108
1,67,220,52,108
1,68,220,1,108
1,69,220,23,108
1,70,220,10,108
1,71,220,28,108
1,72,220,13,108
1,73,220,15,108
1,74,220,29,108
1,75,220,17,108
1,76,220,30,108
1,77,220,64,108
1,78,220,115,108
1,79,220,116,108
1,80,220,123,108
1,81,220,2,108
1,82,220,119,108
1,83,220,120,108
1,84,220,126,108
1,85,220,8,108
1,86,220,117,108
1,87,220,4,108
1,88,220,125,108
1,89,220,25,108
1,90,220,110,108
1,91,220,122,108
1,92,220,129,108
1,93,220,3,108
1,94,220,22,108
1,95,220,128,108
1,96,220,18,108
1,97,220,114,108
1,98,220,20,108
1,99,220,127,108
1,100,220,113,108
1,101,220,112,108
1,102,220,67,108
1,103,220,124,108
1,104,220,62,108
1,105,220,12,108
1,106,220,79,108
1,107,220,21,108
1,108,220,74,108
1,109,220,70,108
1,110,220,73,108
1,111,220,81,108
1,112,220,77,108
1,113,220,78,108
1,114,220,80,108
1,115,220,71,108
1,116,220,72,108
1,117,220,76,108
1,118,220,82,108
1,119,220,61,108
1,120,220,121,108
1,121,220,111,108
1,122,220,69,108
1,123,220,65,108
1,124,220,118,108
1,125,220,63,108
1,126,220,66,108
1,127,220,83,108
1,128,220,75,108
1,129,220,68,108
1,1,221,45,151
1,2,221,54,151
1,3,221,46,151
1,4,221,43,151
1,5,221,39,151
1,6,221,34,151
1,7,221,55,151
1,8,221,60,151
1,9,221,50,151
1,10,221,42,151
1,11,221,41,151
1,12,221,49,151
1,13,221,38,151
1,14,221,32,151
1,15,221,37,151
1,16,221,48,151
1,17,221,40,151
1,18,221,35,151
1,19,221,57,151
1,20,221,89,151
1,21,221,44,151
1,22,221,94,151
1,23,221,98,151
1,24,221,53,151
1,25,221,92,151
1,26,221,84,151
1,27,221,88,151
1,28,221,96,151
1,29,221,105,151
1,30,221,58,151
1,31,221,108,151
1,32,221,106,151
1,33,221,19,151
1,34,221,47,151
1,35,221,107,151
1,36,221,97,151
1,37,221,99,151
1,38,221,95,151
1,39,221,90,151
1,40,221,104,151
1,41,221,102,151
1,42,221,59,151
1,43,221,33,151
1,44,221,86,151
1,45,221,31,151
1,46,221,91,151
1,47,221,100,151
1,48,221,36,151
1,49,221,109,151
1,50,221,27,151
1,51,221,5,151
1,52,221,87,151
1,53,221,101,151
1,54,221,51,151
1,55,221,103,151
1,56,221,9,151
1,57,221,6,151
1,58,221,16,151
1,59,221,93,151
1,60,221,11,151
1,61,221,56,151
1,62,221,14,151
1,63,221,24,151
1,64,221,26,151
1,65,221,85,151
1,66,221,7,151
1,67,221,52,151
1,68,221,1,151
1,69,221,23,151
1,70,221,10,151
1,71,221,28,151
1,72,221,13,151
1,73,221,15,151
1,74,221,29,151
1,75,221,17,151
1,76,221,30,151
1,77,221,64,151
1,78,221,115,151
1,79,221,116,151
1,80,221,123,151
1,81,221,2,151
1,82,221,119,151
1,83,221,120,151
1,84,221,126,151
1,85,221,8,151
1,86,221,117,151
1,87,221,4,151
1,88,221,125,151
1,89,221,25,151
1,90,221,110,151
1,91,221,122,151
1,92,221,129,151
1,93,221,3,151
1,94,221,22,151
1,95,221,128,151
1,96,221,18,151
1,97,221,114,151
1,98,221,20,151
1,99,221,127,151
1,100,221,113,151
1,101,221,112,151
1,102,221,67,151
1,103,221,124,151
1,104,221,62,151
1,105,221,12,151
1,106,221,79,151
1,107,221,21,151
1,108,221,74,151
1,109,221,70,151
1,110,221,73,151
1,111,221,81,151
1,112,221,77,151
1,113,221,78,151
1,114,221,80,151
1,115,221,71,151
1,116,221,72,151
1,117,221,76,151
1,118,221,82,151
1,119,221,61,151
1,120,221,121,151
1,121,221,111,151
1,122,221,69,151
1,123,221,65,151
1,124,221,118,151
1,125,221,63,151
1,126,221,66,151
1,127,221,83,151
1,128,221,75,151
1,129,221,68,151
1,1,222,45,7
1,2,222,54,7
1,3,222,46,7
1,4,222,43,7
1,5,222,39,7
1,6,222,34,7
1,7,222,55,7
1,8,222,60,7
1,9,222,50,7
1,10,222,42,7
1,11,222,41,7
1,12,222,49,7
1,13,222,38,7
1,14,222,32,7
1,15,222,37,7
1,16,222,48,7
1,17,222,40,7
1,18,222,35,7
1,19,222,57,7
1,20,222,89,7
1,21,222,44,7
1,22,222,94,7
1,23,222,98,7
1,24,222,53,7
1,25,222,92,7
1,26,222,84,7
1,27,222,88,7
1,28,222,96,7
1,29,222,105,7
1,30,222,58,7
1,31,222,108,7
1,32,222,106,7
1,33,222,19,7
1,34,222,47,7
1,35,222,107,7
1,36,222,97,7
1,37,222,99,7
1,38,222,95,7
1,39,222,90,7
1,40,222,104,7
1,41,222,102,7
1,42,222,59,7
1,43,222,33,7
1,44,222,86,7
1,45,222,31,7
1,46,222,91,7
1,47,222,100,7
1,48,222,36,7
1,49,222,109,7
1,50,222,27,7
1,51,222,5,7
1,52,222,87,7
1,53,222,101,7
1,54,222,51,7
1,55,222,103,7
1,56,222,9,7
1,57,222,6,7
1,58,222,16,7
1,59,222,93,7
1,60,222,11,7
1,61,222,56,7
1,62,222,14,7
1,63,222,24,7
1,64,222,26,7
1,65,222,85,7
1,66,222,7,7
1,67,222,52,7
1,68,222,1,7
1,69,222,23,7
1,70,222,10,7
1,71,222,28,7
1,72,222,13,7
1,73,222,15,7
1,74,222,29,7
1,75,222,17,7
1,76,222,30,7
1,77,222,64,7
1,78,222,115,7
1,79,222,116,7
1,80,222,123,7
1,81,222,2,7
1,82,222,119,7
1,83,222,120,7
1,84,222,126,7
1,85,222,8,7
1,86,222,117,7
1,87,222,4,7
1,88,222,125,7
1,89,222,25,7
1,90,222,110,7
1,91,222,122,7
1,92,222,129,7
1,93,222,3,7
1,94,222,22,7
1,95,222,128,7
1,96,222,18,7
1,97,222,114,7
1,98,222,20,7
1,99,222,127,7
1,100,222,113,7
1,101,222,112,7
1,102,222,67,7
1,103,222,124,7
1,104,222,62,7
1,105,222,12,7
1,106,222,79,7
1,107,222,21,7
1,108,222,74,7
1,109,222,70,7
1,110,222,73,7
1,111,222,81,7
1,112,222,77,7
1,113,222,78,7
1,114,222,80,7
1,115,222,71,7
1,116,222,72,7
1,117,222,76,7
1,118,222,82,7
1,119,222,61,7
1,120,222,121,7
1,121,222,111,7
1,122,222,69,7
1,123,222,65,7
1,124,222,118,7
1,125,222,63,7
1,126,222,66,7
1,127,222,83,7
1,128,222,75,7
1,129,222,68,7
1,1,223,45,215
1,2,223,54,215
1,3,223,46,215
1,4,223,43,215
1,5,223,39,215
1,6,223,34,215
1,7,223,55,215
1,8,223,60,215
1,9,223,50,215
1,10,223,42,215
1,11,223,41,215
1,12,223,49,215
1,13,223,38,215
1,14,223,32,215
1,15,223,37,215
1,16,223,48,215
1,17,223,40,215
1,18,223,35,215
1,19,223,57,215
1,20,223,89,215
1,21,223,44,215
1,22,223,94,215
1,23,223,98,215
1,24,223,53,215
1,25,223,92,215
1,26,223,84,215
1,27,223,88,215
1,28,223,96,215
1,29,223,105,215
1,30,223,58,215
1,31,223,108,215
1,32,223,106,215
1,33,223,19,215
1,34,223,47,215
1,35,223,107,215
1,36,223,97,215
1,37,223,99,215
1,38,223,95,215
1,39,223,90,215
1,40,223,104,215
1,41,223,102,215
1,42,223,59,215
1,43,223,33,215
1,44,223,86,215
1,45,223,31,215
1,46,223,91,215
1,47,223,100,215
1,48,223,36,215
1,49,223,109,215
1,50,223,27,215
1,51,223,5,215
1,52,223,87,215
1,53,223,101,215
1,54,223,51,215
1,55,223,103,215
1,56,223,9,215
1,57,223,6,215
1,58,223,16,215
1,59,223,93,215
1,60,223,11,215
1,61,223,56,215
1,62,223,14,215
1,63,223,24,215
1,64,223,26,215
1,65,223,85,215
1,66,223,7,215
1,67,223,52,215
1,68,223,1,215
1,69,223,23,215
1,70,223,10,215
1,71,223,28,215
1,72,223,13,215
1,73,223,15,215
1,74,223,29,215
1,75,223,17,215
1,76,223,30,215
1,77,223,64,215
1,78,223,115,215
1,79,223,116,215
1,80,223,123,215
1,81,223,2,215
1,82,223,119,215
1,83,223,120,215
1,84,223,126,215
1,85,223,8,215
1,86,223,117,215
1,87,223,4,215
1,88,223,125,215
1,89,223,25,215
1,90,223,110,215
1,91,223,122,215
1,92,223,129,215
1,93,223,3,215
1,94,223,22,215
1,95,223,128,215
1,96,223,18,215
1,97,223,114,215
1,98,223,20,215
1,99,223,127,215
1,100,223,113,215
1,101,223,112,215
1,102,223,67,215
1,103,223,124,215
1,104,223,62,215
1,105,223,12,215
1,106,223,79,215
1,107,223,21,215
1,108,223,74,215
1,109,223,70,215
1,110,223,73,215
1,111,223,81,215
1,112,223,77,215
1,113,223,78,215
1,114,223,80,215
1,115,223,71,215
1,116,223,72,215
1,117,223,76,215
1,118,223,82,215
1,119,223,61,215
1,120,223,121,215
1,121,223,111,215
1,122,223,69,215
1,123,223,65,215
1,124,223,118,215
1,125,223,63,215
1,126,223,66,215
1,127,223,83,215
1,128,223,75,215
1,129,223,68,215
1,1,224,45,44
1,2,224,54,44
1,3,224,46,44
1,4,224,43,44
1,5,224,39,44
1,6,224,34,44
1,7,224,55,44
1,8,224,60,44
1,9,224,50,44
1,10,224,42,44
1,11,224,41,44
1,12,224,49,44
1,13,224,38,44
1,14,224,32,44
1,15,224,37,44
1,16,224,48,44
1,17,224,40,44
1,18,224,35,44
1,19,224,57,44
1,20,224,89,44
1,21,224,44,44
1,22,224,94,44
1,23,224,98,44
1,24,224,53,44
1,25,224,92,44
1,26,224,84,44
1,27,224,88,44
1,28,224,96,44
1,29,224,105,44
1,30,224,58,44
1,31,224,108,44
1,32,224,106,44
1,33,224,19,44
1,34,224,47,44
1,35,224,107,44
1,36,224,97,44
1,37,224,99,44
1,38,224,95,44
1,39,224,90,44
1,40,224,104,44
1,41,224,102,44
1,42,224,59,44
1,43,224,33,44
1,44,224,86,44
1,45,224,31,44
1,46,224,91,44
1,47,224,100,44
1,48,224,36,44
1,49,224,109,44
1,50,224,27,44
1,51,224,5,44
1,52,224,87,44
1,53,224,101,44
1,54,224,51,44
1,55,224,103,44
1,56,224,9,44
1,57,224,6,44
1,58,224,16,44
1,59,224,93,44
1,60,224,11,44
1,61,224,56,44
1,62,224,14,44
1,63,224,24,44
1,64,224,26,44
1,65,224,85,44
1,66,224,7,44
1,67,224,52,44
1,68,224,1,44
1,69,224,23,44
1,70,224,10,44
1,71,224,28,44
1,72,224,13,44
1,73,224,15,44
1,74,224,29,44
1,75,224,17,44
1,76,224,30,44
1,77,224,64,44
1,78,224,115,44
1,79,224,116,44
1,80,224,123,44
1,81,224,2,44
1,82,224,119,44
1,83,224,120,44
1,84,224,126,44
1,85,224,8,44
1,86,224,117,44
1,87,224,4,44
1,88,224,125,44
1,89,224,25,44
1,90,224,110,44
1,91,224,122,44
1,92,224,129,44
1,93,224,3,44
1,94,224,22,44
1,95,224,128,44
1,96,224,18,44
1,97,224,114,44
1,98,224,20,44
1,99,224,127,44
1,100,224,113,44
1,101,224,112,44
1,102,224,67,44
1,103,224,124,44
1,104,224,62,44
1,105,224,12,44
1,106,224,79,44
1,107,224,21,44
1,108,224,74,44
1,109,224,70,44
1,110,224,73,44
1,111,224,81,44
1,112,224,77,44
1,113,224,78,44
1,114,224,80,44
1,115,224,71,44
1,116,224,72,44
1,117,224,76,44
1,118,224,82,44
1,119,224,61,44
1,120,224,121,44
1,121,224,111,44
1,122,224,69,44
1,123,224,65,44
1,124,224,118,44
1,125,224,63,44
1,126,224,66,44
1,127,224,83,44
1,128,224,75,44
1,129,224,68,44
1,1,225,45,4
1,2,225,54,4
1,3,225,46,4
1,4,225,43,4
1,5,225,39,4
1,6,225,34,4
1,7,225,55,4
1,8,225,60,4
1,9,225,50,4
1,10,225,42,4
1,11,225,41,4
1,12,225,49,4
1,13,225,38,4
1,14,225,32,4
1,15,225,37,4
1,16,225,48,4
1,17,225,40,4
1,18,225,35,4
1,19,225,57,4
1,20,225,89,4
1,21,225,44,4
1,22,225,94,4
1,23,225,98,4
1,24,225,53,4
1,25,225,92,4
1,26,225,84,4
1,27,225,88,4
1,28,225,96,4
1,29,225,105,4
1,30,225,58,4
1,31,225,108,4
1,32,225,106,4
1,33,225,19,4
1,34,225,47,4
1,35,225,107,4
1,36,225,97,4
1,37,225,99,4
1,38,225,95,4
1,39,225,90,4
1,40,225,104,4
1,41,225,102,4
1,42,225,59,4
1,43,225,33,4
1,44,225,86,4
1,45,225,31,4
1,46,225,91,4
1,47,225,100,4
1,48,225,36,4
1,49,225,109,4
1,50,225,27,4
1,51,225,5,4
1,52,225,87,4
1,53,225,101,4
1,54,225,51,4
1,55,225,103,4
1,56,225,9,4
1,57,225,6,4
1,58,225,16,4
1,59,225,93,4
1,60,225,11,4
1,61,225,56,4
1,62,225,14,4
1,63,225,24,4
1,64,225,26,4
1,65,225,85,4
1,66,225,7,4
1,67,225,52,4
1,68,225,1,4
1,69,225,23,4
1,70,225,10,4
1,71,225,28,4
1,72,225,13,4
1,73,225,15,4
1,74,225,29,4
1,75,225,17,4
1,76,225,30,4
1,77,225,64,4
1,78,225,115,4
1,79,225,116,4
1,80,225,123,4
1,81,225,2,4
1,82,225,119,4
1,83,225,120,4
1,84,225,126,4
1,85,225,8,4
1,86,225,117,4
1,87,225,4,4
1,88,225,125,4
1,89,225,25,4
1,90,225,110,4
1,91,225,122,4
1,92,225,129,4
1,93,225,3,4
1,94,225,22,4
1,95,225,128,4
1,96,225,18,4
1,97,225,114,4
1,98,225,20,4
1,99,225,127,4
1,100,225,113,4
1,101,225,112,4
1,102,225,67,4
1,103,225,124,4
1,104,225,62,4
1,105,225,12,4
1,106,225,79,4
1,107,225,21,4
1,108,225,74,4
1,109,225,70,4
1,110,225,73,4
1,111,225,81,4
1,112,225,77,4
1,113,225,78,4
1,114,225,80,4
1,115,225,71,4
1,116,225,72,4
1,117,225,76,4
1,118,225,82,4
1,119,225,61,4
1,120,225,121,4
1,121,225,111,4
1,122,225,69,4
1,123,225,65,4
1,124,225,118,4
1,125,225,63,4
1,126,225,66,4
1,127,225,83,4
1,128,225,75,4
1,129,225,68,4
