label,row_new,col_new,row_orig,col_orig
14,1,1,66,65
14,2,1,63,65
14,3,1,68,65
14,4,1,71,65
1,5,1,82,65
1,6,1,61,65
1,7,1,76,65
1,8,1,73,65
1,9,1,69,65
1,10,1,80,65
1,11,1,77,65
1,12,1,74,65
1,13,1,78,65
1,14,1,79,65
1,15,1,67,65
1,16,1,83,65
1,17,1,85,65
1,18,1,72,65
1,19,1,95,65
1,20,1,64,65
1,21,1,101,65
1,22,1,97,65
1,23,1,100,65
1,24,1,90,65
1,25,1,88,65
1,26,1,86,65
1,27,1,107,65
1,28,1,87,65
1,29,1,93,65
1,30,1,103,65
1,31,1,109,65
1,32,1,75,65
1,33,1,99,65
1,34,1,102,65
1,35,1,89,65
1,36,1,98,65
1,37,1,105,65
1,38,1,84,65
1,39,1,108,65
1,40,1,96,65
1,41,1,123,65
1,42,1,106,65
1,43,1,91,65
1,44,1,117,65
1,45,1,65,65
1,46,1,92,65
1,47,1,94,65
1,48,1,120,65
1,49,1,104,65
1,50,1,125,65
1,51,1,127,65
1,52,1,129,65
1,53,1,110,65
1,54,1,112,65
1,55,1,70,65
1,56,1,116,65
1,57,1,121,65
1,58,1,118,65
1,59,1,111,65
1,60,1,113,65
1,61,1,124,65
1,62,1,62,65
1,63,1,81,65
1,64,1,126,65
1,65,1,128,65
1,66,1,122,65
1,67,1,115,65
1,68,1,119,65
1,69,1,114,65
1,70,1,21,65
1,71,1,20,65
1,72,1,2,65
1,73,1,22,65
1,74,1,12,65
1,75,1,8,65
1,76,1,27,65
1,77,1,3,65
1,78,1,16,65
1,79,1,6,65
1,80,1,19,65
1,81,1,26,65
1,82,1,4,65
1,83,1,9,65
1,84,1,13,65
1,85,1,10,65
1,86,1,52,65
1,87,1,30,65
1,88,1,18,65
1,89,1,25,65
1,90,1,29,65
1,91,1,5,65
1,92,1,17,65
1,93,1,28,65
1,94,1,33,65
1,95,1,59,65
1,96,1,15,65
1,97,1,14,65
1,98,1,23,65
1,99,1,24,65
1,100,1,11,65
1,101,1,1,65
1,102,1,7,65
1,103,1,44,65
1,104,1,32,65
1,105,1,51,65
1,106,1,56,65
1,107,1,36,65
1,108,1,40,65
1,109,1,38,65
1,110,1,37,65
1,111,1,42,65
1,112,1,35,65
1,113,1,43,65
1,114,1,60,65
1,115,1,58,65
1,116,1,41,65
1,117,1,53,65
1,118,1,54,65
1,119,1,46,65
1,120,1,55,65
1,121,1,39,65
1,122,1,31,65
1,123,1,49,65
1,124,1,47,65
1,125,1,50,65
1,126,1,45,65
1,127,1,48,65
1,128,1,34,65
1,129,1,57,65
14,1,2,66,98
14,2,2,63,98
14,3,2,68,98
14,4,2,71,98
1,5,2,82,98
1,6,2,61,98
1,7,2,76,98
1,8,2,73,98
1,9,2,69,98
1,10,2,80,98
1,11,2,77,98
1,12,2,74,98
1,13,2,78,98
1,14,2,79,98
1,15,2,67,98
1,16,2,83,98
1,17,2,85,98
1,18,2,72,98
1,19,2,95,98
1,20,2,64,98
1,21,2,101,98
1,22,2,97,98
1,23,2,100,98
1,24,2,90,98
1,25,2,88,98
1,26,2,86,98
1,27,2,107,98
1,28,2,87,98
1,29,2,93,98
1,30,2,103,98
1,31,2,109,98
1,32,2,75,98
1,33,2,99,98
1,34,2,102,98
1,35,2,89,98
1,36,2,98,98
1,37,2,105,98
1,38,2,84,98
1,39,2,108,98
1,40,2,96,98
1,41,2,123,98
1,42,2,106,98
1,43,2,91,98
1,44,2,117,98
1,45,2,65,98
1,46,2,92,98
1,47,2,94,98
1,48,2,120,98
1,49,2,104,98
1,50,2,125,98
1,51,2,127,98
1,52,2,129,98
1,53,2,110,98
1,54,2,112,98
1,55,2,70,98
1,56,2,116,98
1,57,2,121,98
1,58,2,118,98
1,59,2,111,98
1,60,2,113,98
1,61,2,124,98
1,62,2,62,98
1,63,2,81,98
1,64,2,126,98
1,65,2,128,98
1,66,2,122,98
1,67,2,115,98
1,68,2,119,98
1,69,2,114,98
1,70,2,21,98
1,71,2,20,98
1,72,2,2,98
1,73,2,22,98
1,74,2,12,98
1,75,2,8,98
1,76,2,27,98
1,77,2,3,98
1,78,2,16,98
1,79,2,6,98
1,80,2,19,98
1,81,2,26,98
1,82,2,4,98
1,83,2,9,98
1,84,2,13,98
1,85,2,10,98
1,86,2,52,98
1,87,2,30,98
1,88,2,18,98
1,89,2,25,98
1,90,2,29,98
1,91,2,5,98
1,92,2,17,98
1,93,2,28,98
1,94,2,33,98
1,95,2,59,98
1,96,2,15,98
1,97,2,14,98
1,98,2,23,98
1,99,2,24,98
1,100,2,11,98
1,101,2,1,98
1,102,2,7,98
1,103,2,44,98
1,104,2,32,98
1,105,2,51,98
1,106,2,56,98
1,107,2,36,98
1,108,2,40,98
1,109,2,38,98
1,110,2,37,98
1,111,2,42,98
1,112,2,35,98
1,113,2,43,98
1,114,2,60,98
1,115,2,58,98
1,116,2,41,98
1,117,2,53,98
1,118,2,54,98
1,119,2,46,98
1,120,2,55,98
1,121,2,39,98
1,122,2,31,98
1,123,2,49,98
1,124,2,47,98
1,125,2,50,98
1,126,2,45,98
1,127,2,48,98
1,128,2,34,98
1,129,2,57,98
14,1,3,66,87
14,2,3,63,87
14,3,3,68,87
14,4,3,71,87
24,5,3,82,87
24,6,3,61,87
24,7,3,76,87
24,8,3,73,87
24,9,3,69,87
1,10,3,80,87
1,11,3,77,87
1,12,3,74,87
1,13,3,78,87
1,14,3,79,87
1,15,3,67,87
1,16,3,83,87
1,17,3,85,87
1,18,3,72,87
1,19,3,95,87
1,20,3,64,87
1,21,3,101,87
1,22,3,97,87
1,23,3,100,87
1,24,3,90,87
1,25,3,88,87
1,26,3,86,87
1,27,3,107,87
1,28,3,87,87
1,29,3,93,87
1,30,3,103,87
1,31,3,109,87
1,32,3,75,87
1,33,3,99,87
1,34,3,102,87
1,35,3,89,87
1,36,3,98,87
1,37,3,105,87
1,38,3,84,87
1,39,3,108,87
1,40,3,96,87
1,41,3,123,87
1,42,3,106,87
1,43,3,91,87
1,44,3,117,87
1,45,3,65,87
1,46,3,92,87
1,47,3,94,87
1,48,3,120,87
1,49,3,104,87
1,50,3,125,87
1,51,3,127,87
1,52,3,129,87
1,53,3,110,87
1,54,3,112,87
1,55,3,70,87
1,56,3,116,87
1,57,3,121,87
1,58,3,118,87
1,59,3,111,87
1,60,3,113,87
1,61,3,124,87
1,62,3,62,87
1,63,3,81,87
1,64,3,126,87
1,65,3,128,87
1,66,3,122,87
1,67,3,115,87
1,68,3,119,87
1,69,3,114,87
1,70,3,21,87
1,71,3,20,87
1,72,3,2,87
1,73,3,22,87
1,74,3,12,87
1,75,3,8,87
1,76,3,27,87
1,77,3,3,87
1,78,3,16,87
1,79,3,6,87
1,80,3,19,87
1,81,3,26,87
1,82,3,4,87
1,83,3,9,87
1,84,3,13,87
1,85,3,10,87
1,86,3,52,87
1,87,3,30,87
1,88,3,18,87
1,89,3,25,87
1,90,3,29,87
1,91,3,5,87
1,92,3,17,87
1,93,3,28,87
1,94,3,33,87
1,95,3,59,87
1,96,3,15,87
1,97,3,14,87
1,98,3,23,87
1,99,3,24,87
1,100,3,11,87
1,101,3,1,87
1,102,3,7,87
1,103,3,44,87
1,104,3,32,87
1,105,3,51,87
1,106,3,56,87
1,107,3,36,87
1,108,3,40,87
1,109,3,38,87
1,110,3,37,87
1,111,3,42,87
1,112,3,35,87
1,113,3,43,87
1,114,3,60,87
1,115,3,58,87
1,116,3,41,87
1,117,3,53,87
1,118,3,54,87
1,119,3,46,87
1,120,3,55,87
1,121,3,39,87
1,122,3,31,87
1,123,3,49,87
1,124,3,47,87
1,125,3,50,87
1,126,3,45,87
1,127,3,48,87
1,128,3,34,87
1,129,3,57,87
14,1,4,66,40
14,2,4,63,40
14,3,4,68,40
14,4,4,71,40
24,5,4,82,40
24,6,4,61,40
24,7,4,76,40
24,8,4,73,40
24,9,4,69,40
1,10,4,80,40
1,11,4,77,40
1,12,4,74,40
1,13,4,78,40
1,14,4,79,40
1,15,4,67,40
1,16,4,83,40
1,17,4,85,40
1,18,4,72,40
1,19,4,95,40
1,20,4,64,40
1,21,4,101,40
1,22,4,97,40
1,23,4,100,40
1,24,4,90,40
1,25,4,88,40
1,26,4,86,40
1,27,4,107,40
1,28,4,87,40
1,29,4,93,40
1,30,4,103,40
1,31,4,109,40
1,32,4,75,40
1,33,4,99,40
1,34,4,102,40
1,35,4,89,40
1,36,4,98,40
1,37,4,105,40
1,38,4,84,40
1,39,4,108,40
1,40,4,96,40
1,41,4,123,40
1,42,4,106,40
1,43,4,91,40
1,44,4,117,40
1,45,4,65,40
1,46,4,92,40
1,47,4,94,40
1,48,4,120,40
1,49,4,104,40
1,50,4,125,40
1,51,4,127,40
1,52,4,129,40
1,53,4,110,40
1,54,4,112,40
1,55,4,70,40
1,56,4,116,40
1,57,4,121,40
1,58,4,118,40
1,59,4,111,40
1,60,4,113,40
1,61,4,124,40
1,62,4,62,40
1,63,4,81,40
1,64,4,126,40
1,65,4,128,40
1,66,4,122,40
1,67,4,115,40
1,68,4,119,40
1,69,4,114,40
1,70,4,21,40
1,71,4,20,40
1,72,4,2,40
1,73,4,22,40
1,74,4,12,40
1,75,4,8,40
1,76,4,27,40
1,77,4,3,40
1,78,4,16,40
1,79,4,6,40
1,80,4,19,40
1,81,4,26,40
1,82,4,4,40
1,83,4,9,40
1,84,4,13,40
1,85,4,10,40
1,86,4,52,40
1,87,4,30,40
1,88,4,18,40
1,89,4,25,40
1,90,4,29,40
1,91,4,5,40
1,92,4,17,40
1,93,4,28,40
1,94,4,33,40
1,95,4,59,40
1,96,4,15,40
1,97,4,14,40
1,98,4,23,40
1,99,4,24,40
1,100,4,11,40
1,101,4,1,40
1,102,4,7,40
1,103,4,44,40
1,104,4,32,40
1,105,4,51,40
1,106,4,56,40
1,107,4,36,40
1,108,4,40,40
1,109,4,38,40
1,110,4,37,40
1,111,4,42,40
1,112,4,35,40
1,113,4,43,40
1,114,4,60,40
1,115,4,58,40
1,116,4,41,40
1,117,4,53,40
1,118,4,54,40
1,119,4,46,40
1,120,4,55,40
1,121,4,39,40
1,122,4,31,40
1,123,4,49,40
1,124,4,47,40
1,125,4,50,40
1,126,4,45,40
1,127,4,48,40
1,128,4,34,40
1,129,4,57,40
14,1,5,66,125
14,2,5,63,125
14,3,5,68,125
14,4,5,71,125
24,5,5,82,125
24,6,5,61,125
24,7,5,76,125
24,8,5,73,125
24,9,5,69,125
1,10,5,80,125
1,11,5,77,125
1,12,5,74,125
1,13,5,78,125
1,14,5,79,125
1,15,5,67,125
1,16,5,83,125
1,17,5,85,125
1,18,5,72,125
1,19,5,95,125
1,20,5,64,125
1,21,5,101,125
1,22,5,97,125
1,23,5,100,125
1,24,5,90,125
1,25,5,88,125
1,26,5,86,125
1,27,5,107,125
1,28,5,87,125
1,29,5,93,125
1,30,5,103,125
1,31,5,109,125
1,32,5,75,125
1,33,5,99,125
1,34,5,102,125
1,35,5,89,125
1,36,5,98,125
1,37,5,105,125
1,38,5,84,125
1,39,5,108,125
1,40,5,96,125
1,41,5,123,125
1,42,5,106,125
1,43,5,91,125
1,44,5,117,125
1,45,5,65,125
1,46,5,92,125
1,47,5,94,125
1,48,5,120,125
1,49,5,104,125
1,50,5,125,125
1,51,5,127,125
1,52,5,129,125
1,53,5,110,125
1,54,5,112,125
1,55,5,70,125
1,56,5,116,125
1,57,5,121,125
1,58,5,118,125
1,59,5,111,125
1,60,5,113,125
1,61,5,124,125
1,62,5,62,125
1,63,5,81,125
1,64,5,126,125
1,65,5,128,125
1,66,5,122,125
1,67,5,115,125
1,68,5,119,125
1,69,5,114,125
1,70,5,21,125
1,71,5,20,125
1,72,5,2,125
1,73,5,22,125
1,74,5,12,125
1,75,5,8,125
1,76,5,27,125
1,77,5,3,125
1,78,5,16,125
1,79,5,6,125
1,80,5,19,125
1,81,5,26,125
1,82,5,4,125
1,83,5,9,125
1,84,5,13,125
1,85,5,10,125
1,86,5,52,125
1,87,5,30,125
1,88,5,18,125
1,89,5,25,125
1,90,5,29,125
1,91,5,5,125
1,92,5,17,125
1,93,5,28,125
1,94,5,33,125
1,95,5,59,125
1,96,5,15,125
1,97,5,14,125
1,98,5,23,125
1,99,5,24,125
1,100,5,11,125
1,101,5,1,125
1,102,5,7,125
1,103,5,44,125
1,104,5,32,125
1,105,5,51,125
1,106,5,56,125
1,107,5,36,125
1,108,5,40,125
1,109,5,38,125
1,110,5,37,125
1,111,5,42,125
1,112,5,35,125
1,113,5,43,125
1,114,5,60,125
1,115,5,58,125
1,116,5,41,125
1,117,5,53,125
1,118,5,54,125
1,119,5,46,125
1,120,5,55,125
1,121,5,39,125
1,122,5,31,125
1,123,5,49,125
1,124,5,47,125
1,125,5,50,125
1,126,5,45,125
1,127,5,48,125
1,128,5,34,125
1,129,5,57,125
14,1,6,66,84
14,2,6,63,84
14,3,6,68,84
14,4,6,71,84
24,5,6,82,84
24,6,6,61,84
24,7,6,76,84
24,8,6,73,84
24,9,6,69,84
25,10,6,80,84
25,11,6,77,84
25,12,6,74,84
25,13,6,78,84
25,14,6,79,84
25,15,6,67,84
25,16,6,83,84
1,17,6,85,84
1,18,6,72,84
1,19,6,95,84
1,20,6,64,84
1,21,6,101,84
1,22,6,97,84
1,23,6,100,84
1,24,6,90,84
1,25,6,88,84
1,26,6,86,84
1,27,6,107,84
1,28,6,87,84
1,29,6,93,84
1,30,6,103,84
1,31,6,109,84
21,32,6,75,84
1,33,6,99,84
1,34,6,102,84
1,35,6,89,84
1,36,6,98,84
1,37,6,105,84
1,38,6,84,84
1,39,6,108,84
1,40,6,96,84
1,41,6,123,84
1,42,6,106,84
1,43,6,91,84
1,44,6,117,84
1,45,6,65,84
1,46,6,92,84
1,47,6,94,84
1,48,6,120,84
1,49,6,104,84
1,50,6,125,84
1,51,6,127,84
1,52,6,129,84
1,53,6,110,84
1,54,6,112,84
1,55,6,70,84
1,56,6,116,84
1,57,6,121,84
1,58,6,118,84
1,59,6,111,84
1,60,6,113,84
1,61,6,124,84
1,62,6,62,84
1,63,6,81,84
1,64,6,126,84
1,65,6,128,84
1,66,6,122,84
1,67,6,115,84
1,68,6,119,84
1,69,6,114,84
1,70,6,21,84
1,71,6,20,84
1,72,6,2,84
1,73,6,22,84
1,74,6,12,84
1,75,6,8,84
1,76,6,27,84
1,77,6,3,84
1,78,6,16,84
1,79,6,6,84
1,80,6,19,84
1,81,6,26,84
1,82,6,4,84
1,83,6,9,84
1,84,6,13,84
1,85,6,10,84
1,86,6,52,84
1,87,6,30,84
1,88,6,18,84
1,89,6,25,84
1,90,6,29,84
1,91,6,5,84
1,92,6,17,84
1,93,6,28,84
1,94,6,33,84
1,95,6,59,84
1,96,6,15,84
1,97,6,14,84
1,98,6,23,84
1,99,6,24,84
1,100,6,11,84
1,101,6,1,84
1,102,6,7,84
1,103,6,44,84
1,104,6,32,84
1,105,6,51,84
1,106,6,56,84
1,107,6,36,84
1,108,6,40,84
1,109,6,38,84
1,110,6,37,84
1,111,6,42,84
1,112,6,35,84
1,113,6,43,84
1,114,6,60,84
1,115,6,58,84
1,116,6,41,84
1,117,6,53,84
1,118,6,54,84
1,119,6,46,84
1,120,6,55,84
1,121,6,39,84
1,122,6,31,84
1,123,6,49,84
1,124,6,47,84
1,125,6,50,84
1,126,6,45,84
1,127,6,48,84
1,128,6,34,84
1,129,6,57,84
14,1,7,66,191
14,2,7,63,191
14,3,7,68,191
14,4,7,71,191
24,5,7,82,191
24,6,7,61,191
24,7,7,76,191
24,8,7,73,191
24,9,7,69,191
25,10,7,80,191
25,11,7,77,191
25,12,7,74,191
25,13,7,78,191
25,14,7,79,191
25,15,7,67,191
25,16,7,83,191
1,17,7,85,191
1,18,7,72,191
1,19,7,95,191
1,20,7,64,191
1,21,7,101,191
1,22,7,97,191
1,23,7,100,191
1,24,7,90,191
1,25,7,88,191
1,26,7,86,191
1,27,7,107,191
1,28,7,87,191
1,29,7,93,191
1,30,7,103,191
1,31,7,109,191
21,32,7,75,191
1,33,7,99,191
1,34,7,102,191
1,35,7,89,191
1,36,7,98,191
1,37,7,105,191
1,38,7,84,191
1,39,7,108,191
1,40,7,96,191
1,41,7,123,191
1,42,7,106,191
1,43,7,91,191
1,44,7,117,191
1,45,7,65,191
1,46,7,92,191
1,47,7,94,191
1,48,7,120,191
1,49,7,104,191
1,50,7,125,191
1,51,7,127,191
1,52,7,129,191
1,53,7,110,191
1,54,7,112,191
1,55,7,70,191
1,56,7,116,191
1,57,7,121,191
1,58,7,118,191
1,59,7,111,191
1,60,7,113,191
1,61,7,124,191
1,62,7,62,191
1,63,7,81,191
1,64,7,126,191
1,65,7,128,191
1,66,7,122,191
1,67,7,115,191
1,68,7,119,191
1,69,7,114,191
1,70,7,21,191
1,71,7,20,191
1,72,7,2,191
1,73,7,22,191
1,74,7,12,191
1,75,7,8,191
1,76,7,27,191
1,77,7,3,191
1,78,7,16,191
1,79,7,6,191
1,80,7,19,191
1,81,7,26,191
1,82,7,4,191
1,83,7,9,191
1,84,7,13,191
1,85,7,10,191
1,86,7,52,191
1,87,7,30,191
1,88,7,18,191
1,89,7,25,191
1,90,7,29,191
1,91,7,5,191
1,92,7,17,191
1,93,7,28,191
1,94,7,33,191
1,95,7,59,191
1,96,7,15,191
1,97,7,14,191
1,98,7,23,191
1,99,7,24,191
1,100,7,11,191
1,101,7,1,191
1,102,7,7,191
1,103,7,44,191
1,104,7,32,191
1,105,7,51,191
1,106,7,56,191
1,107,7,36,191
1,108,7,40,191
1,109,7,38,191
1,110,7,37,191
1,111,7,42,191
1,112,7,35,191
1,113,7,43,191
1,114,7,60,191
1,115,7,58,191
1,116,7,41,191
1,117,7,53,191
1,118,7,54,191
1,119,7,46,191
1,120,7,55,191
1,121,7,39,191
1,122,7,31,191
1,123,7,49,191
1,124,7,47,191
1,125,7,50,191
1,126,7,45,191
1,127,7,48,191
1,128,7,34,191
1,129,7,57,191
14,1,8,66,43
14,2,8,63,43
14,3,8,68,43
14,4,8,71,43
24,5,8,82,43
24,6,8,61,43
24,7,8,76,43
24,8,8,73,43
24,9,8,69,43
25,10,8,80,43
25,11,8,77,43
25,12,8,74,43
25,13,8,78,43
25,14,8,79,43
25,15,8,67,43
25,16,8,83,43
1,17,8,85,43
1,18,8,72,43
1,19,8,95,43
1,20,8,64,43
1,21,8,101,43
1,22,8,97,43
1,23,8,100,43
1,24,8,90,43
1,25,8,88,43
1,26,8,86,43
1,27,8,107,43
1,28,8,87,43
1,29,8,93,43
1,30,8,103,43
1,31,8,109,43
21,32,8,75,43
1,33,8,99,43
1,34,8,102,43
1,35,8,89,43
1,36,8,98,43
1,37,8,105,43
1,38,8,84,43
1,39,8,108,43
1,40,8,96,43
1,41,8,123,43
1,42,8,106,43
1,43,8,91,43
1,44,8,117,43
1,45,8,65,43
1,46,8,92,43
1,47,8,94,43
1,48,8,120,43
1,49,8,104,43
1,50,8,125,43
1,51,8,127,43
1,52,8,129,43
1,53,8,110,43
1,54,8,112,43
1,55,8,70,43
1,56,8,116,43
1,57,8,121,43
1,58,8,118,43
1,59,8,111,43
1,60,8,113,43
1,61,8,124,43
1,62,8,62,43
1,63,8,81,43
1,64,8,126,43
1,65,8,128,43
1,66,8,122,43
1,67,8,115,43
1,68,8,119,43
1,69,8,114,43
1,70,8,21,43
1,71,8,20,43
1,72,8,2,43
1,73,8,22,43
1,74,8,12,43
1,75,8,8,43
1,76,8,27,43
1,77,8,3,43
1,78,8,16,43
1,79,8,6,43
1,80,8,19,43
1,81,8,26,43
1,82,8,4,43
1,83,8,9,43
1,84,8,13,43
1,85,8,10,43
1,86,8,52,43
1,87,8,30,43
1,88,8,18,43
1,89,8,25,43
1,90,8,29,43
1,91,8,5,43
1,92,8,17,43
1,93,8,28,43
1,94,8,33,43
1,95,8,59,43
1,96,8,15,43
1,97,8,14,43
1,98,8,23,43
1,99,8,24,43
1,100,8,11,43
1,101,8,1,43
1,102,8,7,43
1,103,8,44,43
1,104,8,32,43
1,105,8,51,43
1,106,8,56,43
1,107,8,36,43
1,108,8,40,43
1,109,8,38,43
1,110,8,37,43
1,111,8,42,43
1,112,8,35,43
1,113,8,43,43
1,114,8,60,43
1,115,8,58,43
1,116,8,41,43
1,117,8,53,43
1,118,8,54,43
1,119,8,46,43
1,120,8,55,43
1,121,8,39,43
1,122,8,31,43
1,123,8,49,43
1,124,8,47,43
1,125,8,50,43
1,126,8,45,43
1,127,8,48,43
1,128,8,34,43
1,129,8,57,43
14,1,9,66,3
14,2,9,63,3
14,3,9,68,3
14,4,9,71,3
24,5,9,82,3
24,6,9,61,3
24,7,9,76,3
24,8,9,73,3
24,9,9,69,3
25,10,9,80,3
25,11,9,77,3
25,12,9,74,3
25,13,9,78,3
25,14,9,79,3
25,15,9,67,3
25,16,9,83,3
1,17,9,85,3
1,18,9,72,3
1,19,9,95,3
1,20,9,64,3
1,21,9,101,3
1,22,9,97,3
1,23,9,100,3
1,24,9,90,3
1,25,9,88,3
1,26,9,86,3
1,27,9,107,3
1,28,9,87,3
1,29,9,93,3
1,30,9,103,3
1,31,9,109,3
21,32,9,75,3
1,33,9,99,3
1,34,9,102,3
1,35,9,89,3
1,36,9,98,3
1,37,9,105,3
1,38,9,84,3
1,39,9,108,3
1,40,9,96,3
1,41,9,123,3
1,42,9,106,3
1,43,9,91,3
1,44,9,117,3
1,45,9,65,3
1,46,9,92,3
1,47,9,94,3
1,48,9,120,3
1,49,9,104,3
1,50,9,125,3
1,51,9,127,3
1,52,9,129,3
1,53,9,110,3
1,54,9,112,3
1,55,9,70,3
1,56,9,116,3
1,57,9,121,3
1,58,9,118,3
1,59,9,111,3
1,60,9,113,3
1,61,9,124,3
1,62,9,62,3
1,63,9,81,3
1,64,9,126,3
1,65,9,128,3
1,66,9,122,3
1,67,9,115,3
1,68,9,119,3
1,69,9,114,3
1,70,9,21,3
1,71,9,20,3
1,72,9,2,3
1,73,9,22,3
1,74,9,12,3
1,75,9,8,3
1,76,9,27,3
1,77,9,3,3
1,78,9,16,3
1,79,9,6,3
1,80,9,19,3
1,81,9,26,3
1,82,9,4,3
1,83,9,9,3
1,84,9,13,3
1,85,9,10,3
1,86,9,52,3
1,87,9,30,3
1,88,9,18,3
1,89,9,25,3
1,90,9,29,3
1,91,9,5,3
1,92,9,17,3
1,93,9,28,3
1,94,9,33,3
1,95,9,59,3
1,96,9,15,3
1,97,9,14,3
1,98,9,23,3
1,99,9,24,3
1,100,9,11,3
1,101,9,1,3
1,102,9,7,3
1,103,9,44,3
1,104,9,32,3
1,105,9,51,3
1,106,9,56,3
1,107,9,36,3
1,108,9,40,3
1,109,9,38,3
1,110,9,37,3
1,111,9,42,3
1,112,9,35,3
1,113,9,43,3
1,114,9,60,3
1,115,9,58,3
1,116,9,41,3
1,117,9,53,3
1,118,9,54,3
1,119,9,46,3
1,120,9,55,3
1,121,9,39,3
1,122,9,31,3
1,123,9,49,3
1,124,9,47,3
1,125,9,50,3
1,126,9,45,3
1,127,9,48,3
1,128,9,34,3
1,129,9,57,3
14,1,10,66,221
14,2,10,63,221
14,3,10,68,221
14,4,10,71,221
24,5,10,82,221
24,6,10,61,221
24,7,10,76,221
24,8,10,73,221
24,9,10,69,221
25,10,10,80,221
25,11,10,77,221
25,12,10,74,221
25,13,10,78,221
25,14,10,79,221
25,15,10,67,221
25,16,10,83,221
1,17,10,85,221
1,18,10,72,221
1,19,10,95,221
1,20,10,64,221
1,21,10,101,221
1,22,10,97,221
1,23,10,100,221
1,24,10,90,221
1,25,10,88,221
1,26,10,86,221
1,27,10,107,221
1,28,10,87,221
1,29,10,93,221
1,30,10,103,221
1,31,10,109,221
21,32,10,75,221
1,33,10,99,221
1,34,10,102,221
1,35,10,89,221
1,36,10,98,221
1,37,10,105,221
1,38,10,84,221
1,39,10,108,221
1,40,10,96,221
1,41,10,123,221
1,42,10,106,221
1,43,10,91,221
1,44,10,117,221
1,45,10,65,221
1,46,10,92,221
1,47,10,94,221
1,48,10,120,221
1,49,10,104,221
1,50,10,125,221
1,51,10,127,221
1,52,10,129,221
1,53,10,110,221
1,54,10,112,221
1,55,10,70,221
1,56,10,116,221
1,57,10,121,221
1,58,10,118,221
1,59,10,111,221
1,60,10,113,221
1,61,10,124,221
1,62,10,62,221
1,63,10,81,221
1,64,10,126,221
1,65,10,128,221
1,66,10,122,221
1,67,10,115,221
1,68,10,119,221
1,69,10,114,221
1,70,10,21,221
1,71,10,20,221
1,72,10,2,221
1,73,10,22,221
1,74,10,12,221
1,75,10,8,221
1,76,10,27,221
1,77,10,3,221
1,78,10,16,221
1,79,10,6,221
1,80,10,19,221
1,81,10,26,221
1,82,10,4,221
1,83,10,9,221
1,84,10,13,221
1,85,10,10,221
1,86,10,52,221
1,87,10,30,221
1,88,10,18,221
1,89,10,25,221
1,90,10,29,221
1,91,10,5,221
1,92,10,17,221
1,93,10,28,221
1,94,10,33,221
1,95,10,59,221
1,96,10,15,221
1,97,10,14,221
1,98,10,23,221
1,99,10,24,221
1,100,10,11,221
1,101,10,1,221
1,102,10,7,221
1,103,10,44,221
1,104,10,32,221
1,105,10,51,221
1,106,10,56,221
1,107,10,36,221
1,108,10,40,221
1,109,10,38,221
1,110,10,37,221
1,111,10,42,221
1,112,10,35,221
1,113,10,43,221
1,114,10,60,221
1,115,10,58,221
1,116,10,41,221
1,117,10,53,221
1,118,10,54,221
1,119,10,46,221
1,120,10,55,221
1,121,10,39,221
1,122,10,31,221
1,123,10,49,221
1,124,10,47,221
1,125,10,50,221
1,126,10,45,221
1,127,10,48,221
1,128,10,34,221
1,129,10,57,221
14,1,11,66,134
14,2,11,63,134
14,3,11,68,134
14,4,11,71,134
24,5,11,82,134
24,6,11,61,134
24,7,11,76,134
24,8,11,73,134
24,9,11,69,134
25,10,11,80,134
25,11,11,77,134
25,12,11,74,134
25,13,11,78,134
25,14,11,79,134
25,15,11,67,134
25,16,11,83,134
1,17,11,85,134
1,18,11,72,134
1,19,11,95,134
1,20,11,64,134
1,21,11,101,134
1,22,11,97,134
1,23,11,100,134
1,24,11,90,134
1,25,11,88,134
1,26,11,86,134
1,27,11,107,134
1,28,11,87,134
1,29,11,93,134
1,30,11,103,134
1,31,11,109,134
21,32,11,75,134
1,33,11,99,134
1,34,11,102,134
1,35,11,89,134
1,36,11,98,134
1,37,11,105,134
1,38,11,84,134
1,39,11,108,134
1,40,11,96,134
1,41,11,123,134
1,42,11,106,134
1,43,11,91,134
1,44,11,117,134
1,45,11,65,134
1,46,11,92,134
1,47,11,94,134
1,48,11,120,134
1,49,11,104,134
1,50,11,125,134
1,51,11,127,134
1,52,11,129,134
1,53,11,110,134
1,54,11,112,134
1,55,11,70,134
1,56,11,116,134
1,57,11,121,134
1,58,11,118,134
1,59,11,111,134
1,60,11,113,134
1,61,11,124,134
1,62,11,62,134
1,63,11,81,134
1,64,11,126,134
1,65,11,128,134
1,66,11,122,134
1,67,11,115,134
1,68,11,119,134
1,69,11,114,134
1,70,11,21,134
1,71,11,20,134
1,72,11,2,134
1,73,11,22,134
1,74,11,12,134
1,75,11,8,134
1,76,11,27,134
1,77,11,3,134
1,78,11,16,134
1,79,11,6,134
1,80,11,19,134
1,81,11,26,134
1,82,11,4,134
1,83,11,9,134
1,84,11,13,134
1,85,11,10,134
1,86,11,52,134
1,87,11,30,134
1,88,11,18,134
1,89,11,25,134
1,90,11,29,134
1,91,11,5,134
1,92,11,17,134
1,93,11,28,134
1,94,11,33,134
1,95,11,59,134
1,96,11,15,134
1,97,11,14,134
1,98,11,23,134
1,99,11,24,134
1,100,11,11,134
1,101,11,1,134
1,102,11,7,134
1,103,11,44,134
1,104,11,32,134
1,105,11,51,134
1,106,11,56,134
1,107,11,36,134
1,108,11,40,134
1,109,11,38,134
1,110,11,37,134
1,111,11,42,134
1,112,11,35,134
1,113,11,43,134
1,114,11,60,134
1,115,11,58,134
1,116,11,41,134
1,117,11,53,134
1,118,11,54,134
1,119,11,46,134
1,120,11,55,134
1,121,11,39,134
1,122,11,31,134
1,123,11,49,134
1,124,11,47,134
1,125,11,50,134
1,126,11,45,134
1,127,11,48,134
1,128,11,34,134
1,129,11,57,134
14,1,12,66,103
14,2,12,63,103
14,3,12,68,103
14,4,12,71,103
24,5,12,82,103
24,6,12,61,103
24,7,12,76,103
24,8,12,73,103
24,9,12,69,103
25,10,12,80,103
25,11,12,77,103
25,12,12,74,103
25,13,12,78,103
25,14,12,79,103
25,15,12,67,103
25,16,12,83,103
1,17,12,85,103
1,18,12,72,103
1,19,12,95,103
1,20,12,64,103
1,21,12,101,103
1,22,12,97,103
1,23,12,100,103
1,24,12,90,103
1,25,12,88,103
1,26,12,86,103
1,27,12,107,103
1,28,12,87,103
1,29,12,93,103
1,30,12,103,103
1,31,12,109,103
21,32,12,75,103
1,33,12,99,103
1,34,12,102,103
1,35,12,89,103
1,36,12,98,103
1,37,12,105,103
1,38,12,84,103
1,39,12,108,103
1,40,12,96,103
1,41,12,123,103
1,42,12,106,103
1,43,12,91,103
1,44,12,117,103
1,45,12,65,103
1,46,12,92,103
1,47,12,94,103
1,48,12,120,103
1,49,12,104,103
1,50,12,125,103
1,51,12,127,103
1,52,12,129,103
1,53,12,110,103
1,54,12,112,103
1,55,12,70,103
1,56,12,116,103
1,57,12,121,103
1,58,12,118,103
1,59,12,111,103
1,60,12,113,103
1,61,12,124,103
1,62,12,62,103
1,63,12,81,103
1,64,12,126,103
1,65,12,128,103
1,66,12,122,103
1,67,12,115,103
1,68,12,119,103
1,69,12,114,103
1,70,12,21,103
1,71,12,20,103
1,72,12,2,103
1,73,12,22,103
1,74,12,12,103
1,75,12,8,103
1,76,12,27,103
1,77,12,3,103
1,78,12,16,103
1,79,12,6,103
1,80,12,19,103
1,81,12,26,103
1,82,12,4,103
1,83,12,9,103
1,84,12,13,103
1,85,12,10,103
1,86,12,52,103
1,87,12,30,103
1,88,12,18,103
1,89,12,25,103
1,90,12,29,103
1,91,12,5,103
1,92,12,17,103
1,93,12,28,103
1,94,12,33,103
1,95,12,59,103
1,96,12,15,103
1,97,12,14,103
1,98,12,23,103
1,99,12,24,103
1,100,12,11,103
1,101,12,1,103
1,102,12,7,103
1,103,12,44,103
1,104,12,32,103
1,105,12,51,103
1,106,12,56,103
1,107,12,36,103
1,108,12,40,103
1,109,12,38,103
1,110,12,37,103
1,111,12,42,103
1,112,12,35,103
1,113,12,43,103
1,114,12,60,103
1,115,12,58,103
1,116,12,41,103
1,117,12,53,103
1,118,12,54,103
1,119,12,46,103
1,120,12,55,103
1,121,12,39,103
1,122,12,31,103
1,123,12,49,103
1,124,12,47,103
1,125,12,50,103
1,126,12,45,103
1,127,12,48,103
1,128,12,34,103
1,129,12,57,103
14,1,13,66,94
14,2,13,63,94
14,3,13,68,94
14,4,13,71,94
24,5,13,82,94
24,6,13,61,94
24,7,13,76,94
24,8,13,73,94
24,9,13,69,94
25,10,13,80,94
25,11,13,77,94
25,12,13,74,94
25,13,13,78,94
25,14,13,79,94
25,15,13,67,94
25,16,13,83,94
1,17,13,85,94
1,18,13,72,94
1,19,13,95,94
1,20,13,64,94
1,21,13,101,94
1,22,13,97,94
1,23,13,100,94
1,24,13,90,94
1,25,13,88,94
1,26,13,86,94
1,27,13,107,94
1,28,13,87,94
1,29,13,93,94
1,30,13,103,94
1,31,13,109,94
21,32,13,75,94
1,33,13,99,94
1,34,13,102,94
1,35,13,89,94
1,36,13,98,94
1,37,13,105,94
1,38,13,84,94
1,39,13,108,94
1,40,13,96,94
1,41,13,123,94
1,42,13,106,94
1,43,13,91,94
1,44,13,117,94
1,45,13,65,94
1,46,13,92,94
1,47,13,94,94
1,48,13,120,94
1,49,13,104,94
1,50,13,125,94
1,51,13,127,94
1,52,13,129,94
1,53,13,110,94
1,54,13,112,94
1,55,13,70,94
1,56,13,116,94
1,57,13,121,94
1,58,13,118,94
1,59,13,111,94
1,60,13,113,94
1,61,13,124,94
1,62,13,62,94
1,63,13,81,94
1,64,13,126,94
1,65,13,128,94
1,66,13,122,94
1,67,13,115,94
1,68,13,119,94
1,69,13,114,94
1,70,13,21,94
1,71,13,20,94
1,72,13,2,94
1,73,13,22,94
1,74,13,12,94
1,75,13,8,94
1,76,13,27,94
1,77,13,3,94
1,78,13,16,94
1,79,13,6,94
1,80,13,19,94
1,81,13,26,94
1,82,13,4,94
1,83,13,9,94
1,84,13,13,94
1,85,13,10,94
1,86,13,52,94
1,87,13,30,94
1,88,13,18,94
1,89,13,25,94
1,90,13,29,94
1,91,13,5,94
1,92,13,17,94
1,93,13,28,94
1,94,13,33,94
1,95,13,59,94
1,96,13,15,94
1,97,13,14,94
1,98,13,23,94
1,99,13,24,94
1,100,13,11,94
1,101,13,1,94
1,102,13,7,94
1,103,13,44,94
1,104,13,32,94
1,105,13,51,94
1,106,13,56,94
1,107,13,36,94
1,108,13,40,94
1,109,13,38,94
1,110,13,37,94
1,111,13,42,94
1,112,13,35,94
1,113,13,43,94
1,114,13,60,94
1,115,13,58,94
1,116,13,41,94
1,117,13,53,94
1,118,13,54,94
1,119,13,46,94
1,120,13,55,94
1,121,13,39,94
1,122,13,31,94
1,123,13,49,94
1,124,13,47,94
1,125,13,50,94
1,126,13,45,94
1,127,13,48,94
1,128,13,34,94
1,129,13,57,94
1,1,14,66,146
1,2,14,63,146
1,3,14,68,146
1,4,14,71,146
1,5,14,82,146
1,6,14,61,146
1,7,14,76,146
1,8,14,73,146
1,9,14,69,146
1,10,14,80,146
1,11,14,77,146
1,12,14,74,146
1,13,14,78,146
1,14,14,79,146
1,15,14,67,146
1,16,14,83,146
1,17,14,85,146
1,18,14,72,146
1,19,14,95,146
1,20,14,64,146
1,21,14,101,146
1,22,14,97,146
1,23,14,100,146
1,24,14,90,146
1,25,14,88,146
1,26,14,86,146
1,27,14,107,146
1,28,14,87,146
1,29,14,93,146
1,30,14,103,146
1,31,14,109,146
1,32,14,75,146
1,33,14,99,146
1,34,14,102,146
1,35,14,89,146
1,36,14,98,146
1,37,14,105,146
1,38,14,84,146
1,39,14,108,146
1,40,14,96,146
1,41,14,123,146
1,42,14,106,146
1,43,14,91,146
1,44,14,117,146
1,45,14,65,146
1,46,14,92,146
1,47,14,94,146
1,48,14,120,146
1,49,14,104,146
1,50,14,125,146
1,51,14,127,146
1,52,14,129,146
1,53,14,110,146
1,54,14,112,146
1,55,14,70,146
1,56,14,116,146
1,57,14,121,146
1,58,14,118,146
1,59,14,111,146
1,60,14,113,146
1,61,14,124,146
1,62,14,62,146
1,63,14,81,146
1,64,14,126,146
1,65,14,128,146
1,66,14,122,146
1,67,14,115,146
1,68,14,119,146
1,69,14,114,146
1,70,14,21,146
1,71,14,20,146
1,72,14,2,146
1,73,14,22,146
1,74,14,12,146
1,75,14,8,146
1,76,14,27,146
1,77,14,3,146
1,78,14,16,146
1,79,14,6,146
1,80,14,19,146
1,81,14,26,146
1,82,14,4,146
1,83,14,9,146
1,84,14,13,146
1,85,14,10,146
1,86,14,52,146
1,87,14,30,146
1,88,14,18,146
1,89,14,25,146
1,90,14,29,146
1,91,14,5,146
1,92,14,17,146
1,93,14,28,146
1,94,14,33,146
1,95,14,59,146
1,96,14,15,146
1,97,14,14,146
1,98,14,23,146
1,99,14,24,146
1,100,14,11,146
1,101,14,1,146
1,102,14,7,146
1,103,14,44,146
1,104,14,32,146
1,105,14,51,146
1,106,14,56,146
1,107,14,36,146
1,108,14,40,146
1,109,14,38,146
1,110,14,37,146
1,111,14,42,146
1,112,14,35,146
1,113,14,43,146
1,114,14,60,146
1,115,14,58,146
1,116,14,41,146
1,117,14,53,146
1,118,14,54,146
1,119,14,46,146
1,120,14,55,146
1,121,14,39,146
1,122,14,31,146
1,123,14,49,146
1,124,14,47,146
1,125,14,50,146
1,126,14,45,146
1,127,14,48,146
1,128,14,34,146
1,129,14,57,146
1,1,15,66,34
1,2,15,63,34
1,3,15,68,34
1,4,15,71,34
1,5,15,82,34
1,6,15,61,34
1,7,15,76,34
1,8,15,73,34
1,9,15,69,34
1,10,15,80,34
1,11,15,77,34
1,12,15,74,34
1,13,15,78,34
1,14,15,79,34
1,15,15,67,34
1,16,15,83,34
1,17,15,85,34
1,18,15,72,34
1,19,15,95,34
1,20,15,64,34
1,21,15,101,34
1,22,15,97,34
1,23,15,100,34
1,24,15,90,34
1,25,15,88,34
1,26,15,86,34
1,27,15,107,34
1,28,15,87,34
1,29,15,93,34
1,30,15,103,34
1,31,15,109,34
1,32,15,75,34
1,33,15,99,34
1,34,15,102,34
1,35,15,89,34
1,36,15,98,34
1,37,15,105,34
1,38,15,84,34
1,39,15,108,34
1,40,15,96,34
1,41,15,123,34
1,42,15,106,34
1,43,15,91,34
1,44,15,117,34
1,45,15,65,34
1,46,15,92,34
1,47,15,94,34
1,48,15,120,34
1,49,15,104,34
1,50,15,125,34
1,51,15,127,34
1,52,15,129,34
1,53,15,110,34
1,54,15,112,34
1,55,15,70,34
1,56,15,116,34
1,57,15,121,34
1,58,15,118,34
1,59,15,111,34
1,60,15,113,34
1,61,15,124,34
1,62,15,62,34
1,63,15,81,34
1,64,15,126,34
1,65,15,128,34
1,66,15,122,34
1,67,15,115,34
1,68,15,119,34
1,69,15,114,34
1,70,15,21,34
1,71,15,20,34
1,72,15,2,34
1,73,15,22,34
1,74,15,12,34
1,75,15,8,34
1,76,15,27,34
1,77,15,3,34
1,78,15,16,34
1,79,15,6,34
1,80,15,19,34
1,81,15,26,34
1,82,15,4,34
1,83,15,9,34
1,84,15,13,34
1,85,15,10,34
1,86,15,52,34
1,87,15,30,34
1,88,15,18,34
1,89,15,25,34
1,90,15,29,34
1,91,15,5,34
1,92,15,17,34
1,93,15,28,34
1,94,15,33,34
1,95,15,59,34
1,96,15,15,34
1,97,15,14,34
1,98,15,23,34
1,99,15,24,34
1,100,15,11,34
1,101,15,1,34
1,102,15,7,34
1,103,15,44,34
1,104,15,32,34
1,105,15,51,34
1,106,15,56,34
1,107,15,36,34
1,108,15,40,34
1,109,15,38,34
1,110,15,37,34
1,111,15,42,34
1,112,15,35,34
1,113,15,43,34
1,114,15,60,34
1,115,15,58,34
1,116,15,41,34
1,117,15,53,34
1,118,15,54,34
1,119,15,46,34
1,120,15,55,34
1,121,15,39,34
1,122,15,31,34
1,123,15,49,34
1,124,15,47,34
1,125,15,50,34
1,126,15,45,34
1,127,15,48,34
1,128,15,34,34
1,129,15,57,34
1,1,16,66,211
1,2,16,63,211
1,3,16,68,211
1,4,16,71,211
1,5,16,82,211
1,6,16,61,211
1,7,16,76,211
1,8,16,73,211
1,9,16,69,211
1,10,16,80,211
1,11,16,77,211
1,12,16,74,211
1,13,16,78,211
1,14,16,79,211
1,15,16,67,211
1,16,16,83,211
1,17,16,85,211
1,18,16,72,211
1,19,16,95,211
1,20,16,64,211
1,21,16,101,211
1,22,16,97,211
1,23,16,100,211
1,24,16,90,211
1,25,16,88,211
1,26,16,86,211
1,27,16,107,211
1,28,16,87,211
1,29,16,93,211
1,30,16,103,211
1,31,16,109,211
1,32,16,75,211
1,33,16,99,211
1,34,16,102,211
1,35,16,89,211
1,36,16,98,211
1,37,16,105,211
1,38,16,84,211
1,39,16,108,211
1,40,16,96,211
1,41,16,123,211
1,42,16,106,211
1,43,16,91,211
1,44,16,117,211
1,45,16,65,211
1,46,16,92,211
1,47,16,94,211
1,48,16,120,211
1,49,16,104,211
1,50,16,125,211
1,51,16,127,211
1,52,16,129,211
1,53,16,110,211
1,54,16,112,211
1,55,16,70,211
1,56,16,116,211
1,57,16,121,211
1,58,16,118,211
1,59,16,111,211
1,60,16,113,211
1,61,16,124,211
1,62,16,62,211
1,63,16,81,211
1,64,16,126,211
1,65,16,128,211
1,66,16,122,211
1,67,16,115,211
1,68,16,119,211
1,69,16,114,211
1,70,16,21,211
1,71,16,20,211
1,72,16,2,211
1,73,16,22,211
1,74,16,12,211
1,75,16,8,211
1,76,16,27,211
1,77,16,3,211
1,78,16,16,211
1,79,16,6,211
1,80,16,19,211
1,81,16,26,211
1,82,16,4,211
1,83,16,9,211
1,84,16,13,211
1,85,16,10,211
1,86,16,52,211
1,87,16,30,211
1,88,16,18,211
1,89,16,25,211
1,90,16,29,211
1,91,16,5,211
1,92,16,17,211
1,93,16,28,211
1,94,16,33,211
1,95,16,59,211
1,96,16,15,211
1,97,16,14,211
1,98,16,23,211
1,99,16,24,211
1,100,16,11,211
1,101,16,1,211
1,102,16,7,211
1,103,16,44,211
1,104,16,32,211
1,105,16,51,211
1,106,16,56,211
1,107,16,36,211
1,108,16,40,211
1,109,16,38,211
1,110,16,37,211
1,111,16,42,211
1,112,16,35,211
1,113,16,43,211
1,114,16,60,211
1,115,16,58,211
1,116,16,41,211
1,117,16,53,211
1,118,16,54,211
1,119,16,46,211
1,120,16,55,211
1,121,16,39,211
1,122,16,31,211
1,123,16,49,211
1,124,16,47,211
1,125,16,50,211
1,126,16,45,211
1,127,16,48,211
1,128,16,34,211
1,129,16,57,211
7,1,17,66,22
7,2,17,63,22
7,3,17,68,22
7,4,17,71,22
7,5,17,82,22
7,6,17,61,22
7,7,17,76,22
7,8,17,73,22
7,9,17,69,22
7,10,17,80,22
7,11,17,77,22
7,12,17,74,22
7,13,17,78,22
7,14,17,79,22
7,15,17,67,22
7,16,17,83,22
1,17,17,85,22
1,18,17,72,22
1,19,17,95,22
1,20,17,64,22
1,21,17,101,22
1,22,17,97,22
1,23,17,100,22
1,24,17,90,22
1,25,17,88,22
1,26,17,86,22
1,27,17,107,22
1,28,17,87,22
1,29,17,93,22
1,30,17,103,22
1,31,17,109,22
1,32,17,75,22
1,33,17,99,22
1,34,17,102,22
1,35,17,89,22
1,36,17,98,22
1,37,17,105,22
1,38,17,84,22
1,39,17,108,22
1,40,17,96,22
1,41,17,123,22
1,42,17,106,22
1,43,17,91,22
1,44,17,117,22
1,45,17,65,22
1,46,17,92,22
1,47,17,94,22
1,48,17,120,22
1,49,17,104,22
1,50,17,125,22
1,51,17,127,22
1,52,17,129,22
1,53,17,110,22
1,54,17,112,22
1,55,17,70,22
1,56,17,116,22
1,57,17,121,22
1,58,17,118,22
1,59,17,111,22
1,60,17,113,22
1,61,17,124,22
1,62,17,62,22
1,63,17,81,22
1,64,17,126,22
1,65,17,128,22
1,66,17,122,22
1,67,17,115,22
1,68,17,119,22
1,69,17,114,22
1,70,17,21,22
1,71,17,20,22
1,72,17,2,22
1,73,17,22,22
1,74,17,12,22
1,75,17,8,22
1,76,17,27,22
1,77,17,3,22
1,78,17,16,22
1,79,17,6,22
1,80,17,19,22
1,81,17,26,22
1,82,17,4,22
1,83,17,9,22
1,84,17,13,22
1,85,17,10,22
1,86,17,52,22
1,87,17,30,22
1,88,17,18,22
1,89,17,25,22
1,90,17,29,22
1,91,17,5,22
1,92,17,17,22
1,93,17,28,22
1,94,17,33,22
1,95,17,59,22
1,96,17,15,22
1,97,17,14,22
1,98,17,23,22
1,99,17,24,22
1,100,17,11,22
1,101,17,1,22
1,102,17,7,22
1,103,17,44,22
1,104,17,32,22
1,105,17,51,22
1,106,17,56,22
1,107,17,36,22
1,108,17,40,22
1,109,17,38,22
1,110,17,37,22
1,111,17,42,22
1,112,17,35,22
1,113,17,43,22
1,114,17,60,22
1,115,17,58,22
1,116,17,41,22
1,117,17,53,22
1,118,17,54,22
1,119,17,46,22
1,120,17,55,22
1,121,17,39,22
1,122,17,31,22
1,123,17,49,22
1,124,17,47,22
1,125,17,50,22
1,126,17,45,22
1,127,17,48,22
1,128,17,34,22
1,129,17,57,22
7,1,18,66,142
7,2,18,63,142
7,3,18,68,142
7,4,18,71,142
7,5,18,82,142
7,6,18,61,142
7,7,18,76,142
7,8,18,73,142
7,9,18,69,142
7,10,18,80,142
7,11,18,77,142
7,12,18,74,142
7,13,18,78,142
7,14,18,79,142
7,15,18,67,142
7,16,18,83,142
1,17,18,85,142
1,18,18,72,142
1,19,18,95,142
1,20,18,64,142
1,21,18,101,142
1,22,18,97,142
1,23,18,100,142
1,24,18,90,142
1,25,18,88,142
1,26,18,86,142
1,27,18,107,142
1,28,18,87,142
1,29,18,93,142
1,30,18,103,142
1,31,18,109,142
1,32,18,75,142
1,33,18,99,142
1,34,18,102,142
1,35,18,89,142
1,36,18,98,142
1,37,18,105,142
1,38,18,84,142
1,39,18,108,142
1,40,18,96,142
1,41,18,123,142
1,42,18,106,142
1,43,18,91,142
1,44,18,117,142
1,45,18,65,142
1,46,18,92,142
1,47,18,94,142
1,48,18,120,142
1,49,18,104,142
1,50,18,125,142
1,51,18,127,142
1,52,18,129,142
1,53,18,110,142
1,54,18,112,142
1,55,18,70,142
1,56,18,116,142
1,57,18,121,142
1,58,18,118,142
1,59,18,111,142
1,60,18,113,142
1,61,18,124,142
1,62,18,62,142
1,63,18,81,142
1,64,18,126,142
1,65,18,128,142
1,66,18,122,142
1,67,18,115,142
1,68,18,119,142
1,69,18,114,142
1,70,18,21,142
1,71,18,20,142
1,72,18,2,142
1,73,18,22,142
1,74,18,12,142
1,75,18,8,142
1,76,18,27,142
1,77,18,3,142
1,78,18,16,142
1,79,18,6,142
1,80,18,19,142
1,81,18,26,142
1,82,18,4,142
1,83,18,9,142
1,84,18,13,142
1,85,18,10,142
1,86,18,52,142
1,87,18,30,142
1,88,18,18,142
1,89,18,25,142
1,90,18,29,142
1,91,18,5,142
1,92,18,17,142
1,93,18,28,142
1,94,18,33,142
1,95,18,59,142
1,96,18,15,142
1,97,18,14,142
1,98,18,23,142
1,99,18,24,142
1,100,18,11,142
1,101,18,1,142
1,102,18,7,142
1,103,18,44,142
1,104,18,32,142
1,105,18,51,142
1,106,18,56,142
1,107,18,36,142
1,108,18,40,142
1,109,18,38,142
1,110,18,37,142
1,111,18,42,142
1,112,18,35,142
1,113,18,43,142
1,114,18,60,142
1,115,18,58,142
1,116,18,41,142
1,117,18,53,142
1,118,18,54,142
1,119,18,46,142
1,120,18,55,142
1,121,18,39,142
1,122,18,31,142
1,123,18,49,142
1,124,18,47,142
1,125,18,50,142
1,126,18,45,142
1,127,18,48,142
1,128,18,34,142
1,129,18,57,142
7,1,19,66,80
7,2,19,63,80
7,3,19,68,80
7,4,19,71,80
7,5,19,82,80
7,6,19,61,80
7,7,19,76,80
7,8,19,73,80
7,9,19,69,80
7,10,19,80,80
7,11,19,77,80
7,12,19,74,80
7,13,19,78,80
7,14,19,79,80
7,15,19,67,80
7,16,19,83,80
1,17,19,85,80
1,18,19,72,80
1,19,19,95,80
1,20,19,64,80
1,21,19,101,80
1,22,19,97,80
1,23,19,100,80
1,24,19,90,80
1,25,19,88,80
1,26,19,86,80
1,27,19,107,80
1,28,19,87,80
1,29,19,93,80
1,30,19,103,80
1,31,19,109,80
1,32,19,75,80
1,33,19,99,80
1,34,19,102,80
1,35,19,89,80
1,36,19,98,80
1,37,19,105,80
1,38,19,84,80
1,39,19,108,80
1,40,19,96,80
1,41,19,123,80
1,42,19,106,80
1,43,19,91,80
1,44,19,117,80
1,45,19,65,80
1,46,19,92,80
1,47,19,94,80
1,48,19,120,80
1,49,19,104,80
1,50,19,125,80
1,51,19,127,80
1,52,19,129,80
1,53,19,110,80
1,54,19,112,80
1,55,19,70,80
1,56,19,116,80
1,57,19,121,80
1,58,19,118,80
1,59,19,111,80
1,60,19,113,80
1,61,19,124,80
1,62,19,62,80
1,63,19,81,80
1,64,19,126,80
1,65,19,128,80
1,66,19,122,80
1,67,19,115,80
1,68,19,119,80
1,69,19,114,80
1,70,19,21,80
1,71,19,20,80
1,72,19,2,80
1,73,19,22,80
1,74,19,12,80
1,75,19,8,80
1,76,19,27,80
1,77,19,3,80
1,78,19,16,80
1,79,19,6,80
1,80,19,19,80
1,81,19,26,80
1,82,19,4,80
1,83,19,9,80
1,84,19,13,80
1,85,19,10,80
1,86,19,52,80
1,87,19,30,80
1,88,19,18,80
1,89,19,25,80
1,90,19,29,80
1,91,19,5,80
1,92,19,17,80
1,93,19,28,80
1,94,19,33,80
1,95,19,59,80
1,96,19,15,80
1,97,19,14,80
1,98,19,23,80
1,99,19,24,80
1,100,19,11,80
1,101,19,1,80
1,102,19,7,80
1,103,19,44,80
1,104,19,32,80
1,105,19,51,80
1,106,19,56,80
1,107,19,36,80
1,108,19,40,80
1,109,19,38,80
1,110,19,37,80
1,111,19,42,80
1,112,19,35,80
1,113,19,43,80
1,114,19,60,80
1,115,19,58,80
1,116,19,41,80
1,117,19,53,80
1,118,19,54,80
1,119,19,46,80
1,120,19,55,80
1,121,19,39,80
1,122,19,31,80
1,123,19,49,80
1,124,19,47,80
1,125,19,50,80
1,126,19,45,80
1,127,19,48,80
1,128,19,34,80
1,129,19,57,80
1,1,20,66,218
1,2,20,63,218
1,3,20,68,218
1,4,20,71,218
1,5,20,82,218
1,6,20,61,218
1,7,20,76,218
1,8,20,73,218
1,9,20,69,218
1,10,20,80,218
1,11,20,77,218
1,12,20,74,218
1,13,20,78,218
1,14,20,79,218
1,15,20,67,218
1,16,20,83,218
1,17,20,85,218
1,18,20,72,218
16,19,20,95,218
16,20,20,64,218
16,21,20,101,218
16,22,20,97,218
16,23,20,100,218
16,24,20,90,218
16,25,20,88,218
16,26,20,86,218
16,27,20,107,218
16,28,20,87,218
16,29,20,93,218
16,30,20,103,218
16,31,20,109,218
16,32,20,75,218
16,33,20,99,218
16,34,20,102,218
16,35,20,89,218
16,36,20,98,218
16,37,20,105,218
16,38,20,84,218
16,39,20,108,218
16,40,20,96,218
16,41,20,123,218
16,42,20,106,218
16,43,20,91,218
16,44,20,117,218
16,45,20,65,218
16,46,20,92,218
16,47,20,94,218
1,48,20,120,218
1,49,20,104,218
1,50,20,125,218
1,51,20,127,218
1,52,20,129,218
1,53,20,110,218
1,54,20,112,218
1,55,20,70,218
1,56,20,116,218
1,57,20,121,218
1,58,20,118,218
1,59,20,111,218
1,60,20,113,218
1,61,20,124,218
1,62,20,62,218
1,63,20,81,218
1,64,20,126,218
1,65,20,128,218
1,66,20,122,218
1,67,20,115,218
1,68,20,119,218
1,69,20,114,218
1,70,20,21,218
1,71,20,20,218
1,72,20,2,218
1,73,20,22,218
1,74,20,12,218
1,75,20,8,218
1,76,20,27,218
1,77,20,3,218
1,78,20,16,218
1,79,20,6,218
1,80,20,19,218
1,81,20,26,218
1,82,20,4,218
1,83,20,9,218
1,84,20,13,218
1,85,20,10,218
1,86,20,52,218
1,87,20,30,218
1,88,20,18,218
1,89,20,25,218
1,90,20,29,218
1,91,20,5,218
1,92,20,17,218
1,93,20,28,218
1,94,20,33,218
1,95,20,59,218
1,96,20,15,218
1,97,20,14,218
1,98,20,23,218
1,99,20,24,218
1,100,20,11,218
1,101,20,1,218
1,102,20,7,218
1,103,20,44,218
1,104,20,32,218
1,105,20,51,218
1,106,20,56,218
1,107,20,36,218
1,108,20,40,218
1,109,20,38,218
1,110,20,37,218
1,111,20,42,218
1,112,20,35,218
1,113,20,43,218
1,114,20,60,218
1,115,20,58,218
1,116,20,41,218
1,117,20,53,218
1,118,20,54,218
1,119,20,46,218
1,120,20,55,218
1,121,20,39,218
1,122,20,31,218
1,123,20,49,218
1,124,20,47,218
1,125,20,50,218
1,126,20,45,218
1,127,20,48,218
1,128,20,34,218
1,129,20,57,218
1,1,21,66,39
1,2,21,63,39
1,3,21,68,39
1,4,21,71,39
1,5,21,82,39
1,6,21,61,39
1,7,21,76,39
1,8,21,73,39
1,9,21,69,39
1,10,21,80,39
1,11,21,77,39
1,12,21,74,39
1,13,21,78,39
1,14,21,79,39
1,15,21,67,39
1,16,21,83,39
1,17,21,85,39
1,18,21,72,39
16,19,21,95,39
16,20,21,64,39
16,21,21,101,39
16,22,21,97,39
16,23,21,100,39
16,24,21,90,39
16,25,21,88,39
16,26,21,86,39
16,27,21,107,39
16,28,21,87,39
16,29,21,93,39
16,30,21,103,39
16,31,21,109,39
16,32,21,75,39
16,33,21,99,39
16,34,21,102,39
16,35,21,89,39
16,36,21,98,39
16,37,21,105,39
16,38,21,84,39
16,39,21,108,39
16,40,21,96,39
16,41,21,123,39
16,42,21,106,39
16,43,21,91,39
16,44,21,117,39
16,45,21,65,39
16,46,21,92,39
16,47,21,94,39
1,48,21,120,39
1,49,21,104,39
1,50,21,125,39
1,51,21,127,39
1,52,21,129,39
1,53,21,110,39
1,54,21,112,39
1,55,21,70,39
1,56,21,116,39
1,57,21,121,39
1,58,21,118,39
1,59,21,111,39
1,60,21,113,39
1,61,21,124,39
1,62,21,62,39
1,63,21,81,39
1,64,21,126,39
1,65,21,128,39
1,66,21,122,39
1,67,21,115,39
1,68,21,119,39
1,69,21,114,39
1,70,21,21,39
1,71,21,20,39
1,72,21,2,39
1,73,21,22,39
1,74,21,12,39
1,75,21,8,39
1,76,21,27,39
1,77,21,3,39
1,78,21,16,39
1,79,21,6,39
1,80,21,19,39
1,81,21,26,39
1,82,21,4,39
1,83,21,9,39
1,84,21,13,39
1,85,21,10,39
1,86,21,52,39
1,87,21,30,39
1,88,21,18,39
1,89,21,25,39
1,90,21,29,39
1,91,21,5,39
1,92,21,17,39
1,93,21,28,39
1,94,21,33,39
1,95,21,59,39
1,96,21,15,39
1,97,21,14,39
1,98,21,23,39
1,99,21,24,39
1,100,21,11,39
1,101,21,1,39
1,102,21,7,39
1,103,21,44,39
1,104,21,32,39
1,105,21,51,39
1,106,21,56,39
1,107,21,36,39
1,108,21,40,39
1,109,21,38,39
1,110,21,37,39
1,111,21,42,39
1,112,21,35,39
1,113,21,43,39
1,114,21,60,39
1,115,21,58,39
1,116,21,41,39
1,117,21,53,39
1,118,21,54,39
1,119,21,46,39
1,120,21,55,39
1,121,21,39,39
1,122,21,31,39
1,123,21,49,39
1,124,21,47,39
1,125,21,50,39
1,126,21,45,39
1,127,21,48,39
1,128,21,34,39
1,129,21,57,39
1,1,22,66,21
1,2,22,63,21
1,3,22,68,21
1,4,22,71,21
1,5,22,82,21
1,6,22,61,21
1,7,22,76,21
1,8,22,73,21
1,9,22,69,21
1,10,22,80,21
1,11,22,77,21
1,12,22,74,21
1,13,22,78,21
1,14,22,79,21
1,15,22,67,21
1,16,22,83,21
1,17,22,85,21
1,18,22,72,21
1,19,22,95,21
1,20,22,64,21
1,21,22,101,21
1,22,22,97,21
1,23,22,100,21
1,24,22,90,21
1,25,22,88,21
1,26,22,86,21
1,27,22,107,21
1,28,22,87,21
1,29,22,93,21
1,30,22,103,21
1,31,22,109,21
1,32,22,75,21
1,33,22,99,21
1,34,22,102,21
1,35,22,89,21
1,36,22,98,21
1,37,22,105,21
1,38,22,84,21
1,39,22,108,21
1,40,22,96,21
1,41,22,123,21
1,42,22,106,21
1,43,22,91,21
1,44,22,117,21
1,45,22,65,21
26,46,22,92,21
26,47,22,94,21
1,48,22,120,21
1,49,22,104,21
1,50,22,125,21
1,51,22,127,21
1,52,22,129,21
1,53,22,110,21
1,54,22,112,21
1,55,22,70,21
1,56,22,116,21
1,57,22,121,21
1,58,22,118,21
1,59,22,111,21
1,60,22,113,21
1,61,22,124,21
1,62,22,62,21
1,63,22,81,21
1,64,22,126,21
1,65,22,128,21
1,66,22,122,21
1,67,22,115,21
1,68,22,119,21
1,69,22,114,21
1,70,22,21,21
1,71,22,20,21
1,72,22,2,21
1,73,22,22,21
1,74,22,12,21
1,75,22,8,21
1,76,22,27,21
1,77,22,3,21
1,78,22,16,21
1,79,22,6,21
1,80,22,19,21
1,81,22,26,21
1,82,22,4,21
1,83,22,9,21
1,84,22,13,21
1,85,22,10,21
1,86,22,52,21
1,87,22,30,21
1,88,22,18,21
1,89,22,25,21
1,90,22,29,21
1,91,22,5,21
1,92,22,17,21
1,93,22,28,21
1,94,22,33,21
1,95,22,59,21
1,96,22,15,21
1,97,22,14,21
1,98,22,23,21
1,99,22,24,21
1,100,22,11,21
1,101,22,1,21
1,102,22,7,21
1,103,22,44,21
1,104,22,32,21
1,105,22,51,21
1,106,22,56,21
1,107,22,36,21
1,108,22,40,21
1,109,22,38,21
1,110,22,37,21
1,111,22,42,21
1,112,22,35,21
1,113,22,43,21
1,114,22,60,21
1,115,22,58,21
1,116,22,41,21
1,117,22,53,21
1,118,22,54,21
1,119,22,46,21
1,120,22,55,21
1,121,22,39,21
1,122,22,31,21
1,123,22,49,21
1,124,22,47,21
1,125,22,50,21
1,126,22,45,21
1,127,22,48,21
1,128,22,34,21
1,129,22,57,21
1,1,23,66,92
1,2,23,63,92
1,3,23,68,92
1,4,23,71,92
1,5,23,82,92
1,6,23,61,92
1,7,23,76,92
1,8,23,73,92
1,9,23,69,92
1,10,23,80,92
1,11,23,77,92
1,12,23,74,92
1,13,23,78,92
1,14,23,79,92
1,15,23,67,92
1,16,23,83,92
1,17,23,85,92
1,18,23,72,92
1,19,23,95,92
1,20,23,64,92
1,21,23,101,92
1,22,23,97,92
1,23,23,100,92
1,24,23,90,92
1,25,23,88,92
1,26,23,86,92
1,27,23,107,92
1,28,23,87,92
1,29,23,93,92
1,30,23,103,92
1,31,23,109,92
1,32,23,75,92
1,33,23,99,92
1,34,23,102,92
1,35,23,89,92
1,36,23,98,92
1,37,23,105,92
1,38,23,84,92
1,39,23,108,92
1,40,23,96,92
1,41,23,123,92
1,42,23,106,92
1,43,23,91,92
1,44,23,117,92
1,45,23,65,92
26,46,23,92,92
26,47,23,94,92
1,48,23,120,92
1,49,23,104,92
1,50,23,125,92
1,51,23,127,92
1,52,23,129,92
1,53,23,110,92
1,54,23,112,92
1,55,23,70,92
1,56,23,116,92
1,57,23,121,92
1,58,23,118,92
1,59,23,111,92
1,60,23,113,92
1,61,23,124,92
1,62,23,62,92
1,63,23,81,92
1,64,23,126,92
1,65,23,128,92
1,66,23,122,92
1,67,23,115,92
1,68,23,119,92
1,69,23,114,92
1,70,23,21,92
1,71,23,20,92
1,72,23,2,92
1,73,23,22,92
1,74,23,12,92
1,75,23,8,92
1,76,23,27,92
1,77,23,3,92
1,78,23,16,92
1,79,23,6,92
1,80,23,19,92
1,81,23,26,92
1,82,23,4,92
1,83,23,9,92
1,84,23,13,92
1,85,23,10,92
1,86,23,52,92
1,87,23,30,92
1,88,23,18,92
1,89,23,25,92
1,90,23,29,92
1,91,23,5,92
1,92,23,17,92
1,93,23,28,92
1,94,23,33,92
1,95,23,59,92
1,96,23,15,92
1,97,23,14,92
1,98,23,23,92
1,99,23,24,92
1,100,23,11,92
1,101,23,1,92
1,102,23,7,92
1,103,23,44,92
1,104,23,32,92
1,105,23,51,92
1,106,23,56,92
1,107,23,36,92
1,108,23,40,92
1,109,23,38,92
1,110,23,37,92
1,111,23,42,92
1,112,23,35,92
1,113,23,43,92
1,114,23,60,92
1,115,23,58,92
1,116,23,41,92
1,117,23,53,92
1,118,23,54,92
1,119,23,46,92
1,120,23,55,92
1,121,23,39,92
1,122,23,31,92
1,123,23,49,92
1,124,23,47,92
1,125,23,50,92
1,126,23,45,92
1,127,23,48,92
1,128,23,34,92
1,129,23,57,92
1,1,24,66,52
1,2,24,63,52
1,3,24,68,52
1,4,24,71,52
1,5,24,82,52
1,6,24,61,52
1,7,24,76,52
1,8,24,73,52
1,9,24,69,52
1,10,24,80,52
1,11,24,77,52
1,12,24,74,52
1,13,24,78,52
1,14,24,79,52
1,15,24,67,52
1,16,24,83,52
1,17,24,85,52
1,18,24,72,52
30,19,24,95,52
30,20,24,64,52
30,21,24,101,52
30,22,24,97,52
30,23,24,100,52
30,24,24,90,52
30,25,24,88,52
30,26,24,86,52
30,27,24,107,52
30,28,24,87,52
30,29,24,93,52
30,30,24,103,52
30,31,24,109,52
30,32,24,75,52
30,33,24,99,52
30,34,24,102,52
30,35,24,89,52
30,36,24,98,52
1,37,24,105,52
1,38,24,84,52
1,39,24,108,52
1,40,24,96,52
1,41,24,123,52
1,42,24,106,52
1,43,24,91,52
1,44,24,117,52
1,45,24,65,52
26,46,24,92,52
26,47,24,94,52
1,48,24,120,52
1,49,24,104,52
1,50,24,125,52
1,51,24,127,52
1,52,24,129,52
1,53,24,110,52
1,54,24,112,52
1,55,24,70,52
1,56,24,116,52
1,57,24,121,52
1,58,24,118,52
1,59,24,111,52
1,60,24,113,52
1,61,24,124,52
1,62,24,62,52
1,63,24,81,52
1,64,24,126,52
1,65,24,128,52
1,66,24,122,52
1,67,24,115,52
1,68,24,119,52
1,69,24,114,52
1,70,24,21,52
1,71,24,20,52
1,72,24,2,52
1,73,24,22,52
1,74,24,12,52
1,75,24,8,52
1,76,24,27,52
1,77,24,3,52
1,78,24,16,52
1,79,24,6,52
1,80,24,19,52
1,81,24,26,52
1,82,24,4,52
1,83,24,9,52
1,84,24,13,52
1,85,24,10,52
1,86,24,52,52
1,87,24,30,52
1,88,24,18,52
1,89,24,25,52
1,90,24,29,52
1,91,24,5,52
1,92,24,17,52
1,93,24,28,52
1,94,24,33,52
1,95,24,59,52
1,96,24,15,52
1,97,24,14,52
1,98,24,23,52
1,99,24,24,52
1,100,24,11,52
1,101,24,1,52
1,102,24,7,52
1,103,24,44,52
1,104,24,32,52
1,105,24,51,52
1,106,24,56,52
1,107,24,36,52
1,108,24,40,52
1,109,24,38,52
1,110,24,37,52
1,111,24,42,52
1,112,24,35,52
1,113,24,43,52
1,114,24,60,52
1,115,24,58,52
1,116,24,41,52
1,117,24,53,52
1,118,24,54,52
1,119,24,46,52
1,120,24,55,52
1,121,24,39,52
1,122,24,31,52
1,123,24,49,52
1,124,24,47,52
1,125,24,50,52
1,126,24,45,52
1,127,24,48,52
1,128,24,34,52
1,129,24,57,52
1,1,25,66,161
1,2,25,63,161
1,3,25,68,161
1,4,25,71,161
1,5,25,82,161
1,6,25,61,161
1,7,25,76,161
1,8,25,73,161
1,9,25,69,161
1,10,25,80,161
1,11,25,77,161
1,12,25,74,161
1,13,25,78,161
1,14,25,79,161
1,15,25,67,161
1,16,25,83,161
1,17,25,85,161
1,18,25,72,161
30,19,25,95,161
30,20,25,64,161
30,21,25,101,161
30,22,25,97,161
30,23,25,100,161
30,24,25,90,161
30,25,25,88,161
30,26,25,86,161
30,27,25,107,161
30,28,25,87,161
30,29,25,93,161
30,30,25,103,161
30,31,25,109,161
30,32,25,75,161
30,33,25,99,161
30,34,25,102,161
30,35,25,89,161
30,36,25,98,161
1,37,25,105,161
1,38,25,84,161
1,39,25,108,161
1,40,25,96,161
1,41,25,123,161
1,42,25,106,161
1,43,25,91,161
1,44,25,117,161
1,45,25,65,161
26,46,25,92,161
26,47,25,94,161
1,48,25,120,161
1,49,25,104,161
1,50,25,125,161
1,51,25,127,161
1,52,25,129,161
1,53,25,110,161
1,54,25,112,161
1,55,25,70,161
1,56,25,116,161
1,57,25,121,161
1,58,25,118,161
1,59,25,111,161
1,60,25,113,161
1,61,25,124,161
1,62,25,62,161
1,63,25,81,161
1,64,25,126,161
1,65,25,128,161
1,66,25,122,161
1,67,25,115,161
1,68,25,119,161
1,69,25,114,161
1,70,25,21,161
1,71,25,20,161
1,72,25,2,161
1,73,25,22,161
1,74,25,12,161
1,75,25,8,161
1,76,25,27,161
1,77,25,3,161
1,78,25,16,161
1,79,25,6,161
1,80,25,19,161
1,81,25,26,161
1,82,25,4,161
1,83,25,9,161
1,84,25,13,161
1,85,25,10,161
1,86,25,52,161
1,87,25,30,161
1,88,25,18,161
1,89,25,25,161
1,90,25,29,161
1,91,25,5,161
1,92,25,17,161
1,93,25,28,161
1,94,25,33,161
1,95,25,59,161
1,96,25,15,161
1,97,25,14,161
1,98,25,23,161
1,99,25,24,161
1,100,25,11,161
1,101,25,1,161
1,102,25,7,161
1,103,25,44,161
1,104,25,32,161
1,105,25,51,161
1,106,25,56,161
1,107,25,36,161
1,108,25,40,161
1,109,25,38,161
1,110,25,37,161
1,111,25,42,161
1,112,25,35,161
1,113,25,43,161
1,114,25,60,161
1,115,25,58,161
1,116,25,41,161
1,117,25,53,161
1,118,25,54,161
1,119,25,46,161
1,120,25,55,161
1,121,25,39,161
1,122,25,31,161
1,123,25,49,161
1,124,25,47,161
1,125,25,50,161
1,126,25,45,161
1,127,25,48,161
1,128,25,34,161
1,129,25,57,161
1,1,26,66,117
1,2,26,63,117
1,3,26,68,117
1,4,26,71,117
1,5,26,82,117
1,6,26,61,117
1,7,26,76,117
1,8,26,73,117
1,9,26,69,117
1,10,26,80,117
1,11,26,77,117
1,12,26,74,117
1,13,26,78,117
1,14,26,79,117
1,15,26,67,117
1,16,26,83,117
1,17,26,85,117
1,18,26,72,117
1,19,26,95,117
1,20,26,64,117
1,21,26,101,117
1,22,26,97,117
1,23,26,100,117
1,24,26,90,117
1,25,26,88,117
1,26,26,86,117
1,27,26,107,117
1,28,26,87,117
1,29,26,93,117
1,30,26,103,117
1,31,26,109,117
1,32,26,75,117
1,33,26,99,117
1,34,26,102,117
1,35,26,89,117
1,36,26,98,117
1,37,26,105,117
1,38,26,84,117
1,39,26,108,117
1,40,26,96,117
1,41,26,123,117
1,42,26,106,117
1,43,26,91,117
1,44,26,117,117
1,45,26,65,117
26,46,26,92,117
26,47,26,94,117
1,48,26,120,117
1,49,26,104,117
1,50,26,125,117
1,51,26,127,117
1,52,26,129,117
1,53,26,110,117
1,54,26,112,117
1,55,26,70,117
1,56,26,116,117
1,57,26,121,117
1,58,26,118,117
1,59,26,111,117
1,60,26,113,117
1,61,26,124,117
1,62,26,62,117
1,63,26,81,117
1,64,26,126,117
1,65,26,128,117
1,66,26,122,117
1,67,26,115,117
1,68,26,119,117
1,69,26,114,117
1,70,26,21,117
1,71,26,20,117
1,72,26,2,117
1,73,26,22,117
1,74,26,12,117
1,75,26,8,117
1,76,26,27,117
1,77,26,3,117
1,78,26,16,117
1,79,26,6,117
1,80,26,19,117
1,81,26,26,117
1,82,26,4,117
1,83,26,9,117
1,84,26,13,117
1,85,26,10,117
1,86,26,52,117
1,87,26,30,117
1,88,26,18,117
1,89,26,25,117
1,90,26,29,117
1,91,26,5,117
1,92,26,17,117
1,93,26,28,117
1,94,26,33,117
1,95,26,59,117
1,96,26,15,117
1,97,26,14,117
1,98,26,23,117
1,99,26,24,117
1,100,26,11,117
1,101,26,1,117
1,102,26,7,117
1,103,26,44,117
1,104,26,32,117
1,105,26,51,117
1,106,26,56,117
1,107,26,36,117
1,108,26,40,117
1,109,26,38,117
1,110,26,37,117
1,111,26,42,117
1,112,26,35,117
1,113,26,43,117
1,114,26,60,117
1,115,26,58,117
1,116,26,41,117
1,117,26,53,117
1,118,26,54,117
1,119,26,46,117
1,120,26,55,117
1,121,26,39,117
1,122,26,31,117
1,123,26,49,117
1,124,26,47,117
1,125,26,50,117
1,126,26,45,117
1,127,26,48,117
1,128,26,34,117
1,129,26,57,117
1,1,27,66,141
1,2,27,63,141
1,3,27,68,141
1,4,27,71,141
1,5,27,82,141
1,6,27,61,141
1,7,27,76,141
1,8,27,73,141
1,9,27,69,141
1,10,27,80,141
1,11,27,77,141
1,12,27,74,141
1,13,27,78,141
1,14,27,79,141
1,15,27,67,141
1,16,27,83,141
1,17,27,85,141
1,18,27,72,141
1,19,27,95,141
1,20,27,64,141
1,21,27,101,141
1,22,27,97,141
1,23,27,100,141
1,24,27,90,141
1,25,27,88,141
1,26,27,86,141
1,27,27,107,141
1,28,27,87,141
1,29,27,93,141
1,30,27,103,141
1,31,27,109,141
1,32,27,75,141
1,33,27,99,141
1,34,27,102,141
1,35,27,89,141
1,36,27,98,141
1,37,27,105,141
1,38,27,84,141
1,39,27,108,141
1,40,27,96,141
1,41,27,123,141
1,42,27,106,141
1,43,27,91,141
1,44,27,117,141
1,45,27,65,141
26,46,27,92,141
26,47,27,94,141
1,48,27,120,141
1,49,27,104,141
1,50,27,125,141
1,51,27,127,141
1,52,27,129,141
1,53,27,110,141
1,54,27,112,141
1,55,27,70,141
1,56,27,116,141
1,57,27,121,141
1,58,27,118,141
1,59,27,111,141
1,60,27,113,141
1,61,27,124,141
1,62,27,62,141
1,63,27,81,141
1,64,27,126,141
1,65,27,128,141
1,66,27,122,141
1,67,27,115,141
1,68,27,119,141
1,69,27,114,141
1,70,27,21,141
1,71,27,20,141
1,72,27,2,141
1,73,27,22,141
1,74,27,12,141
1,75,27,8,141
1,76,27,27,141
1,77,27,3,141
1,78,27,16,141
1,79,27,6,141
1,80,27,19,141
1,81,27,26,141
1,82,27,4,141
1,83,27,9,141
1,84,27,13,141
1,85,27,10,141
1,86,27,52,141
1,87,27,30,141
1,88,27,18,141
1,89,27,25,141
1,90,27,29,141
1,91,27,5,141
1,92,27,17,141
1,93,27,28,141
1,94,27,33,141
1,95,27,59,141
1,96,27,15,141
1,97,27,14,141
1,98,27,23,141
1,99,27,24,141
1,100,27,11,141
1,101,27,1,141
1,102,27,7,141
1,103,27,44,141
1,104,27,32,141
1,105,27,51,141
1,106,27,56,141
1,107,27,36,141
1,108,27,40,141
1,109,27,38,141
1,110,27,37,141
1,111,27,42,141
1,112,27,35,141
1,113,27,43,141
1,114,27,60,141
1,115,27,58,141
1,116,27,41,141
1,117,27,53,141
1,118,27,54,141
1,119,27,46,141
1,120,27,55,141
1,121,27,39,141
1,122,27,31,141
1,123,27,49,141
1,124,27,47,141
1,125,27,50,141
1,126,27,45,141
1,127,27,48,141
1,128,27,34,141
1,129,27,57,141
1,1,28,66,154
1,2,28,63,154
1,3,28,68,154
1,4,28,71,154
1,5,28,82,154
1,6,28,61,154
1,7,28,76,154
1,8,28,73,154
1,9,28,69,154
1,10,28,80,154
1,11,28,77,154
1,12,28,74,154
1,13,28,78,154
1,14,28,79,154
1,15,28,67,154
1,16,28,83,154
1,17,28,85,154
1,18,28,72,154
1,19,28,95,154
1,20,28,64,154
1,21,28,101,154
1,22,28,97,154
1,23,28,100,154
1,24,28,90,154
1,25,28,88,154
1,26,28,86,154
1,27,28,107,154
1,28,28,87,154
1,29,28,93,154
1,30,28,103,154
1,31,28,109,154
1,32,28,75,154
1,33,28,99,154
1,34,28,102,154
1,35,28,89,154
1,36,28,98,154
1,37,28,105,154
1,38,28,84,154
1,39,28,108,154
1,40,28,96,154
1,41,28,123,154
1,42,28,106,154
1,43,28,91,154
1,44,28,117,154
1,45,28,65,154
26,46,28,92,154
26,47,28,94,154
1,48,28,120,154
1,49,28,104,154
1,50,28,125,154
1,51,28,127,154
1,52,28,129,154
1,53,28,110,154
1,54,28,112,154
1,55,28,70,154
1,56,28,116,154
1,57,28,121,154
1,58,28,118,154
1,59,28,111,154
1,60,28,113,154
1,61,28,124,154
1,62,28,62,154
1,63,28,81,154
1,64,28,126,154
1,65,28,128,154
1,66,28,122,154
1,67,28,115,154
1,68,28,119,154
1,69,28,114,154
1,70,28,21,154
1,71,28,20,154
1,72,28,2,154
1,73,28,22,154
1,74,28,12,154
1,75,28,8,154
1,76,28,27,154
1,77,28,3,154
1,78,28,16,154
1,79,28,6,154
1,80,28,19,154
1,81,28,26,154
1,82,28,4,154
1,83,28,9,154
1,84,28,13,154
1,85,28,10,154
1,86,28,52,154
1,87,28,30,154
1,88,28,18,154
1,89,28,25,154
1,90,28,29,154
1,91,28,5,154
1,92,28,17,154
1,93,28,28,154
1,94,28,33,154
1,95,28,59,154
1,96,28,15,154
1,97,28,14,154
1,98,28,23,154
1,99,28,24,154
1,100,28,11,154
1,101,28,1,154
1,102,28,7,154
1,103,28,44,154
1,104,28,32,154
1,105,28,51,154
1,106,28,56,154
1,107,28,36,154
1,108,28,40,154
1,109,28,38,154
1,110,28,37,154
1,111,28,42,154
1,112,28,35,154
1,113,28,43,154
1,114,28,60,154
1,115,28,58,154
1,116,28,41,154
1,117,28,53,154
1,118,28,54,154
1,119,28,46,154
1,120,28,55,154
1,121,28,39,154
1,122,28,31,154
1,123,28,49,154
1,124,28,47,154
1,125,28,50,154
1,126,28,45,154
1,127,28,48,154
1,128,28,34,154
1,129,28,57,154
1,1,29,66,210
1,2,29,63,210
1,3,29,68,210
1,4,29,71,210
1,5,29,82,210
1,6,29,61,210
1,7,29,76,210
1,8,29,73,210
1,9,29,69,210
1,10,29,80,210
1,11,29,77,210
1,12,29,74,210
1,13,29,78,210
1,14,29,79,210
1,15,29,67,210
1,16,29,83,210
1,17,29,85,210
1,18,29,72,210
1,19,29,95,210
1,20,29,64,210
1,21,29,101,210
1,22,29,97,210
1,23,29,100,210
1,24,29,90,210
1,25,29,88,210
1,26,29,86,210
1,27,29,107,210
1,28,29,87,210
1,29,29,93,210
1,30,29,103,210
1,31,29,109,210
1,32,29,75,210
1,33,29,99,210
1,34,29,102,210
1,35,29,89,210
1,36,29,98,210
1,37,29,105,210
1,38,29,84,210
1,39,29,108,210
1,40,29,96,210
1,41,29,123,210
1,42,29,106,210
1,43,29,91,210
1,44,29,117,210
1,45,29,65,210
26,46,29,92,210
26,47,29,94,210
1,48,29,120,210
1,49,29,104,210
1,50,29,125,210
1,51,29,127,210
1,52,29,129,210
1,53,29,110,210
1,54,29,112,210
1,55,29,70,210
1,56,29,116,210
1,57,29,121,210
1,58,29,118,210
1,59,29,111,210
1,60,29,113,210
1,61,29,124,210
1,62,29,62,210
1,63,29,81,210
1,64,29,126,210
1,65,29,128,210
1,66,29,122,210
1,67,29,115,210
1,68,29,119,210
1,69,29,114,210
1,70,29,21,210
1,71,29,20,210
1,72,29,2,210
1,73,29,22,210
1,74,29,12,210
1,75,29,8,210
1,76,29,27,210
1,77,29,3,210
1,78,29,16,210
1,79,29,6,210
1,80,29,19,210
1,81,29,26,210
1,82,29,4,210
1,83,29,9,210
1,84,29,13,210
1,85,29,10,210
1,86,29,52,210
1,87,29,30,210
1,88,29,18,210
1,89,29,25,210
1,90,29,29,210
1,91,29,5,210
1,92,29,17,210
1,93,29,28,210
1,94,29,33,210
1,95,29,59,210
1,96,29,15,210
1,97,29,14,210
1,98,29,23,210
1,99,29,24,210
1,100,29,11,210
1,101,29,1,210
1,102,29,7,210
1,103,29,44,210
1,104,29,32,210
1,105,29,51,210
1,106,29,56,210
1,107,29,36,210
1,108,29,40,210
1,109,29,38,210
1,110,29,37,210
1,111,29,42,210
1,112,29,35,210
1,113,29,43,210
1,114,29,60,210
1,115,29,58,210
1,116,29,41,210
1,117,29,53,210
1,118,29,54,210
1,119,29,46,210
1,120,29,55,210
1,121,29,39,210
1,122,29,31,210
1,123,29,49,210
1,124,29,47,210
1,125,29,50,210
1,126,29,45,210
1,127,29,48,210
1,128,29,34,210
1,129,29,57,210
1,1,30,66,144
1,2,30,63,144
1,3,30,68,144
1,4,30,71,144
1,5,30,82,144
1,6,30,61,144
1,7,30,76,144
1,8,30,73,144
1,9,30,69,144
1,10,30,80,144
1,11,30,77,144
1,12,30,74,144
1,13,30,78,144
1,14,30,79,144
1,15,30,67,144
1,16,30,83,144
1,17,30,85,144
1,18,30,72,144
1,19,30,95,144
1,20,30,64,144
1,21,30,101,144
1,22,30,97,144
1,23,30,100,144
1,24,30,90,144
1,25,30,88,144
1,26,30,86,144
1,27,30,107,144
1,28,30,87,144
1,29,30,93,144
1,30,30,103,144
1,31,30,109,144
1,32,30,75,144
1,33,30,99,144
1,34,30,102,144
1,35,30,89,144
1,36,30,98,144
1,37,30,105,144
1,38,30,84,144
1,39,30,108,144
1,40,30,96,144
1,41,30,123,144
1,42,30,106,144
1,43,30,91,144
1,44,30,117,144
1,45,30,65,144
1,46,30,92,144
1,47,30,94,144
1,48,30,120,144
1,49,30,104,144
1,50,30,125,144
1,51,30,127,144
1,52,30,129,144
1,53,30,110,144
1,54,30,112,144
1,55,30,70,144
1,56,30,116,144
1,57,30,121,144
1,58,30,118,144
1,59,30,111,144
1,60,30,113,144
1,61,30,124,144
1,62,30,62,144
1,63,30,81,144
1,64,30,126,144
1,65,30,128,144
1,66,30,122,144
1,67,30,115,144
1,68,30,119,144
1,69,30,114,144
1,70,30,21,144
1,71,30,20,144
1,72,30,2,144
1,73,30,22,144
1,74,30,12,144
1,75,30,8,144
1,76,30,27,144
1,77,30,3,144
1,78,30,16,144
1,79,30,6,144
1,80,30,19,144
1,81,30,26,144
1,82,30,4,144
1,83,30,9,144
1,84,30,13,144
1,85,30,10,144
1,86,30,52,144
1,87,30,30,144
1,88,30,18,144
1,89,30,25,144
1,90,30,29,144
1,91,30,5,144
1,92,30,17,144
1,93,30,28,144
1,94,30,33,144
1,95,30,59,144
1,96,30,15,144
1,97,30,14,144
1,98,30,23,144
1,99,30,24,144
1,100,30,11,144
1,101,30,1,144
1,102,30,7,144
1,103,30,44,144
1,104,30,32,144
1,105,30,51,144
1,106,30,56,144
1,107,30,36,144
1,108,30,40,144
1,109,30,38,144
1,110,30,37,144
1,111,30,42,144
1,112,30,35,144
1,113,30,43,144
1,114,30,60,144
1,115,30,58,144
1,116,30,41,144
1,117,30,53,144
1,118,30,54,144
1,119,30,46,144
1,120,30,55,144
1,121,30,39,144
1,122,30,31,144
1,123,30,49,144
1,124,30,47,144
1,125,30,50,144
1,126,30,45,144
1,127,30,48,144
1,128,30,34,144
1,129,30,57,144
1,1,31,66,78
1,2,31,63,78
1,3,31,68,78
1,4,31,71,78
1,5,31,82,78
1,6,31,61,78
1,7,31,76,78
1,8,31,73,78
1,9,31,69,78
1,10,31,80,78
1,11,31,77,78
1,12,31,74,78
1,13,31,78,78
1,14,31,79,78
1,15,31,67,78
1,16,31,83,78
1,17,31,85,78
1,18,31,72,78
1,19,31,95,78
1,20,31,64,78
1,21,31,101,78
1,22,31,97,78
1,23,31,100,78
1,24,31,90,78
1,25,31,88,78
1,26,31,86,78
1,27,31,107,78
1,28,31,87,78
1,29,31,93,78
1,30,31,103,78
1,31,31,109,78
1,32,31,75,78
1,33,31,99,78
1,34,31,102,78
1,35,31,89,78
1,36,31,98,78
1,37,31,105,78
1,38,31,84,78
1,39,31,108,78
1,40,31,96,78
1,41,31,123,78
1,42,31,106,78
1,43,31,91,78
1,44,31,117,78
1,45,31,65,78
1,46,31,92,78
1,47,31,94,78
1,48,31,120,78
1,49,31,104,78
1,50,31,125,78
1,51,31,127,78
1,52,31,129,78
1,53,31,110,78
1,54,31,112,78
1,55,31,70,78
1,56,31,116,78
1,57,31,121,78
1,58,31,118,78
1,59,31,111,78
1,60,31,113,78
1,61,31,124,78
1,62,31,62,78
1,63,31,81,78
1,64,31,126,78
1,65,31,128,78
1,66,31,122,78
1,67,31,115,78
1,68,31,119,78
1,69,31,114,78
1,70,31,21,78
1,71,31,20,78
1,72,31,2,78
1,73,31,22,78
1,74,31,12,78
1,75,31,8,78
1,76,31,27,78
1,77,31,3,78
1,78,31,16,78
1,79,31,6,78
1,80,31,19,78
1,81,31,26,78
1,82,31,4,78
1,83,31,9,78
1,84,31,13,78
1,85,31,10,78
1,86,31,52,78
1,87,31,30,78
1,88,31,18,78
1,89,31,25,78
1,90,31,29,78
1,91,31,5,78
1,92,31,17,78
1,93,31,28,78
1,94,31,33,78
1,95,31,59,78
1,96,31,15,78
1,97,31,14,78
1,98,31,23,78
1,99,31,24,78
1,100,31,11,78
1,101,31,1,78
1,102,31,7,78
1,103,31,44,78
1,104,31,32,78
1,105,31,51,78
1,106,31,56,78
1,107,31,36,78
1,108,31,40,78
1,109,31,38,78
1,110,31,37,78
1,111,31,42,78
1,112,31,35,78
1,113,31,43,78
1,114,31,60,78
1,115,31,58,78
1,116,31,41,78
1,117,31,53,78
1,118,31,54,78
1,119,31,46,78
1,120,31,55,78
1,121,31,39,78
1,122,31,31,78
1,123,31,49,78
1,124,31,47,78
1,125,31,50,78
1,126,31,45,78
1,127,31,48,78
1,128,31,34,78
1,129,31,57,78
1,1,32,66,152
1,2,32,63,152
1,3,32,68,152
1,4,32,71,152
1,5,32,82,152
1,6,32,61,152
1,7,32,76,152
1,8,32,73,152
1,9,32,69,152
1,10,32,80,152
1,11,32,77,152
1,12,32,74,152
1,13,32,78,152
1,14,32,79,152
1,15,32,67,152
1,16,32,83,152
1,17,32,85,152
1,18,32,72,152
1,19,32,95,152
1,20,32,64,152
1,21,32,101,152
1,22,32,97,152
1,23,32,100,152
1,24,32,90,152
1,25,32,88,152
1,26,32,86,152
1,27,32,107,152
1,28,32,87,152
1,29,32,93,152
1,30,32,103,152
1,31,32,109,152
1,32,32,75,152
1,33,32,99,152
1,34,32,102,152
1,35,32,89,152
1,36,32,98,152
1,37,32,105,152
1,38,32,84,152
1,39,32,108,152
1,40,32,96,152
1,41,32,123,152
1,42,32,106,152
1,43,32,91,152
1,44,32,117,152
1,45,32,65,152
1,46,32,92,152
1,47,32,94,152
1,48,32,120,152
1,49,32,104,152
1,50,32,125,152
1,51,32,127,152
1,52,32,129,152
1,53,32,110,152
1,54,32,112,152
1,55,32,70,152
1,56,32,116,152
1,57,32,121,152
1,58,32,118,152
1,59,32,111,152
1,60,32,113,152
1,61,32,124,152
1,62,32,62,152
1,63,32,81,152
1,64,32,126,152
1,65,32,128,152
1,66,32,122,152
1,67,32,115,152
1,68,32,119,152
1,69,32,114,152
1,70,32,21,152
1,71,32,20,152
1,72,32,2,152
1,73,32,22,152
1,74,32,12,152
1,75,32,8,152
1,76,32,27,152
1,77,32,3,152
1,78,32,16,152
1,79,32,6,152
1,80,32,19,152
1,81,32,26,152
1,82,32,4,152
1,83,32,9,152
1,84,32,13,152
1,85,32,10,152
1,86,32,52,152
1,87,32,30,152
1,88,32,18,152
1,89,32,25,152
1,90,32,29,152
1,91,32,5,152
1,92,32,17,152
1,93,32,28,152
1,94,32,33,152
1,95,32,59,152
1,96,32,15,152
1,97,32,14,152
1,98,32,23,152
1,99,32,24,152
1,100,32,11,152
1,101,32,1,152
1,102,32,7,152
1,103,32,44,152
1,104,32,32,152
1,105,32,51,152
1,106,32,56,152
1,107,32,36,152
1,108,32,40,152
1,109,32,38,152
1,110,32,37,152
1,111,32,42,152
1,112,32,35,152
1,113,32,43,152
1,114,32,60,152
1,115,32,58,152
1,116,32,41,152
1,117,32,53,152
1,118,32,54,152
1,119,32,46,152
1,120,32,55,152
1,121,32,39,152
1,122,32,31,152
1,123,32,49,152
1,124,32,47,152
1,125,32,50,152
1,126,32,45,152
1,127,32,48,152
1,128,32,34,152
1,129,32,57,152
1,1,33,66,58
1,2,33,63,58
1,3,33,68,58
1,4,33,71,58
1,5,33,82,58
1,6,33,61,58
1,7,33,76,58
1,8,33,73,58
1,9,33,69,58
1,10,33,80,58
1,11,33,77,58
1,12,33,74,58
1,13,33,78,58
1,14,33,79,58
1,15,33,67,58
1,16,33,83,58
1,17,33,85,58
1,18,33,72,58
1,19,33,95,58
1,20,33,64,58
1,21,33,101,58
1,22,33,97,58
1,23,33,100,58
1,24,33,90,58
1,25,33,88,58
1,26,33,86,58
1,27,33,107,58
1,28,33,87,58
1,29,33,93,58
1,30,33,103,58
1,31,33,109,58
1,32,33,75,58
1,33,33,99,58
1,34,33,102,58
1,35,33,89,58
1,36,33,98,58
1,37,33,105,58
1,38,33,84,58
1,39,33,108,58
1,40,33,96,58
1,41,33,123,58
1,42,33,106,58
1,43,33,91,58
1,44,33,117,58
1,45,33,65,58
1,46,33,92,58
1,47,33,94,58
1,48,33,120,58
1,49,33,104,58
1,50,33,125,58
1,51,33,127,58
1,52,33,129,58
1,53,33,110,58
1,54,33,112,58
1,55,33,70,58
1,56,33,116,58
1,57,33,121,58
1,58,33,118,58
1,59,33,111,58
1,60,33,113,58
1,61,33,124,58
1,62,33,62,58
1,63,33,81,58
1,64,33,126,58
1,65,33,128,58
1,66,33,122,58
1,67,33,115,58
1,68,33,119,58
1,69,33,114,58
1,70,33,21,58
1,71,33,20,58
1,72,33,2,58
1,73,33,22,58
1,74,33,12,58
1,75,33,8,58
1,76,33,27,58
1,77,33,3,58
1,78,33,16,58
1,79,33,6,58
1,80,33,19,58
1,81,33,26,58
1,82,33,4,58
1,83,33,9,58
1,84,33,13,58
1,85,33,10,58
1,86,33,52,58
1,87,33,30,58
1,88,33,18,58
1,89,33,25,58
1,90,33,29,58
1,91,33,5,58
1,92,33,17,58
1,93,33,28,58
1,94,33,33,58
1,95,33,59,58
1,96,33,15,58
1,97,33,14,58
1,98,33,23,58
1,99,33,24,58
1,100,33,11,58
1,101,33,1,58
1,102,33,7,58
1,103,33,44,58
1,104,33,32,58
1,105,33,51,58
1,106,33,56,58
1,107,33,36,58
1,108,33,40,58
1,109,33,38,58
1,110,33,37,58
1,111,33,42,58
1,112,33,35,58
1,113,33,43,58
1,114,33,60,58
1,115,33,58,58
1,116,33,41,58
1,117,33,53,58
1,118,33,54,58
1,119,33,46,58
1,120,33,55,58
1,121,33,39,58
1,122,33,31,58
1,123,33,49,58
1,124,33,47,58
1,125,33,50,58
1,126,33,45,58
1,127,33,48,58
1,128,33,34,58
1,129,33,57,58
1,1,34,66,20
1,2,34,63,20
1,3,34,68,20
1,4,34,71,20
1,5,34,82,20
1,6,34,61,20
1,7,34,76,20
1,8,34,73,20
1,9,34,69,20
1,10,34,80,20
1,11,34,77,20
1,12,34,74,20
1,13,34,78,20
1,14,34,79,20
1,15,34,67,20
1,16,34,83,20
1,17,34,85,20
1,18,34,72,20
1,19,34,95,20
1,20,34,64,20
1,21,34,101,20
1,22,34,97,20
1,23,34,100,20
1,24,34,90,20
1,25,34,88,20
1,26,34,86,20
1,27,34,107,20
1,28,34,87,20
1,29,34,93,20
1,30,34,103,20
1,31,34,109,20
1,32,34,75,20
1,33,34,99,20
1,34,34,102,20
1,35,34,89,20
1,36,34,98,20
1,37,34,105,20
1,38,34,84,20
1,39,34,108,20
1,40,34,96,20
1,41,34,123,20
1,42,34,106,20
1,43,34,91,20
1,44,34,117,20
1,45,34,65,20
1,46,34,92,20
1,47,34,94,20
1,48,34,120,20
1,49,34,104,20
1,50,34,125,20
1,51,34,127,20
1,52,34,129,20
1,53,34,110,20
1,54,34,112,20
1,55,34,70,20
1,56,34,116,20
1,57,34,121,20
1,58,34,118,20
1,59,34,111,20
1,60,34,113,20
1,61,34,124,20
1,62,34,62,20
1,63,34,81,20
1,64,34,126,20
1,65,34,128,20
1,66,34,122,20
1,67,34,115,20
1,68,34,119,20
1,69,34,114,20
1,70,34,21,20
1,71,34,20,20
1,72,34,2,20
1,73,34,22,20
1,74,34,12,20
1,75,34,8,20
1,76,34,27,20
1,77,34,3,20
1,78,34,16,20
1,79,34,6,20
1,80,34,19,20
1,81,34,26,20
1,82,34,4,20
1,83,34,9,20
1,84,34,13,20
1,85,34,10,20
1,86,34,52,20
1,87,34,30,20
1,88,34,18,20
1,89,34,25,20
1,90,34,29,20
1,91,34,5,20
1,92,34,17,20
1,93,34,28,20
1,94,34,33,20
1,95,34,59,20
1,96,34,15,20
1,97,34,14,20
1,98,34,23,20
1,99,34,24,20
1,100,34,11,20
1,101,34,1,20
1,102,34,7,20
1,103,34,44,20
1,104,34,32,20
1,105,34,51,20
1,106,34,56,20
1,107,34,36,20
1,108,34,40,20
1,109,34,38,20
1,110,34,37,20
1,111,34,42,20
1,112,34,35,20
1,113,34,43,20
1,114,34,60,20
1,115,34,58,20
1,116,34,41,20
1,117,34,53,20
1,118,34,54,20
1,119,34,46,20
1,120,34,55,20
1,121,34,39,20
1,122,34,31,20
1,123,34,49,20
1,124,34,47,20
1,125,34,50,20
1,126,34,45,20
1,127,34,48,20
1,128,34,34,20
1,129,34,57,20
1,1,35,66,186
1,2,35,63,186
1,3,35,68,186
1,4,35,71,186
1,5,35,82,186
1,6,35,61,186
1,7,35,76,186
1,8,35,73,186
1,9,35,69,186
1,10,35,80,186
1,11,35,77,186
1,12,35,74,186
1,13,35,78,186
1,14,35,79,186
1,15,35,67,186
1,16,35,83,186
1,17,35,85,186
1,18,35,72,186
1,19,35,95,186
1,20,35,64,186
1,21,35,101,186
1,22,35,97,186
1,23,35,100,186
1,24,35,90,186
1,25,35,88,186
1,26,35,86,186
1,27,35,107,186
1,28,35,87,186
1,29,35,93,186
1,30,35,103,186
1,31,35,109,186
1,32,35,75,186
1,33,35,99,186
1,34,35,102,186
1,35,35,89,186
1,36,35,98,186
1,37,35,105,186
1,38,35,84,186
1,39,35,108,186
1,40,35,96,186
1,41,35,123,186
1,42,35,106,186
1,43,35,91,186
1,44,35,117,186
1,45,35,65,186
1,46,35,92,186
1,47,35,94,186
1,48,35,120,186
1,49,35,104,186
1,50,35,125,186
1,51,35,127,186
1,52,35,129,186
1,53,35,110,186
1,54,35,112,186
1,55,35,70,186
1,56,35,116,186
1,57,35,121,186
1,58,35,118,186
1,59,35,111,186
1,60,35,113,186
1,61,35,124,186
1,62,35,62,186
1,63,35,81,186
1,64,35,126,186
1,65,35,128,186
1,66,35,122,186
1,67,35,115,186
1,68,35,119,186
1,69,35,114,186
1,70,35,21,186
1,71,35,20,186
1,72,35,2,186
1,73,35,22,186
1,74,35,12,186
1,75,35,8,186
1,76,35,27,186
1,77,35,3,186
1,78,35,16,186
1,79,35,6,186
1,80,35,19,186
1,81,35,26,186
1,82,35,4,186
1,83,35,9,186
1,84,35,13,186
1,85,35,10,186
1,86,35,52,186
1,87,35,30,186
1,88,35,18,186
1,89,35,25,186
1,90,35,29,186
1,91,35,5,186
1,92,35,17,186
1,93,35,28,186
1,94,35,33,186
1,95,35,59,186
1,96,35,15,186
1,97,35,14,186
1,98,35,23,186
1,99,35,24,186
1,100,35,11,186
1,101,35,1,186
1,102,35,7,186
1,103,35,44,186
1,104,35,32,186
1,105,35,51,186
1,106,35,56,186
1,107,35,36,186
1,108,35,40,186
1,109,35,38,186
1,110,35,37,186
1,111,35,42,186
1,112,35,35,186
1,113,35,43,186
1,114,35,60,186
1,115,35,58,186
1,116,35,41,186
1,117,35,53,186
1,118,35,54,186
1,119,35,46,186
1,120,35,55,186
1,121,35,39,186
1,122,35,31,186
1,123,35,49,186
1,124,35,47,186
1,125,35,50,186
1,126,35,45,186
1,127,35,48,186
1,128,35,34,186
1,129,35,57,186
1,1,36,66,139
1,2,36,63,139
1,3,36,68,139
1,4,36,71,139
1,5,36,82,139
1,6,36,61,139
15,7,36,76,139
15,8,36,73,139
15,9,36,69,139
15,10,36,80,139
15,11,36,77,139
15,12,36,74,139
15,13,36,78,139
15,14,36,79,139
15,15,36,67,139
15,16,36,83,139
1,17,36,85,139
1,18,36,72,139
1,19,36,95,139
1,20,36,64,139
1,21,36,101,139
1,22,36,97,139
1,23,36,100,139
1,24,36,90,139
1,25,36,88,139
1,26,36,86,139
1,27,36,107,139
1,28,36,87,139
1,29,36,93,139
1,30,36,103,139
1,31,36,109,139
1,32,36,75,139
1,33,36,99,139
1,34,36,102,139
1,35,36,89,139
1,36,36,98,139
1,37,36,105,139
1,38,36,84,139
1,39,36,108,139
1,40,36,96,139
1,41,36,123,139
1,42,36,106,139
1,43,36,91,139
1,44,36,117,139
1,45,36,65,139
1,46,36,92,139
1,47,36,94,139
27,48,36,120,139
27,49,36,104,139
27,50,36,125,139
27,51,36,127,139
27,52,36,129,139
27,53,36,110,139
27,54,36,112,139
27,55,36,70,139
27,56,36,116,139
22,57,36,121,139
22,58,36,118,139
22,59,36,111,139
22,60,36,113,139
22,61,36,124,139
1,62,36,62,139
1,63,36,81,139
1,64,36,126,139
1,65,36,128,139
1,66,36,122,139
1,67,36,115,139
1,68,36,119,139
1,69,36,114,139
1,70,36,21,139
1,71,36,20,139
1,72,36,2,139
1,73,36,22,139
1,74,36,12,139
1,75,36,8,139
1,76,36,27,139
1,77,36,3,139
1,78,36,16,139
1,79,36,6,139
1,80,36,19,139
1,81,36,26,139
1,82,36,4,139
1,83,36,9,139
1,84,36,13,139
1,85,36,10,139
1,86,36,52,139
1,87,36,30,139
1,88,36,18,139
1,89,36,25,139
1,90,36,29,139
1,91,36,5,139
1,92,36,17,139
1,93,36,28,139
1,94,36,33,139
1,95,36,59,139
1,96,36,15,139
1,97,36,14,139
1,98,36,23,139
1,99,36,24,139
1,100,36,11,139
1,101,36,1,139
1,102,36,7,139
1,103,36,44,139
1,104,36,32,139
1,105,36,51,139
1,106,36,56,139
1,107,36,36,139
1,108,36,40,139
1,109,36,38,139
1,110,36,37,139
1,111,36,42,139
1,112,36,35,139
1,113,36,43,139
1,114,36,60,139
1,115,36,58,139
1,116,36,41,139
1,117,36,53,139
1,118,36,54,139
1,119,36,46,139
1,120,36,55,139
1,121,36,39,139
1,122,36,31,139
1,123,36,49,139
1,124,36,47,139
1,125,36,50,139
1,126,36,45,139
1,127,36,48,139
1,128,36,34,139
1,129,36,57,139
1,1,37,66,185
1,2,37,63,185
1,3,37,68,185
1,4,37,71,185
1,5,37,82,185
1,6,37,61,185
15,7,37,76,185
15,8,37,73,185
15,9,37,69,185
15,10,37,80,185
15,11,37,77,185
15,12,37,74,185
15,13,37,78,185
15,14,37,79,185
15,15,37,67,185
15,16,37,83,185
1,17,37,85,185
1,18,37,72,185
1,19,37,95,185
1,20,37,64,185
1,21,37,101,185
1,22,37,97,185
1,23,37,100,185
1,24,37,90,185
1,25,37,88,185
1,26,37,86,185
1,27,37,107,185
1,28,37,87,185
1,29,37,93,185
1,30,37,103,185
1,31,37,109,185
1,32,37,75,185
1,33,37,99,185
1,34,37,102,185
1,35,37,89,185
1,36,37,98,185
1,37,37,105,185
1,38,37,84,185
1,39,37,108,185
1,40,37,96,185
1,41,37,123,185
1,42,37,106,185
1,43,37,91,185
1,44,37,117,185
1,45,37,65,185
1,46,37,92,185
1,47,37,94,185
27,48,37,120,185
27,49,37,104,185
27,50,37,125,185
27,51,37,127,185
27,52,37,129,185
27,53,37,110,185
27,54,37,112,185
27,55,37,70,185
27,56,37,116,185
22,57,37,121,185
22,58,37,118,185
22,59,37,111,185
22,60,37,113,185
22,61,37,124,185
1,62,37,62,185
1,63,37,81,185
1,64,37,126,185
1,65,37,128,185
1,66,37,122,185
1,67,37,115,185
1,68,37,119,185
1,69,37,114,185
1,70,37,21,185
1,71,37,20,185
1,72,37,2,185
1,73,37,22,185
1,74,37,12,185
1,75,37,8,185
1,76,37,27,185
1,77,37,3,185
1,78,37,16,185
1,79,37,6,185
1,80,37,19,185
1,81,37,26,185
1,82,37,4,185
1,83,37,9,185
1,84,37,13,185
1,85,37,10,185
1,86,37,52,185
1,87,37,30,185
1,88,37,18,185
1,89,37,25,185
1,90,37,29,185
1,91,37,5,185
1,92,37,17,185
1,93,37,28,185
1,94,37,33,185
1,95,37,59,185
1,96,37,15,185
1,97,37,14,185
1,98,37,23,185
1,99,37,24,185
1,100,37,11,185
1,101,37,1,185
1,102,37,7,185
1,103,37,44,185
1,104,37,32,185
1,105,37,51,185
1,106,37,56,185
1,107,37,36,185
1,108,37,40,185
1,109,37,38,185
1,110,37,37,185
1,111,37,42,185
1,112,37,35,185
1,113,37,43,185
1,114,37,60,185
1,115,37,58,185
1,116,37,41,185
1,117,37,53,185
1,118,37,54,185
1,119,37,46,185
1,120,37,55,185
1,121,37,39,185
1,122,37,31,185
1,123,37,49,185
1,124,37,47,185
1,125,37,50,185
1,126,37,45,185
1,127,37,48,185
1,128,37,34,185
1,129,37,57,185
1,1,38,66,124
1,2,38,63,124
1,3,38,68,124
1,4,38,71,124
1,5,38,82,124
1,6,38,61,124
1,7,38,76,124
1,8,38,73,124
1,9,38,69,124
1,10,38,80,124
1,11,38,77,124
1,12,38,74,124
1,13,38,78,124
1,14,38,79,124
1,15,38,67,124
1,16,38,83,124
1,17,38,85,124
1,18,38,72,124
1,19,38,95,124
1,20,38,64,124
1,21,38,101,124
1,22,38,97,124
1,23,38,100,124
1,24,38,90,124
1,25,38,88,124
1,26,38,86,124
1,27,38,107,124
1,28,38,87,124
1,29,38,93,124
1,30,38,103,124
1,31,38,109,124
1,32,38,75,124
1,33,38,99,124
1,34,38,102,124
1,35,38,89,124
1,36,38,98,124
1,37,38,105,124
1,38,38,84,124
1,39,38,108,124
1,40,38,96,124
1,41,38,123,124
1,42,38,106,124
1,43,38,91,124
1,44,38,117,124
1,45,38,65,124
1,46,38,92,124
1,47,38,94,124
27,48,38,120,124
27,49,38,104,124
27,50,38,125,124
27,51,38,127,124
27,52,38,129,124
27,53,38,110,124
27,54,38,112,124
27,55,38,70,124
27,56,38,116,124
22,57,38,121,124
22,58,38,118,124
22,59,38,111,124
22,60,38,113,124
22,61,38,124,124
1,62,38,62,124
1,63,38,81,124
1,64,38,126,124
1,65,38,128,124
1,66,38,122,124
1,67,38,115,124
1,68,38,119,124
1,69,38,114,124
1,70,38,21,124
1,71,38,20,124
1,72,38,2,124
1,73,38,22,124
1,74,38,12,124
1,75,38,8,124
1,76,38,27,124
1,77,38,3,124
1,78,38,16,124
1,79,38,6,124
1,80,38,19,124
1,81,38,26,124
1,82,38,4,124
1,83,38,9,124
1,84,38,13,124
1,85,38,10,124
1,86,38,52,124
1,87,38,30,124
1,88,38,18,124
1,89,38,25,124
1,90,38,29,124
1,91,38,5,124
1,92,38,17,124
1,93,38,28,124
1,94,38,33,124
1,95,38,59,124
1,96,38,15,124
1,97,38,14,124
1,98,38,23,124
1,99,38,24,124
1,100,38,11,124
1,101,38,1,124
1,102,38,7,124
1,103,38,44,124
1,104,38,32,124
1,105,38,51,124
1,106,38,56,124
1,107,38,36,124
1,108,38,40,124
1,109,38,38,124
1,110,38,37,124
1,111,38,42,124
1,112,38,35,124
1,113,38,43,124
1,114,38,60,124
1,115,38,58,124
1,116,38,41,124
1,117,38,53,124
1,118,38,54,124
1,119,38,46,124
1,120,38,55,124
1,121,38,39,124
1,122,38,31,124
1,123,38,49,124
1,124,38,47,124
1,125,38,50,124
1,126,38,45,124
1,127,38,48,124
1,128,38,34,124
1,129,38,57,124
1,1,39,66,82
1,2,39,63,82
1,3,39,68,82
1,4,39,71,82
1,5,39,82,82
1,6,39,61,82
1,7,39,76,82
1,8,39,73,82
1,9,39,69,82
1,10,39,80,82
1,11,39,77,82
1,12,39,74,82
1,13,39,78,82
1,14,39,79,82
1,15,39,67,82
1,16,39,83,82
1,17,39,85,82
1,18,39,72,82
1,19,39,95,82
1,20,39,64,82
1,21,39,101,82
1,22,39,97,82
1,23,39,100,82
1,24,39,90,82
1,25,39,88,82
1,26,39,86,82
1,27,39,107,82
1,28,39,87,82
1,29,39,93,82
1,30,39,103,82
1,31,39,109,82
1,32,39,75,82
1,33,39,99,82
1,34,39,102,82
1,35,39,89,82
1,36,39,98,82
1,37,39,105,82
1,38,39,84,82
1,39,39,108,82
1,40,39,96,82
1,41,39,123,82
1,42,39,106,82
1,43,39,91,82
1,44,39,117,82
1,45,39,65,82
1,46,39,92,82
1,47,39,94,82
27,48,39,120,82
27,49,39,104,82
27,50,39,125,82
27,51,39,127,82
27,52,39,129,82
27,53,39,110,82
27,54,39,112,82
27,55,39,70,82
27,56,39,116,82
22,57,39,121,82
22,58,39,118,82
22,59,39,111,82
22,60,39,113,82
22,61,39,124,82
1,62,39,62,82
1,63,39,81,82
1,64,39,126,82
1,65,39,128,82
1,66,39,122,82
1,67,39,115,82
1,68,39,119,82
1,69,39,114,82
1,70,39,21,82
1,71,39,20,82
1,72,39,2,82
1,73,39,22,82
1,74,39,12,82
1,75,39,8,82
1,76,39,27,82
1,77,39,3,82
1,78,39,16,82
1,79,39,6,82
1,80,39,19,82
1,81,39,26,82
1,82,39,4,82
1,83,39,9,82
1,84,39,13,82
1,85,39,10,82
1,86,39,52,82
1,87,39,30,82
1,88,39,18,82
1,89,39,25,82
1,90,39,29,82
1,91,39,5,82
1,92,39,17,82
1,93,39,28,82
1,94,39,33,82
1,95,39,59,82
1,96,39,15,82
1,97,39,14,82
1,98,39,23,82
1,99,39,24,82
1,100,39,11,82
1,101,39,1,82
1,102,39,7,82
1,103,39,44,82
1,104,39,32,82
1,105,39,51,82
1,106,39,56,82
1,107,39,36,82
1,108,39,40,82
1,109,39,38,82
1,110,39,37,82
1,111,39,42,82
1,112,39,35,82
1,113,39,43,82
1,114,39,60,82
1,115,39,58,82
1,116,39,41,82
1,117,39,53,82
1,118,39,54,82
1,119,39,46,82
1,120,39,55,82
1,121,39,39,82
1,122,39,31,82
1,123,39,49,82
1,124,39,47,82
1,125,39,50,82
1,126,39,45,82
1,127,39,48,82
1,128,39,34,82
1,129,39,57,82
1,1,40,66,224
1,2,40,63,224
1,3,40,68,224
1,4,40,71,224
1,5,40,82,224
1,6,40,61,224
1,7,40,76,224
1,8,40,73,224
1,9,40,69,224
1,10,40,80,224
1,11,40,77,224
1,12,40,74,224
1,13,40,78,224
1,14,40,79,224
1,15,40,67,224
1,16,40,83,224
1,17,40,85,224
1,18,40,72,224
1,19,40,95,224
1,20,40,64,224
1,21,40,101,224
1,22,40,97,224
1,23,40,100,224
1,24,40,90,224
1,25,40,88,224
1,26,40,86,224
1,27,40,107,224
1,28,40,87,224
1,29,40,93,224
1,30,40,103,224
1,31,40,109,224
1,32,40,75,224
1,33,40,99,224
1,34,40,102,224
1,35,40,89,224
1,36,40,98,224
1,37,40,105,224
1,38,40,84,224
1,39,40,108,224
1,40,40,96,224
1,41,40,123,224
1,42,40,106,224
1,43,40,91,224
1,44,40,117,224
1,45,40,65,224
1,46,40,92,224
1,47,40,94,224
27,48,40,120,224
27,49,40,104,224
27,50,40,125,224
27,51,40,127,224
27,52,40,129,224
27,53,40,110,224
27,54,40,112,224
27,55,40,70,224
27,56,40,116,224
22,57,40,121,224
22,58,40,118,224
22,59,40,111,224
22,60,40,113,224
22,61,40,124,224
1,62,40,62,224
1,63,40,81,224
1,64,40,126,224
1,65,40,128,224
1,66,40,122,224
1,67,40,115,224
1,68,40,119,224
1,69,40,114,224
1,70,40,21,224
1,71,40,20,224
1,72,40,2,224
1,73,40,22,224
1,74,40,12,224
1,75,40,8,224
1,76,40,27,224
1,77,40,3,224
1,78,40,16,224
1,79,40,6,224
1,80,40,19,224
1,81,40,26,224
1,82,40,4,224
1,83,40,9,224
1,84,40,13,224
1,85,40,10,224
1,86,40,52,224
1,87,40,30,224
1,88,40,18,224
1,89,40,25,224
1,90,40,29,224
1,91,40,5,224
1,92,40,17,224
1,93,40,28,224
1,94,40,33,224
1,95,40,59,224
1,96,40,15,224
1,97,40,14,224
1,98,40,23,224
1,99,40,24,224
1,100,40,11,224
1,101,40,1,224
1,102,40,7,224
1,103,40,44,224
1,104,40,32,224
1,105,40,51,224
1,106,40,56,224
1,107,40,36,224
1,108,40,40,224
1,109,40,38,224
1,110,40,37,224
1,111,40,42,224
1,112,40,35,224
1,113,40,43,224
1,114,40,60,224
1,115,40,58,224
1,116,40,41,224
1,117,40,53,224
1,118,40,54,224
1,119,40,46,224
1,120,40,55,224
1,121,40,39,224
1,122,40,31,224
1,123,40,49,224
1,124,40,47,224
1,125,40,50,224
1,126,40,45,224
1,127,40,48,224
1,128,40,34,224
1,129,40,57,224
1,1,41,66,182
1,2,41,63,182
1,3,41,68,182
1,4,41,71,182
1,5,41,82,182
1,6,41,61,182
1,7,41,76,182
1,8,41,73,182
1,9,41,69,182
1,10,41,80,182
1,11,41,77,182
1,12,41,74,182
1,13,41,78,182
1,14,41,79,182
1,15,41,67,182
1,16,41,83,182
1,17,41,85,182
1,18,41,72,182
1,19,41,95,182
1,20,41,64,182
1,21,41,101,182
1,22,41,97,182
1,23,41,100,182
1,24,41,90,182
1,25,41,88,182
1,26,41,86,182
1,27,41,107,182
1,28,41,87,182
1,29,41,93,182
1,30,41,103,182
1,31,41,109,182
1,32,41,75,182
1,33,41,99,182
1,34,41,102,182
1,35,41,89,182
1,36,41,98,182
1,37,41,105,182
1,38,41,84,182
1,39,41,108,182
1,40,41,96,182
1,41,41,123,182
1,42,41,106,182
1,43,41,91,182
1,44,41,117,182
1,45,41,65,182
1,46,41,92,182
1,47,41,94,182
27,48,41,120,182
27,49,41,104,182
27,50,41,125,182
27,51,41,127,182
27,52,41,129,182
27,53,41,110,182
27,54,41,112,182
27,55,41,70,182
27,56,41,116,182
22,57,41,121,182
22,58,41,118,182
22,59,41,111,182
22,60,41,113,182
22,61,41,124,182
1,62,41,62,182
1,63,41,81,182
1,64,41,126,182
1,65,41,128,182
1,66,41,122,182
1,67,41,115,182
1,68,41,119,182
1,69,41,114,182
1,70,41,21,182
1,71,41,20,182
1,72,41,2,182
1,73,41,22,182
1,74,41,12,182
1,75,41,8,182
1,76,41,27,182
1,77,41,3,182
1,78,41,16,182
1,79,41,6,182
1,80,41,19,182
1,81,41,26,182
1,82,41,4,182
1,83,41,9,182
1,84,41,13,182
1,85,41,10,182
1,86,41,52,182
1,87,41,30,182
1,88,41,18,182
1,89,41,25,182
1,90,41,29,182
1,91,41,5,182
1,92,41,17,182
1,93,41,28,182
1,94,41,33,182
1,95,41,59,182
1,96,41,15,182
1,97,41,14,182
1,98,41,23,182
1,99,41,24,182
1,100,41,11,182
1,101,41,1,182
1,102,41,7,182
1,103,41,44,182
1,104,41,32,182
1,105,41,51,182
1,106,41,56,182
1,107,41,36,182
1,108,41,40,182
1,109,41,38,182
1,110,41,37,182
1,111,41,42,182
1,112,41,35,182
1,113,41,43,182
1,114,41,60,182
1,115,41,58,182
1,116,41,41,182
1,117,41,53,182
1,118,41,54,182
1,119,41,46,182
1,120,41,55,182
1,121,41,39,182
1,122,41,31,182
1,123,41,49,182
1,124,41,47,182
1,125,41,50,182
1,126,41,45,182
1,127,41,48,182
1,128,41,34,182
1,129,41,57,182
1,1,42,66,6
1,2,42,63,6
1,3,42,68,6
1,4,42,71,6
1,5,42,82,6
1,6,42,61,6
1,7,42,76,6
1,8,42,73,6
1,9,42,69,6
1,10,42,80,6
1,11,42,77,6
1,12,42,74,6
1,13,42,78,6
1,14,42,79,6
1,15,42,67,6
1,16,42,83,6
1,17,42,85,6
1,18,42,72,6
1,19,42,95,6
1,20,42,64,6
1,21,42,101,6
1,22,42,97,6
1,23,42,100,6
1,24,42,90,6
1,25,42,88,6
1,26,42,86,6
1,27,42,107,6
1,28,42,87,6
1,29,42,93,6
1,30,42,103,6
1,31,42,109,6
1,32,42,75,6
1,33,42,99,6
1,34,42,102,6
1,35,42,89,6
1,36,42,98,6
1,37,42,105,6
1,38,42,84,6
1,39,42,108,6
1,40,42,96,6
1,41,42,123,6
1,42,42,106,6
1,43,42,91,6
1,44,42,117,6
1,45,42,65,6
1,46,42,92,6
1,47,42,94,6
27,48,42,120,6
27,49,42,104,6
27,50,42,125,6
27,51,42,127,6
27,52,42,129,6
27,53,42,110,6
27,54,42,112,6
27,55,42,70,6
27,56,42,116,6
22,57,42,121,6
22,58,42,118,6
22,59,42,111,6
22,60,42,113,6
22,61,42,124,6
1,62,42,62,6
1,63,42,81,6
1,64,42,126,6
1,65,42,128,6
1,66,42,122,6
1,67,42,115,6
1,68,42,119,6
1,69,42,114,6
1,70,42,21,6
1,71,42,20,6
1,72,42,2,6
1,73,42,22,6
1,74,42,12,6
1,75,42,8,6
1,76,42,27,6
1,77,42,3,6
1,78,42,16,6
1,79,42,6,6
1,80,42,19,6
1,81,42,26,6
1,82,42,4,6
1,83,42,9,6
1,84,42,13,6
1,85,42,10,6
1,86,42,52,6
1,87,42,30,6
1,88,42,18,6
1,89,42,25,6
1,90,42,29,6
1,91,42,5,6
1,92,42,17,6
1,93,42,28,6
1,94,42,33,6
1,95,42,59,6
1,96,42,15,6
1,97,42,14,6
1,98,42,23,6
1,99,42,24,6
1,100,42,11,6
1,101,42,1,6
1,102,42,7,6
1,103,42,44,6
1,104,42,32,6
1,105,42,51,6
1,106,42,56,6
1,107,42,36,6
1,108,42,40,6
1,109,42,38,6
1,110,42,37,6
1,111,42,42,6
1,112,42,35,6
1,113,42,43,6
1,114,42,60,6
1,115,42,58,6
1,116,42,41,6
1,117,42,53,6
1,118,42,54,6
1,119,42,46,6
1,120,42,55,6
1,121,42,39,6
1,122,42,31,6
1,123,42,49,6
1,124,42,47,6
1,125,42,50,6
1,126,42,45,6
1,127,42,48,6
1,128,42,34,6
1,129,42,57,6
1,1,43,66,31
1,2,43,63,31
1,3,43,68,31
1,4,43,71,31
1,5,43,82,31
1,6,43,61,31
1,7,43,76,31
1,8,43,73,31
1,9,43,69,31
1,10,43,80,31
1,11,43,77,31
1,12,43,74,31
1,13,43,78,31
1,14,43,79,31
1,15,43,67,31
1,16,43,83,31
1,17,43,85,31
1,18,43,72,31
37,19,43,95,31
37,20,43,64,31
37,21,43,101,31
37,22,43,97,31
37,23,43,100,31
37,24,43,90,31
37,25,43,88,31
37,26,43,86,31
37,27,43,107,31
37,28,43,87,31
37,29,43,93,31
37,30,43,103,31
1,31,43,109,31
1,32,43,75,31
1,33,43,99,31
1,34,43,102,31
1,35,43,89,31
1,36,43,98,31
1,37,43,105,31
1,38,43,84,31
1,39,43,108,31
1,40,43,96,31
1,41,43,123,31
1,42,43,106,31
1,43,43,91,31
1,44,43,117,31
1,45,43,65,31
1,46,43,92,31
1,47,43,94,31
27,48,43,120,31
27,49,43,104,31
27,50,43,125,31
27,51,43,127,31
27,52,43,129,31
27,53,43,110,31
27,54,43,112,31
27,55,43,70,31
27,56,43,116,31
22,57,43,121,31
22,58,43,118,31
22,59,43,111,31
22,60,43,113,31
22,61,43,124,31
1,62,43,62,31
1,63,43,81,31
1,64,43,126,31
1,65,43,128,31
1,66,43,122,31
1,67,43,115,31
1,68,43,119,31
1,69,43,114,31
1,70,43,21,31
1,71,43,20,31
1,72,43,2,31
1,73,43,22,31
1,74,43,12,31
1,75,43,8,31
1,76,43,27,31
1,77,43,3,31
1,78,43,16,31
1,79,43,6,31
1,80,43,19,31
1,81,43,26,31
1,82,43,4,31
1,83,43,9,31
1,84,43,13,31
1,85,43,10,31
1,86,43,52,31
1,87,43,30,31
1,88,43,18,31
1,89,43,25,31
1,90,43,29,31
1,91,43,5,31
1,92,43,17,31
1,93,43,28,31
1,94,43,33,31
1,95,43,59,31
1,96,43,15,31
1,97,43,14,31
1,98,43,23,31
1,99,43,24,31
1,100,43,11,31
1,101,43,1,31
1,102,43,7,31
1,103,43,44,31
1,104,43,32,31
1,105,43,51,31
1,106,43,56,31
1,107,43,36,31
1,108,43,40,31
1,109,43,38,31
1,110,43,37,31
1,111,43,42,31
1,112,43,35,31
1,113,43,43,31
1,114,43,60,31
1,115,43,58,31
1,116,43,41,31
1,117,43,53,31
1,118,43,54,31
1,119,43,46,31
1,120,43,55,31
1,121,43,39,31
1,122,43,31,31
1,123,43,49,31
1,124,43,47,31
1,125,43,50,31
1,126,43,45,31
1,127,43,48,31
1,128,43,34,31
1,129,43,57,31
1,1,44,66,200
1,2,44,63,200
1,3,44,68,200
1,4,44,71,200
1,5,44,82,200
1,6,44,61,200
1,7,44,76,200
1,8,44,73,200
1,9,44,69,200
1,10,44,80,200
1,11,44,77,200
1,12,44,74,200
1,13,44,78,200
1,14,44,79,200
1,15,44,67,200
1,16,44,83,200
1,17,44,85,200
1,18,44,72,200
37,19,44,95,200
37,20,44,64,200
37,21,44,101,200
37,22,44,97,200
37,23,44,100,200
37,24,44,90,200
37,25,44,88,200
37,26,44,86,200
37,27,44,107,200
37,28,44,87,200
37,29,44,93,200
37,30,44,103,200
1,31,44,109,200
1,32,44,75,200
1,33,44,99,200
1,34,44,102,200
1,35,44,89,200
1,36,44,98,200
1,37,44,105,200
1,38,44,84,200
1,39,44,108,200
1,40,44,96,200
1,41,44,123,200
1,42,44,106,200
1,43,44,91,200
1,44,44,117,200
1,45,44,65,200
1,46,44,92,200
1,47,44,94,200
27,48,44,120,200
27,49,44,104,200
27,50,44,125,200
27,51,44,127,200
27,52,44,129,200
27,53,44,110,200
27,54,44,112,200
27,55,44,70,200
27,56,44,116,200
22,57,44,121,200
22,58,44,118,200
22,59,44,111,200
22,60,44,113,200
22,61,44,124,200
1,62,44,62,200
1,63,44,81,200
1,64,44,126,200
1,65,44,128,200
1,66,44,122,200
1,67,44,115,200
1,68,44,119,200
1,69,44,114,200
1,70,44,21,200
1,71,44,20,200
1,72,44,2,200
1,73,44,22,200
1,74,44,12,200
1,75,44,8,200
1,76,44,27,200
1,77,44,3,200
1,78,44,16,200
1,79,44,6,200
1,80,44,19,200
1,81,44,26,200
1,82,44,4,200
1,83,44,9,200
1,84,44,13,200
1,85,44,10,200
1,86,44,52,200
1,87,44,30,200
1,88,44,18,200
1,89,44,25,200
1,90,44,29,200
1,91,44,5,200
1,92,44,17,200
1,93,44,28,200
1,94,44,33,200
1,95,44,59,200
1,96,44,15,200
1,97,44,14,200
1,98,44,23,200
1,99,44,24,200
1,100,44,11,200
1,101,44,1,200
1,102,44,7,200
1,103,44,44,200
1,104,44,32,200
1,105,44,51,200
1,106,44,56,200
1,107,44,36,200
1,108,44,40,200
1,109,44,38,200
1,110,44,37,200
1,111,44,42,200
1,112,44,35,200
1,113,44,43,200
1,114,44,60,200
1,115,44,58,200
1,116,44,41,200
1,117,44,53,200
1,118,44,54,200
1,119,44,46,200
1,120,44,55,200
1,121,44,39,200
1,122,44,31,200
1,123,44,49,200
1,124,44,47,200
1,125,44,50,200
1,126,44,45,200
1,127,44,48,200
1,128,44,34,200
1,129,44,57,200
1,1,45,66,128
1,2,45,63,128
1,3,45,68,128
1,4,45,71,128
1,5,45,82,128
1,6,45,61,128
1,7,45,76,128
1,8,45,73,128
1,9,45,69,128
1,10,45,80,128
1,11,45,77,128
1,12,45,74,128
1,13,45,78,128
1,14,45,79,128
1,15,45,67,128
1,16,45,83,128
1,17,45,85,128
1,18,45,72,128
37,19,45,95,128
37,20,45,64,128
37,21,45,101,128
37,22,45,97,128
37,23,45,100,128
37,24,45,90,128
37,25,45,88,128
37,26,45,86,128
37,27,45,107,128
37,28,45,87,128
37,29,45,93,128
37,30,45,103,128
1,31,45,109,128
1,32,45,75,128
1,33,45,99,128
1,34,45,102,128
1,35,45,89,128
1,36,45,98,128
1,37,45,105,128
1,38,45,84,128
1,39,45,108,128
1,40,45,96,128
1,41,45,123,128
1,42,45,106,128
1,43,45,91,128
1,44,45,117,128
1,45,45,65,128
1,46,45,92,128
1,47,45,94,128
27,48,45,120,128
27,49,45,104,128
27,50,45,125,128
27,51,45,127,128
27,52,45,129,128
27,53,45,110,128
27,54,45,112,128
27,55,45,70,128
27,56,45,116,128
22,57,45,121,128
22,58,45,118,128
22,59,45,111,128
22,60,45,113,128
22,61,45,124,128
1,62,45,62,128
1,63,45,81,128
1,64,45,126,128
1,65,45,128,128
1,66,45,122,128
1,67,45,115,128
1,68,45,119,128
1,69,45,114,128
1,70,45,21,128
1,71,45,20,128
1,72,45,2,128
1,73,45,22,128
1,74,45,12,128
1,75,45,8,128
1,76,45,27,128
1,77,45,3,128
1,78,45,16,128
1,79,45,6,128
1,80,45,19,128
1,81,45,26,128
1,82,45,4,128
1,83,45,9,128
1,84,45,13,128
1,85,45,10,128
1,86,45,52,128
1,87,45,30,128
1,88,45,18,128
1,89,45,25,128
1,90,45,29,128
1,91,45,5,128
1,92,45,17,128
1,93,45,28,128
1,94,45,33,128
1,95,45,59,128
1,96,45,15,128
1,97,45,14,128
1,98,45,23,128
1,99,45,24,128
1,100,45,11,128
1,101,45,1,128
1,102,45,7,128
1,103,45,44,128
1,104,45,32,128
1,105,45,51,128
1,106,45,56,128
1,107,45,36,128
1,108,45,40,128
1,109,45,38,128
1,110,45,37,128
1,111,45,42,128
1,112,45,35,128
1,113,45,43,128
1,114,45,60,128
1,115,45,58,128
1,116,45,41,128
1,117,45,53,128
1,118,45,54,128
1,119,45,46,128
1,120,45,55,128
1,121,45,39,128
1,122,45,31,128
1,123,45,49,128
1,124,45,47,128
1,125,45,50,128
1,126,45,45,128
1,127,45,48,128
1,128,45,34,128
1,129,45,57,128
1,1,46,66,15
1,2,46,63,15
1,3,46,68,15
1,4,46,71,15
1,5,46,82,15
1,6,46,61,15
1,7,46,76,15
1,8,46,73,15
1,9,46,69,15
1,10,46,80,15
1,11,46,77,15
1,12,46,74,15
1,13,46,78,15
1,14,46,79,15
1,15,46,67,15
1,16,46,83,15
1,17,46,85,15
1,18,46,72,15
37,19,46,95,15
37,20,46,64,15
37,21,46,101,15
37,22,46,97,15
37,23,46,100,15
37,24,46,90,15
37,25,46,88,15
37,26,46,86,15
37,27,46,107,15
37,28,46,87,15
37,29,46,93,15
37,30,46,103,15
1,31,46,109,15
1,32,46,75,15
1,33,46,99,15
1,34,46,102,15
1,35,46,89,15
1,36,46,98,15
1,37,46,105,15
1,38,46,84,15
1,39,46,108,15
1,40,46,96,15
1,41,46,123,15
1,42,46,106,15
1,43,46,91,15
1,44,46,117,15
1,45,46,65,15
1,46,46,92,15
1,47,46,94,15
1,48,46,120,15
1,49,46,104,15
1,50,46,125,15
1,51,46,127,15
1,52,46,129,15
1,53,46,110,15
1,54,46,112,15
1,55,46,70,15
1,56,46,116,15
22,57,46,121,15
22,58,46,118,15
22,59,46,111,15
22,60,46,113,15
22,61,46,124,15
1,62,46,62,15
1,63,46,81,15
1,64,46,126,15
1,65,46,128,15
1,66,46,122,15
1,67,46,115,15
1,68,46,119,15
1,69,46,114,15
1,70,46,21,15
1,71,46,20,15
1,72,46,2,15
1,73,46,22,15
1,74,46,12,15
1,75,46,8,15
1,76,46,27,15
1,77,46,3,15
1,78,46,16,15
1,79,46,6,15
1,80,46,19,15
1,81,46,26,15
1,82,46,4,15
1,83,46,9,15
1,84,46,13,15
1,85,46,10,15
1,86,46,52,15
1,87,46,30,15
1,88,46,18,15
1,89,46,25,15
1,90,46,29,15
1,91,46,5,15
1,92,46,17,15
1,93,46,28,15
1,94,46,33,15
1,95,46,59,15
1,96,46,15,15
1,97,46,14,15
1,98,46,23,15
1,99,46,24,15
1,100,46,11,15
1,101,46,1,15
1,102,46,7,15
1,103,46,44,15
1,104,46,32,15
1,105,46,51,15
1,106,46,56,15
1,107,46,36,15
1,108,46,40,15
1,109,46,38,15
1,110,46,37,15
1,111,46,42,15
1,112,46,35,15
1,113,46,43,15
1,114,46,60,15
1,115,46,58,15
1,116,46,41,15
1,117,46,53,15
1,118,46,54,15
1,119,46,46,15
1,120,46,55,15
1,121,46,39,15
1,122,46,31,15
1,123,46,49,15
1,124,46,47,15
1,125,46,50,15
1,126,46,45,15
1,127,46,48,15
1,128,46,34,15
1,129,46,57,15
1,1,47,66,143
1,2,47,63,143
1,3,47,68,143
1,4,47,71,143
1,5,47,82,143
1,6,47,61,143
1,7,47,76,143
1,8,47,73,143
1,9,47,69,143
1,10,47,80,143
1,11,47,77,143
1,12,47,74,143
1,13,47,78,143
1,14,47,79,143
1,15,47,67,143
1,16,47,83,143
1,17,47,85,143
1,18,47,72,143
1,19,47,95,143
1,20,47,64,143
1,21,47,101,143
1,22,47,97,143
1,23,47,100,143
1,24,47,90,143
1,25,47,88,143
1,26,47,86,143
1,27,47,107,143
1,28,47,87,143
1,29,47,93,143
1,30,47,103,143
1,31,47,109,143
1,32,47,75,143
1,33,47,99,143
1,34,47,102,143
1,35,47,89,143
1,36,47,98,143
1,37,47,105,143
1,38,47,84,143
1,39,47,108,143
1,40,47,96,143
1,41,47,123,143
1,42,47,106,143
1,43,47,91,143
1,44,47,117,143
1,45,47,65,143
1,46,47,92,143
1,47,47,94,143
1,48,47,120,143
1,49,47,104,143
1,50,47,125,143
1,51,47,127,143
1,52,47,129,143
1,53,47,110,143
1,54,47,112,143
1,55,47,70,143
1,56,47,116,143
22,57,47,121,143
22,58,47,118,143
22,59,47,111,143
22,60,47,113,143
22,61,47,124,143
1,62,47,62,143
1,63,47,81,143
1,64,47,126,143
1,65,47,128,143
1,66,47,122,143
1,67,47,115,143
1,68,47,119,143
1,69,47,114,143
1,70,47,21,143
1,71,47,20,143
1,72,47,2,143
1,73,47,22,143
1,74,47,12,143
1,75,47,8,143
1,76,47,27,143
1,77,47,3,143
1,78,47,16,143
1,79,47,6,143
1,80,47,19,143
1,81,47,26,143
1,82,47,4,143
1,83,47,9,143
1,84,47,13,143
1,85,47,10,143
1,86,47,52,143
1,87,47,30,143
1,88,47,18,143
1,89,47,25,143
1,90,47,29,143
1,91,47,5,143
1,92,47,17,143
1,93,47,28,143
1,94,47,33,143
1,95,47,59,143
1,96,47,15,143
1,97,47,14,143
1,98,47,23,143
1,99,47,24,143
1,100,47,11,143
1,101,47,1,143
1,102,47,7,143
1,103,47,44,143
1,104,47,32,143
1,105,47,51,143
1,106,47,56,143
1,107,47,36,143
1,108,47,40,143
1,109,47,38,143
1,110,47,37,143
1,111,47,42,143
1,112,47,35,143
1,113,47,43,143
1,114,47,60,143
1,115,47,58,143
1,116,47,41,143
1,117,47,53,143
1,118,47,54,143
1,119,47,46,143
1,120,47,55,143
1,121,47,39,143
1,122,47,31,143
1,123,47,49,143
1,124,47,47,143
1,125,47,50,143
1,126,47,45,143
1,127,47,48,143
1,128,47,34,143
1,129,47,57,143
1,1,48,66,48
1,2,48,63,48
1,3,48,68,48
1,4,48,71,48
1,5,48,82,48
1,6,48,61,48
1,7,48,76,48
1,8,48,73,48
1,9,48,69,48
1,10,48,80,48
1,11,48,77,48
1,12,48,74,48
1,13,48,78,48
1,14,48,79,48
1,15,48,67,48
1,16,48,83,48
1,17,48,85,48
1,18,48,72,48
1,19,48,95,48
1,20,48,64,48
1,21,48,101,48
1,22,48,97,48
1,23,48,100,48
1,24,48,90,48
1,25,48,88,48
1,26,48,86,48
1,27,48,107,48
1,28,48,87,48
1,29,48,93,48
1,30,48,103,48
1,31,48,109,48
1,32,48,75,48
1,33,48,99,48
1,34,48,102,48
1,35,48,89,48
1,36,48,98,48
1,37,48,105,48
1,38,48,84,48
1,39,48,108,48
1,40,48,96,48
1,41,48,123,48
1,42,48,106,48
1,43,48,91,48
1,44,48,117,48
1,45,48,65,48
1,46,48,92,48
1,47,48,94,48
1,48,48,120,48
1,49,48,104,48
1,50,48,125,48
1,51,48,127,48
1,52,48,129,48
1,53,48,110,48
1,54,48,112,48
1,55,48,70,48
1,56,48,116,48
22,57,48,121,48
22,58,48,118,48
22,59,48,111,48
22,60,48,113,48
22,61,48,124,48
1,62,48,62,48
1,63,48,81,48
1,64,48,126,48
1,65,48,128,48
1,66,48,122,48
1,67,48,115,48
1,68,48,119,48
1,69,48,114,48
1,70,48,21,48
1,71,48,20,48
1,72,48,2,48
1,73,48,22,48
1,74,48,12,48
1,75,48,8,48
1,76,48,27,48
1,77,48,3,48
1,78,48,16,48
1,79,48,6,48
1,80,48,19,48
1,81,48,26,48
1,82,48,4,48
1,83,48,9,48
1,84,48,13,48
1,85,48,10,48
1,86,48,52,48
1,87,48,30,48
1,88,48,18,48
1,89,48,25,48
1,90,48,29,48
1,91,48,5,48
1,92,48,17,48
1,93,48,28,48
1,94,48,33,48
1,95,48,59,48
1,96,48,15,48
1,97,48,14,48
1,98,48,23,48
1,99,48,24,48
1,100,48,11,48
1,101,48,1,48
1,102,48,7,48
1,103,48,44,48
1,104,48,32,48
1,105,48,51,48
1,106,48,56,48
1,107,48,36,48
1,108,48,40,48
1,109,48,38,48
1,110,48,37,48
1,111,48,42,48
1,112,48,35,48
1,113,48,43,48
1,114,48,60,48
1,115,48,58,48
1,116,48,41,48
1,117,48,53,48
1,118,48,54,48
1,119,48,46,48
1,120,48,55,48
1,121,48,39,48
1,122,48,31,48
1,123,48,49,48
1,124,48,47,48
1,125,48,50,48
1,126,48,45,48
1,127,48,48,48
1,128,48,34,48
1,129,48,57,48
1,1,49,66,110
1,2,49,63,110
1,3,49,68,110
1,4,49,71,110
1,5,49,82,110
1,6,49,61,110
1,7,49,76,110
1,8,49,73,110
1,9,49,69,110
1,10,49,80,110
1,11,49,77,110
1,12,49,74,110
1,13,49,78,110
1,14,49,79,110
1,15,49,67,110
1,16,49,83,110
1,17,49,85,110
1,18,49,72,110
1,19,49,95,110
1,20,49,64,110
1,21,49,101,110
1,22,49,97,110
1,23,49,100,110
1,24,49,90,110
1,25,49,88,110
1,26,49,86,110
1,27,49,107,110
1,28,49,87,110
1,29,49,93,110
1,30,49,103,110
1,31,49,109,110
1,32,49,75,110
1,33,49,99,110
1,34,49,102,110
1,35,49,89,110
1,36,49,98,110
1,37,49,105,110
1,38,49,84,110
1,39,49,108,110
1,40,49,96,110
1,41,49,123,110
1,42,49,106,110
1,43,49,91,110
1,44,49,117,110
1,45,49,65,110
1,46,49,92,110
1,47,49,94,110
1,48,49,120,110
1,49,49,104,110
1,50,49,125,110
1,51,49,127,110
1,52,49,129,110
1,53,49,110,110
1,54,49,112,110
1,55,49,70,110
1,56,49,116,110
22,57,49,121,110
22,58,49,118,110
22,59,49,111,110
22,60,49,113,110
22,61,49,124,110
1,62,49,62,110
1,63,49,81,110
1,64,49,126,110
1,65,49,128,110
1,66,49,122,110
1,67,49,115,110
1,68,49,119,110
1,69,49,114,110
1,70,49,21,110
1,71,49,20,110
1,72,49,2,110
1,73,49,22,110
1,74,49,12,110
1,75,49,8,110
1,76,49,27,110
1,77,49,3,110
1,78,49,16,110
1,79,49,6,110
1,80,49,19,110
1,81,49,26,110
1,82,49,4,110
1,83,49,9,110
1,84,49,13,110
1,85,49,10,110
1,86,49,52,110
1,87,49,30,110
1,88,49,18,110
1,89,49,25,110
1,90,49,29,110
1,91,49,5,110
1,92,49,17,110
1,93,49,28,110
1,94,49,33,110
1,95,49,59,110
1,96,49,15,110
1,97,49,14,110
1,98,49,23,110
1,99,49,24,110
1,100,49,11,110
1,101,49,1,110
1,102,49,7,110
1,103,49,44,110
1,104,49,32,110
1,105,49,51,110
1,106,49,56,110
1,107,49,36,110
1,108,49,40,110
1,109,49,38,110
1,110,49,37,110
1,111,49,42,110
1,112,49,35,110
1,113,49,43,110
1,114,49,60,110
1,115,49,58,110
1,116,49,41,110
1,117,49,53,110
1,118,49,54,110
1,119,49,46,110
1,120,49,55,110
1,121,49,39,110
1,122,49,31,110
1,123,49,49,110
1,124,49,47,110
1,125,49,50,110
1,126,49,45,110
1,127,49,48,110
1,128,49,34,110
1,129,49,57,110
1,1,50,66,53
1,2,50,63,53
1,3,50,68,53
1,4,50,71,53
1,5,50,82,53
1,6,50,61,53
1,7,50,76,53
1,8,50,73,53
1,9,50,69,53
1,10,50,80,53
1,11,50,77,53
1,12,50,74,53
1,13,50,78,53
1,14,50,79,53
1,15,50,67,53
1,16,50,83,53
1,17,50,85,53
1,18,50,72,53
1,19,50,95,53
1,20,50,64,53
1,21,50,101,53
1,22,50,97,53
1,23,50,100,53
1,24,50,90,53
1,25,50,88,53
1,26,50,86,53
1,27,50,107,53
1,28,50,87,53
1,29,50,93,53
1,30,50,103,53
1,31,50,109,53
1,32,50,75,53
1,33,50,99,53
1,34,50,102,53
1,35,50,89,53
1,36,50,98,53
1,37,50,105,53
1,38,50,84,53
1,39,50,108,53
1,40,50,96,53
1,41,50,123,53
1,42,50,106,53
1,43,50,91,53
1,44,50,117,53
1,45,50,65,53
1,46,50,92,53
1,47,50,94,53
1,48,50,120,53
1,49,50,104,53
1,50,50,125,53
1,51,50,127,53
1,52,50,129,53
1,53,50,110,53
1,54,50,112,53
1,55,50,70,53
1,56,50,116,53
22,57,50,121,53
22,58,50,118,53
22,59,50,111,53
22,60,50,113,53
22,61,50,124,53
1,62,50,62,53
1,63,50,81,53
1,64,50,126,53
1,65,50,128,53
1,66,50,122,53
1,67,50,115,53
1,68,50,119,53
1,69,50,114,53
1,70,50,21,53
1,71,50,20,53
1,72,50,2,53
1,73,50,22,53
1,74,50,12,53
1,75,50,8,53
1,76,50,27,53
1,77,50,3,53
1,78,50,16,53
1,79,50,6,53
1,80,50,19,53
1,81,50,26,53
1,82,50,4,53
1,83,50,9,53
1,84,50,13,53
1,85,50,10,53
1,86,50,52,53
1,87,50,30,53
1,88,50,18,53
1,89,50,25,53
1,90,50,29,53
1,91,50,5,53
1,92,50,17,53
1,93,50,28,53
1,94,50,33,53
1,95,50,59,53
1,96,50,15,53
1,97,50,14,53
1,98,50,23,53
1,99,50,24,53
1,100,50,11,53
1,101,50,1,53
1,102,50,7,53
1,103,50,44,53
1,104,50,32,53
1,105,50,51,53
1,106,50,56,53
1,107,50,36,53
1,108,50,40,53
1,109,50,38,53
1,110,50,37,53
1,111,50,42,53
1,112,50,35,53
1,113,50,43,53
1,114,50,60,53
1,115,50,58,53
1,116,50,41,53
1,117,50,53,53
1,118,50,54,53
1,119,50,46,53
1,120,50,55,53
1,121,50,39,53
1,122,50,31,53
1,123,50,49,53
1,124,50,47,53
1,125,50,50,53
1,126,50,45,53
1,127,50,48,53
1,128,50,34,53
1,129,50,57,53
1,1,51,66,136
1,2,51,63,136
1,3,51,68,136
1,4,51,71,136
1,5,51,82,136
1,6,51,61,136
1,7,51,76,136
1,8,51,73,136
1,9,51,69,136
1,10,51,80,136
1,11,51,77,136
1,12,51,74,136
1,13,51,78,136
1,14,51,79,136
1,15,51,67,136
1,16,51,83,136
1,17,51,85,136
1,18,51,72,136
1,19,51,95,136
1,20,51,64,136
1,21,51,101,136
1,22,51,97,136
1,23,51,100,136
1,24,51,90,136
1,25,51,88,136
1,26,51,86,136
1,27,51,107,136
1,28,51,87,136
1,29,51,93,136
1,30,51,103,136
1,31,51,109,136
1,32,51,75,136
1,33,51,99,136
1,34,51,102,136
1,35,51,89,136
1,36,51,98,136
1,37,51,105,136
1,38,51,84,136
1,39,51,108,136
1,40,51,96,136
1,41,51,123,136
1,42,51,106,136
1,43,51,91,136
1,44,51,117,136
1,45,51,65,136
1,46,51,92,136
1,47,51,94,136
1,48,51,120,136
1,49,51,104,136
1,50,51,125,136
1,51,51,127,136
1,52,51,129,136
1,53,51,110,136
1,54,51,112,136
1,55,51,70,136
1,56,51,116,136
22,57,51,121,136
22,58,51,118,136
22,59,51,111,136
22,60,51,113,136
22,61,51,124,136
1,62,51,62,136
1,63,51,81,136
1,64,51,126,136
1,65,51,128,136
1,66,51,122,136
1,67,51,115,136
1,68,51,119,136
1,69,51,114,136
1,70,51,21,136
1,71,51,20,136
1,72,51,2,136
1,73,51,22,136
1,74,51,12,136
1,75,51,8,136
1,76,51,27,136
1,77,51,3,136
1,78,51,16,136
1,79,51,6,136
1,80,51,19,136
1,81,51,26,136
1,82,51,4,136
1,83,51,9,136
1,84,51,13,136
1,85,51,10,136
1,86,51,52,136
1,87,51,30,136
1,88,51,18,136
1,89,51,25,136
1,90,51,29,136
1,91,51,5,136
1,92,51,17,136
1,93,51,28,136
1,94,51,33,136
1,95,51,59,136
1,96,51,15,136
1,97,51,14,136
1,98,51,23,136
1,99,51,24,136
1,100,51,11,136
1,101,51,1,136
1,102,51,7,136
1,103,51,44,136
1,104,51,32,136
1,105,51,51,136
1,106,51,56,136
1,107,51,36,136
1,108,51,40,136
1,109,51,38,136
1,110,51,37,136
1,111,51,42,136
1,112,51,35,136
1,113,51,43,136
1,114,51,60,136
1,115,51,58,136
1,116,51,41,136
1,117,51,53,136
1,118,51,54,136
1,119,51,46,136
1,120,51,55,136
1,121,51,39,136
1,122,51,31,136
1,123,51,49,136
1,124,51,47,136
1,125,51,50,136
1,126,51,45,136
1,127,51,48,136
1,128,51,34,136
1,129,51,57,136
1,1,52,66,30
1,2,52,63,30
1,3,52,68,30
1,4,52,71,30
1,5,52,82,30
1,6,52,61,30
1,7,52,76,30
1,8,52,73,30
1,9,52,69,30
1,10,52,80,30
1,11,52,77,30
1,12,52,74,30
1,13,52,78,30
1,14,52,79,30
1,15,52,67,30
1,16,52,83,30
1,17,52,85,30
1,18,52,72,30
1,19,52,95,30
1,20,52,64,30
1,21,52,101,30
1,22,52,97,30
1,23,52,100,30
1,24,52,90,30
1,25,52,88,30
1,26,52,86,30
1,27,52,107,30
1,28,52,87,30
1,29,52,93,30
1,30,52,103,30
1,31,52,109,30
1,32,52,75,30
1,33,52,99,30
1,34,52,102,30
1,35,52,89,30
1,36,52,98,30
1,37,52,105,30
1,38,52,84,30
1,39,52,108,30
1,40,52,96,30
1,41,52,123,30
1,42,52,106,30
1,43,52,91,30
1,44,52,117,30
1,45,52,65,30
1,46,52,92,30
1,47,52,94,30
1,48,52,120,30
1,49,52,104,30
1,50,52,125,30
1,51,52,127,30
1,52,52,129,30
1,53,52,110,30
1,54,52,112,30
1,55,52,70,30
1,56,52,116,30
22,57,52,121,30
22,58,52,118,30
22,59,52,111,30
22,60,52,113,30
22,61,52,124,30
1,62,52,62,30
1,63,52,81,30
1,64,52,126,30
1,65,52,128,30
1,66,52,122,30
1,67,52,115,30
1,68,52,119,30
1,69,52,114,30
1,70,52,21,30
1,71,52,20,30
1,72,52,2,30
1,73,52,22,30
1,74,52,12,30
1,75,52,8,30
1,76,52,27,30
1,77,52,3,30
1,78,52,16,30
1,79,52,6,30
1,80,52,19,30
1,81,52,26,30
1,82,52,4,30
1,83,52,9,30
1,84,52,13,30
1,85,52,10,30
1,86,52,52,30
1,87,52,30,30
1,88,52,18,30
1,89,52,25,30
1,90,52,29,30
1,91,52,5,30
1,92,52,17,30
1,93,52,28,30
1,94,52,33,30
1,95,52,59,30
1,96,52,15,30
1,97,52,14,30
1,98,52,23,30
1,99,52,24,30
1,100,52,11,30
1,101,52,1,30
1,102,52,7,30
1,103,52,44,30
1,104,52,32,30
1,105,52,51,30
1,106,52,56,30
1,107,52,36,30
1,108,52,40,30
1,109,52,38,30
1,110,52,37,30
1,111,52,42,30
1,112,52,35,30
1,113,52,43,30
1,114,52,60,30
1,115,52,58,30
1,116,52,41,30
1,117,52,53,30
1,118,52,54,30
1,119,52,46,30
1,120,52,55,30
1,121,52,39,30
1,122,52,31,30
1,123,52,49,30
1,124,52,47,30
1,125,52,50,30
1,126,52,45,30
1,127,52,48,30
1,128,52,34,30
1,129,52,57,30
1,1,53,66,116
1,2,53,63,116
1,3,53,68,116
1,4,53,71,116
1,5,53,82,116
1,6,53,61,116
1,7,53,76,116
1,8,53,73,116
1,9,53,69,116
1,10,53,80,116
1,11,53,77,116
1,12,53,74,116
1,13,53,78,116
1,14,53,79,116
1,15,53,67,116
1,16,53,83,116
1,17,53,85,116
1,18,53,72,116
1,19,53,95,116
1,20,53,64,116
1,21,53,101,116
1,22,53,97,116
1,23,53,100,116
1,24,53,90,116
1,25,53,88,116
1,26,53,86,116
1,27,53,107,116
1,28,53,87,116
1,29,53,93,116
1,30,53,103,116
1,31,53,109,116
1,32,53,75,116
1,33,53,99,116
1,34,53,102,116
1,35,53,89,116
1,36,53,98,116
1,37,53,105,116
1,38,53,84,116
1,39,53,108,116
1,40,53,96,116
1,41,53,123,116
1,42,53,106,116
1,43,53,91,116
1,44,53,117,116
1,45,53,65,116
1,46,53,92,116
1,47,53,94,116
1,48,53,120,116
1,49,53,104,116
1,50,53,125,116
1,51,53,127,116
1,52,53,129,116
1,53,53,110,116
1,54,53,112,116
1,55,53,70,116
1,56,53,116,116
22,57,53,121,116
22,58,53,118,116
22,59,53,111,116
22,60,53,113,116
22,61,53,124,116
1,62,53,62,116
1,63,53,81,116
1,64,53,126,116
1,65,53,128,116
1,66,53,122,116
1,67,53,115,116
1,68,53,119,116
1,69,53,114,116
1,70,53,21,116
1,71,53,20,116
1,72,53,2,116
1,73,53,22,116
1,74,53,12,116
1,75,53,8,116
1,76,53,27,116
1,77,53,3,116
1,78,53,16,116
1,79,53,6,116
1,80,53,19,116
1,81,53,26,116
1,82,53,4,116
1,83,53,9,116
1,84,53,13,116
1,85,53,10,116
1,86,53,52,116
1,87,53,30,116
1,88,53,18,116
1,89,53,25,116
1,90,53,29,116
1,91,53,5,116
1,92,53,17,116
1,93,53,28,116
1,94,53,33,116
1,95,53,59,116
1,96,53,15,116
1,97,53,14,116
1,98,53,23,116
1,99,53,24,116
1,100,53,11,116
1,101,53,1,116
1,102,53,7,116
1,103,53,44,116
1,104,53,32,116
1,105,53,51,116
1,106,53,56,116
1,107,53,36,116
1,108,53,40,116
1,109,53,38,116
1,110,53,37,116
1,111,53,42,116
1,112,53,35,116
1,113,53,43,116
1,114,53,60,116
1,115,53,58,116
1,116,53,41,116
1,117,53,53,116
1,118,53,54,116
1,119,53,46,116
1,120,53,55,116
1,121,53,39,116
1,122,53,31,116
1,123,53,49,116
1,124,53,47,116
1,125,53,50,116
1,126,53,45,116
1,127,53,48,116
1,128,53,34,116
1,129,53,57,116
1,1,54,66,222
1,2,54,63,222
1,3,54,68,222
1,4,54,71,222
1,5,54,82,222
1,6,54,61,222
1,7,54,76,222
1,8,54,73,222
1,9,54,69,222
1,10,54,80,222
1,11,54,77,222
1,12,54,74,222
1,13,54,78,222
1,14,54,79,222
1,15,54,67,222
1,16,54,83,222
1,17,54,85,222
1,18,54,72,222
1,19,54,95,222
1,20,54,64,222
1,21,54,101,222
1,22,54,97,222
1,23,54,100,222
1,24,54,90,222
1,25,54,88,222
1,26,54,86,222
1,27,54,107,222
1,28,54,87,222
1,29,54,93,222
1,30,54,103,222
1,31,54,109,222
1,32,54,75,222
1,33,54,99,222
1,34,54,102,222
1,35,54,89,222
1,36,54,98,222
1,37,54,105,222
1,38,54,84,222
1,39,54,108,222
1,40,54,96,222
1,41,54,123,222
1,42,54,106,222
1,43,54,91,222
1,44,54,117,222
1,45,54,65,222
1,46,54,92,222
1,47,54,94,222
1,48,54,120,222
1,49,54,104,222
1,50,54,125,222
1,51,54,127,222
1,52,54,129,222
1,53,54,110,222
1,54,54,112,222
1,55,54,70,222
1,56,54,116,222
22,57,54,121,222
22,58,54,118,222
22,59,54,111,222
22,60,54,113,222
22,61,54,124,222
1,62,54,62,222
1,63,54,81,222
1,64,54,126,222
1,65,54,128,222
1,66,54,122,222
1,67,54,115,222
1,68,54,119,222
1,69,54,114,222
1,70,54,21,222
1,71,54,20,222
1,72,54,2,222
1,73,54,22,222
1,74,54,12,222
1,75,54,8,222
1,76,54,27,222
1,77,54,3,222
1,78,54,16,222
1,79,54,6,222
1,80,54,19,222
1,81,54,26,222
1,82,54,4,222
1,83,54,9,222
1,84,54,13,222
1,85,54,10,222
1,86,54,52,222
1,87,54,30,222
1,88,54,18,222
1,89,54,25,222
1,90,54,29,222
1,91,54,5,222
1,92,54,17,222
1,93,54,28,222
1,94,54,33,222
1,95,54,59,222
1,96,54,15,222
1,97,54,14,222
1,98,54,23,222
1,99,54,24,222
1,100,54,11,222
1,101,54,1,222
1,102,54,7,222
1,103,54,44,222
1,104,54,32,222
1,105,54,51,222
1,106,54,56,222
1,107,54,36,222
1,108,54,40,222
1,109,54,38,222
1,110,54,37,222
1,111,54,42,222
1,112,54,35,222
1,113,54,43,222
1,114,54,60,222
1,115,54,58,222
1,116,54,41,222
1,117,54,53,222
1,118,54,54,222
1,119,54,46,222
1,120,54,55,222
1,121,54,39,222
1,122,54,31,222
1,123,54,49,222
1,124,54,47,222
1,125,54,50,222
1,126,54,45,222
1,127,54,48,222
1,128,54,34,222
1,129,54,57,222
1,1,55,66,56
1,2,55,63,56
1,3,55,68,56
1,4,55,71,56
1,5,55,82,56
1,6,55,61,56
1,7,55,76,56
1,8,55,73,56
1,9,55,69,56
1,10,55,80,56
1,11,55,77,56
1,12,55,74,56
1,13,55,78,56
1,14,55,79,56
1,15,55,67,56
1,16,55,83,56
1,17,55,85,56
1,18,55,72,56
1,19,55,95,56
1,20,55,64,56
1,21,55,101,56
1,22,55,97,56
1,23,55,100,56
1,24,55,90,56
1,25,55,88,56
1,26,55,86,56
1,27,55,107,56
1,28,55,87,56
1,29,55,93,56
1,30,55,103,56
1,31,55,109,56
1,32,55,75,56
1,33,55,99,56
1,34,55,102,56
1,35,55,89,56
1,36,55,98,56
1,37,55,105,56
1,38,55,84,56
1,39,55,108,56
1,40,55,96,56
1,41,55,123,56
1,42,55,106,56
1,43,55,91,56
1,44,55,117,56
1,45,55,65,56
1,46,55,92,56
1,47,55,94,56
1,48,55,120,56
1,49,55,104,56
1,50,55,125,56
1,51,55,127,56
1,52,55,129,56
1,53,55,110,56
1,54,55,112,56
1,55,55,70,56
1,56,55,116,56
22,57,55,121,56
22,58,55,118,56
22,59,55,111,56
22,60,55,113,56
22,61,55,124,56
1,62,55,62,56
1,63,55,81,56
1,64,55,126,56
1,65,55,128,56
1,66,55,122,56
1,67,55,115,56
1,68,55,119,56
1,69,55,114,56
1,70,55,21,56
1,71,55,20,56
1,72,55,2,56
1,73,55,22,56
1,74,55,12,56
1,75,55,8,56
1,76,55,27,56
1,77,55,3,56
1,78,55,16,56
1,79,55,6,56
1,80,55,19,56
1,81,55,26,56
1,82,55,4,56
1,83,55,9,56
1,84,55,13,56
1,85,55,10,56
1,86,55,52,56
1,87,55,30,56
1,88,55,18,56
1,89,55,25,56
1,90,55,29,56
1,91,55,5,56
1,92,55,17,56
1,93,55,28,56
1,94,55,33,56
1,95,55,59,56
1,96,55,15,56
1,97,55,14,56
1,98,55,23,56
1,99,55,24,56
1,100,55,11,56
1,101,55,1,56
1,102,55,7,56
1,103,55,44,56
1,104,55,32,56
1,105,55,51,56
1,106,55,56,56
1,107,55,36,56
1,108,55,40,56
1,109,55,38,56
1,110,55,37,56
1,111,55,42,56
1,112,55,35,56
1,113,55,43,56
1,114,55,60,56
1,115,55,58,56
1,116,55,41,56
1,117,55,53,56
1,118,55,54,56
1,119,55,46,56
1,120,55,55,56
1,121,55,39,56
1,122,55,31,56
1,123,55,49,56
1,124,55,47,56
1,125,55,50,56
1,126,55,45,56
1,127,55,48,56
1,128,55,34,56
1,129,55,57,56
1,1,56,66,158
1,2,56,63,158
1,3,56,68,158
1,4,56,71,158
1,5,56,82,158
1,6,56,61,158
1,7,56,76,158
1,8,56,73,158
1,9,56,69,158
1,10,56,80,158
1,11,56,77,158
1,12,56,74,158
1,13,56,78,158
1,14,56,79,158
1,15,56,67,158
1,16,56,83,158
1,17,56,85,158
1,18,56,72,158
1,19,56,95,158
1,20,56,64,158
1,21,56,101,158
1,22,56,97,158
1,23,56,100,158
1,24,56,90,158
1,25,56,88,158
1,26,56,86,158
1,27,56,107,158
1,28,56,87,158
1,29,56,93,158
1,30,56,103,158
1,31,56,109,158
1,32,56,75,158
1,33,56,99,158
1,34,56,102,158
1,35,56,89,158
1,36,56,98,158
1,37,56,105,158
1,38,56,84,158
1,39,56,108,158
1,40,56,96,158
1,41,56,123,158
1,42,56,106,158
1,43,56,91,158
1,44,56,117,158
1,45,56,65,158
1,46,56,92,158
1,47,56,94,158
1,48,56,120,158
1,49,56,104,158
1,50,56,125,158
1,51,56,127,158
1,52,56,129,158
1,53,56,110,158
1,54,56,112,158
1,55,56,70,158
1,56,56,116,158
22,57,56,121,158
22,58,56,118,158
22,59,56,111,158
22,60,56,113,158
22,61,56,124,158
1,62,56,62,158
1,63,56,81,158
1,64,56,126,158
1,65,56,128,158
1,66,56,122,158
1,67,56,115,158
1,68,56,119,158
1,69,56,114,158
1,70,56,21,158
1,71,56,20,158
1,72,56,2,158
1,73,56,22,158
1,74,56,12,158
1,75,56,8,158
1,76,56,27,158
1,77,56,3,158
1,78,56,16,158
1,79,56,6,158
1,80,56,19,158
1,81,56,26,158
1,82,56,4,158
1,83,56,9,158
1,84,56,13,158
1,85,56,10,158
1,86,56,52,158
1,87,56,30,158
1,88,56,18,158
1,89,56,25,158
1,90,56,29,158
1,91,56,5,158
1,92,56,17,158
1,93,56,28,158
1,94,56,33,158
1,95,56,59,158
1,96,56,15,158
1,97,56,14,158
1,98,56,23,158
1,99,56,24,158
1,100,56,11,158
1,101,56,1,158
1,102,56,7,158
1,103,56,44,158
1,104,56,32,158
1,105,56,51,158
1,106,56,56,158
1,107,56,36,158
1,108,56,40,158
1,109,56,38,158
1,110,56,37,158
1,111,56,42,158
1,112,56,35,158
1,113,56,43,158
1,114,56,60,158
1,115,56,58,158
1,116,56,41,158
1,117,56,53,158
1,118,56,54,158
1,119,56,46,158
1,120,56,55,158
1,121,56,39,158
1,122,56,31,158
1,123,56,49,158
1,124,56,47,158
1,125,56,50,158
1,126,56,45,158
1,127,56,48,158
1,128,56,34,158
1,129,56,57,158
1,1,57,66,132
1,2,57,63,132
1,3,57,68,132
1,4,57,71,132
1,5,57,82,132
1,6,57,61,132
1,7,57,76,132
1,8,57,73,132
1,9,57,69,132
1,10,57,80,132
1,11,57,77,132
1,12,57,74,132
1,13,57,78,132
1,14,57,79,132
1,15,57,67,132
1,16,57,83,132
1,17,57,85,132
1,18,57,72,132
1,19,57,95,132
1,20,57,64,132
1,21,57,101,132
1,22,57,97,132
1,23,57,100,132
1,24,57,90,132
1,25,57,88,132
1,26,57,86,132
1,27,57,107,132
1,28,57,87,132
1,29,57,93,132
1,30,57,103,132
1,31,57,109,132
1,32,57,75,132
1,33,57,99,132
1,34,57,102,132
1,35,57,89,132
1,36,57,98,132
1,37,57,105,132
1,38,57,84,132
1,39,57,108,132
1,40,57,96,132
1,41,57,123,132
1,42,57,106,132
1,43,57,91,132
1,44,57,117,132
1,45,57,65,132
1,46,57,92,132
1,47,57,94,132
1,48,57,120,132
1,49,57,104,132
1,50,57,125,132
1,51,57,127,132
1,52,57,129,132
1,53,57,110,132
1,54,57,112,132
1,55,57,70,132
1,56,57,116,132
22,57,57,121,132
22,58,57,118,132
22,59,57,111,132
22,60,57,113,132
22,61,57,124,132
1,62,57,62,132
1,63,57,81,132
1,64,57,126,132
1,65,57,128,132
1,66,57,122,132
1,67,57,115,132
1,68,57,119,132
1,69,57,114,132
1,70,57,21,132
1,71,57,20,132
1,72,57,2,132
1,73,57,22,132
1,74,57,12,132
1,75,57,8,132
1,76,57,27,132
1,77,57,3,132
1,78,57,16,132
1,79,57,6,132
1,80,57,19,132
1,81,57,26,132
1,82,57,4,132
1,83,57,9,132
1,84,57,13,132
1,85,57,10,132
1,86,57,52,132
1,87,57,30,132
1,88,57,18,132
1,89,57,25,132
1,90,57,29,132
1,91,57,5,132
1,92,57,17,132
1,93,57,28,132
1,94,57,33,132
1,95,57,59,132
1,96,57,15,132
1,97,57,14,132
1,98,57,23,132
1,99,57,24,132
1,100,57,11,132
1,101,57,1,132
1,102,57,7,132
1,103,57,44,132
1,104,57,32,132
1,105,57,51,132
1,106,57,56,132
1,107,57,36,132
1,108,57,40,132
1,109,57,38,132
1,110,57,37,132
1,111,57,42,132
1,112,57,35,132
1,113,57,43,132
1,114,57,60,132
1,115,57,58,132
1,116,57,41,132
1,117,57,53,132
1,118,57,54,132
1,119,57,46,132
1,120,57,55,132
1,121,57,39,132
1,122,57,31,132
1,123,57,49,132
1,124,57,47,132
1,125,57,50,132
1,126,57,45,132
1,127,57,48,132
1,128,57,34,132
1,129,57,57,132
1,1,58,66,202
1,2,58,63,202
1,3,58,68,202
1,4,58,71,202
1,5,58,82,202
1,6,58,61,202
1,7,58,76,202
1,8,58,73,202
1,9,58,69,202
1,10,58,80,202
1,11,58,77,202
1,12,58,74,202
1,13,58,78,202
1,14,58,79,202
1,15,58,67,202
1,16,58,83,202
1,17,58,85,202
1,18,58,72,202
1,19,58,95,202
1,20,58,64,202
1,21,58,101,202
1,22,58,97,202
1,23,58,100,202
1,24,58,90,202
1,25,58,88,202
1,26,58,86,202
1,27,58,107,202
1,28,58,87,202
1,29,58,93,202
1,30,58,103,202
1,31,58,109,202
1,32,58,75,202
1,33,58,99,202
1,34,58,102,202
1,35,58,89,202
1,36,58,98,202
1,37,58,105,202
1,38,58,84,202
1,39,58,108,202
1,40,58,96,202
1,41,58,123,202
1,42,58,106,202
1,43,58,91,202
1,44,58,117,202
1,45,58,65,202
1,46,58,92,202
1,47,58,94,202
1,48,58,120,202
1,49,58,104,202
1,50,58,125,202
1,51,58,127,202
1,52,58,129,202
1,53,58,110,202
1,54,58,112,202
1,55,58,70,202
1,56,58,116,202
22,57,58,121,202
22,58,58,118,202
22,59,58,111,202
22,60,58,113,202
22,61,58,124,202
1,62,58,62,202
1,63,58,81,202
1,64,58,126,202
1,65,58,128,202
1,66,58,122,202
1,67,58,115,202
1,68,58,119,202
1,69,58,114,202
1,70,58,21,202
1,71,58,20,202
1,72,58,2,202
1,73,58,22,202
1,74,58,12,202
1,75,58,8,202
1,76,58,27,202
1,77,58,3,202
1,78,58,16,202
1,79,58,6,202
1,80,58,19,202
1,81,58,26,202
1,82,58,4,202
1,83,58,9,202
1,84,58,13,202
1,85,58,10,202
1,86,58,52,202
1,87,58,30,202
1,88,58,18,202
1,89,58,25,202
1,90,58,29,202
1,91,58,5,202
1,92,58,17,202
1,93,58,28,202
1,94,58,33,202
1,95,58,59,202
1,96,58,15,202
1,97,58,14,202
1,98,58,23,202
1,99,58,24,202
1,100,58,11,202
1,101,58,1,202
1,102,58,7,202
1,103,58,44,202
1,104,58,32,202
1,105,58,51,202
1,106,58,56,202
1,107,58,36,202
1,108,58,40,202
1,109,58,38,202
1,110,58,37,202
1,111,58,42,202
1,112,58,35,202
1,113,58,43,202
1,114,58,60,202
1,115,58,58,202
1,116,58,41,202
1,117,58,53,202
1,118,58,54,202
1,119,58,46,202
1,120,58,55,202
1,121,58,39,202
1,122,58,31,202
1,123,58,49,202
1,124,58,47,202
1,125,58,50,202
1,126,58,45,202
1,127,58,48,202
1,128,58,34,202
1,129,58,57,202
1,1,59,66,188
1,2,59,63,188
1,3,59,68,188
1,4,59,71,188
1,5,59,82,188
1,6,59,61,188
1,7,59,76,188
1,8,59,73,188
1,9,59,69,188
1,10,59,80,188
1,11,59,77,188
1,12,59,74,188
1,13,59,78,188
1,14,59,79,188
1,15,59,67,188
1,16,59,83,188
1,17,59,85,188
1,18,59,72,188
35,19,59,95,188
35,20,59,64,188
35,21,59,101,188
35,22,59,97,188
35,23,59,100,188
35,24,59,90,188
35,25,59,88,188
35,26,59,86,188
35,27,59,107,188
35,28,59,87,188
35,29,59,93,188
35,30,59,103,188
36,31,59,109,188
36,32,59,75,188
36,33,59,99,188
36,34,59,102,188
36,35,59,89,188
1,36,59,98,188
1,37,59,105,188
1,38,59,84,188
1,39,59,108,188
1,40,59,96,188
1,41,59,123,188
1,42,59,106,188
1,43,59,91,188
1,44,59,117,188
1,45,59,65,188
1,46,59,92,188
1,47,59,94,188
1,48,59,120,188
1,49,59,104,188
1,50,59,125,188
1,51,59,127,188
1,52,59,129,188
1,53,59,110,188
1,54,59,112,188
1,55,59,70,188
1,56,59,116,188
22,57,59,121,188
22,58,59,118,188
22,59,59,111,188
22,60,59,113,188
22,61,59,124,188
1,62,59,62,188
1,63,59,81,188
1,64,59,126,188
1,65,59,128,188
1,66,59,122,188
1,67,59,115,188
1,68,59,119,188
1,69,59,114,188
1,70,59,21,188
1,71,59,20,188
1,72,59,2,188
1,73,59,22,188
1,74,59,12,188
1,75,59,8,188
1,76,59,27,188
1,77,59,3,188
1,78,59,16,188
1,79,59,6,188
1,80,59,19,188
1,81,59,26,188
1,82,59,4,188
1,83,59,9,188
1,84,59,13,188
1,85,59,10,188
1,86,59,52,188
1,87,59,30,188
1,88,59,18,188
1,89,59,25,188
1,90,59,29,188
1,91,59,5,188
1,92,59,17,188
1,93,59,28,188
1,94,59,33,188
1,95,59,59,188
1,96,59,15,188
1,97,59,14,188
1,98,59,23,188
1,99,59,24,188
1,100,59,11,188
1,101,59,1,188
1,102,59,7,188
1,103,59,44,188
1,104,59,32,188
1,105,59,51,188
1,106,59,56,188
1,107,59,36,188
1,108,59,40,188
1,109,59,38,188
1,110,59,37,188
1,111,59,42,188
1,112,59,35,188
1,113,59,43,188
1,114,59,60,188
1,115,59,58,188
1,116,59,41,188
1,117,59,53,188
1,118,59,54,188
1,119,59,46,188
1,120,59,55,188
1,121,59,39,188
1,122,59,31,188
1,123,59,49,188
1,124,59,47,188
1,125,59,50,188
1,126,59,45,188
1,127,59,48,188
1,128,59,34,188
1,129,59,57,188
1,1,60,66,109
1,2,60,63,109
1,3,60,68,109
1,4,60,71,109
1,5,60,82,109
1,6,60,61,109
1,7,60,76,109
1,8,60,73,109
1,9,60,69,109
1,10,60,80,109
1,11,60,77,109
1,12,60,74,109
1,13,60,78,109
1,14,60,79,109
1,15,60,67,109
1,16,60,83,109
1,17,60,85,109
1,18,60,72,109
35,19,60,95,109
35,20,60,64,109
35,21,60,101,109
35,22,60,97,109
35,23,60,100,109
35,24,60,90,109
35,25,60,88,109
35,26,60,86,109
35,27,60,107,109
35,28,60,87,109
35,29,60,93,109
35,30,60,103,109
36,31,60,109,109
36,32,60,75,109
36,33,60,99,109
36,34,60,102,109
36,35,60,89,109
1,36,60,98,109
1,37,60,105,109
1,38,60,84,109
1,39,60,108,109
1,40,60,96,109
1,41,60,123,109
1,42,60,106,109
1,43,60,91,109
1,44,60,117,109
1,45,60,65,109
1,46,60,92,109
1,47,60,94,109
1,48,60,120,109
1,49,60,104,109
1,50,60,125,109
1,51,60,127,109
1,52,60,129,109
1,53,60,110,109
1,54,60,112,109
1,55,60,70,109
1,56,60,116,109
22,57,60,121,109
22,58,60,118,109
22,59,60,111,109
22,60,60,113,109
22,61,60,124,109
1,62,60,62,109
1,63,60,81,109
1,64,60,126,109
1,65,60,128,109
1,66,60,122,109
1,67,60,115,109
1,68,60,119,109
1,69,60,114,109
1,70,60,21,109
1,71,60,20,109
1,72,60,2,109
1,73,60,22,109
1,74,60,12,109
1,75,60,8,109
1,76,60,27,109
1,77,60,3,109
1,78,60,16,109
1,79,60,6,109
1,80,60,19,109
1,81,60,26,109
1,82,60,4,109
1,83,60,9,109
1,84,60,13,109
1,85,60,10,109
1,86,60,52,109
1,87,60,30,109
1,88,60,18,109
1,89,60,25,109
1,90,60,29,109
1,91,60,5,109
1,92,60,17,109
1,93,60,28,109
1,94,60,33,109
1,95,60,59,109
1,96,60,15,109
1,97,60,14,109
1,98,60,23,109
1,99,60,24,109
1,100,60,11,109
1,101,60,1,109
1,102,60,7,109
1,103,60,44,109
1,104,60,32,109
1,105,60,51,109
1,106,60,56,109
1,107,60,36,109
1,108,60,40,109
1,109,60,38,109
1,110,60,37,109
1,111,60,42,109
1,112,60,35,109
1,113,60,43,109
1,114,60,60,109
1,115,60,58,109
1,116,60,41,109
1,117,60,53,109
1,118,60,54,109
1,119,60,46,109
1,120,60,55,109
1,121,60,39,109
1,122,60,31,109
1,123,60,49,109
1,124,60,47,109
1,125,60,50,109
1,126,60,45,109
1,127,60,48,109
1,128,60,34,109
1,129,60,57,109
1,1,61,66,167
1,2,61,63,167
1,3,61,68,167
1,4,61,71,167
1,5,61,82,167
1,6,61,61,167
1,7,61,76,167
1,8,61,73,167
1,9,61,69,167
1,10,61,80,167
1,11,61,77,167
1,12,61,74,167
1,13,61,78,167
1,14,61,79,167
1,15,61,67,167
1,16,61,83,167
1,17,61,85,167
1,18,61,72,167
1,19,61,95,167
1,20,61,64,167
1,21,61,101,167
1,22,61,97,167
1,23,61,100,167
1,24,61,90,167
1,25,61,88,167
1,26,61,86,167
1,27,61,107,167
1,28,61,87,167
1,29,61,93,167
1,30,61,103,167
1,31,61,109,167
1,32,61,75,167
1,33,61,99,167
1,34,61,102,167
1,35,61,89,167
1,36,61,98,167
1,37,61,105,167
1,38,61,84,167
1,39,61,108,167
1,40,61,96,167
1,41,61,123,167
1,42,61,106,167
1,43,61,91,167
1,44,61,117,167
1,45,61,65,167
1,46,61,92,167
1,47,61,94,167
1,48,61,120,167
1,49,61,104,167
1,50,61,125,167
1,51,61,127,167
1,52,61,129,167
1,53,61,110,167
1,54,61,112,167
1,55,61,70,167
1,56,61,116,167
22,57,61,121,167
22,58,61,118,167
22,59,61,111,167
22,60,61,113,167
22,61,61,124,167
1,62,61,62,167
1,63,61,81,167
1,64,61,126,167
1,65,61,128,167
1,66,61,122,167
1,67,61,115,167
1,68,61,119,167
1,69,61,114,167
1,70,61,21,167
1,71,61,20,167
1,72,61,2,167
1,73,61,22,167
1,74,61,12,167
1,75,61,8,167
1,76,61,27,167
1,77,61,3,167
1,78,61,16,167
1,79,61,6,167
1,80,61,19,167
1,81,61,26,167
1,82,61,4,167
1,83,61,9,167
1,84,61,13,167
1,85,61,10,167
1,86,61,52,167
1,87,61,30,167
1,88,61,18,167
1,89,61,25,167
1,90,61,29,167
1,91,61,5,167
1,92,61,17,167
1,93,61,28,167
1,94,61,33,167
1,95,61,59,167
1,96,61,15,167
1,97,61,14,167
1,98,61,23,167
1,99,61,24,167
1,100,61,11,167
1,101,61,1,167
1,102,61,7,167
1,103,61,44,167
1,104,61,32,167
1,105,61,51,167
1,106,61,56,167
1,107,61,36,167
1,108,61,40,167
1,109,61,38,167
1,110,61,37,167
1,111,61,42,167
1,112,61,35,167
1,113,61,43,167
1,114,61,60,167
1,115,61,58,167
1,116,61,41,167
1,117,61,53,167
1,118,61,54,167
1,119,61,46,167
1,120,61,55,167
1,121,61,39,167
1,122,61,31,167
1,123,61,49,167
1,124,61,47,167
1,125,61,50,167
1,126,61,45,167
1,127,61,48,167
1,128,61,34,167
1,129,61,57,167
1,1,62,66,50
1,2,62,63,50
1,3,62,68,50
1,4,62,71,50
1,5,62,82,50
1,6,62,61,50
1,7,62,76,50
1,8,62,73,50
1,9,62,69,50
1,10,62,80,50
1,11,62,77,50
1,12,62,74,50
1,13,62,78,50
1,14,62,79,50
1,15,62,67,50
1,16,62,83,50
1,17,62,85,50
1,18,62,72,50
1,19,62,95,50
1,20,62,64,50
1,21,62,101,50
1,22,62,97,50
1,23,62,100,50
1,24,62,90,50
1,25,62,88,50
1,26,62,86,50
1,27,62,107,50
1,28,62,87,50
1,29,62,93,50
1,30,62,103,50
1,31,62,109,50
1,32,62,75,50
1,33,62,99,50
1,34,62,102,50
1,35,62,89,50
1,36,62,98,50
1,37,62,105,50
1,38,62,84,50
1,39,62,108,50
1,40,62,96,50
1,41,62,123,50
1,42,62,106,50
1,43,62,91,50
1,44,62,117,50
1,45,62,65,50
1,46,62,92,50
1,47,62,94,50
1,48,62,120,50
1,49,62,104,50
1,50,62,125,50
1,51,62,127,50
1,52,62,129,50
1,53,62,110,50
1,54,62,112,50
1,55,62,70,50
1,56,62,116,50
22,57,62,121,50
22,58,62,118,50
22,59,62,111,50
22,60,62,113,50
22,61,62,124,50
1,62,62,62,50
1,63,62,81,50
1,64,62,126,50
1,65,62,128,50
1,66,62,122,50
1,67,62,115,50
1,68,62,119,50
1,69,62,114,50
1,70,62,21,50
1,71,62,20,50
1,72,62,2,50
1,73,62,22,50
1,74,62,12,50
1,75,62,8,50
1,76,62,27,50
1,77,62,3,50
1,78,62,16,50
1,79,62,6,50
1,80,62,19,50
1,81,62,26,50
1,82,62,4,50
1,83,62,9,50
1,84,62,13,50
1,85,62,10,50
1,86,62,52,50
1,87,62,30,50
1,88,62,18,50
1,89,62,25,50
1,90,62,29,50
1,91,62,5,50
1,92,62,17,50
1,93,62,28,50
1,94,62,33,50
1,95,62,59,50
1,96,62,15,50
1,97,62,14,50
1,98,62,23,50
1,99,62,24,50
1,100,62,11,50
1,101,62,1,50
1,102,62,7,50
1,103,62,44,50
1,104,62,32,50
1,105,62,51,50
1,106,62,56,50
1,107,62,36,50
1,108,62,40,50
1,109,62,38,50
1,110,62,37,50
1,111,62,42,50
1,112,62,35,50
1,113,62,43,50
1,114,62,60,50
1,115,62,58,50
1,116,62,41,50
1,117,62,53,50
1,118,62,54,50
1,119,62,46,50
1,120,62,55,50
1,121,62,39,50
1,122,62,31,50
1,123,62,49,50
1,124,62,47,50
1,125,62,50,50
1,126,62,45,50
1,127,62,48,50
1,128,62,34,50
1,129,62,57,50
1,1,63,66,99
1,2,63,63,99
1,3,63,68,99
1,4,63,71,99
1,5,63,82,99
1,6,63,61,99
1,7,63,76,99
1,8,63,73,99
1,9,63,69,99
1,10,63,80,99
1,11,63,77,99
1,12,63,74,99
1,13,63,78,99
1,14,63,79,99
1,15,63,67,99
1,16,63,83,99
1,17,63,85,99
1,18,63,72,99
1,19,63,95,99
1,20,63,64,99
1,21,63,101,99
1,22,63,97,99
1,23,63,100,99
1,24,63,90,99
1,25,63,88,99
1,26,63,86,99
1,27,63,107,99
1,28,63,87,99
1,29,63,93,99
1,30,63,103,99
1,31,63,109,99
1,32,63,75,99
1,33,63,99,99
1,34,63,102,99
1,35,63,89,99
1,36,63,98,99
1,37,63,105,99
1,38,63,84,99
1,39,63,108,99
1,40,63,96,99
1,41,63,123,99
1,42,63,106,99
1,43,63,91,99
1,44,63,117,99
1,45,63,65,99
1,46,63,92,99
1,47,63,94,99
1,48,63,120,99
1,49,63,104,99
1,50,63,125,99
1,51,63,127,99
1,52,63,129,99
1,53,63,110,99
1,54,63,112,99
1,55,63,70,99
1,56,63,116,99
22,57,63,121,99
22,58,63,118,99
22,59,63,111,99
22,60,63,113,99
22,61,63,124,99
1,62,63,62,99
1,63,63,81,99
1,64,63,126,99
1,65,63,128,99
1,66,63,122,99
1,67,63,115,99
1,68,63,119,99
1,69,63,114,99
1,70,63,21,99
1,71,63,20,99
1,72,63,2,99
1,73,63,22,99
1,74,63,12,99
1,75,63,8,99
1,76,63,27,99
1,77,63,3,99
1,78,63,16,99
1,79,63,6,99
1,80,63,19,99
1,81,63,26,99
1,82,63,4,99
1,83,63,9,99
1,84,63,13,99
1,85,63,10,99
1,86,63,52,99
1,87,63,30,99
1,88,63,18,99
1,89,63,25,99
1,90,63,29,99
1,91,63,5,99
1,92,63,17,99
1,93,63,28,99
1,94,63,33,99
1,95,63,59,99
1,96,63,15,99
1,97,63,14,99
1,98,63,23,99
1,99,63,24,99
1,100,63,11,99
1,101,63,1,99
1,102,63,7,99
1,103,63,44,99
1,104,63,32,99
1,105,63,51,99
1,106,63,56,99
1,107,63,36,99
1,108,63,40,99
1,109,63,38,99
1,110,63,37,99
1,111,63,42,99
1,112,63,35,99
1,113,63,43,99
1,114,63,60,99
1,115,63,58,99
1,116,63,41,99
1,117,63,53,99
1,118,63,54,99
1,119,63,46,99
1,120,63,55,99
1,121,63,39,99
1,122,63,31,99
1,123,63,49,99
1,124,63,47,99
1,125,63,50,99
1,126,63,45,99
1,127,63,48,99
1,128,63,34,99
1,129,63,57,99
1,1,64,66,212
1,2,64,63,212
1,3,64,68,212
1,4,64,71,212
1,5,64,82,212
1,6,64,61,212
1,7,64,76,212
1,8,64,73,212
1,9,64,69,212
1,10,64,80,212
1,11,64,77,212
1,12,64,74,212
1,13,64,78,212
1,14,64,79,212
1,15,64,67,212
1,16,64,83,212
1,17,64,85,212
1,18,64,72,212
1,19,64,95,212
1,20,64,64,212
1,21,64,101,212
1,22,64,97,212
1,23,64,100,212
1,24,64,90,212
1,25,64,88,212
1,26,64,86,212
1,27,64,107,212
1,28,64,87,212
1,29,64,93,212
1,30,64,103,212
1,31,64,109,212
1,32,64,75,212
1,33,64,99,212
1,34,64,102,212
1,35,64,89,212
1,36,64,98,212
1,37,64,105,212
1,38,64,84,212
1,39,64,108,212
1,40,64,96,212
1,41,64,123,212
1,42,64,106,212
1,43,64,91,212
1,44,64,117,212
1,45,64,65,212
1,46,64,92,212
1,47,64,94,212
1,48,64,120,212
1,49,64,104,212
1,50,64,125,212
1,51,64,127,212
1,52,64,129,212
1,53,64,110,212
1,54,64,112,212
1,55,64,70,212
1,56,64,116,212
22,57,64,121,212
22,58,64,118,212
22,59,64,111,212
22,60,64,113,212
22,61,64,124,212
1,62,64,62,212
1,63,64,81,212
1,64,64,126,212
1,65,64,128,212
1,66,64,122,212
1,67,64,115,212
1,68,64,119,212
1,69,64,114,212
1,70,64,21,212
1,71,64,20,212
1,72,64,2,212
1,73,64,22,212
1,74,64,12,212
1,75,64,8,212
1,76,64,27,212
1,77,64,3,212
1,78,64,16,212
1,79,64,6,212
1,80,64,19,212
1,81,64,26,212
1,82,64,4,212
1,83,64,9,212
1,84,64,13,212
1,85,64,10,212
1,86,64,52,212
1,87,64,30,212
1,88,64,18,212
1,89,64,25,212
1,90,64,29,212
1,91,64,5,212
1,92,64,17,212
1,93,64,28,212
1,94,64,33,212
1,95,64,59,212
1,96,64,15,212
1,97,64,14,212
1,98,64,23,212
1,99,64,24,212
1,100,64,11,212
1,101,64,1,212
1,102,64,7,212
1,103,64,44,212
1,104,64,32,212
1,105,64,51,212
1,106,64,56,212
1,107,64,36,212
1,108,64,40,212
1,109,64,38,212
1,110,64,37,212
1,111,64,42,212
1,112,64,35,212
1,113,64,43,212
1,114,64,60,212
1,115,64,58,212
1,116,64,41,212
1,117,64,53,212
1,118,64,54,212
1,119,64,46,212
1,120,64,55,212
1,121,64,39,212
1,122,64,31,212
1,123,64,49,212
1,124,64,47,212
1,125,64,50,212
1,126,64,45,212
1,127,64,48,212
1,128,64,34,212
1,129,64,57,212
1,1,65,66,27
1,2,65,63,27
1,3,65,68,27
1,4,65,71,27
1,5,65,82,27
1,6,65,61,27
1,7,65,76,27
1,8,65,73,27
1,9,65,69,27
1,10,65,80,27
1,11,65,77,27
1,12,65,74,27
1,13,65,78,27
1,14,65,79,27
1,15,65,67,27
1,16,65,83,27
1,17,65,85,27
1,18,65,72,27
1,19,65,95,27
1,20,65,64,27
1,21,65,101,27
1,22,65,97,27
1,23,65,100,27
1,24,65,90,27
1,25,65,88,27
1,26,65,86,27
1,27,65,107,27
1,28,65,87,27
38,29,65,93,27
38,30,65,103,27
1,31,65,109,27
1,32,65,75,27
1,33,65,99,27
1,34,65,102,27
1,35,65,89,27
1,36,65,98,27
1,37,65,105,27
1,38,65,84,27
1,39,65,108,27
1,40,65,96,27
1,41,65,123,27
1,42,65,106,27
1,43,65,91,27
1,44,65,117,27
1,45,65,65,27
1,46,65,92,27
1,47,65,94,27
1,48,65,120,27
1,49,65,104,27
1,50,65,125,27
1,51,65,127,27
1,52,65,129,27
1,53,65,110,27
1,54,65,112,27
1,55,65,70,27
1,56,65,116,27
22,57,65,121,27
22,58,65,118,27
22,59,65,111,27
22,60,65,113,27
22,61,65,124,27
1,62,65,62,27
1,63,65,81,27
1,64,65,126,27
1,65,65,128,27
1,66,65,122,27
1,67,65,115,27
1,68,65,119,27
1,69,65,114,27
1,70,65,21,27
1,71,65,20,27
1,72,65,2,27
1,73,65,22,27
1,74,65,12,27
1,75,65,8,27
1,76,65,27,27
1,77,65,3,27
1,78,65,16,27
1,79,65,6,27
1,80,65,19,27
1,81,65,26,27
1,82,65,4,27
1,83,65,9,27
1,84,65,13,27
1,85,65,10,27
1,86,65,52,27
1,87,65,30,27
1,88,65,18,27
1,89,65,25,27
1,90,65,29,27
1,91,65,5,27
1,92,65,17,27
1,93,65,28,27
1,94,65,33,27
1,95,65,59,27
1,96,65,15,27
1,97,65,14,27
1,98,65,23,27
1,99,65,24,27
1,100,65,11,27
1,101,65,1,27
1,102,65,7,27
1,103,65,44,27
1,104,65,32,27
1,105,65,51,27
1,106,65,56,27
1,107,65,36,27
1,108,65,40,27
1,109,65,38,27
1,110,65,37,27
1,111,65,42,27
1,112,65,35,27
1,113,65,43,27
1,114,65,60,27
1,115,65,58,27
1,116,65,41,27
1,117,65,53,27
1,118,65,54,27
1,119,65,46,27
1,120,65,55,27
1,121,65,39,27
1,122,65,31,27
1,123,65,49,27
1,124,65,47,27
1,125,65,50,27
1,126,65,45,27
1,127,65,48,27
1,128,65,34,27
1,129,65,57,27
1,1,66,66,86
1,2,66,63,86
1,3,66,68,86
1,4,66,71,86
1,5,66,82,86
1,6,66,61,86
1,7,66,76,86
1,8,66,73,86
1,9,66,69,86
1,10,66,80,86
1,11,66,77,86
1,12,66,74,86
1,13,66,78,86
1,14,66,79,86
1,15,66,67,86
1,16,66,83,86
1,17,66,85,86
1,18,66,72,86
1,19,66,95,86
1,20,66,64,86
1,21,66,101,86
1,22,66,97,86
1,23,66,100,86
1,24,66,90,86
1,25,66,88,86
1,26,66,86,86
1,27,66,107,86
1,28,66,87,86
38,29,66,93,86
38,30,66,103,86
1,31,66,109,86
1,32,66,75,86
1,33,66,99,86
1,34,66,102,86
1,35,66,89,86
1,36,66,98,86
1,37,66,105,86
1,38,66,84,86
1,39,66,108,86
1,40,66,96,86
1,41,66,123,86
1,42,66,106,86
1,43,66,91,86
1,44,66,117,86
1,45,66,65,86
1,46,66,92,86
1,47,66,94,86
1,48,66,120,86
1,49,66,104,86
1,50,66,125,86
1,51,66,127,86
1,52,66,129,86
1,53,66,110,86
1,54,66,112,86
1,55,66,70,86
1,56,66,116,86
22,57,66,121,86
22,58,66,118,86
22,59,66,111,86
22,60,66,113,86
22,61,66,124,86
1,62,66,62,86
1,63,66,81,86
1,64,66,126,86
1,65,66,128,86
1,66,66,122,86
1,67,66,115,86
1,68,66,119,86
1,69,66,114,86
1,70,66,21,86
1,71,66,20,86
1,72,66,2,86
1,73,66,22,86
1,74,66,12,86
1,75,66,8,86
1,76,66,27,86
1,77,66,3,86
1,78,66,16,86
1,79,66,6,86
1,80,66,19,86
1,81,66,26,86
1,82,66,4,86
1,83,66,9,86
1,84,66,13,86
1,85,66,10,86
1,86,66,52,86
1,87,66,30,86
1,88,66,18,86
1,89,66,25,86
1,90,66,29,86
1,91,66,5,86
1,92,66,17,86
1,93,66,28,86
1,94,66,33,86
1,95,66,59,86
1,96,66,15,86
1,97,66,14,86
1,98,66,23,86
1,99,66,24,86
1,100,66,11,86
1,101,66,1,86
1,102,66,7,86
1,103,66,44,86
1,104,66,32,86
1,105,66,51,86
1,106,66,56,86
1,107,66,36,86
1,108,66,40,86
1,109,66,38,86
1,110,66,37,86
1,111,66,42,86
1,112,66,35,86
1,113,66,43,86
1,114,66,60,86
1,115,66,58,86
1,116,66,41,86
1,117,66,53,86
1,118,66,54,86
1,119,66,46,86
1,120,66,55,86
1,121,66,39,86
1,122,66,31,86
1,123,66,49,86
1,124,66,47,86
1,125,66,50,86
1,126,66,45,86
1,127,66,48,86
1,128,66,34,86
1,129,66,57,86
1,1,67,66,85
1,2,67,63,85
1,3,67,68,85
1,4,67,71,85
1,5,67,82,85
1,6,67,61,85
1,7,67,76,85
1,8,67,73,85
1,9,67,69,85
1,10,67,80,85
1,11,67,77,85
1,12,67,74,85
1,13,67,78,85
1,14,67,79,85
1,15,67,67,85
1,16,67,83,85
1,17,67,85,85
1,18,67,72,85
1,19,67,95,85
1,20,67,64,85
1,21,67,101,85
1,22,67,97,85
1,23,67,100,85
1,24,67,90,85
1,25,67,88,85
1,26,67,86,85
1,27,67,107,85
1,28,67,87,85
38,29,67,93,85
38,30,67,103,85
1,31,67,109,85
1,32,67,75,85
1,33,67,99,85
1,34,67,102,85
1,35,67,89,85
1,36,67,98,85
1,37,67,105,85
1,38,67,84,85
1,39,67,108,85
1,40,67,96,85
1,41,67,123,85
1,42,67,106,85
1,43,67,91,85
1,44,67,117,85
1,45,67,65,85
1,46,67,92,85
1,47,67,94,85
1,48,67,120,85
1,49,67,104,85
1,50,67,125,85
1,51,67,127,85
1,52,67,129,85
1,53,67,110,85
1,54,67,112,85
1,55,67,70,85
1,56,67,116,85
22,57,67,121,85
22,58,67,118,85
22,59,67,111,85
22,60,67,113,85
22,61,67,124,85
1,62,67,62,85
1,63,67,81,85
1,64,67,126,85
1,65,67,128,85
1,66,67,122,85
1,67,67,115,85
1,68,67,119,85
1,69,67,114,85
1,70,67,21,85
1,71,67,20,85
1,72,67,2,85
1,73,67,22,85
1,74,67,12,85
1,75,67,8,85
1,76,67,27,85
1,77,67,3,85
1,78,67,16,85
1,79,67,6,85
1,80,67,19,85
1,81,67,26,85
1,82,67,4,85
1,83,67,9,85
1,84,67,13,85
1,85,67,10,85
1,86,67,52,85
1,87,67,30,85
1,88,67,18,85
1,89,67,25,85
1,90,67,29,85
1,91,67,5,85
1,92,67,17,85
1,93,67,28,85
1,94,67,33,85
1,95,67,59,85
1,96,67,15,85
1,97,67,14,85
1,98,67,23,85
1,99,67,24,85
1,100,67,11,85
1,101,67,1,85
1,102,67,7,85
1,103,67,44,85
1,104,67,32,85
1,105,67,51,85
1,106,67,56,85
1,107,67,36,85
1,108,67,40,85
1,109,67,38,85
1,110,67,37,85
1,111,67,42,85
1,112,67,35,85
1,113,67,43,85
1,114,67,60,85
1,115,67,58,85
1,116,67,41,85
1,117,67,53,85
1,118,67,54,85
1,119,67,46,85
1,120,67,55,85
1,121,67,39,85
1,122,67,31,85
1,123,67,49,85
1,124,67,47,85
1,125,67,50,85
1,126,67,45,85
1,127,67,48,85
1,128,67,34,85
1,129,67,57,85
1,1,68,66,62
1,2,68,63,62
1,3,68,68,62
1,4,68,71,62
1,5,68,82,62
1,6,68,61,62
1,7,68,76,62
1,8,68,73,62
1,9,68,69,62
1,10,68,80,62
1,11,68,77,62
1,12,68,74,62
1,13,68,78,62
1,14,68,79,62
1,15,68,67,62
1,16,68,83,62
1,17,68,85,62
1,18,68,72,62
1,19,68,95,62
1,20,68,64,62
1,21,68,101,62
1,22,68,97,62
1,23,68,100,62
1,24,68,90,62
1,25,68,88,62
1,26,68,86,62
1,27,68,107,62
1,28,68,87,62
38,29,68,93,62
38,30,68,103,62
1,31,68,109,62
1,32,68,75,62
1,33,68,99,62
1,34,68,102,62
1,35,68,89,62
1,36,68,98,62
1,37,68,105,62
1,38,68,84,62
1,39,68,108,62
1,40,68,96,62
1,41,68,123,62
1,42,68,106,62
1,43,68,91,62
1,44,68,117,62
1,45,68,65,62
1,46,68,92,62
1,47,68,94,62
1,48,68,120,62
1,49,68,104,62
1,50,68,125,62
1,51,68,127,62
1,52,68,129,62
1,53,68,110,62
1,54,68,112,62
1,55,68,70,62
1,56,68,116,62
22,57,68,121,62
22,58,68,118,62
22,59,68,111,62
22,60,68,113,62
22,61,68,124,62
1,62,68,62,62
1,63,68,81,62
1,64,68,126,62
1,65,68,128,62
1,66,68,122,62
1,67,68,115,62
1,68,68,119,62
1,69,68,114,62
1,70,68,21,62
1,71,68,20,62
1,72,68,2,62
1,73,68,22,62
1,74,68,12,62
1,75,68,8,62
1,76,68,27,62
1,77,68,3,62
1,78,68,16,62
1,79,68,6,62
1,80,68,19,62
1,81,68,26,62
1,82,68,4,62
1,83,68,9,62
1,84,68,13,62
1,85,68,10,62
1,86,68,52,62
1,87,68,30,62
1,88,68,18,62
1,89,68,25,62
1,90,68,29,62
1,91,68,5,62
1,92,68,17,62
1,93,68,28,62
1,94,68,33,62
1,95,68,59,62
1,96,68,15,62
1,97,68,14,62
1,98,68,23,62
1,99,68,24,62
1,100,68,11,62
1,101,68,1,62
1,102,68,7,62
1,103,68,44,62
1,104,68,32,62
1,105,68,51,62
1,106,68,56,62
1,107,68,36,62
1,108,68,40,62
1,109,68,38,62
1,110,68,37,62
1,111,68,42,62
1,112,68,35,62
1,113,68,43,62
1,114,68,60,62
1,115,68,58,62
1,116,68,41,62
1,117,68,53,62
1,118,68,54,62
1,119,68,46,62
1,120,68,55,62
1,121,68,39,62
1,122,68,31,62
1,123,68,49,62
1,124,68,47,62
1,125,68,50,62
1,126,68,45,62
1,127,68,48,62
1,128,68,34,62
1,129,68,57,62
1,1,69,66,41
1,2,69,63,41
1,3,69,68,41
1,4,69,71,41
1,5,69,82,41
1,6,69,61,41
1,7,69,76,41
1,8,69,73,41
1,9,69,69,41
1,10,69,80,41
1,11,69,77,41
1,12,69,74,41
1,13,69,78,41
1,14,69,79,41
1,15,69,67,41
1,16,69,83,41
1,17,69,85,41
1,18,69,72,41
1,19,69,95,41
1,20,69,64,41
1,21,69,101,41
1,22,69,97,41
1,23,69,100,41
1,24,69,90,41
1,25,69,88,41
1,26,69,86,41
1,27,69,107,41
1,28,69,87,41
38,29,69,93,41
38,30,69,103,41
1,31,69,109,41
1,32,69,75,41
1,33,69,99,41
1,34,69,102,41
1,35,69,89,41
1,36,69,98,41
1,37,69,105,41
1,38,69,84,41
1,39,69,108,41
1,40,69,96,41
1,41,69,123,41
1,42,69,106,41
1,43,69,91,41
1,44,69,117,41
1,45,69,65,41
1,46,69,92,41
1,47,69,94,41
1,48,69,120,41
1,49,69,104,41
1,50,69,125,41
1,51,69,127,41
1,52,69,129,41
1,53,69,110,41
1,54,69,112,41
1,55,69,70,41
1,56,69,116,41
22,57,69,121,41
22,58,69,118,41
22,59,69,111,41
22,60,69,113,41
22,61,69,124,41
1,62,69,62,41
1,63,69,81,41
1,64,69,126,41
1,65,69,128,41
1,66,69,122,41
1,67,69,115,41
1,68,69,119,41
1,69,69,114,41
1,70,69,21,41
1,71,69,20,41
1,72,69,2,41
1,73,69,22,41
1,74,69,12,41
1,75,69,8,41
1,76,69,27,41
1,77,69,3,41
1,78,69,16,41
1,79,69,6,41
1,80,69,19,41
1,81,69,26,41
1,82,69,4,41
1,83,69,9,41
1,84,69,13,41
1,85,69,10,41
1,86,69,52,41
1,87,69,30,41
1,88,69,18,41
1,89,69,25,41
1,90,69,29,41
1,91,69,5,41
1,92,69,17,41
1,93,69,28,41
1,94,69,33,41
1,95,69,59,41
1,96,69,15,41
1,97,69,14,41
1,98,69,23,41
1,99,69,24,41
1,100,69,11,41
1,101,69,1,41
1,102,69,7,41
1,103,69,44,41
1,104,69,32,41
1,105,69,51,41
1,106,69,56,41
1,107,69,36,41
1,108,69,40,41
1,109,69,38,41
1,110,69,37,41
1,111,69,42,41
1,112,69,35,41
1,113,69,43,41
1,114,69,60,41
1,115,69,58,41
1,116,69,41,41
1,117,69,53,41
1,118,69,54,41
1,119,69,46,41
1,120,69,55,41
1,121,69,39,41
1,122,69,31,41
1,123,69,49,41
1,124,69,47,41
1,125,69,50,41
1,126,69,45,41
1,127,69,48,41
1,128,69,34,41
1,129,69,57,41
1,1,70,66,68
1,2,70,63,68
1,3,70,68,68
1,4,70,71,68
1,5,70,82,68
1,6,70,61,68
1,7,70,76,68
1,8,70,73,68
1,9,70,69,68
1,10,70,80,68
1,11,70,77,68
1,12,70,74,68
1,13,70,78,68
1,14,70,79,68
1,15,70,67,68
1,16,70,83,68
1,17,70,85,68
1,18,70,72,68
1,19,70,95,68
1,20,70,64,68
1,21,70,101,68
1,22,70,97,68
1,23,70,100,68
1,24,70,90,68
1,25,70,88,68
1,26,70,86,68
1,27,70,107,68
1,28,70,87,68
38,29,70,93,68
38,30,70,103,68
1,31,70,109,68
1,32,70,75,68
1,33,70,99,68
1,34,70,102,68
1,35,70,89,68
1,36,70,98,68
1,37,70,105,68
1,38,70,84,68
1,39,70,108,68
1,40,70,96,68
1,41,70,123,68
1,42,70,106,68
1,43,70,91,68
1,44,70,117,68
1,45,70,65,68
1,46,70,92,68
1,47,70,94,68
1,48,70,120,68
1,49,70,104,68
1,50,70,125,68
1,51,70,127,68
1,52,70,129,68
1,53,70,110,68
1,54,70,112,68
1,55,70,70,68
1,56,70,116,68
22,57,70,121,68
22,58,70,118,68
22,59,70,111,68
22,60,70,113,68
22,61,70,124,68
1,62,70,62,68
1,63,70,81,68
1,64,70,126,68
1,65,70,128,68
1,66,70,122,68
1,67,70,115,68
1,68,70,119,68
1,69,70,114,68
1,70,70,21,68
1,71,70,20,68
1,72,70,2,68
1,73,70,22,68
1,74,70,12,68
1,75,70,8,68
1,76,70,27,68
1,77,70,3,68
1,78,70,16,68
1,79,70,6,68
1,80,70,19,68
1,81,70,26,68
1,82,70,4,68
1,83,70,9,68
1,84,70,13,68
1,85,70,10,68
1,86,70,52,68
1,87,70,30,68
1,88,70,18,68
1,89,70,25,68
1,90,70,29,68
1,91,70,5,68
1,92,70,17,68
1,93,70,28,68
1,94,70,33,68
1,95,70,59,68
1,96,70,15,68
1,97,70,14,68
1,98,70,23,68
1,99,70,24,68
1,100,70,11,68
1,101,70,1,68
1,102,70,7,68
1,103,70,44,68
1,104,70,32,68
1,105,70,51,68
1,106,70,56,68
1,107,70,36,68
1,108,70,40,68
1,109,70,38,68
1,110,70,37,68
1,111,70,42,68
1,112,70,35,68
1,113,70,43,68
1,114,70,60,68
1,115,70,58,68
1,116,70,41,68
1,117,70,53,68
1,118,70,54,68
1,119,70,46,68
1,120,70,55,68
1,121,70,39,68
1,122,70,31,68
1,123,70,49,68
1,124,70,47,68
1,125,70,50,68
1,126,70,45,68
1,127,70,48,68
1,128,70,34,68
1,129,70,57,68
1,1,71,66,203
1,2,71,63,203
1,3,71,68,203
1,4,71,71,203
1,5,71,82,203
1,6,71,61,203
1,7,71,76,203
1,8,71,73,203
1,9,71,69,203
1,10,71,80,203
1,11,71,77,203
1,12,71,74,203
1,13,71,78,203
1,14,71,79,203
1,15,71,67,203
1,16,71,83,203
1,17,71,85,203
1,18,71,72,203
1,19,71,95,203
1,20,71,64,203
1,21,71,101,203
1,22,71,97,203
1,23,71,100,203
1,24,71,90,203
1,25,71,88,203
1,26,71,86,203
1,27,71,107,203
1,28,71,87,203
38,29,71,93,203
38,30,71,103,203
1,31,71,109,203
1,32,71,75,203
1,33,71,99,203
1,34,71,102,203
1,35,71,89,203
1,36,71,98,203
1,37,71,105,203
1,38,71,84,203
1,39,71,108,203
1,40,71,96,203
1,41,71,123,203
1,42,71,106,203
1,43,71,91,203
1,44,71,117,203
1,45,71,65,203
1,46,71,92,203
1,47,71,94,203
1,48,71,120,203
1,49,71,104,203
1,50,71,125,203
1,51,71,127,203
1,52,71,129,203
1,53,71,110,203
1,54,71,112,203
1,55,71,70,203
1,56,71,116,203
22,57,71,121,203
22,58,71,118,203
22,59,71,111,203
22,60,71,113,203
22,61,71,124,203
1,62,71,62,203
1,63,71,81,203
1,64,71,126,203
1,65,71,128,203
1,66,71,122,203
1,67,71,115,203
1,68,71,119,203
1,69,71,114,203
1,70,71,21,203
1,71,71,20,203
1,72,71,2,203
1,73,71,22,203
1,74,71,12,203
1,75,71,8,203
1,76,71,27,203
1,77,71,3,203
1,78,71,16,203
1,79,71,6,203
1,80,71,19,203
1,81,71,26,203
1,82,71,4,203
1,83,71,9,203
1,84,71,13,203
1,85,71,10,203
1,86,71,52,203
1,87,71,30,203
1,88,71,18,203
1,89,71,25,203
1,90,71,29,203
1,91,71,5,203
1,92,71,17,203
1,93,71,28,203
1,94,71,33,203
1,95,71,59,203
1,96,71,15,203
1,97,71,14,203
1,98,71,23,203
1,99,71,24,203
1,100,71,11,203
1,101,71,1,203
1,102,71,7,203
1,103,71,44,203
1,104,71,32,203
1,105,71,51,203
1,106,71,56,203
1,107,71,36,203
1,108,71,40,203
1,109,71,38,203
1,110,71,37,203
1,111,71,42,203
1,112,71,35,203
1,113,71,43,203
1,114,71,60,203
1,115,71,58,203
1,116,71,41,203
1,117,71,53,203
1,118,71,54,203
1,119,71,46,203
1,120,71,55,203
1,121,71,39,203
1,122,71,31,203
1,123,71,49,203
1,124,71,47,203
1,125,71,50,203
1,126,71,45,203
1,127,71,48,203
1,128,71,34,203
1,129,71,57,203
1,1,72,66,66
1,2,72,63,66
1,3,72,68,66
1,4,72,71,66
1,5,72,82,66
1,6,72,61,66
1,7,72,76,66
1,8,72,73,66
1,9,72,69,66
1,10,72,80,66
1,11,72,77,66
1,12,72,74,66
1,13,72,78,66
1,14,72,79,66
1,15,72,67,66
1,16,72,83,66
1,17,72,85,66
1,18,72,72,66
1,19,72,95,66
1,20,72,64,66
1,21,72,101,66
1,22,72,97,66
1,23,72,100,66
1,24,72,90,66
1,25,72,88,66
1,26,72,86,66
1,27,72,107,66
1,28,72,87,66
38,29,72,93,66
38,30,72,103,66
1,31,72,109,66
1,32,72,75,66
1,33,72,99,66
1,34,72,102,66
1,35,72,89,66
1,36,72,98,66
1,37,72,105,66
1,38,72,84,66
1,39,72,108,66
1,40,72,96,66
1,41,72,123,66
1,42,72,106,66
1,43,72,91,66
1,44,72,117,66
1,45,72,65,66
1,46,72,92,66
1,47,72,94,66
1,48,72,120,66
1,49,72,104,66
1,50,72,125,66
1,51,72,127,66
1,52,72,129,66
1,53,72,110,66
1,54,72,112,66
1,55,72,70,66
1,56,72,116,66
22,57,72,121,66
22,58,72,118,66
22,59,72,111,66
22,60,72,113,66
22,61,72,124,66
1,62,72,62,66
1,63,72,81,66
1,64,72,126,66
1,65,72,128,66
1,66,72,122,66
1,67,72,115,66
1,68,72,119,66
1,69,72,114,66
1,70,72,21,66
1,71,72,20,66
1,72,72,2,66
1,73,72,22,66
1,74,72,12,66
1,75,72,8,66
1,76,72,27,66
1,77,72,3,66
1,78,72,16,66
1,79,72,6,66
1,80,72,19,66
1,81,72,26,66
1,82,72,4,66
1,83,72,9,66
1,84,72,13,66
1,85,72,10,66
1,86,72,52,66
1,87,72,30,66
1,88,72,18,66
1,89,72,25,66
1,90,72,29,66
1,91,72,5,66
1,92,72,17,66
1,93,72,28,66
1,94,72,33,66
1,95,72,59,66
1,96,72,15,66
1,97,72,14,66
1,98,72,23,66
1,99,72,24,66
1,100,72,11,66
1,101,72,1,66
1,102,72,7,66
1,103,72,44,66
1,104,72,32,66
1,105,72,51,66
1,106,72,56,66
1,107,72,36,66
1,108,72,40,66
1,109,72,38,66
1,110,72,37,66
1,111,72,42,66
1,112,72,35,66
1,113,72,43,66
1,114,72,60,66
1,115,72,58,66
1,116,72,41,66
1,117,72,53,66
1,118,72,54,66
1,119,72,46,66
1,120,72,55,66
1,121,72,39,66
1,122,72,31,66
1,123,72,49,66
1,124,72,47,66
1,125,72,50,66
1,126,72,45,66
1,127,72,48,66
1,128,72,34,66
1,129,72,57,66
1,1,73,66,88
1,2,73,63,88
1,3,73,68,88
1,4,73,71,88
1,5,73,82,88
1,6,73,61,88
1,7,73,76,88
1,8,73,73,88
1,9,73,69,88
1,10,73,80,88
1,11,73,77,88
1,12,73,74,88
1,13,73,78,88
1,14,73,79,88
1,15,73,67,88
1,16,73,83,88
1,17,73,85,88
1,18,73,72,88
1,19,73,95,88
1,20,73,64,88
1,21,73,101,88
1,22,73,97,88
1,23,73,100,88
1,24,73,90,88
1,25,73,88,88
1,26,73,86,88
1,27,73,107,88
1,28,73,87,88
38,29,73,93,88
38,30,73,103,88
1,31,73,109,88
1,32,73,75,88
1,33,73,99,88
1,34,73,102,88
1,35,73,89,88
1,36,73,98,88
1,37,73,105,88
1,38,73,84,88
1,39,73,108,88
1,40,73,96,88
1,41,73,123,88
1,42,73,106,88
1,43,73,91,88
1,44,73,117,88
1,45,73,65,88
1,46,73,92,88
1,47,73,94,88
1,48,73,120,88
1,49,73,104,88
1,50,73,125,88
1,51,73,127,88
1,52,73,129,88
1,53,73,110,88
1,54,73,112,88
1,55,73,70,88
1,56,73,116,88
22,57,73,121,88
22,58,73,118,88
22,59,73,111,88
22,60,73,113,88
22,61,73,124,88
1,62,73,62,88
1,63,73,81,88
1,64,73,126,88
1,65,73,128,88
1,66,73,122,88
1,67,73,115,88
1,68,73,119,88
1,69,73,114,88
1,70,73,21,88
1,71,73,20,88
1,72,73,2,88
1,73,73,22,88
1,74,73,12,88
1,75,73,8,88
1,76,73,27,88
1,77,73,3,88
1,78,73,16,88
1,79,73,6,88
1,80,73,19,88
1,81,73,26,88
1,82,73,4,88
1,83,73,9,88
1,84,73,13,88
1,85,73,10,88
1,86,73,52,88
1,87,73,30,88
11,88,73,18,88
11,89,73,25,88
11,90,73,29,88
1,91,73,5,88
1,92,73,17,88
1,93,73,28,88
1,94,73,33,88
1,95,73,59,88
1,96,73,15,88
1,97,73,14,88
1,98,73,23,88
1,99,73,24,88
1,100,73,11,88
1,101,73,1,88
1,102,73,7,88
1,103,73,44,88
1,104,73,32,88
1,105,73,51,88
1,106,73,56,88
1,107,73,36,88
1,108,73,40,88
1,109,73,38,88
1,110,73,37,88
1,111,73,42,88
1,112,73,35,88
1,113,73,43,88
1,114,73,60,88
1,115,73,58,88
1,116,73,41,88
1,117,73,53,88
1,118,73,54,88
1,119,73,46,88
1,120,73,55,88
1,121,73,39,88
1,122,73,31,88
1,123,73,49,88
1,124,73,47,88
1,125,73,50,88
1,126,73,45,88
1,127,73,48,88
1,128,73,34,88
1,129,73,57,88
1,1,74,66,197
1,2,74,63,197
1,3,74,68,197
1,4,74,71,197
1,5,74,82,197
1,6,74,61,197
1,7,74,76,197
1,8,74,73,197
1,9,74,69,197
1,10,74,80,197
1,11,74,77,197
1,12,74,74,197
1,13,74,78,197
1,14,74,79,197
1,15,74,67,197
1,16,74,83,197
1,17,74,85,197
1,18,74,72,197
1,19,74,95,197
1,20,74,64,197
1,21,74,101,197
1,22,74,97,197
1,23,74,100,197
1,24,74,90,197
1,25,74,88,197
1,26,74,86,197
1,27,74,107,197
1,28,74,87,197
38,29,74,93,197
38,30,74,103,197
1,31,74,109,197
1,32,74,75,197
1,33,74,99,197
1,34,74,102,197
1,35,74,89,197
1,36,74,98,197
1,37,74,105,197
1,38,74,84,197
1,39,74,108,197
1,40,74,96,197
1,41,74,123,197
1,42,74,106,197
1,43,74,91,197
1,44,74,117,197
1,45,74,65,197
1,46,74,92,197
1,47,74,94,197
1,48,74,120,197
1,49,74,104,197
1,50,74,125,197
1,51,74,127,197
1,52,74,129,197
1,53,74,110,197
1,54,74,112,197
1,55,74,70,197
1,56,74,116,197
22,57,74,121,197
22,58,74,118,197
22,59,74,111,197
22,60,74,113,197
22,61,74,124,197
1,62,74,62,197
1,63,74,81,197
1,64,74,126,197
1,65,74,128,197
1,66,74,122,197
1,67,74,115,197
1,68,74,119,197
1,69,74,114,197
1,70,74,21,197
1,71,74,20,197
1,72,74,2,197
1,73,74,22,197
1,74,74,12,197
1,75,74,8,197
1,76,74,27,197
1,77,74,3,197
1,78,74,16,197
1,79,74,6,197
1,80,74,19,197
1,81,74,26,197
1,82,74,4,197
1,83,74,9,197
1,84,74,13,197
1,85,74,10,197
1,86,74,52,197
1,87,74,30,197
11,88,74,18,197
11,89,74,25,197
11,90,74,29,197
1,91,74,5,197
1,92,74,17,197
1,93,74,28,197
1,94,74,33,197
1,95,74,59,197
1,96,74,15,197
1,97,74,14,197
1,98,74,23,197
1,99,74,24,197
1,100,74,11,197
1,101,74,1,197
1,102,74,7,197
1,103,74,44,197
1,104,74,32,197
1,105,74,51,197
1,106,74,56,197
1,107,74,36,197
1,108,74,40,197
1,109,74,38,197
1,110,74,37,197
1,111,74,42,197
1,112,74,35,197
1,113,74,43,197
1,114,74,60,197
1,115,74,58,197
1,116,74,41,197
1,117,74,53,197
1,118,74,54,197
1,119,74,46,197
1,120,74,55,197
1,121,74,39,197
1,122,74,31,197
1,123,74,49,197
1,124,74,47,197
1,125,74,50,197
1,126,74,45,197
1,127,74,48,197
1,128,74,34,197
1,129,74,57,197
1,1,75,66,89
1,2,75,63,89
1,3,75,68,89
1,4,75,71,89
1,5,75,82,89
1,6,75,61,89
1,7,75,76,89
1,8,75,73,89
1,9,75,69,89
1,10,75,80,89
1,11,75,77,89
1,12,75,74,89
1,13,75,78,89
1,14,75,79,89
1,15,75,67,89
1,16,75,83,89
1,17,75,85,89
1,18,75,72,89
1,19,75,95,89
1,20,75,64,89
1,21,75,101,89
1,22,75,97,89
1,23,75,100,89
1,24,75,90,89
1,25,75,88,89
1,26,75,86,89
1,27,75,107,89
1,28,75,87,89
38,29,75,93,89
38,30,75,103,89
1,31,75,109,89
1,32,75,75,89
1,33,75,99,89
1,34,75,102,89
1,35,75,89,89
1,36,75,98,89
1,37,75,105,89
1,38,75,84,89
1,39,75,108,89
1,40,75,96,89
1,41,75,123,89
1,42,75,106,89
1,43,75,91,89
1,44,75,117,89
1,45,75,65,89
1,46,75,92,89
1,47,75,94,89
1,48,75,120,89
1,49,75,104,89
1,50,75,125,89
1,51,75,127,89
1,52,75,129,89
1,53,75,110,89
1,54,75,112,89
1,55,75,70,89
1,56,75,116,89
22,57,75,121,89
22,58,75,118,89
22,59,75,111,89
22,60,75,113,89
22,61,75,124,89
1,62,75,62,89
1,63,75,81,89
1,64,75,126,89
1,65,75,128,89
1,66,75,122,89
1,67,75,115,89
1,68,75,119,89
1,69,75,114,89
1,70,75,21,89
1,71,75,20,89
1,72,75,2,89
1,73,75,22,89
1,74,75,12,89
1,75,75,8,89
1,76,75,27,89
1,77,75,3,89
1,78,75,16,89
1,79,75,6,89
1,80,75,19,89
1,81,75,26,89
1,82,75,4,89
1,83,75,9,89
1,84,75,13,89
1,85,75,10,89
1,86,75,52,89
1,87,75,30,89
11,88,75,18,89
11,89,75,25,89
11,90,75,29,89
1,91,75,5,89
1,92,75,17,89
1,93,75,28,89
1,94,75,33,89
1,95,75,59,89
1,96,75,15,89
1,97,75,14,89
1,98,75,23,89
1,99,75,24,89
1,100,75,11,89
1,101,75,1,89
1,102,75,7,89
1,103,75,44,89
1,104,75,32,89
1,105,75,51,89
1,106,75,56,89
1,107,75,36,89
1,108,75,40,89
1,109,75,38,89
1,110,75,37,89
1,111,75,42,89
1,112,75,35,89
1,113,75,43,89
1,114,75,60,89
1,115,75,58,89
1,116,75,41,89
1,117,75,53,89
1,118,75,54,89
1,119,75,46,89
1,120,75,55,89
1,121,75,39,89
1,122,75,31,89
1,123,75,49,89
1,124,75,47,89
1,125,75,50,89
1,126,75,45,89
1,127,75,48,89
1,128,75,34,89
1,129,75,57,89
1,1,76,66,19
1,2,76,63,19
1,3,76,68,19
1,4,76,71,19
1,5,76,82,19
1,6,76,61,19
1,7,76,76,19
1,8,76,73,19
1,9,76,69,19
1,10,76,80,19
1,11,76,77,19
1,12,76,74,19
1,13,76,78,19
1,14,76,79,19
1,15,76,67,19
1,16,76,83,19
1,17,76,85,19
1,18,76,72,19
1,19,76,95,19
1,20,76,64,19
1,21,76,101,19
1,22,76,97,19
1,23,76,100,19
1,24,76,90,19
1,25,76,88,19
1,26,76,86,19
1,27,76,107,19
1,28,76,87,19
38,29,76,93,19
38,30,76,103,19
1,31,76,109,19
1,32,76,75,19
1,33,76,99,19
1,34,76,102,19
1,35,76,89,19
1,36,76,98,19
1,37,76,105,19
1,38,76,84,19
1,39,76,108,19
1,40,76,96,19
1,41,76,123,19
1,42,76,106,19
1,43,76,91,19
1,44,76,117,19
1,45,76,65,19
1,46,76,92,19
1,47,76,94,19
1,48,76,120,19
1,49,76,104,19
1,50,76,125,19
1,51,76,127,19
1,52,76,129,19
1,53,76,110,19
1,54,76,112,19
1,55,76,70,19
1,56,76,116,19
22,57,76,121,19
22,58,76,118,19
22,59,76,111,19
22,60,76,113,19
22,61,76,124,19
1,62,76,62,19
1,63,76,81,19
1,64,76,126,19
1,65,76,128,19
1,66,76,122,19
1,67,76,115,19
1,68,76,119,19
1,69,76,114,19
1,70,76,21,19
1,71,76,20,19
1,72,76,2,19
1,73,76,22,19
1,74,76,12,19
1,75,76,8,19
1,76,76,27,19
1,77,76,3,19
1,78,76,16,19
1,79,76,6,19
1,80,76,19,19
1,81,76,26,19
1,82,76,4,19
1,83,76,9,19
1,84,76,13,19
1,85,76,10,19
1,86,76,52,19
1,87,76,30,19
11,88,76,18,19
11,89,76,25,19
11,90,76,29,19
1,91,76,5,19
1,92,76,17,19
1,93,76,28,19
1,94,76,33,19
1,95,76,59,19
1,96,76,15,19
1,97,76,14,19
1,98,76,23,19
1,99,76,24,19
1,100,76,11,19
1,101,76,1,19
1,102,76,7,19
1,103,76,44,19
1,104,76,32,19
1,105,76,51,19
1,106,76,56,19
1,107,76,36,19
1,108,76,40,19
1,109,76,38,19
1,110,76,37,19
1,111,76,42,19
1,112,76,35,19
1,113,76,43,19
1,114,76,60,19
1,115,76,58,19
1,116,76,41,19
1,117,76,53,19
1,118,76,54,19
1,119,76,46,19
1,120,76,55,19
1,121,76,39,19
1,122,76,31,19
1,123,76,49,19
1,124,76,47,19
1,125,76,50,19
1,126,76,45,19
1,127,76,48,19
1,128,76,34,19
1,129,76,57,19
1,1,77,66,190
1,2,77,63,190
1,3,77,68,190
1,4,77,71,190
1,5,77,82,190
1,6,77,61,190
1,7,77,76,190
1,8,77,73,190
1,9,77,69,190
1,10,77,80,190
1,11,77,77,190
1,12,77,74,190
1,13,77,78,190
1,14,77,79,190
1,15,77,67,190
1,16,77,83,190
1,17,77,85,190
1,18,77,72,190
1,19,77,95,190
1,20,77,64,190
1,21,77,101,190
1,22,77,97,190
1,23,77,100,190
1,24,77,90,190
1,25,77,88,190
1,26,77,86,190
1,27,77,107,190
1,28,77,87,190
38,29,77,93,190
38,30,77,103,190
1,31,77,109,190
1,32,77,75,190
1,33,77,99,190
1,34,77,102,190
1,35,77,89,190
1,36,77,98,190
1,37,77,105,190
1,38,77,84,190
1,39,77,108,190
1,40,77,96,190
1,41,77,123,190
1,42,77,106,190
1,43,77,91,190
1,44,77,117,190
1,45,77,65,190
1,46,77,92,190
1,47,77,94,190
1,48,77,120,190
1,49,77,104,190
1,50,77,125,190
1,51,77,127,190
1,52,77,129,190
1,53,77,110,190
1,54,77,112,190
1,55,77,70,190
1,56,77,116,190
22,57,77,121,190
22,58,77,118,190
22,59,77,111,190
22,60,77,113,190
22,61,77,124,190
1,62,77,62,190
1,63,77,81,190
1,64,77,126,190
1,65,77,128,190
1,66,77,122,190
1,67,77,115,190
1,68,77,119,190
1,69,77,114,190
1,70,77,21,190
1,71,77,20,190
1,72,77,2,190
1,73,77,22,190
1,74,77,12,190
1,75,77,8,190
1,76,77,27,190
1,77,77,3,190
1,78,77,16,190
1,79,77,6,190
1,80,77,19,190
1,81,77,26,190
1,82,77,4,190
1,83,77,9,190
1,84,77,13,190
1,85,77,10,190
1,86,77,52,190
1,87,77,30,190
11,88,77,18,190
11,89,77,25,190
11,90,77,29,190
1,91,77,5,190
1,92,77,17,190
1,93,77,28,190
1,94,77,33,190
1,95,77,59,190
1,96,77,15,190
1,97,77,14,190
1,98,77,23,190
1,99,77,24,190
1,100,77,11,190
1,101,77,1,190
1,102,77,7,190
1,103,77,44,190
1,104,77,32,190
1,105,77,51,190
1,106,77,56,190
1,107,77,36,190
1,108,77,40,190
1,109,77,38,190
1,110,77,37,190
1,111,77,42,190
1,112,77,35,190
1,113,77,43,190
1,114,77,60,190
1,115,77,58,190
1,116,77,41,190
1,117,77,53,190
1,118,77,54,190
1,119,77,46,190
1,120,77,55,190
1,121,77,39,190
1,122,77,31,190
1,123,77,49,190
1,124,77,47,190
1,125,77,50,190
1,126,77,45,190
1,127,77,48,190
1,128,77,34,190
1,129,77,57,190
1,1,78,66,60
1,2,78,63,60
1,3,78,68,60
1,4,78,71,60
1,5,78,82,60
1,6,78,61,60
1,7,78,76,60
1,8,78,73,60
1,9,78,69,60
1,10,78,80,60
1,11,78,77,60
1,12,78,74,60
1,13,78,78,60
1,14,78,79,60
1,15,78,67,60
1,16,78,83,60
1,17,78,85,60
1,18,78,72,60
1,19,78,95,60
1,20,78,64,60
1,21,78,101,60
1,22,78,97,60
1,23,78,100,60
1,24,78,90,60
1,25,78,88,60
1,26,78,86,60
1,27,78,107,60
1,28,78,87,60
38,29,78,93,60
38,30,78,103,60
1,31,78,109,60
1,32,78,75,60
1,33,78,99,60
1,34,78,102,60
1,35,78,89,60
1,36,78,98,60
1,37,78,105,60
1,38,78,84,60
1,39,78,108,60
1,40,78,96,60
1,41,78,123,60
1,42,78,106,60
1,43,78,91,60
1,44,78,117,60
1,45,78,65,60
1,46,78,92,60
1,47,78,94,60
1,48,78,120,60
1,49,78,104,60
1,50,78,125,60
1,51,78,127,60
1,52,78,129,60
1,53,78,110,60
1,54,78,112,60
1,55,78,70,60
1,56,78,116,60
22,57,78,121,60
22,58,78,118,60
22,59,78,111,60
22,60,78,113,60
22,61,78,124,60
1,62,78,62,60
1,63,78,81,60
1,64,78,126,60
1,65,78,128,60
1,66,78,122,60
1,67,78,115,60
1,68,78,119,60
1,69,78,114,60
1,70,78,21,60
1,71,78,20,60
1,72,78,2,60
1,73,78,22,60
1,74,78,12,60
1,75,78,8,60
1,76,78,27,60
1,77,78,3,60
1,78,78,16,60
1,79,78,6,60
1,80,78,19,60
1,81,78,26,60
1,82,78,4,60
1,83,78,9,60
1,84,78,13,60
1,85,78,10,60
1,86,78,52,60
1,87,78,30,60
11,88,78,18,60
11,89,78,25,60
11,90,78,29,60
1,91,78,5,60
1,92,78,17,60
1,93,78,28,60
1,94,78,33,60
1,95,78,59,60
1,96,78,15,60
1,97,78,14,60
1,98,78,23,60
1,99,78,24,60
1,100,78,11,60
1,101,78,1,60
1,102,78,7,60
1,103,78,44,60
1,104,78,32,60
1,105,78,51,60
1,106,78,56,60
1,107,78,36,60
1,108,78,40,60
1,109,78,38,60
1,110,78,37,60
1,111,78,42,60
1,112,78,35,60
1,113,78,43,60
1,114,78,60,60
1,115,78,58,60
1,116,78,41,60
1,117,78,53,60
1,118,78,54,60
1,119,78,46,60
1,120,78,55,60
1,121,78,39,60
1,122,78,31,60
1,123,78,49,60
1,124,78,47,60
1,125,78,50,60
1,126,78,45,60
1,127,78,48,60
1,128,78,34,60
1,129,78,57,60
1,1,79,66,95
1,2,79,63,95
1,3,79,68,95
1,4,79,71,95
1,5,79,82,95
1,6,79,61,95
1,7,79,76,95
1,8,79,73,95
1,9,79,69,95
1,10,79,80,95
1,11,79,77,95
1,12,79,74,95
1,13,79,78,95
1,14,79,79,95
1,15,79,67,95
1,16,79,83,95
1,17,79,85,95
1,18,79,72,95
1,19,79,95,95
1,20,79,64,95
1,21,79,101,95
1,22,79,97,95
1,23,79,100,95
1,24,79,90,95
1,25,79,88,95
1,26,79,86,95
1,27,79,107,95
1,28,79,87,95
38,29,79,93,95
38,30,79,103,95
1,31,79,109,95
1,32,79,75,95
1,33,79,99,95
1,34,79,102,95
1,35,79,89,95
1,36,79,98,95
1,37,79,105,95
1,38,79,84,95
1,39,79,108,95
1,40,79,96,95
1,41,79,123,95
1,42,79,106,95
1,43,79,91,95
1,44,79,117,95
1,45,79,65,95
1,46,79,92,95
1,47,79,94,95
1,48,79,120,95
1,49,79,104,95
1,50,79,125,95
1,51,79,127,95
1,52,79,129,95
1,53,79,110,95
1,54,79,112,95
1,55,79,70,95
1,56,79,116,95
22,57,79,121,95
22,58,79,118,95
22,59,79,111,95
22,60,79,113,95
22,61,79,124,95
1,62,79,62,95
1,63,79,81,95
1,64,79,126,95
1,65,79,128,95
1,66,79,122,95
1,67,79,115,95
1,68,79,119,95
1,69,79,114,95
1,70,79,21,95
1,71,79,20,95
1,72,79,2,95
1,73,79,22,95
1,74,79,12,95
1,75,79,8,95
1,76,79,27,95
1,77,79,3,95
1,78,79,16,95
1,79,79,6,95
1,80,79,19,95
1,81,79,26,95
1,82,79,4,95
1,83,79,9,95
1,84,79,13,95
1,85,79,10,95
1,86,79,52,95
1,87,79,30,95
11,88,79,18,95
11,89,79,25,95
11,90,79,29,95
1,91,79,5,95
1,92,79,17,95
1,93,79,28,95
1,94,79,33,95
1,95,79,59,95
1,96,79,15,95
1,97,79,14,95
1,98,79,23,95
1,99,79,24,95
1,100,79,11,95
1,101,79,1,95
1,102,79,7,95
1,103,79,44,95
1,104,79,32,95
1,105,79,51,95
1,106,79,56,95
1,107,79,36,95
1,108,79,40,95
1,109,79,38,95
1,110,79,37,95
1,111,79,42,95
1,112,79,35,95
1,113,79,43,95
1,114,79,60,95
1,115,79,58,95
1,116,79,41,95
1,117,79,53,95
1,118,79,54,95
1,119,79,46,95
1,120,79,55,95
1,121,79,39,95
1,122,79,31,95
1,123,79,49,95
1,124,79,47,95
1,125,79,50,95
1,126,79,45,95
1,127,79,48,95
1,128,79,34,95
1,129,79,57,95
1,1,80,66,46
1,2,80,63,46
1,3,80,68,46
1,4,80,71,46
1,5,80,82,46
1,6,80,61,46
1,7,80,76,46
1,8,80,73,46
1,9,80,69,46
1,10,80,80,46
1,11,80,77,46
1,12,80,74,46
1,13,80,78,46
1,14,80,79,46
1,15,80,67,46
1,16,80,83,46
1,17,80,85,46
1,18,80,72,46
1,19,80,95,46
1,20,80,64,46
1,21,80,101,46
1,22,80,97,46
1,23,80,100,46
1,24,80,90,46
1,25,80,88,46
1,26,80,86,46
1,27,80,107,46
1,28,80,87,46
38,29,80,93,46
38,30,80,103,46
1,31,80,109,46
1,32,80,75,46
1,33,80,99,46
1,34,80,102,46
1,35,80,89,46
1,36,80,98,46
1,37,80,105,46
1,38,80,84,46
1,39,80,108,46
1,40,80,96,46
1,41,80,123,46
1,42,80,106,46
1,43,80,91,46
1,44,80,117,46
1,45,80,65,46
1,46,80,92,46
1,47,80,94,46
1,48,80,120,46
1,49,80,104,46
1,50,80,125,46
1,51,80,127,46
1,52,80,129,46
1,53,80,110,46
1,54,80,112,46
1,55,80,70,46
1,56,80,116,46
22,57,80,121,46
22,58,80,118,46
22,59,80,111,46
22,60,80,113,46
22,61,80,124,46
1,62,80,62,46
1,63,80,81,46
1,64,80,126,46
1,65,80,128,46
1,66,80,122,46
1,67,80,115,46
1,68,80,119,46
1,69,80,114,46
1,70,80,21,46
1,71,80,20,46
1,72,80,2,46
1,73,80,22,46
1,74,80,12,46
1,75,80,8,46
1,76,80,27,46
1,77,80,3,46
1,78,80,16,46
1,79,80,6,46
1,80,80,19,46
1,81,80,26,46
1,82,80,4,46
1,83,80,9,46
1,84,80,13,46
1,85,80,10,46
1,86,80,52,46
1,87,80,30,46
11,88,80,18,46
11,89,80,25,46
11,90,80,29,46
1,91,80,5,46
1,92,80,17,46
1,93,80,28,46
1,94,80,33,46
1,95,80,59,46
1,96,80,15,46
1,97,80,14,46
1,98,80,23,46
1,99,80,24,46
1,100,80,11,46
1,101,80,1,46
1,102,80,7,46
1,103,80,44,46
1,104,80,32,46
1,105,80,51,46
1,106,80,56,46
1,107,80,36,46
1,108,80,40,46
1,109,80,38,46
1,110,80,37,46
1,111,80,42,46
1,112,80,35,46
1,113,80,43,46
1,114,80,60,46
1,115,80,58,46
1,116,80,41,46
1,117,80,53,46
1,118,80,54,46
1,119,80,46,46
1,120,80,55,46
1,121,80,39,46
1,122,80,31,46
1,123,80,49,46
1,124,80,47,46
1,125,80,50,46
1,126,80,45,46
1,127,80,48,46
1,128,80,34,46
1,129,80,57,46
1,1,81,66,114
1,2,81,63,114
1,3,81,68,114
1,4,81,71,114
1,5,81,82,114
1,6,81,61,114
1,7,81,76,114
1,8,81,73,114
1,9,81,69,114
1,10,81,80,114
1,11,81,77,114
1,12,81,74,114
1,13,81,78,114
1,14,81,79,114
1,15,81,67,114
1,16,81,83,114
1,17,81,85,114
1,18,81,72,114
1,19,81,95,114
1,20,81,64,114
1,21,81,101,114
1,22,81,97,114
1,23,81,100,114
1,24,81,90,114
1,25,81,88,114
1,26,81,86,114
1,27,81,107,114
1,28,81,87,114
1,29,81,93,114
1,30,81,103,114
1,31,81,109,114
1,32,81,75,114
1,33,81,99,114
1,34,81,102,114
1,35,81,89,114
1,36,81,98,114
1,37,81,105,114
1,38,81,84,114
1,39,81,108,114
1,40,81,96,114
1,41,81,123,114
1,42,81,106,114
1,43,81,91,114
1,44,81,117,114
1,45,81,65,114
1,46,81,92,114
1,47,81,94,114
1,48,81,120,114
1,49,81,104,114
1,50,81,125,114
1,51,81,127,114
1,52,81,129,114
1,53,81,110,114
1,54,81,112,114
1,55,81,70,114
1,56,81,116,114
1,57,81,121,114
1,58,81,118,114
1,59,81,111,114
1,60,81,113,114
1,61,81,124,114
1,62,81,62,114
1,63,81,81,114
1,64,81,126,114
1,65,81,128,114
1,66,81,122,114
1,67,81,115,114
1,68,81,119,114
1,69,81,114,114
1,70,81,21,114
1,71,81,20,114
1,72,81,2,114
1,73,81,22,114
1,74,81,12,114
1,75,81,8,114
1,76,81,27,114
1,77,81,3,114
1,78,81,16,114
1,79,81,6,114
1,80,81,19,114
1,81,81,26,114
1,82,81,4,114
1,83,81,9,114
1,84,81,13,114
1,85,81,10,114
1,86,81,52,114
1,87,81,30,114
11,88,81,18,114
11,89,81,25,114
11,90,81,29,114
1,91,81,5,114
1,92,81,17,114
1,93,81,28,114
1,94,81,33,114
1,95,81,59,114
1,96,81,15,114
1,97,81,14,114
1,98,81,23,114
1,99,81,24,114
1,100,81,11,114
1,101,81,1,114
1,102,81,7,114
1,103,81,44,114
1,104,81,32,114
1,105,81,51,114
1,106,81,56,114
1,107,81,36,114
1,108,81,40,114
1,109,81,38,114
1,110,81,37,114
1,111,81,42,114
1,112,81,35,114
1,113,81,43,114
1,114,81,60,114
1,115,81,58,114
1,116,81,41,114
1,117,81,53,114
1,118,81,54,114
1,119,81,46,114
1,120,81,55,114
1,121,81,39,114
1,122,81,31,114
1,123,81,49,114
1,124,81,47,114
1,125,81,50,114
1,126,81,45,114
1,127,81,48,114
1,128,81,34,114
1,129,81,57,114
2,1,82,66,119
2,2,82,63,119
2,3,82,68,119
2,4,82,71,119
2,5,82,82,119
2,6,82,61,119
2,7,82,76,119
2,8,82,73,119
2,9,82,69,119
2,10,82,80,119
2,11,82,77,119
2,12,82,74,119
2,13,82,78,119
2,14,82,79,119
2,15,82,67,119
2,16,82,83,119
2,17,82,85,119
2,18,82,72,119
2,19,82,95,119
2,20,82,64,119
2,21,82,101,119
2,22,82,97,119
2,23,82,100,119
2,24,82,90,119
2,25,82,88,119
2,26,82,86,119
2,27,82,107,119
2,28,82,87,119
2,29,82,93,119
2,30,82,103,119
2,31,82,109,119
2,32,82,75,119
2,33,82,99,119
2,34,82,102,119
2,35,82,89,119
2,36,82,98,119
2,37,82,105,119
2,38,82,84,119
2,39,82,108,119
2,40,82,96,119
2,41,82,123,119
2,42,82,106,119
2,43,82,91,119
2,44,82,117,119
2,45,82,65,119
2,46,82,92,119
2,47,82,94,119
2,48,82,120,119
2,49,82,104,119
2,50,82,125,119
2,51,82,127,119
2,52,82,129,119
2,53,82,110,119
2,54,82,112,119
2,55,82,70,119
2,56,82,116,119
2,57,82,121,119
2,58,82,118,119
2,59,82,111,119
2,60,82,113,119
2,61,82,124,119
2,62,82,62,119
2,63,82,81,119
2,64,82,126,119
2,65,82,128,119
2,66,82,122,119
2,67,82,115,119
2,68,82,119,119
2,69,82,114,119
2,70,82,21,119
3,71,82,20,119
3,72,82,2,119
3,73,82,22,119
3,74,82,12,119
3,75,82,8,119
3,76,82,27,119
3,77,82,3,119
3,78,82,16,119
3,79,82,6,119
3,80,82,19,119
3,81,82,26,119
3,82,82,4,119
3,83,82,9,119
3,84,82,13,119
3,85,82,10,119
3,86,82,52,119
3,87,82,30,119
3,88,82,18,119
3,89,82,25,119
3,90,82,29,119
3,91,82,5,119
3,92,82,17,119
3,93,82,28,119
3,94,82,33,119
3,95,82,59,119
3,96,82,15,119
3,97,82,14,119
3,98,82,23,119
3,99,82,24,119
3,100,82,11,119
3,101,82,1,119
3,102,82,7,119
3,103,82,44,119
3,104,82,32,119
3,105,82,51,119
3,106,82,56,119
3,107,82,36,119
3,108,82,40,119
3,109,82,38,119
3,110,82,37,119
3,111,82,42,119
3,112,82,35,119
3,113,82,43,119
3,114,82,60,119
3,115,82,58,119
3,116,82,41,119
3,117,82,53,119
3,118,82,54,119
3,119,82,46,119
3,120,82,55,119
3,121,82,39,119
3,122,82,31,119
3,123,82,49,119
3,124,82,47,119
3,125,82,50,119
3,126,82,45,119
3,127,82,48,119
3,128,82,34,119
3,129,82,57,119
2,1,83,66,44
2,2,83,63,44
2,3,83,68,44
2,4,83,71,44
2,5,83,82,44
2,6,83,61,44
2,7,83,76,44
2,8,83,73,44
2,9,83,69,44
2,10,83,80,44
2,11,83,77,44
2,12,83,74,44
2,13,83,78,44
2,14,83,79,44
2,15,83,67,44
2,16,83,83,44
2,17,83,85,44
2,18,83,72,44
2,19,83,95,44
2,20,83,64,44
2,21,83,101,44
2,22,83,97,44
2,23,83,100,44
2,24,83,90,44
2,25,83,88,44
2,26,83,86,44
2,27,83,107,44
2,28,83,87,44
2,29,83,93,44
2,30,83,103,44
2,31,83,109,44
2,32,83,75,44
2,33,83,99,44
2,34,83,102,44
2,35,83,89,44
2,36,83,98,44
2,37,83,105,44
2,38,83,84,44
2,39,83,108,44
2,40,83,96,44
2,41,83,123,44
2,42,83,106,44
2,43,83,91,44
2,44,83,117,44
2,45,83,65,44
2,46,83,92,44
2,47,83,94,44
2,48,83,120,44
2,49,83,104,44
2,50,83,125,44
2,51,83,127,44
2,52,83,129,44
2,53,83,110,44
2,54,83,112,44
2,55,83,70,44
2,56,83,116,44
2,57,83,121,44
2,58,83,118,44
2,59,83,111,44
2,60,83,113,44
2,61,83,124,44
2,62,83,62,44
2,63,83,81,44
2,64,83,126,44
2,65,83,128,44
2,66,83,122,44
2,67,83,115,44
2,68,83,119,44
2,69,83,114,44
2,70,83,21,44
3,71,83,20,44
3,72,83,2,44
3,73,83,22,44
3,74,83,12,44
3,75,83,8,44
3,76,83,27,44
3,77,83,3,44
3,78,83,16,44
3,79,83,6,44
3,80,83,19,44
3,81,83,26,44
3,82,83,4,44
3,83,83,9,44
3,84,83,13,44
3,85,83,10,44
3,86,83,52,44
3,87,83,30,44
3,88,83,18,44
3,89,83,25,44
3,90,83,29,44
3,91,83,5,44
3,92,83,17,44
3,93,83,28,44
3,94,83,33,44
3,95,83,59,44
3,96,83,15,44
3,97,83,14,44
3,98,83,23,44
3,99,83,24,44
3,100,83,11,44
3,101,83,1,44
3,102,83,7,44
3,103,83,44,44
3,104,83,32,44
3,105,83,51,44
3,106,83,56,44
3,107,83,36,44
3,108,83,40,44
3,109,83,38,44
3,110,83,37,44
3,111,83,42,44
3,112,83,35,44
3,113,83,43,44
3,114,83,60,44
3,115,83,58,44
3,116,83,41,44
3,117,83,53,44
3,118,83,54,44
3,119,83,46,44
3,120,83,55,44
3,121,83,39,44
3,122,83,31,44
3,123,83,49,44
3,124,83,47,44
3,125,83,50,44
3,126,83,45,44
3,127,83,48,44
3,128,83,34,44
3,129,83,57,44
2,1,84,66,24
2,2,84,63,24
2,3,84,68,24
2,4,84,71,24
2,5,84,82,24
2,6,84,61,24
2,7,84,76,24
2,8,84,73,24
2,9,84,69,24
2,10,84,80,24
2,11,84,77,24
2,12,84,74,24
2,13,84,78,24
2,14,84,79,24
2,15,84,67,24
2,16,84,83,24
2,17,84,85,24
2,18,84,72,24
2,19,84,95,24
2,20,84,64,24
2,21,84,101,24
2,22,84,97,24
2,23,84,100,24
2,24,84,90,24
2,25,84,88,24
2,26,84,86,24
2,27,84,107,24
2,28,84,87,24
2,29,84,93,24
2,30,84,103,24
2,31,84,109,24
2,32,84,75,24
2,33,84,99,24
2,34,84,102,24
2,35,84,89,24
2,36,84,98,24
2,37,84,105,24
2,38,84,84,24
2,39,84,108,24
2,40,84,96,24
2,41,84,123,24
2,42,84,106,24
2,43,84,91,24
2,44,84,117,24
2,45,84,65,24
2,46,84,92,24
2,47,84,94,24
2,48,84,120,24
2,49,84,104,24
2,50,84,125,24
2,51,84,127,24
2,52,84,129,24
2,53,84,110,24
2,54,84,112,24
2,55,84,70,24
2,56,84,116,24
2,57,84,121,24
2,58,84,118,24
2,59,84,111,24
2,60,84,113,24
2,61,84,124,24
2,62,84,62,24
2,63,84,81,24
2,64,84,126,24
2,65,84,128,24
2,66,84,122,24
2,67,84,115,24
2,68,84,119,24
2,69,84,114,24
2,70,84,21,24
3,71,84,20,24
3,72,84,2,24
3,73,84,22,24
3,74,84,12,24
3,75,84,8,24
3,76,84,27,24
3,77,84,3,24
3,78,84,16,24
3,79,84,6,24
3,80,84,19,24
3,81,84,26,24
3,82,84,4,24
3,83,84,9,24
3,84,84,13,24
3,85,84,10,24
3,86,84,52,24
3,87,84,30,24
3,88,84,18,24
3,89,84,25,24
3,90,84,29,24
3,91,84,5,24
3,92,84,17,24
3,93,84,28,24
3,94,84,33,24
3,95,84,59,24
3,96,84,15,24
3,97,84,14,24
3,98,84,23,24
3,99,84,24,24
3,100,84,11,24
3,101,84,1,24
3,102,84,7,24
3,103,84,44,24
3,104,84,32,24
3,105,84,51,24
3,106,84,56,24
3,107,84,36,24
3,108,84,40,24
3,109,84,38,24
3,110,84,37,24
3,111,84,42,24
3,112,84,35,24
3,113,84,43,24
3,114,84,60,24
3,115,84,58,24
3,116,84,41,24
3,117,84,53,24
3,118,84,54,24
3,119,84,46,24
3,120,84,55,24
3,121,84,39,24
3,122,84,31,24
3,123,84,49,24
3,124,84,47,24
3,125,84,50,24
3,126,84,45,24
3,127,84,48,24
3,128,84,34,24
3,129,84,57,24
2,1,85,66,35
2,2,85,63,35
2,3,85,68,35
2,4,85,71,35
2,5,85,82,35
2,6,85,61,35
2,7,85,76,35
2,8,85,73,35
2,9,85,69,35
2,10,85,80,35
2,11,85,77,35
2,12,85,74,35
2,13,85,78,35
2,14,85,79,35
2,15,85,67,35
2,16,85,83,35
2,17,85,85,35
2,18,85,72,35
2,19,85,95,35
2,20,85,64,35
2,21,85,101,35
2,22,85,97,35
2,23,85,100,35
2,24,85,90,35
2,25,85,88,35
2,26,85,86,35
2,27,85,107,35
2,28,85,87,35
2,29,85,93,35
2,30,85,103,35
2,31,85,109,35
2,32,85,75,35
2,33,85,99,35
2,34,85,102,35
2,35,85,89,35
2,36,85,98,35
2,37,85,105,35
2,38,85,84,35
2,39,85,108,35
2,40,85,96,35
2,41,85,123,35
2,42,85,106,35
2,43,85,91,35
2,44,85,117,35
2,45,85,65,35
2,46,85,92,35
2,47,85,94,35
2,48,85,120,35
2,49,85,104,35
2,50,85,125,35
2,51,85,127,35
2,52,85,129,35
2,53,85,110,35
2,54,85,112,35
2,55,85,70,35
2,56,85,116,35
2,57,85,121,35
2,58,85,118,35
2,59,85,111,35
2,60,85,113,35
2,61,85,124,35
2,62,85,62,35
2,63,85,81,35
2,64,85,126,35
2,65,85,128,35
2,66,85,122,35
2,67,85,115,35
2,68,85,119,35
2,69,85,114,35
2,70,85,21,35
3,71,85,20,35
3,72,85,2,35
3,73,85,22,35
3,74,85,12,35
3,75,85,8,35
3,76,85,27,35
3,77,85,3,35
3,78,85,16,35
3,79,85,6,35
3,80,85,19,35
3,81,85,26,35
3,82,85,4,35
3,83,85,9,35
3,84,85,13,35
3,85,85,10,35
3,86,85,52,35
3,87,85,30,35
3,88,85,18,35
3,89,85,25,35
3,90,85,29,35
3,91,85,5,35
3,92,85,17,35
3,93,85,28,35
3,94,85,33,35
3,95,85,59,35
3,96,85,15,35
3,97,85,14,35
3,98,85,23,35
3,99,85,24,35
3,100,85,11,35
3,101,85,1,35
3,102,85,7,35
3,103,85,44,35
3,104,85,32,35
3,105,85,51,35
3,106,85,56,35
3,107,85,36,35
3,108,85,40,35
3,109,85,38,35
3,110,85,37,35
3,111,85,42,35
3,112,85,35,35
3,113,85,43,35
3,114,85,60,35
3,115,85,58,35
3,116,85,41,35
3,117,85,53,35
3,118,85,54,35
3,119,85,46,35
3,120,85,55,35
3,121,85,39,35
3,122,85,31,35
3,123,85,49,35
3,124,85,47,35
3,125,85,50,35
3,126,85,45,35
3,127,85,48,35
3,128,85,34,35
3,129,85,57,35
2,1,86,66,77
2,2,86,63,77
2,3,86,68,77
2,4,86,71,77
2,5,86,82,77
2,6,86,61,77
2,7,86,76,77
2,8,86,73,77
2,9,86,69,77
2,10,86,80,77
2,11,86,77,77
2,12,86,74,77
2,13,86,78,77
2,14,86,79,77
2,15,86,67,77
2,16,86,83,77
2,17,86,85,77
2,18,86,72,77
2,19,86,95,77
2,20,86,64,77
2,21,86,101,77
2,22,86,97,77
2,23,86,100,77
2,24,86,90,77
2,25,86,88,77
2,26,86,86,77
2,27,86,107,77
2,28,86,87,77
2,29,86,93,77
2,30,86,103,77
2,31,86,109,77
2,32,86,75,77
2,33,86,99,77
2,34,86,102,77
2,35,86,89,77
2,36,86,98,77
2,37,86,105,77
2,38,86,84,77
2,39,86,108,77
2,40,86,96,77
2,41,86,123,77
2,42,86,106,77
2,43,86,91,77
2,44,86,117,77
2,45,86,65,77
2,46,86,92,77
2,47,86,94,77
2,48,86,120,77
2,49,86,104,77
2,50,86,125,77
2,51,86,127,77
2,52,86,129,77
2,53,86,110,77
2,54,86,112,77
2,55,86,70,77
2,56,86,116,77
2,57,86,121,77
2,58,86,118,77
2,59,86,111,77
2,60,86,113,77
2,61,86,124,77
2,62,86,62,77
2,63,86,81,77
2,64,86,126,77
2,65,86,128,77
2,66,86,122,77
2,67,86,115,77
2,68,86,119,77
2,69,86,114,77
2,70,86,21,77
3,71,86,20,77
3,72,86,2,77
3,73,86,22,77
3,74,86,12,77
3,75,86,8,77
3,76,86,27,77
3,77,86,3,77
3,78,86,16,77
3,79,86,6,77
3,80,86,19,77
3,81,86,26,77
3,82,86,4,77
3,83,86,9,77
3,84,86,13,77
3,85,86,10,77
3,86,86,52,77
3,87,86,30,77
3,88,86,18,77
3,89,86,25,77
3,90,86,29,77
3,91,86,5,77
3,92,86,17,77
3,93,86,28,77
3,94,86,33,77
3,95,86,59,77
3,96,86,15,77
3,97,86,14,77
3,98,86,23,77
3,99,86,24,77
3,100,86,11,77
3,101,86,1,77
3,102,86,7,77
3,103,86,44,77
3,104,86,32,77
3,105,86,51,77
3,106,86,56,77
3,107,86,36,77
3,108,86,40,77
3,109,86,38,77
3,110,86,37,77
3,111,86,42,77
3,112,86,35,77
3,113,86,43,77
3,114,86,60,77
3,115,86,58,77
3,116,86,41,77
3,117,86,53,77
3,118,86,54,77
3,119,86,46,77
3,120,86,55,77
3,121,86,39,77
3,122,86,31,77
3,123,86,49,77
3,124,86,47,77
3,125,86,50,77
3,126,86,45,77
3,127,86,48,77
3,128,86,34,77
3,129,86,57,77
2,1,87,66,7
2,2,87,63,7
2,3,87,68,7
2,4,87,71,7
2,5,87,82,7
2,6,87,61,7
2,7,87,76,7
2,8,87,73,7
2,9,87,69,7
2,10,87,80,7
2,11,87,77,7
2,12,87,74,7
2,13,87,78,7
2,14,87,79,7
2,15,87,67,7
2,16,87,83,7
2,17,87,85,7
2,18,87,72,7
2,19,87,95,7
2,20,87,64,7
2,21,87,101,7
2,22,87,97,7
2,23,87,100,7
2,24,87,90,7
2,25,87,88,7
2,26,87,86,7
2,27,87,107,7
2,28,87,87,7
2,29,87,93,7
2,30,87,103,7
2,31,87,109,7
2,32,87,75,7
2,33,87,99,7
2,34,87,102,7
2,35,87,89,7
2,36,87,98,7
2,37,87,105,7
2,38,87,84,7
2,39,87,108,7
2,40,87,96,7
2,41,87,123,7
2,42,87,106,7
2,43,87,91,7
2,44,87,117,7
2,45,87,65,7
2,46,87,92,7
2,47,87,94,7
2,48,87,120,7
2,49,87,104,7
2,50,87,125,7
2,51,87,127,7
2,52,87,129,7
2,53,87,110,7
2,54,87,112,7
2,55,87,70,7
2,56,87,116,7
2,57,87,121,7
2,58,87,118,7
2,59,87,111,7
2,60,87,113,7
2,61,87,124,7
2,62,87,62,7
2,63,87,81,7
2,64,87,126,7
2,65,87,128,7
2,66,87,122,7
2,67,87,115,7
2,68,87,119,7
2,69,87,114,7
2,70,87,21,7
3,71,87,20,7
3,72,87,2,7
3,73,87,22,7
3,74,87,12,7
3,75,87,8,7
3,76,87,27,7
3,77,87,3,7
3,78,87,16,7
3,79,87,6,7
3,80,87,19,7
3,81,87,26,7
3,82,87,4,7
3,83,87,9,7
3,84,87,13,7
3,85,87,10,7
3,86,87,52,7
3,87,87,30,7
3,88,87,18,7
3,89,87,25,7
3,90,87,29,7
3,91,87,5,7
3,92,87,17,7
3,93,87,28,7
3,94,87,33,7
3,95,87,59,7
3,96,87,15,7
3,97,87,14,7
3,98,87,23,7
3,99,87,24,7
3,100,87,11,7
3,101,87,1,7
3,102,87,7,7
3,103,87,44,7
3,104,87,32,7
3,105,87,51,7
3,106,87,56,7
3,107,87,36,7
3,108,87,40,7
3,109,87,38,7
3,110,87,37,7
3,111,87,42,7
3,112,87,35,7
3,113,87,43,7
3,114,87,60,7
3,115,87,58,7
3,116,87,41,7
3,117,87,53,7
3,118,87,54,7
3,119,87,46,7
3,120,87,55,7
3,121,87,39,7
3,122,87,31,7
3,123,87,49,7
3,124,87,47,7
3,125,87,50,7
3,126,87,45,7
3,127,87,48,7
3,128,87,34,7
3,129,87,57,7
2,1,88,66,57
2,2,88,63,57
2,3,88,68,57
2,4,88,71,57
2,5,88,82,57
2,6,88,61,57
2,7,88,76,57
2,8,88,73,57
2,9,88,69,57
2,10,88,80,57
2,11,88,77,57
2,12,88,74,57
2,13,88,78,57
2,14,88,79,57
2,15,88,67,57
2,16,88,83,57
2,17,88,85,57
2,18,88,72,57
2,19,88,95,57
2,20,88,64,57
2,21,88,101,57
2,22,88,97,57
2,23,88,100,57
2,24,88,90,57
2,25,88,88,57
2,26,88,86,57
2,27,88,107,57
2,28,88,87,57
2,29,88,93,57
2,30,88,103,57
2,31,88,109,57
2,32,88,75,57
2,33,88,99,57
2,34,88,102,57
2,35,88,89,57
2,36,88,98,57
2,37,88,105,57
2,38,88,84,57
2,39,88,108,57
2,40,88,96,57
2,41,88,123,57
2,42,88,106,57
2,43,88,91,57
2,44,88,117,57
2,45,88,65,57
2,46,88,92,57
2,47,88,94,57
2,48,88,120,57
2,49,88,104,57
2,50,88,125,57
2,51,88,127,57
2,52,88,129,57
2,53,88,110,57
2,54,88,112,57
2,55,88,70,57
2,56,88,116,57
2,57,88,121,57
2,58,88,118,57
2,59,88,111,57
2,60,88,113,57
2,61,88,124,57
2,62,88,62,57
2,63,88,81,57
2,64,88,126,57
2,65,88,128,57
2,66,88,122,57
2,67,88,115,57
2,68,88,119,57
2,69,88,114,57
2,70,88,21,57
3,71,88,20,57
3,72,88,2,57
3,73,88,22,57
3,74,88,12,57
3,75,88,8,57
3,76,88,27,57
3,77,88,3,57
3,78,88,16,57
3,79,88,6,57
3,80,88,19,57
3,81,88,26,57
3,82,88,4,57
3,83,88,9,57
3,84,88,13,57
3,85,88,10,57
3,86,88,52,57
3,87,88,30,57
3,88,88,18,57
3,89,88,25,57
3,90,88,29,57
3,91,88,5,57
3,92,88,17,57
3,93,88,28,57
3,94,88,33,57
3,95,88,59,57
3,96,88,15,57
3,97,88,14,57
3,98,88,23,57
3,99,88,24,57
3,100,88,11,57
3,101,88,1,57
3,102,88,7,57
3,103,88,44,57
3,104,88,32,57
3,105,88,51,57
3,106,88,56,57
3,107,88,36,57
3,108,88,40,57
3,109,88,38,57
3,110,88,37,57
3,111,88,42,57
3,112,88,35,57
3,113,88,43,57
3,114,88,60,57
3,115,88,58,57
3,116,88,41,57
3,117,88,53,57
3,118,88,54,57
3,119,88,46,57
3,120,88,55,57
3,121,88,39,57
3,122,88,31,57
3,123,88,49,57
3,124,88,47,57
3,125,88,50,57
3,126,88,45,57
3,127,88,48,57
3,128,88,34,57
3,129,88,57,57
2,1,89,66,4
2,2,89,63,4
2,3,89,68,4
2,4,89,71,4
2,5,89,82,4
2,6,89,61,4
2,7,89,76,4
2,8,89,73,4
2,9,89,69,4
2,10,89,80,4
2,11,89,77,4
2,12,89,74,4
2,13,89,78,4
2,14,89,79,4
2,15,89,67,4
2,16,89,83,4
2,17,89,85,4
2,18,89,72,4
2,19,89,95,4
2,20,89,64,4
2,21,89,101,4
2,22,89,97,4
2,23,89,100,4
2,24,89,90,4
2,25,89,88,4
2,26,89,86,4
2,27,89,107,4
2,28,89,87,4
2,29,89,93,4
2,30,89,103,4
2,31,89,109,4
2,32,89,75,4
2,33,89,99,4
2,34,89,102,4
2,35,89,89,4
2,36,89,98,4
2,37,89,105,4
2,38,89,84,4
2,39,89,108,4
2,40,89,96,4
2,41,89,123,4
2,42,89,106,4
2,43,89,91,4
2,44,89,117,4
2,45,89,65,4
2,46,89,92,4
2,47,89,94,4
2,48,89,120,4
2,49,89,104,4
2,50,89,125,4
2,51,89,127,4
2,52,89,129,4
2,53,89,110,4
2,54,89,112,4
2,55,89,70,4
2,56,89,116,4
2,57,89,121,4
2,58,89,118,4
2,59,89,111,4
2,60,89,113,4
2,61,89,124,4
2,62,89,62,4
2,63,89,81,4
2,64,89,126,4
2,65,89,128,4
2,66,89,122,4
2,67,89,115,4
2,68,89,119,4
2,69,89,114,4
2,70,89,21,4
3,71,89,20,4
3,72,89,2,4
3,73,89,22,4
3,74,89,12,4
3,75,89,8,4
3,76,89,27,4
3,77,89,3,4
3,78,89,16,4
3,79,89,6,4
3,80,89,19,4
3,81,89,26,4
3,82,89,4,4
3,83,89,9,4
3,84,89,13,4
3,85,89,10,4
3,86,89,52,4
3,87,89,30,4
3,88,89,18,4
3,89,89,25,4
3,90,89,29,4
3,91,89,5,4
3,92,89,17,4
3,93,89,28,4
3,94,89,33,4
3,95,89,59,4
3,96,89,15,4
3,97,89,14,4
3,98,89,23,4
3,99,89,24,4
3,100,89,11,4
3,101,89,1,4
3,102,89,7,4
3,103,89,44,4
3,104,89,32,4
3,105,89,51,4
3,106,89,56,4
3,107,89,36,4
3,108,89,40,4
3,109,89,38,4
3,110,89,37,4
3,111,89,42,4
3,112,89,35,4
3,113,89,43,4
3,114,89,60,4
3,115,89,58,4
3,116,89,41,4
3,117,89,53,4
3,118,89,54,4
3,119,89,46,4
3,120,89,55,4
3,121,89,39,4
3,122,89,31,4
3,123,89,49,4
3,124,89,47,4
3,125,89,50,4
3,126,89,45,4
3,127,89,48,4
3,128,89,34,4
3,129,89,57,4
2,1,90,66,17
2,2,90,63,17
2,3,90,68,17
2,4,90,71,17
2,5,90,82,17
2,6,90,61,17
2,7,90,76,17
2,8,90,73,17
2,9,90,69,17
2,10,90,80,17
2,11,90,77,17
2,12,90,74,17
2,13,90,78,17
2,14,90,79,17
2,15,90,67,17
2,16,90,83,17
2,17,90,85,17
2,18,90,72,17
2,19,90,95,17
2,20,90,64,17
2,21,90,101,17
2,22,90,97,17
2,23,90,100,17
2,24,90,90,17
2,25,90,88,17
2,26,90,86,17
2,27,90,107,17
2,28,90,87,17
2,29,90,93,17
2,30,90,103,17
2,31,90,109,17
2,32,90,75,17
2,33,90,99,17
2,34,90,102,17
2,35,90,89,17
2,36,90,98,17
2,37,90,105,17
2,38,90,84,17
2,39,90,108,17
2,40,90,96,17
2,41,90,123,17
2,42,90,106,17
2,43,90,91,17
2,44,90,117,17
2,45,90,65,17
2,46,90,92,17
2,47,90,94,17
2,48,90,120,17
2,49,90,104,17
2,50,90,125,17
2,51,90,127,17
2,52,90,129,17
2,53,90,110,17
2,54,90,112,17
2,55,90,70,17
2,56,90,116,17
2,57,90,121,17
2,58,90,118,17
2,59,90,111,17
2,60,90,113,17
2,61,90,124,17
2,62,90,62,17
2,63,90,81,17
2,64,90,126,17
2,65,90,128,17
2,66,90,122,17
2,67,90,115,17
2,68,90,119,17
2,69,90,114,17
2,70,90,21,17
3,71,90,20,17
3,72,90,2,17
3,73,90,22,17
3,74,90,12,17
3,75,90,8,17
3,76,90,27,17
3,77,90,3,17
3,78,90,16,17
3,79,90,6,17
3,80,90,19,17
3,81,90,26,17
3,82,90,4,17
3,83,90,9,17
3,84,90,13,17
3,85,90,10,17
3,86,90,52,17
3,87,90,30,17
3,88,90,18,17
3,89,90,25,17
3,90,90,29,17
3,91,90,5,17
3,92,90,17,17
3,93,90,28,17
3,94,90,33,17
3,95,90,59,17
3,96,90,15,17
3,97,90,14,17
3,98,90,23,17
3,99,90,24,17
3,100,90,11,17
3,101,90,1,17
3,102,90,7,17
3,103,90,44,17
3,104,90,32,17
3,105,90,51,17
3,106,90,56,17
3,107,90,36,17
3,108,90,40,17
3,109,90,38,17
3,110,90,37,17
3,111,90,42,17
3,112,90,35,17
3,113,90,43,17
3,114,90,60,17
3,115,90,58,17
3,116,90,41,17
3,117,90,53,17
3,118,90,54,17
3,119,90,46,17
3,120,90,55,17
3,121,90,39,17
3,122,90,31,17
3,123,90,49,17
3,124,90,47,17
3,125,90,50,17
3,126,90,45,17
3,127,90,48,17
3,128,90,34,17
3,129,90,57,17
2,1,91,66,36
2,2,91,63,36
2,3,91,68,36
2,4,91,71,36
2,5,91,82,36
2,6,91,61,36
2,7,91,76,36
2,8,91,73,36
2,9,91,69,36
2,10,91,80,36
2,11,91,77,36
2,12,91,74,36
2,13,91,78,36
2,14,91,79,36
2,15,91,67,36
2,16,91,83,36
2,17,91,85,36
2,18,91,72,36
2,19,91,95,36
2,20,91,64,36
2,21,91,101,36
2,22,91,97,36
2,23,91,100,36
2,24,91,90,36
2,25,91,88,36
2,26,91,86,36
2,27,91,107,36
2,28,91,87,36
2,29,91,93,36
2,30,91,103,36
2,31,91,109,36
2,32,91,75,36
2,33,91,99,36
2,34,91,102,36
2,35,91,89,36
2,36,91,98,36
2,37,91,105,36
2,38,91,84,36
2,39,91,108,36
2,40,91,96,36
2,41,91,123,36
2,42,91,106,36
2,43,91,91,36
2,44,91,117,36
2,45,91,65,36
2,46,91,92,36
2,47,91,94,36
2,48,91,120,36
2,49,91,104,36
2,50,91,125,36
2,51,91,127,36
2,52,91,129,36
2,53,91,110,36
2,54,91,112,36
2,55,91,70,36
2,56,91,116,36
2,57,91,121,36
2,58,91,118,36
2,59,91,111,36
2,60,91,113,36
2,61,91,124,36
2,62,91,62,36
2,63,91,81,36
2,64,91,126,36
2,65,91,128,36
2,66,91,122,36
2,67,91,115,36
2,68,91,119,36
2,69,91,114,36
2,70,91,21,36
3,71,91,20,36
3,72,91,2,36
3,73,91,22,36
3,74,91,12,36
3,75,91,8,36
3,76,91,27,36
3,77,91,3,36
3,78,91,16,36
3,79,91,6,36
3,80,91,19,36
3,81,91,26,36
3,82,91,4,36
3,83,91,9,36
3,84,91,13,36
3,85,91,10,36
3,86,91,52,36
3,87,91,30,36
3,88,91,18,36
3,89,91,25,36
3,90,91,29,36
3,91,91,5,36
3,92,91,17,36
3,93,91,28,36
3,94,91,33,36
3,95,91,59,36
3,96,91,15,36
3,97,91,14,36
3,98,91,23,36
3,99,91,24,36
3,100,91,11,36
3,101,91,1,36
3,102,91,7,36
3,103,91,44,36
3,104,91,32,36
3,105,91,51,36
3,106,91,56,36
3,107,91,36,36
3,108,91,40,36
3,109,91,38,36
3,110,91,37,36
3,111,91,42,36
3,112,91,35,36
3,113,91,43,36
3,114,91,60,36
3,115,91,58,36
3,116,91,41,36
3,117,91,53,36
3,118,91,54,36
3,119,91,46,36
3,120,91,55,36
3,121,91,39,36
3,122,91,31,36
3,123,91,49,36
3,124,91,47,36
3,125,91,50,36
3,126,91,45,36
3,127,91,48,36
3,128,91,34,36
3,129,91,57,36
2,1,92,66,45
2,2,92,63,45
2,3,92,68,45
2,4,92,71,45
2,5,92,82,45
2,6,92,61,45
2,7,92,76,45
2,8,92,73,45
2,9,92,69,45
2,10,92,80,45
2,11,92,77,45
2,12,92,74,45
2,13,92,78,45
2,14,92,79,45
2,15,92,67,45
2,16,92,83,45
2,17,92,85,45
2,18,92,72,45
2,19,92,95,45
2,20,92,64,45
2,21,92,101,45
2,22,92,97,45
2,23,92,100,45
2,24,92,90,45
2,25,92,88,45
2,26,92,86,45
2,27,92,107,45
2,28,92,87,45
2,29,92,93,45
2,30,92,103,45
2,31,92,109,45
2,32,92,75,45
2,33,92,99,45
2,34,92,102,45
2,35,92,89,45
2,36,92,98,45
2,37,92,105,45
2,38,92,84,45
2,39,92,108,45
2,40,92,96,45
2,41,92,123,45
2,42,92,106,45
2,43,92,91,45
2,44,92,117,45
2,45,92,65,45
2,46,92,92,45
2,47,92,94,45
2,48,92,120,45
2,49,92,104,45
2,50,92,125,45
2,51,92,127,45
2,52,92,129,45
2,53,92,110,45
2,54,92,112,45
2,55,92,70,45
2,56,92,116,45
2,57,92,121,45
2,58,92,118,45
2,59,92,111,45
2,60,92,113,45
2,61,92,124,45
2,62,92,62,45
2,63,92,81,45
2,64,92,126,45
2,65,92,128,45
2,66,92,122,45
2,67,92,115,45
2,68,92,119,45
2,69,92,114,45
2,70,92,21,45
3,71,92,20,45
3,72,92,2,45
3,73,92,22,45
3,74,92,12,45
3,75,92,8,45
3,76,92,27,45
3,77,92,3,45
3,78,92,16,45
3,79,92,6,45
3,80,92,19,45
3,81,92,26,45
3,82,92,4,45
3,83,92,9,45
3,84,92,13,45
3,85,92,10,45
3,86,92,52,45
3,87,92,30,45
3,88,92,18,45
3,89,92,25,45
3,90,92,29,45
3,91,92,5,45
3,92,92,17,45
3,93,92,28,45
3,94,92,33,45
3,95,92,59,45
3,96,92,15,45
3,97,92,14,45
3,98,92,23,45
3,99,92,24,45
3,100,92,11,45
3,101,92,1,45
3,102,92,7,45
3,103,92,44,45
3,104,92,32,45
3,105,92,51,45
3,106,92,56,45
3,107,92,36,45
3,108,92,40,45
3,109,92,38,45
3,110,92,37,45
3,111,92,42,45
3,112,92,35,45
3,113,92,43,45
3,114,92,60,45
3,115,92,58,45
3,116,92,41,45
3,117,92,53,45
3,118,92,54,45
3,119,92,46,45
3,120,92,55,45
3,121,92,39,45
3,122,92,31,45
3,123,92,49,45
3,124,92,47,45
3,125,92,50,45
3,126,92,45,45
3,127,92,48,45
3,128,92,34,45
3,129,92,57,45
2,1,93,66,69
2,2,93,63,69
2,3,93,68,69
2,4,93,71,69
2,5,93,82,69
2,6,93,61,69
2,7,93,76,69
2,8,93,73,69
2,9,93,69,69
2,10,93,80,69
2,11,93,77,69
2,12,93,74,69
2,13,93,78,69
2,14,93,79,69
2,15,93,67,69
2,16,93,83,69
2,17,93,85,69
2,18,93,72,69
2,19,93,95,69
2,20,93,64,69
2,21,93,101,69
2,22,93,97,69
2,23,93,100,69
2,24,93,90,69
2,25,93,88,69
2,26,93,86,69
2,27,93,107,69
2,28,93,87,69
2,29,93,93,69
2,30,93,103,69
2,31,93,109,69
2,32,93,75,69
2,33,93,99,69
2,34,93,102,69
2,35,93,89,69
2,36,93,98,69
2,37,93,105,69
2,38,93,84,69
2,39,93,108,69
2,40,93,96,69
2,41,93,123,69
2,42,93,106,69
2,43,93,91,69
2,44,93,117,69
2,45,93,65,69
2,46,93,92,69
2,47,93,94,69
2,48,93,120,69
2,49,93,104,69
2,50,93,125,69
2,51,93,127,69
2,52,93,129,69
2,53,93,110,69
2,54,93,112,69
2,55,93,70,69
2,56,93,116,69
2,57,93,121,69
2,58,93,118,69
2,59,93,111,69
2,60,93,113,69
2,61,93,124,69
2,62,93,62,69
2,63,93,81,69
2,64,93,126,69
2,65,93,128,69
2,66,93,122,69
2,67,93,115,69
2,68,93,119,69
2,69,93,114,69
2,70,93,21,69
3,71,93,20,69
3,72,93,2,69
3,73,93,22,69
3,74,93,12,69
3,75,93,8,69
3,76,93,27,69
3,77,93,3,69
3,78,93,16,69
3,79,93,6,69
3,80,93,19,69
3,81,93,26,69
3,82,93,4,69
3,83,93,9,69
3,84,93,13,69
3,85,93,10,69
3,86,93,52,69
3,87,93,30,69
3,88,93,18,69
3,89,93,25,69
3,90,93,29,69
3,91,93,5,69
3,92,93,17,69
3,93,93,28,69
3,94,93,33,69
3,95,93,59,69
3,96,93,15,69
3,97,93,14,69
3,98,93,23,69
3,99,93,24,69
3,100,93,11,69
3,101,93,1,69
3,102,93,7,69
3,103,93,44,69
3,104,93,32,69
3,105,93,51,69
3,106,93,56,69
3,107,93,36,69
3,108,93,40,69
3,109,93,38,69
3,110,93,37,69
3,111,93,42,69
3,112,93,35,69
3,113,93,43,69
3,114,93,60,69
3,115,93,58,69
3,116,93,41,69
3,117,93,53,69
3,118,93,54,69
3,119,93,46,69
3,120,93,55,69
3,121,93,39,69
3,122,93,31,69
3,123,93,49,69
3,124,93,47,69
3,125,93,50,69
3,126,93,45,69
3,127,93,48,69
3,128,93,34,69
3,129,93,57,69
2,1,94,66,79
2,2,94,63,79
2,3,94,68,79
2,4,94,71,79
2,5,94,82,79
2,6,94,61,79
2,7,94,76,79
2,8,94,73,79
2,9,94,69,79
2,10,94,80,79
2,11,94,77,79
2,12,94,74,79
2,13,94,78,79
2,14,94,79,79
2,15,94,67,79
2,16,94,83,79
2,17,94,85,79
2,18,94,72,79
2,19,94,95,79
2,20,94,64,79
2,21,94,101,79
2,22,94,97,79
2,23,94,100,79
2,24,94,90,79
2,25,94,88,79
2,26,94,86,79
2,27,94,107,79
2,28,94,87,79
2,29,94,93,79
2,30,94,103,79
2,31,94,109,79
2,32,94,75,79
2,33,94,99,79
2,34,94,102,79
2,35,94,89,79
2,36,94,98,79
2,37,94,105,79
2,38,94,84,79
2,39,94,108,79
2,40,94,96,79
2,41,94,123,79
2,42,94,106,79
2,43,94,91,79
2,44,94,117,79
2,45,94,65,79
2,46,94,92,79
2,47,94,94,79
2,48,94,120,79
2,49,94,104,79
2,50,94,125,79
2,51,94,127,79
2,52,94,129,79
2,53,94,110,79
2,54,94,112,79
2,55,94,70,79
2,56,94,116,79
2,57,94,121,79
2,58,94,118,79
2,59,94,111,79
2,60,94,113,79
2,61,94,124,79
2,62,94,62,79
2,63,94,81,79
2,64,94,126,79
2,65,94,128,79
2,66,94,122,79
2,67,94,115,79
2,68,94,119,79
2,69,94,114,79
2,70,94,21,79
3,71,94,20,79
3,72,94,2,79
3,73,94,22,79
3,74,94,12,79
3,75,94,8,79
3,76,94,27,79
3,77,94,3,79
3,78,94,16,79
3,79,94,6,79
3,80,94,19,79
3,81,94,26,79
3,82,94,4,79
3,83,94,9,79
3,84,94,13,79
3,85,94,10,79
3,86,94,52,79
3,87,94,30,79
3,88,94,18,79
3,89,94,25,79
3,90,94,29,79
3,91,94,5,79
3,92,94,17,79
3,93,94,28,79
3,94,94,33,79
3,95,94,59,79
3,96,94,15,79
3,97,94,14,79
3,98,94,23,79
3,99,94,24,79
3,100,94,11,79
3,101,94,1,79
3,102,94,7,79
3,103,94,44,79
3,104,94,32,79
3,105,94,51,79
3,106,94,56,79
3,107,94,36,79
3,108,94,40,79
3,109,94,38,79
3,110,94,37,79
3,111,94,42,79
3,112,94,35,79
3,113,94,43,79
3,114,94,60,79
3,115,94,58,79
3,116,94,41,79
3,117,94,53,79
3,118,94,54,79
3,119,94,46,79
3,120,94,55,79
3,121,94,39,79
3,122,94,31,79
3,123,94,49,79
3,124,94,47,79
3,125,94,50,79
3,126,94,45,79
3,127,94,48,79
3,128,94,34,79
3,129,94,57,79
2,1,95,66,96
2,2,95,63,96
2,3,95,68,96
2,4,95,71,96
2,5,95,82,96
2,6,95,61,96
2,7,95,76,96
2,8,95,73,96
2,9,95,69,96
2,10,95,80,96
2,11,95,77,96
2,12,95,74,96
2,13,95,78,96
2,14,95,79,96
2,15,95,67,96
2,16,95,83,96
2,17,95,85,96
2,18,95,72,96
2,19,95,95,96
2,20,95,64,96
2,21,95,101,96
2,22,95,97,96
2,23,95,100,96
2,24,95,90,96
2,25,95,88,96
2,26,95,86,96
2,27,95,107,96
2,28,95,87,96
2,29,95,93,96
2,30,95,103,96
2,31,95,109,96
2,32,95,75,96
2,33,95,99,96
2,34,95,102,96
2,35,95,89,96
2,36,95,98,96
2,37,95,105,96
2,38,95,84,96
2,39,95,108,96
2,40,95,96,96
2,41,95,123,96
2,42,95,106,96
2,43,95,91,96
2,44,95,117,96
2,45,95,65,96
2,46,95,92,96
2,47,95,94,96
2,48,95,120,96
2,49,95,104,96
2,50,95,125,96
2,51,95,127,96
2,52,95,129,96
2,53,95,110,96
2,54,95,112,96
2,55,95,70,96
2,56,95,116,96
2,57,95,121,96
2,58,95,118,96
2,59,95,111,96
2,60,95,113,96
2,61,95,124,96
2,62,95,62,96
2,63,95,81,96
2,64,95,126,96
2,65,95,128,96
2,66,95,122,96
2,67,95,115,96
2,68,95,119,96
2,69,95,114,96
2,70,95,21,96
3,71,95,20,96
3,72,95,2,96
3,73,95,22,96
3,74,95,12,96
3,75,95,8,96
3,76,95,27,96
3,77,95,3,96
3,78,95,16,96
3,79,95,6,96
3,80,95,19,96
3,81,95,26,96
3,82,95,4,96
3,83,95,9,96
3,84,95,13,96
3,85,95,10,96
3,86,95,52,96
3,87,95,30,96
3,88,95,18,96
3,89,95,25,96
3,90,95,29,96
3,91,95,5,96
3,92,95,17,96
3,93,95,28,96
3,94,95,33,96
3,95,95,59,96
3,96,95,15,96
3,97,95,14,96
3,98,95,23,96
3,99,95,24,96
3,100,95,11,96
3,101,95,1,96
3,102,95,7,96
3,103,95,44,96
3,104,95,32,96
3,105,95,51,96
3,106,95,56,96
3,107,95,36,96
3,108,95,40,96
3,109,95,38,96
3,110,95,37,96
3,111,95,42,96
3,112,95,35,96
3,113,95,43,96
3,114,95,60,96
3,115,95,58,96
3,116,95,41,96
3,117,95,53,96
3,118,95,54,96
3,119,95,46,96
3,120,95,55,96
3,121,95,39,96
3,122,95,31,96
3,123,95,49,96
3,124,95,47,96
3,125,95,50,96
3,126,95,45,96
3,127,95,48,96
3,128,95,34,96
3,129,95,57,96
2,1,96,66,113
2,2,96,63,113
2,3,96,68,113
2,4,96,71,113
2,5,96,82,113
2,6,96,61,113
2,7,96,76,113
2,8,96,73,113
2,9,96,69,113
2,10,96,80,113
2,11,96,77,113
2,12,96,74,113
2,13,96,78,113
2,14,96,79,113
2,15,96,67,113
2,16,96,83,113
2,17,96,85,113
2,18,96,72,113
2,19,96,95,113
2,20,96,64,113
2,21,96,101,113
2,22,96,97,113
2,23,96,100,113
2,24,96,90,113
2,25,96,88,113
2,26,96,86,113
2,27,96,107,113
2,28,96,87,113
2,29,96,93,113
2,30,96,103,113
2,31,96,109,113
2,32,96,75,113
2,33,96,99,113
2,34,96,102,113
2,35,96,89,113
2,36,96,98,113
2,37,96,105,113
2,38,96,84,113
2,39,96,108,113
2,40,96,96,113
2,41,96,123,113
2,42,96,106,113
2,43,96,91,113
2,44,96,117,113
2,45,96,65,113
2,46,96,92,113
2,47,96,94,113
2,48,96,120,113
2,49,96,104,113
2,50,96,125,113
2,51,96,127,113
2,52,96,129,113
2,53,96,110,113
2,54,96,112,113
2,55,96,70,113
2,56,96,116,113
2,57,96,121,113
2,58,96,118,113
2,59,96,111,113
2,60,96,113,113
2,61,96,124,113
2,62,96,62,113
2,63,96,81,113
2,64,96,126,113
2,65,96,128,113
2,66,96,122,113
2,67,96,115,113
2,68,96,119,113
2,69,96,114,113
2,70,96,21,113
3,71,96,20,113
3,72,96,2,113
3,73,96,22,113
3,74,96,12,113
3,75,96,8,113
3,76,96,27,113
3,77,96,3,113
3,78,96,16,113
3,79,96,6,113
3,80,96,19,113
3,81,96,26,113
3,82,96,4,113
3,83,96,9,113
3,84,96,13,113
3,85,96,10,113
3,86,96,52,113
3,87,96,30,113
3,88,96,18,113
3,89,96,25,113
3,90,96,29,113
3,91,96,5,113
3,92,96,17,113
3,93,96,28,113
3,94,96,33,113
3,95,96,59,113
3,96,96,15,113
3,97,96,14,113
3,98,96,23,113
3,99,96,24,113
3,100,96,11,113
3,101,96,1,113
3,102,96,7,113
3,103,96,44,113
3,104,96,32,113
3,105,96,51,113
3,106,96,56,113
3,107,96,36,113
3,108,96,40,113
3,109,96,38,113
3,110,96,37,113
3,111,96,42,113
3,112,96,35,113
3,113,96,43,113
3,114,96,60,113
3,115,96,58,113
3,116,96,41,113
3,117,96,53,113
3,118,96,54,113
3,119,96,46,113
3,120,96,55,113
3,121,96,39,113
3,122,96,31,113
3,123,96,49,113
3,124,96,47,113
3,125,96,50,113
3,126,96,45,113
3,127,96,48,113
3,128,96,34,113
3,129,96,57,113
2,1,97,66,130
2,2,97,63,130
2,3,97,68,130
2,4,97,71,130
2,5,97,82,130
2,6,97,61,130
2,7,97,76,130
2,8,97,73,130
2,9,97,69,130
2,10,97,80,130
2,11,97,77,130
2,12,97,74,130
2,13,97,78,130
2,14,97,79,130
2,15,97,67,130
2,16,97,83,130
2,17,97,85,130
2,18,97,72,130
2,19,97,95,130
2,20,97,64,130
2,21,97,101,130
2,22,97,97,130
2,23,97,100,130
2,24,97,90,130
2,25,97,88,130
2,26,97,86,130
2,27,97,107,130
2,28,97,87,130
2,29,97,93,130
2,30,97,103,130
2,31,97,109,130
2,32,97,75,130
2,33,97,99,130
2,34,97,102,130
2,35,97,89,130
2,36,97,98,130
2,37,97,105,130
2,38,97,84,130
2,39,97,108,130
2,40,97,96,130
2,41,97,123,130
2,42,97,106,130
2,43,97,91,130
2,44,97,117,130
2,45,97,65,130
2,46,97,92,130
2,47,97,94,130
2,48,97,120,130
2,49,97,104,130
2,50,97,125,130
2,51,97,127,130
2,52,97,129,130
2,53,97,110,130
2,54,97,112,130
2,55,97,70,130
2,56,97,116,130
2,57,97,121,130
2,58,97,118,130
2,59,97,111,130
2,60,97,113,130
2,61,97,124,130
2,62,97,62,130
2,63,97,81,130
2,64,97,126,130
2,65,97,128,130
2,66,97,122,130
2,67,97,115,130
2,68,97,119,130
2,69,97,114,130
2,70,97,21,130
3,71,97,20,130
3,72,97,2,130
3,73,97,22,130
3,74,97,12,130
3,75,97,8,130
3,76,97,27,130
3,77,97,3,130
3,78,97,16,130
3,79,97,6,130
3,80,97,19,130
3,81,97,26,130
3,82,97,4,130
3,83,97,9,130
3,84,97,13,130
3,85,97,10,130
3,86,97,52,130
3,87,97,30,130
3,88,97,18,130
3,89,97,25,130
3,90,97,29,130
3,91,97,5,130
3,92,97,17,130
3,93,97,28,130
3,94,97,33,130
3,95,97,59,130
3,96,97,15,130
3,97,97,14,130
3,98,97,23,130
3,99,97,24,130
3,100,97,11,130
3,101,97,1,130
3,102,97,7,130
3,103,97,44,130
3,104,97,32,130
3,105,97,51,130
3,106,97,56,130
3,107,97,36,130
3,108,97,40,130
3,109,97,38,130
3,110,97,37,130
3,111,97,42,130
3,112,97,35,130
3,113,97,43,130
3,114,97,60,130
3,115,97,58,130
3,116,97,41,130
3,117,97,53,130
3,118,97,54,130
3,119,97,46,130
3,120,97,55,130
3,121,97,39,130
3,122,97,31,130
3,123,97,49,130
3,124,97,47,130
3,125,97,50,130
3,126,97,45,130
3,127,97,48,130
3,128,97,34,130
3,129,97,57,130
2,1,98,66,131
2,2,98,63,131
2,3,98,68,131
2,4,98,71,131
2,5,98,82,131
2,6,98,61,131
2,7,98,76,131
2,8,98,73,131
2,9,98,69,131
2,10,98,80,131
2,11,98,77,131
2,12,98,74,131
2,13,98,78,131
2,14,98,79,131
2,15,98,67,131
2,16,98,83,131
2,17,98,85,131
2,18,98,72,131
2,19,98,95,131
2,20,98,64,131
2,21,98,101,131
2,22,98,97,131
2,23,98,100,131
2,24,98,90,131
2,25,98,88,131
2,26,98,86,131
2,27,98,107,131
2,28,98,87,131
2,29,98,93,131
2,30,98,103,131
2,31,98,109,131
2,32,98,75,131
2,33,98,99,131
2,34,98,102,131
2,35,98,89,131
2,36,98,98,131
2,37,98,105,131
2,38,98,84,131
2,39,98,108,131
2,40,98,96,131
2,41,98,123,131
2,42,98,106,131
2,43,98,91,131
2,44,98,117,131
2,45,98,65,131
2,46,98,92,131
2,47,98,94,131
2,48,98,120,131
2,49,98,104,131
2,50,98,125,131
2,51,98,127,131
2,52,98,129,131
2,53,98,110,131
2,54,98,112,131
2,55,98,70,131
2,56,98,116,131
2,57,98,121,131
2,58,98,118,131
2,59,98,111,131
2,60,98,113,131
2,61,98,124,131
2,62,98,62,131
2,63,98,81,131
2,64,98,126,131
2,65,98,128,131
2,66,98,122,131
2,67,98,115,131
2,68,98,119,131
2,69,98,114,131
2,70,98,21,131
3,71,98,20,131
3,72,98,2,131
3,73,98,22,131
3,74,98,12,131
3,75,98,8,131
3,76,98,27,131
3,77,98,3,131
3,78,98,16,131
3,79,98,6,131
3,80,98,19,131
3,81,98,26,131
3,82,98,4,131
3,83,98,9,131
3,84,98,13,131
3,85,98,10,131
3,86,98,52,131
3,87,98,30,131
3,88,98,18,131
3,89,98,25,131
3,90,98,29,131
3,91,98,5,131
3,92,98,17,131
3,93,98,28,131
3,94,98,33,131
3,95,98,59,131
3,96,98,15,131
3,97,98,14,131
3,98,98,23,131
3,99,98,24,131
3,100,98,11,131
3,101,98,1,131
3,102,98,7,131
3,103,98,44,131
3,104,98,32,131
3,105,98,51,131
3,106,98,56,131
3,107,98,36,131
3,108,98,40,131
3,109,98,38,131
3,110,98,37,131
3,111,98,42,131
3,112,98,35,131
3,113,98,43,131
3,114,98,60,131
3,115,98,58,131
3,116,98,41,131
3,117,98,53,131
3,118,98,54,131
3,119,98,46,131
3,120,98,55,131
3,121,98,39,131
3,122,98,31,131
3,123,98,49,131
3,124,98,47,131
3,125,98,50,131
3,126,98,45,131
3,127,98,48,131
3,128,98,34,131
3,129,98,57,131
2,1,99,66,135
2,2,99,63,135
2,3,99,68,135
2,4,99,71,135
2,5,99,82,135
2,6,99,61,135
2,7,99,76,135
2,8,99,73,135
2,9,99,69,135
2,10,99,80,135
2,11,99,77,135
2,12,99,74,135
2,13,99,78,135
2,14,99,79,135
2,15,99,67,135
2,16,99,83,135
2,17,99,85,135
2,18,99,72,135
2,19,99,95,135
2,20,99,64,135
2,21,99,101,135
2,22,99,97,135
2,23,99,100,135
2,24,99,90,135
2,25,99,88,135
2,26,99,86,135
2,27,99,107,135
2,28,99,87,135
2,29,99,93,135
2,30,99,103,135
2,31,99,109,135
2,32,99,75,135
2,33,99,99,135
2,34,99,102,135
2,35,99,89,135
2,36,99,98,135
2,37,99,105,135
2,38,99,84,135
2,39,99,108,135
2,40,99,96,135
2,41,99,123,135
2,42,99,106,135
2,43,99,91,135
2,44,99,117,135
2,45,99,65,135
2,46,99,92,135
2,47,99,94,135
2,48,99,120,135
2,49,99,104,135
2,50,99,125,135
2,51,99,127,135
2,52,99,129,135
2,53,99,110,135
2,54,99,112,135
2,55,99,70,135
2,56,99,116,135
2,57,99,121,135
2,58,99,118,135
2,59,99,111,135
2,60,99,113,135
2,61,99,124,135
2,62,99,62,135
2,63,99,81,135
2,64,99,126,135
2,65,99,128,135
2,66,99,122,135
2,67,99,115,135
2,68,99,119,135
2,69,99,114,135
2,70,99,21,135
3,71,99,20,135
3,72,99,2,135
3,73,99,22,135
3,74,99,12,135
3,75,99,8,135
3,76,99,27,135
3,77,99,3,135
3,78,99,16,135
3,79,99,6,135
3,80,99,19,135
3,81,99,26,135
3,82,99,4,135
3,83,99,9,135
3,84,99,13,135
3,85,99,10,135
3,86,99,52,135
3,87,99,30,135
3,88,99,18,135
3,89,99,25,135
3,90,99,29,135
3,91,99,5,135
3,92,99,17,135
3,93,99,28,135
3,94,99,33,135
3,95,99,59,135
3,96,99,15,135
3,97,99,14,135
3,98,99,23,135
3,99,99,24,135
3,100,99,11,135
3,101,99,1,135
3,102,99,7,135
3,103,99,44,135
3,104,99,32,135
3,105,99,51,135
3,106,99,56,135
3,107,99,36,135
3,108,99,40,135
3,109,99,38,135
3,110,99,37,135
3,111,99,42,135
3,112,99,35,135
3,113,99,43,135
3,114,99,60,135
3,115,99,58,135
3,116,99,41,135
3,117,99,53,135
3,118,99,54,135
3,119,99,46,135
3,120,99,55,135
3,121,99,39,135
3,122,99,31,135
3,123,99,49,135
3,124,99,47,135
3,125,99,50,135
3,126,99,45,135
3,127,99,48,135
3,128,99,34,135
3,129,99,57,135
2,1,100,66,156
2,2,100,63,156
2,3,100,68,156
2,4,100,71,156
2,5,100,82,156
2,6,100,61,156
2,7,100,76,156
2,8,100,73,156
2,9,100,69,156
2,10,100,80,156
2,11,100,77,156
2,12,100,74,156
2,13,100,78,156
2,14,100,79,156
2,15,100,67,156
2,16,100,83,156
2,17,100,85,156
2,18,100,72,156
2,19,100,95,156
2,20,100,64,156
2,21,100,101,156
2,22,100,97,156
2,23,100,100,156
2,24,100,90,156
2,25,100,88,156
2,26,100,86,156
2,27,100,107,156
2,28,100,87,156
2,29,100,93,156
2,30,100,103,156
2,31,100,109,156
2,32,100,75,156
2,33,100,99,156
2,34,100,102,156
2,35,100,89,156
2,36,100,98,156
2,37,100,105,156
2,38,100,84,156
2,39,100,108,156
2,40,100,96,156
2,41,100,123,156
2,42,100,106,156
2,43,100,91,156
2,44,100,117,156
2,45,100,65,156
2,46,100,92,156
2,47,100,94,156
2,48,100,120,156
2,49,100,104,156
2,50,100,125,156
2,51,100,127,156
2,52,100,129,156
2,53,100,110,156
2,54,100,112,156
2,55,100,70,156
2,56,100,116,156
2,57,100,121,156
2,58,100,118,156
2,59,100,111,156
2,60,100,113,156
2,61,100,124,156
2,62,100,62,156
2,63,100,81,156
2,64,100,126,156
2,65,100,128,156
2,66,100,122,156
2,67,100,115,156
2,68,100,119,156
2,69,100,114,156
2,70,100,21,156
3,71,100,20,156
3,72,100,2,156
3,73,100,22,156
3,74,100,12,156
3,75,100,8,156
3,76,100,27,156
3,77,100,3,156
3,78,100,16,156
3,79,100,6,156
3,80,100,19,156
3,81,100,26,156
3,82,100,4,156
3,83,100,9,156
3,84,100,13,156
3,85,100,10,156
3,86,100,52,156
3,87,100,30,156
3,88,100,18,156
3,89,100,25,156
3,90,100,29,156
3,91,100,5,156
3,92,100,17,156
3,93,100,28,156
3,94,100,33,156
3,95,100,59,156
3,96,100,15,156
3,97,100,14,156
3,98,100,23,156
3,99,100,24,156
3,100,100,11,156
3,101,100,1,156
3,102,100,7,156
3,103,100,44,156
3,104,100,32,156
3,105,100,51,156
3,106,100,56,156
3,107,100,36,156
3,108,100,40,156
3,109,100,38,156
3,110,100,37,156
3,111,100,42,156
3,112,100,35,156
3,113,100,43,156
3,114,100,60,156
3,115,100,58,156
3,116,100,41,156
3,117,100,53,156
3,118,100,54,156
3,119,100,46,156
3,120,100,55,156
3,121,100,39,156
3,122,100,31,156
3,123,100,49,156
3,124,100,47,156
3,125,100,50,156
3,126,100,45,156
3,127,100,48,156
3,128,100,34,156
3,129,100,57,156
2,1,101,66,168
2,2,101,63,168
2,3,101,68,168
2,4,101,71,168
2,5,101,82,168
2,6,101,61,168
2,7,101,76,168
2,8,101,73,168
2,9,101,69,168
2,10,101,80,168
2,11,101,77,168
2,12,101,74,168
2,13,101,78,168
2,14,101,79,168
2,15,101,67,168
2,16,101,83,168
2,17,101,85,168
2,18,101,72,168
2,19,101,95,168
2,20,101,64,168
2,21,101,101,168
2,22,101,97,168
2,23,101,100,168
2,24,101,90,168
2,25,101,88,168
2,26,101,86,168
2,27,101,107,168
2,28,101,87,168
2,29,101,93,168
2,30,101,103,168
2,31,101,109,168
2,32,101,75,168
2,33,101,99,168
2,34,101,102,168
2,35,101,89,168
2,36,101,98,168
2,37,101,105,168
2,38,101,84,168
2,39,101,108,168
2,40,101,96,168
2,41,101,123,168
2,42,101,106,168
2,43,101,91,168
2,44,101,117,168
2,45,101,65,168
2,46,101,92,168
2,47,101,94,168
2,48,101,120,168
2,49,101,104,168
2,50,101,125,168
2,51,101,127,168
2,52,101,129,168
2,53,101,110,168
2,54,101,112,168
2,55,101,70,168
2,56,101,116,168
2,57,101,121,168
2,58,101,118,168
2,59,101,111,168
2,60,101,113,168
2,61,101,124,168
2,62,101,62,168
2,63,101,81,168
2,64,101,126,168
2,65,101,128,168
2,66,101,122,168
2,67,101,115,168
2,68,101,119,168
2,69,101,114,168
2,70,101,21,168
3,71,101,20,168
3,72,101,2,168
3,73,101,22,168
3,74,101,12,168
3,75,101,8,168
3,76,101,27,168
3,77,101,3,168
3,78,101,16,168
3,79,101,6,168
3,80,101,19,168
3,81,101,26,168
3,82,101,4,168
3,83,101,9,168
3,84,101,13,168
3,85,101,10,168
3,86,101,52,168
3,87,101,30,168
3,88,101,18,168
3,89,101,25,168
3,90,101,29,168
3,91,101,5,168
3,92,101,17,168
3,93,101,28,168
3,94,101,33,168
3,95,101,59,168
3,96,101,15,168
3,97,101,14,168
3,98,101,23,168
3,99,101,24,168
3,100,101,11,168
3,101,101,1,168
3,102,101,7,168
3,103,101,44,168
3,104,101,32,168
3,105,101,51,168
3,106,101,56,168
3,107,101,36,168
3,108,101,40,168
3,109,101,38,168
3,110,101,37,168
3,111,101,42,168
3,112,101,35,168
3,113,101,43,168
3,114,101,60,168
3,115,101,58,168
3,116,101,41,168
3,117,101,53,168
3,118,101,54,168
3,119,101,46,168
3,120,101,55,168
3,121,101,39,168
3,122,101,31,168
3,123,101,49,168
3,124,101,47,168
3,125,101,50,168
3,126,101,45,168
3,127,101,48,168
3,128,101,34,168
3,129,101,57,168
2,1,102,66,170
2,2,102,63,170
2,3,102,68,170
2,4,102,71,170
2,5,102,82,170
2,6,102,61,170
2,7,102,76,170
2,8,102,73,170
2,9,102,69,170
2,10,102,80,170
2,11,102,77,170
2,12,102,74,170
2,13,102,78,170
2,14,102,79,170
2,15,102,67,170
2,16,102,83,170
2,17,102,85,170
2,18,102,72,170
2,19,102,95,170
2,20,102,64,170
2,21,102,101,170
2,22,102,97,170
2,23,102,100,170
2,24,102,90,170
2,25,102,88,170
2,26,102,86,170
2,27,102,107,170
2,28,102,87,170
2,29,102,93,170
2,30,102,103,170
2,31,102,109,170
2,32,102,75,170
2,33,102,99,170
2,34,102,102,170
2,35,102,89,170
2,36,102,98,170
2,37,102,105,170
2,38,102,84,170
2,39,102,108,170
2,40,102,96,170
2,41,102,123,170
2,42,102,106,170
2,43,102,91,170
2,44,102,117,170
2,45,102,65,170
2,46,102,92,170
2,47,102,94,170
2,48,102,120,170
2,49,102,104,170
2,50,102,125,170
2,51,102,127,170
2,52,102,129,170
2,53,102,110,170
2,54,102,112,170
2,55,102,70,170
2,56,102,116,170
2,57,102,121,170
2,58,102,118,170
2,59,102,111,170
2,60,102,113,170
2,61,102,124,170
2,62,102,62,170
2,63,102,81,170
2,64,102,126,170
2,65,102,128,170
2,66,102,122,170
2,67,102,115,170
2,68,102,119,170
2,69,102,114,170
2,70,102,21,170
3,71,102,20,170
3,72,102,2,170
3,73,102,22,170
3,74,102,12,170
3,75,102,8,170
3,76,102,27,170
3,77,102,3,170
3,78,102,16,170
3,79,102,6,170
3,80,102,19,170
3,81,102,26,170
3,82,102,4,170
3,83,102,9,170
3,84,102,13,170
3,85,102,10,170
3,86,102,52,170
3,87,102,30,170
3,88,102,18,170
3,89,102,25,170
3,90,102,29,170
3,91,102,5,170
3,92,102,17,170
3,93,102,28,170
3,94,102,33,170
3,95,102,59,170
3,96,102,15,170
3,97,102,14,170
3,98,102,23,170
3,99,102,24,170
3,100,102,11,170
3,101,102,1,170
3,102,102,7,170
3,103,102,44,170
3,104,102,32,170
3,105,102,51,170
3,106,102,56,170
3,107,102,36,170
3,108,102,40,170
3,109,102,38,170
3,110,102,37,170
3,111,102,42,170
3,112,102,35,170
3,113,102,43,170
3,114,102,60,170
3,115,102,58,170
3,116,102,41,170
3,117,102,53,170
3,118,102,54,170
3,119,102,46,170
3,120,102,55,170
3,121,102,39,170
3,122,102,31,170
3,123,102,49,170
3,124,102,47,170
3,125,102,50,170
3,126,102,45,170
3,127,102,48,170
3,128,102,34,170
3,129,102,57,170
2,1,103,66,199
2,2,103,63,199
2,3,103,68,199
2,4,103,71,199
2,5,103,82,199
2,6,103,61,199
2,7,103,76,199
2,8,103,73,199
2,9,103,69,199
2,10,103,80,199
2,11,103,77,199
2,12,103,74,199
2,13,103,78,199
2,14,103,79,199
2,15,103,67,199
2,16,103,83,199
2,17,103,85,199
2,18,103,72,199
2,19,103,95,199
2,20,103,64,199
2,21,103,101,199
2,22,103,97,199
2,23,103,100,199
2,24,103,90,199
2,25,103,88,199
2,26,103,86,199
2,27,103,107,199
2,28,103,87,199
2,29,103,93,199
2,30,103,103,199
2,31,103,109,199
2,32,103,75,199
2,33,103,99,199
2,34,103,102,199
2,35,103,89,199
2,36,103,98,199
2,37,103,105,199
2,38,103,84,199
2,39,103,108,199
2,40,103,96,199
2,41,103,123,199
2,42,103,106,199
2,43,103,91,199
2,44,103,117,199
2,45,103,65,199
2,46,103,92,199
2,47,103,94,199
2,48,103,120,199
2,49,103,104,199
2,50,103,125,199
2,51,103,127,199
2,52,103,129,199
2,53,103,110,199
2,54,103,112,199
2,55,103,70,199
2,56,103,116,199
2,57,103,121,199
2,58,103,118,199
2,59,103,111,199
2,60,103,113,199
2,61,103,124,199
2,62,103,62,199
2,63,103,81,199
2,64,103,126,199
2,65,103,128,199
2,66,103,122,199
2,67,103,115,199
2,68,103,119,199
2,69,103,114,199
2,70,103,21,199
3,71,103,20,199
3,72,103,2,199
3,73,103,22,199
3,74,103,12,199
3,75,103,8,199
3,76,103,27,199
3,77,103,3,199
3,78,103,16,199
3,79,103,6,199
3,80,103,19,199
3,81,103,26,199
3,82,103,4,199
3,83,103,9,199
3,84,103,13,199
3,85,103,10,199
3,86,103,52,199
3,87,103,30,199
3,88,103,18,199
3,89,103,25,199
3,90,103,29,199
3,91,103,5,199
3,92,103,17,199
3,93,103,28,199
3,94,103,33,199
3,95,103,59,199
3,96,103,15,199
3,97,103,14,199
3,98,103,23,199
3,99,103,24,199
3,100,103,11,199
3,101,103,1,199
3,102,103,7,199
3,103,103,44,199
3,104,103,32,199
3,105,103,51,199
3,106,103,56,199
3,107,103,36,199
3,108,103,40,199
3,109,103,38,199
3,110,103,37,199
3,111,103,42,199
3,112,103,35,199
3,113,103,43,199
3,114,103,60,199
3,115,103,58,199
3,116,103,41,199
3,117,103,53,199
3,118,103,54,199
3,119,103,46,199
3,120,103,55,199
3,121,103,39,199
3,122,103,31,199
3,123,103,49,199
3,124,103,47,199
3,125,103,50,199
3,126,103,45,199
3,127,103,48,199
3,128,103,34,199
3,129,103,57,199
2,1,104,66,204
2,2,104,63,204
2,3,104,68,204
2,4,104,71,204
2,5,104,82,204
2,6,104,61,204
2,7,104,76,204
2,8,104,73,204
2,9,104,69,204
2,10,104,80,204
2,11,104,77,204
2,12,104,74,204
2,13,104,78,204
2,14,104,79,204
2,15,104,67,204
2,16,104,83,204
2,17,104,85,204
2,18,104,72,204
2,19,104,95,204
2,20,104,64,204
2,21,104,101,204
2,22,104,97,204
2,23,104,100,204
2,24,104,90,204
2,25,104,88,204
2,26,104,86,204
2,27,104,107,204
2,28,104,87,204
2,29,104,93,204
2,30,104,103,204
2,31,104,109,204
2,32,104,75,204
2,33,104,99,204
2,34,104,102,204
2,35,104,89,204
2,36,104,98,204
2,37,104,105,204
2,38,104,84,204
2,39,104,108,204
2,40,104,96,204
2,41,104,123,204
2,42,104,106,204
2,43,104,91,204
2,44,104,117,204
2,45,104,65,204
2,46,104,92,204
2,47,104,94,204
2,48,104,120,204
2,49,104,104,204
2,50,104,125,204
2,51,104,127,204
2,52,104,129,204
2,53,104,110,204
2,54,104,112,204
2,55,104,70,204
2,56,104,116,204
2,57,104,121,204
2,58,104,118,204
2,59,104,111,204
2,60,104,113,204
2,61,104,124,204
2,62,104,62,204
2,63,104,81,204
2,64,104,126,204
2,65,104,128,204
2,66,104,122,204
2,67,104,115,204
2,68,104,119,204
2,69,104,114,204
2,70,104,21,204
3,71,104,20,204
3,72,104,2,204
3,73,104,22,204
3,74,104,12,204
3,75,104,8,204
3,76,104,27,204
3,77,104,3,204
3,78,104,16,204
3,79,104,6,204
3,80,104,19,204
3,81,104,26,204
3,82,104,4,204
3,83,104,9,204
3,84,104,13,204
3,85,104,10,204
3,86,104,52,204
3,87,104,30,204
3,88,104,18,204
3,89,104,25,204
3,90,104,29,204
3,91,104,5,204
3,92,104,17,204
3,93,104,28,204
3,94,104,33,204
3,95,104,59,204
3,96,104,15,204
3,97,104,14,204
3,98,104,23,204
3,99,104,24,204
3,100,104,11,204
3,101,104,1,204
3,102,104,7,204
3,103,104,44,204
3,104,104,32,204
3,105,104,51,204
3,106,104,56,204
3,107,104,36,204
3,108,104,40,204
3,109,104,38,204
3,110,104,37,204
3,111,104,42,204
3,112,104,35,204
3,113,104,43,204
3,114,104,60,204
3,115,104,58,204
3,116,104,41,204
3,117,104,53,204
3,118,104,54,204
3,119,104,46,204
3,120,104,55,204
3,121,104,39,204
3,122,104,31,204
3,123,104,49,204
3,124,104,47,204
3,125,104,50,204
3,126,104,45,204
3,127,104,48,204
3,128,104,34,204
3,129,104,57,204
2,1,105,66,223
2,2,105,63,223
2,3,105,68,223
2,4,105,71,223
2,5,105,82,223
2,6,105,61,223
2,7,105,76,223
2,8,105,73,223
2,9,105,69,223
2,10,105,80,223
2,11,105,77,223
2,12,105,74,223
2,13,105,78,223
2,14,105,79,223
2,15,105,67,223
2,16,105,83,223
2,17,105,85,223
2,18,105,72,223
2,19,105,95,223
2,20,105,64,223
2,21,105,101,223
2,22,105,97,223
2,23,105,100,223
2,24,105,90,223
2,25,105,88,223
2,26,105,86,223
2,27,105,107,223
2,28,105,87,223
2,29,105,93,223
2,30,105,103,223
2,31,105,109,223
2,32,105,75,223
2,33,105,99,223
2,34,105,102,223
2,35,105,89,223
2,36,105,98,223
2,37,105,105,223
2,38,105,84,223
2,39,105,108,223
2,40,105,96,223
2,41,105,123,223
2,42,105,106,223
2,43,105,91,223
2,44,105,117,223
2,45,105,65,223
2,46,105,92,223
2,47,105,94,223
2,48,105,120,223
2,49,105,104,223
2,50,105,125,223
2,51,105,127,223
2,52,105,129,223
2,53,105,110,223
2,54,105,112,223
2,55,105,70,223
2,56,105,116,223
2,57,105,121,223
2,58,105,118,223
2,59,105,111,223
2,60,105,113,223
2,61,105,124,223
2,62,105,62,223
2,63,105,81,223
2,64,105,126,223
2,65,105,128,223
2,66,105,122,223
2,67,105,115,223
2,68,105,119,223
2,69,105,114,223
2,70,105,21,223
3,71,105,20,223
3,72,105,2,223
3,73,105,22,223
3,74,105,12,223
3,75,105,8,223
3,76,105,27,223
3,77,105,3,223
3,78,105,16,223
3,79,105,6,223
3,80,105,19,223
3,81,105,26,223
3,82,105,4,223
3,83,105,9,223
3,84,105,13,223
3,85,105,10,223
3,86,105,52,223
3,87,105,30,223
3,88,105,18,223
3,89,105,25,223
3,90,105,29,223
3,91,105,5,223
3,92,105,17,223
3,93,105,28,223
3,94,105,33,223
3,95,105,59,223
3,96,105,15,223
3,97,105,14,223
3,98,105,23,223
3,99,105,24,223
3,100,105,11,223
3,101,105,1,223
3,102,105,7,223
3,103,105,44,223
3,104,105,32,223
3,105,105,51,223
3,106,105,56,223
3,107,105,36,223
3,108,105,40,223
3,109,105,38,223
3,110,105,37,223
3,111,105,42,223
3,112,105,35,223
3,113,105,43,223
3,114,105,60,223
3,115,105,58,223
3,116,105,41,223
3,117,105,53,223
3,118,105,54,223
3,119,105,46,223
3,120,105,55,223
3,121,105,39,223
3,122,105,31,223
3,123,105,49,223
3,124,105,47,223
3,125,105,50,223
3,126,105,45,223
3,127,105,48,223
3,128,105,34,223
3,129,105,57,223
2,1,106,66,175
2,2,106,63,175
2,3,106,68,175
2,4,106,71,175
2,5,106,82,175
2,6,106,61,175
2,7,106,76,175
2,8,106,73,175
2,9,106,69,175
2,10,106,80,175
2,11,106,77,175
2,12,106,74,175
2,13,106,78,175
2,14,106,79,175
2,15,106,67,175
2,16,106,83,175
2,17,106,85,175
2,18,106,72,175
2,19,106,95,175
2,20,106,64,175
2,21,106,101,175
2,22,106,97,175
2,23,106,100,175
2,24,106,90,175
2,25,106,88,175
2,26,106,86,175
2,27,106,107,175
2,28,106,87,175
2,29,106,93,175
2,30,106,103,175
2,31,106,109,175
2,32,106,75,175
2,33,106,99,175
2,34,106,102,175
2,35,106,89,175
2,36,106,98,175
2,37,106,105,175
2,38,106,84,175
2,39,106,108,175
2,40,106,96,175
2,41,106,123,175
2,42,106,106,175
2,43,106,91,175
2,44,106,117,175
2,45,106,65,175
2,46,106,92,175
2,47,106,94,175
2,48,106,120,175
2,49,106,104,175
2,50,106,125,175
2,51,106,127,175
2,52,106,129,175
2,53,106,110,175
2,54,106,112,175
2,55,106,70,175
2,56,106,116,175
2,57,106,121,175
2,58,106,118,175
2,59,106,111,175
2,60,106,113,175
2,61,106,124,175
2,62,106,62,175
2,63,106,81,175
2,64,106,126,175
2,65,106,128,175
2,66,106,122,175
2,67,106,115,175
2,68,106,119,175
2,69,106,114,175
2,70,106,21,175
3,71,106,20,175
3,72,106,2,175
3,73,106,22,175
3,74,106,12,175
3,75,106,8,175
3,76,106,27,175
3,77,106,3,175
3,78,106,16,175
3,79,106,6,175
3,80,106,19,175
3,81,106,26,175
3,82,106,4,175
3,83,106,9,175
3,84,106,13,175
3,85,106,10,175
3,86,106,52,175
3,87,106,30,175
3,88,106,18,175
3,89,106,25,175
3,90,106,29,175
3,91,106,5,175
3,92,106,17,175
3,93,106,28,175
3,94,106,33,175
3,95,106,59,175
3,96,106,15,175
3,97,106,14,175
3,98,106,23,175
3,99,106,24,175
3,100,106,11,175
3,101,106,1,175
3,102,106,7,175
3,103,106,44,175
3,104,106,32,175
3,105,106,51,175
3,106,106,56,175
3,107,106,36,175
3,108,106,40,175
3,109,106,38,175
3,110,106,37,175
3,111,106,42,175
3,112,106,35,175
3,113,106,43,175
3,114,106,60,175
3,115,106,58,175
3,116,106,41,175
3,117,106,53,175
3,118,106,54,175
3,119,106,46,175
3,120,106,55,175
3,121,106,39,175
3,122,106,31,175
3,123,106,49,175
3,124,106,47,175
3,125,106,50,175
3,126,106,45,175
3,127,106,48,175
3,128,106,34,175
3,129,106,57,175
2,1,107,66,14
2,2,107,63,14
2,3,107,68,14
2,4,107,71,14
2,5,107,82,14
2,6,107,61,14
2,7,107,76,14
2,8,107,73,14
2,9,107,69,14
2,10,107,80,14
2,11,107,77,14
2,12,107,74,14
2,13,107,78,14
2,14,107,79,14
2,15,107,67,14
2,16,107,83,14
2,17,107,85,14
2,18,107,72,14
2,19,107,95,14
2,20,107,64,14
2,21,107,101,14
2,22,107,97,14
2,23,107,100,14
2,24,107,90,14
2,25,107,88,14
2,26,107,86,14
2,27,107,107,14
2,28,107,87,14
2,29,107,93,14
2,30,107,103,14
2,31,107,109,14
2,32,107,75,14
2,33,107,99,14
2,34,107,102,14
2,35,107,89,14
2,36,107,98,14
2,37,107,105,14
2,38,107,84,14
2,39,107,108,14
2,40,107,96,14
2,41,107,123,14
2,42,107,106,14
2,43,107,91,14
2,44,107,117,14
2,45,107,65,14
2,46,107,92,14
2,47,107,94,14
2,48,107,120,14
2,49,107,104,14
2,50,107,125,14
2,51,107,127,14
2,52,107,129,14
2,53,107,110,14
2,54,107,112,14
2,55,107,70,14
2,56,107,116,14
2,57,107,121,14
2,58,107,118,14
2,59,107,111,14
2,60,107,113,14
2,61,107,124,14
2,62,107,62,14
2,63,107,81,14
2,64,107,126,14
2,65,107,128,14
2,66,107,122,14
2,67,107,115,14
2,68,107,119,14
2,69,107,114,14
2,70,107,21,14
3,71,107,20,14
3,72,107,2,14
3,73,107,22,14
3,74,107,12,14
3,75,107,8,14
3,76,107,27,14
3,77,107,3,14
3,78,107,16,14
3,79,107,6,14
3,80,107,19,14
3,81,107,26,14
3,82,107,4,14
3,83,107,9,14
3,84,107,13,14
3,85,107,10,14
3,86,107,52,14
3,87,107,30,14
3,88,107,18,14
3,89,107,25,14
3,90,107,29,14
3,91,107,5,14
3,92,107,17,14
3,93,107,28,14
3,94,107,33,14
3,95,107,59,14
3,96,107,15,14
3,97,107,14,14
3,98,107,23,14
3,99,107,24,14
3,100,107,11,14
3,101,107,1,14
3,102,107,7,14
3,103,107,44,14
3,104,107,32,14
3,105,107,51,14
3,106,107,56,14
3,107,107,36,14
3,108,107,40,14
3,109,107,38,14
3,110,107,37,14
3,111,107,42,14
3,112,107,35,14
3,113,107,43,14
3,114,107,60,14
3,115,107,58,14
3,116,107,41,14
3,117,107,53,14
3,118,107,54,14
3,119,107,46,14
3,120,107,55,14
3,121,107,39,14
3,122,107,31,14
3,123,107,49,14
3,124,107,47,14
3,125,107,50,14
3,126,107,45,14
3,127,107,48,14
3,128,107,34,14
3,129,107,57,14
2,1,108,66,153
2,2,108,63,153
2,3,108,68,153
2,4,108,71,153
2,5,108,82,153
2,6,108,61,153
2,7,108,76,153
2,8,108,73,153
2,9,108,69,153
2,10,108,80,153
2,11,108,77,153
2,12,108,74,153
2,13,108,78,153
2,14,108,79,153
2,15,108,67,153
2,16,108,83,153
2,17,108,85,153
2,18,108,72,153
2,19,108,95,153
2,20,108,64,153
2,21,108,101,153
2,22,108,97,153
2,23,108,100,153
2,24,108,90,153
2,25,108,88,153
2,26,108,86,153
2,27,108,107,153
2,28,108,87,153
2,29,108,93,153
2,30,108,103,153
2,31,108,109,153
2,32,108,75,153
2,33,108,99,153
2,34,108,102,153
2,35,108,89,153
2,36,108,98,153
2,37,108,105,153
2,38,108,84,153
2,39,108,108,153
2,40,108,96,153
2,41,108,123,153
2,42,108,106,153
2,43,108,91,153
2,44,108,117,153
2,45,108,65,153
2,46,108,92,153
2,47,108,94,153
2,48,108,120,153
2,49,108,104,153
2,50,108,125,153
2,51,108,127,153
2,52,108,129,153
2,53,108,110,153
2,54,108,112,153
2,55,108,70,153
2,56,108,116,153
2,57,108,121,153
2,58,108,118,153
2,59,108,111,153
2,60,108,113,153
2,61,108,124,153
2,62,108,62,153
2,63,108,81,153
2,64,108,126,153
2,65,108,128,153
2,66,108,122,153
2,67,108,115,153
2,68,108,119,153
2,69,108,114,153
2,70,108,21,153
3,71,108,20,153
3,72,108,2,153
3,73,108,22,153
3,74,108,12,153
3,75,108,8,153
3,76,108,27,153
3,77,108,3,153
3,78,108,16,153
3,79,108,6,153
3,80,108,19,153
3,81,108,26,153
3,82,108,4,153
3,83,108,9,153
3,84,108,13,153
3,85,108,10,153
3,86,108,52,153
3,87,108,30,153
3,88,108,18,153
3,89,108,25,153
3,90,108,29,153
3,91,108,5,153
3,92,108,17,153
3,93,108,28,153
3,94,108,33,153
3,95,108,59,153
3,96,108,15,153
3,97,108,14,153
3,98,108,23,153
3,99,108,24,153
3,100,108,11,153
3,101,108,1,153
3,102,108,7,153
3,103,108,44,153
3,104,108,32,153
3,105,108,51,153
3,106,108,56,153
3,107,108,36,153
3,108,108,40,153
3,109,108,38,153
3,110,108,37,153
3,111,108,42,153
3,112,108,35,153
3,113,108,43,153
3,114,108,60,153
3,115,108,58,153
3,116,108,41,153
3,117,108,53,153
3,118,108,54,153
3,119,108,46,153
3,120,108,55,153
3,121,108,39,153
3,122,108,31,153
3,123,108,49,153
3,124,108,47,153
3,125,108,50,153
3,126,108,45,153
3,127,108,48,153
3,128,108,34,153
3,129,108,57,153
2,1,109,66,38
2,2,109,63,38
2,3,109,68,38
2,4,109,71,38
2,5,109,82,38
2,6,109,61,38
2,7,109,76,38
2,8,109,73,38
2,9,109,69,38
2,10,109,80,38
2,11,109,77,38
2,12,109,74,38
2,13,109,78,38
2,14,109,79,38
2,15,109,67,38
2,16,109,83,38
2,17,109,85,38
2,18,109,72,38
2,19,109,95,38
2,20,109,64,38
2,21,109,101,38
2,22,109,97,38
2,23,109,100,38
2,24,109,90,38
2,25,109,88,38
2,26,109,86,38
2,27,109,107,38
2,28,109,87,38
2,29,109,93,38
2,30,109,103,38
2,31,109,109,38
2,32,109,75,38
2,33,109,99,38
2,34,109,102,38
2,35,109,89,38
2,36,109,98,38
2,37,109,105,38
2,38,109,84,38
2,39,109,108,38
2,40,109,96,38
2,41,109,123,38
2,42,109,106,38
2,43,109,91,38
2,44,109,117,38
2,45,109,65,38
2,46,109,92,38
2,47,109,94,38
2,48,109,120,38
2,49,109,104,38
2,50,109,125,38
2,51,109,127,38
2,52,109,129,38
2,53,109,110,38
2,54,109,112,38
2,55,109,70,38
2,56,109,116,38
2,57,109,121,38
2,58,109,118,38
2,59,109,111,38
2,60,109,113,38
2,61,109,124,38
2,62,109,62,38
2,63,109,81,38
2,64,109,126,38
2,65,109,128,38
2,66,109,122,38
2,67,109,115,38
2,68,109,119,38
2,69,109,114,38
2,70,109,21,38
3,71,109,20,38
3,72,109,2,38
3,73,109,22,38
3,74,109,12,38
3,75,109,8,38
3,76,109,27,38
3,77,109,3,38
3,78,109,16,38
3,79,109,6,38
3,80,109,19,38
3,81,109,26,38
3,82,109,4,38
3,83,109,9,38
3,84,109,13,38
3,85,109,10,38
3,86,109,52,38
3,87,109,30,38
3,88,109,18,38
3,89,109,25,38
3,90,109,29,38
3,91,109,5,38
3,92,109,17,38
3,93,109,28,38
3,94,109,33,38
3,95,109,59,38
3,96,109,15,38
3,97,109,14,38
3,98,109,23,38
3,99,109,24,38
3,100,109,11,38
3,101,109,1,38
3,102,109,7,38
3,103,109,44,38
3,104,109,32,38
3,105,109,51,38
3,106,109,56,38
3,107,109,36,38
3,108,109,40,38
3,109,109,38,38
3,110,109,37,38
3,111,109,42,38
3,112,109,35,38
3,113,109,43,38
3,114,109,60,38
3,115,109,58,38
3,116,109,41,38
3,117,109,53,38
3,118,109,54,38
3,119,109,46,38
3,120,109,55,38
3,121,109,39,38
3,122,109,31,38
3,123,109,49,38
3,124,109,47,38
3,125,109,50,38
3,126,109,45,38
3,127,109,48,38
3,128,109,34,38
3,129,109,57,38
2,1,110,66,166
2,2,110,63,166
2,3,110,68,166
2,4,110,71,166
2,5,110,82,166
2,6,110,61,166
2,7,110,76,166
2,8,110,73,166
2,9,110,69,166
2,10,110,80,166
2,11,110,77,166
2,12,110,74,166
2,13,110,78,166
2,14,110,79,166
2,15,110,67,166
2,16,110,83,166
2,17,110,85,166
2,18,110,72,166
2,19,110,95,166
2,20,110,64,166
2,21,110,101,166
2,22,110,97,166
2,23,110,100,166
2,24,110,90,166
2,25,110,88,166
2,26,110,86,166
2,27,110,107,166
2,28,110,87,166
2,29,110,93,166
2,30,110,103,166
2,31,110,109,166
2,32,110,75,166
2,33,110,99,166
2,34,110,102,166
2,35,110,89,166
2,36,110,98,166
2,37,110,105,166
2,38,110,84,166
2,39,110,108,166
2,40,110,96,166
2,41,110,123,166
2,42,110,106,166
2,43,110,91,166
2,44,110,117,166
2,45,110,65,166
2,46,110,92,166
2,47,110,94,166
2,48,110,120,166
2,49,110,104,166
2,50,110,125,166
2,51,110,127,166
2,52,110,129,166
2,53,110,110,166
2,54,110,112,166
2,55,110,70,166
2,56,110,116,166
2,57,110,121,166
2,58,110,118,166
2,59,110,111,166
2,60,110,113,166
2,61,110,124,166
2,62,110,62,166
2,63,110,81,166
2,64,110,126,166
2,65,110,128,166
2,66,110,122,166
2,67,110,115,166
2,68,110,119,166
2,69,110,114,166
2,70,110,21,166
3,71,110,20,166
3,72,110,2,166
3,73,110,22,166
3,74,110,12,166
3,75,110,8,166
3,76,110,27,166
3,77,110,3,166
3,78,110,16,166
3,79,110,6,166
3,80,110,19,166
3,81,110,26,166
3,82,110,4,166
3,83,110,9,166
3,84,110,13,166
3,85,110,10,166
3,86,110,52,166
3,87,110,30,166
3,88,110,18,166
3,89,110,25,166
3,90,110,29,166
3,91,110,5,166
3,92,110,17,166
3,93,110,28,166
3,94,110,33,166
3,95,110,59,166
3,96,110,15,166
3,97,110,14,166
3,98,110,23,166
3,99,110,24,166
3,100,110,11,166
3,101,110,1,166
3,102,110,7,166
3,103,110,44,166
3,104,110,32,166
3,105,110,51,166
3,106,110,56,166
3,107,110,36,166
3,108,110,40,166
3,109,110,38,166
3,110,110,37,166
3,111,110,42,166
3,112,110,35,166
3,113,110,43,166
3,114,110,60,166
3,115,110,58,166
3,116,110,41,166
3,117,110,53,166
3,118,110,54,166
3,119,110,46,166
3,120,110,55,166
3,121,110,39,166
3,122,110,31,166
3,123,110,49,166
3,124,110,47,166
3,125,110,50,166
3,126,110,45,166
3,127,110,48,166
3,128,110,34,166
3,129,110,57,166
2,1,111,66,105
2,2,111,63,105
2,3,111,68,105
2,4,111,71,105
2,5,111,82,105
2,6,111,61,105
2,7,111,76,105
2,8,111,73,105
2,9,111,69,105
2,10,111,80,105
2,11,111,77,105
2,12,111,74,105
2,13,111,78,105
2,14,111,79,105
2,15,111,67,105
2,16,111,83,105
2,17,111,85,105
2,18,111,72,105
2,19,111,95,105
2,20,111,64,105
2,21,111,101,105
2,22,111,97,105
2,23,111,100,105
2,24,111,90,105
2,25,111,88,105
2,26,111,86,105
2,27,111,107,105
2,28,111,87,105
2,29,111,93,105
2,30,111,103,105
2,31,111,109,105
2,32,111,75,105
2,33,111,99,105
2,34,111,102,105
2,35,111,89,105
2,36,111,98,105
2,37,111,105,105
2,38,111,84,105
2,39,111,108,105
2,40,111,96,105
2,41,111,123,105
2,42,111,106,105
2,43,111,91,105
2,44,111,117,105
2,45,111,65,105
2,46,111,92,105
2,47,111,94,105
2,48,111,120,105
2,49,111,104,105
2,50,111,125,105
2,51,111,127,105
2,52,111,129,105
2,53,111,110,105
2,54,111,112,105
2,55,111,70,105
2,56,111,116,105
2,57,111,121,105
2,58,111,118,105
2,59,111,111,105
2,60,111,113,105
2,61,111,124,105
2,62,111,62,105
2,63,111,81,105
2,64,111,126,105
2,65,111,128,105
2,66,111,122,105
2,67,111,115,105
2,68,111,119,105
2,69,111,114,105
2,70,111,21,105
3,71,111,20,105
3,72,111,2,105
3,73,111,22,105
3,74,111,12,105
3,75,111,8,105
3,76,111,27,105
3,77,111,3,105
3,78,111,16,105
3,79,111,6,105
3,80,111,19,105
3,81,111,26,105
3,82,111,4,105
3,83,111,9,105
3,84,111,13,105
3,85,111,10,105
3,86,111,52,105
3,87,111,30,105
3,88,111,18,105
3,89,111,25,105
3,90,111,29,105
3,91,111,5,105
3,92,111,17,105
3,93,111,28,105
3,94,111,33,105
3,95,111,59,105
3,96,111,15,105
3,97,111,14,105
3,98,111,23,105
3,99,111,24,105
3,100,111,11,105
3,101,111,1,105
3,102,111,7,105
3,103,111,44,105
3,104,111,32,105
3,105,111,51,105
3,106,111,56,105
3,107,111,36,105
3,108,111,40,105
3,109,111,38,105
3,110,111,37,105
3,111,111,42,105
3,112,111,35,105
3,113,111,43,105
3,114,111,60,105
3,115,111,58,105
3,116,111,41,105
3,117,111,53,105
3,118,111,54,105
3,119,111,46,105
3,120,111,55,105
3,121,111,39,105
3,122,111,31,105
3,123,111,49,105
3,124,111,47,105
3,125,111,50,105
3,126,111,45,105
3,127,111,48,105
3,128,111,34,105
3,129,111,57,105
2,1,112,66,72
2,2,112,63,72
2,3,112,68,72
2,4,112,71,72
2,5,112,82,72
2,6,112,61,72
2,7,112,76,72
2,8,112,73,72
2,9,112,69,72
2,10,112,80,72
2,11,112,77,72
2,12,112,74,72
2,13,112,78,72
2,14,112,79,72
2,15,112,67,72
2,16,112,83,72
2,17,112,85,72
2,18,112,72,72
2,19,112,95,72
2,20,112,64,72
2,21,112,101,72
2,22,112,97,72
2,23,112,100,72
2,24,112,90,72
2,25,112,88,72
2,26,112,86,72
2,27,112,107,72
2,28,112,87,72
2,29,112,93,72
2,30,112,103,72
2,31,112,109,72
2,32,112,75,72
2,33,112,99,72
2,34,112,102,72
2,35,112,89,72
2,36,112,98,72
2,37,112,105,72
2,38,112,84,72
2,39,112,108,72
2,40,112,96,72
2,41,112,123,72
2,42,112,106,72
2,43,112,91,72
2,44,112,117,72
2,45,112,65,72
2,46,112,92,72
2,47,112,94,72
2,48,112,120,72
2,49,112,104,72
2,50,112,125,72
2,51,112,127,72
2,52,112,129,72
2,53,112,110,72
2,54,112,112,72
2,55,112,70,72
2,56,112,116,72
2,57,112,121,72
2,58,112,118,72
2,59,112,111,72
2,60,112,113,72
2,61,112,124,72
2,62,112,62,72
2,63,112,81,72
2,64,112,126,72
2,65,112,128,72
2,66,112,122,72
2,67,112,115,72
2,68,112,119,72
2,69,112,114,72
2,70,112,21,72
3,71,112,20,72
3,72,112,2,72
3,73,112,22,72
3,74,112,12,72
3,75,112,8,72
3,76,112,27,72
3,77,112,3,72
3,78,112,16,72
3,79,112,6,72
3,80,112,19,72
3,81,112,26,72
3,82,112,4,72
3,83,112,9,72
3,84,112,13,72
3,85,112,10,72
3,86,112,52,72
3,87,112,30,72
3,88,112,18,72
3,89,112,25,72
3,90,112,29,72
3,91,112,5,72
3,92,112,17,72
3,93,112,28,72
3,94,112,33,72
3,95,112,59,72
3,96,112,15,72
3,97,112,14,72
3,98,112,23,72
3,99,112,24,72
3,100,112,11,72
3,101,112,1,72
3,102,112,7,72
3,103,112,44,72
3,104,112,32,72
3,105,112,51,72
3,106,112,56,72
3,107,112,36,72
3,108,112,40,72
3,109,112,38,72
3,110,112,37,72
3,111,112,42,72
3,112,112,35,72
3,113,112,43,72
3,114,112,60,72
3,115,112,58,72
3,116,112,41,72
3,117,112,53,72
3,118,112,54,72
3,119,112,46,72
3,120,112,55,72
3,121,112,39,72
3,122,112,31,72
3,123,112,49,72
3,124,112,47,72
3,125,112,50,72
3,126,112,45,72
3,127,112,48,72
3,128,112,34,72
3,129,112,57,72
2,1,113,66,138
2,2,113,63,138
2,3,113,68,138
2,4,113,71,138
2,5,113,82,138
2,6,113,61,138
2,7,113,76,138
2,8,113,73,138
2,9,113,69,138
2,10,113,80,138
2,11,113,77,138
2,12,113,74,138
2,13,113,78,138
2,14,113,79,138
2,15,113,67,138
2,16,113,83,138
2,17,113,85,138
2,18,113,72,138
2,19,113,95,138
2,20,113,64,138
2,21,113,101,138
2,22,113,97,138
2,23,113,100,138
2,24,113,90,138
2,25,113,88,138
2,26,113,86,138
2,27,113,107,138
2,28,113,87,138
2,29,113,93,138
2,30,113,103,138
2,31,113,109,138
2,32,113,75,138
2,33,113,99,138
2,34,113,102,138
2,35,113,89,138
2,36,113,98,138
2,37,113,105,138
2,38,113,84,138
2,39,113,108,138
2,40,113,96,138
2,41,113,123,138
2,42,113,106,138
2,43,113,91,138
2,44,113,117,138
2,45,113,65,138
2,46,113,92,138
2,47,113,94,138
2,48,113,120,138
2,49,113,104,138
2,50,113,125,138
2,51,113,127,138
2,52,113,129,138
2,53,113,110,138
2,54,113,112,138
2,55,113,70,138
2,56,113,116,138
2,57,113,121,138
2,58,113,118,138
2,59,113,111,138
2,60,113,113,138
2,61,113,124,138
2,62,113,62,138
2,63,113,81,138
2,64,113,126,138
2,65,113,128,138
2,66,113,122,138
2,67,113,115,138
2,68,113,119,138
2,69,113,114,138
2,70,113,21,138
3,71,113,20,138
3,72,113,2,138
3,73,113,22,138
3,74,113,12,138
3,75,113,8,138
3,76,113,27,138
3,77,113,3,138
3,78,113,16,138
3,79,113,6,138
3,80,113,19,138
3,81,113,26,138
3,82,113,4,138
3,83,113,9,138
3,84,113,13,138
3,85,113,10,138
3,86,113,52,138
3,87,113,30,138
3,88,113,18,138
3,89,113,25,138
3,90,113,29,138
3,91,113,5,138
3,92,113,17,138
3,93,113,28,138
3,94,113,33,138
3,95,113,59,138
3,96,113,15,138
3,97,113,14,138
3,98,113,23,138
3,99,113,24,138
3,100,113,11,138
3,101,113,1,138
3,102,113,7,138
3,103,113,44,138
3,104,113,32,138
3,105,113,51,138
3,106,113,56,138
3,107,113,36,138
3,108,113,40,138
3,109,113,38,138
3,110,113,37,138
3,111,113,42,138
3,112,113,35,138
3,113,113,43,138
3,114,113,60,138
3,115,113,58,138
3,116,113,41,138
3,117,113,53,138
3,118,113,54,138
3,119,113,46,138
3,120,113,55,138
3,121,113,39,138
3,122,113,31,138
3,123,113,49,138
3,124,113,47,138
3,125,113,50,138
3,126,113,45,138
3,127,113,48,138
3,128,113,34,138
3,129,113,57,138
2,1,114,66,70
2,2,114,63,70
2,3,114,68,70
2,4,114,71,70
2,5,114,82,70
2,6,114,61,70
2,7,114,76,70
2,8,114,73,70
2,9,114,69,70
2,10,114,80,70
2,11,114,77,70
2,12,114,74,70
2,13,114,78,70
2,14,114,79,70
2,15,114,67,70
2,16,114,83,70
2,17,114,85,70
2,18,114,72,70
2,19,114,95,70
2,20,114,64,70
2,21,114,101,70
2,22,114,97,70
2,23,114,100,70
2,24,114,90,70
2,25,114,88,70
2,26,114,86,70
2,27,114,107,70
2,28,114,87,70
2,29,114,93,70
2,30,114,103,70
2,31,114,109,70
2,32,114,75,70
2,33,114,99,70
2,34,114,102,70
2,35,114,89,70
2,36,114,98,70
2,37,114,105,70
2,38,114,84,70
2,39,114,108,70
2,40,114,96,70
2,41,114,123,70
2,42,114,106,70
2,43,114,91,70
2,44,114,117,70
2,45,114,65,70
2,46,114,92,70
2,47,114,94,70
2,48,114,120,70
2,49,114,104,70
2,50,114,125,70
2,51,114,127,70
2,52,114,129,70
2,53,114,110,70
2,54,114,112,70
2,55,114,70,70
2,56,114,116,70
2,57,114,121,70
2,58,114,118,70
2,59,114,111,70
2,60,114,113,70
2,61,114,124,70
2,62,114,62,70
2,63,114,81,70
2,64,114,126,70
2,65,114,128,70
2,66,114,122,70
2,67,114,115,70
2,68,114,119,70
2,69,114,114,70
2,70,114,21,70
3,71,114,20,70
3,72,114,2,70
3,73,114,22,70
3,74,114,12,70
3,75,114,8,70
3,76,114,27,70
3,77,114,3,70
3,78,114,16,70
3,79,114,6,70
3,80,114,19,70
3,81,114,26,70
3,82,114,4,70
3,83,114,9,70
3,84,114,13,70
3,85,114,10,70
3,86,114,52,70
3,87,114,30,70
3,88,114,18,70
3,89,114,25,70
3,90,114,29,70
3,91,114,5,70
3,92,114,17,70
3,93,114,28,70
3,94,114,33,70
3,95,114,59,70
3,96,114,15,70
3,97,114,14,70
3,98,114,23,70
3,99,114,24,70
3,100,114,11,70
3,101,114,1,70
3,102,114,7,70
3,103,114,44,70
3,104,114,32,70
3,105,114,51,70
3,106,114,56,70
3,107,114,36,70
3,108,114,40,70
3,109,114,38,70
3,110,114,37,70
3,111,114,42,70
3,112,114,35,70
3,113,114,43,70
3,114,114,60,70
3,115,114,58,70
3,116,114,41,70
3,117,114,53,70
3,118,114,54,70
3,119,114,46,70
3,120,114,55,70
3,121,114,39,70
3,122,114,31,70
3,123,114,49,70
3,124,114,47,70
3,125,114,50,70
3,126,114,45,70
3,127,114,48,70
3,128,114,34,70
3,129,114,57,70
2,1,115,66,193
2,2,115,63,193
2,3,115,68,193
2,4,115,71,193
2,5,115,82,193
2,6,115,61,193
2,7,115,76,193
2,8,115,73,193
2,9,115,69,193
2,10,115,80,193
2,11,115,77,193
2,12,115,74,193
2,13,115,78,193
2,14,115,79,193
2,15,115,67,193
2,16,115,83,193
2,17,115,85,193
2,18,115,72,193
2,19,115,95,193
2,20,115,64,193
2,21,115,101,193
2,22,115,97,193
2,23,115,100,193
2,24,115,90,193
2,25,115,88,193
2,26,115,86,193
2,27,115,107,193
2,28,115,87,193
2,29,115,93,193
2,30,115,103,193
2,31,115,109,193
2,32,115,75,193
2,33,115,99,193
2,34,115,102,193
2,35,115,89,193
2,36,115,98,193
2,37,115,105,193
2,38,115,84,193
2,39,115,108,193
2,40,115,96,193
2,41,115,123,193
2,42,115,106,193
2,43,115,91,193
2,44,115,117,193
2,45,115,65,193
2,46,115,92,193
2,47,115,94,193
2,48,115,120,193
2,49,115,104,193
2,50,115,125,193
2,51,115,127,193
2,52,115,129,193
2,53,115,110,193
2,54,115,112,193
2,55,115,70,193
2,56,115,116,193
2,57,115,121,193
2,58,115,118,193
2,59,115,111,193
2,60,115,113,193
2,61,115,124,193
2,62,115,62,193
2,63,115,81,193
2,64,115,126,193
2,65,115,128,193
2,66,115,122,193
2,67,115,115,193
2,68,115,119,193
2,69,115,114,193
2,70,115,21,193
3,71,115,20,193
3,72,115,2,193
3,73,115,22,193
3,74,115,12,193
3,75,115,8,193
3,76,115,27,193
3,77,115,3,193
3,78,115,16,193
3,79,115,6,193
3,80,115,19,193
3,81,115,26,193
3,82,115,4,193
3,83,115,9,193
3,84,115,13,193
3,85,115,10,193
3,86,115,52,193
3,87,115,30,193
3,88,115,18,193
3,89,115,25,193
3,90,115,29,193
3,91,115,5,193
3,92,115,17,193
3,93,115,28,193
3,94,115,33,193
3,95,115,59,193
3,96,115,15,193
3,97,115,14,193
3,98,115,23,193
3,99,115,24,193
3,100,115,11,193
3,101,115,1,193
3,102,115,7,193
3,103,115,44,193
3,104,115,32,193
3,105,115,51,193
3,106,115,56,193
3,107,115,36,193
3,108,115,40,193
3,109,115,38,193
3,110,115,37,193
3,111,115,42,193
3,112,115,35,193
3,113,115,43,193
3,114,115,60,193
3,115,115,58,193
3,116,115,41,193
3,117,115,53,193
3,118,115,54,193
3,119,115,46,193
3,120,115,55,193
3,121,115,39,193
3,122,115,31,193
3,123,115,49,193
3,124,115,47,193
3,125,115,50,193
3,126,115,45,193
3,127,115,48,193
3,128,115,34,193
3,129,115,57,193
2,1,116,66,111
2,2,116,63,111
2,3,116,68,111
2,4,116,71,111
2,5,116,82,111
2,6,116,61,111
2,7,116,76,111
2,8,116,73,111
2,9,116,69,111
2,10,116,80,111
2,11,116,77,111
2,12,116,74,111
2,13,116,78,111
2,14,116,79,111
2,15,116,67,111
2,16,116,83,111
2,17,116,85,111
2,18,116,72,111
2,19,116,95,111
2,20,116,64,111
2,21,116,101,111
2,22,116,97,111
2,23,116,100,111
2,24,116,90,111
2,25,116,88,111
2,26,116,86,111
2,27,116,107,111
2,28,116,87,111
2,29,116,93,111
2,30,116,103,111
2,31,116,109,111
2,32,116,75,111
2,33,116,99,111
2,34,116,102,111
2,35,116,89,111
2,36,116,98,111
2,37,116,105,111
2,38,116,84,111
2,39,116,108,111
2,40,116,96,111
2,41,116,123,111
2,42,116,106,111
2,43,116,91,111
2,44,116,117,111
2,45,116,65,111
2,46,116,92,111
2,47,116,94,111
2,48,116,120,111
2,49,116,104,111
2,50,116,125,111
2,51,116,127,111
2,52,116,129,111
2,53,116,110,111
2,54,116,112,111
2,55,116,70,111
2,56,116,116,111
2,57,116,121,111
2,58,116,118,111
2,59,116,111,111
2,60,116,113,111
2,61,116,124,111
2,62,116,62,111
2,63,116,81,111
2,64,116,126,111
2,65,116,128,111
2,66,116,122,111
2,67,116,115,111
2,68,116,119,111
2,69,116,114,111
2,70,116,21,111
3,71,116,20,111
3,72,116,2,111
3,73,116,22,111
3,74,116,12,111
3,75,116,8,111
3,76,116,27,111
3,77,116,3,111
3,78,116,16,111
3,79,116,6,111
3,80,116,19,111
3,81,116,26,111
3,82,116,4,111
3,83,116,9,111
3,84,116,13,111
3,85,116,10,111
3,86,116,52,111
3,87,116,30,111
3,88,116,18,111
3,89,116,25,111
3,90,116,29,111
3,91,116,5,111
3,92,116,17,111
3,93,116,28,111
3,94,116,33,111
3,95,116,59,111
3,96,116,15,111
3,97,116,14,111
3,98,116,23,111
3,99,116,24,111
3,100,116,11,111
3,101,116,1,111
3,102,116,7,111
3,103,116,44,111
3,104,116,32,111
3,105,116,51,111
3,106,116,56,111
3,107,116,36,111
3,108,116,40,111
3,109,116,38,111
3,110,116,37,111
3,111,116,42,111
3,112,116,35,111
3,113,116,43,111
3,114,116,60,111
3,115,116,58,111
3,116,116,41,111
3,117,116,53,111
3,118,116,54,111
3,119,116,46,111
3,120,116,55,111
3,121,116,39,111
3,122,116,31,111
3,123,116,49,111
3,124,116,47,111
3,125,116,50,111
3,126,116,45,111
3,127,116,48,111
3,128,116,34,111
3,129,116,57,111
2,1,117,66,8
2,2,117,63,8
2,3,117,68,8
2,4,117,71,8
2,5,117,82,8
2,6,117,61,8
2,7,117,76,8
2,8,117,73,8
2,9,117,69,8
2,10,117,80,8
2,11,117,77,8
2,12,117,74,8
2,13,117,78,8
2,14,117,79,8
2,15,117,67,8
2,16,117,83,8
2,17,117,85,8
2,18,117,72,8
2,19,117,95,8
2,20,117,64,8
2,21,117,101,8
2,22,117,97,8
2,23,117,100,8
2,24,117,90,8
2,25,117,88,8
2,26,117,86,8
2,27,117,107,8
2,28,117,87,8
2,29,117,93,8
2,30,117,103,8
2,31,117,109,8
2,32,117,75,8
2,33,117,99,8
2,34,117,102,8
2,35,117,89,8
2,36,117,98,8
2,37,117,105,8
2,38,117,84,8
2,39,117,108,8
2,40,117,96,8
2,41,117,123,8
2,42,117,106,8
2,43,117,91,8
2,44,117,117,8
2,45,117,65,8
2,46,117,92,8
2,47,117,94,8
2,48,117,120,8
2,49,117,104,8
2,50,117,125,8
2,51,117,127,8
2,52,117,129,8
2,53,117,110,8
2,54,117,112,8
2,55,117,70,8
2,56,117,116,8
2,57,117,121,8
2,58,117,118,8
2,59,117,111,8
2,60,117,113,8
2,61,117,124,8
2,62,117,62,8
2,63,117,81,8
2,64,117,126,8
2,65,117,128,8
2,66,117,122,8
2,67,117,115,8
2,68,117,119,8
2,69,117,114,8
2,70,117,21,8
3,71,117,20,8
3,72,117,2,8
3,73,117,22,8
3,74,117,12,8
3,75,117,8,8
3,76,117,27,8
3,77,117,3,8
3,78,117,16,8
3,79,117,6,8
3,80,117,19,8
3,81,117,26,8
3,82,117,4,8
3,83,117,9,8
3,84,117,13,8
3,85,117,10,8
3,86,117,52,8
3,87,117,30,8
3,88,117,18,8
3,89,117,25,8
3,90,117,29,8
3,91,117,5,8
3,92,117,17,8
3,93,117,28,8
3,94,117,33,8
3,95,117,59,8
3,96,117,15,8
3,97,117,14,8
3,98,117,23,8
3,99,117,24,8
3,100,117,11,8
3,101,117,1,8
3,102,117,7,8
3,103,117,44,8
3,104,117,32,8
3,105,117,51,8
3,106,117,56,8
3,107,117,36,8
3,108,117,40,8
3,109,117,38,8
3,110,117,37,8
3,111,117,42,8
3,112,117,35,8
3,113,117,43,8
3,114,117,60,8
3,115,117,58,8
3,116,117,41,8
3,117,117,53,8
3,118,117,54,8
3,119,117,46,8
3,120,117,55,8
3,121,117,39,8
3,122,117,31,8
3,123,117,49,8
3,124,117,47,8
3,125,117,50,8
3,126,117,45,8
3,127,117,48,8
3,128,117,34,8
3,129,117,57,8
2,1,118,66,120
2,2,118,63,120
2,3,118,68,120
2,4,118,71,120
2,5,118,82,120
2,6,118,61,120
2,7,118,76,120
2,8,118,73,120
2,9,118,69,120
2,10,118,80,120
2,11,118,77,120
2,12,118,74,120
2,13,118,78,120
2,14,118,79,120
2,15,118,67,120
2,16,118,83,120
2,17,118,85,120
2,18,118,72,120
2,19,118,95,120
2,20,118,64,120
2,21,118,101,120
2,22,118,97,120
2,23,118,100,120
2,24,118,90,120
2,25,118,88,120
2,26,118,86,120
2,27,118,107,120
2,28,118,87,120
2,29,118,93,120
2,30,118,103,120
2,31,118,109,120
2,32,118,75,120
2,33,118,99,120
2,34,118,102,120
2,35,118,89,120
2,36,118,98,120
2,37,118,105,120
2,38,118,84,120
2,39,118,108,120
2,40,118,96,120
2,41,118,123,120
2,42,118,106,120
2,43,118,91,120
2,44,118,117,120
2,45,118,65,120
2,46,118,92,120
2,47,118,94,120
2,48,118,120,120
2,49,118,104,120
2,50,118,125,120
2,51,118,127,120
2,52,118,129,120
2,53,118,110,120
2,54,118,112,120
2,55,118,70,120
2,56,118,116,120
2,57,118,121,120
2,58,118,118,120
2,59,118,111,120
2,60,118,113,120
2,61,118,124,120
2,62,118,62,120
2,63,118,81,120
2,64,118,126,120
2,65,118,128,120
2,66,118,122,120
2,67,118,115,120
2,68,118,119,120
2,69,118,114,120
2,70,118,21,120
3,71,118,20,120
3,72,118,2,120
3,73,118,22,120
3,74,118,12,120
3,75,118,8,120
3,76,118,27,120
3,77,118,3,120
3,78,118,16,120
3,79,118,6,120
3,80,118,19,120
3,81,118,26,120
3,82,118,4,120
3,83,118,9,120
3,84,118,13,120
3,85,118,10,120
3,86,118,52,120
3,87,118,30,120
3,88,118,18,120
3,89,118,25,120
3,90,118,29,120
3,91,118,5,120
3,92,118,17,120
3,93,118,28,120
3,94,118,33,120
3,95,118,59,120
3,96,118,15,120
3,97,118,14,120
3,98,118,23,120
3,99,118,24,120
3,100,118,11,120
3,101,118,1,120
3,102,118,7,120
3,103,118,44,120
3,104,118,32,120
3,105,118,51,120
3,106,118,56,120
3,107,118,36,120
3,108,118,40,120
3,109,118,38,120
3,110,118,37,120
3,111,118,42,120
3,112,118,35,120
3,113,118,43,120
3,114,118,60,120
3,115,118,58,120
3,116,118,41,120
3,117,118,53,120
3,118,118,54,120
3,119,118,46,120
3,120,118,55,120
3,121,118,39,120
3,122,118,31,120
3,123,118,49,120
3,124,118,47,120
3,125,118,50,120
3,126,118,45,120
3,127,118,48,120
3,128,118,34,120
3,129,118,57,120
2,1,119,66,133
2,2,119,63,133
2,3,119,68,133
2,4,119,71,133
2,5,119,82,133
2,6,119,61,133
2,7,119,76,133
2,8,119,73,133
2,9,119,69,133
2,10,119,80,133
2,11,119,77,133
2,12,119,74,133
2,13,119,78,133
2,14,119,79,133
2,15,119,67,133
2,16,119,83,133
2,17,119,85,133
2,18,119,72,133
2,19,119,95,133
2,20,119,64,133
2,21,119,101,133
2,22,119,97,133
2,23,119,100,133
2,24,119,90,133
2,25,119,88,133
2,26,119,86,133
2,27,119,107,133
2,28,119,87,133
2,29,119,93,133
2,30,119,103,133
2,31,119,109,133
2,32,119,75,133
2,33,119,99,133
2,34,119,102,133
2,35,119,89,133
2,36,119,98,133
2,37,119,105,133
2,38,119,84,133
2,39,119,108,133
2,40,119,96,133
2,41,119,123,133
2,42,119,106,133
2,43,119,91,133
2,44,119,117,133
2,45,119,65,133
2,46,119,92,133
2,47,119,94,133
2,48,119,120,133
2,49,119,104,133
2,50,119,125,133
2,51,119,127,133
2,52,119,129,133
2,53,119,110,133
2,54,119,112,133
2,55,119,70,133
2,56,119,116,133
2,57,119,121,133
2,58,119,118,133
2,59,119,111,133
2,60,119,113,133
2,61,119,124,133
2,62,119,62,133
2,63,119,81,133
2,64,119,126,133
2,65,119,128,133
2,66,119,122,133
2,67,119,115,133
2,68,119,119,133
2,69,119,114,133
2,70,119,21,133
3,71,119,20,133
3,72,119,2,133
3,73,119,22,133
3,74,119,12,133
3,75,119,8,133
3,76,119,27,133
3,77,119,3,133
3,78,119,16,133
3,79,119,6,133
3,80,119,19,133
3,81,119,26,133
3,82,119,4,133
3,83,119,9,133
3,84,119,13,133
3,85,119,10,133
3,86,119,52,133
3,87,119,30,133
3,88,119,18,133
3,89,119,25,133
3,90,119,29,133
3,91,119,5,133
3,92,119,17,133
3,93,119,28,133
3,94,119,33,133
3,95,119,59,133
3,96,119,15,133
3,97,119,14,133
3,98,119,23,133
3,99,119,24,133
3,100,119,11,133
3,101,119,1,133
3,102,119,7,133
3,103,119,44,133
3,104,119,32,133
3,105,119,51,133
3,106,119,56,133
3,107,119,36,133
3,108,119,40,133
3,109,119,38,133
3,110,119,37,133
3,111,119,42,133
3,112,119,35,133
3,113,119,43,133
3,114,119,60,133
3,115,119,58,133
3,116,119,41,133
3,117,119,53,133
3,118,119,54,133
3,119,119,46,133
3,120,119,55,133
3,121,119,39,133
3,122,119,31,133
3,123,119,49,133
3,124,119,47,133
3,125,119,50,133
3,126,119,45,133
3,127,119,48,133
3,128,119,34,133
3,129,119,57,133
2,1,120,66,121
2,2,120,63,121
2,3,120,68,121
2,4,120,71,121
2,5,120,82,121
2,6,120,61,121
2,7,120,76,121
2,8,120,73,121
2,9,120,69,121
2,10,120,80,121
2,11,120,77,121
2,12,120,74,121
2,13,120,78,121
2,14,120,79,121
2,15,120,67,121
2,16,120,83,121
2,17,120,85,121
2,18,120,72,121
2,19,120,95,121
2,20,120,64,121
2,21,120,101,121
2,22,120,97,121
2,23,120,100,121
2,24,120,90,121
2,25,120,88,121
2,26,120,86,121
2,27,120,107,121
2,28,120,87,121
2,29,120,93,121
2,30,120,103,121
2,31,120,109,121
2,32,120,75,121
2,33,120,99,121
2,34,120,102,121
2,35,120,89,121
2,36,120,98,121
2,37,120,105,121
2,38,120,84,121
2,39,120,108,121
2,40,120,96,121
2,41,120,123,121
2,42,120,106,121
2,43,120,91,121
2,44,120,117,121
2,45,120,65,121
2,46,120,92,121
2,47,120,94,121
2,48,120,120,121
2,49,120,104,121
2,50,120,125,121
2,51,120,127,121
2,52,120,129,121
2,53,120,110,121
2,54,120,112,121
2,55,120,70,121
2,56,120,116,121
2,57,120,121,121
2,58,120,118,121
2,59,120,111,121
2,60,120,113,121
2,61,120,124,121
2,62,120,62,121
2,63,120,81,121
2,64,120,126,121
2,65,120,128,121
2,66,120,122,121
2,67,120,115,121
2,68,120,119,121
2,69,120,114,121
2,70,120,21,121
3,71,120,20,121
3,72,120,2,121
3,73,120,22,121
3,74,120,12,121
3,75,120,8,121
3,76,120,27,121
3,77,120,3,121
3,78,120,16,121
3,79,120,6,121
3,80,120,19,121
3,81,120,26,121
3,82,120,4,121
3,83,120,9,121
3,84,120,13,121
3,85,120,10,121
3,86,120,52,121
3,87,120,30,121
3,88,120,18,121
3,89,120,25,121
3,90,120,29,121
3,91,120,5,121
3,92,120,17,121
3,93,120,28,121
3,94,120,33,121
3,95,120,59,121
3,96,120,15,121
3,97,120,14,121
3,98,120,23,121
3,99,120,24,121
3,100,120,11,121
3,101,120,1,121
3,102,120,7,121
3,103,120,44,121
3,104,120,32,121
3,105,120,51,121
3,106,120,56,121
3,107,120,36,121
3,108,120,40,121
3,109,120,38,121
3,110,120,37,121
3,111,120,42,121
3,112,120,35,121
3,113,120,43,121
3,114,120,60,121
3,115,120,58,121
3,116,120,41,121
3,117,120,53,121
3,118,120,54,121
3,119,120,46,121
3,120,120,55,121
3,121,120,39,121
3,122,120,31,121
3,123,120,49,121
3,124,120,47,121
3,125,120,50,121
3,126,120,45,121
3,127,120,48,121
3,128,120,34,121
3,129,120,57,121
2,1,121,66,189
2,2,121,63,189
2,3,121,68,189
2,4,121,71,189
2,5,121,82,189
2,6,121,61,189
2,7,121,76,189
2,8,121,73,189
2,9,121,69,189
2,10,121,80,189
2,11,121,77,189
2,12,121,74,189
2,13,121,78,189
2,14,121,79,189
2,15,121,67,189
2,16,121,83,189
2,17,121,85,189
2,18,121,72,189
2,19,121,95,189
2,20,121,64,189
2,21,121,101,189
2,22,121,97,189
2,23,121,100,189
2,24,121,90,189
2,25,121,88,189
2,26,121,86,189
2,27,121,107,189
2,28,121,87,189
2,29,121,93,189
2,30,121,103,189
2,31,121,109,189
2,32,121,75,189
2,33,121,99,189
2,34,121,102,189
2,35,121,89,189
2,36,121,98,189
2,37,121,105,189
2,38,121,84,189
2,39,121,108,189
2,40,121,96,189
2,41,121,123,189
2,42,121,106,189
2,43,121,91,189
2,44,121,117,189
2,45,121,65,189
2,46,121,92,189
2,47,121,94,189
2,48,121,120,189
2,49,121,104,189
2,50,121,125,189
2,51,121,127,189
2,52,121,129,189
2,53,121,110,189
2,54,121,112,189
2,55,121,70,189
2,56,121,116,189
2,57,121,121,189
2,58,121,118,189
2,59,121,111,189
2,60,121,113,189
2,61,121,124,189
2,62,121,62,189
2,63,121,81,189
2,64,121,126,189
2,65,121,128,189
2,66,121,122,189
2,67,121,115,189
2,68,121,119,189
2,69,121,114,189
2,70,121,21,189
3,71,121,20,189
3,72,121,2,189
3,73,121,22,189
3,74,121,12,189
3,75,121,8,189
3,76,121,27,189
3,77,121,3,189
3,78,121,16,189
3,79,121,6,189
3,80,121,19,189
3,81,121,26,189
3,82,121,4,189
3,83,121,9,189
3,84,121,13,189
3,85,121,10,189
3,86,121,52,189
3,87,121,30,189
3,88,121,18,189
3,89,121,25,189
3,90,121,29,189
3,91,121,5,189
3,92,121,17,189
3,93,121,28,189
3,94,121,33,189
3,95,121,59,189
3,96,121,15,189
3,97,121,14,189
3,98,121,23,189
3,99,121,24,189
3,100,121,11,189
3,101,121,1,189
3,102,121,7,189
3,103,121,44,189
3,104,121,32,189
3,105,121,51,189
3,106,121,56,189
3,107,121,36,189
3,108,121,40,189
3,109,121,38,189
3,110,121,37,189
3,111,121,42,189
3,112,121,35,189
3,113,121,43,189
3,114,121,60,189
3,115,121,58,189
3,116,121,41,189
3,117,121,53,189
3,118,121,54,189
3,119,121,46,189
3,120,121,55,189
3,121,121,39,189
3,122,121,31,189
3,123,121,49,189
3,124,121,47,189
3,125,121,50,189
3,126,121,45,189
3,127,121,48,189
3,128,121,34,189
3,129,121,57,189
2,1,122,66,108
2,2,122,63,108
2,3,122,68,108
2,4,122,71,108
2,5,122,82,108
2,6,122,61,108
2,7,122,76,108
2,8,122,73,108
2,9,122,69,108
2,10,122,80,108
2,11,122,77,108
2,12,122,74,108
2,13,122,78,108
2,14,122,79,108
2,15,122,67,108
2,16,122,83,108
2,17,122,85,108
2,18,122,72,108
2,19,122,95,108
2,20,122,64,108
2,21,122,101,108
2,22,122,97,108
2,23,122,100,108
2,24,122,90,108
2,25,122,88,108
2,26,122,86,108
2,27,122,107,108
2,28,122,87,108
2,29,122,93,108
2,30,122,103,108
2,31,122,109,108
2,32,122,75,108
2,33,122,99,108
2,34,122,102,108
2,35,122,89,108
2,36,122,98,108
2,37,122,105,108
2,38,122,84,108
2,39,122,108,108
2,40,122,96,108
2,41,122,123,108
2,42,122,106,108
2,43,122,91,108
2,44,122,117,108
2,45,122,65,108
2,46,122,92,108
2,47,122,94,108
2,48,122,120,108
2,49,122,104,108
2,50,122,125,108
2,51,122,127,108
2,52,122,129,108
2,53,122,110,108
2,54,122,112,108
2,55,122,70,108
2,56,122,116,108
2,57,122,121,108
2,58,122,118,108
2,59,122,111,108
2,60,122,113,108
2,61,122,124,108
2,62,122,62,108
2,63,122,81,108
2,64,122,126,108
2,65,122,128,108
2,66,122,122,108
2,67,122,115,108
2,68,122,119,108
2,69,122,114,108
2,70,122,21,108
3,71,122,20,108
3,72,122,2,108
3,73,122,22,108
3,74,122,12,108
3,75,122,8,108
3,76,122,27,108
3,77,122,3,108
3,78,122,16,108
3,79,122,6,108
3,80,122,19,108
3,81,122,26,108
3,82,122,4,108
3,83,122,9,108
3,84,122,13,108
3,85,122,10,108
3,86,122,52,108
3,87,122,30,108
3,88,122,18,108
3,89,122,25,108
3,90,122,29,108
3,91,122,5,108
3,92,122,17,108
3,93,122,28,108
3,94,122,33,108
3,95,122,59,108
3,96,122,15,108
3,97,122,14,108
3,98,122,23,108
3,99,122,24,108
3,100,122,11,108
3,101,122,1,108
3,102,122,7,108
3,103,122,44,108
3,104,122,32,108
3,105,122,51,108
3,106,122,56,108
3,107,122,36,108
3,108,122,40,108
3,109,122,38,108
3,110,122,37,108
3,111,122,42,108
3,112,122,35,108
3,113,122,43,108
3,114,122,60,108
3,115,122,58,108
3,116,122,41,108
3,117,122,53,108
3,118,122,54,108
3,119,122,46,108
3,120,122,55,108
3,121,122,39,108
3,122,122,31,108
3,123,122,49,108
3,124,122,47,108
3,125,122,50,108
3,126,122,45,108
3,127,122,48,108
3,128,122,34,108
3,129,122,57,108
2,1,123,66,55
2,2,123,63,55
2,3,123,68,55
2,4,123,71,55
2,5,123,82,55
2,6,123,61,55
2,7,123,76,55
2,8,123,73,55
2,9,123,69,55
2,10,123,80,55
2,11,123,77,55
2,12,123,74,55
2,13,123,78,55
2,14,123,79,55
2,15,123,67,55
2,16,123,83,55
2,17,123,85,55
2,18,123,72,55
2,19,123,95,55
2,20,123,64,55
2,21,123,101,55
2,22,123,97,55
2,23,123,100,55
2,24,123,90,55
2,25,123,88,55
2,26,123,86,55
2,27,123,107,55
2,28,123,87,55
2,29,123,93,55
2,30,123,103,55
2,31,123,109,55
2,32,123,75,55
2,33,123,99,55
2,34,123,102,55
2,35,123,89,55
2,36,123,98,55
2,37,123,105,55
2,38,123,84,55
2,39,123,108,55
2,40,123,96,55
2,41,123,123,55
2,42,123,106,55
2,43,123,91,55
2,44,123,117,55
2,45,123,65,55
2,46,123,92,55
2,47,123,94,55
2,48,123,120,55
2,49,123,104,55
2,50,123,125,55
2,51,123,127,55
2,52,123,129,55
2,53,123,110,55
2,54,123,112,55
2,55,123,70,55
2,56,123,116,55
2,57,123,121,55
2,58,123,118,55
2,59,123,111,55
2,60,123,113,55
2,61,123,124,55
2,62,123,62,55
2,63,123,81,55
2,64,123,126,55
2,65,123,128,55
2,66,123,122,55
2,67,123,115,55
2,68,123,119,55
2,69,123,114,55
2,70,123,21,55
3,71,123,20,55
3,72,123,2,55
3,73,123,22,55
3,74,123,12,55
3,75,123,8,55
3,76,123,27,55
3,77,123,3,55
3,78,123,16,55
3,79,123,6,55
3,80,123,19,55
3,81,123,26,55
3,82,123,4,55
3,83,123,9,55
3,84,123,13,55
3,85,123,10,55
3,86,123,52,55
3,87,123,30,55
3,88,123,18,55
3,89,123,25,55
3,90,123,29,55
3,91,123,5,55
3,92,123,17,55
3,93,123,28,55
3,94,123,33,55
3,95,123,59,55
3,96,123,15,55
3,97,123,14,55
3,98,123,23,55
3,99,123,24,55
3,100,123,11,55
3,101,123,1,55
3,102,123,7,55
3,103,123,44,55
3,104,123,32,55
3,105,123,51,55
3,106,123,56,55
3,107,123,36,55
3,108,123,40,55
3,109,123,38,55
3,110,123,37,55
3,111,123,42,55
3,112,123,35,55
3,113,123,43,55
3,114,123,60,55
3,115,123,58,55
3,116,123,41,55
3,117,123,53,55
3,118,123,54,55
3,119,123,46,55
3,120,123,55,55
3,121,123,39,55
3,122,123,31,55
3,123,123,49,55
3,124,123,47,55
3,125,123,50,55
3,126,123,45,55
3,127,123,48,55
3,128,123,34,55
3,129,123,57,55
2,1,124,66,183
2,2,124,63,183
2,3,124,68,183
2,4,124,71,183
2,5,124,82,183
2,6,124,61,183
2,7,124,76,183
2,8,124,73,183
2,9,124,69,183
2,10,124,80,183
2,11,124,77,183
2,12,124,74,183
2,13,124,78,183
2,14,124,79,183
2,15,124,67,183
2,16,124,83,183
2,17,124,85,183
2,18,124,72,183
2,19,124,95,183
2,20,124,64,183
2,21,124,101,183
2,22,124,97,183
2,23,124,100,183
2,24,124,90,183
2,25,124,88,183
2,26,124,86,183
2,27,124,107,183
2,28,124,87,183
2,29,124,93,183
2,30,124,103,183
2,31,124,109,183
2,32,124,75,183
2,33,124,99,183
2,34,124,102,183
2,35,124,89,183
2,36,124,98,183
2,37,124,105,183
2,38,124,84,183
2,39,124,108,183
2,40,124,96,183
2,41,124,123,183
2,42,124,106,183
2,43,124,91,183
2,44,124,117,183
2,45,124,65,183
2,46,124,92,183
2,47,124,94,183
2,48,124,120,183
2,49,124,104,183
2,50,124,125,183
2,51,124,127,183
2,52,124,129,183
2,53,124,110,183
2,54,124,112,183
2,55,124,70,183
2,56,124,116,183
2,57,124,121,183
2,58,124,118,183
2,59,124,111,183
2,60,124,113,183
2,61,124,124,183
2,62,124,62,183
2,63,124,81,183
2,64,124,126,183
2,65,124,128,183
2,66,124,122,183
2,67,124,115,183
2,68,124,119,183
2,69,124,114,183
2,70,124,21,183
3,71,124,20,183
3,72,124,2,183
3,73,124,22,183
3,74,124,12,183
3,75,124,8,183
3,76,124,27,183
3,77,124,3,183
3,78,124,16,183
3,79,124,6,183
3,80,124,19,183
3,81,124,26,183
3,82,124,4,183
3,83,124,9,183
3,84,124,13,183
3,85,124,10,183
3,86,124,52,183
3,87,124,30,183
3,88,124,18,183
3,89,124,25,183
3,90,124,29,183
3,91,124,5,183
3,92,124,17,183
3,93,124,28,183
3,94,124,33,183
3,95,124,59,183
3,96,124,15,183
3,97,124,14,183
3,98,124,23,183
3,99,124,24,183
3,100,124,11,183
3,101,124,1,183
3,102,124,7,183
3,103,124,44,183
3,104,124,32,183
3,105,124,51,183
3,106,124,56,183
3,107,124,36,183
3,108,124,40,183
3,109,124,38,183
3,110,124,37,183
3,111,124,42,183
3,112,124,35,183
3,113,124,43,183
3,114,124,60,183
3,115,124,58,183
3,116,124,41,183
3,117,124,53,183
3,118,124,54,183
3,119,124,46,183
3,120,124,55,183
3,121,124,39,183
3,122,124,31,183
3,123,124,49,183
3,124,124,47,183
3,125,124,50,183
3,126,124,45,183
3,127,124,48,183
3,128,124,34,183
3,129,124,57,183
2,1,125,66,29
2,2,125,63,29
2,3,125,68,29
2,4,125,71,29
2,5,125,82,29
2,6,125,61,29
2,7,125,76,29
2,8,125,73,29
2,9,125,69,29
2,10,125,80,29
2,11,125,77,29
2,12,125,74,29
2,13,125,78,29
2,14,125,79,29
2,15,125,67,29
2,16,125,83,29
2,17,125,85,29
2,18,125,72,29
2,19,125,95,29
2,20,125,64,29
2,21,125,101,29
2,22,125,97,29
2,23,125,100,29
2,24,125,90,29
2,25,125,88,29
2,26,125,86,29
2,27,125,107,29
2,28,125,87,29
2,29,125,93,29
2,30,125,103,29
2,31,125,109,29
2,32,125,75,29
2,33,125,99,29
2,34,125,102,29
2,35,125,89,29
2,36,125,98,29
2,37,125,105,29
2,38,125,84,29
2,39,125,108,29
2,40,125,96,29
2,41,125,123,29
2,42,125,106,29
2,43,125,91,29
2,44,125,117,29
2,45,125,65,29
2,46,125,92,29
2,47,125,94,29
2,48,125,120,29
2,49,125,104,29
2,50,125,125,29
2,51,125,127,29
2,52,125,129,29
2,53,125,110,29
2,54,125,112,29
2,55,125,70,29
2,56,125,116,29
2,57,125,121,29
2,58,125,118,29
2,59,125,111,29
2,60,125,113,29
2,61,125,124,29
2,62,125,62,29
2,63,125,81,29
2,64,125,126,29
2,65,125,128,29
2,66,125,122,29
2,67,125,115,29
2,68,125,119,29
2,69,125,114,29
2,70,125,21,29
3,71,125,20,29
3,72,125,2,29
3,73,125,22,29
3,74,125,12,29
3,75,125,8,29
3,76,125,27,29
3,77,125,3,29
3,78,125,16,29
3,79,125,6,29
3,80,125,19,29
3,81,125,26,29
3,82,125,4,29
3,83,125,9,29
3,84,125,13,29
3,85,125,10,29
3,86,125,52,29
3,87,125,30,29
3,88,125,18,29
3,89,125,25,29
3,90,125,29,29
3,91,125,5,29
3,92,125,17,29
3,93,125,28,29
3,94,125,33,29
3,95,125,59,29
3,96,125,15,29
3,97,125,14,29
3,98,125,23,29
3,99,125,24,29
3,100,125,11,29
3,101,125,1,29
3,102,125,7,29
3,103,125,44,29
3,104,125,32,29
3,105,125,51,29
3,106,125,56,29
3,107,125,36,29
3,108,125,40,29
3,109,125,38,29
3,110,125,37,29
3,111,125,42,29
3,112,125,35,29
3,113,125,43,29
3,114,125,60,29
3,115,125,58,29
3,116,125,41,29
3,117,125,53,29
3,118,125,54,29
3,119,125,46,29
3,120,125,55,29
3,121,125,39,29
3,122,125,31,29
3,123,125,49,29
3,124,125,47,29
3,125,125,50,29
3,126,125,45,29
3,127,125,48,29
3,128,125,34,29
3,129,125,57,29
2,1,126,66,196
2,2,126,63,196
2,3,126,68,196
2,4,126,71,196
2,5,126,82,196
2,6,126,61,196
2,7,126,76,196
2,8,126,73,196
2,9,126,69,196
2,10,126,80,196
2,11,126,77,196
2,12,126,74,196
2,13,126,78,196
2,14,126,79,196
2,15,126,67,196
2,16,126,83,196
2,17,126,85,196
2,18,126,72,196
2,19,126,95,196
2,20,126,64,196
2,21,126,101,196
2,22,126,97,196
2,23,126,100,196
2,24,126,90,196
2,25,126,88,196
2,26,126,86,196
2,27,126,107,196
2,28,126,87,196
2,29,126,93,196
2,30,126,103,196
2,31,126,109,196
2,32,126,75,196
2,33,126,99,196
2,34,126,102,196
2,35,126,89,196
2,36,126,98,196
2,37,126,105,196
2,38,126,84,196
2,39,126,108,196
2,40,126,96,196
2,41,126,123,196
2,42,126,106,196
2,43,126,91,196
2,44,126,117,196
2,45,126,65,196
2,46,126,92,196
2,47,126,94,196
2,48,126,120,196
2,49,126,104,196
2,50,126,125,196
2,51,126,127,196
2,52,126,129,196
2,53,126,110,196
2,54,126,112,196
2,55,126,70,196
2,56,126,116,196
2,57,126,121,196
2,58,126,118,196
2,59,126,111,196
2,60,126,113,196
2,61,126,124,196
2,62,126,62,196
2,63,126,81,196
2,64,126,126,196
2,65,126,128,196
2,66,126,122,196
2,67,126,115,196
2,68,126,119,196
2,69,126,114,196
2,70,126,21,196
3,71,126,20,196
3,72,126,2,196
3,73,126,22,196
3,74,126,12,196
3,75,126,8,196
3,76,126,27,196
3,77,126,3,196
3,78,126,16,196
3,79,126,6,196
3,80,126,19,196
3,81,126,26,196
3,82,126,4,196
3,83,126,9,196
3,84,126,13,196
3,85,126,10,196
3,86,126,52,196
3,87,126,30,196
3,88,126,18,196
3,89,126,25,196
3,90,126,29,196
3,91,126,5,196
3,92,126,17,196
3,93,126,28,196
3,94,126,33,196
3,95,126,59,196
3,96,126,15,196
3,97,126,14,196
3,98,126,23,196
3,99,126,24,196
3,100,126,11,196
3,101,126,1,196
3,102,126,7,196
3,103,126,44,196
3,104,126,32,196
3,105,126,51,196
3,106,126,56,196
3,107,126,36,196
3,108,126,40,196
3,109,126,38,196
3,110,126,37,196
3,111,126,42,196
3,112,126,35,196
3,113,126,43,196
3,114,126,60,196
3,115,126,58,196
3,116,126,41,196
3,117,126,53,196
3,118,126,54,196
3,119,126,46,196
3,120,126,55,196
3,121,126,39,196
3,122,126,31,196
3,123,126,49,196
3,124,126,47,196
3,125,126,50,196
3,126,126,45,196
3,127,126,48,196
3,128,126,34,196
3,129,126,57,196
2,1,127,66,115
2,2,127,63,115
2,3,127,68,115
2,4,127,71,115
2,5,127,82,115
2,6,127,61,115
2,7,127,76,115
2,8,127,73,115
2,9,127,69,115
2,10,127,80,115
2,11,127,77,115
2,12,127,74,115
2,13,127,78,115
2,14,127,79,115
2,15,127,67,115
2,16,127,83,115
2,17,127,85,115
2,18,127,72,115
2,19,127,95,115
2,20,127,64,115
2,21,127,101,115
2,22,127,97,115
2,23,127,100,115
2,24,127,90,115
2,25,127,88,115
2,26,127,86,115
2,27,127,107,115
2,28,127,87,115
2,29,127,93,115
2,30,127,103,115
2,31,127,109,115
2,32,127,75,115
2,33,127,99,115
2,34,127,102,115
2,35,127,89,115
2,36,127,98,115
2,37,127,105,115
2,38,127,84,115
2,39,127,108,115
2,40,127,96,115
2,41,127,123,115
2,42,127,106,115
2,43,127,91,115
2,44,127,117,115
2,45,127,65,115
2,46,127,92,115
2,47,127,94,115
2,48,127,120,115
2,49,127,104,115
2,50,127,125,115
2,51,127,127,115
2,52,127,129,115
2,53,127,110,115
2,54,127,112,115
2,55,127,70,115
2,56,127,116,115
2,57,127,121,115
2,58,127,118,115
2,59,127,111,115
2,60,127,113,115
2,61,127,124,115
2,62,127,62,115
2,63,127,81,115
2,64,127,126,115
2,65,127,128,115
2,66,127,122,115
2,67,127,115,115
2,68,127,119,115
2,69,127,114,115
2,70,127,21,115
3,71,127,20,115
3,72,127,2,115
3,73,127,22,115
3,74,127,12,115
3,75,127,8,115
3,76,127,27,115
3,77,127,3,115
3,78,127,16,115
3,79,127,6,115
3,80,127,19,115
3,81,127,26,115
3,82,127,4,115
3,83,127,9,115
3,84,127,13,115
3,85,127,10,115
3,86,127,52,115
3,87,127,30,115
3,88,127,18,115
3,89,127,25,115
3,90,127,29,115
3,91,127,5,115
3,92,127,17,115
3,93,127,28,115
3,94,127,33,115
3,95,127,59,115
3,96,127,15,115
3,97,127,14,115
3,98,127,23,115
3,99,127,24,115
3,100,127,11,115
3,101,127,1,115
3,102,127,7,115
3,103,127,44,115
3,104,127,32,115
3,105,127,51,115
3,106,127,56,115
3,107,127,36,115
3,108,127,40,115
3,109,127,38,115
3,110,127,37,115
3,111,127,42,115
3,112,127,35,115
3,113,127,43,115
3,114,127,60,115
3,115,127,58,115
3,116,127,41,115
3,117,127,53,115
3,118,127,54,115
3,119,127,46,115
3,120,127,55,115
3,121,127,39,115
3,122,127,31,115
3,123,127,49,115
3,124,127,47,115
3,125,127,50,115
3,126,127,45,115
3,127,127,48,115
3,128,127,34,115
3,129,127,57,115
2,1,128,66,225
2,2,128,63,225
2,3,128,68,225
2,4,128,71,225
2,5,128,82,225
2,6,128,61,225
2,7,128,76,225
2,8,128,73,225
2,9,128,69,225
2,10,128,80,225
2,11,128,77,225
2,12,128,74,225
2,13,128,78,225
2,14,128,79,225
2,15,128,67,225
2,16,128,83,225
2,17,128,85,225
2,18,128,72,225
2,19,128,95,225
2,20,128,64,225
2,21,128,101,225
2,22,128,97,225
2,23,128,100,225
2,24,128,90,225
2,25,128,88,225
2,26,128,86,225
2,27,128,107,225
2,28,128,87,225
2,29,128,93,225
2,30,128,103,225
2,31,128,109,225
2,32,128,75,225
2,33,128,99,225
2,34,128,102,225
2,35,128,89,225
2,36,128,98,225
2,37,128,105,225
2,38,128,84,225
2,39,128,108,225
2,40,128,96,225
2,41,128,123,225
2,42,128,106,225
2,43,128,91,225
2,44,128,117,225
2,45,128,65,225
2,46,128,92,225
2,47,128,94,225
2,48,128,120,225
2,49,128,104,225
2,50,128,125,225
2,51,128,127,225
2,52,128,129,225
2,53,128,110,225
2,54,128,112,225
2,55,128,70,225
2,56,128,116,225
2,57,128,121,225
2,58,128,118,225
2,59,128,111,225
2,60,128,113,225
2,61,128,124,225
2,62,128,62,225
2,63,128,81,225
2,64,128,126,225
2,65,128,128,225
2,66,128,122,225
2,67,128,115,225
2,68,128,119,225
2,69,128,114,225
2,70,128,21,225
3,71,128,20,225
3,72,128,2,225
3,73,128,22,225
3,74,128,12,225
3,75,128,8,225
3,76,128,27,225
3,77,128,3,225
3,78,128,16,225
3,79,128,6,225
3,80,128,19,225
3,81,128,26,225
3,82,128,4,225
3,83,128,9,225
3,84,128,13,225
3,85,128,10,225
3,86,128,52,225
3,87,128,30,225
3,88,128,18,225
3,89,128,25,225
3,90,128,29,225
3,91,128,5,225
3,92,128,17,225
3,93,128,28,225
3,94,128,33,225
3,95,128,59,225
3,96,128,15,225
3,97,128,14,225
3,98,128,23,225
3,99,128,24,225
3,100,128,11,225
3,101,128,1,225
3,102,128,7,225
3,103,128,44,225
3,104,128,32,225
3,105,128,51,225
3,106,128,56,225
3,107,128,36,225
3,108,128,40,225
3,109,128,38,225
3,110,128,37,225
3,111,128,42,225
3,112,128,35,225
3,113,128,43,225
3,114,128,60,225
3,115,128,58,225
3,116,128,41,225
3,117,128,53,225
3,118,128,54,225
3,119,128,46,225
3,120,128,55,225
3,121,128,39,225
3,122,128,31,225
3,123,128,49,225
3,124,128,47,225
3,125,128,50,225
3,126,128,45,225
3,127,128,48,225
3,128,128,34,225
3,129,128,57,225
2,1,129,66,25
2,2,129,63,25
2,3,129,68,25
2,4,129,71,25
2,5,129,82,25
2,6,129,61,25
2,7,129,76,25
2,8,129,73,25
2,9,129,69,25
2,10,129,80,25
2,11,129,77,25
2,12,129,74,25
2,13,129,78,25
2,14,129,79,25
2,15,129,67,25
2,16,129,83,25
2,17,129,85,25
2,18,129,72,25
2,19,129,95,25
2,20,129,64,25
2,21,129,101,25
2,22,129,97,25
2,23,129,100,25
2,24,129,90,25
2,25,129,88,25
2,26,129,86,25
2,27,129,107,25
2,28,129,87,25
2,29,129,93,25
2,30,129,103,25
2,31,129,109,25
2,32,129,75,25
2,33,129,99,25
2,34,129,102,25
2,35,129,89,25
2,36,129,98,25
2,37,129,105,25
2,38,129,84,25
2,39,129,108,25
2,40,129,96,25
2,41,129,123,25
2,42,129,106,25
2,43,129,91,25
2,44,129,117,25
2,45,129,65,25
2,46,129,92,25
2,47,129,94,25
2,48,129,120,25
2,49,129,104,25
2,50,129,125,25
2,51,129,127,25
2,52,129,129,25
2,53,129,110,25
2,54,129,112,25
2,55,129,70,25
2,56,129,116,25
2,57,129,121,25
2,58,129,118,25
2,59,129,111,25
2,60,129,113,25
2,61,129,124,25
2,62,129,62,25
2,63,129,81,25
2,64,129,126,25
2,65,129,128,25
2,66,129,122,25
2,67,129,115,25
2,68,129,119,25
2,69,129,114,25
2,70,129,21,25
3,71,129,20,25
3,72,129,2,25
3,73,129,22,25
3,74,129,12,25
3,75,129,8,25
3,76,129,27,25
3,77,129,3,25
3,78,129,16,25
3,79,129,6,25
3,80,129,19,25
3,81,129,26,25
3,82,129,4,25
3,83,129,9,25
3,84,129,13,25
3,85,129,10,25
3,86,129,52,25
3,87,129,30,25
3,88,129,18,25
3,89,129,25,25
3,90,129,29,25
3,91,129,5,25
3,92,129,17,25
3,93,129,28,25
3,94,129,33,25
3,95,129,59,25
3,96,129,15,25
3,97,129,14,25
3,98,129,23,25
3,99,129,24,25
3,100,129,11,25
3,101,129,1,25
3,102,129,7,25
3,103,129,44,25
3,104,129,32,25
3,105,129,51,25
3,106,129,56,25
3,107,129,36,25
3,108,129,40,25
3,109,129,38,25
3,110,129,37,25
3,111,129,42,25
3,112,129,35,25
3,113,129,43,25
3,114,129,60,25
3,115,129,58,25
3,116,129,41,25
3,117,129,53,25
3,118,129,54,25
3,119,129,46,25
3,120,129,55,25
3,121,129,39,25
3,122,129,31,25
3,123,129,49,25
3,124,129,47,25
3,125,129,50,25
3,126,129,45,25
3,127,129,48,25
3,128,129,34,25
3,129,129,57,25
2,1,130,66,10
2,2,130,63,10
2,3,130,68,10
2,4,130,71,10
2,5,130,82,10
2,6,130,61,10
2,7,130,76,10
2,8,130,73,10
2,9,130,69,10
2,10,130,80,10
2,11,130,77,10
2,12,130,74,10
2,13,130,78,10
2,14,130,79,10
2,15,130,67,10
2,16,130,83,10
2,17,130,85,10
2,18,130,72,10
2,19,130,95,10
2,20,130,64,10
2,21,130,101,10
2,22,130,97,10
2,23,130,100,10
2,24,130,90,10
2,25,130,88,10
2,26,130,86,10
2,27,130,107,10
2,28,130,87,10
2,29,130,93,10
2,30,130,103,10
2,31,130,109,10
2,32,130,75,10
2,33,130,99,10
2,34,130,102,10
2,35,130,89,10
2,36,130,98,10
2,37,130,105,10
2,38,130,84,10
2,39,130,108,10
2,40,130,96,10
2,41,130,123,10
2,42,130,106,10
2,43,130,91,10
2,44,130,117,10
2,45,130,65,10
2,46,130,92,10
2,47,130,94,10
2,48,130,120,10
2,49,130,104,10
2,50,130,125,10
2,51,130,127,10
2,52,130,129,10
2,53,130,110,10
2,54,130,112,10
2,55,130,70,10
2,56,130,116,10
2,57,130,121,10
2,58,130,118,10
2,59,130,111,10
2,60,130,113,10
2,61,130,124,10
2,62,130,62,10
2,63,130,81,10
2,64,130,126,10
2,65,130,128,10
2,66,130,122,10
2,67,130,115,10
2,68,130,119,10
2,69,130,114,10
2,70,130,21,10
3,71,130,20,10
3,72,130,2,10
3,73,130,22,10
3,74,130,12,10
3,75,130,8,10
3,76,130,27,10
3,77,130,3,10
3,78,130,16,10
3,79,130,6,10
3,80,130,19,10
3,81,130,26,10
3,82,130,4,10
3,83,130,9,10
3,84,130,13,10
3,85,130,10,10
3,86,130,52,10
3,87,130,30,10
3,88,130,18,10
3,89,130,25,10
3,90,130,29,10
3,91,130,5,10
3,92,130,17,10
3,93,130,28,10
3,94,130,33,10
3,95,130,59,10
3,96,130,15,10
3,97,130,14,10
3,98,130,23,10
3,99,130,24,10
3,100,130,11,10
3,101,130,1,10
3,102,130,7,10
3,103,130,44,10
3,104,130,32,10
3,105,130,51,10
3,106,130,56,10
3,107,130,36,10
3,108,130,40,10
3,109,130,38,10
3,110,130,37,10
3,111,130,42,10
3,112,130,35,10
3,113,130,43,10
3,114,130,60,10
3,115,130,58,10
3,116,130,41,10
3,117,130,53,10
3,118,130,54,10
3,119,130,46,10
3,120,130,55,10
3,121,130,39,10
3,122,130,31,10
3,123,130,49,10
3,124,130,47,10
3,125,130,50,10
3,126,130,45,10
3,127,130,48,10
3,128,130,34,10
3,129,130,57,10
2,1,131,66,151
2,2,131,63,151
2,3,131,68,151
2,4,131,71,151
2,5,131,82,151
2,6,131,61,151
2,7,131,76,151
2,8,131,73,151
2,9,131,69,151
2,10,131,80,151
2,11,131,77,151
2,12,131,74,151
2,13,131,78,151
2,14,131,79,151
2,15,131,67,151
2,16,131,83,151
2,17,131,85,151
2,18,131,72,151
2,19,131,95,151
2,20,131,64,151
2,21,131,101,151
2,22,131,97,151
2,23,131,100,151
2,24,131,90,151
2,25,131,88,151
2,26,131,86,151
2,27,131,107,151
2,28,131,87,151
2,29,131,93,151
2,30,131,103,151
2,31,131,109,151
2,32,131,75,151
2,33,131,99,151
2,34,131,102,151
2,35,131,89,151
2,36,131,98,151
2,37,131,105,151
2,38,131,84,151
2,39,131,108,151
2,40,131,96,151
2,41,131,123,151
2,42,131,106,151
2,43,131,91,151
2,44,131,117,151
2,45,131,65,151
2,46,131,92,151
2,47,131,94,151
2,48,131,120,151
2,49,131,104,151
2,50,131,125,151
2,51,131,127,151
2,52,131,129,151
2,53,131,110,151
2,54,131,112,151
2,55,131,70,151
2,56,131,116,151
2,57,131,121,151
2,58,131,118,151
2,59,131,111,151
2,60,131,113,151
2,61,131,124,151
2,62,131,62,151
2,63,131,81,151
2,64,131,126,151
2,65,131,128,151
2,66,131,122,151
2,67,131,115,151
2,68,131,119,151
2,69,131,114,151
2,70,131,21,151
3,71,131,20,151
3,72,131,2,151
3,73,131,22,151
3,74,131,12,151
3,75,131,8,151
3,76,131,27,151
3,77,131,3,151
3,78,131,16,151
3,79,131,6,151
3,80,131,19,151
3,81,131,26,151
3,82,131,4,151
3,83,131,9,151
3,84,131,13,151
3,85,131,10,151
3,86,131,52,151
3,87,131,30,151
3,88,131,18,151
3,89,131,25,151
3,90,131,29,151
3,91,131,5,151
3,92,131,17,151
3,93,131,28,151
3,94,131,33,151
3,95,131,59,151
3,96,131,15,151
3,97,131,14,151
3,98,131,23,151
3,99,131,24,151
3,100,131,11,151
3,101,131,1,151
3,102,131,7,151
3,103,131,44,151
3,104,131,32,151
3,105,131,51,151
3,106,131,56,151
3,107,131,36,151
3,108,131,40,151
3,109,131,38,151
3,110,131,37,151
3,111,131,42,151
3,112,131,35,151
3,113,131,43,151
3,114,131,60,151
3,115,131,58,151
3,116,131,41,151
3,117,131,53,151
3,118,131,54,151
3,119,131,46,151
3,120,131,55,151
3,121,131,39,151
3,122,131,31,151
3,123,131,49,151
3,124,131,47,151
3,125,131,50,151
3,126,131,45,151
3,127,131,48,151
3,128,131,34,151
3,129,131,57,151
2,1,132,66,220
2,2,132,63,220
2,3,132,68,220
2,4,132,71,220
2,5,132,82,220
2,6,132,61,220
2,7,132,76,220
2,8,132,73,220
2,9,132,69,220
2,10,132,80,220
2,11,132,77,220
2,12,132,74,220
2,13,132,78,220
2,14,132,79,220
2,15,132,67,220
2,16,132,83,220
2,17,132,85,220
2,18,132,72,220
2,19,132,95,220
2,20,132,64,220
2,21,132,101,220
2,22,132,97,220
2,23,132,100,220
2,24,132,90,220
2,25,132,88,220
2,26,132,86,220
2,27,132,107,220
2,28,132,87,220
2,29,132,93,220
2,30,132,103,220
2,31,132,109,220
2,32,132,75,220
2,33,132,99,220
2,34,132,102,220
2,35,132,89,220
2,36,132,98,220
2,37,132,105,220
2,38,132,84,220
2,39,132,108,220
2,40,132,96,220
2,41,132,123,220
2,42,132,106,220
2,43,132,91,220
2,44,132,117,220
2,45,132,65,220
2,46,132,92,220
2,47,132,94,220
2,48,132,120,220
2,49,132,104,220
2,50,132,125,220
2,51,132,127,220
2,52,132,129,220
2,53,132,110,220
2,54,132,112,220
2,55,132,70,220
2,56,132,116,220
2,57,132,121,220
2,58,132,118,220
2,59,132,111,220
2,60,132,113,220
2,61,132,124,220
2,62,132,62,220
2,63,132,81,220
2,64,132,126,220
2,65,132,128,220
2,66,132,122,220
2,67,132,115,220
2,68,132,119,220
2,69,132,114,220
2,70,132,21,220
3,71,132,20,220
3,72,132,2,220
3,73,132,22,220
3,74,132,12,220
3,75,132,8,220
3,76,132,27,220
3,77,132,3,220
3,78,132,16,220
3,79,132,6,220
3,80,132,19,220
3,81,132,26,220
3,82,132,4,220
3,83,132,9,220
3,84,132,13,220
3,85,132,10,220
3,86,132,52,220
3,87,132,30,220
3,88,132,18,220
3,89,132,25,220
3,90,132,29,220
3,91,132,5,220
3,92,132,17,220
3,93,132,28,220
3,94,132,33,220
3,95,132,59,220
3,96,132,15,220
3,97,132,14,220
3,98,132,23,220
3,99,132,24,220
3,100,132,11,220
3,101,132,1,220
3,102,132,7,220
3,103,132,44,220
3,104,132,32,220
3,105,132,51,220
3,106,132,56,220
3,107,132,36,220
3,108,132,40,220
3,109,132,38,220
3,110,132,37,220
3,111,132,42,220
3,112,132,35,220
3,113,132,43,220
3,114,132,60,220
3,115,132,58,220
3,116,132,41,220
3,117,132,53,220
3,118,132,54,220
3,119,132,46,220
3,120,132,55,220
3,121,132,39,220
3,122,132,31,220
3,123,132,49,220
3,124,132,47,220
3,125,132,50,220
3,126,132,45,220
3,127,132,48,220
3,128,132,34,220
3,129,132,57,220
2,1,133,66,163
2,2,133,63,163
2,3,133,68,163
2,4,133,71,163
2,5,133,82,163
2,6,133,61,163
2,7,133,76,163
2,8,133,73,163
2,9,133,69,163
2,10,133,80,163
2,11,133,77,163
2,12,133,74,163
2,13,133,78,163
2,14,133,79,163
2,15,133,67,163
2,16,133,83,163
2,17,133,85,163
2,18,133,72,163
2,19,133,95,163
2,20,133,64,163
2,21,133,101,163
2,22,133,97,163
2,23,133,100,163
2,24,133,90,163
2,25,133,88,163
2,26,133,86,163
2,27,133,107,163
2,28,133,87,163
2,29,133,93,163
2,30,133,103,163
2,31,133,109,163
2,32,133,75,163
2,33,133,99,163
2,34,133,102,163
2,35,133,89,163
2,36,133,98,163
2,37,133,105,163
2,38,133,84,163
2,39,133,108,163
2,40,133,96,163
2,41,133,123,163
2,42,133,106,163
2,43,133,91,163
2,44,133,117,163
2,45,133,65,163
2,46,133,92,163
2,47,133,94,163
2,48,133,120,163
2,49,133,104,163
2,50,133,125,163
2,51,133,127,163
2,52,133,129,163
2,53,133,110,163
2,54,133,112,163
2,55,133,70,163
2,56,133,116,163
2,57,133,121,163
2,58,133,118,163
2,59,133,111,163
2,60,133,113,163
2,61,133,124,163
2,62,133,62,163
2,63,133,81,163
2,64,133,126,163
2,65,133,128,163
2,66,133,122,163
2,67,133,115,163
2,68,133,119,163
2,69,133,114,163
2,70,133,21,163
3,71,133,20,163
3,72,133,2,163
3,73,133,22,163
3,74,133,12,163
3,75,133,8,163
3,76,133,27,163
3,77,133,3,163
3,78,133,16,163
3,79,133,6,163
3,80,133,19,163
3,81,133,26,163
3,82,133,4,163
3,83,133,9,163
3,84,133,13,163
3,85,133,10,163
3,86,133,52,163
3,87,133,30,163
3,88,133,18,163
3,89,133,25,163
3,90,133,29,163
3,91,133,5,163
3,92,133,17,163
3,93,133,28,163
3,94,133,33,163
3,95,133,59,163
3,96,133,15,163
3,97,133,14,163
3,98,133,23,163
3,99,133,24,163
3,100,133,11,163
3,101,133,1,163
3,102,133,7,163
3,103,133,44,163
3,104,133,32,163
3,105,133,51,163
3,106,133,56,163
3,107,133,36,163
3,108,133,40,163
3,109,133,38,163
3,110,133,37,163
3,111,133,42,163
3,112,133,35,163
3,113,133,43,163
3,114,133,60,163
3,115,133,58,163
3,116,133,41,163
3,117,133,53,163
3,118,133,54,163
3,119,133,46,163
3,120,133,55,163
3,121,133,39,163
3,122,133,31,163
3,123,133,49,163
3,124,133,47,163
3,125,133,50,163
3,126,133,45,163
3,127,133,48,163
3,128,133,34,163
3,129,133,57,163
2,1,134,66,147
2,2,134,63,147
2,3,134,68,147
2,4,134,71,147
2,5,134,82,147
2,6,134,61,147
2,7,134,76,147
2,8,134,73,147
2,9,134,69,147
2,10,134,80,147
2,11,134,77,147
2,12,134,74,147
2,13,134,78,147
2,14,134,79,147
2,15,134,67,147
2,16,134,83,147
2,17,134,85,147
2,18,134,72,147
2,19,134,95,147
2,20,134,64,147
2,21,134,101,147
2,22,134,97,147
2,23,134,100,147
2,24,134,90,147
2,25,134,88,147
2,26,134,86,147
2,27,134,107,147
2,28,134,87,147
2,29,134,93,147
2,30,134,103,147
2,31,134,109,147
2,32,134,75,147
2,33,134,99,147
2,34,134,102,147
2,35,134,89,147
2,36,134,98,147
2,37,134,105,147
2,38,134,84,147
2,39,134,108,147
2,40,134,96,147
2,41,134,123,147
2,42,134,106,147
2,43,134,91,147
2,44,134,117,147
2,45,134,65,147
2,46,134,92,147
2,47,134,94,147
2,48,134,120,147
2,49,134,104,147
2,50,134,125,147
2,51,134,127,147
2,52,134,129,147
2,53,134,110,147
2,54,134,112,147
2,55,134,70,147
2,56,134,116,147
2,57,134,121,147
2,58,134,118,147
2,59,134,111,147
2,60,134,113,147
2,61,134,124,147
2,62,134,62,147
2,63,134,81,147
2,64,134,126,147
2,65,134,128,147
2,66,134,122,147
2,67,134,115,147
2,68,134,119,147
2,69,134,114,147
2,70,134,21,147
3,71,134,20,147
3,72,134,2,147
3,73,134,22,147
3,74,134,12,147
3,75,134,8,147
3,76,134,27,147
3,77,134,3,147
3,78,134,16,147
3,79,134,6,147
3,80,134,19,147
3,81,134,26,147
3,82,134,4,147
3,83,134,9,147
3,84,134,13,147
3,85,134,10,147
3,86,134,52,147
3,87,134,30,147
3,88,134,18,147
3,89,134,25,147
3,90,134,29,147
3,91,134,5,147
3,92,134,17,147
3,93,134,28,147
3,94,134,33,147
3,95,134,59,147
3,96,134,15,147
3,97,134,14,147
3,98,134,23,147
3,99,134,24,147
3,100,134,11,147
3,101,134,1,147
3,102,134,7,147
3,103,134,44,147
3,104,134,32,147
3,105,134,51,147
3,106,134,56,147
3,107,134,36,147
3,108,134,40,147
3,109,134,38,147
3,110,134,37,147
3,111,134,42,147
3,112,134,35,147
3,113,134,43,147
3,114,134,60,147
3,115,134,58,147
3,116,134,41,147
3,117,134,53,147
3,118,134,54,147
3,119,134,46,147
3,120,134,55,147
3,121,134,39,147
3,122,134,31,147
3,123,134,49,147
3,124,134,47,147
3,125,134,50,147
3,126,134,45,147
3,127,134,48,147
3,128,134,34,147
3,129,134,57,147
2,1,135,66,83
2,2,135,63,83
2,3,135,68,83
2,4,135,71,83
2,5,135,82,83
2,6,135,61,83
2,7,135,76,83
2,8,135,73,83
2,9,135,69,83
2,10,135,80,83
2,11,135,77,83
2,12,135,74,83
2,13,135,78,83
2,14,135,79,83
2,15,135,67,83
2,16,135,83,83
2,17,135,85,83
2,18,135,72,83
2,19,135,95,83
2,20,135,64,83
2,21,135,101,83
2,22,135,97,83
2,23,135,100,83
2,24,135,90,83
2,25,135,88,83
2,26,135,86,83
2,27,135,107,83
2,28,135,87,83
2,29,135,93,83
2,30,135,103,83
2,31,135,109,83
2,32,135,75,83
2,33,135,99,83
2,34,135,102,83
2,35,135,89,83
2,36,135,98,83
2,37,135,105,83
2,38,135,84,83
2,39,135,108,83
2,40,135,96,83
2,41,135,123,83
2,42,135,106,83
2,43,135,91,83
2,44,135,117,83
2,45,135,65,83
2,46,135,92,83
2,47,135,94,83
2,48,135,120,83
2,49,135,104,83
2,50,135,125,83
2,51,135,127,83
2,52,135,129,83
2,53,135,110,83
2,54,135,112,83
2,55,135,70,83
2,56,135,116,83
2,57,135,121,83
2,58,135,118,83
2,59,135,111,83
2,60,135,113,83
2,61,135,124,83
2,62,135,62,83
2,63,135,81,83
2,64,135,126,83
2,65,135,128,83
2,66,135,122,83
2,67,135,115,83
2,68,135,119,83
2,69,135,114,83
2,70,135,21,83
3,71,135,20,83
3,72,135,2,83
3,73,135,22,83
3,74,135,12,83
3,75,135,8,83
3,76,135,27,83
3,77,135,3,83
3,78,135,16,83
3,79,135,6,83
3,80,135,19,83
3,81,135,26,83
3,82,135,4,83
3,83,135,9,83
3,84,135,13,83
3,85,135,10,83
3,86,135,52,83
3,87,135,30,83
3,88,135,18,83
3,89,135,25,83
3,90,135,29,83
3,91,135,5,83
3,92,135,17,83
3,93,135,28,83
3,94,135,33,83
3,95,135,59,83
3,96,135,15,83
3,97,135,14,83
3,98,135,23,83
3,99,135,24,83
3,100,135,11,83
3,101,135,1,83
3,102,135,7,83
3,103,135,44,83
3,104,135,32,83
3,105,135,51,83
3,106,135,56,83
3,107,135,36,83
3,108,135,40,83
3,109,135,38,83
3,110,135,37,83
3,111,135,42,83
3,112,135,35,83
3,113,135,43,83
3,114,135,60,83
3,115,135,58,83
3,116,135,41,83
3,117,135,53,83
3,118,135,54,83
3,119,135,46,83
3,120,135,55,83
3,121,135,39,83
3,122,135,31,83
3,123,135,49,83
3,124,135,47,83
3,125,135,50,83
3,126,135,45,83
3,127,135,48,83
3,128,135,34,83
3,129,135,57,83
2,1,136,66,123
2,2,136,63,123
2,3,136,68,123
2,4,136,71,123
2,5,136,82,123
2,6,136,61,123
2,7,136,76,123
2,8,136,73,123
2,9,136,69,123
2,10,136,80,123
2,11,136,77,123
2,12,136,74,123
2,13,136,78,123
2,14,136,79,123
2,15,136,67,123
2,16,136,83,123
2,17,136,85,123
2,18,136,72,123
2,19,136,95,123
2,20,136,64,123
2,21,136,101,123
2,22,136,97,123
2,23,136,100,123
2,24,136,90,123
2,25,136,88,123
2,26,136,86,123
2,27,136,107,123
2,28,136,87,123
2,29,136,93,123
2,30,136,103,123
2,31,136,109,123
2,32,136,75,123
2,33,136,99,123
2,34,136,102,123
2,35,136,89,123
2,36,136,98,123
2,37,136,105,123
2,38,136,84,123
2,39,136,108,123
2,40,136,96,123
2,41,136,123,123
2,42,136,106,123
2,43,136,91,123
2,44,136,117,123
2,45,136,65,123
2,46,136,92,123
2,47,136,94,123
2,48,136,120,123
2,49,136,104,123
2,50,136,125,123
2,51,136,127,123
2,52,136,129,123
2,53,136,110,123
2,54,136,112,123
2,55,136,70,123
2,56,136,116,123
2,57,136,121,123
2,58,136,118,123
2,59,136,111,123
2,60,136,113,123
2,61,136,124,123
2,62,136,62,123
2,63,136,81,123
2,64,136,126,123
2,65,136,128,123
2,66,136,122,123
2,67,136,115,123
2,68,136,119,123
2,69,136,114,123
2,70,136,21,123
3,71,136,20,123
3,72,136,2,123
3,73,136,22,123
3,74,136,12,123
3,75,136,8,123
3,76,136,27,123
3,77,136,3,123
3,78,136,16,123
3,79,136,6,123
3,80,136,19,123
3,81,136,26,123
3,82,136,4,123
3,83,136,9,123
3,84,136,13,123
3,85,136,10,123
3,86,136,52,123
3,87,136,30,123
3,88,136,18,123
3,89,136,25,123
3,90,136,29,123
3,91,136,5,123
3,92,136,17,123
3,93,136,28,123
3,94,136,33,123
3,95,136,59,123
3,96,136,15,123
3,97,136,14,123
3,98,136,23,123
3,99,136,24,123
3,100,136,11,123
3,101,136,1,123
3,102,136,7,123
3,103,136,44,123
3,104,136,32,123
3,105,136,51,123
3,106,136,56,123
3,107,136,36,123
3,108,136,40,123
3,109,136,38,123
3,110,136,37,123
3,111,136,42,123
3,112,136,35,123
3,113,136,43,123
3,114,136,60,123
3,115,136,58,123
3,116,136,41,123
3,117,136,53,123
3,118,136,54,123
3,119,136,46,123
3,120,136,55,123
3,121,136,39,123
3,122,136,31,123
3,123,136,49,123
3,124,136,47,123
3,125,136,50,123
3,126,136,45,123
3,127,136,48,123
3,128,136,34,123
3,129,136,57,123
2,1,137,66,219
2,2,137,63,219
2,3,137,68,219
2,4,137,71,219
2,5,137,82,219
2,6,137,61,219
2,7,137,76,219
2,8,137,73,219
2,9,137,69,219
2,10,137,80,219
2,11,137,77,219
2,12,137,74,219
2,13,137,78,219
2,14,137,79,219
2,15,137,67,219
2,16,137,83,219
2,17,137,85,219
2,18,137,72,219
2,19,137,95,219
2,20,137,64,219
2,21,137,101,219
2,22,137,97,219
2,23,137,100,219
2,24,137,90,219
2,25,137,88,219
2,26,137,86,219
2,27,137,107,219
2,28,137,87,219
2,29,137,93,219
2,30,137,103,219
2,31,137,109,219
2,32,137,75,219
2,33,137,99,219
2,34,137,102,219
2,35,137,89,219
2,36,137,98,219
2,37,137,105,219
2,38,137,84,219
2,39,137,108,219
2,40,137,96,219
2,41,137,123,219
2,42,137,106,219
2,43,137,91,219
2,44,137,117,219
2,45,137,65,219
2,46,137,92,219
2,47,137,94,219
2,48,137,120,219
2,49,137,104,219
2,50,137,125,219
2,51,137,127,219
2,52,137,129,219
2,53,137,110,219
2,54,137,112,219
2,55,137,70,219
2,56,137,116,219
2,57,137,121,219
2,58,137,118,219
2,59,137,111,219
2,60,137,113,219
2,61,137,124,219
2,62,137,62,219
2,63,137,81,219
2,64,137,126,219
2,65,137,128,219
2,66,137,122,219
2,67,137,115,219
2,68,137,119,219
2,69,137,114,219
2,70,137,21,219
3,71,137,20,219
3,72,137,2,219
3,73,137,22,219
3,74,137,12,219
3,75,137,8,219
3,76,137,27,219
3,77,137,3,219
3,78,137,16,219
3,79,137,6,219
3,80,137,19,219
3,81,137,26,219
3,82,137,4,219
3,83,137,9,219
3,84,137,13,219
3,85,137,10,219
3,86,137,52,219
3,87,137,30,219
3,88,137,18,219
3,89,137,25,219
3,90,137,29,219
3,91,137,5,219
3,92,137,17,219
3,93,137,28,219
3,94,137,33,219
3,95,137,59,219
3,96,137,15,219
3,97,137,14,219
3,98,137,23,219
3,99,137,24,219
3,100,137,11,219
3,101,137,1,219
3,102,137,7,219
3,103,137,44,219
3,104,137,32,219
3,105,137,51,219
3,106,137,56,219
3,107,137,36,219
3,108,137,40,219
3,109,137,38,219
3,110,137,37,219
3,111,137,42,219
3,112,137,35,219
3,113,137,43,219
3,114,137,60,219
3,115,137,58,219
3,116,137,41,219
3,117,137,53,219
3,118,137,54,219
3,119,137,46,219
3,120,137,55,219
3,121,137,39,219
3,122,137,31,219
3,123,137,49,219
3,124,137,47,219
3,125,137,50,219
3,126,137,45,219
3,127,137,48,219
3,128,137,34,219
3,129,137,57,219
2,1,138,66,208
2,2,138,63,208
2,3,138,68,208
2,4,138,71,208
2,5,138,82,208
2,6,138,61,208
2,7,138,76,208
2,8,138,73,208
2,9,138,69,208
2,10,138,80,208
2,11,138,77,208
2,12,138,74,208
2,13,138,78,208
2,14,138,79,208
2,15,138,67,208
2,16,138,83,208
2,17,138,85,208
2,18,138,72,208
2,19,138,95,208
2,20,138,64,208
2,21,138,101,208
2,22,138,97,208
2,23,138,100,208
2,24,138,90,208
2,25,138,88,208
2,26,138,86,208
2,27,138,107,208
2,28,138,87,208
2,29,138,93,208
2,30,138,103,208
2,31,138,109,208
2,32,138,75,208
2,33,138,99,208
2,34,138,102,208
2,35,138,89,208
2,36,138,98,208
2,37,138,105,208
2,38,138,84,208
2,39,138,108,208
2,40,138,96,208
2,41,138,123,208
2,42,138,106,208
2,43,138,91,208
2,44,138,117,208
2,45,138,65,208
2,46,138,92,208
2,47,138,94,208
2,48,138,120,208
2,49,138,104,208
2,50,138,125,208
2,51,138,127,208
2,52,138,129,208
2,53,138,110,208
2,54,138,112,208
2,55,138,70,208
2,56,138,116,208
2,57,138,121,208
2,58,138,118,208
2,59,138,111,208
2,60,138,113,208
2,61,138,124,208
2,62,138,62,208
2,63,138,81,208
2,64,138,126,208
2,65,138,128,208
2,66,138,122,208
2,67,138,115,208
2,68,138,119,208
2,69,138,114,208
2,70,138,21,208
3,71,138,20,208
3,72,138,2,208
3,73,138,22,208
3,74,138,12,208
3,75,138,8,208
3,76,138,27,208
3,77,138,3,208
3,78,138,16,208
3,79,138,6,208
3,80,138,19,208
3,81,138,26,208
3,82,138,4,208
3,83,138,9,208
3,84,138,13,208
3,85,138,10,208
3,86,138,52,208
3,87,138,30,208
3,88,138,18,208
3,89,138,25,208
3,90,138,29,208
3,91,138,5,208
3,92,138,17,208
3,93,138,28,208
3,94,138,33,208
3,95,138,59,208
3,96,138,15,208
3,97,138,14,208
3,98,138,23,208
3,99,138,24,208
3,100,138,11,208
3,101,138,1,208
3,102,138,7,208
3,103,138,44,208
3,104,138,32,208
3,105,138,51,208
3,106,138,56,208
3,107,138,36,208
3,108,138,40,208
3,109,138,38,208
3,110,138,37,208
3,111,138,42,208
3,112,138,35,208
3,113,138,43,208
3,114,138,60,208
3,115,138,58,208
3,116,138,41,208
3,117,138,53,208
3,118,138,54,208
3,119,138,46,208
3,120,138,55,208
3,121,138,39,208
3,122,138,31,208
3,123,138,49,208
3,124,138,47,208
3,125,138,50,208
3,126,138,45,208
3,127,138,48,208
3,128,138,34,208
3,129,138,57,208
2,1,139,66,126
2,2,139,63,126
2,3,139,68,126
2,4,139,71,126
2,5,139,82,126
2,6,139,61,126
2,7,139,76,126
2,8,139,73,126
2,9,139,69,126
2,10,139,80,126
2,11,139,77,126
2,12,139,74,126
2,13,139,78,126
2,14,139,79,126
2,15,139,67,126
2,16,139,83,126
2,17,139,85,126
2,18,139,72,126
2,19,139,95,126
2,20,139,64,126
2,21,139,101,126
2,22,139,97,126
2,23,139,100,126
2,24,139,90,126
2,25,139,88,126
2,26,139,86,126
2,27,139,107,126
2,28,139,87,126
2,29,139,93,126
2,30,139,103,126
2,31,139,109,126
2,32,139,75,126
2,33,139,99,126
2,34,139,102,126
2,35,139,89,126
2,36,139,98,126
2,37,139,105,126
2,38,139,84,126
2,39,139,108,126
2,40,139,96,126
2,41,139,123,126
2,42,139,106,126
2,43,139,91,126
2,44,139,117,126
2,45,139,65,126
2,46,139,92,126
2,47,139,94,126
2,48,139,120,126
2,49,139,104,126
2,50,139,125,126
2,51,139,127,126
2,52,139,129,126
2,53,139,110,126
2,54,139,112,126
2,55,139,70,126
2,56,139,116,126
2,57,139,121,126
2,58,139,118,126
2,59,139,111,126
2,60,139,113,126
2,61,139,124,126
2,62,139,62,126
2,63,139,81,126
2,64,139,126,126
2,65,139,128,126
2,66,139,122,126
2,67,139,115,126
2,68,139,119,126
2,69,139,114,126
2,70,139,21,126
3,71,139,20,126
3,72,139,2,126
3,73,139,22,126
3,74,139,12,126
3,75,139,8,126
3,76,139,27,126
3,77,139,3,126
3,78,139,16,126
3,79,139,6,126
3,80,139,19,126
3,81,139,26,126
3,82,139,4,126
3,83,139,9,126
3,84,139,13,126
3,85,139,10,126
3,86,139,52,126
3,87,139,30,126
3,88,139,18,126
3,89,139,25,126
3,90,139,29,126
3,91,139,5,126
3,92,139,17,126
3,93,139,28,126
3,94,139,33,126
3,95,139,59,126
3,96,139,15,126
3,97,139,14,126
3,98,139,23,126
3,99,139,24,126
3,100,139,11,126
3,101,139,1,126
3,102,139,7,126
3,103,139,44,126
3,104,139,32,126
3,105,139,51,126
3,106,139,56,126
3,107,139,36,126
3,108,139,40,126
3,109,139,38,126
3,110,139,37,126
3,111,139,42,126
3,112,139,35,126
3,113,139,43,126
3,114,139,60,126
3,115,139,58,126
3,116,139,41,126
3,117,139,53,126
3,118,139,54,126
3,119,139,46,126
3,120,139,55,126
3,121,139,39,126
3,122,139,31,126
3,123,139,49,126
3,124,139,47,126
3,125,139,50,126
3,126,139,45,126
3,127,139,48,126
3,128,139,34,126
3,129,139,57,126
1,1,140,66,54
1,2,140,63,54
1,3,140,68,54
1,4,140,71,54
1,5,140,82,54
1,6,140,61,54
1,7,140,76,54
1,8,140,73,54
1,9,140,69,54
1,10,140,80,54
1,11,140,77,54
1,12,140,74,54
1,13,140,78,54
1,14,140,79,54
1,15,140,67,54
1,16,140,83,54
1,17,140,85,54
1,18,140,72,54
1,19,140,95,54
1,20,140,64,54
1,21,140,101,54
1,22,140,97,54
1,23,140,100,54
1,24,140,90,54
1,25,140,88,54
1,26,140,86,54
1,27,140,107,54
1,28,140,87,54
1,29,140,93,54
1,30,140,103,54
1,31,140,109,54
1,32,140,75,54
1,33,140,99,54
1,34,140,102,54
1,35,140,89,54
1,36,140,98,54
1,37,140,105,54
1,38,140,84,54
1,39,140,108,54
1,40,140,96,54
1,41,140,123,54
1,42,140,106,54
1,43,140,91,54
1,44,140,117,54
1,45,140,65,54
1,46,140,92,54
1,47,140,94,54
1,48,140,120,54
1,49,140,104,54
1,50,140,125,54
12,51,140,127,54
12,52,140,129,54
12,53,140,110,54
12,54,140,112,54
12,55,140,70,54
12,56,140,116,54
12,57,140,121,54
12,58,140,118,54
12,59,140,111,54
12,60,140,113,54
12,61,140,124,54
12,62,140,62,54
12,63,140,81,54
12,64,140,126,54
1,65,140,128,54
1,66,140,122,54
1,67,140,115,54
1,68,140,119,54
1,69,140,114,54
1,70,140,21,54
1,71,140,20,54
1,72,140,2,54
1,73,140,22,54
1,74,140,12,54
1,75,140,8,54
1,76,140,27,54
1,77,140,3,54
1,78,140,16,54
1,79,140,6,54
1,80,140,19,54
1,81,140,26,54
1,82,140,4,54
1,83,140,9,54
1,84,140,13,54
1,85,140,10,54
1,86,140,52,54
1,87,140,30,54
1,88,140,18,54
1,89,140,25,54
1,90,140,29,54
1,91,140,5,54
1,92,140,17,54
1,93,140,28,54
1,94,140,33,54
1,95,140,59,54
1,96,140,15,54
1,97,140,14,54
1,98,140,23,54
1,99,140,24,54
1,100,140,11,54
1,101,140,1,54
1,102,140,7,54
1,103,140,44,54
1,104,140,32,54
1,105,140,51,54
1,106,140,56,54
1,107,140,36,54
1,108,140,40,54
1,109,140,38,54
1,110,140,37,54
1,111,140,42,54
1,112,140,35,54
1,113,140,43,54
1,114,140,60,54
1,115,140,58,54
1,116,140,41,54
1,117,140,53,54
1,118,140,54,54
1,119,140,46,54
1,120,140,55,54
1,121,140,39,54
1,122,140,31,54
1,123,140,49,54
1,124,140,47,54
1,125,140,50,54
1,126,140,45,54
1,127,140,48,54
1,128,140,34,54
9,129,140,57,54
1,1,141,66,2
1,2,141,63,2
1,3,141,68,2
1,4,141,71,2
1,5,141,82,2
1,6,141,61,2
1,7,141,76,2
1,8,141,73,2
1,9,141,69,2
1,10,141,80,2
1,11,141,77,2
1,12,141,74,2
1,13,141,78,2
1,14,141,79,2
1,15,141,67,2
1,16,141,83,2
1,17,141,85,2
1,18,141,72,2
1,19,141,95,2
1,20,141,64,2
1,21,141,101,2
1,22,141,97,2
1,23,141,100,2
1,24,141,90,2
1,25,141,88,2
1,26,141,86,2
1,27,141,107,2
1,28,141,87,2
1,29,141,93,2
1,30,141,103,2
1,31,141,109,2
1,32,141,75,2
1,33,141,99,2
1,34,141,102,2
1,35,141,89,2
1,36,141,98,2
1,37,141,105,2
1,38,141,84,2
1,39,141,108,2
1,40,141,96,2
1,41,141,123,2
1,42,141,106,2
1,43,141,91,2
1,44,141,117,2
1,45,141,65,2
1,46,141,92,2
1,47,141,94,2
1,48,141,120,2
1,49,141,104,2
1,50,141,125,2
12,51,141,127,2
12,52,141,129,2
12,53,141,110,2
12,54,141,112,2
12,55,141,70,2
12,56,141,116,2
12,57,141,121,2
12,58,141,118,2
12,59,141,111,2
12,60,141,113,2
12,61,141,124,2
12,62,141,62,2
12,63,141,81,2
12,64,141,126,2
1,65,141,128,2
1,66,141,122,2
1,67,141,115,2
1,68,141,119,2
1,69,141,114,2
1,70,141,21,2
1,71,141,20,2
1,72,141,2,2
1,73,141,22,2
1,74,141,12,2
1,75,141,8,2
1,76,141,27,2
1,77,141,3,2
1,78,141,16,2
1,79,141,6,2
1,80,141,19,2
1,81,141,26,2
1,82,141,4,2
1,83,141,9,2
1,84,141,13,2
1,85,141,10,2
1,86,141,52,2
1,87,141,30,2
1,88,141,18,2
1,89,141,25,2
1,90,141,29,2
1,91,141,5,2
1,92,141,17,2
1,93,141,28,2
1,94,141,33,2
1,95,141,59,2
1,96,141,15,2
1,97,141,14,2
1,98,141,23,2
1,99,141,24,2
1,100,141,11,2
1,101,141,1,2
1,102,141,7,2
1,103,141,44,2
1,104,141,32,2
1,105,141,51,2
1,106,141,56,2
1,107,141,36,2
1,108,141,40,2
1,109,141,38,2
1,110,141,37,2
1,111,141,42,2
1,112,141,35,2
1,113,141,43,2
1,114,141,60,2
1,115,141,58,2
1,116,141,41,2
1,117,141,53,2
1,118,141,54,2
1,119,141,46,2
1,120,141,55,2
1,121,141,39,2
1,122,141,31,2
1,123,141,49,2
1,124,141,47,2
1,125,141,50,2
1,126,141,45,2
1,127,141,48,2
1,128,141,34,2
9,129,141,57,2
1,1,142,66,76
1,2,142,63,76
1,3,142,68,76
1,4,142,71,76
1,5,142,82,76
1,6,142,61,76
1,7,142,76,76
1,8,142,73,76
1,9,142,69,76
1,10,142,80,76
1,11,142,77,76
1,12,142,74,76
1,13,142,78,76
1,14,142,79,76
1,15,142,67,76
1,16,142,83,76
1,17,142,85,76
1,18,142,72,76
1,19,142,95,76
1,20,142,64,76
1,21,142,101,76
1,22,142,97,76
1,23,142,100,76
1,24,142,90,76
1,25,142,88,76
1,26,142,86,76
1,27,142,107,76
1,28,142,87,76
1,29,142,93,76
1,30,142,103,76
1,31,142,109,76
1,32,142,75,76
1,33,142,99,76
1,34,142,102,76
1,35,142,89,76
1,36,142,98,76
1,37,142,105,76
1,38,142,84,76
1,39,142,108,76
1,40,142,96,76
1,41,142,123,76
1,42,142,106,76
1,43,142,91,76
1,44,142,117,76
1,45,142,65,76
1,46,142,92,76
1,47,142,94,76
1,48,142,120,76
1,49,142,104,76
1,50,142,125,76
12,51,142,127,76
12,52,142,129,76
12,53,142,110,76
12,54,142,112,76
12,55,142,70,76
12,56,142,116,76
12,57,142,121,76
12,58,142,118,76
12,59,142,111,76
12,60,142,113,76
12,61,142,124,76
12,62,142,62,76
12,63,142,81,76
12,64,142,126,76
1,65,142,128,76
1,66,142,122,76
1,67,142,115,76
1,68,142,119,76
1,69,142,114,76
1,70,142,21,76
1,71,142,20,76
1,72,142,2,76
1,73,142,22,76
1,74,142,12,76
1,75,142,8,76
1,76,142,27,76
1,77,142,3,76
1,78,142,16,76
1,79,142,6,76
1,80,142,19,76
1,81,142,26,76
1,82,142,4,76
1,83,142,9,76
1,84,142,13,76
1,85,142,10,76
1,86,142,52,76
1,87,142,30,76
1,88,142,18,76
1,89,142,25,76
1,90,142,29,76
1,91,142,5,76
1,92,142,17,76
1,93,142,28,76
1,94,142,33,76
1,95,142,59,76
1,96,142,15,76
1,97,142,14,76
1,98,142,23,76
1,99,142,24,76
1,100,142,11,76
1,101,142,1,76
1,102,142,7,76
1,103,142,44,76
1,104,142,32,76
1,105,142,51,76
1,106,142,56,76
1,107,142,36,76
1,108,142,40,76
1,109,142,38,76
1,110,142,37,76
1,111,142,42,76
1,112,142,35,76
1,113,142,43,76
1,114,142,60,76
1,115,142,58,76
1,116,142,41,76
1,117,142,53,76
1,118,142,54,76
1,119,142,46,76
1,120,142,55,76
1,121,142,39,76
1,122,142,31,76
1,123,142,49,76
1,124,142,47,76
1,125,142,50,76
1,126,142,45,76
1,127,142,48,76
1,128,142,34,76
9,129,142,57,76
1,1,143,66,129
1,2,143,63,129
1,3,143,68,129
1,4,143,71,129
1,5,143,82,129
1,6,143,61,129
1,7,143,76,129
1,8,143,73,129
1,9,143,69,129
1,10,143,80,129
1,11,143,77,129
1,12,143,74,129
1,13,143,78,129
1,14,143,79,129
1,15,143,67,129
1,16,143,83,129
1,17,143,85,129
1,18,143,72,129
1,19,143,95,129
1,20,143,64,129
1,21,143,101,129
1,22,143,97,129
1,23,143,100,129
1,24,143,90,129
1,25,143,88,129
1,26,143,86,129
1,27,143,107,129
1,28,143,87,129
1,29,143,93,129
1,30,143,103,129
1,31,143,109,129
1,32,143,75,129
1,33,143,99,129
1,34,143,102,129
1,35,143,89,129
1,36,143,98,129
1,37,143,105,129
1,38,143,84,129
1,39,143,108,129
1,40,143,96,129
1,41,143,123,129
1,42,143,106,129
1,43,143,91,129
1,44,143,117,129
1,45,143,65,129
1,46,143,92,129
1,47,143,94,129
1,48,143,120,129
1,49,143,104,129
1,50,143,125,129
12,51,143,127,129
12,52,143,129,129
12,53,143,110,129
12,54,143,112,129
12,55,143,70,129
12,56,143,116,129
12,57,143,121,129
12,58,143,118,129
12,59,143,111,129
12,60,143,113,129
12,61,143,124,129
12,62,143,62,129
12,63,143,81,129
12,64,143,126,129
1,65,143,128,129
1,66,143,122,129
1,67,143,115,129
1,68,143,119,129
1,69,143,114,129
1,70,143,21,129
1,71,143,20,129
1,72,143,2,129
1,73,143,22,129
1,74,143,12,129
1,75,143,8,129
1,76,143,27,129
1,77,143,3,129
1,78,143,16,129
1,79,143,6,129
1,80,143,19,129
1,81,143,26,129
1,82,143,4,129
1,83,143,9,129
1,84,143,13,129
1,85,143,10,129
1,86,143,52,129
1,87,143,30,129
1,88,143,18,129
1,89,143,25,129
1,90,143,29,129
1,91,143,5,129
1,92,143,17,129
1,93,143,28,129
1,94,143,33,129
1,95,143,59,129
1,96,143,15,129
1,97,143,14,129
1,98,143,23,129
1,99,143,24,129
1,100,143,11,129
1,101,143,1,129
1,102,143,7,129
1,103,143,44,129
1,104,143,32,129
1,105,143,51,129
1,106,143,56,129
1,107,143,36,129
1,108,143,40,129
1,109,143,38,129
1,110,143,37,129
1,111,143,42,129
1,112,143,35,129
1,113,143,43,129
1,114,143,60,129
1,115,143,58,129
1,116,143,41,129
1,117,143,53,129
1,118,143,54,129
1,119,143,46,129
1,120,143,55,129
1,121,143,39,129
1,122,143,31,129
1,123,143,49,129
1,124,143,47,129
1,125,143,50,129
1,126,143,45,129
1,127,143,48,129
1,128,143,34,129
9,129,143,57,129
1,1,144,66,28
1,2,144,63,28
1,3,144,68,28
1,4,144,71,28
1,5,144,82,28
1,6,144,61,28
1,7,144,76,28
1,8,144,73,28
1,9,144,69,28
1,10,144,80,28
1,11,144,77,28
1,12,144,74,28
1,13,144,78,28
1,14,144,79,28
1,15,144,67,28
1,16,144,83,28
1,17,144,85,28
1,18,144,72,28
1,19,144,95,28
1,20,144,64,28
1,21,144,101,28
1,22,144,97,28
1,23,144,100,28
1,24,144,90,28
1,25,144,88,28
1,26,144,86,28
1,27,144,107,28
1,28,144,87,28
1,29,144,93,28
1,30,144,103,28
1,31,144,109,28
1,32,144,75,28
1,33,144,99,28
1,34,144,102,28
1,35,144,89,28
1,36,144,98,28
1,37,144,105,28
1,38,144,84,28
1,39,144,108,28
1,40,144,96,28
1,41,144,123,28
1,42,144,106,28
1,43,144,91,28
1,44,144,117,28
1,45,144,65,28
1,46,144,92,28
1,47,144,94,28
1,48,144,120,28
1,49,144,104,28
1,50,144,125,28
1,51,144,127,28
1,52,144,129,28
1,53,144,110,28
1,54,144,112,28
1,55,144,70,28
1,56,144,116,28
1,57,144,121,28
1,58,144,118,28
1,59,144,111,28
1,60,144,113,28
1,61,144,124,28
1,62,144,62,28
1,63,144,81,28
1,64,144,126,28
1,65,144,128,28
1,66,144,122,28
1,67,144,115,28
1,68,144,119,28
1,69,144,114,28
1,70,144,21,28
1,71,144,20,28
1,72,144,2,28
1,73,144,22,28
1,74,144,12,28
1,75,144,8,28
1,76,144,27,28
1,77,144,3,28
1,78,144,16,28
1,79,144,6,28
1,80,144,19,28
1,81,144,26,28
1,82,144,4,28
1,83,144,9,28
1,84,144,13,28
1,85,144,10,28
1,86,144,52,28
1,87,144,30,28
1,88,144,18,28
1,89,144,25,28
1,90,144,29,28
1,91,144,5,28
1,92,144,17,28
1,93,144,28,28
1,94,144,33,28
1,95,144,59,28
1,96,144,15,28
1,97,144,14,28
1,98,144,23,28
1,99,144,24,28
1,100,144,11,28
1,101,144,1,28
1,102,144,7,28
1,103,144,44,28
1,104,144,32,28
1,105,144,51,28
1,106,144,56,28
1,107,144,36,28
1,108,144,40,28
1,109,144,38,28
1,110,144,37,28
1,111,144,42,28
1,112,144,35,28
1,113,144,43,28
1,114,144,60,28
1,115,144,58,28
1,116,144,41,28
1,117,144,53,28
1,118,144,54,28
1,119,144,46,28
1,120,144,55,28
1,121,144,39,28
1,122,144,31,28
1,123,144,49,28
1,124,144,47,28
1,125,144,50,28
1,126,144,45,28
1,127,144,48,28
1,128,144,34,28
9,129,144,57,28
1,1,145,66,155
1,2,145,63,155
1,3,145,68,155
1,4,145,71,155
1,5,145,82,155
1,6,145,61,155
1,7,145,76,155
1,8,145,73,155
1,9,145,69,155
1,10,145,80,155
1,11,145,77,155
1,12,145,74,155
1,13,145,78,155
1,14,145,79,155
1,15,145,67,155
1,16,145,83,155
1,17,145,85,155
1,18,145,72,155
1,19,145,95,155
1,20,145,64,155
1,21,145,101,155
1,22,145,97,155
1,23,145,100,155
1,24,145,90,155
1,25,145,88,155
1,26,145,86,155
1,27,145,107,155
1,28,145,87,155
1,29,145,93,155
1,30,145,103,155
1,31,145,109,155
1,32,145,75,155
1,33,145,99,155
1,34,145,102,155
1,35,145,89,155
1,36,145,98,155
1,37,145,105,155
1,38,145,84,155
1,39,145,108,155
1,40,145,96,155
1,41,145,123,155
1,42,145,106,155
1,43,145,91,155
1,44,145,117,155
1,45,145,65,155
1,46,145,92,155
1,47,145,94,155
1,48,145,120,155
1,49,145,104,155
1,50,145,125,155
1,51,145,127,155
1,52,145,129,155
1,53,145,110,155
1,54,145,112,155
1,55,145,70,155
1,56,145,116,155
1,57,145,121,155
1,58,145,118,155
1,59,145,111,155
1,60,145,113,155
1,61,145,124,155
1,62,145,62,155
1,63,145,81,155
1,64,145,126,155
1,65,145,128,155
1,66,145,122,155
1,67,145,115,155
1,68,145,119,155
1,69,145,114,155
1,70,145,21,155
1,71,145,20,155
1,72,145,2,155
1,73,145,22,155
1,74,145,12,155
1,75,145,8,155
1,76,145,27,155
1,77,145,3,155
1,78,145,16,155
1,79,145,6,155
1,80,145,19,155
1,81,145,26,155
1,82,145,4,155
1,83,145,9,155
1,84,145,13,155
1,85,145,10,155
1,86,145,52,155
1,87,145,30,155
1,88,145,18,155
1,89,145,25,155
1,90,145,29,155
1,91,145,5,155
1,92,145,17,155
1,93,145,28,155
1,94,145,33,155
1,95,145,59,155
1,96,145,15,155
1,97,145,14,155
1,98,145,23,155
1,99,145,24,155
1,100,145,11,155
1,101,145,1,155
1,102,145,7,155
1,103,145,44,155
1,104,145,32,155
1,105,145,51,155
1,106,145,56,155
1,107,145,36,155
1,108,145,40,155
1,109,145,38,155
1,110,145,37,155
1,111,145,42,155
1,112,145,35,155
1,113,145,43,155
1,114,145,60,155
1,115,145,58,155
1,116,145,41,155
1,117,145,53,155
1,118,145,54,155
1,119,145,46,155
1,120,145,55,155
1,121,145,39,155
1,122,145,31,155
1,123,145,49,155
1,124,145,47,155
1,125,145,50,155
1,126,145,45,155
1,127,145,48,155
1,128,145,34,155
9,129,145,57,155
1,1,146,66,93
1,2,146,63,93
1,3,146,68,93
1,4,146,71,93
1,5,146,82,93
1,6,146,61,93
1,7,146,76,93
1,8,146,73,93
1,9,146,69,93
1,10,146,80,93
1,11,146,77,93
1,12,146,74,93
1,13,146,78,93
1,14,146,79,93
1,15,146,67,93
1,16,146,83,93
1,17,146,85,93
1,18,146,72,93
1,19,146,95,93
1,20,146,64,93
1,21,146,101,93
1,22,146,97,93
1,23,146,100,93
1,24,146,90,93
1,25,146,88,93
1,26,146,86,93
1,27,146,107,93
1,28,146,87,93
1,29,146,93,93
1,30,146,103,93
1,31,146,109,93
1,32,146,75,93
1,33,146,99,93
1,34,146,102,93
1,35,146,89,93
1,36,146,98,93
1,37,146,105,93
1,38,146,84,93
1,39,146,108,93
1,40,146,96,93
1,41,146,123,93
1,42,146,106,93
1,43,146,91,93
1,44,146,117,93
1,45,146,65,93
1,46,146,92,93
1,47,146,94,93
1,48,146,120,93
1,49,146,104,93
1,50,146,125,93
1,51,146,127,93
1,52,146,129,93
1,53,146,110,93
1,54,146,112,93
1,55,146,70,93
1,56,146,116,93
1,57,146,121,93
1,58,146,118,93
1,59,146,111,93
1,60,146,113,93
1,61,146,124,93
1,62,146,62,93
1,63,146,81,93
1,64,146,126,93
1,65,146,128,93
1,66,146,122,93
1,67,146,115,93
1,68,146,119,93
1,69,146,114,93
1,70,146,21,93
1,71,146,20,93
1,72,146,2,93
1,73,146,22,93
1,74,146,12,93
1,75,146,8,93
1,76,146,27,93
1,77,146,3,93
1,78,146,16,93
1,79,146,6,93
1,80,146,19,93
1,81,146,26,93
1,82,146,4,93
1,83,146,9,93
1,84,146,13,93
1,85,146,10,93
1,86,146,52,93
1,87,146,30,93
1,88,146,18,93
1,89,146,25,93
1,90,146,29,93
1,91,146,5,93
1,92,146,17,93
1,93,146,28,93
1,94,146,33,93
1,95,146,59,93
1,96,146,15,93
1,97,146,14,93
1,98,146,23,93
1,99,146,24,93
1,100,146,11,93
1,101,146,1,93
1,102,146,7,93
1,103,146,44,93
1,104,146,32,93
1,105,146,51,93
1,106,146,56,93
1,107,146,36,93
1,108,146,40,93
1,109,146,38,93
1,110,146,37,93
1,111,146,42,93
1,112,146,35,93
1,113,146,43,93
1,114,146,60,93
1,115,146,58,93
1,116,146,41,93
1,117,146,53,93
1,118,146,54,93
1,119,146,46,93
1,120,146,55,93
1,121,146,39,93
1,122,146,31,93
1,123,146,49,93
1,124,146,47,93
1,125,146,50,93
1,126,146,45,93
1,127,146,48,93
1,128,146,34,93
9,129,146,57,93
1,1,147,66,37
1,2,147,63,37
1,3,147,68,37
1,4,147,71,37
1,5,147,82,37
1,6,147,61,37
1,7,147,76,37
1,8,147,73,37
1,9,147,69,37
1,10,147,80,37
1,11,147,77,37
1,12,147,74,37
1,13,147,78,37
1,14,147,79,37
1,15,147,67,37
1,16,147,83,37
1,17,147,85,37
1,18,147,72,37
1,19,147,95,37
1,20,147,64,37
1,21,147,101,37
1,22,147,97,37
1,23,147,100,37
1,24,147,90,37
1,25,147,88,37
1,26,147,86,37
1,27,147,107,37
1,28,147,87,37
1,29,147,93,37
1,30,147,103,37
1,31,147,109,37
1,32,147,75,37
1,33,147,99,37
1,34,147,102,37
1,35,147,89,37
1,36,147,98,37
1,37,147,105,37
1,38,147,84,37
1,39,147,108,37
1,40,147,96,37
1,41,147,123,37
1,42,147,106,37
1,43,147,91,37
1,44,147,117,37
1,45,147,65,37
1,46,147,92,37
1,47,147,94,37
1,48,147,120,37
1,49,147,104,37
1,50,147,125,37
1,51,147,127,37
1,52,147,129,37
1,53,147,110,37
1,54,147,112,37
1,55,147,70,37
1,56,147,116,37
1,57,147,121,37
1,58,147,118,37
1,59,147,111,37
1,60,147,113,37
1,61,147,124,37
1,62,147,62,37
1,63,147,81,37
1,64,147,126,37
1,65,147,128,37
1,66,147,122,37
1,67,147,115,37
1,68,147,119,37
1,69,147,114,37
1,70,147,21,37
1,71,147,20,37
1,72,147,2,37
1,73,147,22,37
1,74,147,12,37
1,75,147,8,37
1,76,147,27,37
1,77,147,3,37
1,78,147,16,37
1,79,147,6,37
1,80,147,19,37
1,81,147,26,37
1,82,147,4,37
1,83,147,9,37
1,84,147,13,37
1,85,147,10,37
1,86,147,52,37
1,87,147,30,37
1,88,147,18,37
1,89,147,25,37
1,90,147,29,37
1,91,147,5,37
1,92,147,17,37
1,93,147,28,37
1,94,147,33,37
1,95,147,59,37
1,96,147,15,37
1,97,147,14,37
1,98,147,23,37
1,99,147,24,37
1,100,147,11,37
1,101,147,1,37
1,102,147,7,37
1,103,147,44,37
1,104,147,32,37
1,105,147,51,37
1,106,147,56,37
1,107,147,36,37
1,108,147,40,37
1,109,147,38,37
1,110,147,37,37
1,111,147,42,37
1,112,147,35,37
1,113,147,43,37
1,114,147,60,37
1,115,147,58,37
1,116,147,41,37
1,117,147,53,37
1,118,147,54,37
1,119,147,46,37
1,120,147,55,37
1,121,147,39,37
1,122,147,31,37
1,123,147,49,37
1,124,147,47,37
1,125,147,50,37
1,126,147,45,37
1,127,147,48,37
1,128,147,34,37
9,129,147,57,37
1,1,148,66,73
1,2,148,63,73
1,3,148,68,73
1,4,148,71,73
1,5,148,82,73
1,6,148,61,73
1,7,148,76,73
1,8,148,73,73
1,9,148,69,73
1,10,148,80,73
1,11,148,77,73
1,12,148,74,73
1,13,148,78,73
1,14,148,79,73
1,15,148,67,73
1,16,148,83,73
1,17,148,85,73
1,18,148,72,73
1,19,148,95,73
1,20,148,64,73
1,21,148,101,73
1,22,148,97,73
1,23,148,100,73
1,24,148,90,73
1,25,148,88,73
1,26,148,86,73
1,27,148,107,73
1,28,148,87,73
1,29,148,93,73
1,30,148,103,73
1,31,148,109,73
1,32,148,75,73
1,33,148,99,73
1,34,148,102,73
1,35,148,89,73
1,36,148,98,73
1,37,148,105,73
1,38,148,84,73
1,39,148,108,73
1,40,148,96,73
1,41,148,123,73
1,42,148,106,73
1,43,148,91,73
1,44,148,117,73
1,45,148,65,73
1,46,148,92,73
1,47,148,94,73
1,48,148,120,73
1,49,148,104,73
1,50,148,125,73
1,51,148,127,73
1,52,148,129,73
1,53,148,110,73
1,54,148,112,73
1,55,148,70,73
1,56,148,116,73
1,57,148,121,73
1,58,148,118,73
1,59,148,111,73
1,60,148,113,73
1,61,148,124,73
1,62,148,62,73
1,63,148,81,73
1,64,148,126,73
1,65,148,128,73
1,66,148,122,73
1,67,148,115,73
1,68,148,119,73
1,69,148,114,73
1,70,148,21,73
1,71,148,20,73
1,72,148,2,73
1,73,148,22,73
1,74,148,12,73
1,75,148,8,73
1,76,148,27,73
1,77,148,3,73
1,78,148,16,73
1,79,148,6,73
1,80,148,19,73
1,81,148,26,73
1,82,148,4,73
1,83,148,9,73
1,84,148,13,73
1,85,148,10,73
1,86,148,52,73
1,87,148,30,73
1,88,148,18,73
1,89,148,25,73
1,90,148,29,73
1,91,148,5,73
1,92,148,17,73
1,93,148,28,73
1,94,148,33,73
1,95,148,59,73
1,96,148,15,73
1,97,148,14,73
1,98,148,23,73
1,99,148,24,73
1,100,148,11,73
1,101,148,1,73
1,102,148,7,73
1,103,148,44,73
1,104,148,32,73
1,105,148,51,73
1,106,148,56,73
1,107,148,36,73
1,108,148,40,73
1,109,148,38,73
1,110,148,37,73
1,111,148,42,73
1,112,148,35,73
1,113,148,43,73
1,114,148,60,73
1,115,148,58,73
1,116,148,41,73
1,117,148,53,73
1,118,148,54,73
1,119,148,46,73
1,120,148,55,73
1,121,148,39,73
1,122,148,31,73
1,123,148,49,73
1,124,148,47,73
1,125,148,50,73
1,126,148,45,73
1,127,148,48,73
1,128,148,34,73
9,129,148,57,73
1,1,149,66,165
1,2,149,63,165
1,3,149,68,165
1,4,149,71,165
1,5,149,82,165
1,6,149,61,165
1,7,149,76,165
1,8,149,73,165
1,9,149,69,165
1,10,149,80,165
1,11,149,77,165
1,12,149,74,165
1,13,149,78,165
1,14,149,79,165
1,15,149,67,165
1,16,149,83,165
1,17,149,85,165
1,18,149,72,165
1,19,149,95,165
1,20,149,64,165
1,21,149,101,165
1,22,149,97,165
1,23,149,100,165
1,24,149,90,165
1,25,149,88,165
1,26,149,86,165
1,27,149,107,165
1,28,149,87,165
1,29,149,93,165
1,30,149,103,165
1,31,149,109,165
1,32,149,75,165
1,33,149,99,165
1,34,149,102,165
1,35,149,89,165
1,36,149,98,165
1,37,149,105,165
1,38,149,84,165
1,39,149,108,165
1,40,149,96,165
1,41,149,123,165
1,42,149,106,165
1,43,149,91,165
1,44,149,117,165
1,45,149,65,165
1,46,149,92,165
1,47,149,94,165
1,48,149,120,165
1,49,149,104,165
1,50,149,125,165
1,51,149,127,165
1,52,149,129,165
1,53,149,110,165
1,54,149,112,165
1,55,149,70,165
1,56,149,116,165
1,57,149,121,165
1,58,149,118,165
1,59,149,111,165
1,60,149,113,165
1,61,149,124,165
1,62,149,62,165
1,63,149,81,165
1,64,149,126,165
1,65,149,128,165
1,66,149,122,165
1,67,149,115,165
1,68,149,119,165
1,69,149,114,165
1,70,149,21,165
1,71,149,20,165
1,72,149,2,165
1,73,149,22,165
1,74,149,12,165
1,75,149,8,165
1,76,149,27,165
1,77,149,3,165
1,78,149,16,165
1,79,149,6,165
1,80,149,19,165
1,81,149,26,165
1,82,149,4,165
1,83,149,9,165
1,84,149,13,165
1,85,149,10,165
1,86,149,52,165
1,87,149,30,165
1,88,149,18,165
1,89,149,25,165
1,90,149,29,165
1,91,149,5,165
1,92,149,17,165
1,93,149,28,165
1,94,149,33,165
1,95,149,59,165
1,96,149,15,165
1,97,149,14,165
1,98,149,23,165
1,99,149,24,165
1,100,149,11,165
1,101,149,1,165
1,102,149,7,165
1,103,149,44,165
1,104,149,32,165
1,105,149,51,165
1,106,149,56,165
1,107,149,36,165
1,108,149,40,165
1,109,149,38,165
1,110,149,37,165
1,111,149,42,165
1,112,149,35,165
1,113,149,43,165
1,114,149,60,165
1,115,149,58,165
1,116,149,41,165
1,117,149,53,165
1,118,149,54,165
1,119,149,46,165
1,120,149,55,165
1,121,149,39,165
1,122,149,31,165
1,123,149,49,165
1,124,149,47,165
1,125,149,50,165
1,126,149,45,165
1,127,149,48,165
1,128,149,34,165
9,129,149,57,165
1,1,150,66,102
1,2,150,63,102
1,3,150,68,102
1,4,150,71,102
1,5,150,82,102
1,6,150,61,102
1,7,150,76,102
1,8,150,73,102
1,9,150,69,102
1,10,150,80,102
1,11,150,77,102
1,12,150,74,102
1,13,150,78,102
1,14,150,79,102
1,15,150,67,102
1,16,150,83,102
1,17,150,85,102
1,18,150,72,102
1,19,150,95,102
1,20,150,64,102
1,21,150,101,102
1,22,150,97,102
1,23,150,100,102
1,24,150,90,102
1,25,150,88,102
1,26,150,86,102
1,27,150,107,102
1,28,150,87,102
1,29,150,93,102
1,30,150,103,102
1,31,150,109,102
1,32,150,75,102
1,33,150,99,102
1,34,150,102,102
1,35,150,89,102
1,36,150,98,102
1,37,150,105,102
1,38,150,84,102
1,39,150,108,102
1,40,150,96,102
1,41,150,123,102
1,42,150,106,102
1,43,150,91,102
1,44,150,117,102
1,45,150,65,102
1,46,150,92,102
1,47,150,94,102
1,48,150,120,102
1,49,150,104,102
1,50,150,125,102
1,51,150,127,102
1,52,150,129,102
1,53,150,110,102
1,54,150,112,102
1,55,150,70,102
1,56,150,116,102
1,57,150,121,102
1,58,150,118,102
1,59,150,111,102
1,60,150,113,102
1,61,150,124,102
1,62,150,62,102
1,63,150,81,102
1,64,150,126,102
1,65,150,128,102
1,66,150,122,102
1,67,150,115,102
1,68,150,119,102
1,69,150,114,102
1,70,150,21,102
1,71,150,20,102
1,72,150,2,102
1,73,150,22,102
1,74,150,12,102
1,75,150,8,102
1,76,150,27,102
1,77,150,3,102
1,78,150,16,102
1,79,150,6,102
1,80,150,19,102
1,81,150,26,102
1,82,150,4,102
1,83,150,9,102
1,84,150,13,102
1,85,150,10,102
1,86,150,52,102
1,87,150,30,102
1,88,150,18,102
1,89,150,25,102
1,90,150,29,102
1,91,150,5,102
1,92,150,17,102
1,93,150,28,102
1,94,150,33,102
1,95,150,59,102
1,96,150,15,102
8,97,150,14,102
8,98,150,23,102
8,99,150,24,102
8,100,150,11,102
8,101,150,1,102
8,102,150,7,102
1,103,150,44,102
1,104,150,32,102
1,105,150,51,102
1,106,150,56,102
1,107,150,36,102
1,108,150,40,102
1,109,150,38,102
1,110,150,37,102
1,111,150,42,102
1,112,150,35,102
1,113,150,43,102
1,114,150,60,102
1,115,150,58,102
1,116,150,41,102
1,117,150,53,102
1,118,150,54,102
1,119,150,46,102
1,120,150,55,102
1,121,150,39,102
1,122,150,31,102
1,123,150,49,102
1,124,150,47,102
1,125,150,50,102
1,126,150,45,102
1,127,150,48,102
1,128,150,34,102
1,129,150,57,102
1,1,151,66,214
1,2,151,63,214
1,3,151,68,214
1,4,151,71,214
1,5,151,82,214
1,6,151,61,214
1,7,151,76,214
1,8,151,73,214
1,9,151,69,214
1,10,151,80,214
1,11,151,77,214
1,12,151,74,214
1,13,151,78,214
1,14,151,79,214
1,15,151,67,214
1,16,151,83,214
1,17,151,85,214
1,18,151,72,214
1,19,151,95,214
1,20,151,64,214
1,21,151,101,214
1,22,151,97,214
1,23,151,100,214
1,24,151,90,214
1,25,151,88,214
1,26,151,86,214
1,27,151,107,214
1,28,151,87,214
1,29,151,93,214
1,30,151,103,214
1,31,151,109,214
1,32,151,75,214
1,33,151,99,214
1,34,151,102,214
1,35,151,89,214
1,36,151,98,214
1,37,151,105,214
1,38,151,84,214
1,39,151,108,214
1,40,151,96,214
1,41,151,123,214
1,42,151,106,214
1,43,151,91,214
1,44,151,117,214
1,45,151,65,214
1,46,151,92,214
1,47,151,94,214
1,48,151,120,214
1,49,151,104,214
1,50,151,125,214
1,51,151,127,214
1,52,151,129,214
1,53,151,110,214
1,54,151,112,214
1,55,151,70,214
1,56,151,116,214
1,57,151,121,214
1,58,151,118,214
1,59,151,111,214
1,60,151,113,214
1,61,151,124,214
1,62,151,62,214
1,63,151,81,214
1,64,151,126,214
1,65,151,128,214
1,66,151,122,214
1,67,151,115,214
1,68,151,119,214
1,69,151,114,214
1,70,151,21,214
1,71,151,20,214
1,72,151,2,214
1,73,151,22,214
1,74,151,12,214
1,75,151,8,214
1,76,151,27,214
1,77,151,3,214
1,78,151,16,214
1,79,151,6,214
1,80,151,19,214
1,81,151,26,214
1,82,151,4,214
1,83,151,9,214
1,84,151,13,214
1,85,151,10,214
1,86,151,52,214
1,87,151,30,214
1,88,151,18,214
1,89,151,25,214
1,90,151,29,214
1,91,151,5,214
1,92,151,17,214
1,93,151,28,214
1,94,151,33,214
1,95,151,59,214
1,96,151,15,214
8,97,151,14,214
8,98,151,23,214
8,99,151,24,214
8,100,151,11,214
8,101,151,1,214
8,102,151,7,214
1,103,151,44,214
1,104,151,32,214
1,105,151,51,214
1,106,151,56,214
1,107,151,36,214
1,108,151,40,214
1,109,151,38,214
1,110,151,37,214
1,111,151,42,214
1,112,151,35,214
1,113,151,43,214
1,114,151,60,214
1,115,151,58,214
1,116,151,41,214
1,117,151,53,214
1,118,151,54,214
1,119,151,46,214
1,120,151,55,214
1,121,151,39,214
1,122,151,31,214
1,123,151,49,214
1,124,151,47,214
1,125,151,50,214
1,126,151,45,214
1,127,151,48,214
1,128,151,34,214
1,129,151,57,214
1,1,152,66,209
1,2,152,63,209
1,3,152,68,209
1,4,152,71,209
1,5,152,82,209
1,6,152,61,209
1,7,152,76,209
1,8,152,73,209
1,9,152,69,209
1,10,152,80,209
1,11,152,77,209
1,12,152,74,209
1,13,152,78,209
1,14,152,79,209
1,15,152,67,209
1,16,152,83,209
1,17,152,85,209
1,18,152,72,209
1,19,152,95,209
1,20,152,64,209
1,21,152,101,209
1,22,152,97,209
1,23,152,100,209
1,24,152,90,209
1,25,152,88,209
1,26,152,86,209
1,27,152,107,209
1,28,152,87,209
1,29,152,93,209
1,30,152,103,209
1,31,152,109,209
1,32,152,75,209
1,33,152,99,209
1,34,152,102,209
1,35,152,89,209
1,36,152,98,209
1,37,152,105,209
1,38,152,84,209
1,39,152,108,209
1,40,152,96,209
1,41,152,123,209
1,42,152,106,209
1,43,152,91,209
1,44,152,117,209
1,45,152,65,209
1,46,152,92,209
1,47,152,94,209
1,48,152,120,209
1,49,152,104,209
1,50,152,125,209
1,51,152,127,209
1,52,152,129,209
1,53,152,110,209
1,54,152,112,209
1,55,152,70,209
1,56,152,116,209
1,57,152,121,209
1,58,152,118,209
1,59,152,111,209
1,60,152,113,209
1,61,152,124,209
1,62,152,62,209
1,63,152,81,209
1,64,152,126,209
1,65,152,128,209
1,66,152,122,209
1,67,152,115,209
1,68,152,119,209
1,69,152,114,209
1,70,152,21,209
1,71,152,20,209
5,72,152,2,209
5,73,152,22,209
5,74,152,12,209
5,75,152,8,209
5,76,152,27,209
5,77,152,3,209
5,78,152,16,209
5,79,152,6,209
5,80,152,19,209
5,81,152,26,209
5,82,152,4,209
5,83,152,9,209
5,84,152,13,209
5,85,152,10,209
5,86,152,52,209
5,87,152,30,209
5,88,152,18,209
5,89,152,25,209
5,90,152,29,209
5,91,152,5,209
5,92,152,17,209
5,93,152,28,209
5,94,152,33,209
5,95,152,59,209
5,96,152,15,209
5,97,152,14,209
5,98,152,23,209
5,99,152,24,209
5,100,152,11,209
5,101,152,1,209
5,102,152,7,209
1,103,152,44,209
1,104,152,32,209
1,105,152,51,209
1,106,152,56,209
1,107,152,36,209
1,108,152,40,209
1,109,152,38,209
1,110,152,37,209
1,111,152,42,209
1,112,152,35,209
1,113,152,43,209
1,114,152,60,209
1,115,152,58,209
1,116,152,41,209
1,117,152,53,209
1,118,152,54,209
1,119,152,46,209
1,120,152,55,209
1,121,152,39,209
1,122,152,31,209
1,123,152,49,209
1,124,152,47,209
1,125,152,50,209
1,126,152,45,209
1,127,152,48,209
1,128,152,34,209
1,129,152,57,209
1,1,153,66,148
1,2,153,63,148
1,3,153,68,148
1,4,153,71,148
1,5,153,82,148
1,6,153,61,148
1,7,153,76,148
1,8,153,73,148
1,9,153,69,148
1,10,153,80,148
1,11,153,77,148
1,12,153,74,148
1,13,153,78,148
1,14,153,79,148
1,15,153,67,148
1,16,153,83,148
1,17,153,85,148
1,18,153,72,148
1,19,153,95,148
1,20,153,64,148
1,21,153,101,148
1,22,153,97,148
1,23,153,100,148
1,24,153,90,148
1,25,153,88,148
1,26,153,86,148
1,27,153,107,148
1,28,153,87,148
1,29,153,93,148
1,30,153,103,148
1,31,153,109,148
1,32,153,75,148
1,33,153,99,148
1,34,153,102,148
1,35,153,89,148
1,36,153,98,148
1,37,153,105,148
1,38,153,84,148
1,39,153,108,148
1,40,153,96,148
1,41,153,123,148
1,42,153,106,148
1,43,153,91,148
1,44,153,117,148
1,45,153,65,148
1,46,153,92,148
1,47,153,94,148
1,48,153,120,148
1,49,153,104,148
1,50,153,125,148
1,51,153,127,148
1,52,153,129,148
1,53,153,110,148
1,54,153,112,148
1,55,153,70,148
1,56,153,116,148
1,57,153,121,148
1,58,153,118,148
1,59,153,111,148
1,60,153,113,148
1,61,153,124,148
1,62,153,62,148
1,63,153,81,148
1,64,153,126,148
1,65,153,128,148
1,66,153,122,148
1,67,153,115,148
1,68,153,119,148
1,69,153,114,148
1,70,153,21,148
1,71,153,20,148
5,72,153,2,148
5,73,153,22,148
5,74,153,12,148
5,75,153,8,148
5,76,153,27,148
5,77,153,3,148
5,78,153,16,148
5,79,153,6,148
5,80,153,19,148
5,81,153,26,148
5,82,153,4,148
5,83,153,9,148
5,84,153,13,148
5,85,153,10,148
5,86,153,52,148
5,87,153,30,148
5,88,153,18,148
5,89,153,25,148
5,90,153,29,148
5,91,153,5,148
5,92,153,17,148
5,93,153,28,148
5,94,153,33,148
5,95,153,59,148
5,96,153,15,148
5,97,153,14,148
5,98,153,23,148
5,99,153,24,148
5,100,153,11,148
5,101,153,1,148
5,102,153,7,148
1,103,153,44,148
1,104,153,32,148
1,105,153,51,148
1,106,153,56,148
1,107,153,36,148
1,108,153,40,148
1,109,153,38,148
1,110,153,37,148
1,111,153,42,148
1,112,153,35,148
1,113,153,43,148
1,114,153,60,148
1,115,153,58,148
1,116,153,41,148
1,117,153,53,148
1,118,153,54,148
1,119,153,46,148
1,120,153,55,148
1,121,153,39,148
1,122,153,31,148
1,123,153,49,148
1,124,153,47,148
1,125,153,50,148
1,126,153,45,148
1,127,153,48,148
1,128,153,34,148
1,129,153,57,148
1,1,154,66,150
1,2,154,63,150
1,3,154,68,150
1,4,154,71,150
1,5,154,82,150
1,6,154,61,150
1,7,154,76,150
1,8,154,73,150
1,9,154,69,150
1,10,154,80,150
1,11,154,77,150
1,12,154,74,150
1,13,154,78,150
1,14,154,79,150
1,15,154,67,150
1,16,154,83,150
1,17,154,85,150
1,18,154,72,150
1,19,154,95,150
1,20,154,64,150
1,21,154,101,150
1,22,154,97,150
1,23,154,100,150
1,24,154,90,150
1,25,154,88,150
1,26,154,86,150
1,27,154,107,150
1,28,154,87,150
1,29,154,93,150
1,30,154,103,150
1,31,154,109,150
1,32,154,75,150
1,33,154,99,150
1,34,154,102,150
1,35,154,89,150
1,36,154,98,150
1,37,154,105,150
1,38,154,84,150
1,39,154,108,150
1,40,154,96,150
1,41,154,123,150
1,42,154,106,150
1,43,154,91,150
1,44,154,117,150
1,45,154,65,150
1,46,154,92,150
1,47,154,94,150
1,48,154,120,150
1,49,154,104,150
1,50,154,125,150
1,51,154,127,150
1,52,154,129,150
1,53,154,110,150
1,54,154,112,150
1,55,154,70,150
1,56,154,116,150
1,57,154,121,150
1,58,154,118,150
1,59,154,111,150
1,60,154,113,150
1,61,154,124,150
1,62,154,62,150
1,63,154,81,150
1,64,154,126,150
1,65,154,128,150
1,66,154,122,150
1,67,154,115,150
1,68,154,119,150
1,69,154,114,150
1,70,154,21,150
1,71,154,20,150
5,72,154,2,150
5,73,154,22,150
5,74,154,12,150
5,75,154,8,150
5,76,154,27,150
5,77,154,3,150
5,78,154,16,150
5,79,154,6,150
5,80,154,19,150
5,81,154,26,150
5,82,154,4,150
5,83,154,9,150
5,84,154,13,150
5,85,154,10,150
5,86,154,52,150
5,87,154,30,150
5,88,154,18,150
5,89,154,25,150
5,90,154,29,150
5,91,154,5,150
5,92,154,17,150
5,93,154,28,150
5,94,154,33,150
5,95,154,59,150
5,96,154,15,150
5,97,154,14,150
5,98,154,23,150
5,99,154,24,150
5,100,154,11,150
5,101,154,1,150
5,102,154,7,150
1,103,154,44,150
1,104,154,32,150
1,105,154,51,150
1,106,154,56,150
1,107,154,36,150
1,108,154,40,150
1,109,154,38,150
1,110,154,37,150
1,111,154,42,150
1,112,154,35,150
1,113,154,43,150
1,114,154,60,150
1,115,154,58,150
1,116,154,41,150
1,117,154,53,150
1,118,154,54,150
1,119,154,46,150
1,120,154,55,150
1,121,154,39,150
1,122,154,31,150
1,123,154,49,150
1,124,154,47,150
1,125,154,50,150
1,126,154,45,150
1,127,154,48,150
1,128,154,34,150
1,129,154,57,150
1,1,155,66,106
1,2,155,63,106
1,3,155,68,106
1,4,155,71,106
1,5,155,82,106
1,6,155,61,106
1,7,155,76,106
1,8,155,73,106
1,9,155,69,106
1,10,155,80,106
1,11,155,77,106
1,12,155,74,106
1,13,155,78,106
1,14,155,79,106
1,15,155,67,106
1,16,155,83,106
1,17,155,85,106
1,18,155,72,106
1,19,155,95,106
1,20,155,64,106
1,21,155,101,106
1,22,155,97,106
1,23,155,100,106
1,24,155,90,106
1,25,155,88,106
1,26,155,86,106
1,27,155,107,106
1,28,155,87,106
1,29,155,93,106
1,30,155,103,106
1,31,155,109,106
1,32,155,75,106
1,33,155,99,106
1,34,155,102,106
1,35,155,89,106
1,36,155,98,106
1,37,155,105,106
1,38,155,84,106
1,39,155,108,106
1,40,155,96,106
1,41,155,123,106
1,42,155,106,106
1,43,155,91,106
1,44,155,117,106
1,45,155,65,106
1,46,155,92,106
1,47,155,94,106
1,48,155,120,106
1,49,155,104,106
1,50,155,125,106
1,51,155,127,106
1,52,155,129,106
1,53,155,110,106
1,54,155,112,106
1,55,155,70,106
1,56,155,116,106
1,57,155,121,106
1,58,155,118,106
1,59,155,111,106
1,60,155,113,106
1,61,155,124,106
1,62,155,62,106
1,63,155,81,106
1,64,155,126,106
1,65,155,128,106
1,66,155,122,106
1,67,155,115,106
1,68,155,119,106
1,69,155,114,106
1,70,155,21,106
1,71,155,20,106
5,72,155,2,106
5,73,155,22,106
5,74,155,12,106
5,75,155,8,106
5,76,155,27,106
5,77,155,3,106
5,78,155,16,106
5,79,155,6,106
5,80,155,19,106
5,81,155,26,106
5,82,155,4,106
5,83,155,9,106
5,84,155,13,106
5,85,155,10,106
5,86,155,52,106
5,87,155,30,106
5,88,155,18,106
5,89,155,25,106
5,90,155,29,106
5,91,155,5,106
5,92,155,17,106
5,93,155,28,106
5,94,155,33,106
5,95,155,59,106
5,96,155,15,106
5,97,155,14,106
5,98,155,23,106
5,99,155,24,106
5,100,155,11,106
5,101,155,1,106
5,102,155,7,106
1,103,155,44,106
1,104,155,32,106
1,105,155,51,106
1,106,155,56,106
1,107,155,36,106
1,108,155,40,106
1,109,155,38,106
1,110,155,37,106
1,111,155,42,106
1,112,155,35,106
1,113,155,43,106
1,114,155,60,106
1,115,155,58,106
1,116,155,41,106
1,117,155,53,106
1,118,155,54,106
1,119,155,46,106
1,120,155,55,106
1,121,155,39,106
1,122,155,31,106
1,123,155,49,106
1,124,155,47,106
1,125,155,50,106
1,126,155,45,106
1,127,155,48,106
1,128,155,34,106
1,129,155,57,106
1,1,156,66,42
1,2,156,63,42
1,3,156,68,42
1,4,156,71,42
1,5,156,82,42
1,6,156,61,42
1,7,156,76,42
1,8,156,73,42
1,9,156,69,42
1,10,156,80,42
1,11,156,77,42
1,12,156,74,42
1,13,156,78,42
1,14,156,79,42
1,15,156,67,42
1,16,156,83,42
1,17,156,85,42
1,18,156,72,42
1,19,156,95,42
1,20,156,64,42
1,21,156,101,42
1,22,156,97,42
1,23,156,100,42
1,24,156,90,42
1,25,156,88,42
1,26,156,86,42
1,27,156,107,42
1,28,156,87,42
1,29,156,93,42
1,30,156,103,42
1,31,156,109,42
1,32,156,75,42
1,33,156,99,42
1,34,156,102,42
1,35,156,89,42
1,36,156,98,42
1,37,156,105,42
1,38,156,84,42
1,39,156,108,42
1,40,156,96,42
1,41,156,123,42
1,42,156,106,42
1,43,156,91,42
1,44,156,117,42
1,45,156,65,42
1,46,156,92,42
1,47,156,94,42
1,48,156,120,42
1,49,156,104,42
1,50,156,125,42
1,51,156,127,42
1,52,156,129,42
1,53,156,110,42
1,54,156,112,42
1,55,156,70,42
1,56,156,116,42
1,57,156,121,42
1,58,156,118,42
1,59,156,111,42
1,60,156,113,42
1,61,156,124,42
1,62,156,62,42
1,63,156,81,42
1,64,156,126,42
1,65,156,128,42
1,66,156,122,42
1,67,156,115,42
1,68,156,119,42
1,69,156,114,42
1,70,156,21,42
1,71,156,20,42
5,72,156,2,42
5,73,156,22,42
5,74,156,12,42
5,75,156,8,42
5,76,156,27,42
5,77,156,3,42
5,78,156,16,42
5,79,156,6,42
5,80,156,19,42
5,81,156,26,42
5,82,156,4,42
5,83,156,9,42
5,84,156,13,42
5,85,156,10,42
5,86,156,52,42
5,87,156,30,42
5,88,156,18,42
5,89,156,25,42
5,90,156,29,42
5,91,156,5,42
5,92,156,17,42
5,93,156,28,42
5,94,156,33,42
5,95,156,59,42
5,96,156,15,42
5,97,156,14,42
5,98,156,23,42
5,99,156,24,42
5,100,156,11,42
5,101,156,1,42
5,102,156,7,42
1,103,156,44,42
1,104,156,32,42
1,105,156,51,42
1,106,156,56,42
1,107,156,36,42
1,108,156,40,42
1,109,156,38,42
1,110,156,37,42
1,111,156,42,42
1,112,156,35,42
1,113,156,43,42
1,114,156,60,42
1,115,156,58,42
1,116,156,41,42
1,117,156,53,42
1,118,156,54,42
1,119,156,46,42
1,120,156,55,42
1,121,156,39,42
1,122,156,31,42
1,123,156,49,42
1,124,156,47,42
1,125,156,50,42
1,126,156,45,42
1,127,156,48,42
1,128,156,34,42
1,129,156,57,42
1,1,157,66,198
1,2,157,63,198
1,3,157,68,198
1,4,157,71,198
1,5,157,82,198
1,6,157,61,198
1,7,157,76,198
1,8,157,73,198
1,9,157,69,198
1,10,157,80,198
1,11,157,77,198
1,12,157,74,198
1,13,157,78,198
1,14,157,79,198
1,15,157,67,198
1,16,157,83,198
1,17,157,85,198
1,18,157,72,198
1,19,157,95,198
1,20,157,64,198
1,21,157,101,198
1,22,157,97,198
1,23,157,100,198
1,24,157,90,198
1,25,157,88,198
1,26,157,86,198
1,27,157,107,198
1,28,157,87,198
1,29,157,93,198
1,30,157,103,198
1,31,157,109,198
1,32,157,75,198
1,33,157,99,198
1,34,157,102,198
1,35,157,89,198
1,36,157,98,198
1,37,157,105,198
1,38,157,84,198
1,39,157,108,198
1,40,157,96,198
1,41,157,123,198
1,42,157,106,198
1,43,157,91,198
1,44,157,117,198
1,45,157,65,198
1,46,157,92,198
1,47,157,94,198
1,48,157,120,198
1,49,157,104,198
4,50,157,125,198
4,51,157,127,198
4,52,157,129,198
4,53,157,110,198
4,54,157,112,198
4,55,157,70,198
4,56,157,116,198
4,57,157,121,198
4,58,157,118,198
4,59,157,111,198
4,60,157,113,198
4,61,157,124,198
4,62,157,62,198
4,63,157,81,198
4,64,157,126,198
4,65,157,128,198
4,66,157,122,198
4,67,157,115,198
4,68,157,119,198
4,69,157,114,198
4,70,157,21,198
4,71,157,20,198
5,72,157,2,198
5,73,157,22,198
5,74,157,12,198
5,75,157,8,198
5,76,157,27,198
5,77,157,3,198
5,78,157,16,198
5,79,157,6,198
5,80,157,19,198
5,81,157,26,198
5,82,157,4,198
5,83,157,9,198
5,84,157,13,198
5,85,157,10,198
5,86,157,52,198
5,87,157,30,198
5,88,157,18,198
5,89,157,25,198
5,90,157,29,198
5,91,157,5,198
5,92,157,17,198
5,93,157,28,198
5,94,157,33,198
5,95,157,59,198
5,96,157,15,198
5,97,157,14,198
5,98,157,23,198
5,99,157,24,198
5,100,157,11,198
5,101,157,1,198
5,102,157,7,198
1,103,157,44,198
1,104,157,32,198
1,105,157,51,198
1,106,157,56,198
1,107,157,36,198
1,108,157,40,198
1,109,157,38,198
1,110,157,37,198
1,111,157,42,198
1,112,157,35,198
1,113,157,43,198
1,114,157,60,198
1,115,157,58,198
1,116,157,41,198
1,117,157,53,198
1,118,157,54,198
1,119,157,46,198
1,120,157,55,198
1,121,157,39,198
1,122,157,31,198
1,123,157,49,198
1,124,157,47,198
1,125,157,50,198
1,126,157,45,198
1,127,157,48,198
1,128,157,34,198
1,129,157,57,198
1,1,158,66,177
1,2,158,63,177
1,3,158,68,177
1,4,158,71,177
1,5,158,82,177
1,6,158,61,177
1,7,158,76,177
1,8,158,73,177
1,9,158,69,177
1,10,158,80,177
1,11,158,77,177
1,12,158,74,177
1,13,158,78,177
1,14,158,79,177
1,15,158,67,177
1,16,158,83,177
1,17,158,85,177
1,18,158,72,177
1,19,158,95,177
1,20,158,64,177
1,21,158,101,177
1,22,158,97,177
1,23,158,100,177
1,24,158,90,177
1,25,158,88,177
1,26,158,86,177
1,27,158,107,177
1,28,158,87,177
1,29,158,93,177
1,30,158,103,177
1,31,158,109,177
1,32,158,75,177
1,33,158,99,177
1,34,158,102,177
1,35,158,89,177
1,36,158,98,177
1,37,158,105,177
1,38,158,84,177
1,39,158,108,177
1,40,158,96,177
1,41,158,123,177
1,42,158,106,177
1,43,158,91,177
1,44,158,117,177
1,45,158,65,177
1,46,158,92,177
1,47,158,94,177
1,48,158,120,177
1,49,158,104,177
1,50,158,125,177
1,51,158,127,177
1,52,158,129,177
1,53,158,110,177
1,54,158,112,177
1,55,158,70,177
1,56,158,116,177
1,57,158,121,177
1,58,158,118,177
1,59,158,111,177
1,60,158,113,177
1,61,158,124,177
1,62,158,62,177
1,63,158,81,177
1,64,158,126,177
1,65,158,128,177
1,66,158,122,177
1,67,158,115,177
1,68,158,119,177
1,69,158,114,177
1,70,158,21,177
1,71,158,20,177
5,72,158,2,177
5,73,158,22,177
5,74,158,12,177
5,75,158,8,177
5,76,158,27,177
5,77,158,3,177
5,78,158,16,177
5,79,158,6,177
5,80,158,19,177
5,81,158,26,177
5,82,158,4,177
5,83,158,9,177
5,84,158,13,177
5,85,158,10,177
5,86,158,52,177
5,87,158,30,177
5,88,158,18,177
5,89,158,25,177
5,90,158,29,177
5,91,158,5,177
5,92,158,17,177
5,93,158,28,177
5,94,158,33,177
5,95,158,59,177
5,96,158,15,177
5,97,158,14,177
5,98,158,23,177
5,99,158,24,177
5,100,158,11,177
5,101,158,1,177
5,102,158,7,177
1,103,158,44,177
1,104,158,32,177
1,105,158,51,177
1,106,158,56,177
1,107,158,36,177
1,108,158,40,177
1,109,158,38,177
1,110,158,37,177
1,111,158,42,177
1,112,158,35,177
1,113,158,43,177
1,114,158,60,177
1,115,158,58,177
1,116,158,41,177
1,117,158,53,177
1,118,158,54,177
1,119,158,46,177
1,120,158,55,177
1,121,158,39,177
1,122,158,31,177
1,123,158,49,177
1,124,158,47,177
1,125,158,50,177
1,126,158,45,177
1,127,158,48,177
1,128,158,34,177
1,129,158,57,177
1,1,159,66,112
1,2,159,63,112
1,3,159,68,112
1,4,159,71,112
1,5,159,82,112
1,6,159,61,112
1,7,159,76,112
1,8,159,73,112
1,9,159,69,112
1,10,159,80,112
1,11,159,77,112
1,12,159,74,112
1,13,159,78,112
1,14,159,79,112
1,15,159,67,112
1,16,159,83,112
1,17,159,85,112
1,18,159,72,112
1,19,159,95,112
1,20,159,64,112
1,21,159,101,112
1,22,159,97,112
1,23,159,100,112
1,24,159,90,112
1,25,159,88,112
1,26,159,86,112
1,27,159,107,112
1,28,159,87,112
1,29,159,93,112
1,30,159,103,112
1,31,159,109,112
1,32,159,75,112
1,33,159,99,112
1,34,159,102,112
1,35,159,89,112
1,36,159,98,112
1,37,159,105,112
1,38,159,84,112
1,39,159,108,112
1,40,159,96,112
1,41,159,123,112
1,42,159,106,112
1,43,159,91,112
1,44,159,117,112
1,45,159,65,112
1,46,159,92,112
1,47,159,94,112
1,48,159,120,112
1,49,159,104,112
1,50,159,125,112
1,51,159,127,112
1,52,159,129,112
1,53,159,110,112
1,54,159,112,112
1,55,159,70,112
1,56,159,116,112
1,57,159,121,112
1,58,159,118,112
1,59,159,111,112
1,60,159,113,112
1,61,159,124,112
1,62,159,62,112
1,63,159,81,112
1,64,159,126,112
1,65,159,128,112
1,66,159,122,112
1,67,159,115,112
1,68,159,119,112
1,69,159,114,112
1,70,159,21,112
1,71,159,20,112
5,72,159,2,112
5,73,159,22,112
5,74,159,12,112
5,75,159,8,112
5,76,159,27,112
5,77,159,3,112
5,78,159,16,112
5,79,159,6,112
5,80,159,19,112
5,81,159,26,112
5,82,159,4,112
5,83,159,9,112
5,84,159,13,112
5,85,159,10,112
5,86,159,52,112
5,87,159,30,112
5,88,159,18,112
5,89,159,25,112
5,90,159,29,112
5,91,159,5,112
5,92,159,17,112
5,93,159,28,112
5,94,159,33,112
5,95,159,59,112
5,96,159,15,112
5,97,159,14,112
5,98,159,23,112
5,99,159,24,112
5,100,159,11,112
5,101,159,1,112
5,102,159,7,112
1,103,159,44,112
1,104,159,32,112
1,105,159,51,112
1,106,159,56,112
1,107,159,36,112
1,108,159,40,112
1,109,159,38,112
1,110,159,37,112
1,111,159,42,112
1,112,159,35,112
1,113,159,43,112
1,114,159,60,112
1,115,159,58,112
1,116,159,41,112
1,117,159,53,112
1,118,159,54,112
1,119,159,46,112
1,120,159,55,112
1,121,159,39,112
1,122,159,31,112
1,123,159,49,112
1,124,159,47,112
1,125,159,50,112
1,126,159,45,112
1,127,159,48,112
1,128,159,34,112
1,129,159,57,112
1,1,160,66,101
1,2,160,63,101
1,3,160,68,101
1,4,160,71,101
1,5,160,82,101
1,6,160,61,101
1,7,160,76,101
1,8,160,73,101
1,9,160,69,101
1,10,160,80,101
1,11,160,77,101
1,12,160,74,101
1,13,160,78,101
1,14,160,79,101
1,15,160,67,101
1,16,160,83,101
1,17,160,85,101
1,18,160,72,101
1,19,160,95,101
1,20,160,64,101
1,21,160,101,101
1,22,160,97,101
1,23,160,100,101
1,24,160,90,101
1,25,160,88,101
1,26,160,86,101
1,27,160,107,101
1,28,160,87,101
1,29,160,93,101
1,30,160,103,101
1,31,160,109,101
1,32,160,75,101
1,33,160,99,101
1,34,160,102,101
1,35,160,89,101
1,36,160,98,101
1,37,160,105,101
1,38,160,84,101
1,39,160,108,101
1,40,160,96,101
1,41,160,123,101
1,42,160,106,101
1,43,160,91,101
1,44,160,117,101
1,45,160,65,101
1,46,160,92,101
1,47,160,94,101
1,48,160,120,101
1,49,160,104,101
1,50,160,125,101
1,51,160,127,101
1,52,160,129,101
1,53,160,110,101
1,54,160,112,101
1,55,160,70,101
1,56,160,116,101
1,57,160,121,101
1,58,160,118,101
1,59,160,111,101
1,60,160,113,101
1,61,160,124,101
1,62,160,62,101
1,63,160,81,101
1,64,160,126,101
1,65,160,128,101
1,66,160,122,101
1,67,160,115,101
1,68,160,119,101
1,69,160,114,101
1,70,160,21,101
1,71,160,20,101
1,72,160,2,101
1,73,160,22,101
1,74,160,12,101
1,75,160,8,101
1,76,160,27,101
1,77,160,3,101
1,78,160,16,101
1,79,160,6,101
1,80,160,19,101
1,81,160,26,101
1,82,160,4,101
1,83,160,9,101
1,84,160,13,101
1,85,160,10,101
1,86,160,52,101
1,87,160,30,101
1,88,160,18,101
1,89,160,25,101
1,90,160,29,101
1,91,160,5,101
1,92,160,17,101
1,93,160,28,101
1,94,160,33,101
1,95,160,59,101
1,96,160,15,101
1,97,160,14,101
1,98,160,23,101
1,99,160,24,101
1,100,160,11,101
1,101,160,1,101
1,102,160,7,101
18,103,160,44,101
1,104,160,32,101
1,105,160,51,101
1,106,160,56,101
1,107,160,36,101
1,108,160,40,101
1,109,160,38,101
1,110,160,37,101
1,111,160,42,101
1,112,160,35,101
1,113,160,43,101
1,114,160,60,101
1,115,160,58,101
1,116,160,41,101
1,117,160,53,101
1,118,160,54,101
1,119,160,46,101
1,120,160,55,101
1,121,160,39,101
1,122,160,31,101
1,123,160,49,101
1,124,160,47,101
1,125,160,50,101
1,126,160,45,101
1,127,160,48,101
1,128,160,34,101
1,129,160,57,101
1,1,161,66,122
1,2,161,63,122
1,3,161,68,122
1,4,161,71,122
1,5,161,82,122
1,6,161,61,122
1,7,161,76,122
1,8,161,73,122
1,9,161,69,122
1,10,161,80,122
1,11,161,77,122
1,12,161,74,122
1,13,161,78,122
1,14,161,79,122
1,15,161,67,122
1,16,161,83,122
1,17,161,85,122
1,18,161,72,122
1,19,161,95,122
1,20,161,64,122
1,21,161,101,122
1,22,161,97,122
1,23,161,100,122
1,24,161,90,122
1,25,161,88,122
1,26,161,86,122
1,27,161,107,122
1,28,161,87,122
1,29,161,93,122
1,30,161,103,122
1,31,161,109,122
1,32,161,75,122
1,33,161,99,122
1,34,161,102,122
1,35,161,89,122
1,36,161,98,122
1,37,161,105,122
1,38,161,84,122
1,39,161,108,122
1,40,161,96,122
1,41,161,123,122
1,42,161,106,122
1,43,161,91,122
1,44,161,117,122
1,45,161,65,122
1,46,161,92,122
1,47,161,94,122
1,48,161,120,122
1,49,161,104,122
1,50,161,125,122
1,51,161,127,122
1,52,161,129,122
1,53,161,110,122
1,54,161,112,122
1,55,161,70,122
1,56,161,116,122
1,57,161,121,122
1,58,161,118,122
1,59,161,111,122
1,60,161,113,122
1,61,161,124,122
1,62,161,62,122
1,63,161,81,122
1,64,161,126,122
1,65,161,128,122
1,66,161,122,122
1,67,161,115,122
1,68,161,119,122
1,69,161,114,122
1,70,161,21,122
1,71,161,20,122
1,72,161,2,122
1,73,161,22,122
1,74,161,12,122
1,75,161,8,122
1,76,161,27,122
1,77,161,3,122
1,78,161,16,122
1,79,161,6,122
1,80,161,19,122
1,81,161,26,122
1,82,161,4,122
1,83,161,9,122
1,84,161,13,122
1,85,161,10,122
1,86,161,52,122
1,87,161,30,122
1,88,161,18,122
1,89,161,25,122
1,90,161,29,122
1,91,161,5,122
1,92,161,17,122
1,93,161,28,122
1,94,161,33,122
1,95,161,59,122
1,96,161,15,122
1,97,161,14,122
1,98,161,23,122
1,99,161,24,122
1,100,161,11,122
1,101,161,1,122
1,102,161,7,122
1,103,161,44,122
1,104,161,32,122
1,105,161,51,122
1,106,161,56,122
1,107,161,36,122
1,108,161,40,122
1,109,161,38,122
1,110,161,37,122
1,111,161,42,122
1,112,161,35,122
1,113,161,43,122
1,114,161,60,122
1,115,161,58,122
1,116,161,41,122
1,117,161,53,122
1,118,161,54,122
1,119,161,46,122
1,120,161,55,122
1,121,161,39,122
1,122,161,31,122
1,123,161,49,122
1,124,161,47,122
1,125,161,50,122
1,126,161,45,122
1,127,161,48,122
1,128,161,34,122
1,129,161,57,122
1,1,162,66,63
1,2,162,63,63
1,3,162,68,63
1,4,162,71,63
1,5,162,82,63
1,6,162,61,63
1,7,162,76,63
1,8,162,73,63
1,9,162,69,63
1,10,162,80,63
1,11,162,77,63
1,12,162,74,63
1,13,162,78,63
1,14,162,79,63
1,15,162,67,63
1,16,162,83,63
1,17,162,85,63
1,18,162,72,63
1,19,162,95,63
1,20,162,64,63
1,21,162,101,63
1,22,162,97,63
1,23,162,100,63
1,24,162,90,63
1,25,162,88,63
1,26,162,86,63
1,27,162,107,63
1,28,162,87,63
1,29,162,93,63
1,30,162,103,63
1,31,162,109,63
1,32,162,75,63
1,33,162,99,63
1,34,162,102,63
1,35,162,89,63
1,36,162,98,63
1,37,162,105,63
1,38,162,84,63
1,39,162,108,63
1,40,162,96,63
1,41,162,123,63
1,42,162,106,63
1,43,162,91,63
1,44,162,117,63
1,45,162,65,63
1,46,162,92,63
1,47,162,94,63
1,48,162,120,63
1,49,162,104,63
1,50,162,125,63
1,51,162,127,63
1,52,162,129,63
1,53,162,110,63
1,54,162,112,63
1,55,162,70,63
1,56,162,116,63
1,57,162,121,63
1,58,162,118,63
1,59,162,111,63
1,60,162,113,63
1,61,162,124,63
1,62,162,62,63
1,63,162,81,63
1,64,162,126,63
1,65,162,128,63
1,66,162,122,63
1,67,162,115,63
1,68,162,119,63
1,69,162,114,63
1,70,162,21,63
1,71,162,20,63
1,72,162,2,63
1,73,162,22,63
1,74,162,12,63
1,75,162,8,63
1,76,162,27,63
1,77,162,3,63
1,78,162,16,63
1,79,162,6,63
1,80,162,19,63
1,81,162,26,63
1,82,162,4,63
1,83,162,9,63
1,84,162,13,63
1,85,162,10,63
1,86,162,52,63
1,87,162,30,63
1,88,162,18,63
1,89,162,25,63
1,90,162,29,63
1,91,162,5,63
1,92,162,17,63
1,93,162,28,63
1,94,162,33,63
1,95,162,59,63
1,96,162,15,63
1,97,162,14,63
1,98,162,23,63
1,99,162,24,63
1,100,162,11,63
1,101,162,1,63
1,102,162,7,63
1,103,162,44,63
1,104,162,32,63
1,105,162,51,63
1,106,162,56,63
1,107,162,36,63
1,108,162,40,63
1,109,162,38,63
1,110,162,37,63
1,111,162,42,63
1,112,162,35,63
1,113,162,43,63
1,114,162,60,63
1,115,162,58,63
1,116,162,41,63
1,117,162,53,63
1,118,162,54,63
1,119,162,46,63
1,120,162,55,63
1,121,162,39,63
1,122,162,31,63
1,123,162,49,63
1,124,162,47,63
1,125,162,50,63
1,126,162,45,63
1,127,162,48,63
1,128,162,34,63
1,129,162,57,63
1,1,163,66,59
1,2,163,63,59
1,3,163,68,59
1,4,163,71,59
1,5,163,82,59
1,6,163,61,59
1,7,163,76,59
1,8,163,73,59
1,9,163,69,59
1,10,163,80,59
1,11,163,77,59
1,12,163,74,59
1,13,163,78,59
1,14,163,79,59
1,15,163,67,59
1,16,163,83,59
1,17,163,85,59
1,18,163,72,59
1,19,163,95,59
1,20,163,64,59
1,21,163,101,59
1,22,163,97,59
1,23,163,100,59
1,24,163,90,59
1,25,163,88,59
1,26,163,86,59
1,27,163,107,59
1,28,163,87,59
1,29,163,93,59
1,30,163,103,59
1,31,163,109,59
1,32,163,75,59
1,33,163,99,59
1,34,163,102,59
1,35,163,89,59
1,36,163,98,59
1,37,163,105,59
1,38,163,84,59
1,39,163,108,59
1,40,163,96,59
1,41,163,123,59
1,42,163,106,59
1,43,163,91,59
1,44,163,117,59
1,45,163,65,59
1,46,163,92,59
1,47,163,94,59
1,48,163,120,59
1,49,163,104,59
1,50,163,125,59
1,51,163,127,59
1,52,163,129,59
1,53,163,110,59
1,54,163,112,59
1,55,163,70,59
1,56,163,116,59
1,57,163,121,59
1,58,163,118,59
1,59,163,111,59
1,60,163,113,59
1,61,163,124,59
1,62,163,62,59
1,63,163,81,59
1,64,163,126,59
1,65,163,128,59
1,66,163,122,59
1,67,163,115,59
1,68,163,119,59
1,69,163,114,59
1,70,163,21,59
1,71,163,20,59
1,72,163,2,59
1,73,163,22,59
1,74,163,12,59
1,75,163,8,59
1,76,163,27,59
1,77,163,3,59
1,78,163,16,59
1,79,163,6,59
1,80,163,19,59
1,81,163,26,59
1,82,163,4,59
1,83,163,9,59
1,84,163,13,59
1,85,163,10,59
1,86,163,52,59
1,87,163,30,59
1,88,163,18,59
1,89,163,25,59
1,90,163,29,59
1,91,163,5,59
1,92,163,17,59
1,93,163,28,59
1,94,163,33,59
1,95,163,59,59
1,96,163,15,59
1,97,163,14,59
1,98,163,23,59
1,99,163,24,59
1,100,163,11,59
1,101,163,1,59
1,102,163,7,59
1,103,163,44,59
1,104,163,32,59
1,105,163,51,59
1,106,163,56,59
1,107,163,36,59
1,108,163,40,59
1,109,163,38,59
1,110,163,37,59
1,111,163,42,59
1,112,163,35,59
1,113,163,43,59
1,114,163,60,59
1,115,163,58,59
1,116,163,41,59
1,117,163,53,59
1,118,163,54,59
1,119,163,46,59
1,120,163,55,59
1,121,163,39,59
1,122,163,31,59
1,123,163,49,59
1,124,163,47,59
1,125,163,50,59
1,126,163,45,59
1,127,163,48,59
1,128,163,34,59
1,129,163,57,59
1,1,164,66,187
1,2,164,63,187
1,3,164,68,187
1,4,164,71,187
1,5,164,82,187
1,6,164,61,187
1,7,164,76,187
1,8,164,73,187
1,9,164,69,187
1,10,164,80,187
1,11,164,77,187
1,12,164,74,187
1,13,164,78,187
1,14,164,79,187
1,15,164,67,187
1,16,164,83,187
1,17,164,85,187
1,18,164,72,187
1,19,164,95,187
1,20,164,64,187
1,21,164,101,187
1,22,164,97,187
1,23,164,100,187
1,24,164,90,187
1,25,164,88,187
1,26,164,86,187
1,27,164,107,187
1,28,164,87,187
1,29,164,93,187
1,30,164,103,187
1,31,164,109,187
1,32,164,75,187
1,33,164,99,187
1,34,164,102,187
1,35,164,89,187
1,36,164,98,187
1,37,164,105,187
1,38,164,84,187
1,39,164,108,187
1,40,164,96,187
1,41,164,123,187
1,42,164,106,187
1,43,164,91,187
1,44,164,117,187
1,45,164,65,187
1,46,164,92,187
1,47,164,94,187
1,48,164,120,187
1,49,164,104,187
1,50,164,125,187
1,51,164,127,187
1,52,164,129,187
1,53,164,110,187
1,54,164,112,187
1,55,164,70,187
1,56,164,116,187
1,57,164,121,187
1,58,164,118,187
1,59,164,111,187
1,60,164,113,187
1,61,164,124,187
1,62,164,62,187
1,63,164,81,187
1,64,164,126,187
1,65,164,128,187
1,66,164,122,187
1,67,164,115,187
1,68,164,119,187
1,69,164,114,187
1,70,164,21,187
1,71,164,20,187
1,72,164,2,187
1,73,164,22,187
1,74,164,12,187
1,75,164,8,187
1,76,164,27,187
1,77,164,3,187
1,78,164,16,187
1,79,164,6,187
1,80,164,19,187
1,81,164,26,187
1,82,164,4,187
1,83,164,9,187
1,84,164,13,187
1,85,164,10,187
1,86,164,52,187
1,87,164,30,187
1,88,164,18,187
1,89,164,25,187
1,90,164,29,187
1,91,164,5,187
1,92,164,17,187
1,93,164,28,187
1,94,164,33,187
1,95,164,59,187
1,96,164,15,187
1,97,164,14,187
1,98,164,23,187
1,99,164,24,187
1,100,164,11,187
1,101,164,1,187
1,102,164,7,187
1,103,164,44,187
1,104,164,32,187
1,105,164,51,187
1,106,164,56,187
1,107,164,36,187
1,108,164,40,187
1,109,164,38,187
1,110,164,37,187
1,111,164,42,187
1,112,164,35,187
1,113,164,43,187
1,114,164,60,187
1,115,164,58,187
1,116,164,41,187
1,117,164,53,187
1,118,164,54,187
1,119,164,46,187
1,120,164,55,187
1,121,164,39,187
1,122,164,31,187
1,123,164,49,187
1,124,164,47,187
1,125,164,50,187
1,126,164,45,187
1,127,164,48,187
1,128,164,34,187
1,129,164,57,187
1,1,165,66,145
1,2,165,63,145
1,3,165,68,145
1,4,165,71,145
1,5,165,82,145
1,6,165,61,145
1,7,165,76,145
1,8,165,73,145
1,9,165,69,145
1,10,165,80,145
1,11,165,77,145
1,12,165,74,145
1,13,165,78,145
1,14,165,79,145
1,15,165,67,145
1,16,165,83,145
1,17,165,85,145
1,18,165,72,145
1,19,165,95,145
1,20,165,64,145
1,21,165,101,145
1,22,165,97,145
1,23,165,100,145
1,24,165,90,145
1,25,165,88,145
1,26,165,86,145
1,27,165,107,145
1,28,165,87,145
1,29,165,93,145
1,30,165,103,145
1,31,165,109,145
1,32,165,75,145
1,33,165,99,145
1,34,165,102,145
1,35,165,89,145
1,36,165,98,145
1,37,165,105,145
1,38,165,84,145
1,39,165,108,145
1,40,165,96,145
1,41,165,123,145
1,42,165,106,145
1,43,165,91,145
1,44,165,117,145
1,45,165,65,145
1,46,165,92,145
1,47,165,94,145
1,48,165,120,145
1,49,165,104,145
1,50,165,125,145
1,51,165,127,145
1,52,165,129,145
1,53,165,110,145
1,54,165,112,145
1,55,165,70,145
1,56,165,116,145
1,57,165,121,145
1,58,165,118,145
1,59,165,111,145
1,60,165,113,145
1,61,165,124,145
1,62,165,62,145
1,63,165,81,145
1,64,165,126,145
1,65,165,128,145
1,66,165,122,145
1,67,165,115,145
1,68,165,119,145
1,69,165,114,145
1,70,165,21,145
1,71,165,20,145
1,72,165,2,145
1,73,165,22,145
1,74,165,12,145
1,75,165,8,145
1,76,165,27,145
1,77,165,3,145
1,78,165,16,145
1,79,165,6,145
1,80,165,19,145
1,81,165,26,145
1,82,165,4,145
1,83,165,9,145
1,84,165,13,145
1,85,165,10,145
1,86,165,52,145
1,87,165,30,145
1,88,165,18,145
1,89,165,25,145
1,90,165,29,145
1,91,165,5,145
1,92,165,17,145
1,93,165,28,145
1,94,165,33,145
1,95,165,59,145
1,96,165,15,145
1,97,165,14,145
1,98,165,23,145
1,99,165,24,145
1,100,165,11,145
1,101,165,1,145
1,102,165,7,145
1,103,165,44,145
1,104,165,32,145
1,105,165,51,145
1,106,165,56,145
1,107,165,36,145
1,108,165,40,145
1,109,165,38,145
1,110,165,37,145
1,111,165,42,145
1,112,165,35,145
1,113,165,43,145
1,114,165,60,145
1,115,165,58,145
1,116,165,41,145
1,117,165,53,145
1,118,165,54,145
1,119,165,46,145
1,120,165,55,145
1,121,165,39,145
1,122,165,31,145
1,123,165,49,145
1,124,165,47,145
1,125,165,50,145
1,126,165,45,145
1,127,165,48,145
1,128,165,34,145
1,129,165,57,145
1,1,166,66,1
1,2,166,63,1
1,3,166,68,1
1,4,166,71,1
1,5,166,82,1
1,6,166,61,1
1,7,166,76,1
1,8,166,73,1
1,9,166,69,1
1,10,166,80,1
1,11,166,77,1
1,12,166,74,1
1,13,166,78,1
1,14,166,79,1
1,15,166,67,1
1,16,166,83,1
1,17,166,85,1
1,18,166,72,1
1,19,166,95,1
1,20,166,64,1
1,21,166,101,1
1,22,166,97,1
1,23,166,100,1
1,24,166,90,1
1,25,166,88,1
1,26,166,86,1
1,27,166,107,1
1,28,166,87,1
1,29,166,93,1
1,30,166,103,1
1,31,166,109,1
1,32,166,75,1
1,33,166,99,1
1,34,166,102,1
1,35,166,89,1
1,36,166,98,1
1,37,166,105,1
1,38,166,84,1
1,39,166,108,1
1,40,166,96,1
1,41,166,123,1
1,42,166,106,1
1,43,166,91,1
1,44,166,117,1
1,45,166,65,1
1,46,166,92,1
1,47,166,94,1
1,48,166,120,1
1,49,166,104,1
1,50,166,125,1
1,51,166,127,1
1,52,166,129,1
1,53,166,110,1
1,54,166,112,1
1,55,166,70,1
1,56,166,116,1
1,57,166,121,1
1,58,166,118,1
1,59,166,111,1
1,60,166,113,1
1,61,166,124,1
1,62,166,62,1
1,63,166,81,1
1,64,166,126,1
1,65,166,128,1
1,66,166,122,1
1,67,166,115,1
1,68,166,119,1
1,69,166,114,1
1,70,166,21,1
1,71,166,20,1
1,72,166,2,1
1,73,166,22,1
1,74,166,12,1
1,75,166,8,1
1,76,166,27,1
1,77,166,3,1
1,78,166,16,1
1,79,166,6,1
1,80,166,19,1
1,81,166,26,1
1,82,166,4,1
1,83,166,9,1
1,84,166,13,1
1,85,166,10,1
1,86,166,52,1
1,87,166,30,1
1,88,166,18,1
1,89,166,25,1
1,90,166,29,1
1,91,166,5,1
1,92,166,17,1
1,93,166,28,1
1,94,166,33,1
1,95,166,59,1
1,96,166,15,1
1,97,166,14,1
1,98,166,23,1
1,99,166,24,1
1,100,166,11,1
1,101,166,1,1
1,102,166,7,1
1,103,166,44,1
1,104,166,32,1
1,105,166,51,1
1,106,166,56,1
1,107,166,36,1
1,108,166,40,1
1,109,166,38,1
1,110,166,37,1
1,111,166,42,1
1,112,166,35,1
1,113,166,43,1
1,114,166,60,1
1,115,166,58,1
1,116,166,41,1
1,117,166,53,1
1,118,166,54,1
1,119,166,46,1
1,120,166,55,1
1,121,166,39,1
1,122,166,31,1
1,123,166,49,1
1,124,166,47,1
1,125,166,50,1
1,126,166,45,1
1,127,166,48,1
1,128,166,34,1
1,129,166,57,1
1,1,167,66,215
1,2,167,63,215
1,3,167,68,215
1,4,167,71,215
1,5,167,82,215
1,6,167,61,215
1,7,167,76,215
1,8,167,73,215
1,9,167,69,215
1,10,167,80,215
1,11,167,77,215
1,12,167,74,215
1,13,167,78,215
1,14,167,79,215
1,15,167,67,215
1,16,167,83,215
1,17,167,85,215
1,18,167,72,215
1,19,167,95,215
1,20,167,64,215
1,21,167,101,215
1,22,167,97,215
1,23,167,100,215
1,24,167,90,215
1,25,167,88,215
1,26,167,86,215
1,27,167,107,215
1,28,167,87,215
1,29,167,93,215
1,30,167,103,215
1,31,167,109,215
1,32,167,75,215
1,33,167,99,215
1,34,167,102,215
1,35,167,89,215
1,36,167,98,215
1,37,167,105,215
1,38,167,84,215
1,39,167,108,215
1,40,167,96,215
1,41,167,123,215
1,42,167,106,215
1,43,167,91,215
1,44,167,117,215
1,45,167,65,215
1,46,167,92,215
1,47,167,94,215
1,48,167,120,215
1,49,167,104,215
1,50,167,125,215
1,51,167,127,215
1,52,167,129,215
1,53,167,110,215
1,54,167,112,215
1,55,167,70,215
1,56,167,116,215
1,57,167,121,215
1,58,167,118,215
1,59,167,111,215
1,60,167,113,215
1,61,167,124,215
1,62,167,62,215
1,63,167,81,215
1,64,167,126,215
1,65,167,128,215
1,66,167,122,215
1,67,167,115,215
1,68,167,119,215
1,69,167,114,215
1,70,167,21,215
1,71,167,20,215
13,72,167,2,215
1,73,167,22,215
1,74,167,12,215
1,75,167,8,215
1,76,167,27,215
1,77,167,3,215
1,78,167,16,215
1,79,167,6,215
1,80,167,19,215
1,81,167,26,215
1,82,167,4,215
10,83,167,9,215
10,84,167,13,215
10,85,167,10,215
10,86,167,52,215
10,87,167,30,215
10,88,167,18,215
10,89,167,25,215
10,90,167,29,215
10,91,167,5,215
10,92,167,17,215
10,93,167,28,215
1,94,167,33,215
1,95,167,59,215
1,96,167,15,215
1,97,167,14,215
1,98,167,23,215
1,99,167,24,215
1,100,167,11,215
1,101,167,1,215
1,102,167,7,215
1,103,167,44,215
1,104,167,32,215
1,105,167,51,215
1,106,167,56,215
1,107,167,36,215
1,108,167,40,215
1,109,167,38,215
1,110,167,37,215
1,111,167,42,215
1,112,167,35,215
1,113,167,43,215
1,114,167,60,215
1,115,167,58,215
1,116,167,41,215
1,117,167,53,215
1,118,167,54,215
1,119,167,46,215
1,120,167,55,215
1,121,167,39,215
1,122,167,31,215
1,123,167,49,215
1,124,167,47,215
1,125,167,50,215
1,126,167,45,215
1,127,167,48,215
1,128,167,34,215
1,129,167,57,215
1,1,168,66,107
1,2,168,63,107
1,3,168,68,107
1,4,168,71,107
1,5,168,82,107
1,6,168,61,107
1,7,168,76,107
1,8,168,73,107
1,9,168,69,107
1,10,168,80,107
1,11,168,77,107
1,12,168,74,107
1,13,168,78,107
1,14,168,79,107
1,15,168,67,107
1,16,168,83,107
1,17,168,85,107
1,18,168,72,107
1,19,168,95,107
1,20,168,64,107
1,21,168,101,107
1,22,168,97,107
1,23,168,100,107
1,24,168,90,107
1,25,168,88,107
1,26,168,86,107
1,27,168,107,107
1,28,168,87,107
1,29,168,93,107
1,30,168,103,107
1,31,168,109,107
1,32,168,75,107
1,33,168,99,107
1,34,168,102,107
1,35,168,89,107
1,36,168,98,107
1,37,168,105,107
1,38,168,84,107
1,39,168,108,107
1,40,168,96,107
1,41,168,123,107
1,42,168,106,107
1,43,168,91,107
1,44,168,117,107
1,45,168,65,107
1,46,168,92,107
1,47,168,94,107
1,48,168,120,107
1,49,168,104,107
1,50,168,125,107
1,51,168,127,107
1,52,168,129,107
1,53,168,110,107
1,54,168,112,107
1,55,168,70,107
1,56,168,116,107
1,57,168,121,107
1,58,168,118,107
1,59,168,111,107
1,60,168,113,107
1,61,168,124,107
1,62,168,62,107
1,63,168,81,107
1,64,168,126,107
1,65,168,128,107
1,66,168,122,107
1,67,168,115,107
1,68,168,119,107
1,69,168,114,107
1,70,168,21,107
1,71,168,20,107
13,72,168,2,107
1,73,168,22,107
1,74,168,12,107
1,75,168,8,107
1,76,168,27,107
1,77,168,3,107
1,78,168,16,107
1,79,168,6,107
1,80,168,19,107
1,81,168,26,107
1,82,168,4,107
10,83,168,9,107
10,84,168,13,107
10,85,168,10,107
10,86,168,52,107
10,87,168,30,107
10,88,168,18,107
10,89,168,25,107
10,90,168,29,107
10,91,168,5,107
10,92,168,17,107
10,93,168,28,107
1,94,168,33,107
1,95,168,59,107
1,96,168,15,107
1,97,168,14,107
1,98,168,23,107
1,99,168,24,107
1,100,168,11,107
1,101,168,1,107
1,102,168,7,107
1,103,168,44,107
1,104,168,32,107
1,105,168,51,107
1,106,168,56,107
1,107,168,36,107
1,108,168,40,107
1,109,168,38,107
1,110,168,37,107
1,111,168,42,107
1,112,168,35,107
1,113,168,43,107
1,114,168,60,107
1,115,168,58,107
1,116,168,41,107
1,117,168,53,107
1,118,168,54,107
1,119,168,46,107
1,120,168,55,107
1,121,168,39,107
1,122,168,31,107
1,123,168,49,107
1,124,168,47,107
1,125,168,50,107
1,126,168,45,107
1,127,168,48,107
1,128,168,34,107
1,129,168,57,107
1,1,169,66,23
1,2,169,63,23
1,3,169,68,23
1,4,169,71,23
1,5,169,82,23
1,6,169,61,23
1,7,169,76,23
1,8,169,73,23
1,9,169,69,23
1,10,169,80,23
1,11,169,77,23
1,12,169,74,23
1,13,169,78,23
1,14,169,79,23
1,15,169,67,23
1,16,169,83,23
1,17,169,85,23
1,18,169,72,23
1,19,169,95,23
1,20,169,64,23
1,21,169,101,23
1,22,169,97,23
1,23,169,100,23
1,24,169,90,23
1,25,169,88,23
1,26,169,86,23
1,27,169,107,23
1,28,169,87,23
1,29,169,93,23
1,30,169,103,23
1,31,169,109,23
1,32,169,75,23
1,33,169,99,23
1,34,169,102,23
1,35,169,89,23
1,36,169,98,23
1,37,169,105,23
1,38,169,84,23
1,39,169,108,23
1,40,169,96,23
1,41,169,123,23
1,42,169,106,23
1,43,169,91,23
1,44,169,117,23
1,45,169,65,23
1,46,169,92,23
1,47,169,94,23
1,48,169,120,23
1,49,169,104,23
1,50,169,125,23
1,51,169,127,23
1,52,169,129,23
1,53,169,110,23
1,54,169,112,23
1,55,169,70,23
1,56,169,116,23
1,57,169,121,23
1,58,169,118,23
1,59,169,111,23
1,60,169,113,23
1,61,169,124,23
1,62,169,62,23
1,63,169,81,23
1,64,169,126,23
1,65,169,128,23
1,66,169,122,23
1,67,169,115,23
1,68,169,119,23
1,69,169,114,23
1,70,169,21,23
1,71,169,20,23
13,72,169,2,23
1,73,169,22,23
1,74,169,12,23
1,75,169,8,23
1,76,169,27,23
1,77,169,3,23
1,78,169,16,23
1,79,169,6,23
1,80,169,19,23
1,81,169,26,23
1,82,169,4,23
10,83,169,9,23
10,84,169,13,23
10,85,169,10,23
10,86,169,52,23
10,87,169,30,23
10,88,169,18,23
10,89,169,25,23
10,90,169,29,23
10,91,169,5,23
10,92,169,17,23
10,93,169,28,23
1,94,169,33,23
1,95,169,59,23
1,96,169,15,23
1,97,169,14,23
1,98,169,23,23
1,99,169,24,23
1,100,169,11,23
1,101,169,1,23
1,102,169,7,23
1,103,169,44,23
1,104,169,32,23
1,105,169,51,23
1,106,169,56,23
1,107,169,36,23
1,108,169,40,23
1,109,169,38,23
1,110,169,37,23
1,111,169,42,23
1,112,169,35,23
1,113,169,43,23
1,114,169,60,23
1,115,169,58,23
1,116,169,41,23
1,117,169,53,23
1,118,169,54,23
1,119,169,46,23
1,120,169,55,23
1,121,169,39,23
1,122,169,31,23
1,123,169,49,23
1,124,169,47,23
1,125,169,50,23
1,126,169,45,23
1,127,169,48,23
1,128,169,34,23
1,129,169,57,23
1,1,170,66,195
1,2,170,63,195
1,3,170,68,195
1,4,170,71,195
1,5,170,82,195
1,6,170,61,195
1,7,170,76,195
1,8,170,73,195
1,9,170,69,195
1,10,170,80,195
1,11,170,77,195
1,12,170,74,195
1,13,170,78,195
1,14,170,79,195
1,15,170,67,195
1,16,170,83,195
1,17,170,85,195
1,18,170,72,195
1,19,170,95,195
1,20,170,64,195
1,21,170,101,195
1,22,170,97,195
1,23,170,100,195
1,24,170,90,195
1,25,170,88,195
1,26,170,86,195
1,27,170,107,195
1,28,170,87,195
1,29,170,93,195
1,30,170,103,195
1,31,170,109,195
1,32,170,75,195
1,33,170,99,195
1,34,170,102,195
1,35,170,89,195
1,36,170,98,195
1,37,170,105,195
1,38,170,84,195
1,39,170,108,195
1,40,170,96,195
1,41,170,123,195
1,42,170,106,195
1,43,170,91,195
1,44,170,117,195
1,45,170,65,195
1,46,170,92,195
1,47,170,94,195
1,48,170,120,195
1,49,170,104,195
1,50,170,125,195
1,51,170,127,195
1,52,170,129,195
1,53,170,110,195
1,54,170,112,195
1,55,170,70,195
1,56,170,116,195
1,57,170,121,195
1,58,170,118,195
1,59,170,111,195
1,60,170,113,195
1,61,170,124,195
1,62,170,62,195
1,63,170,81,195
1,64,170,126,195
1,65,170,128,195
1,66,170,122,195
1,67,170,115,195
1,68,170,119,195
1,69,170,114,195
1,70,170,21,195
1,71,170,20,195
13,72,170,2,195
1,73,170,22,195
1,74,170,12,195
1,75,170,8,195
1,76,170,27,195
1,77,170,3,195
1,78,170,16,195
1,79,170,6,195
1,80,170,19,195
1,81,170,26,195
1,82,170,4,195
10,83,170,9,195
10,84,170,13,195
10,85,170,10,195
10,86,170,52,195
10,87,170,30,195
10,88,170,18,195
10,89,170,25,195
10,90,170,29,195
10,91,170,5,195
10,92,170,17,195
10,93,170,28,195
1,94,170,33,195
1,95,170,59,195
1,96,170,15,195
1,97,170,14,195
1,98,170,23,195
1,99,170,24,195
1,100,170,11,195
1,101,170,1,195
1,102,170,7,195
1,103,170,44,195
1,104,170,32,195
1,105,170,51,195
1,106,170,56,195
1,107,170,36,195
1,108,170,40,195
1,109,170,38,195
1,110,170,37,195
1,111,170,42,195
1,112,170,35,195
1,113,170,43,195
1,114,170,60,195
1,115,170,58,195
1,116,170,41,195
1,117,170,53,195
1,118,170,54,195
1,119,170,46,195
1,120,170,55,195
1,121,170,39,195
1,122,170,31,195
1,123,170,49,195
1,124,170,47,195
1,125,170,50,195
1,126,170,45,195
1,127,170,48,195
1,128,170,34,195
1,129,170,57,195
1,1,171,66,160
1,2,171,63,160
1,3,171,68,160
1,4,171,71,160
1,5,171,82,160
1,6,171,61,160
1,7,171,76,160
1,8,171,73,160
1,9,171,69,160
1,10,171,80,160
1,11,171,77,160
1,12,171,74,160
1,13,171,78,160
1,14,171,79,160
1,15,171,67,160
1,16,171,83,160
1,17,171,85,160
1,18,171,72,160
1,19,171,95,160
1,20,171,64,160
1,21,171,101,160
1,22,171,97,160
1,23,171,100,160
1,24,171,90,160
1,25,171,88,160
1,26,171,86,160
1,27,171,107,160
1,28,171,87,160
1,29,171,93,160
1,30,171,103,160
1,31,171,109,160
1,32,171,75,160
1,33,171,99,160
1,34,171,102,160
1,35,171,89,160
1,36,171,98,160
1,37,171,105,160
1,38,171,84,160
1,39,171,108,160
1,40,171,96,160
1,41,171,123,160
1,42,171,106,160
1,43,171,91,160
1,44,171,117,160
1,45,171,65,160
1,46,171,92,160
1,47,171,94,160
1,48,171,120,160
1,49,171,104,160
1,50,171,125,160
1,51,171,127,160
1,52,171,129,160
1,53,171,110,160
1,54,171,112,160
1,55,171,70,160
1,56,171,116,160
1,57,171,121,160
1,58,171,118,160
1,59,171,111,160
1,60,171,113,160
1,61,171,124,160
1,62,171,62,160
1,63,171,81,160
1,64,171,126,160
1,65,171,128,160
1,66,171,122,160
1,67,171,115,160
1,68,171,119,160
1,69,171,114,160
1,70,171,21,160
1,71,171,20,160
13,72,171,2,160
1,73,171,22,160
1,74,171,12,160
1,75,171,8,160
1,76,171,27,160
1,77,171,3,160
1,78,171,16,160
1,79,171,6,160
1,80,171,19,160
1,81,171,26,160
1,82,171,4,160
10,83,171,9,160
10,84,171,13,160
10,85,171,10,160
10,86,171,52,160
10,87,171,30,160
10,88,171,18,160
10,89,171,25,160
10,90,171,29,160
10,91,171,5,160
10,92,171,17,160
10,93,171,28,160
1,94,171,33,160
1,95,171,59,160
1,96,171,15,160
1,97,171,14,160
1,98,171,23,160
1,99,171,24,160
1,100,171,11,160
1,101,171,1,160
1,102,171,7,160
1,103,171,44,160
33,104,171,32,160
33,105,171,51,160
33,106,171,56,160
33,107,171,36,160
33,108,171,40,160
33,109,171,38,160
33,110,171,37,160
33,111,171,42,160
33,112,171,35,160
33,113,171,43,160
33,114,171,60,160
33,115,171,58,160
33,116,171,41,160
33,117,171,53,160
34,118,171,54,160
34,119,171,46,160
34,120,171,55,160
34,121,171,39,160
34,122,171,31,160
34,123,171,49,160
1,124,171,47,160
1,125,171,50,160
1,126,171,45,160
1,127,171,48,160
1,128,171,34,160
1,129,171,57,160
1,1,172,66,172
1,2,172,63,172
1,3,172,68,172
1,4,172,71,172
1,5,172,82,172
1,6,172,61,172
1,7,172,76,172
1,8,172,73,172
1,9,172,69,172
1,10,172,80,172
1,11,172,77,172
1,12,172,74,172
1,13,172,78,172
1,14,172,79,172
1,15,172,67,172
1,16,172,83,172
1,17,172,85,172
1,18,172,72,172
1,19,172,95,172
1,20,172,64,172
1,21,172,101,172
1,22,172,97,172
1,23,172,100,172
1,24,172,90,172
1,25,172,88,172
1,26,172,86,172
1,27,172,107,172
1,28,172,87,172
1,29,172,93,172
1,30,172,103,172
1,31,172,109,172
1,32,172,75,172
1,33,172,99,172
1,34,172,102,172
1,35,172,89,172
1,36,172,98,172
1,37,172,105,172
1,38,172,84,172
1,39,172,108,172
1,40,172,96,172
1,41,172,123,172
1,42,172,106,172
1,43,172,91,172
1,44,172,117,172
1,45,172,65,172
1,46,172,92,172
1,47,172,94,172
1,48,172,120,172
1,49,172,104,172
1,50,172,125,172
1,51,172,127,172
1,52,172,129,172
1,53,172,110,172
1,54,172,112,172
1,55,172,70,172
1,56,172,116,172
1,57,172,121,172
1,58,172,118,172
1,59,172,111,172
1,60,172,113,172
1,61,172,124,172
1,62,172,62,172
1,63,172,81,172
1,64,172,126,172
1,65,172,128,172
1,66,172,122,172
1,67,172,115,172
1,68,172,119,172
1,69,172,114,172
1,70,172,21,172
1,71,172,20,172
13,72,172,2,172
1,73,172,22,172
1,74,172,12,172
1,75,172,8,172
1,76,172,27,172
1,77,172,3,172
1,78,172,16,172
1,79,172,6,172
1,80,172,19,172
1,81,172,26,172
1,82,172,4,172
10,83,172,9,172
10,84,172,13,172
10,85,172,10,172
10,86,172,52,172
10,87,172,30,172
10,88,172,18,172
10,89,172,25,172
10,90,172,29,172
10,91,172,5,172
10,92,172,17,172
10,93,172,28,172
1,94,172,33,172
1,95,172,59,172
1,96,172,15,172
1,97,172,14,172
1,98,172,23,172
1,99,172,24,172
1,100,172,11,172
1,101,172,1,172
1,102,172,7,172
1,103,172,44,172
1,104,172,32,172
1,105,172,51,172
1,106,172,56,172
1,107,172,36,172
1,108,172,40,172
1,109,172,38,172
1,110,172,37,172
1,111,172,42,172
1,112,172,35,172
1,113,172,43,172
1,114,172,60,172
1,115,172,58,172
1,116,172,41,172
1,117,172,53,172
1,118,172,54,172
1,119,172,46,172
1,120,172,55,172
1,121,172,39,172
1,122,172,31,172
1,123,172,49,172
1,124,172,47,172
1,125,172,50,172
1,126,172,45,172
1,127,172,48,172
1,128,172,34,172
1,129,172,57,172
1,1,173,66,67
1,2,173,63,67
1,3,173,68,67
1,4,173,71,67
1,5,173,82,67
1,6,173,61,67
1,7,173,76,67
1,8,173,73,67
1,9,173,69,67
1,10,173,80,67
1,11,173,77,67
1,12,173,74,67
1,13,173,78,67
1,14,173,79,67
1,15,173,67,67
1,16,173,83,67
1,17,173,85,67
1,18,173,72,67
1,19,173,95,67
1,20,173,64,67
1,21,173,101,67
1,22,173,97,67
1,23,173,100,67
1,24,173,90,67
1,25,173,88,67
1,26,173,86,67
1,27,173,107,67
1,28,173,87,67
1,29,173,93,67
1,30,173,103,67
1,31,173,109,67
1,32,173,75,67
1,33,173,99,67
1,34,173,102,67
1,35,173,89,67
1,36,173,98,67
1,37,173,105,67
1,38,173,84,67
1,39,173,108,67
1,40,173,96,67
1,41,173,123,67
1,42,173,106,67
1,43,173,91,67
1,44,173,117,67
1,45,173,65,67
1,46,173,92,67
1,47,173,94,67
1,48,173,120,67
1,49,173,104,67
1,50,173,125,67
1,51,173,127,67
1,52,173,129,67
1,53,173,110,67
1,54,173,112,67
1,55,173,70,67
1,56,173,116,67
1,57,173,121,67
1,58,173,118,67
1,59,173,111,67
1,60,173,113,67
1,61,173,124,67
1,62,173,62,67
1,63,173,81,67
1,64,173,126,67
1,65,173,128,67
1,66,173,122,67
1,67,173,115,67
1,68,173,119,67
1,69,173,114,67
1,70,173,21,67
1,71,173,20,67
1,72,173,2,67
1,73,173,22,67
1,74,173,12,67
1,75,173,8,67
1,76,173,27,67
1,77,173,3,67
1,78,173,16,67
1,79,173,6,67
1,80,173,19,67
1,81,173,26,67
1,82,173,4,67
1,83,173,9,67
1,84,173,13,67
1,85,173,10,67
1,86,173,52,67
1,87,173,30,67
1,88,173,18,67
1,89,173,25,67
1,90,173,29,67
1,91,173,5,67
1,92,173,17,67
1,93,173,28,67
1,94,173,33,67
1,95,173,59,67
1,96,173,15,67
1,97,173,14,67
1,98,173,23,67
1,99,173,24,67
1,100,173,11,67
1,101,173,1,67
1,102,173,7,67
1,103,173,44,67
1,104,173,32,67
1,105,173,51,67
1,106,173,56,67
1,107,173,36,67
1,108,173,40,67
1,109,173,38,67
1,110,173,37,67
1,111,173,42,67
1,112,173,35,67
1,113,173,43,67
1,114,173,60,67
1,115,173,58,67
1,116,173,41,67
1,117,173,53,67
1,118,173,54,67
1,119,173,46,67
1,120,173,55,67
1,121,173,39,67
1,122,173,31,67
1,123,173,49,67
1,124,173,47,67
1,125,173,50,67
1,126,173,45,67
1,127,173,48,67
1,128,173,34,67
1,129,173,57,67
1,1,174,66,179
1,2,174,63,179
1,3,174,68,179
1,4,174,71,179
1,5,174,82,179
1,6,174,61,179
1,7,174,76,179
1,8,174,73,179
1,9,174,69,179
1,10,174,80,179
1,11,174,77,179
1,12,174,74,179
1,13,174,78,179
1,14,174,79,179
1,15,174,67,179
1,16,174,83,179
1,17,174,85,179
1,18,174,72,179
1,19,174,95,179
1,20,174,64,179
1,21,174,101,179
1,22,174,97,179
1,23,174,100,179
1,24,174,90,179
1,25,174,88,179
1,26,174,86,179
1,27,174,107,179
1,28,174,87,179
1,29,174,93,179
1,30,174,103,179
1,31,174,109,179
1,32,174,75,179
1,33,174,99,179
1,34,174,102,179
1,35,174,89,179
1,36,174,98,179
1,37,174,105,179
1,38,174,84,179
1,39,174,108,179
1,40,174,96,179
1,41,174,123,179
1,42,174,106,179
1,43,174,91,179
1,44,174,117,179
1,45,174,65,179
1,46,174,92,179
1,47,174,94,179
1,48,174,120,179
1,49,174,104,179
1,50,174,125,179
1,51,174,127,179
1,52,174,129,179
1,53,174,110,179
1,54,174,112,179
1,55,174,70,179
1,56,174,116,179
1,57,174,121,179
1,58,174,118,179
1,59,174,111,179
1,60,174,113,179
1,61,174,124,179
1,62,174,62,179
1,63,174,81,179
1,64,174,126,179
1,65,174,128,179
1,66,174,122,179
1,67,174,115,179
1,68,174,119,179
1,69,174,114,179
1,70,174,21,179
1,71,174,20,179
1,72,174,2,179
1,73,174,22,179
1,74,174,12,179
1,75,174,8,179
1,76,174,27,179
1,77,174,3,179
1,78,174,16,179
1,79,174,6,179
1,80,174,19,179
1,81,174,26,179
1,82,174,4,179
1,83,174,9,179
1,84,174,13,179
1,85,174,10,179
1,86,174,52,179
1,87,174,30,179
1,88,174,18,179
1,89,174,25,179
1,90,174,29,179
1,91,174,5,179
1,92,174,17,179
1,93,174,28,179
1,94,174,33,179
1,95,174,59,179
1,96,174,15,179
1,97,174,14,179
1,98,174,23,179
1,99,174,24,179
1,100,174,11,179
1,101,174,1,179
1,102,174,7,179
1,103,174,44,179
1,104,174,32,179
1,105,174,51,179
1,106,174,56,179
1,107,174,36,179
1,108,174,40,179
1,109,174,38,179
1,110,174,37,179
1,111,174,42,179
1,112,174,35,179
1,113,174,43,179
1,114,174,60,179
1,115,174,58,179
1,116,174,41,179
1,117,174,53,179
1,118,174,54,179
1,119,174,46,179
1,120,174,55,179
1,121,174,39,179
1,122,174,31,179
1,123,174,49,179
1,124,174,47,179
1,125,174,50,179
1,126,174,45,179
1,127,174,48,179
1,128,174,34,179
1,129,174,57,179
1,1,175,66,32
1,2,175,63,32
1,3,175,68,32
1,4,175,71,32
1,5,175,82,32
1,6,175,61,32
1,7,175,76,32
1,8,175,73,32
1,9,175,69,32
1,10,175,80,32
1,11,175,77,32
1,12,175,74,32
1,13,175,78,32
1,14,175,79,32
1,15,175,67,32
1,16,175,83,32
1,17,175,85,32
1,18,175,72,32
1,19,175,95,32
1,20,175,64,32
1,21,175,101,32
1,22,175,97,32
1,23,175,100,32
1,24,175,90,32
1,25,175,88,32
1,26,175,86,32
1,27,175,107,32
1,28,175,87,32
1,29,175,93,32
1,30,175,103,32
1,31,175,109,32
1,32,175,75,32
1,33,175,99,32
1,34,175,102,32
1,35,175,89,32
1,36,175,98,32
1,37,175,105,32
1,38,175,84,32
1,39,175,108,32
1,40,175,96,32
1,41,175,123,32
1,42,175,106,32
1,43,175,91,32
1,44,175,117,32
1,45,175,65,32
1,46,175,92,32
1,47,175,94,32
1,48,175,120,32
1,49,175,104,32
1,50,175,125,32
1,51,175,127,32
1,52,175,129,32
1,53,175,110,32
1,54,175,112,32
1,55,175,70,32
1,56,175,116,32
1,57,175,121,32
1,58,175,118,32
1,59,175,111,32
1,60,175,113,32
1,61,175,124,32
1,62,175,62,32
1,63,175,81,32
1,64,175,126,32
1,65,175,128,32
1,66,175,122,32
1,67,175,115,32
1,68,175,119,32
1,69,175,114,32
1,70,175,21,32
1,71,175,20,32
1,72,175,2,32
1,73,175,22,32
1,74,175,12,32
1,75,175,8,32
1,76,175,27,32
1,77,175,3,32
1,78,175,16,32
1,79,175,6,32
1,80,175,19,32
1,81,175,26,32
1,82,175,4,32
1,83,175,9,32
1,84,175,13,32
1,85,175,10,32
1,86,175,52,32
1,87,175,30,32
1,88,175,18,32
1,89,175,25,32
1,90,175,29,32
1,91,175,5,32
1,92,175,17,32
1,93,175,28,32
1,94,175,33,32
1,95,175,59,32
1,96,175,15,32
1,97,175,14,32
1,98,175,23,32
1,99,175,24,32
1,100,175,11,32
1,101,175,1,32
1,102,175,7,32
1,103,175,44,32
29,104,175,32,32
29,105,175,51,32
29,106,175,56,32
29,107,175,36,32
29,108,175,40,32
29,109,175,38,32
29,110,175,37,32
29,111,175,42,32
29,112,175,35,32
29,113,175,43,32
29,114,175,60,32
29,115,175,58,32
29,116,175,41,32
29,117,175,53,32
29,118,175,54,32
29,119,175,46,32
29,120,175,55,32
29,121,175,39,32
29,122,175,31,32
29,123,175,49,32
29,124,175,47,32
29,125,175,50,32
29,126,175,45,32
29,127,175,48,32
29,128,175,34,32
1,129,175,57,32
1,1,176,66,13
1,2,176,63,13
1,3,176,68,13
1,4,176,71,13
1,5,176,82,13
1,6,176,61,13
1,7,176,76,13
1,8,176,73,13
1,9,176,69,13
1,10,176,80,13
1,11,176,77,13
1,12,176,74,13
1,13,176,78,13
1,14,176,79,13
1,15,176,67,13
1,16,176,83,13
1,17,176,85,13
1,18,176,72,13
1,19,176,95,13
1,20,176,64,13
1,21,176,101,13
1,22,176,97,13
1,23,176,100,13
1,24,176,90,13
1,25,176,88,13
1,26,176,86,13
1,27,176,107,13
1,28,176,87,13
1,29,176,93,13
1,30,176,103,13
1,31,176,109,13
1,32,176,75,13
1,33,176,99,13
1,34,176,102,13
1,35,176,89,13
1,36,176,98,13
1,37,176,105,13
1,38,176,84,13
1,39,176,108,13
1,40,176,96,13
1,41,176,123,13
1,42,176,106,13
1,43,176,91,13
1,44,176,117,13
1,45,176,65,13
1,46,176,92,13
1,47,176,94,13
1,48,176,120,13
1,49,176,104,13
1,50,176,125,13
1,51,176,127,13
1,52,176,129,13
1,53,176,110,13
1,54,176,112,13
1,55,176,70,13
1,56,176,116,13
1,57,176,121,13
1,58,176,118,13
1,59,176,111,13
1,60,176,113,13
1,61,176,124,13
1,62,176,62,13
1,63,176,81,13
1,64,176,126,13
1,65,176,128,13
1,66,176,122,13
1,67,176,115,13
1,68,176,119,13
1,69,176,114,13
1,70,176,21,13
1,71,176,20,13
1,72,176,2,13
1,73,176,22,13
1,74,176,12,13
1,75,176,8,13
1,76,176,27,13
1,77,176,3,13
1,78,176,16,13
1,79,176,6,13
1,80,176,19,13
1,81,176,26,13
1,82,176,4,13
1,83,176,9,13
1,84,176,13,13
1,85,176,10,13
1,86,176,52,13
1,87,176,30,13
1,88,176,18,13
1,89,176,25,13
1,90,176,29,13
1,91,176,5,13
1,92,176,17,13
1,93,176,28,13
1,94,176,33,13
1,95,176,59,13
1,96,176,15,13
1,97,176,14,13
1,98,176,23,13
1,99,176,24,13
1,100,176,11,13
1,101,176,1,13
1,102,176,7,13
1,103,176,44,13
1,104,176,32,13
1,105,176,51,13
1,106,176,56,13
1,107,176,36,13
1,108,176,40,13
1,109,176,38,13
1,110,176,37,13
1,111,176,42,13
1,112,176,35,13
1,113,176,43,13
1,114,176,60,13
1,115,176,58,13
1,116,176,41,13
1,117,176,53,13
1,118,176,54,13
1,119,176,46,13
1,120,176,55,13
1,121,176,39,13
1,122,176,31,13
1,123,176,49,13
1,124,176,47,13
1,125,176,50,13
1,126,176,45,13
1,127,176,48,13
1,128,176,34,13
1,129,176,57,13
1,1,177,66,159
1,2,177,63,159
1,3,177,68,159
1,4,177,71,159
1,5,177,82,159
1,6,177,61,159
1,7,177,76,159
1,8,177,73,159
1,9,177,69,159
1,10,177,80,159
1,11,177,77,159
1,12,177,74,159
1,13,177,78,159
1,14,177,79,159
1,15,177,67,159
1,16,177,83,159
1,17,177,85,159
1,18,177,72,159
1,19,177,95,159
1,20,177,64,159
1,21,177,101,159
1,22,177,97,159
1,23,177,100,159
1,24,177,90,159
1,25,177,88,159
1,26,177,86,159
1,27,177,107,159
1,28,177,87,159
1,29,177,93,159
1,30,177,103,159
1,31,177,109,159
1,32,177,75,159
1,33,177,99,159
1,34,177,102,159
1,35,177,89,159
1,36,177,98,159
1,37,177,105,159
1,38,177,84,159
1,39,177,108,159
1,40,177,96,159
1,41,177,123,159
1,42,177,106,159
1,43,177,91,159
1,44,177,117,159
1,45,177,65,159
1,46,177,92,159
1,47,177,94,159
1,48,177,120,159
1,49,177,104,159
1,50,177,125,159
1,51,177,127,159
1,52,177,129,159
1,53,177,110,159
1,54,177,112,159
1,55,177,70,159
1,56,177,116,159
1,57,177,121,159
1,58,177,118,159
1,59,177,111,159
1,60,177,113,159
1,61,177,124,159
1,62,177,62,159
1,63,177,81,159
1,64,177,126,159
1,65,177,128,159
1,66,177,122,159
1,67,177,115,159
1,68,177,119,159
1,69,177,114,159
1,70,177,21,159
1,71,177,20,159
1,72,177,2,159
1,73,177,22,159
1,74,177,12,159
1,75,177,8,159
1,76,177,27,159
1,77,177,3,159
1,78,177,16,159
1,79,177,6,159
1,80,177,19,159
1,81,177,26,159
1,82,177,4,159
1,83,177,9,159
1,84,177,13,159
1,85,177,10,159
1,86,177,52,159
1,87,177,30,159
1,88,177,18,159
1,89,177,25,159
1,90,177,29,159
1,91,177,5,159
1,92,177,17,159
1,93,177,28,159
1,94,177,33,159
1,95,177,59,159
1,96,177,15,159
1,97,177,14,159
1,98,177,23,159
1,99,177,24,159
1,100,177,11,159
1,101,177,1,159
1,102,177,7,159
1,103,177,44,159
1,104,177,32,159
1,105,177,51,159
1,106,177,56,159
1,107,177,36,159
1,108,177,40,159
1,109,177,38,159
1,110,177,37,159
1,111,177,42,159
1,112,177,35,159
1,113,177,43,159
1,114,177,60,159
1,115,177,58,159
1,116,177,41,159
1,117,177,53,159
1,118,177,54,159
1,119,177,46,159
1,120,177,55,159
1,121,177,39,159
1,122,177,31,159
1,123,177,49,159
1,124,177,47,159
1,125,177,50,159
1,126,177,45,159
1,127,177,48,159
1,128,177,34,159
1,129,177,57,159
1,1,178,66,12
1,2,178,63,12
1,3,178,68,12
1,4,178,71,12
1,5,178,82,12
1,6,178,61,12
1,7,178,76,12
1,8,178,73,12
1,9,178,69,12
1,10,178,80,12
1,11,178,77,12
1,12,178,74,12
1,13,178,78,12
1,14,178,79,12
1,15,178,67,12
1,16,178,83,12
1,17,178,85,12
1,18,178,72,12
1,19,178,95,12
1,20,178,64,12
1,21,178,101,12
1,22,178,97,12
1,23,178,100,12
1,24,178,90,12
1,25,178,88,12
1,26,178,86,12
1,27,178,107,12
1,28,178,87,12
1,29,178,93,12
1,30,178,103,12
1,31,178,109,12
1,32,178,75,12
1,33,178,99,12
1,34,178,102,12
1,35,178,89,12
1,36,178,98,12
1,37,178,105,12
1,38,178,84,12
1,39,178,108,12
1,40,178,96,12
1,41,178,123,12
1,42,178,106,12
1,43,178,91,12
1,44,178,117,12
1,45,178,65,12
1,46,178,92,12
1,47,178,94,12
1,48,178,120,12
1,49,178,104,12
1,50,178,125,12
1,51,178,127,12
1,52,178,129,12
1,53,178,110,12
1,54,178,112,12
1,55,178,70,12
1,56,178,116,12
1,57,178,121,12
1,58,178,118,12
1,59,178,111,12
1,60,178,113,12
1,61,178,124,12
1,62,178,62,12
1,63,178,81,12
1,64,178,126,12
1,65,178,128,12
1,66,178,122,12
1,67,178,115,12
1,68,178,119,12
1,69,178,114,12
1,70,178,21,12
1,71,178,20,12
1,72,178,2,12
1,73,178,22,12
1,74,178,12,12
1,75,178,8,12
1,76,178,27,12
1,77,178,3,12
1,78,178,16,12
1,79,178,6,12
1,80,178,19,12
1,81,178,26,12
1,82,178,4,12
1,83,178,9,12
1,84,178,13,12
1,85,178,10,12
1,86,178,52,12
1,87,178,30,12
1,88,178,18,12
1,89,178,25,12
1,90,178,29,12
1,91,178,5,12
1,92,178,17,12
1,93,178,28,12
1,94,178,33,12
1,95,178,59,12
1,96,178,15,12
1,97,178,14,12
1,98,178,23,12
1,99,178,24,12
1,100,178,11,12
1,101,178,1,12
1,102,178,7,12
1,103,178,44,12
1,104,178,32,12
1,105,178,51,12
1,106,178,56,12
1,107,178,36,12
1,108,178,40,12
1,109,178,38,12
1,110,178,37,12
1,111,178,42,12
1,112,178,35,12
1,113,178,43,12
1,114,178,60,12
1,115,178,58,12
1,116,178,41,12
1,117,178,53,12
1,118,178,54,12
1,119,178,46,12
1,120,178,55,12
1,121,178,39,12
1,122,178,31,12
1,123,178,49,12
1,124,178,47,12
1,125,178,50,12
1,126,178,45,12
1,127,178,48,12
1,128,178,34,12
1,129,178,57,12
1,1,179,66,26
1,2,179,63,26
1,3,179,68,26
1,4,179,71,26
1,5,179,82,26
1,6,179,61,26
1,7,179,76,26
1,8,179,73,26
1,9,179,69,26
1,10,179,80,26
1,11,179,77,26
1,12,179,74,26
1,13,179,78,26
1,14,179,79,26
1,15,179,67,26
1,16,179,83,26
1,17,179,85,26
1,18,179,72,26
1,19,179,95,26
1,20,179,64,26
1,21,179,101,26
1,22,179,97,26
1,23,179,100,26
1,24,179,90,26
1,25,179,88,26
1,26,179,86,26
1,27,179,107,26
1,28,179,87,26
1,29,179,93,26
1,30,179,103,26
1,31,179,109,26
1,32,179,75,26
1,33,179,99,26
1,34,179,102,26
1,35,179,89,26
1,36,179,98,26
1,37,179,105,26
1,38,179,84,26
1,39,179,108,26
1,40,179,96,26
1,41,179,123,26
1,42,179,106,26
1,43,179,91,26
1,44,179,117,26
1,45,179,65,26
1,46,179,92,26
1,47,179,94,26
1,48,179,120,26
1,49,179,104,26
1,50,179,125,26
1,51,179,127,26
1,52,179,129,26
1,53,179,110,26
1,54,179,112,26
1,55,179,70,26
1,56,179,116,26
1,57,179,121,26
1,58,179,118,26
1,59,179,111,26
1,60,179,113,26
1,61,179,124,26
1,62,179,62,26
1,63,179,81,26
1,64,179,126,26
1,65,179,128,26
1,66,179,122,26
1,67,179,115,26
1,68,179,119,26
1,69,179,114,26
1,70,179,21,26
1,71,179,20,26
1,72,179,2,26
1,73,179,22,26
1,74,179,12,26
1,75,179,8,26
1,76,179,27,26
1,77,179,3,26
1,78,179,16,26
1,79,179,6,26
1,80,179,19,26
1,81,179,26,26
1,82,179,4,26
1,83,179,9,26
1,84,179,13,26
1,85,179,10,26
1,86,179,52,26
1,87,179,30,26
1,88,179,18,26
1,89,179,25,26
1,90,179,29,26
1,91,179,5,26
1,92,179,17,26
1,93,179,28,26
1,94,179,33,26
1,95,179,59,26
1,96,179,15,26
1,97,179,14,26
1,98,179,23,26
1,99,179,24,26
1,100,179,11,26
1,101,179,1,26
1,102,179,7,26
1,103,179,44,26
1,104,179,32,26
1,105,179,51,26
1,106,179,56,26
1,107,179,36,26
1,108,179,40,26
1,109,179,38,26
1,110,179,37,26
1,111,179,42,26
1,112,179,35,26
1,113,179,43,26
1,114,179,60,26
1,115,179,58,26
1,116,179,41,26
1,117,179,53,26
1,118,179,54,26
1,119,179,46,26
1,120,179,55,26
1,121,179,39,26
1,122,179,31,26
1,123,179,49,26
1,124,179,47,26
1,125,179,50,26
1,126,179,45,26
1,127,179,48,26
1,128,179,34,26
1,129,179,57,26
1,1,180,66,164
1,2,180,63,164
1,3,180,68,164
1,4,180,71,164
1,5,180,82,164
1,6,180,61,164
1,7,180,76,164
1,8,180,73,164
1,9,180,69,164
1,10,180,80,164
1,11,180,77,164
1,12,180,74,164
1,13,180,78,164
1,14,180,79,164
1,15,180,67,164
1,16,180,83,164
1,17,180,85,164
1,18,180,72,164
1,19,180,95,164
1,20,180,64,164
1,21,180,101,164
1,22,180,97,164
1,23,180,100,164
1,24,180,90,164
1,25,180,88,164
1,26,180,86,164
1,27,180,107,164
1,28,180,87,164
1,29,180,93,164
1,30,180,103,164
1,31,180,109,164
1,32,180,75,164
1,33,180,99,164
1,34,180,102,164
1,35,180,89,164
1,36,180,98,164
1,37,180,105,164
1,38,180,84,164
1,39,180,108,164
1,40,180,96,164
1,41,180,123,164
1,42,180,106,164
1,43,180,91,164
1,44,180,117,164
1,45,180,65,164
1,46,180,92,164
1,47,180,94,164
1,48,180,120,164
1,49,180,104,164
1,50,180,125,164
1,51,180,127,164
1,52,180,129,164
1,53,180,110,164
1,54,180,112,164
1,55,180,70,164
1,56,180,116,164
1,57,180,121,164
1,58,180,118,164
1,59,180,111,164
1,60,180,113,164
1,61,180,124,164
1,62,180,62,164
1,63,180,81,164
1,64,180,126,164
1,65,180,128,164
1,66,180,122,164
1,67,180,115,164
1,68,180,119,164
1,69,180,114,164
1,70,180,21,164
1,71,180,20,164
1,72,180,2,164
1,73,180,22,164
1,74,180,12,164
1,75,180,8,164
1,76,180,27,164
1,77,180,3,164
1,78,180,16,164
1,79,180,6,164
1,80,180,19,164
1,81,180,26,164
1,82,180,4,164
1,83,180,9,164
1,84,180,13,164
1,85,180,10,164
1,86,180,52,164
1,87,180,30,164
1,88,180,18,164
1,89,180,25,164
1,90,180,29,164
1,91,180,5,164
1,92,180,17,164
1,93,180,28,164
1,94,180,33,164
1,95,180,59,164
1,96,180,15,164
1,97,180,14,164
1,98,180,23,164
1,99,180,24,164
1,100,180,11,164
1,101,180,1,164
1,102,180,7,164
1,103,180,44,164
1,104,180,32,164
1,105,180,51,164
1,106,180,56,164
1,107,180,36,164
1,108,180,40,164
1,109,180,38,164
1,110,180,37,164
1,111,180,42,164
1,112,180,35,164
1,113,180,43,164
1,114,180,60,164
1,115,180,58,164
1,116,180,41,164
1,117,180,53,164
1,118,180,54,164
1,119,180,46,164
1,120,180,55,164
1,121,180,39,164
1,122,180,31,164
1,123,180,49,164
1,124,180,47,164
1,125,180,50,164
1,126,180,45,164
1,127,180,48,164
1,128,180,34,164
1,129,180,57,164
1,1,181,66,18
1,2,181,63,18
1,3,181,68,18
1,4,181,71,18
1,5,181,82,18
1,6,181,61,18
1,7,181,76,18
1,8,181,73,18
1,9,181,69,18
1,10,181,80,18
1,11,181,77,18
1,12,181,74,18
1,13,181,78,18
1,14,181,79,18
1,15,181,67,18
1,16,181,83,18
1,17,181,85,18
1,18,181,72,18
1,19,181,95,18
1,20,181,64,18
1,21,181,101,18
1,22,181,97,18
1,23,181,100,18
1,24,181,90,18
1,25,181,88,18
1,26,181,86,18
1,27,181,107,18
1,28,181,87,18
1,29,181,93,18
1,30,181,103,18
1,31,181,109,18
1,32,181,75,18
1,33,181,99,18
1,34,181,102,18
1,35,181,89,18
1,36,181,98,18
1,37,181,105,18
1,38,181,84,18
1,39,181,108,18
1,40,181,96,18
1,41,181,123,18
1,42,181,106,18
1,43,181,91,18
1,44,181,117,18
1,45,181,65,18
1,46,181,92,18
1,47,181,94,18
1,48,181,120,18
1,49,181,104,18
1,50,181,125,18
1,51,181,127,18
1,52,181,129,18
1,53,181,110,18
1,54,181,112,18
1,55,181,70,18
1,56,181,116,18
1,57,181,121,18
1,58,181,118,18
1,59,181,111,18
1,60,181,113,18
1,61,181,124,18
1,62,181,62,18
1,63,181,81,18
1,64,181,126,18
1,65,181,128,18
1,66,181,122,18
1,67,181,115,18
1,68,181,119,18
1,69,181,114,18
1,70,181,21,18
1,71,181,20,18
1,72,181,2,18
1,73,181,22,18
1,74,181,12,18
1,75,181,8,18
1,76,181,27,18
1,77,181,3,18
1,78,181,16,18
1,79,181,6,18
1,80,181,19,18
1,81,181,26,18
1,82,181,4,18
1,83,181,9,18
1,84,181,13,18
1,85,181,10,18
1,86,181,52,18
1,87,181,30,18
1,88,181,18,18
1,89,181,25,18
1,90,181,29,18
1,91,181,5,18
1,92,181,17,18
1,93,181,28,18
1,94,181,33,18
1,95,181,59,18
1,96,181,15,18
1,97,181,14,18
1,98,181,23,18
1,99,181,24,18
1,100,181,11,18
1,101,181,1,18
1,102,181,7,18
1,103,181,44,18
1,104,181,32,18
1,105,181,51,18
1,106,181,56,18
1,107,181,36,18
1,108,181,40,18
1,109,181,38,18
1,110,181,37,18
1,111,181,42,18
1,112,181,35,18
1,113,181,43,18
1,114,181,60,18
1,115,181,58,18
1,116,181,41,18
1,117,181,53,18
1,118,181,54,18
1,119,181,46,18
1,120,181,55,18
1,121,181,39,18
1,122,181,31,18
1,123,181,49,18
1,124,181,47,18
1,125,181,50,18
1,126,181,45,18
1,127,181,48,18
1,128,181,34,18
1,129,181,57,18
1,1,182,66,71
1,2,182,63,71
1,3,182,68,71
1,4,182,71,71
1,5,182,82,71
1,6,182,61,71
1,7,182,76,71
1,8,182,73,71
1,9,182,69,71
1,10,182,80,71
1,11,182,77,71
1,12,182,74,71
1,13,182,78,71
1,14,182,79,71
1,15,182,67,71
1,16,182,83,71
1,17,182,85,71
1,18,182,72,71
1,19,182,95,71
1,20,182,64,71
1,21,182,101,71
1,22,182,97,71
1,23,182,100,71
1,24,182,90,71
1,25,182,88,71
1,26,182,86,71
1,27,182,107,71
1,28,182,87,71
1,29,182,93,71
1,30,182,103,71
1,31,182,109,71
1,32,182,75,71
1,33,182,99,71
1,34,182,102,71
1,35,182,89,71
1,36,182,98,71
1,37,182,105,71
1,38,182,84,71
1,39,182,108,71
1,40,182,96,71
1,41,182,123,71
1,42,182,106,71
1,43,182,91,71
1,44,182,117,71
1,45,182,65,71
1,46,182,92,71
1,47,182,94,71
1,48,182,120,71
1,49,182,104,71
1,50,182,125,71
1,51,182,127,71
1,52,182,129,71
1,53,182,110,71
1,54,182,112,71
1,55,182,70,71
1,56,182,116,71
1,57,182,121,71
1,58,182,118,71
1,59,182,111,71
1,60,182,113,71
1,61,182,124,71
1,62,182,62,71
1,63,182,81,71
1,64,182,126,71
1,65,182,128,71
1,66,182,122,71
1,67,182,115,71
1,68,182,119,71
1,69,182,114,71
1,70,182,21,71
1,71,182,20,71
1,72,182,2,71
1,73,182,22,71
1,74,182,12,71
1,75,182,8,71
1,76,182,27,71
1,77,182,3,71
1,78,182,16,71
1,79,182,6,71
1,80,182,19,71
1,81,182,26,71
1,82,182,4,71
1,83,182,9,71
1,84,182,13,71
1,85,182,10,71
1,86,182,52,71
1,87,182,30,71
1,88,182,18,71
1,89,182,25,71
1,90,182,29,71
1,91,182,5,71
1,92,182,17,71
1,93,182,28,71
1,94,182,33,71
1,95,182,59,71
1,96,182,15,71
1,97,182,14,71
1,98,182,23,71
1,99,182,24,71
1,100,182,11,71
1,101,182,1,71
1,102,182,7,71
19,103,182,44,71
19,104,182,32,71
19,105,182,51,71
19,106,182,56,71
20,107,182,36,71
20,108,182,40,71
20,109,182,38,71
20,110,182,37,71
20,111,182,42,71
20,112,182,35,71
20,113,182,43,71
20,114,182,60,71
20,115,182,58,71
20,116,182,41,71
20,117,182,53,71
20,118,182,54,71
20,119,182,46,71
20,120,182,55,71
20,121,182,39,71
20,122,182,31,71
20,123,182,49,71
20,124,182,47,71
20,125,182,50,71
20,126,182,45,71
20,127,182,48,71
20,128,182,34,71
20,129,182,57,71
1,1,183,66,118
1,2,183,63,118
1,3,183,68,118
1,4,183,71,118
1,5,183,82,118
1,6,183,61,118
1,7,183,76,118
1,8,183,73,118
1,9,183,69,118
1,10,183,80,118
1,11,183,77,118
1,12,183,74,118
1,13,183,78,118
1,14,183,79,118
1,15,183,67,118
1,16,183,83,118
1,17,183,85,118
1,18,183,72,118
1,19,183,95,118
1,20,183,64,118
1,21,183,101,118
1,22,183,97,118
1,23,183,100,118
1,24,183,90,118
1,25,183,88,118
1,26,183,86,118
1,27,183,107,118
1,28,183,87,118
1,29,183,93,118
1,30,183,103,118
1,31,183,109,118
1,32,183,75,118
1,33,183,99,118
1,34,183,102,118
1,35,183,89,118
1,36,183,98,118
1,37,183,105,118
1,38,183,84,118
1,39,183,108,118
1,40,183,96,118
1,41,183,123,118
1,42,183,106,118
1,43,183,91,118
1,44,183,117,118
1,45,183,65,118
1,46,183,92,118
1,47,183,94,118
1,48,183,120,118
1,49,183,104,118
1,50,183,125,118
1,51,183,127,118
1,52,183,129,118
1,53,183,110,118
1,54,183,112,118
1,55,183,70,118
1,56,183,116,118
1,57,183,121,118
1,58,183,118,118
1,59,183,111,118
1,60,183,113,118
1,61,183,124,118
1,62,183,62,118
1,63,183,81,118
1,64,183,126,118
1,65,183,128,118
1,66,183,122,118
1,67,183,115,118
1,68,183,119,118
1,69,183,114,118
1,70,183,21,118
1,71,183,20,118
1,72,183,2,118
1,73,183,22,118
1,74,183,12,118
1,75,183,8,118
1,76,183,27,118
1,77,183,3,118
1,78,183,16,118
1,79,183,6,118
1,80,183,19,118
1,81,183,26,118
1,82,183,4,118
1,83,183,9,118
1,84,183,13,118
1,85,183,10,118
1,86,183,52,118
1,87,183,30,118
1,88,183,18,118
1,89,183,25,118
1,90,183,29,118
1,91,183,5,118
1,92,183,17,118
1,93,183,28,118
1,94,183,33,118
1,95,183,59,118
1,96,183,15,118
1,97,183,14,118
1,98,183,23,118
1,99,183,24,118
1,100,183,11,118
1,101,183,1,118
1,102,183,7,118
1,103,183,44,118
1,104,183,32,118
1,105,183,51,118
1,106,183,56,118
1,107,183,36,118
1,108,183,40,118
1,109,183,38,118
1,110,183,37,118
1,111,183,42,118
1,112,183,35,118
1,113,183,43,118
1,114,183,60,118
1,115,183,58,118
1,116,183,41,118
1,117,183,53,118
1,118,183,54,118
1,119,183,46,118
1,120,183,55,118
1,121,183,39,118
1,122,183,31,118
1,123,183,49,118
1,124,183,47,118
1,125,183,50,118
1,126,183,45,118
1,127,183,48,118
1,128,183,34,118
1,129,183,57,118
1,1,184,66,75
1,2,184,63,75
1,3,184,68,75
1,4,184,71,75
1,5,184,82,75
1,6,184,61,75
1,7,184,76,75
1,8,184,73,75
1,9,184,69,75
1,10,184,80,75
1,11,184,77,75
1,12,184,74,75
1,13,184,78,75
1,14,184,79,75
1,15,184,67,75
1,16,184,83,75
1,17,184,85,75
1,18,184,72,75
1,19,184,95,75
1,20,184,64,75
1,21,184,101,75
1,22,184,97,75
1,23,184,100,75
1,24,184,90,75
1,25,184,88,75
1,26,184,86,75
1,27,184,107,75
1,28,184,87,75
1,29,184,93,75
1,30,184,103,75
1,31,184,109,75
1,32,184,75,75
1,33,184,99,75
1,34,184,102,75
1,35,184,89,75
1,36,184,98,75
1,37,184,105,75
1,38,184,84,75
1,39,184,108,75
1,40,184,96,75
1,41,184,123,75
1,42,184,106,75
1,43,184,91,75
1,44,184,117,75
1,45,184,65,75
1,46,184,92,75
1,47,184,94,75
1,48,184,120,75
1,49,184,104,75
1,50,184,125,75
1,51,184,127,75
1,52,184,129,75
1,53,184,110,75
1,54,184,112,75
1,55,184,70,75
1,56,184,116,75
1,57,184,121,75
1,58,184,118,75
1,59,184,111,75
1,60,184,113,75
1,61,184,124,75
1,62,184,62,75
1,63,184,81,75
1,64,184,126,75
1,65,184,128,75
1,66,184,122,75
1,67,184,115,75
1,68,184,119,75
1,69,184,114,75
1,70,184,21,75
1,71,184,20,75
1,72,184,2,75
1,73,184,22,75
1,74,184,12,75
1,75,184,8,75
1,76,184,27,75
1,77,184,3,75
1,78,184,16,75
1,79,184,6,75
1,80,184,19,75
1,81,184,26,75
1,82,184,4,75
1,83,184,9,75
1,84,184,13,75
1,85,184,10,75
1,86,184,52,75
1,87,184,30,75
1,88,184,18,75
1,89,184,25,75
1,90,184,29,75
1,91,184,5,75
1,92,184,17,75
1,93,184,28,75
1,94,184,33,75
1,95,184,59,75
1,96,184,15,75
1,97,184,14,75
1,98,184,23,75
1,99,184,24,75
1,100,184,11,75
1,101,184,1,75
1,102,184,7,75
1,103,184,44,75
1,104,184,32,75
1,105,184,51,75
1,106,184,56,75
1,107,184,36,75
1,108,184,40,75
1,109,184,38,75
1,110,184,37,75
1,111,184,42,75
1,112,184,35,75
1,113,184,43,75
1,114,184,60,75
1,115,184,58,75
1,116,184,41,75
1,117,184,53,75
1,118,184,54,75
1,119,184,46,75
1,120,184,55,75
1,121,184,39,75
1,122,184,31,75
1,123,184,49,75
1,124,184,47,75
1,125,184,50,75
1,126,184,45,75
1,127,184,48,75
1,128,184,34,75
1,129,184,57,75
1,1,185,66,137
1,2,185,63,137
1,3,185,68,137
1,4,185,71,137
1,5,185,82,137
1,6,185,61,137
1,7,185,76,137
1,8,185,73,137
1,9,185,69,137
1,10,185,80,137
1,11,185,77,137
1,12,185,74,137
1,13,185,78,137
1,14,185,79,137
1,15,185,67,137
1,16,185,83,137
1,17,185,85,137
1,18,185,72,137
1,19,185,95,137
1,20,185,64,137
1,21,185,101,137
1,22,185,97,137
1,23,185,100,137
1,24,185,90,137
1,25,185,88,137
1,26,185,86,137
1,27,185,107,137
1,28,185,87,137
1,29,185,93,137
1,30,185,103,137
1,31,185,109,137
1,32,185,75,137
1,33,185,99,137
1,34,185,102,137
1,35,185,89,137
1,36,185,98,137
1,37,185,105,137
1,38,185,84,137
1,39,185,108,137
1,40,185,96,137
1,41,185,123,137
1,42,185,106,137
1,43,185,91,137
1,44,185,117,137
1,45,185,65,137
1,46,185,92,137
1,47,185,94,137
1,48,185,120,137
1,49,185,104,137
1,50,185,125,137
1,51,185,127,137
1,52,185,129,137
1,53,185,110,137
1,54,185,112,137
1,55,185,70,137
1,56,185,116,137
1,57,185,121,137
1,58,185,118,137
1,59,185,111,137
1,60,185,113,137
1,61,185,124,137
1,62,185,62,137
1,63,185,81,137
1,64,185,126,137
1,65,185,128,137
1,66,185,122,137
1,67,185,115,137
1,68,185,119,137
1,69,185,114,137
1,70,185,21,137
1,71,185,20,137
1,72,185,2,137
1,73,185,22,137
1,74,185,12,137
1,75,185,8,137
1,76,185,27,137
1,77,185,3,137
1,78,185,16,137
1,79,185,6,137
1,80,185,19,137
1,81,185,26,137
1,82,185,4,137
1,83,185,9,137
1,84,185,13,137
1,85,185,10,137
1,86,185,52,137
1,87,185,30,137
1,88,185,18,137
1,89,185,25,137
1,90,185,29,137
1,91,185,5,137
1,92,185,17,137
1,93,185,28,137
1,94,185,33,137
1,95,185,59,137
1,96,185,15,137
1,97,185,14,137
1,98,185,23,137
1,99,185,24,137
1,100,185,11,137
1,101,185,1,137
1,102,185,7,137
1,103,185,44,137
1,104,185,32,137
1,105,185,51,137
1,106,185,56,137
1,107,185,36,137
1,108,185,40,137
1,109,185,38,137
1,110,185,37,137
1,111,185,42,137
1,112,185,35,137
1,113,185,43,137
1,114,185,60,137
1,115,185,58,137
1,116,185,41,137
1,117,185,53,137
1,118,185,54,137
1,119,185,46,137
1,120,185,55,137
1,121,185,39,137
1,122,185,31,137
1,123,185,49,137
1,124,185,47,137
1,125,185,50,137
1,126,185,45,137
1,127,185,48,137
1,128,185,34,137
1,129,185,57,137
1,1,186,66,181
1,2,186,63,181
1,3,186,68,181
1,4,186,71,181
1,5,186,82,181
1,6,186,61,181
1,7,186,76,181
1,8,186,73,181
1,9,186,69,181
1,10,186,80,181
1,11,186,77,181
1,12,186,74,181
1,13,186,78,181
1,14,186,79,181
1,15,186,67,181
1,16,186,83,181
1,17,186,85,181
1,18,186,72,181
1,19,186,95,181
1,20,186,64,181
1,21,186,101,181
1,22,186,97,181
1,23,186,100,181
1,24,186,90,181
1,25,186,88,181
1,26,186,86,181
1,27,186,107,181
1,28,186,87,181
1,29,186,93,181
1,30,186,103,181
1,31,186,109,181
1,32,186,75,181
1,33,186,99,181
1,34,186,102,181
1,35,186,89,181
1,36,186,98,181
1,37,186,105,181
1,38,186,84,181
1,39,186,108,181
1,40,186,96,181
1,41,186,123,181
1,42,186,106,181
1,43,186,91,181
1,44,186,117,181
1,45,186,65,181
1,46,186,92,181
1,47,186,94,181
1,48,186,120,181
1,49,186,104,181
1,50,186,125,181
1,51,186,127,181
1,52,186,129,181
1,53,186,110,181
1,54,186,112,181
1,55,186,70,181
1,56,186,116,181
1,57,186,121,181
1,58,186,118,181
1,59,186,111,181
1,60,186,113,181
1,61,186,124,181
1,62,186,62,181
1,63,186,81,181
1,64,186,126,181
1,65,186,128,181
1,66,186,122,181
1,67,186,115,181
1,68,186,119,181
1,69,186,114,181
1,70,186,21,181
1,71,186,20,181
1,72,186,2,181
1,73,186,22,181
1,74,186,12,181
1,75,186,8,181
1,76,186,27,181
1,77,186,3,181
1,78,186,16,181
1,79,186,6,181
1,80,186,19,181
1,81,186,26,181
1,82,186,4,181
1,83,186,9,181
1,84,186,13,181
1,85,186,10,181
1,86,186,52,181
1,87,186,30,181
1,88,186,18,181
1,89,186,25,181
1,90,186,29,181
1,91,186,5,181
1,92,186,17,181
1,93,186,28,181
1,94,186,33,181
1,95,186,59,181
1,96,186,15,181
1,97,186,14,181
1,98,186,23,181
1,99,186,24,181
1,100,186,11,181
1,101,186,1,181
1,102,186,7,181
1,103,186,44,181
1,104,186,32,181
1,105,186,51,181
1,106,186,56,181
1,107,186,36,181
1,108,186,40,181
1,109,186,38,181
1,110,186,37,181
1,111,186,42,181
1,112,186,35,181
1,113,186,43,181
1,114,186,60,181
1,115,186,58,181
1,116,186,41,181
1,117,186,53,181
1,118,186,54,181
1,119,186,46,181
1,120,186,55,181
1,121,186,39,181
1,122,186,31,181
1,123,186,49,181
1,124,186,47,181
1,125,186,50,181
1,126,186,45,181
1,127,186,48,181
1,128,186,34,181
1,129,186,57,181
1,1,187,66,61
1,2,187,63,61
1,3,187,68,61
1,4,187,71,61
1,5,187,82,61
1,6,187,61,61
1,7,187,76,61
1,8,187,73,61
1,9,187,69,61
1,10,187,80,61
1,11,187,77,61
1,12,187,74,61
1,13,187,78,61
1,14,187,79,61
1,15,187,67,61
1,16,187,83,61
1,17,187,85,61
1,18,187,72,61
1,19,187,95,61
1,20,187,64,61
1,21,187,101,61
1,22,187,97,61
1,23,187,100,61
1,24,187,90,61
1,25,187,88,61
1,26,187,86,61
1,27,187,107,61
1,28,187,87,61
1,29,187,93,61
1,30,187,103,61
1,31,187,109,61
1,32,187,75,61
1,33,187,99,61
1,34,187,102,61
1,35,187,89,61
1,36,187,98,61
1,37,187,105,61
1,38,187,84,61
1,39,187,108,61
1,40,187,96,61
1,41,187,123,61
1,42,187,106,61
1,43,187,91,61
1,44,187,117,61
1,45,187,65,61
1,46,187,92,61
1,47,187,94,61
1,48,187,120,61
1,49,187,104,61
1,50,187,125,61
1,51,187,127,61
1,52,187,129,61
1,53,187,110,61
1,54,187,112,61
1,55,187,70,61
1,56,187,116,61
1,57,187,121,61
1,58,187,118,61
1,59,187,111,61
1,60,187,113,61
1,61,187,124,61
1,62,187,62,61
1,63,187,81,61
1,64,187,126,61
1,65,187,128,61
1,66,187,122,61
1,67,187,115,61
1,68,187,119,61
1,69,187,114,61
1,70,187,21,61
1,71,187,20,61
1,72,187,2,61
1,73,187,22,61
1,74,187,12,61
1,75,187,8,61
1,76,187,27,61
1,77,187,3,61
1,78,187,16,61
1,79,187,6,61
1,80,187,19,61
1,81,187,26,61
1,82,187,4,61
1,83,187,9,61
1,84,187,13,61
1,85,187,10,61
1,86,187,52,61
1,87,187,30,61
1,88,187,18,61
1,89,187,25,61
1,90,187,29,61
1,91,187,5,61
1,92,187,17,61
1,93,187,28,61
1,94,187,33,61
1,95,187,59,61
1,96,187,15,61
1,97,187,14,61
1,98,187,23,61
1,99,187,24,61
1,100,187,11,61
1,101,187,1,61
1,102,187,7,61
1,103,187,44,61
1,104,187,32,61
1,105,187,51,61
1,106,187,56,61
1,107,187,36,61
1,108,187,40,61
1,109,187,38,61
1,110,187,37,61
1,111,187,42,61
1,112,187,35,61
1,113,187,43,61
1,114,187,60,61
1,115,187,58,61
1,116,187,41,61
1,117,187,53,61
1,118,187,54,61
1,119,187,46,61
1,120,187,55,61
1,121,187,39,61
1,122,187,31,61
1,123,187,49,61
1,124,187,47,61
1,125,187,50,61
1,126,187,45,61
1,127,187,48,61
1,128,187,34,61
1,129,187,57,61
1,1,188,66,173
1,2,188,63,173
1,3,188,68,173
1,4,188,71,173
1,5,188,82,173
1,6,188,61,173
1,7,188,76,173
1,8,188,73,173
1,9,188,69,173
1,10,188,80,173
1,11,188,77,173
1,12,188,74,173
1,13,188,78,173
1,14,188,79,173
1,15,188,67,173
1,16,188,83,173
1,17,188,85,173
1,18,188,72,173
1,19,188,95,173
1,20,188,64,173
1,21,188,101,173
1,22,188,97,173
1,23,188,100,173
1,24,188,90,173
1,25,188,88,173
1,26,188,86,173
1,27,188,107,173
1,28,188,87,173
1,29,188,93,173
1,30,188,103,173
1,31,188,109,173
1,32,188,75,173
1,33,188,99,173
1,34,188,102,173
1,35,188,89,173
1,36,188,98,173
1,37,188,105,173
1,38,188,84,173
1,39,188,108,173
1,40,188,96,173
1,41,188,123,173
1,42,188,106,173
1,43,188,91,173
1,44,188,117,173
1,45,188,65,173
1,46,188,92,173
1,47,188,94,173
1,48,188,120,173
1,49,188,104,173
1,50,188,125,173
1,51,188,127,173
1,52,188,129,173
1,53,188,110,173
1,54,188,112,173
1,55,188,70,173
1,56,188,116,173
1,57,188,121,173
1,58,188,118,173
1,59,188,111,173
1,60,188,113,173
1,61,188,124,173
1,62,188,62,173
1,63,188,81,173
1,64,188,126,173
1,65,188,128,173
1,66,188,122,173
1,67,188,115,173
1,68,188,119,173
1,69,188,114,173
1,70,188,21,173
1,71,188,20,173
1,72,188,2,173
1,73,188,22,173
1,74,188,12,173
1,75,188,8,173
1,76,188,27,173
1,77,188,3,173
1,78,188,16,173
1,79,188,6,173
1,80,188,19,173
1,81,188,26,173
1,82,188,4,173
1,83,188,9,173
1,84,188,13,173
1,85,188,10,173
1,86,188,52,173
1,87,188,30,173
1,88,188,18,173
1,89,188,25,173
1,90,188,29,173
1,91,188,5,173
1,92,188,17,173
1,93,188,28,173
1,94,188,33,173
1,95,188,59,173
1,96,188,15,173
1,97,188,14,173
1,98,188,23,173
1,99,188,24,173
1,100,188,11,173
1,101,188,1,173
1,102,188,7,173
1,103,188,44,173
1,104,188,32,173
1,105,188,51,173
1,106,188,56,173
1,107,188,36,173
1,108,188,40,173
1,109,188,38,173
1,110,188,37,173
1,111,188,42,173
1,112,188,35,173
1,113,188,43,173
1,114,188,60,173
1,115,188,58,173
1,116,188,41,173
1,117,188,53,173
1,118,188,54,173
1,119,188,46,173
1,120,188,55,173
1,121,188,39,173
1,122,188,31,173
1,123,188,49,173
1,124,188,47,173
1,125,188,50,173
1,126,188,45,173
1,127,188,48,173
1,128,188,34,173
1,129,188,57,173
1,1,189,66,100
1,2,189,63,100
1,3,189,68,100
1,4,189,71,100
1,5,189,82,100
1,6,189,61,100
1,7,189,76,100
1,8,189,73,100
1,9,189,69,100
1,10,189,80,100
1,11,189,77,100
1,12,189,74,100
1,13,189,78,100
1,14,189,79,100
1,15,189,67,100
1,16,189,83,100
1,17,189,85,100
1,18,189,72,100
1,19,189,95,100
1,20,189,64,100
1,21,189,101,100
1,22,189,97,100
1,23,189,100,100
1,24,189,90,100
1,25,189,88,100
1,26,189,86,100
1,27,189,107,100
1,28,189,87,100
1,29,189,93,100
1,30,189,103,100
1,31,189,109,100
1,32,189,75,100
1,33,189,99,100
1,34,189,102,100
1,35,189,89,100
1,36,189,98,100
1,37,189,105,100
1,38,189,84,100
1,39,189,108,100
1,40,189,96,100
1,41,189,123,100
1,42,189,106,100
1,43,189,91,100
1,44,189,117,100
1,45,189,65,100
1,46,189,92,100
1,47,189,94,100
1,48,189,120,100
1,49,189,104,100
1,50,189,125,100
1,51,189,127,100
1,52,189,129,100
1,53,189,110,100
1,54,189,112,100
1,55,189,70,100
1,56,189,116,100
1,57,189,121,100
1,58,189,118,100
1,59,189,111,100
1,60,189,113,100
1,61,189,124,100
1,62,189,62,100
1,63,189,81,100
1,64,189,126,100
1,65,189,128,100
1,66,189,122,100
1,67,189,115,100
1,68,189,119,100
1,69,189,114,100
1,70,189,21,100
1,71,189,20,100
1,72,189,2,100
1,73,189,22,100
1,74,189,12,100
1,75,189,8,100
1,76,189,27,100
1,77,189,3,100
1,78,189,16,100
1,79,189,6,100
1,80,189,19,100
1,81,189,26,100
1,82,189,4,100
1,83,189,9,100
1,84,189,13,100
1,85,189,10,100
1,86,189,52,100
1,87,189,30,100
1,88,189,18,100
1,89,189,25,100
1,90,189,29,100
1,91,189,5,100
1,92,189,17,100
1,93,189,28,100
1,94,189,33,100
1,95,189,59,100
1,96,189,15,100
1,97,189,14,100
1,98,189,23,100
1,99,189,24,100
1,100,189,11,100
1,101,189,1,100
1,102,189,7,100
1,103,189,44,100
1,104,189,32,100
1,105,189,51,100
1,106,189,56,100
1,107,189,36,100
1,108,189,40,100
1,109,189,38,100
1,110,189,37,100
1,111,189,42,100
1,112,189,35,100
1,113,189,43,100
1,114,189,60,100
1,115,189,58,100
1,116,189,41,100
1,117,189,53,100
1,118,189,54,100
1,119,189,46,100
1,120,189,55,100
1,121,189,39,100
1,122,189,31,100
1,123,189,49,100
1,124,189,47,100
1,125,189,50,100
1,126,189,45,100
1,127,189,48,100
1,128,189,34,100
1,129,189,57,100
1,1,190,66,216
1,2,190,63,216
1,3,190,68,216
1,4,190,71,216
1,5,190,82,216
1,6,190,61,216
1,7,190,76,216
1,8,190,73,216
1,9,190,69,216
1,10,190,80,216
1,11,190,77,216
1,12,190,74,216
1,13,190,78,216
1,14,190,79,216
1,15,190,67,216
1,16,190,83,216
1,17,190,85,216
1,18,190,72,216
1,19,190,95,216
1,20,190,64,216
1,21,190,101,216
1,22,190,97,216
1,23,190,100,216
1,24,190,90,216
1,25,190,88,216
1,26,190,86,216
1,27,190,107,216
1,28,190,87,216
1,29,190,93,216
1,30,190,103,216
1,31,190,109,216
1,32,190,75,216
1,33,190,99,216
1,34,190,102,216
1,35,190,89,216
1,36,190,98,216
1,37,190,105,216
1,38,190,84,216
1,39,190,108,216
1,40,190,96,216
1,41,190,123,216
1,42,190,106,216
1,43,190,91,216
1,44,190,117,216
1,45,190,65,216
1,46,190,92,216
1,47,190,94,216
1,48,190,120,216
1,49,190,104,216
1,50,190,125,216
1,51,190,127,216
1,52,190,129,216
1,53,190,110,216
1,54,190,112,216
1,55,190,70,216
1,56,190,116,216
1,57,190,121,216
1,58,190,118,216
1,59,190,111,216
1,60,190,113,216
1,61,190,124,216
1,62,190,62,216
1,63,190,81,216
1,64,190,126,216
1,65,190,128,216
1,66,190,122,216
1,67,190,115,216
1,68,190,119,216
1,69,190,114,216
1,70,190,21,216
1,71,190,20,216
1,72,190,2,216
1,73,190,22,216
1,74,190,12,216
1,75,190,8,216
1,76,190,27,216
1,77,190,3,216
1,78,190,16,216
1,79,190,6,216
1,80,190,19,216
1,81,190,26,216
1,82,190,4,216
1,83,190,9,216
1,84,190,13,216
1,85,190,10,216
1,86,190,52,216
1,87,190,30,216
1,88,190,18,216
1,89,190,25,216
1,90,190,29,216
1,91,190,5,216
1,92,190,17,216
1,93,190,28,216
1,94,190,33,216
1,95,190,59,216
1,96,190,15,216
1,97,190,14,216
1,98,190,23,216
1,99,190,24,216
1,100,190,11,216
1,101,190,1,216
1,102,190,7,216
1,103,190,44,216
1,104,190,32,216
1,105,190,51,216
1,106,190,56,216
1,107,190,36,216
1,108,190,40,216
1,109,190,38,216
1,110,190,37,216
1,111,190,42,216
1,112,190,35,216
1,113,190,43,216
1,114,190,60,216
1,115,190,58,216
1,116,190,41,216
1,117,190,53,216
1,118,190,54,216
1,119,190,46,216
1,120,190,55,216
1,121,190,39,216
1,122,190,31,216
1,123,190,49,216
1,124,190,47,216
1,125,190,50,216
1,126,190,45,216
32,127,190,48,216
32,128,190,34,216
32,129,190,57,216
1,1,191,66,194
1,2,191,63,194
1,3,191,68,194
1,4,191,71,194
1,5,191,82,194
1,6,191,61,194
1,7,191,76,194
1,8,191,73,194
1,9,191,69,194
1,10,191,80,194
1,11,191,77,194
1,12,191,74,194
1,13,191,78,194
1,14,191,79,194
1,15,191,67,194
1,16,191,83,194
1,17,191,85,194
1,18,191,72,194
1,19,191,95,194
1,20,191,64,194
1,21,191,101,194
1,22,191,97,194
1,23,191,100,194
1,24,191,90,194
1,25,191,88,194
1,26,191,86,194
1,27,191,107,194
1,28,191,87,194
1,29,191,93,194
1,30,191,103,194
1,31,191,109,194
1,32,191,75,194
1,33,191,99,194
1,34,191,102,194
1,35,191,89,194
1,36,191,98,194
1,37,191,105,194
1,38,191,84,194
1,39,191,108,194
1,40,191,96,194
1,41,191,123,194
1,42,191,106,194
1,43,191,91,194
1,44,191,117,194
1,45,191,65,194
1,46,191,92,194
1,47,191,94,194
1,48,191,120,194
1,49,191,104,194
1,50,191,125,194
1,51,191,127,194
1,52,191,129,194
1,53,191,110,194
1,54,191,112,194
1,55,191,70,194
1,56,191,116,194
1,57,191,121,194
1,58,191,118,194
1,59,191,111,194
1,60,191,113,194
1,61,191,124,194
1,62,191,62,194
1,63,191,81,194
1,64,191,126,194
1,65,191,128,194
1,66,191,122,194
1,67,191,115,194
1,68,191,119,194
1,69,191,114,194
1,70,191,21,194
1,71,191,20,194
1,72,191,2,194
1,73,191,22,194
1,74,191,12,194
1,75,191,8,194
1,76,191,27,194
1,77,191,3,194
1,78,191,16,194
1,79,191,6,194
1,80,191,19,194
1,81,191,26,194
1,82,191,4,194
1,83,191,9,194
1,84,191,13,194
1,85,191,10,194
1,86,191,52,194
1,87,191,30,194
1,88,191,18,194
1,89,191,25,194
1,90,191,29,194
1,91,191,5,194
1,92,191,17,194
1,93,191,28,194
1,94,191,33,194
1,95,191,59,194
1,96,191,15,194
1,97,191,14,194
1,98,191,23,194
1,99,191,24,194
1,100,191,11,194
1,101,191,1,194
1,102,191,7,194
1,103,191,44,194
1,104,191,32,194
1,105,191,51,194
1,106,191,56,194
1,107,191,36,194
1,108,191,40,194
1,109,191,38,194
1,110,191,37,194
1,111,191,42,194
1,112,191,35,194
1,113,191,43,194
1,114,191,60,194
1,115,191,58,194
1,116,191,41,194
1,117,191,53,194
1,118,191,54,194
1,119,191,46,194
1,120,191,55,194
1,121,191,39,194
1,122,191,31,194
1,123,191,49,194
1,124,191,47,194
1,125,191,50,194
1,126,191,45,194
32,127,191,48,194
32,128,191,34,194
32,129,191,57,194
1,1,192,66,140
1,2,192,63,140
1,3,192,68,140
1,4,192,71,140
1,5,192,82,140
1,6,192,61,140
1,7,192,76,140
1,8,192,73,140
1,9,192,69,140
1,10,192,80,140
1,11,192,77,140
1,12,192,74,140
1,13,192,78,140
1,14,192,79,140
1,15,192,67,140
1,16,192,83,140
1,17,192,85,140
1,18,192,72,140
1,19,192,95,140
1,20,192,64,140
1,21,192,101,140
1,22,192,97,140
1,23,192,100,140
1,24,192,90,140
1,25,192,88,140
1,26,192,86,140
1,27,192,107,140
1,28,192,87,140
1,29,192,93,140
1,30,192,103,140
1,31,192,109,140
1,32,192,75,140
1,33,192,99,140
1,34,192,102,140
1,35,192,89,140
1,36,192,98,140
1,37,192,105,140
1,38,192,84,140
1,39,192,108,140
1,40,192,96,140
1,41,192,123,140
1,42,192,106,140
1,43,192,91,140
1,44,192,117,140
1,45,192,65,140
1,46,192,92,140
1,47,192,94,140
1,48,192,120,140
1,49,192,104,140
1,50,192,125,140
1,51,192,127,140
1,52,192,129,140
1,53,192,110,140
1,54,192,112,140
28,55,192,70,140
28,56,192,116,140
28,57,192,121,140
28,58,192,118,140
28,59,192,111,140
1,60,192,113,140
1,61,192,124,140
1,62,192,62,140
1,63,192,81,140
1,64,192,126,140
1,65,192,128,140
1,66,192,122,140
1,67,192,115,140
1,68,192,119,140
1,69,192,114,140
1,70,192,21,140
1,71,192,20,140
1,72,192,2,140
1,73,192,22,140
1,74,192,12,140
1,75,192,8,140
1,76,192,27,140
1,77,192,3,140
1,78,192,16,140
1,79,192,6,140
1,80,192,19,140
1,81,192,26,140
1,82,192,4,140
1,83,192,9,140
1,84,192,13,140
1,85,192,10,140
1,86,192,52,140
1,87,192,30,140
17,88,192,18,140
17,89,192,25,140
17,90,192,29,140
17,91,192,5,140
17,92,192,17,140
17,93,192,28,140
1,94,192,33,140
1,95,192,59,140
1,96,192,15,140
1,97,192,14,140
1,98,192,23,140
1,99,192,24,140
1,100,192,11,140
1,101,192,1,140
1,102,192,7,140
1,103,192,44,140
1,104,192,32,140
1,105,192,51,140
1,106,192,56,140
1,107,192,36,140
1,108,192,40,140
1,109,192,38,140
1,110,192,37,140
1,111,192,42,140
1,112,192,35,140
1,113,192,43,140
1,114,192,60,140
31,115,192,58,140
31,116,192,41,140
31,117,192,53,140
31,118,192,54,140
31,119,192,46,140
31,120,192,55,140
31,121,192,39,140
31,122,192,31,140
31,123,192,49,140
31,124,192,47,140
31,125,192,50,140
31,126,192,45,140
32,127,192,48,140
32,128,192,34,140
32,129,192,57,140
1,1,193,66,157
1,2,193,63,157
1,3,193,68,157
1,4,193,71,157
1,5,193,82,157
1,6,193,61,157
1,7,193,76,157
1,8,193,73,157
1,9,193,69,157
1,10,193,80,157
1,11,193,77,157
1,12,193,74,157
1,13,193,78,157
1,14,193,79,157
1,15,193,67,157
1,16,193,83,157
1,17,193,85,157
1,18,193,72,157
1,19,193,95,157
1,20,193,64,157
1,21,193,101,157
1,22,193,97,157
1,23,193,100,157
1,24,193,90,157
1,25,193,88,157
1,26,193,86,157
1,27,193,107,157
1,28,193,87,157
1,29,193,93,157
1,30,193,103,157
1,31,193,109,157
1,32,193,75,157
1,33,193,99,157
1,34,193,102,157
1,35,193,89,157
1,36,193,98,157
1,37,193,105,157
1,38,193,84,157
1,39,193,108,157
1,40,193,96,157
1,41,193,123,157
1,42,193,106,157
1,43,193,91,157
1,44,193,117,157
1,45,193,65,157
1,46,193,92,157
1,47,193,94,157
1,48,193,120,157
1,49,193,104,157
1,50,193,125,157
1,51,193,127,157
1,52,193,129,157
1,53,193,110,157
1,54,193,112,157
28,55,193,70,157
28,56,193,116,157
28,57,193,121,157
28,58,193,118,157
28,59,193,111,157
1,60,193,113,157
1,61,193,124,157
1,62,193,62,157
1,63,193,81,157
1,64,193,126,157
1,65,193,128,157
1,66,193,122,157
1,67,193,115,157
1,68,193,119,157
1,69,193,114,157
1,70,193,21,157
1,71,193,20,157
1,72,193,2,157
1,73,193,22,157
1,74,193,12,157
1,75,193,8,157
1,76,193,27,157
1,77,193,3,157
1,78,193,16,157
1,79,193,6,157
1,80,193,19,157
1,81,193,26,157
1,82,193,4,157
1,83,193,9,157
1,84,193,13,157
1,85,193,10,157
1,86,193,52,157
1,87,193,30,157
17,88,193,18,157
17,89,193,25,157
17,90,193,29,157
17,91,193,5,157
17,92,193,17,157
17,93,193,28,157
1,94,193,33,157
1,95,193,59,157
1,96,193,15,157
1,97,193,14,157
1,98,193,23,157
1,99,193,24,157
1,100,193,11,157
1,101,193,1,157
1,102,193,7,157
1,103,193,44,157
1,104,193,32,157
1,105,193,51,157
1,106,193,56,157
1,107,193,36,157
1,108,193,40,157
1,109,193,38,157
1,110,193,37,157
1,111,193,42,157
1,112,193,35,157
1,113,193,43,157
1,114,193,60,157
31,115,193,58,157
31,116,193,41,157
31,117,193,53,157
31,118,193,54,157
31,119,193,46,157
31,120,193,55,157
31,121,193,39,157
31,122,193,31,157
31,123,193,49,157
31,124,193,47,157
31,125,193,50,157
31,126,193,45,157
32,127,193,48,157
32,128,193,34,157
32,129,193,57,157
1,1,194,66,16
1,2,194,63,16
1,3,194,68,16
1,4,194,71,16
1,5,194,82,16
1,6,194,61,16
1,7,194,76,16
1,8,194,73,16
1,9,194,69,16
1,10,194,80,16
1,11,194,77,16
1,12,194,74,16
1,13,194,78,16
1,14,194,79,16
1,15,194,67,16
1,16,194,83,16
1,17,194,85,16
1,18,194,72,16
1,19,194,95,16
1,20,194,64,16
1,21,194,101,16
1,22,194,97,16
1,23,194,100,16
1,24,194,90,16
1,25,194,88,16
1,26,194,86,16
1,27,194,107,16
1,28,194,87,16
1,29,194,93,16
1,30,194,103,16
1,31,194,109,16
1,32,194,75,16
1,33,194,99,16
1,34,194,102,16
1,35,194,89,16
1,36,194,98,16
1,37,194,105,16
1,38,194,84,16
1,39,194,108,16
1,40,194,96,16
1,41,194,123,16
1,42,194,106,16
1,43,194,91,16
1,44,194,117,16
1,45,194,65,16
1,46,194,92,16
1,47,194,94,16
1,48,194,120,16
1,49,194,104,16
1,50,194,125,16
1,51,194,127,16
1,52,194,129,16
1,53,194,110,16
1,54,194,112,16
1,55,194,70,16
1,56,194,116,16
1,57,194,121,16
1,58,194,118,16
1,59,194,111,16
1,60,194,113,16
1,61,194,124,16
1,62,194,62,16
1,63,194,81,16
1,64,194,126,16
1,65,194,128,16
1,66,194,122,16
1,67,194,115,16
1,68,194,119,16
1,69,194,114,16
1,70,194,21,16
1,71,194,20,16
1,72,194,2,16
1,73,194,22,16
1,74,194,12,16
1,75,194,8,16
1,76,194,27,16
1,77,194,3,16
1,78,194,16,16
1,79,194,6,16
1,80,194,19,16
1,81,194,26,16
1,82,194,4,16
1,83,194,9,16
1,84,194,13,16
1,85,194,10,16
1,86,194,52,16
1,87,194,30,16
1,88,194,18,16
1,89,194,25,16
1,90,194,29,16
1,91,194,5,16
1,92,194,17,16
1,93,194,28,16
1,94,194,33,16
1,95,194,59,16
1,96,194,15,16
1,97,194,14,16
1,98,194,23,16
1,99,194,24,16
1,100,194,11,16
1,101,194,1,16
1,102,194,7,16
1,103,194,44,16
1,104,194,32,16
1,105,194,51,16
1,106,194,56,16
1,107,194,36,16
1,108,194,40,16
1,109,194,38,16
1,110,194,37,16
1,111,194,42,16
1,112,194,35,16
1,113,194,43,16
1,114,194,60,16
1,115,194,58,16
1,116,194,41,16
1,117,194,53,16
1,118,194,54,16
1,119,194,46,16
1,120,194,55,16
1,121,194,39,16
1,122,194,31,16
1,123,194,49,16
1,124,194,47,16
1,125,194,50,16
1,126,194,45,16
1,127,194,48,16
1,128,194,34,16
1,129,194,57,16
1,1,195,66,51
1,2,195,63,51
1,3,195,68,51
1,4,195,71,51
1,5,195,82,51
1,6,195,61,51
1,7,195,76,51
1,8,195,73,51
1,9,195,69,51
1,10,195,80,51
1,11,195,77,51
1,12,195,74,51
1,13,195,78,51
1,14,195,79,51
1,15,195,67,51
1,16,195,83,51
1,17,195,85,51
1,18,195,72,51
1,19,195,95,51
1,20,195,64,51
1,21,195,101,51
1,22,195,97,51
1,23,195,100,51
1,24,195,90,51
1,25,195,88,51
1,26,195,86,51
1,27,195,107,51
1,28,195,87,51
1,29,195,93,51
1,30,195,103,51
1,31,195,109,51
1,32,195,75,51
1,33,195,99,51
1,34,195,102,51
1,35,195,89,51
1,36,195,98,51
1,37,195,105,51
1,38,195,84,51
1,39,195,108,51
1,40,195,96,51
1,41,195,123,51
1,42,195,106,51
1,43,195,91,51
1,44,195,117,51
1,45,195,65,51
1,46,195,92,51
1,47,195,94,51
1,48,195,120,51
1,49,195,104,51
1,50,195,125,51
1,51,195,127,51
1,52,195,129,51
1,53,195,110,51
1,54,195,112,51
1,55,195,70,51
1,56,195,116,51
1,57,195,121,51
1,58,195,118,51
1,59,195,111,51
1,60,195,113,51
1,61,195,124,51
1,62,195,62,51
1,63,195,81,51
1,64,195,126,51
1,65,195,128,51
1,66,195,122,51
1,67,195,115,51
1,68,195,119,51
1,69,195,114,51
1,70,195,21,51
1,71,195,20,51
1,72,195,2,51
1,73,195,22,51
1,74,195,12,51
1,75,195,8,51
1,76,195,27,51
1,77,195,3,51
1,78,195,16,51
1,79,195,6,51
1,80,195,19,51
1,81,195,26,51
1,82,195,4,51
1,83,195,9,51
1,84,195,13,51
1,85,195,10,51
1,86,195,52,51
1,87,195,30,51
1,88,195,18,51
1,89,195,25,51
1,90,195,29,51
1,91,195,5,51
1,92,195,17,51
1,93,195,28,51
1,94,195,33,51
1,95,195,59,51
1,96,195,15,51
1,97,195,14,51
1,98,195,23,51
1,99,195,24,51
1,100,195,11,51
1,101,195,1,51
1,102,195,7,51
1,103,195,44,51
1,104,195,32,51
1,105,195,51,51
1,106,195,56,51
1,107,195,36,51
1,108,195,40,51
1,109,195,38,51
1,110,195,37,51
1,111,195,42,51
1,112,195,35,51
1,113,195,43,51
1,114,195,60,51
1,115,195,58,51
1,116,195,41,51
1,117,195,53,51
1,118,195,54,51
1,119,195,46,51
1,120,195,55,51
1,121,195,39,51
1,122,195,31,51
1,123,195,49,51
1,124,195,47,51
1,125,195,50,51
1,126,195,45,51
1,127,195,48,51
1,128,195,34,51
1,129,195,57,51
1,1,196,66,5
1,2,196,63,5
1,3,196,68,5
1,4,196,71,5
1,5,196,82,5
1,6,196,61,5
1,7,196,76,5
1,8,196,73,5
1,9,196,69,5
1,10,196,80,5
1,11,196,77,5
1,12,196,74,5
1,13,196,78,5
1,14,196,79,5
1,15,196,67,5
1,16,196,83,5
1,17,196,85,5
1,18,196,72,5
1,19,196,95,5
1,20,196,64,5
1,21,196,101,5
1,22,196,97,5
1,23,196,100,5
1,24,196,90,5
1,25,196,88,5
1,26,196,86,5
1,27,196,107,5
1,28,196,87,5
1,29,196,93,5
1,30,196,103,5
1,31,196,109,5
1,32,196,75,5
1,33,196,99,5
1,34,196,102,5
1,35,196,89,5
1,36,196,98,5
1,37,196,105,5
1,38,196,84,5
1,39,196,108,5
1,40,196,96,5
1,41,196,123,5
1,42,196,106,5
1,43,196,91,5
1,44,196,117,5
1,45,196,65,5
1,46,196,92,5
1,47,196,94,5
1,48,196,120,5
1,49,196,104,5
1,50,196,125,5
1,51,196,127,5
1,52,196,129,5
1,53,196,110,5
1,54,196,112,5
1,55,196,70,5
1,56,196,116,5
1,57,196,121,5
1,58,196,118,5
1,59,196,111,5
1,60,196,113,5
1,61,196,124,5
1,62,196,62,5
1,63,196,81,5
1,64,196,126,5
1,65,196,128,5
1,66,196,122,5
1,67,196,115,5
1,68,196,119,5
1,69,196,114,5
1,70,196,21,5
1,71,196,20,5
1,72,196,2,5
1,73,196,22,5
1,74,196,12,5
1,75,196,8,5
1,76,196,27,5
1,77,196,3,5
1,78,196,16,5
1,79,196,6,5
1,80,196,19,5
1,81,196,26,5
1,82,196,4,5
1,83,196,9,5
1,84,196,13,5
1,85,196,10,5
1,86,196,52,5
1,87,196,30,5
1,88,196,18,5
1,89,196,25,5
1,90,196,29,5
1,91,196,5,5
1,92,196,17,5
1,93,196,28,5
1,94,196,33,5
1,95,196,59,5
1,96,196,15,5
1,97,196,14,5
1,98,196,23,5
1,99,196,24,5
1,100,196,11,5
1,101,196,1,5
1,102,196,7,5
1,103,196,44,5
1,104,196,32,5
1,105,196,51,5
1,106,196,56,5
1,107,196,36,5
1,108,196,40,5
1,109,196,38,5
1,110,196,37,5
1,111,196,42,5
1,112,196,35,5
1,113,196,43,5
1,114,196,60,5
1,115,196,58,5
1,116,196,41,5
1,117,196,53,5
1,118,196,54,5
1,119,196,46,5
1,120,196,55,5
1,121,196,39,5
1,122,196,31,5
1,123,196,49,5
1,124,196,47,5
1,125,196,50,5
1,126,196,45,5
1,127,196,48,5
1,128,196,34,5
1,129,196,57,5
1,1,197,66,49
1,2,197,63,49
1,3,197,68,49
1,4,197,71,49
1,5,197,82,49
1,6,197,61,49
1,7,197,76,49
1,8,197,73,49
1,9,197,69,49
1,10,197,80,49
1,11,197,77,49
1,12,197,74,49
1,13,197,78,49
1,14,197,79,49
1,15,197,67,49
1,16,197,83,49
1,17,197,85,49
1,18,197,72,49
1,19,197,95,49
1,20,197,64,49
1,21,197,101,49
1,22,197,97,49
1,23,197,100,49
1,24,197,90,49
1,25,197,88,49
1,26,197,86,49
1,27,197,107,49
1,28,197,87,49
1,29,197,93,49
1,30,197,103,49
1,31,197,109,49
1,32,197,75,49
1,33,197,99,49
1,34,197,102,49
1,35,197,89,49
1,36,197,98,49
1,37,197,105,49
1,38,197,84,49
1,39,197,108,49
1,40,197,96,49
1,41,197,123,49
1,42,197,106,49
1,43,197,91,49
1,44,197,117,49
1,45,197,65,49
1,46,197,92,49
1,47,197,94,49
1,48,197,120,49
1,49,197,104,49
1,50,197,125,49
1,51,197,127,49
1,52,197,129,49
1,53,197,110,49
1,54,197,112,49
1,55,197,70,49
1,56,197,116,49
1,57,197,121,49
1,58,197,118,49
1,59,197,111,49
1,60,197,113,49
1,61,197,124,49
1,62,197,62,49
1,63,197,81,49
1,64,197,126,49
1,65,197,128,49
1,66,197,122,49
1,67,197,115,49
1,68,197,119,49
1,69,197,114,49
1,70,197,21,49
1,71,197,20,49
1,72,197,2,49
1,73,197,22,49
1,74,197,12,49
1,75,197,8,49
1,76,197,27,49
1,77,197,3,49
1,78,197,16,49
1,79,197,6,49
1,80,197,19,49
1,81,197,26,49
1,82,197,4,49
1,83,197,9,49
1,84,197,13,49
1,85,197,10,49
1,86,197,52,49
1,87,197,30,49
1,88,197,18,49
1,89,197,25,49
1,90,197,29,49
1,91,197,5,49
1,92,197,17,49
1,93,197,28,49
1,94,197,33,49
1,95,197,59,49
1,96,197,15,49
1,97,197,14,49
1,98,197,23,49
1,99,197,24,49
1,100,197,11,49
1,101,197,1,49
1,102,197,7,49
1,103,197,44,49
1,104,197,32,49
1,105,197,51,49
1,106,197,56,49
1,107,197,36,49
1,108,197,40,49
1,109,197,38,49
1,110,197,37,49
1,111,197,42,49
1,112,197,35,49
1,113,197,43,49
1,114,197,60,49
1,115,197,58,49
1,116,197,41,49
1,117,197,53,49
1,118,197,54,49
1,119,197,46,49
1,120,197,55,49
1,121,197,39,49
1,122,197,31,49
1,123,197,49,49
1,124,197,47,49
1,125,197,50,49
1,126,197,45,49
1,127,197,48,49
1,128,197,34,49
1,129,197,57,49
1,1,198,66,171
1,2,198,63,171
1,3,198,68,171
1,4,198,71,171
1,5,198,82,171
1,6,198,61,171
1,7,198,76,171
1,8,198,73,171
1,9,198,69,171
1,10,198,80,171
1,11,198,77,171
1,12,198,74,171
1,13,198,78,171
1,14,198,79,171
1,15,198,67,171
1,16,198,83,171
1,17,198,85,171
1,18,198,72,171
1,19,198,95,171
1,20,198,64,171
1,21,198,101,171
1,22,198,97,171
1,23,198,100,171
1,24,198,90,171
1,25,198,88,171
1,26,198,86,171
1,27,198,107,171
1,28,198,87,171
1,29,198,93,171
1,30,198,103,171
1,31,198,109,171
1,32,198,75,171
1,33,198,99,171
1,34,198,102,171
1,35,198,89,171
1,36,198,98,171
1,37,198,105,171
1,38,198,84,171
1,39,198,108,171
1,40,198,96,171
1,41,198,123,171
1,42,198,106,171
1,43,198,91,171
1,44,198,117,171
1,45,198,65,171
1,46,198,92,171
1,47,198,94,171
1,48,198,120,171
1,49,198,104,171
1,50,198,125,171
1,51,198,127,171
1,52,198,129,171
1,53,198,110,171
1,54,198,112,171
1,55,198,70,171
1,56,198,116,171
1,57,198,121,171
1,58,198,118,171
1,59,198,111,171
1,60,198,113,171
1,61,198,124,171
1,62,198,62,171
1,63,198,81,171
1,64,198,126,171
1,65,198,128,171
1,66,198,122,171
1,67,198,115,171
1,68,198,119,171
1,69,198,114,171
1,70,198,21,171
1,71,198,20,171
1,72,198,2,171
1,73,198,22,171
1,74,198,12,171
1,75,198,8,171
1,76,198,27,171
1,77,198,3,171
1,78,198,16,171
1,79,198,6,171
1,80,198,19,171
1,81,198,26,171
1,82,198,4,171
1,83,198,9,171
1,84,198,13,171
1,85,198,10,171
1,86,198,52,171
1,87,198,30,171
1,88,198,18,171
1,89,198,25,171
1,90,198,29,171
1,91,198,5,171
1,92,198,17,171
1,93,198,28,171
1,94,198,33,171
1,95,198,59,171
1,96,198,15,171
1,97,198,14,171
1,98,198,23,171
1,99,198,24,171
1,100,198,11,171
1,101,198,1,171
1,102,198,7,171
1,103,198,44,171
1,104,198,32,171
1,105,198,51,171
1,106,198,56,171
1,107,198,36,171
1,108,198,40,171
1,109,198,38,171
1,110,198,37,171
1,111,198,42,171
1,112,198,35,171
1,113,198,43,171
1,114,198,60,171
1,115,198,58,171
1,116,198,41,171
1,117,198,53,171
1,118,198,54,171
1,119,198,46,171
1,120,198,55,171
1,121,198,39,171
1,122,198,31,171
1,123,198,49,171
1,124,198,47,171
1,125,198,50,171
1,126,198,45,171
1,127,198,48,171
1,128,198,34,171
1,129,198,57,171
1,1,199,66,91
1,2,199,63,91
1,3,199,68,91
1,4,199,71,91
1,5,199,82,91
1,6,199,61,91
1,7,199,76,91
1,8,199,73,91
1,9,199,69,91
1,10,199,80,91
1,11,199,77,91
1,12,199,74,91
1,13,199,78,91
1,14,199,79,91
1,15,199,67,91
1,16,199,83,91
1,17,199,85,91
1,18,199,72,91
1,19,199,95,91
1,20,199,64,91
1,21,199,101,91
1,22,199,97,91
1,23,199,100,91
1,24,199,90,91
1,25,199,88,91
1,26,199,86,91
1,27,199,107,91
1,28,199,87,91
1,29,199,93,91
1,30,199,103,91
1,31,199,109,91
1,32,199,75,91
1,33,199,99,91
1,34,199,102,91
1,35,199,89,91
1,36,199,98,91
1,37,199,105,91
1,38,199,84,91
1,39,199,108,91
1,40,199,96,91
1,41,199,123,91
1,42,199,106,91
1,43,199,91,91
1,44,199,117,91
1,45,199,65,91
1,46,199,92,91
1,47,199,94,91
1,48,199,120,91
1,49,199,104,91
1,50,199,125,91
1,51,199,127,91
1,52,199,129,91
1,53,199,110,91
1,54,199,112,91
1,55,199,70,91
1,56,199,116,91
1,57,199,121,91
1,58,199,118,91
1,59,199,111,91
1,60,199,113,91
1,61,199,124,91
1,62,199,62,91
1,63,199,81,91
1,64,199,126,91
1,65,199,128,91
1,66,199,122,91
1,67,199,115,91
1,68,199,119,91
1,69,199,114,91
1,70,199,21,91
1,71,199,20,91
1,72,199,2,91
1,73,199,22,91
1,74,199,12,91
1,75,199,8,91
1,76,199,27,91
1,77,199,3,91
1,78,199,16,91
1,79,199,6,91
1,80,199,19,91
1,81,199,26,91
1,82,199,4,91
1,83,199,9,91
1,84,199,13,91
1,85,199,10,91
1,86,199,52,91
1,87,199,30,91
1,88,199,18,91
1,89,199,25,91
1,90,199,29,91
1,91,199,5,91
1,92,199,17,91
1,93,199,28,91
1,94,199,33,91
1,95,199,59,91
1,96,199,15,91
1,97,199,14,91
1,98,199,23,91
1,99,199,24,91
1,100,199,11,91
1,101,199,1,91
1,102,199,7,91
1,103,199,44,91
1,104,199,32,91
1,105,199,51,91
1,106,199,56,91
1,107,199,36,91
1,108,199,40,91
1,109,199,38,91
1,110,199,37,91
1,111,199,42,91
1,112,199,35,91
1,113,199,43,91
1,114,199,60,91
1,115,199,58,91
1,116,199,41,91
1,117,199,53,91
1,118,199,54,91
1,119,199,46,91
1,120,199,55,91
1,121,199,39,91
1,122,199,31,91
1,123,199,49,91
1,124,199,47,91
1,125,199,50,91
1,126,199,45,91
1,127,199,48,91
1,128,199,34,91
1,129,199,57,91
1,1,200,66,90
1,2,200,63,90
1,3,200,68,90
1,4,200,71,90
1,5,200,82,90
1,6,200,61,90
1,7,200,76,90
1,8,200,73,90
1,9,200,69,90
1,10,200,80,90
1,11,200,77,90
1,12,200,74,90
1,13,200,78,90
1,14,200,79,90
1,15,200,67,90
1,16,200,83,90
1,17,200,85,90
1,18,200,72,90
1,19,200,95,90
1,20,200,64,90
1,21,200,101,90
1,22,200,97,90
1,23,200,100,90
1,24,200,90,90
1,25,200,88,90
1,26,200,86,90
1,27,200,107,90
1,28,200,87,90
1,29,200,93,90
1,30,200,103,90
1,31,200,109,90
1,32,200,75,90
1,33,200,99,90
1,34,200,102,90
1,35,200,89,90
1,36,200,98,90
1,37,200,105,90
1,38,200,84,90
1,39,200,108,90
1,40,200,96,90
1,41,200,123,90
1,42,200,106,90
1,43,200,91,90
1,44,200,117,90
1,45,200,65,90
1,46,200,92,90
1,47,200,94,90
1,48,200,120,90
1,49,200,104,90
1,50,200,125,90
1,51,200,127,90
1,52,200,129,90
1,53,200,110,90
1,54,200,112,90
1,55,200,70,90
1,56,200,116,90
1,57,200,121,90
1,58,200,118,90
1,59,200,111,90
1,60,200,113,90
1,61,200,124,90
1,62,200,62,90
1,63,200,81,90
1,64,200,126,90
1,65,200,128,90
1,66,200,122,90
1,67,200,115,90
1,68,200,119,90
1,69,200,114,90
1,70,200,21,90
1,71,200,20,90
1,72,200,2,90
1,73,200,22,90
1,74,200,12,90
1,75,200,8,90
1,76,200,27,90
1,77,200,3,90
1,78,200,16,90
1,79,200,6,90
1,80,200,19,90
1,81,200,26,90
1,82,200,4,90
1,83,200,9,90
1,84,200,13,90
1,85,200,10,90
1,86,200,52,90
1,87,200,30,90
1,88,200,18,90
1,89,200,25,90
1,90,200,29,90
1,91,200,5,90
1,92,200,17,90
1,93,200,28,90
1,94,200,33,90
1,95,200,59,90
1,96,200,15,90
1,97,200,14,90
1,98,200,23,90
1,99,200,24,90
1,100,200,11,90
1,101,200,1,90
1,102,200,7,90
1,103,200,44,90
1,104,200,32,90
1,105,200,51,90
1,106,200,56,90
1,107,200,36,90
1,108,200,40,90
1,109,200,38,90
1,110,200,37,90
1,111,200,42,90
1,112,200,35,90
1,113,200,43,90
1,114,200,60,90
1,115,200,58,90
1,116,200,41,90
1,117,200,53,90
1,118,200,54,90
1,119,200,46,90
1,120,200,55,90
1,121,200,39,90
1,122,200,31,90
1,123,200,49,90
1,124,200,47,90
1,125,200,50,90
1,126,200,45,90
1,127,200,48,90
1,128,200,34,90
1,129,200,57,90
1,1,201,66,74
1,2,201,63,74
1,3,201,68,74
1,4,201,71,74
1,5,201,82,74
1,6,201,61,74
1,7,201,76,74
1,8,201,73,74
1,9,201,69,74
1,10,201,80,74
1,11,201,77,74
1,12,201,74,74
1,13,201,78,74
1,14,201,79,74
1,15,201,67,74
1,16,201,83,74
1,17,201,85,74
1,18,201,72,74
1,19,201,95,74
1,20,201,64,74
1,21,201,101,74
1,22,201,97,74
1,23,201,100,74
1,24,201,90,74
1,25,201,88,74
1,26,201,86,74
1,27,201,107,74
1,28,201,87,74
1,29,201,93,74
1,30,201,103,74
1,31,201,109,74
1,32,201,75,74
1,33,201,99,74
1,34,201,102,74
1,35,201,89,74
1,36,201,98,74
1,37,201,105,74
1,38,201,84,74
1,39,201,108,74
1,40,201,96,74
1,41,201,123,74
1,42,201,106,74
1,43,201,91,74
1,44,201,117,74
1,45,201,65,74
1,46,201,92,74
1,47,201,94,74
1,48,201,120,74
1,49,201,104,74
1,50,201,125,74
1,51,201,127,74
1,52,201,129,74
1,53,201,110,74
1,54,201,112,74
1,55,201,70,74
1,56,201,116,74
1,57,201,121,74
1,58,201,118,74
1,59,201,111,74
1,60,201,113,74
1,61,201,124,74
1,62,201,62,74
1,63,201,81,74
1,64,201,126,74
1,65,201,128,74
1,66,201,122,74
1,67,201,115,74
1,68,201,119,74
1,69,201,114,74
1,70,201,21,74
1,71,201,20,74
1,72,201,2,74
1,73,201,22,74
1,74,201,12,74
1,75,201,8,74
1,76,201,27,74
1,77,201,3,74
1,78,201,16,74
1,79,201,6,74
1,80,201,19,74
1,81,201,26,74
1,82,201,4,74
1,83,201,9,74
1,84,201,13,74
1,85,201,10,74
1,86,201,52,74
1,87,201,30,74
1,88,201,18,74
1,89,201,25,74
1,90,201,29,74
1,91,201,5,74
1,92,201,17,74
1,93,201,28,74
1,94,201,33,74
1,95,201,59,74
1,96,201,15,74
1,97,201,14,74
1,98,201,23,74
1,99,201,24,74
1,100,201,11,74
1,101,201,1,74
1,102,201,7,74
6,103,201,44,74
6,104,201,32,74
6,105,201,51,74
6,106,201,56,74
6,107,201,36,74
6,108,201,40,74
6,109,201,38,74
6,110,201,37,74
6,111,201,42,74
6,112,201,35,74
6,113,201,43,74
6,114,201,60,74
6,115,201,58,74
6,116,201,41,74
6,117,201,53,74
6,118,201,54,74
6,119,201,46,74
6,120,201,55,74
6,121,201,39,74
6,122,201,31,74
6,123,201,49,74
6,124,201,47,74
6,125,201,50,74
6,126,201,45,74
6,127,201,48,74
6,128,201,34,74
6,129,201,57,74
1,1,202,66,9
1,2,202,63,9
1,3,202,68,9
1,4,202,71,9
1,5,202,82,9
1,6,202,61,9
1,7,202,76,9
1,8,202,73,9
1,9,202,69,9
1,10,202,80,9
1,11,202,77,9
1,12,202,74,9
1,13,202,78,9
1,14,202,79,9
1,15,202,67,9
1,16,202,83,9
1,17,202,85,9
1,18,202,72,9
1,19,202,95,9
1,20,202,64,9
1,21,202,101,9
1,22,202,97,9
1,23,202,100,9
1,24,202,90,9
1,25,202,88,9
1,26,202,86,9
1,27,202,107,9
1,28,202,87,9
1,29,202,93,9
1,30,202,103,9
1,31,202,109,9
1,32,202,75,9
1,33,202,99,9
1,34,202,102,9
1,35,202,89,9
1,36,202,98,9
1,37,202,105,9
1,38,202,84,9
1,39,202,108,9
1,40,202,96,9
1,41,202,123,9
1,42,202,106,9
1,43,202,91,9
1,44,202,117,9
1,45,202,65,9
1,46,202,92,9
1,47,202,94,9
1,48,202,120,9
1,49,202,104,9
1,50,202,125,9
1,51,202,127,9
1,52,202,129,9
1,53,202,110,9
1,54,202,112,9
1,55,202,70,9
1,56,202,116,9
1,57,202,121,9
1,58,202,118,9
1,59,202,111,9
1,60,202,113,9
1,61,202,124,9
1,62,202,62,9
1,63,202,81,9
1,64,202,126,9
1,65,202,128,9
1,66,202,122,9
1,67,202,115,9
1,68,202,119,9
1,69,202,114,9
1,70,202,21,9
1,71,202,20,9
1,72,202,2,9
1,73,202,22,9
1,74,202,12,9
1,75,202,8,9
1,76,202,27,9
1,77,202,3,9
1,78,202,16,9
1,79,202,6,9
1,80,202,19,9
1,81,202,26,9
1,82,202,4,9
1,83,202,9,9
1,84,202,13,9
1,85,202,10,9
1,86,202,52,9
1,87,202,30,9
1,88,202,18,9
1,89,202,25,9
1,90,202,29,9
1,91,202,5,9
1,92,202,17,9
1,93,202,28,9
1,94,202,33,9
1,95,202,59,9
1,96,202,15,9
1,97,202,14,9
1,98,202,23,9
1,99,202,24,9
1,100,202,11,9
1,101,202,1,9
1,102,202,7,9
6,103,202,44,9
6,104,202,32,9
6,105,202,51,9
6,106,202,56,9
6,107,202,36,9
6,108,202,40,9
6,109,202,38,9
6,110,202,37,9
6,111,202,42,9
6,112,202,35,9
6,113,202,43,9
6,114,202,60,9
6,115,202,58,9
6,116,202,41,9
6,117,202,53,9
6,118,202,54,9
6,119,202,46,9
6,120,202,55,9
6,121,202,39,9
6,122,202,31,9
6,123,202,49,9
6,124,202,47,9
6,125,202,50,9
6,126,202,45,9
6,127,202,48,9
6,128,202,34,9
6,129,202,57,9
1,1,203,66,217
1,2,203,63,217
1,3,203,68,217
1,4,203,71,217
1,5,203,82,217
1,6,203,61,217
1,7,203,76,217
1,8,203,73,217
1,9,203,69,217
1,10,203,80,217
1,11,203,77,217
1,12,203,74,217
1,13,203,78,217
1,14,203,79,217
1,15,203,67,217
1,16,203,83,217
1,17,203,85,217
1,18,203,72,217
1,19,203,95,217
1,20,203,64,217
1,21,203,101,217
1,22,203,97,217
1,23,203,100,217
1,24,203,90,217
1,25,203,88,217
1,26,203,86,217
1,27,203,107,217
1,28,203,87,217
1,29,203,93,217
1,30,203,103,217
1,31,203,109,217
1,32,203,75,217
1,33,203,99,217
1,34,203,102,217
1,35,203,89,217
1,36,203,98,217
1,37,203,105,217
1,38,203,84,217
1,39,203,108,217
1,40,203,96,217
1,41,203,123,217
1,42,203,106,217
1,43,203,91,217
1,44,203,117,217
1,45,203,65,217
1,46,203,92,217
1,47,203,94,217
1,48,203,120,217
1,49,203,104,217
1,50,203,125,217
1,51,203,127,217
1,52,203,129,217
1,53,203,110,217
1,54,203,112,217
1,55,203,70,217
1,56,203,116,217
1,57,203,121,217
1,58,203,118,217
1,59,203,111,217
1,60,203,113,217
1,61,203,124,217
1,62,203,62,217
1,63,203,81,217
1,64,203,126,217
1,65,203,128,217
1,66,203,122,217
1,67,203,115,217
1,68,203,119,217
1,69,203,114,217
1,70,203,21,217
1,71,203,20,217
1,72,203,2,217
1,73,203,22,217
1,74,203,12,217
1,75,203,8,217
1,76,203,27,217
1,77,203,3,217
1,78,203,16,217
1,79,203,6,217
1,80,203,19,217
1,81,203,26,217
1,82,203,4,217
1,83,203,9,217
1,84,203,13,217
1,85,203,10,217
1,86,203,52,217
1,87,203,30,217
1,88,203,18,217
1,89,203,25,217
1,90,203,29,217
1,91,203,5,217
1,92,203,17,217
1,93,203,28,217
1,94,203,33,217
1,95,203,59,217
1,96,203,15,217
1,97,203,14,217
1,98,203,23,217
1,99,203,24,217
1,100,203,11,217
1,101,203,1,217
1,102,203,7,217
6,103,203,44,217
6,104,203,32,217
6,105,203,51,217
6,106,203,56,217
6,107,203,36,217
6,108,203,40,217
6,109,203,38,217
6,110,203,37,217
6,111,203,42,217
6,112,203,35,217
6,113,203,43,217
6,114,203,60,217
6,115,203,58,217
6,116,203,41,217
6,117,203,53,217
6,118,203,54,217
6,119,203,46,217
6,120,203,55,217
6,121,203,39,217
6,122,203,31,217
6,123,203,49,217
6,124,203,47,217
6,125,203,50,217
6,126,203,45,217
6,127,203,48,217
6,128,203,34,217
6,129,203,57,217
1,1,204,66,33
1,2,204,63,33
1,3,204,68,33
1,4,204,71,33
1,5,204,82,33
1,6,204,61,33
1,7,204,76,33
1,8,204,73,33
1,9,204,69,33
1,10,204,80,33
1,11,204,77,33
1,12,204,74,33
1,13,204,78,33
1,14,204,79,33
1,15,204,67,33
1,16,204,83,33
1,17,204,85,33
1,18,204,72,33
1,19,204,95,33
1,20,204,64,33
1,21,204,101,33
1,22,204,97,33
1,23,204,100,33
1,24,204,90,33
1,25,204,88,33
1,26,204,86,33
1,27,204,107,33
1,28,204,87,33
1,29,204,93,33
1,30,204,103,33
1,31,204,109,33
1,32,204,75,33
1,33,204,99,33
1,34,204,102,33
1,35,204,89,33
1,36,204,98,33
1,37,204,105,33
1,38,204,84,33
1,39,204,108,33
1,40,204,96,33
1,41,204,123,33
1,42,204,106,33
1,43,204,91,33
1,44,204,117,33
1,45,204,65,33
1,46,204,92,33
1,47,204,94,33
1,48,204,120,33
1,49,204,104,33
1,50,204,125,33
1,51,204,127,33
1,52,204,129,33
1,53,204,110,33
1,54,204,112,33
1,55,204,70,33
1,56,204,116,33
1,57,204,121,33
1,58,204,118,33
1,59,204,111,33
1,60,204,113,33
1,61,204,124,33
1,62,204,62,33
1,63,204,81,33
1,64,204,126,33
1,65,204,128,33
1,66,204,122,33
1,67,204,115,33
1,68,204,119,33
1,69,204,114,33
1,70,204,21,33
1,71,204,20,33
1,72,204,2,33
1,73,204,22,33
1,74,204,12,33
1,75,204,8,33
1,76,204,27,33
1,77,204,3,33
1,78,204,16,33
1,79,204,6,33
1,80,204,19,33
1,81,204,26,33
1,82,204,4,33
1,83,204,9,33
1,84,204,13,33
1,85,204,10,33
1,86,204,52,33
1,87,204,30,33
1,88,204,18,33
1,89,204,25,33
1,90,204,29,33
1,91,204,5,33
1,92,204,17,33
1,93,204,28,33
1,94,204,33,33
1,95,204,59,33
1,96,204,15,33
1,97,204,14,33
1,98,204,23,33
1,99,204,24,33
1,100,204,11,33
1,101,204,1,33
1,102,204,7,33
6,103,204,44,33
6,104,204,32,33
6,105,204,51,33
6,106,204,56,33
6,107,204,36,33
6,108,204,40,33
6,109,204,38,33
6,110,204,37,33
6,111,204,42,33
6,112,204,35,33
6,113,204,43,33
6,114,204,60,33
6,115,204,58,33
6,116,204,41,33
6,117,204,53,33
6,118,204,54,33
6,119,204,46,33
6,120,204,55,33
6,121,204,39,33
6,122,204,31,33
6,123,204,49,33
6,124,204,47,33
6,125,204,50,33
6,126,204,45,33
6,127,204,48,33
6,128,204,34,33
6,129,204,57,33
1,1,205,66,207
1,2,205,63,207
1,3,205,68,207
1,4,205,71,207
1,5,205,82,207
1,6,205,61,207
1,7,205,76,207
1,8,205,73,207
1,9,205,69,207
1,10,205,80,207
1,11,205,77,207
1,12,205,74,207
1,13,205,78,207
1,14,205,79,207
1,15,205,67,207
1,16,205,83,207
1,17,205,85,207
1,18,205,72,207
1,19,205,95,207
1,20,205,64,207
1,21,205,101,207
1,22,205,97,207
1,23,205,100,207
1,24,205,90,207
1,25,205,88,207
1,26,205,86,207
1,27,205,107,207
1,28,205,87,207
1,29,205,93,207
1,30,205,103,207
1,31,205,109,207
1,32,205,75,207
1,33,205,99,207
1,34,205,102,207
1,35,205,89,207
1,36,205,98,207
1,37,205,105,207
1,38,205,84,207
1,39,205,108,207
1,40,205,96,207
1,41,205,123,207
1,42,205,106,207
1,43,205,91,207
1,44,205,117,207
1,45,205,65,207
1,46,205,92,207
1,47,205,94,207
1,48,205,120,207
1,49,205,104,207
1,50,205,125,207
1,51,205,127,207
1,52,205,129,207
1,53,205,110,207
1,54,205,112,207
1,55,205,70,207
1,56,205,116,207
1,57,205,121,207
1,58,205,118,207
1,59,205,111,207
1,60,205,113,207
1,61,205,124,207
1,62,205,62,207
1,63,205,81,207
1,64,205,126,207
1,65,205,128,207
1,66,205,122,207
1,67,205,115,207
1,68,205,119,207
1,69,205,114,207
1,70,205,21,207
1,71,205,20,207
1,72,205,2,207
1,73,205,22,207
1,74,205,12,207
1,75,205,8,207
1,76,205,27,207
1,77,205,3,207
1,78,205,16,207
1,79,205,6,207
1,80,205,19,207
1,81,205,26,207
1,82,205,4,207
1,83,205,9,207
1,84,205,13,207
1,85,205,10,207
1,86,205,52,207
1,87,205,30,207
1,88,205,18,207
1,89,205,25,207
1,90,205,29,207
1,91,205,5,207
1,92,205,17,207
1,93,205,28,207
1,94,205,33,207
1,95,205,59,207
1,96,205,15,207
1,97,205,14,207
1,98,205,23,207
1,99,205,24,207
1,100,205,11,207
1,101,205,1,207
1,102,205,7,207
6,103,205,44,207
6,104,205,32,207
6,105,205,51,207
6,106,205,56,207
6,107,205,36,207
6,108,205,40,207
6,109,205,38,207
6,110,205,37,207
6,111,205,42,207
6,112,205,35,207
6,113,205,43,207
6,114,205,60,207
6,115,205,58,207
6,116,205,41,207
6,117,205,53,207
6,118,205,54,207
6,119,205,46,207
6,120,205,55,207
6,121,205,39,207
6,122,205,31,207
6,123,205,49,207
6,124,205,47,207
6,125,205,50,207
6,126,205,45,207
6,127,205,48,207
6,128,205,34,207
6,129,205,57,207
1,1,206,66,180
1,2,206,63,180
1,3,206,68,180
1,4,206,71,180
1,5,206,82,180
1,6,206,61,180
1,7,206,76,180
1,8,206,73,180
1,9,206,69,180
1,10,206,80,180
1,11,206,77,180
1,12,206,74,180
1,13,206,78,180
1,14,206,79,180
1,15,206,67,180
1,16,206,83,180
1,17,206,85,180
1,18,206,72,180
1,19,206,95,180
1,20,206,64,180
1,21,206,101,180
1,22,206,97,180
1,23,206,100,180
1,24,206,90,180
1,25,206,88,180
1,26,206,86,180
1,27,206,107,180
1,28,206,87,180
1,29,206,93,180
1,30,206,103,180
1,31,206,109,180
1,32,206,75,180
1,33,206,99,180
1,34,206,102,180
1,35,206,89,180
1,36,206,98,180
1,37,206,105,180
1,38,206,84,180
1,39,206,108,180
1,40,206,96,180
1,41,206,123,180
1,42,206,106,180
1,43,206,91,180
1,44,206,117,180
1,45,206,65,180
1,46,206,92,180
1,47,206,94,180
1,48,206,120,180
1,49,206,104,180
1,50,206,125,180
1,51,206,127,180
1,52,206,129,180
1,53,206,110,180
1,54,206,112,180
1,55,206,70,180
1,56,206,116,180
1,57,206,121,180
1,58,206,118,180
1,59,206,111,180
1,60,206,113,180
1,61,206,124,180
1,62,206,62,180
1,63,206,81,180
1,64,206,126,180
1,65,206,128,180
1,66,206,122,180
1,67,206,115,180
1,68,206,119,180
1,69,206,114,180
1,70,206,21,180
1,71,206,20,180
1,72,206,2,180
1,73,206,22,180
1,74,206,12,180
1,75,206,8,180
1,76,206,27,180
1,77,206,3,180
1,78,206,16,180
1,79,206,6,180
1,80,206,19,180
1,81,206,26,180
1,82,206,4,180
1,83,206,9,180
1,84,206,13,180
1,85,206,10,180
1,86,206,52,180
1,87,206,30,180
1,88,206,18,180
1,89,206,25,180
1,90,206,29,180
1,91,206,5,180
1,92,206,17,180
1,93,206,28,180
1,94,206,33,180
1,95,206,59,180
1,96,206,15,180
1,97,206,14,180
1,98,206,23,180
1,99,206,24,180
1,100,206,11,180
1,101,206,1,180
1,102,206,7,180
6,103,206,44,180
6,104,206,32,180
6,105,206,51,180
6,106,206,56,180
6,107,206,36,180
6,108,206,40,180
6,109,206,38,180
6,110,206,37,180
6,111,206,42,180
6,112,206,35,180
6,113,206,43,180
6,114,206,60,180
6,115,206,58,180
6,116,206,41,180
6,117,206,53,180
6,118,206,54,180
6,119,206,46,180
6,120,206,55,180
6,121,206,39,180
6,122,206,31,180
6,123,206,49,180
6,124,206,47,180
6,125,206,50,180
6,126,206,45,180
6,127,206,48,180
6,128,206,34,180
6,129,206,57,180
1,1,207,66,169
1,2,207,63,169
1,3,207,68,169
1,4,207,71,169
1,5,207,82,169
1,6,207,61,169
1,7,207,76,169
1,8,207,73,169
1,9,207,69,169
1,10,207,80,169
1,11,207,77,169
1,12,207,74,169
1,13,207,78,169
1,14,207,79,169
1,15,207,67,169
1,16,207,83,169
1,17,207,85,169
1,18,207,72,169
1,19,207,95,169
1,20,207,64,169
1,21,207,101,169
1,22,207,97,169
1,23,207,100,169
1,24,207,90,169
1,25,207,88,169
1,26,207,86,169
1,27,207,107,169
1,28,207,87,169
1,29,207,93,169
1,30,207,103,169
1,31,207,109,169
1,32,207,75,169
1,33,207,99,169
1,34,207,102,169
1,35,207,89,169
1,36,207,98,169
1,37,207,105,169
1,38,207,84,169
1,39,207,108,169
1,40,207,96,169
1,41,207,123,169
1,42,207,106,169
1,43,207,91,169
1,44,207,117,169
1,45,207,65,169
1,46,207,92,169
1,47,207,94,169
1,48,207,120,169
1,49,207,104,169
1,50,207,125,169
1,51,207,127,169
1,52,207,129,169
1,53,207,110,169
1,54,207,112,169
1,55,207,70,169
1,56,207,116,169
1,57,207,121,169
1,58,207,118,169
1,59,207,111,169
1,60,207,113,169
1,61,207,124,169
1,62,207,62,169
1,63,207,81,169
1,64,207,126,169
1,65,207,128,169
1,66,207,122,169
1,67,207,115,169
1,68,207,119,169
1,69,207,114,169
1,70,207,21,169
1,71,207,20,169
1,72,207,2,169
1,73,207,22,169
1,74,207,12,169
1,75,207,8,169
1,76,207,27,169
1,77,207,3,169
1,78,207,16,169
1,79,207,6,169
1,80,207,19,169
1,81,207,26,169
1,82,207,4,169
1,83,207,9,169
1,84,207,13,169
1,85,207,10,169
1,86,207,52,169
1,87,207,30,169
1,88,207,18,169
1,89,207,25,169
1,90,207,29,169
1,91,207,5,169
1,92,207,17,169
1,93,207,28,169
1,94,207,33,169
1,95,207,59,169
1,96,207,15,169
1,97,207,14,169
1,98,207,23,169
1,99,207,24,169
1,100,207,11,169
1,101,207,1,169
1,102,207,7,169
6,103,207,44,169
6,104,207,32,169
6,105,207,51,169
6,106,207,56,169
6,107,207,36,169
6,108,207,40,169
6,109,207,38,169
6,110,207,37,169
6,111,207,42,169
6,112,207,35,169
6,113,207,43,169
6,114,207,60,169
6,115,207,58,169
6,116,207,41,169
6,117,207,53,169
6,118,207,54,169
6,119,207,46,169
6,120,207,55,169
6,121,207,39,169
6,122,207,31,169
6,123,207,49,169
6,124,207,47,169
6,125,207,50,169
6,126,207,45,169
6,127,207,48,169
6,128,207,34,169
6,129,207,57,169
1,1,208,66,205
1,2,208,63,205
1,3,208,68,205
1,4,208,71,205
1,5,208,82,205
1,6,208,61,205
1,7,208,76,205
1,8,208,73,205
1,9,208,69,205
1,10,208,80,205
1,11,208,77,205
1,12,208,74,205
1,13,208,78,205
1,14,208,79,205
1,15,208,67,205
23,16,208,83,205
1,17,208,85,205
1,18,208,72,205
1,19,208,95,205
1,20,208,64,205
1,21,208,101,205
1,22,208,97,205
1,23,208,100,205
1,24,208,90,205
1,25,208,88,205
1,26,208,86,205
1,27,208,107,205
1,28,208,87,205
1,29,208,93,205
1,30,208,103,205
1,31,208,109,205
1,32,208,75,205
1,33,208,99,205
1,34,208,102,205
1,35,208,89,205
1,36,208,98,205
1,37,208,105,205
1,38,208,84,205
1,39,208,108,205
1,40,208,96,205
1,41,208,123,205
1,42,208,106,205
1,43,208,91,205
1,44,208,117,205
1,45,208,65,205
1,46,208,92,205
1,47,208,94,205
1,48,208,120,205
1,49,208,104,205
1,50,208,125,205
1,51,208,127,205
1,52,208,129,205
1,53,208,110,205
1,54,208,112,205
1,55,208,70,205
1,56,208,116,205
1,57,208,121,205
1,58,208,118,205
1,59,208,111,205
1,60,208,113,205
1,61,208,124,205
1,62,208,62,205
1,63,208,81,205
1,64,208,126,205
1,65,208,128,205
1,66,208,122,205
1,67,208,115,205
1,68,208,119,205
1,69,208,114,205
1,70,208,21,205
1,71,208,20,205
1,72,208,2,205
1,73,208,22,205
1,74,208,12,205
1,75,208,8,205
1,76,208,27,205
1,77,208,3,205
1,78,208,16,205
1,79,208,6,205
1,80,208,19,205
1,81,208,26,205
1,82,208,4,205
1,83,208,9,205
1,84,208,13,205
1,85,208,10,205
1,86,208,52,205
1,87,208,30,205
1,88,208,18,205
1,89,208,25,205
1,90,208,29,205
1,91,208,5,205
1,92,208,17,205
1,93,208,28,205
1,94,208,33,205
1,95,208,59,205
1,96,208,15,205
1,97,208,14,205
1,98,208,23,205
1,99,208,24,205
1,100,208,11,205
1,101,208,1,205
1,102,208,7,205
6,103,208,44,205
6,104,208,32,205
6,105,208,51,205
6,106,208,56,205
6,107,208,36,205
6,108,208,40,205
6,109,208,38,205
6,110,208,37,205
6,111,208,42,205
6,112,208,35,205
6,113,208,43,205
6,114,208,60,205
6,115,208,58,205
6,116,208,41,205
6,117,208,53,205
6,118,208,54,205
6,119,208,46,205
6,120,208,55,205
6,121,208,39,205
6,122,208,31,205
6,123,208,49,205
6,124,208,47,205
6,125,208,50,205
6,126,208,45,205
6,127,208,48,205
6,128,208,34,205
6,129,208,57,205
1,1,209,66,97
1,2,209,63,97
1,3,209,68,97
1,4,209,71,97
1,5,209,82,97
1,6,209,61,97
1,7,209,76,97
1,8,209,73,97
1,9,209,69,97
1,10,209,80,97
1,11,209,77,97
1,12,209,74,97
1,13,209,78,97
1,14,209,79,97
1,15,209,67,97
1,16,209,83,97
1,17,209,85,97
1,18,209,72,97
1,19,209,95,97
1,20,209,64,97
1,21,209,101,97
1,22,209,97,97
1,23,209,100,97
1,24,209,90,97
1,25,209,88,97
1,26,209,86,97
1,27,209,107,97
1,28,209,87,97
1,29,209,93,97
1,30,209,103,97
1,31,209,109,97
1,32,209,75,97
1,33,209,99,97
1,34,209,102,97
1,35,209,89,97
1,36,209,98,97
1,37,209,105,97
1,38,209,84,97
1,39,209,108,97
1,40,209,96,97
1,41,209,123,97
1,42,209,106,97
1,43,209,91,97
1,44,209,117,97
1,45,209,65,97
1,46,209,92,97
1,47,209,94,97
1,48,209,120,97
1,49,209,104,97
1,50,209,125,97
1,51,209,127,97
1,52,209,129,97
1,53,209,110,97
1,54,209,112,97
1,55,209,70,97
1,56,209,116,97
1,57,209,121,97
1,58,209,118,97
1,59,209,111,97
1,60,209,113,97
1,61,209,124,97
1,62,209,62,97
1,63,209,81,97
1,64,209,126,97
1,65,209,128,97
1,66,209,122,97
1,67,209,115,97
1,68,209,119,97
1,69,209,114,97
1,70,209,21,97
1,71,209,20,97
1,72,209,2,97
1,73,209,22,97
1,74,209,12,97
1,75,209,8,97
1,76,209,27,97
1,77,209,3,97
1,78,209,16,97
1,79,209,6,97
1,80,209,19,97
1,81,209,26,97
1,82,209,4,97
1,83,209,9,97
1,84,209,13,97
1,85,209,10,97
1,86,209,52,97
1,87,209,30,97
1,88,209,18,97
1,89,209,25,97
1,90,209,29,97
1,91,209,5,97
1,92,209,17,97
1,93,209,28,97
1,94,209,33,97
1,95,209,59,97
1,96,209,15,97
1,97,209,14,97
1,98,209,23,97
1,99,209,24,97
1,100,209,11,97
1,101,209,1,97
1,102,209,7,97
6,103,209,44,97
6,104,209,32,97
6,105,209,51,97
6,106,209,56,97
6,107,209,36,97
6,108,209,40,97
6,109,209,38,97
6,110,209,37,97
6,111,209,42,97
6,112,209,35,97
6,113,209,43,97
6,114,209,60,97
6,115,209,58,97
6,116,209,41,97
6,117,209,53,97
6,118,209,54,97
6,119,209,46,97
6,120,209,55,97
6,121,209,39,97
6,122,209,31,97
6,123,209,49,97
6,124,209,47,97
6,125,209,50,97
6,126,209,45,97
6,127,209,48,97
6,128,209,34,97
6,129,209,57,97
1,1,210,66,192
1,2,210,63,192
1,3,210,68,192
1,4,210,71,192
1,5,210,82,192
1,6,210,61,192
1,7,210,76,192
1,8,210,73,192
1,9,210,69,192
1,10,210,80,192
1,11,210,77,192
1,12,210,74,192
1,13,210,78,192
1,14,210,79,192
1,15,210,67,192
1,16,210,83,192
1,17,210,85,192
1,18,210,72,192
1,19,210,95,192
1,20,210,64,192
1,21,210,101,192
1,22,210,97,192
1,23,210,100,192
1,24,210,90,192
1,25,210,88,192
1,26,210,86,192
1,27,210,107,192
1,28,210,87,192
1,29,210,93,192
1,30,210,103,192
1,31,210,109,192
1,32,210,75,192
1,33,210,99,192
1,34,210,102,192
1,35,210,89,192
1,36,210,98,192
1,37,210,105,192
1,38,210,84,192
1,39,210,108,192
1,40,210,96,192
1,41,210,123,192
1,42,210,106,192
1,43,210,91,192
1,44,210,117,192
1,45,210,65,192
1,46,210,92,192
1,47,210,94,192
1,48,210,120,192
1,49,210,104,192
1,50,210,125,192
1,51,210,127,192
1,52,210,129,192
1,53,210,110,192
1,54,210,112,192
1,55,210,70,192
1,56,210,116,192
1,57,210,121,192
1,58,210,118,192
1,59,210,111,192
1,60,210,113,192
1,61,210,124,192
1,62,210,62,192
1,63,210,81,192
1,64,210,126,192
1,65,210,128,192
1,66,210,122,192
1,67,210,115,192
1,68,210,119,192
1,69,210,114,192
1,70,210,21,192
1,71,210,20,192
1,72,210,2,192
1,73,210,22,192
1,74,210,12,192
1,75,210,8,192
1,76,210,27,192
1,77,210,3,192
1,78,210,16,192
1,79,210,6,192
1,80,210,19,192
1,81,210,26,192
1,82,210,4,192
1,83,210,9,192
1,84,210,13,192
1,85,210,10,192
1,86,210,52,192
1,87,210,30,192
1,88,210,18,192
1,89,210,25,192
1,90,210,29,192
1,91,210,5,192
1,92,210,17,192
1,93,210,28,192
1,94,210,33,192
1,95,210,59,192
1,96,210,15,192
1,97,210,14,192
1,98,210,23,192
1,99,210,24,192
1,100,210,11,192
1,101,210,1,192
1,102,210,7,192
6,103,210,44,192
6,104,210,32,192
6,105,210,51,192
6,106,210,56,192
6,107,210,36,192
6,108,210,40,192
6,109,210,38,192
6,110,210,37,192
6,111,210,42,192
6,112,210,35,192
6,113,210,43,192
6,114,210,60,192
6,115,210,58,192
6,116,210,41,192
6,117,210,53,192
6,118,210,54,192
6,119,210,46,192
6,120,210,55,192
6,121,210,39,192
6,122,210,31,192
6,123,210,49,192
6,124,210,47,192
6,125,210,50,192
6,126,210,45,192
6,127,210,48,192
6,128,210,34,192
6,129,210,57,192
1,1,211,66,11
1,2,211,63,11
1,3,211,68,11
1,4,211,71,11
1,5,211,82,11
1,6,211,61,11
1,7,211,76,11
1,8,211,73,11
1,9,211,69,11
1,10,211,80,11
1,11,211,77,11
1,12,211,74,11
1,13,211,78,11
1,14,211,79,11
1,15,211,67,11
1,16,211,83,11
1,17,211,85,11
1,18,211,72,11
1,19,211,95,11
1,20,211,64,11
1,21,211,101,11
1,22,211,97,11
1,23,211,100,11
1,24,211,90,11
1,25,211,88,11
1,26,211,86,11
1,27,211,107,11
1,28,211,87,11
1,29,211,93,11
1,30,211,103,11
1,31,211,109,11
1,32,211,75,11
1,33,211,99,11
1,34,211,102,11
1,35,211,89,11
1,36,211,98,11
1,37,211,105,11
1,38,211,84,11
1,39,211,108,11
1,40,211,96,11
1,41,211,123,11
1,42,211,106,11
1,43,211,91,11
1,44,211,117,11
1,45,211,65,11
1,46,211,92,11
1,47,211,94,11
1,48,211,120,11
1,49,211,104,11
1,50,211,125,11
1,51,211,127,11
1,52,211,129,11
1,53,211,110,11
1,54,211,112,11
1,55,211,70,11
1,56,211,116,11
1,57,211,121,11
1,58,211,118,11
1,59,211,111,11
1,60,211,113,11
1,61,211,124,11
1,62,211,62,11
1,63,211,81,11
1,64,211,126,11
1,65,211,128,11
1,66,211,122,11
1,67,211,115,11
1,68,211,119,11
1,69,211,114,11
1,70,211,21,11
1,71,211,20,11
1,72,211,2,11
1,73,211,22,11
1,74,211,12,11
1,75,211,8,11
1,76,211,27,11
1,77,211,3,11
1,78,211,16,11
1,79,211,6,11
1,80,211,19,11
1,81,211,26,11
1,82,211,4,11
1,83,211,9,11
1,84,211,13,11
1,85,211,10,11
1,86,211,52,11
1,87,211,30,11
1,88,211,18,11
1,89,211,25,11
1,90,211,29,11
1,91,211,5,11
1,92,211,17,11
1,93,211,28,11
1,94,211,33,11
1,95,211,59,11
1,96,211,15,11
1,97,211,14,11
1,98,211,23,11
1,99,211,24,11
1,100,211,11,11
1,101,211,1,11
1,102,211,7,11
6,103,211,44,11
6,104,211,32,11
6,105,211,51,11
6,106,211,56,11
6,107,211,36,11
6,108,211,40,11
6,109,211,38,11
6,110,211,37,11
6,111,211,42,11
6,112,211,35,11
6,113,211,43,11
6,114,211,60,11
6,115,211,58,11
6,116,211,41,11
6,117,211,53,11
6,118,211,54,11
6,119,211,46,11
6,120,211,55,11
6,121,211,39,11
6,122,211,31,11
6,123,211,49,11
6,124,211,47,11
6,125,211,50,11
6,126,211,45,11
6,127,211,48,11
6,128,211,34,11
6,129,211,57,11
1,1,212,66,178
1,2,212,63,178
1,3,212,68,178
1,4,212,71,178
1,5,212,82,178
1,6,212,61,178
1,7,212,76,178
1,8,212,73,178
1,9,212,69,178
1,10,212,80,178
1,11,212,77,178
1,12,212,74,178
1,13,212,78,178
1,14,212,79,178
1,15,212,67,178
1,16,212,83,178
1,17,212,85,178
1,18,212,72,178
1,19,212,95,178
1,20,212,64,178
1,21,212,101,178
1,22,212,97,178
1,23,212,100,178
1,24,212,90,178
1,25,212,88,178
1,26,212,86,178
1,27,212,107,178
1,28,212,87,178
1,29,212,93,178
1,30,212,103,178
1,31,212,109,178
1,32,212,75,178
1,33,212,99,178
1,34,212,102,178
1,35,212,89,178
1,36,212,98,178
1,37,212,105,178
1,38,212,84,178
1,39,212,108,178
1,40,212,96,178
1,41,212,123,178
1,42,212,106,178
1,43,212,91,178
1,44,212,117,178
1,45,212,65,178
1,46,212,92,178
1,47,212,94,178
1,48,212,120,178
1,49,212,104,178
1,50,212,125,178
1,51,212,127,178
1,52,212,129,178
1,53,212,110,178
1,54,212,112,178
1,55,212,70,178
1,56,212,116,178
1,57,212,121,178
1,58,212,118,178
1,59,212,111,178
1,60,212,113,178
1,61,212,124,178
1,62,212,62,178
1,63,212,81,178
1,64,212,126,178
1,65,212,128,178
1,66,212,122,178
1,67,212,115,178
1,68,212,119,178
1,69,212,114,178
1,70,212,21,178
1,71,212,20,178
1,72,212,2,178
1,73,212,22,178
1,74,212,12,178
1,75,212,8,178
1,76,212,27,178
1,77,212,3,178
1,78,212,16,178
1,79,212,6,178
1,80,212,19,178
1,81,212,26,178
1,82,212,4,178
1,83,212,9,178
1,84,212,13,178
1,85,212,10,178
1,86,212,52,178
1,87,212,30,178
1,88,212,18,178
1,89,212,25,178
1,90,212,29,178
1,91,212,5,178
1,92,212,17,178
1,93,212,28,178
1,94,212,33,178
1,95,212,59,178
1,96,212,15,178
1,97,212,14,178
1,98,212,23,178
1,99,212,24,178
1,100,212,11,178
1,101,212,1,178
1,102,212,7,178
6,103,212,44,178
6,104,212,32,178
6,105,212,51,178
6,106,212,56,178
6,107,212,36,178
6,108,212,40,178
6,109,212,38,178
6,110,212,37,178
6,111,212,42,178
6,112,212,35,178
6,113,212,43,178
6,114,212,60,178
6,115,212,58,178
6,116,212,41,178
6,117,212,53,178
6,118,212,54,178
6,119,212,46,178
6,120,212,55,178
6,121,212,39,178
6,122,212,31,178
6,123,212,49,178
6,124,212,47,178
6,125,212,50,178
6,126,212,45,178
6,127,212,48,178
6,128,212,34,178
6,129,212,57,178
1,1,213,66,174
1,2,213,63,174
1,3,213,68,174
1,4,213,71,174
1,5,213,82,174
1,6,213,61,174
1,7,213,76,174
1,8,213,73,174
1,9,213,69,174
1,10,213,80,174
1,11,213,77,174
1,12,213,74,174
1,13,213,78,174
1,14,213,79,174
1,15,213,67,174
1,16,213,83,174
1,17,213,85,174
1,18,213,72,174
1,19,213,95,174
1,20,213,64,174
1,21,213,101,174
1,22,213,97,174
1,23,213,100,174
1,24,213,90,174
1,25,213,88,174
1,26,213,86,174
1,27,213,107,174
1,28,213,87,174
1,29,213,93,174
1,30,213,103,174
1,31,213,109,174
1,32,213,75,174
1,33,213,99,174
1,34,213,102,174
1,35,213,89,174
1,36,213,98,174
1,37,213,105,174
1,38,213,84,174
1,39,213,108,174
1,40,213,96,174
1,41,213,123,174
1,42,213,106,174
1,43,213,91,174
1,44,213,117,174
1,45,213,65,174
1,46,213,92,174
1,47,213,94,174
1,48,213,120,174
1,49,213,104,174
1,50,213,125,174
1,51,213,127,174
1,52,213,129,174
1,53,213,110,174
1,54,213,112,174
1,55,213,70,174
1,56,213,116,174
1,57,213,121,174
1,58,213,118,174
1,59,213,111,174
1,60,213,113,174
1,61,213,124,174
1,62,213,62,174
1,63,213,81,174
1,64,213,126,174
1,65,213,128,174
1,66,213,122,174
1,67,213,115,174
1,68,213,119,174
1,69,213,114,174
1,70,213,21,174
1,71,213,20,174
1,72,213,2,174
1,73,213,22,174
1,74,213,12,174
1,75,213,8,174
1,76,213,27,174
1,77,213,3,174
1,78,213,16,174
1,79,213,6,174
1,80,213,19,174
1,81,213,26,174
1,82,213,4,174
1,83,213,9,174
1,84,213,13,174
1,85,213,10,174
1,86,213,52,174
1,87,213,30,174
1,88,213,18,174
1,89,213,25,174
1,90,213,29,174
1,91,213,5,174
1,92,213,17,174
1,93,213,28,174
1,94,213,33,174
1,95,213,59,174
1,96,213,15,174
1,97,213,14,174
1,98,213,23,174
1,99,213,24,174
1,100,213,11,174
1,101,213,1,174
1,102,213,7,174
6,103,213,44,174
6,104,213,32,174
6,105,213,51,174
6,106,213,56,174
6,107,213,36,174
6,108,213,40,174
6,109,213,38,174
6,110,213,37,174
6,111,213,42,174
6,112,213,35,174
6,113,213,43,174
6,114,213,60,174
6,115,213,58,174
6,116,213,41,174
6,117,213,53,174
6,118,213,54,174
6,119,213,46,174
6,120,213,55,174
6,121,213,39,174
6,122,213,31,174
6,123,213,49,174
6,124,213,47,174
6,125,213,50,174
6,126,213,45,174
6,127,213,48,174
6,128,213,34,174
6,129,213,57,174
1,1,214,66,64
1,2,214,63,64
1,3,214,68,64
1,4,214,71,64
1,5,214,82,64
1,6,214,61,64
1,7,214,76,64
1,8,214,73,64
1,9,214,69,64
1,10,214,80,64
1,11,214,77,64
1,12,214,74,64
1,13,214,78,64
1,14,214,79,64
1,15,214,67,64
1,16,214,83,64
1,17,214,85,64
1,18,214,72,64
1,19,214,95,64
1,20,214,64,64
1,21,214,101,64
1,22,214,97,64
1,23,214,100,64
1,24,214,90,64
1,25,214,88,64
1,26,214,86,64
1,27,214,107,64
1,28,214,87,64
1,29,214,93,64
1,30,214,103,64
1,31,214,109,64
1,32,214,75,64
1,33,214,99,64
1,34,214,102,64
1,35,214,89,64
1,36,214,98,64
1,37,214,105,64
1,38,214,84,64
1,39,214,108,64
1,40,214,96,64
1,41,214,123,64
1,42,214,106,64
1,43,214,91,64
1,44,214,117,64
1,45,214,65,64
1,46,214,92,64
1,47,214,94,64
1,48,214,120,64
1,49,214,104,64
1,50,214,125,64
1,51,214,127,64
1,52,214,129,64
1,53,214,110,64
1,54,214,112,64
1,55,214,70,64
1,56,214,116,64
1,57,214,121,64
1,58,214,118,64
1,59,214,111,64
1,60,214,113,64
1,61,214,124,64
1,62,214,62,64
1,63,214,81,64
1,64,214,126,64
1,65,214,128,64
1,66,214,122,64
1,67,214,115,64
1,68,214,119,64
1,69,214,114,64
1,70,214,21,64
1,71,214,20,64
1,72,214,2,64
1,73,214,22,64
1,74,214,12,64
1,75,214,8,64
1,76,214,27,64
1,77,214,3,64
1,78,214,16,64
1,79,214,6,64
1,80,214,19,64
1,81,214,26,64
1,82,214,4,64
1,83,214,9,64
1,84,214,13,64
1,85,214,10,64
1,86,214,52,64
1,87,214,30,64
1,88,214,18,64
1,89,214,25,64
1,90,214,29,64
1,91,214,5,64
1,92,214,17,64
1,93,214,28,64
1,94,214,33,64
1,95,214,59,64
1,96,214,15,64
1,97,214,14,64
1,98,214,23,64
1,99,214,24,64
1,100,214,11,64
1,101,214,1,64
1,102,214,7,64
6,103,214,44,64
6,104,214,32,64
6,105,214,51,64
6,106,214,56,64
6,107,214,36,64
6,108,214,40,64
6,109,214,38,64
6,110,214,37,64
6,111,214,42,64
6,112,214,35,64
6,113,214,43,64
6,114,214,60,64
6,115,214,58,64
6,116,214,41,64
6,117,214,53,64
6,118,214,54,64
6,119,214,46,64
6,120,214,55,64
6,121,214,39,64
6,122,214,31,64
6,123,214,49,64
6,124,214,47,64
6,125,214,50,64
6,126,214,45,64
6,127,214,48,64
6,128,214,34,64
6,129,214,57,64
1,1,215,66,201
1,2,215,63,201
1,3,215,68,201
1,4,215,71,201
1,5,215,82,201
1,6,215,61,201
1,7,215,76,201
1,8,215,73,201
1,9,215,69,201
1,10,215,80,201
1,11,215,77,201
1,12,215,74,201
1,13,215,78,201
1,14,215,79,201
1,15,215,67,201
1,16,215,83,201
1,17,215,85,201
1,18,215,72,201
1,19,215,95,201
1,20,215,64,201
1,21,215,101,201
1,22,215,97,201
1,23,215,100,201
1,24,215,90,201
1,25,215,88,201
1,26,215,86,201
1,27,215,107,201
1,28,215,87,201
1,29,215,93,201
1,30,215,103,201
1,31,215,109,201
1,32,215,75,201
1,33,215,99,201
1,34,215,102,201
1,35,215,89,201
1,36,215,98,201
1,37,215,105,201
1,38,215,84,201
1,39,215,108,201
1,40,215,96,201
1,41,215,123,201
1,42,215,106,201
1,43,215,91,201
1,44,215,117,201
1,45,215,65,201
1,46,215,92,201
1,47,215,94,201
1,48,215,120,201
1,49,215,104,201
1,50,215,125,201
1,51,215,127,201
1,52,215,129,201
1,53,215,110,201
1,54,215,112,201
1,55,215,70,201
1,56,215,116,201
1,57,215,121,201
1,58,215,118,201
1,59,215,111,201
1,60,215,113,201
1,61,215,124,201
1,62,215,62,201
1,63,215,81,201
1,64,215,126,201
1,65,215,128,201
1,66,215,122,201
1,67,215,115,201
1,68,215,119,201
1,69,215,114,201
1,70,215,21,201
1,71,215,20,201
1,72,215,2,201
1,73,215,22,201
1,74,215,12,201
1,75,215,8,201
1,76,215,27,201
1,77,215,3,201
1,78,215,16,201
1,79,215,6,201
1,80,215,19,201
1,81,215,26,201
1,82,215,4,201
1,83,215,9,201
1,84,215,13,201
1,85,215,10,201
1,86,215,52,201
1,87,215,30,201
1,88,215,18,201
1,89,215,25,201
1,90,215,29,201
1,91,215,5,201
1,92,215,17,201
1,93,215,28,201
1,94,215,33,201
1,95,215,59,201
1,96,215,15,201
1,97,215,14,201
1,98,215,23,201
1,99,215,24,201
1,100,215,11,201
1,101,215,1,201
1,102,215,7,201
6,103,215,44,201
6,104,215,32,201
6,105,215,51,201
6,106,215,56,201
6,107,215,36,201
6,108,215,40,201
6,109,215,38,201
6,110,215,37,201
6,111,215,42,201
6,112,215,35,201
6,113,215,43,201
6,114,215,60,201
6,115,215,58,201
6,116,215,41,201
6,117,215,53,201
6,118,215,54,201
6,119,215,46,201
6,120,215,55,201
6,121,215,39,201
6,122,215,31,201
6,123,215,49,201
6,124,215,47,201
6,125,215,50,201
6,126,215,45,201
6,127,215,48,201
6,128,215,34,201
6,129,215,57,201
1,1,216,66,206
1,2,216,63,206
1,3,216,68,206
1,4,216,71,206
1,5,216,82,206
1,6,216,61,206
1,7,216,76,206
1,8,216,73,206
1,9,216,69,206
1,10,216,80,206
1,11,216,77,206
1,12,216,74,206
1,13,216,78,206
1,14,216,79,206
1,15,216,67,206
1,16,216,83,206
1,17,216,85,206
1,18,216,72,206
1,19,216,95,206
1,20,216,64,206
1,21,216,101,206
1,22,216,97,206
1,23,216,100,206
1,24,216,90,206
1,25,216,88,206
1,26,216,86,206
1,27,216,107,206
1,28,216,87,206
1,29,216,93,206
1,30,216,103,206
1,31,216,109,206
1,32,216,75,206
1,33,216,99,206
1,34,216,102,206
1,35,216,89,206
1,36,216,98,206
1,37,216,105,206
1,38,216,84,206
1,39,216,108,206
1,40,216,96,206
1,41,216,123,206
1,42,216,106,206
1,43,216,91,206
1,44,216,117,206
1,45,216,65,206
1,46,216,92,206
1,47,216,94,206
1,48,216,120,206
1,49,216,104,206
1,50,216,125,206
1,51,216,127,206
1,52,216,129,206
1,53,216,110,206
1,54,216,112,206
1,55,216,70,206
1,56,216,116,206
1,57,216,121,206
1,58,216,118,206
1,59,216,111,206
1,60,216,113,206
1,61,216,124,206
1,62,216,62,206
1,63,216,81,206
1,64,216,126,206
1,65,216,128,206
1,66,216,122,206
1,67,216,115,206
1,68,216,119,206
1,69,216,114,206
1,70,216,21,206
1,71,216,20,206
1,72,216,2,206
1,73,216,22,206
1,74,216,12,206
1,75,216,8,206
1,76,216,27,206
1,77,216,3,206
1,78,216,16,206
1,79,216,6,206
1,80,216,19,206
1,81,216,26,206
1,82,216,4,206
1,83,216,9,206
1,84,216,13,206
1,85,216,10,206
1,86,216,52,206
1,87,216,30,206
1,88,216,18,206
1,89,216,25,206
1,90,216,29,206
1,91,216,5,206
1,92,216,17,206
1,93,216,28,206
1,94,216,33,206
1,95,216,59,206
1,96,216,15,206
1,97,216,14,206
1,98,216,23,206
1,99,216,24,206
1,100,216,11,206
1,101,216,1,206
1,102,216,7,206
6,103,216,44,206
6,104,216,32,206
6,105,216,51,206
6,106,216,56,206
6,107,216,36,206
6,108,216,40,206
6,109,216,38,206
6,110,216,37,206
6,111,216,42,206
6,112,216,35,206
6,113,216,43,206
6,114,216,60,206
6,115,216,58,206
6,116,216,41,206
6,117,216,53,206
6,118,216,54,206
6,119,216,46,206
6,120,216,55,206
6,121,216,39,206
6,122,216,31,206
6,123,216,49,206
6,124,216,47,206
6,125,216,50,206
6,126,216,45,206
6,127,216,48,206
6,128,216,34,206
6,129,216,57,206
1,1,217,66,47
1,2,217,63,47
1,3,217,68,47
1,4,217,71,47
1,5,217,82,47
1,6,217,61,47
1,7,217,76,47
1,8,217,73,47
1,9,217,69,47
1,10,217,80,47
1,11,217,77,47
1,12,217,74,47
1,13,217,78,47
1,14,217,79,47
1,15,217,67,47
1,16,217,83,47
1,17,217,85,47
1,18,217,72,47
1,19,217,95,47
1,20,217,64,47
1,21,217,101,47
1,22,217,97,47
1,23,217,100,47
1,24,217,90,47
1,25,217,88,47
1,26,217,86,47
1,27,217,107,47
1,28,217,87,47
1,29,217,93,47
1,30,217,103,47
1,31,217,109,47
1,32,217,75,47
1,33,217,99,47
1,34,217,102,47
1,35,217,89,47
1,36,217,98,47
1,37,217,105,47
1,38,217,84,47
1,39,217,108,47
1,40,217,96,47
1,41,217,123,47
1,42,217,106,47
1,43,217,91,47
1,44,217,117,47
1,45,217,65,47
1,46,217,92,47
1,47,217,94,47
1,48,217,120,47
1,49,217,104,47
1,50,217,125,47
1,51,217,127,47
1,52,217,129,47
1,53,217,110,47
1,54,217,112,47
1,55,217,70,47
1,56,217,116,47
1,57,217,121,47
1,58,217,118,47
1,59,217,111,47
1,60,217,113,47
1,61,217,124,47
1,62,217,62,47
1,63,217,81,47
1,64,217,126,47
1,65,217,128,47
1,66,217,122,47
1,67,217,115,47
1,68,217,119,47
1,69,217,114,47
1,70,217,21,47
1,71,217,20,47
1,72,217,2,47
1,73,217,22,47
1,74,217,12,47
1,75,217,8,47
1,76,217,27,47
1,77,217,3,47
1,78,217,16,47
1,79,217,6,47
1,80,217,19,47
1,81,217,26,47
1,82,217,4,47
1,83,217,9,47
1,84,217,13,47
1,85,217,10,47
1,86,217,52,47
1,87,217,30,47
1,88,217,18,47
1,89,217,25,47
1,90,217,29,47
1,91,217,5,47
1,92,217,17,47
1,93,217,28,47
1,94,217,33,47
1,95,217,59,47
1,96,217,15,47
1,97,217,14,47
1,98,217,23,47
1,99,217,24,47
1,100,217,11,47
1,101,217,1,47
1,102,217,7,47
6,103,217,44,47
6,104,217,32,47
6,105,217,51,47
6,106,217,56,47
6,107,217,36,47
6,108,217,40,47
6,109,217,38,47
6,110,217,37,47
6,111,217,42,47
6,112,217,35,47
6,113,217,43,47
6,114,217,60,47
6,115,217,58,47
6,116,217,41,47
6,117,217,53,47
6,118,217,54,47
6,119,217,46,47
6,120,217,55,47
6,121,217,39,47
6,122,217,31,47
6,123,217,49,47
6,124,217,47,47
6,125,217,50,47
6,126,217,45,47
6,127,217,48,47
6,128,217,34,47
6,129,217,57,47
1,1,218,66,162
1,2,218,63,162
1,3,218,68,162
1,4,218,71,162
1,5,218,82,162
1,6,218,61,162
1,7,218,76,162
1,8,218,73,162
1,9,218,69,162
1,10,218,80,162
1,11,218,77,162
1,12,218,74,162
1,13,218,78,162
1,14,218,79,162
1,15,218,67,162
1,16,218,83,162
1,17,218,85,162
1,18,218,72,162
1,19,218,95,162
1,20,218,64,162
1,21,218,101,162
1,22,218,97,162
1,23,218,100,162
1,24,218,90,162
1,25,218,88,162
1,26,218,86,162
1,27,218,107,162
1,28,218,87,162
1,29,218,93,162
1,30,218,103,162
1,31,218,109,162
1,32,218,75,162
1,33,218,99,162
1,34,218,102,162
1,35,218,89,162
1,36,218,98,162
1,37,218,105,162
1,38,218,84,162
1,39,218,108,162
1,40,218,96,162
1,41,218,123,162
1,42,218,106,162
1,43,218,91,162
1,44,218,117,162
1,45,218,65,162
1,46,218,92,162
1,47,218,94,162
1,48,218,120,162
1,49,218,104,162
1,50,218,125,162
1,51,218,127,162
1,52,218,129,162
1,53,218,110,162
1,54,218,112,162
1,55,218,70,162
1,56,218,116,162
1,57,218,121,162
1,58,218,118,162
1,59,218,111,162
1,60,218,113,162
1,61,218,124,162
1,62,218,62,162
1,63,218,81,162
1,64,218,126,162
1,65,218,128,162
1,66,218,122,162
1,67,218,115,162
1,68,218,119,162
1,69,218,114,162
1,70,218,21,162
1,71,218,20,162
1,72,218,2,162
1,73,218,22,162
1,74,218,12,162
1,75,218,8,162
1,76,218,27,162
1,77,218,3,162
1,78,218,16,162
1,79,218,6,162
1,80,218,19,162
1,81,218,26,162
1,82,218,4,162
1,83,218,9,162
1,84,218,13,162
1,85,218,10,162
1,86,218,52,162
1,87,218,30,162
1,88,218,18,162
1,89,218,25,162
1,90,218,29,162
1,91,218,5,162
1,92,218,17,162
1,93,218,28,162
1,94,218,33,162
1,95,218,59,162
1,96,218,15,162
1,97,218,14,162
1,98,218,23,162
1,99,218,24,162
1,100,218,11,162
1,101,218,1,162
1,102,218,7,162
6,103,218,44,162
6,104,218,32,162
6,105,218,51,162
6,106,218,56,162
6,107,218,36,162
6,108,218,40,162
6,109,218,38,162
6,110,218,37,162
6,111,218,42,162
6,112,218,35,162
6,113,218,43,162
6,114,218,60,162
6,115,218,58,162
6,116,218,41,162
6,117,218,53,162
6,118,218,54,162
6,119,218,46,162
6,120,218,55,162
6,121,218,39,162
6,122,218,31,162
6,123,218,49,162
6,124,218,47,162
6,125,218,50,162
6,126,218,45,162
6,127,218,48,162
6,128,218,34,162
6,129,218,57,162
1,1,219,66,176
1,2,219,63,176
1,3,219,68,176
1,4,219,71,176
1,5,219,82,176
1,6,219,61,176
1,7,219,76,176
1,8,219,73,176
1,9,219,69,176
1,10,219,80,176
1,11,219,77,176
1,12,219,74,176
1,13,219,78,176
1,14,219,79,176
1,15,219,67,176
1,16,219,83,176
1,17,219,85,176
1,18,219,72,176
1,19,219,95,176
1,20,219,64,176
1,21,219,101,176
1,22,219,97,176
1,23,219,100,176
1,24,219,90,176
1,25,219,88,176
1,26,219,86,176
1,27,219,107,176
1,28,219,87,176
1,29,219,93,176
1,30,219,103,176
1,31,219,109,176
1,32,219,75,176
1,33,219,99,176
1,34,219,102,176
1,35,219,89,176
1,36,219,98,176
1,37,219,105,176
1,38,219,84,176
1,39,219,108,176
1,40,219,96,176
1,41,219,123,176
1,42,219,106,176
1,43,219,91,176
1,44,219,117,176
1,45,219,65,176
1,46,219,92,176
1,47,219,94,176
1,48,219,120,176
1,49,219,104,176
1,50,219,125,176
1,51,219,127,176
1,52,219,129,176
1,53,219,110,176
1,54,219,112,176
1,55,219,70,176
1,56,219,116,176
1,57,219,121,176
1,58,219,118,176
1,59,219,111,176
1,60,219,113,176
1,61,219,124,176
1,62,219,62,176
1,63,219,81,176
1,64,219,126,176
1,65,219,128,176
1,66,219,122,176
1,67,219,115,176
1,68,219,119,176
1,69,219,114,176
1,70,219,21,176
1,71,219,20,176
1,72,219,2,176
1,73,219,22,176
1,74,219,12,176
1,75,219,8,176
1,76,219,27,176
1,77,219,3,176
1,78,219,16,176
1,79,219,6,176
1,80,219,19,176
1,81,219,26,176
1,82,219,4,176
1,83,219,9,176
1,84,219,13,176
1,85,219,10,176
1,86,219,52,176
1,87,219,30,176
1,88,219,18,176
1,89,219,25,176
1,90,219,29,176
1,91,219,5,176
1,92,219,17,176
1,93,219,28,176
1,94,219,33,176
1,95,219,59,176
1,96,219,15,176
1,97,219,14,176
1,98,219,23,176
1,99,219,24,176
1,100,219,11,176
1,101,219,1,176
1,102,219,7,176
6,103,219,44,176
6,104,219,32,176
6,105,219,51,176
6,106,219,56,176
6,107,219,36,176
6,108,219,40,176
6,109,219,38,176
6,110,219,37,176
6,111,219,42,176
6,112,219,35,176
6,113,219,43,176
6,114,219,60,176
6,115,219,58,176
6,116,219,41,176
6,117,219,53,176
6,118,219,54,176
6,119,219,46,176
6,120,219,55,176
6,121,219,39,176
6,122,219,31,176
6,123,219,49,176
6,124,219,47,176
6,125,219,50,176
6,126,219,45,176
6,127,219,48,176
6,128,219,34,176
6,129,219,57,176
1,1,220,66,213
1,2,220,63,213
1,3,220,68,213
1,4,220,71,213
1,5,220,82,213
1,6,220,61,213
1,7,220,76,213
1,8,220,73,213
1,9,220,69,213
1,10,220,80,213
1,11,220,77,213
1,12,220,74,213
1,13,220,78,213
1,14,220,79,213
1,15,220,67,213
1,16,220,83,213
1,17,220,85,213
1,18,220,72,213
1,19,220,95,213
1,20,220,64,213
1,21,220,101,213
1,22,220,97,213
1,23,220,100,213
1,24,220,90,213
1,25,220,88,213
1,26,220,86,213
1,27,220,107,213
1,28,220,87,213
1,29,220,93,213
1,30,220,103,213
1,31,220,109,213
1,32,220,75,213
1,33,220,99,213
1,34,220,102,213
1,35,220,89,213
1,36,220,98,213
1,37,220,105,213
1,38,220,84,213
1,39,220,108,213
1,40,220,96,213
1,41,220,123,213
1,42,220,106,213
1,43,220,91,213
1,44,220,117,213
1,45,220,65,213
1,46,220,92,213
1,47,220,94,213
1,48,220,120,213
1,49,220,104,213
1,50,220,125,213
1,51,220,127,213
1,52,220,129,213
1,53,220,110,213
1,54,220,112,213
1,55,220,70,213
1,56,220,116,213
1,57,220,121,213
1,58,220,118,213
1,59,220,111,213
1,60,220,113,213
1,61,220,124,213
1,62,220,62,213
1,63,220,81,213
1,64,220,126,213
1,65,220,128,213
1,66,220,122,213
1,67,220,115,213
1,68,220,119,213
1,69,220,114,213
1,70,220,21,213
1,71,220,20,213
1,72,220,2,213
1,73,220,22,213
1,74,220,12,213
1,75,220,8,213
1,76,220,27,213
1,77,220,3,213
1,78,220,16,213
1,79,220,6,213
1,80,220,19,213
1,81,220,26,213
1,82,220,4,213
1,83,220,9,213
1,84,220,13,213
1,85,220,10,213
1,86,220,52,213
1,87,220,30,213
1,88,220,18,213
1,89,220,25,213
1,90,220,29,213
1,91,220,5,213
1,92,220,17,213
1,93,220,28,213
1,94,220,33,213
1,95,220,59,213
1,96,220,15,213
1,97,220,14,213
1,98,220,23,213
1,99,220,24,213
1,100,220,11,213
1,101,220,1,213
1,102,220,7,213
6,103,220,44,213
6,104,220,32,213
6,105,220,51,213
6,106,220,56,213
6,107,220,36,213
6,108,220,40,213
6,109,220,38,213
6,110,220,37,213
6,111,220,42,213
6,112,220,35,213
6,113,220,43,213
6,114,220,60,213
6,115,220,58,213
6,116,220,41,213
6,117,220,53,213
6,118,220,54,213
6,119,220,46,213
6,120,220,55,213
6,121,220,39,213
6,122,220,31,213
6,123,220,49,213
6,124,220,47,213
6,125,220,50,213
6,126,220,45,213
6,127,220,48,213
6,128,220,34,213
6,129,220,57,213
1,1,221,66,184
1,2,221,63,184
1,3,221,68,184
1,4,221,71,184
1,5,221,82,184
1,6,221,61,184
1,7,221,76,184
1,8,221,73,184
1,9,221,69,184
1,10,221,80,184
1,11,221,77,184
1,12,221,74,184
1,13,221,78,184
1,14,221,79,184
1,15,221,67,184
1,16,221,83,184
1,17,221,85,184
1,18,221,72,184
1,19,221,95,184
1,20,221,64,184
1,21,221,101,184
1,22,221,97,184
1,23,221,100,184
1,24,221,90,184
1,25,221,88,184
1,26,221,86,184
1,27,221,107,184
1,28,221,87,184
1,29,221,93,184
1,30,221,103,184
1,31,221,109,184
1,32,221,75,184
1,33,221,99,184
1,34,221,102,184
1,35,221,89,184
1,36,221,98,184
1,37,221,105,184
1,38,221,84,184
1,39,221,108,184
1,40,221,96,184
1,41,221,123,184
1,42,221,106,184
1,43,221,91,184
1,44,221,117,184
1,45,221,65,184
1,46,221,92,184
1,47,221,94,184
1,48,221,120,184
1,49,221,104,184
1,50,221,125,184
1,51,221,127,184
1,52,221,129,184
1,53,221,110,184
1,54,221,112,184
1,55,221,70,184
1,56,221,116,184
1,57,221,121,184
1,58,221,118,184
1,59,221,111,184
1,60,221,113,184
1,61,221,124,184
1,62,221,62,184
1,63,221,81,184
1,64,221,126,184
1,65,221,128,184
1,66,221,122,184
1,67,221,115,184
1,68,221,119,184
1,69,221,114,184
1,70,221,21,184
1,71,221,20,184
1,72,221,2,184
1,73,221,22,184
1,74,221,12,184
1,75,221,8,184
1,76,221,27,184
1,77,221,3,184
1,78,221,16,184
1,79,221,6,184
1,80,221,19,184
1,81,221,26,184
1,82,221,4,184
1,83,221,9,184
1,84,221,13,184
1,85,221,10,184
1,86,221,52,184
1,87,221,30,184
1,88,221,18,184
1,89,221,25,184
1,90,221,29,184
1,91,221,5,184
1,92,221,17,184
1,93,221,28,184
1,94,221,33,184
1,95,221,59,184
1,96,221,15,184
1,97,221,14,184
1,98,221,23,184
1,99,221,24,184
1,100,221,11,184
1,101,221,1,184
1,102,221,7,184
6,103,221,44,184
6,104,221,32,184
6,105,221,51,184
6,106,221,56,184
6,107,221,36,184
6,108,221,40,184
6,109,221,38,184
6,110,221,37,184
6,111,221,42,184
6,112,221,35,184
6,113,221,43,184
6,114,221,60,184
6,115,221,58,184
6,116,221,41,184
6,117,221,53,184
6,118,221,54,184
6,119,221,46,184
6,120,221,55,184
6,121,221,39,184
6,122,221,31,184
6,123,221,49,184
6,124,221,47,184
6,125,221,50,184
6,126,221,45,184
6,127,221,48,184
6,128,221,34,184
6,129,221,57,184
1,1,222,66,81
1,2,222,63,81
1,3,222,68,81
1,4,222,71,81
1,5,222,82,81
1,6,222,61,81
1,7,222,76,81
1,8,222,73,81
1,9,222,69,81
1,10,222,80,81
1,11,222,77,81
1,12,222,74,81
1,13,222,78,81
1,14,222,79,81
1,15,222,67,81
1,16,222,83,81
1,17,222,85,81
1,18,222,72,81
1,19,222,95,81
1,20,222,64,81
1,21,222,101,81
1,22,222,97,81
1,23,222,100,81
1,24,222,90,81
1,25,222,88,81
1,26,222,86,81
1,27,222,107,81
1,28,222,87,81
1,29,222,93,81
1,30,222,103,81
1,31,222,109,81
1,32,222,75,81
1,33,222,99,81
1,34,222,102,81
1,35,222,89,81
1,36,222,98,81
1,37,222,105,81
1,38,222,84,81
1,39,222,108,81
1,40,222,96,81
1,41,222,123,81
1,42,222,106,81
1,43,222,91,81
1,44,222,117,81
1,45,222,65,81
1,46,222,92,81
1,47,222,94,81
1,48,222,120,81
1,49,222,104,81
1,50,222,125,81
1,51,222,127,81
1,52,222,129,81
1,53,222,110,81
1,54,222,112,81
1,55,222,70,81
1,56,222,116,81
1,57,222,121,81
1,58,222,118,81
1,59,222,111,81
1,60,222,113,81
1,61,222,124,81
1,62,222,62,81
1,63,222,81,81
1,64,222,126,81
1,65,222,128,81
1,66,222,122,81
1,67,222,115,81
1,68,222,119,81
1,69,222,114,81
1,70,222,21,81
1,71,222,20,81
1,72,222,2,81
1,73,222,22,81
1,74,222,12,81
1,75,222,8,81
1,76,222,27,81
1,77,222,3,81
1,78,222,16,81
1,79,222,6,81
1,80,222,19,81
1,81,222,26,81
1,82,222,4,81
1,83,222,9,81
1,84,222,13,81
1,85,222,10,81
1,86,222,52,81
1,87,222,30,81
1,88,222,18,81
1,89,222,25,81
1,90,222,29,81
1,91,222,5,81
1,92,222,17,81
1,93,222,28,81
1,94,222,33,81
1,95,222,59,81
1,96,222,15,81
1,97,222,14,81
1,98,222,23,81
1,99,222,24,81
1,100,222,11,81
1,101,222,1,81
1,102,222,7,81
6,103,222,44,81
6,104,222,32,81
6,105,222,51,81
6,106,222,56,81
6,107,222,36,81
6,108,222,40,81
6,109,222,38,81
6,110,222,37,81
6,111,222,42,81
6,112,222,35,81
6,113,222,43,81
6,114,222,60,81
6,115,222,58,81
6,116,222,41,81
6,117,222,53,81
6,118,222,54,81
6,119,222,46,81
6,120,222,55,81
6,121,222,39,81
6,122,222,31,81
6,123,222,49,81
6,124,222,47,81
6,125,222,50,81
6,126,222,45,81
6,127,222,48,81
6,128,222,34,81
6,129,222,57,81
1,1,223,66,104
1,2,223,63,104
1,3,223,68,104
1,4,223,71,104
1,5,223,82,104
1,6,223,61,104
1,7,223,76,104
1,8,223,73,104
1,9,223,69,104
1,10,223,80,104
1,11,223,77,104
1,12,223,74,104
1,13,223,78,104
1,14,223,79,104
1,15,223,67,104
1,16,223,83,104
1,17,223,85,104
1,18,223,72,104
1,19,223,95,104
1,20,223,64,104
1,21,223,101,104
1,22,223,97,104
1,23,223,100,104
1,24,223,90,104
1,25,223,88,104
1,26,223,86,104
1,27,223,107,104
1,28,223,87,104
1,29,223,93,104
1,30,223,103,104
1,31,223,109,104
1,32,223,75,104
1,33,223,99,104
1,34,223,102,104
1,35,223,89,104
1,36,223,98,104
1,37,223,105,104
1,38,223,84,104
1,39,223,108,104
1,40,223,96,104
1,41,223,123,104
1,42,223,106,104
1,43,223,91,104
1,44,223,117,104
1,45,223,65,104
1,46,223,92,104
1,47,223,94,104
1,48,223,120,104
1,49,223,104,104
1,50,223,125,104
1,51,223,127,104
1,52,223,129,104
1,53,223,110,104
1,54,223,112,104
1,55,223,70,104
1,56,223,116,104
1,57,223,121,104
1,58,223,118,104
1,59,223,111,104
1,60,223,113,104
1,61,223,124,104
1,62,223,62,104
1,63,223,81,104
1,64,223,126,104
1,65,223,128,104
1,66,223,122,104
1,67,223,115,104
1,68,223,119,104
1,69,223,114,104
1,70,223,21,104
1,71,223,20,104
1,72,223,2,104
1,73,223,22,104
1,74,223,12,104
1,75,223,8,104
1,76,223,27,104
1,77,223,3,104
1,78,223,16,104
1,79,223,6,104
1,80,223,19,104
1,81,223,26,104
1,82,223,4,104
1,83,223,9,104
1,84,223,13,104
1,85,223,10,104
1,86,223,52,104
1,87,223,30,104
1,88,223,18,104
1,89,223,25,104
1,90,223,29,104
1,91,223,5,104
1,92,223,17,104
1,93,223,28,104
1,94,223,33,104
1,95,223,59,104
1,96,223,15,104
1,97,223,14,104
1,98,223,23,104
1,99,223,24,104
1,100,223,11,104
1,101,223,1,104
1,102,223,7,104
6,103,223,44,104
6,104,223,32,104
6,105,223,51,104
6,106,223,56,104
6,107,223,36,104
6,108,223,40,104
6,109,223,38,104
6,110,223,37,104
6,111,223,42,104
6,112,223,35,104
6,113,223,43,104
6,114,223,60,104
6,115,223,58,104
6,116,223,41,104
6,117,223,53,104
6,118,223,54,104
6,119,223,46,104
6,120,223,55,104
6,121,223,39,104
6,122,223,31,104
6,123,223,49,104
6,124,223,47,104
6,125,223,50,104
6,126,223,45,104
6,127,223,48,104
6,128,223,34,104
6,129,223,57,104
1,1,224,66,149
1,2,224,63,149
1,3,224,68,149
1,4,224,71,149
1,5,224,82,149
1,6,224,61,149
1,7,224,76,149
1,8,224,73,149
1,9,224,69,149
1,10,224,80,149
1,11,224,77,149
1,12,224,74,149
1,13,224,78,149
1,14,224,79,149
1,15,224,67,149
1,16,224,83,149
1,17,224,85,149
1,18,224,72,149
1,19,224,95,149
1,20,224,64,149
1,21,224,101,149
1,22,224,97,149
1,23,224,100,149
1,24,224,90,149
1,25,224,88,149
1,26,224,86,149
1,27,224,107,149
1,28,224,87,149
1,29,224,93,149
1,30,224,103,149
1,31,224,109,149
1,32,224,75,149
1,33,224,99,149
1,34,224,102,149
1,35,224,89,149
1,36,224,98,149
1,37,224,105,149
1,38,224,84,149
1,39,224,108,149
1,40,224,96,149
1,41,224,123,149
1,42,224,106,149
1,43,224,91,149
1,44,224,117,149
1,45,224,65,149
1,46,224,92,149
1,47,224,94,149
1,48,224,120,149
1,49,224,104,149
1,50,224,125,149
1,51,224,127,149
1,52,224,129,149
1,53,224,110,149
1,54,224,112,149
1,55,224,70,149
1,56,224,116,149
1,57,224,121,149
1,58,224,118,149
1,59,224,111,149
1,60,224,113,149
1,61,224,124,149
1,62,224,62,149
1,63,224,81,149
1,64,224,126,149
1,65,224,128,149
1,66,224,122,149
1,67,224,115,149
1,68,224,119,149
1,69,224,114,149
1,70,224,21,149
1,71,224,20,149
1,72,224,2,149
1,73,224,22,149
1,74,224,12,149
1,75,224,8,149
1,76,224,27,149
1,77,224,3,149
1,78,224,16,149
1,79,224,6,149
1,80,224,19,149
1,81,224,26,149
1,82,224,4,149
1,83,224,9,149
1,84,224,13,149
1,85,224,10,149
1,86,224,52,149
1,87,224,30,149
1,88,224,18,149
1,89,224,25,149
1,90,224,29,149
1,91,224,5,149
1,92,224,17,149
1,93,224,28,149
1,94,224,33,149
1,95,224,59,149
1,96,224,15,149
1,97,224,14,149
1,98,224,23,149
1,99,224,24,149
1,100,224,11,149
1,101,224,1,149
1,102,224,7,149
6,103,224,44,149
6,104,224,32,149
6,105,224,51,149
6,106,224,56,149
6,107,224,36,149
6,108,224,40,149
6,109,224,38,149
6,110,224,37,149
6,111,224,42,149
6,112,224,35,149
6,113,224,43,149
6,114,224,60,149
6,115,224,58,149
6,116,224,41,149
6,117,224,53,149
6,118,224,54,149
6,119,224,46,149
6,120,224,55,149
6,121,224,39,149
6,122,224,31,149
6,123,224,49,149
6,124,224,47,149
6,125,224,50,149
6,126,224,45,149
6,127,224,48,149
6,128,224,34,149
6,129,224,57,149
1,1,225,66,127
1,2,225,63,127
1,3,225,68,127
1,4,225,71,127
1,5,225,82,127
1,6,225,61,127
1,7,225,76,127
1,8,225,73,127
1,9,225,69,127
1,10,225,80,127
1,11,225,77,127
1,12,225,74,127
1,13,225,78,127
1,14,225,79,127
1,15,225,67,127
1,16,225,83,127
1,17,225,85,127
1,18,225,72,127
1,19,225,95,127
1,20,225,64,127
1,21,225,101,127
1,22,225,97,127
1,23,225,100,127
1,24,225,90,127
1,25,225,88,127
1,26,225,86,127
1,27,225,107,127
1,28,225,87,127
1,29,225,93,127
1,30,225,103,127
1,31,225,109,127
1,32,225,75,127
1,33,225,99,127
1,34,225,102,127
1,35,225,89,127
1,36,225,98,127
1,37,225,105,127
1,38,225,84,127
1,39,225,108,127
1,40,225,96,127
1,41,225,123,127
1,42,225,106,127
1,43,225,91,127
1,44,225,117,127
1,45,225,65,127
1,46,225,92,127
1,47,225,94,127
1,48,225,120,127
1,49,225,104,127
1,50,225,125,127
1,51,225,127,127
1,52,225,129,127
1,53,225,110,127
1,54,225,112,127
1,55,225,70,127
1,56,225,116,127
1,57,225,121,127
1,58,225,118,127
1,59,225,111,127
1,60,225,113,127
1,61,225,124,127
1,62,225,62,127
1,63,225,81,127
1,64,225,126,127
1,65,225,128,127
1,66,225,122,127
1,67,225,115,127
1,68,225,119,127
1,69,225,114,127
1,70,225,21,127
1,71,225,20,127
1,72,225,2,127
1,73,225,22,127
1,74,225,12,127
1,75,225,8,127
1,76,225,27,127
1,77,225,3,127
1,78,225,16,127
1,79,225,6,127
1,80,225,19,127
1,81,225,26,127
1,82,225,4,127
1,83,225,9,127
1,84,225,13,127
1,85,225,10,127
1,86,225,52,127
1,87,225,30,127
1,88,225,18,127
1,89,225,25,127
1,90,225,29,127
1,91,225,5,127
1,92,225,17,127
1,93,225,28,127
1,94,225,33,127
1,95,225,59,127
1,96,225,15,127
1,97,225,14,127
1,98,225,23,127
1,99,225,24,127
1,100,225,11,127
1,101,225,1,127
1,102,225,7,127
6,103,225,44,127
6,104,225,32,127
6,105,225,51,127
6,106,225,56,127
6,107,225,36,127
6,108,225,40,127
6,109,225,38,127
6,110,225,37,127
6,111,225,42,127
6,112,225,35,127
6,113,225,43,127
6,114,225,60,127
6,115,225,58,127
6,116,225,41,127
6,117,225,53,127
6,118,225,54,127
6,119,225,46,127
6,120,225,55,127
6,121,225,39,127
6,122,225,31,127
6,123,225,49,127
6,124,225,47,127
6,125,225,50,127
6,126,225,45,127
6,127,225,48,127
6,128,225,34,127
6,129,225,57,127
