label,row_new,col_new,row_orig,col_orig
1,1,1,108,134
1,2,1,92,134
1,3,1,88,134
1,4,1,96,134
1,5,1,84,134
1,6,1,105,134
1,7,1,94,134
1,8,1,89,134
1,9,1,95,134
1,10,1,91,134
1,11,1,99,134
1,12,1,87,134
1,13,1,107,134
1,14,1,97,134
1,15,1,102,134
1,16,1,86,134
1,17,1,98,134
1,18,1,93,134
1,19,1,90,134
1,20,1,104,134
1,21,1,100,134
1,22,1,109,134
1,23,1,106,134
1,24,1,101,134
1,25,1,85,134
1,26,1,45,134
1,27,1,42,134
1,28,1,43,134
1,29,1,39,134
1,30,1,34,134
1,31,1,55,134
1,32,1,49,134
1,33,1,103,134
1,34,1,54,134
1,35,1,46,134
1,36,1,60,134
1,37,1,48,134
1,38,1,41,134
1,39,1,50,134
1,40,1,35,134
1,41,1,40,134
1,42,1,117,134
1,43,1,38,134
1,44,1,37,134
1,45,1,115,134
1,46,1,44,134
1,47,1,32,134
1,48,1,120,134
1,49,1,57,134
1,50,1,125,134
1,51,1,27,134
1,52,1,119,134
1,53,1,116,134
1,54,1,123,134
1,55,1,110,134
1,56,1,58,134
1,57,1,33,134
1,58,1,36,134
1,59,1,53,134
1,60,1,19,134
1,61,1,31,134
1,62,1,122,134
1,63,1,124,134
1,64,1,127,134
1,65,1,51,134
1,66,1,59,134
1,67,1,47,134
1,68,1,112,134
1,69,1,113,134
1,70,1,128,134
1,71,1,6,134
1,72,1,9,134
1,73,1,129,134
1,74,1,56,134
1,75,1,64,134
1,76,1,126,134
1,77,1,5,134
1,78,1,114,134
1,79,1,16,134
1,80,1,118,134
1,81,1,111,134
1,82,1,121,134
1,83,1,52,134
1,84,1,26,134
1,85,1,14,134
1,86,1,71,134
1,87,1,1,134
1,88,1,74,134
1,89,1,72,134
1,90,1,28,134
1,91,1,76,134
1,92,1,66,134
1,93,1,77,134
1,94,1,61,134
1,95,1,67,134
1,96,1,73,134
1,97,1,24,134
1,98,1,68,134
1,99,1,29,134
1,100,1,79,134
1,101,1,80,134
1,102,1,83,134
1,103,1,63,134
1,104,1,2,134
1,105,1,13,134
1,106,1,78,134
1,107,1,82,134
1,108,1,25,134
1,109,1,11,134
1,110,1,81,134
1,111,1,21,134
1,112,1,10,134
1,113,1,15,134
1,114,1,62,134
1,115,1,69,134
1,116,1,65,134
1,117,1,20,134
1,118,1,75,134
1,119,1,3,134
1,120,1,70,134
1,121,1,7,134
1,122,1,8,134
1,123,1,12,134
1,124,1,23,134
1,125,1,30,134
1,126,1,18,134
1,127,1,22,134
1,128,1,4,134
1,129,1,17,134
1,1,2,108,87
1,2,2,92,87
1,3,2,88,87
1,4,2,96,87
1,5,2,84,87
1,6,2,105,87
1,7,2,94,87
1,8,2,89,87
1,9,2,95,87
1,10,2,91,87
1,11,2,99,87
1,12,2,87,87
1,13,2,107,87
1,14,2,97,87
1,15,2,102,87
1,16,2,86,87
1,17,2,98,87
1,18,2,93,87
1,19,2,90,87
1,20,2,104,87
1,21,2,100,87
1,22,2,109,87
1,23,2,106,87
1,24,2,101,87
1,25,2,85,87
1,26,2,45,87
1,27,2,42,87
1,28,2,43,87
1,29,2,39,87
1,30,2,34,87
1,31,2,55,87
1,32,2,49,87
1,33,2,103,87
1,34,2,54,87
1,35,2,46,87
1,36,2,60,87
1,37,2,48,87
1,38,2,41,87
1,39,2,50,87
1,40,2,35,87
1,41,2,40,87
1,42,2,117,87
1,43,2,38,87
1,44,2,37,87
1,45,2,115,87
1,46,2,44,87
1,47,2,32,87
1,48,2,120,87
1,49,2,57,87
1,50,2,125,87
1,51,2,27,87
1,52,2,119,87
1,53,2,116,87
1,54,2,123,87
1,55,2,110,87
1,56,2,58,87
1,57,2,33,87
1,58,2,36,87
1,59,2,53,87
1,60,2,19,87
1,61,2,31,87
1,62,2,122,87
1,63,2,124,87
1,64,2,127,87
1,65,2,51,87
1,66,2,59,87
1,67,2,47,87
1,68,2,112,87
1,69,2,113,87
1,70,2,128,87
1,71,2,6,87
1,72,2,9,87
1,73,2,129,87
1,74,2,56,87
1,75,2,64,87
1,76,2,126,87
1,77,2,5,87
1,78,2,114,87
1,79,2,16,87
1,80,2,118,87
1,81,2,111,87
1,82,2,121,87
1,83,2,52,87
1,84,2,26,87
1,85,2,14,87
1,86,2,71,87
1,87,2,1,87
1,88,2,74,87
1,89,2,72,87
1,90,2,28,87
1,91,2,76,87
1,92,2,66,87
1,93,2,77,87
1,94,2,61,87
1,95,2,67,87
1,96,2,73,87
1,97,2,24,87
1,98,2,68,87
1,99,2,29,87
1,100,2,79,87
1,101,2,80,87
1,102,2,83,87
1,103,2,63,87
1,104,2,2,87
1,105,2,13,87
1,106,2,78,87
1,107,2,82,87
1,108,2,25,87
1,109,2,11,87
1,110,2,81,87
1,111,2,21,87
1,112,2,10,87
1,113,2,15,87
1,114,2,62,87
1,115,2,69,87
1,116,2,65,87
1,117,2,20,87
1,118,2,75,87
1,119,2,3,87
1,120,2,70,87
1,121,2,7,87
1,122,2,8,87
1,123,2,12,87
1,124,2,23,87
1,125,2,30,87
1,126,2,18,87
1,127,2,22,87
1,128,2,4,87
1,129,2,17,87
1,1,3,108,111
1,2,3,92,111
1,3,3,88,111
1,4,3,96,111
1,5,3,84,111
1,6,3,105,111
1,7,3,94,111
1,8,3,89,111
1,9,3,95,111
1,10,3,91,111
1,11,3,99,111
1,12,3,87,111
1,13,3,107,111
1,14,3,97,111
1,15,3,102,111
1,16,3,86,111
1,17,3,98,111
1,18,3,93,111
1,19,3,90,111
1,20,3,104,111
1,21,3,100,111
1,22,3,109,111
1,23,3,106,111
1,24,3,101,111
1,25,3,85,111
1,26,3,45,111
1,27,3,42,111
1,28,3,43,111
1,29,3,39,111
1,30,3,34,111
1,31,3,55,111
1,32,3,49,111
1,33,3,103,111
1,34,3,54,111
1,35,3,46,111
1,36,3,60,111
1,37,3,48,111
1,38,3,41,111
1,39,3,50,111
1,40,3,35,111
1,41,3,40,111
1,42,3,117,111
1,43,3,38,111
1,44,3,37,111
1,45,3,115,111
1,46,3,44,111
1,47,3,32,111
1,48,3,120,111
1,49,3,57,111
1,50,3,125,111
1,51,3,27,111
1,52,3,119,111
1,53,3,116,111
1,54,3,123,111
1,55,3,110,111
1,56,3,58,111
1,57,3,33,111
1,58,3,36,111
1,59,3,53,111
1,60,3,19,111
1,61,3,31,111
1,62,3,122,111
1,63,3,124,111
1,64,3,127,111
1,65,3,51,111
1,66,3,59,111
1,67,3,47,111
1,68,3,112,111
1,69,3,113,111
1,70,3,128,111
1,71,3,6,111
1,72,3,9,111
1,73,3,129,111
1,74,3,56,111
1,75,3,64,111
1,76,3,126,111
1,77,3,5,111
1,78,3,114,111
1,79,3,16,111
1,80,3,118,111
1,81,3,111,111
1,82,3,121,111
1,83,3,52,111
1,84,3,26,111
1,85,3,14,111
1,86,3,71,111
1,87,3,1,111
1,88,3,74,111
1,89,3,72,111
1,90,3,28,111
1,91,3,76,111
1,92,3,66,111
1,93,3,77,111
1,94,3,61,111
1,95,3,67,111
1,96,3,73,111
1,97,3,24,111
1,98,3,68,111
1,99,3,29,111
1,100,3,79,111
1,101,3,80,111
1,102,3,83,111
1,103,3,63,111
1,104,3,2,111
1,105,3,13,111
1,106,3,78,111
1,107,3,82,111
1,108,3,25,111
1,109,3,11,111
1,110,3,81,111
1,111,3,21,111
1,112,3,10,111
1,113,3,15,111
1,114,3,62,111
1,115,3,69,111
1,116,3,65,111
1,117,3,20,111
1,118,3,75,111
1,119,3,3,111
1,120,3,70,111
1,121,3,7,111
1,122,3,8,111
1,123,3,12,111
1,124,3,23,111
1,125,3,30,111
1,126,3,18,111
1,127,3,22,111
1,128,3,4,111
1,129,3,17,111
1,1,4,108,150
1,2,4,92,150
1,3,4,88,150
1,4,4,96,150
1,5,4,84,150
1,6,4,105,150
1,7,4,94,150
1,8,4,89,150
1,9,4,95,150
1,10,4,91,150
1,11,4,99,150
1,12,4,87,150
1,13,4,107,150
1,14,4,97,150
1,15,4,102,150
1,16,4,86,150
1,17,4,98,150
1,18,4,93,150
1,19,4,90,150
1,20,4,104,150
1,21,4,100,150
1,22,4,109,150
1,23,4,106,150
1,24,4,101,150
1,25,4,85,150
1,26,4,45,150
1,27,4,42,150
1,28,4,43,150
1,29,4,39,150
1,30,4,34,150
1,31,4,55,150
1,32,4,49,150
1,33,4,103,150
1,34,4,54,150
1,35,4,46,150
1,36,4,60,150
1,37,4,48,150
1,38,4,41,150
1,39,4,50,150
1,40,4,35,150
1,41,4,40,150
1,42,4,117,150
1,43,4,38,150
1,44,4,37,150
1,45,4,115,150
1,46,4,44,150
1,47,4,32,150
1,48,4,120,150
1,49,4,57,150
1,50,4,125,150
1,51,4,27,150
1,52,4,119,150
1,53,4,116,150
1,54,4,123,150
1,55,4,110,150
1,56,4,58,150
1,57,4,33,150
1,58,4,36,150
1,59,4,53,150
1,60,4,19,150
1,61,4,31,150
1,62,4,122,150
1,63,4,124,150
1,64,4,127,150
1,65,4,51,150
1,66,4,59,150
1,67,4,47,150
1,68,4,112,150
1,69,4,113,150
1,70,4,128,150
1,71,4,6,150
1,72,4,9,150
1,73,4,129,150
1,74,4,56,150
1,75,4,64,150
1,76,4,126,150
1,77,4,5,150
1,78,4,114,150
1,79,4,16,150
1,80,4,118,150
1,81,4,111,150
1,82,4,121,150
1,83,4,52,150
1,84,4,26,150
1,85,4,14,150
1,86,4,71,150
1,87,4,1,150
1,88,4,74,150
1,89,4,72,150
1,90,4,28,150
1,91,4,76,150
1,92,4,66,150
1,93,4,77,150
1,94,4,61,150
1,95,4,67,150
1,96,4,73,150
1,97,4,24,150
1,98,4,68,150
1,99,4,29,150
1,100,4,79,150
1,101,4,80,150
1,102,4,83,150
1,103,4,63,150
1,104,4,2,150
1,105,4,13,150
1,106,4,78,150
1,107,4,82,150
1,108,4,25,150
1,109,4,11,150
1,110,4,81,150
1,111,4,21,150
1,112,4,10,150
1,113,4,15,150
1,114,4,62,150
1,115,4,69,150
1,116,4,65,150
1,117,4,20,150
1,118,4,75,150
1,119,4,3,150
1,120,4,70,150
1,121,4,7,150
1,122,4,8,150
1,123,4,12,150
1,124,4,23,150
1,125,4,30,150
1,126,4,18,150
1,127,4,22,150
1,128,4,4,150
1,129,4,17,150
1,1,5,108,138
1,2,5,92,138
1,3,5,88,138
1,4,5,96,138
1,5,5,84,138
1,6,5,105,138
1,7,5,94,138
1,8,5,89,138
1,9,5,95,138
1,10,5,91,138
1,11,5,99,138
1,12,5,87,138
1,13,5,107,138
1,14,5,97,138
1,15,5,102,138
1,16,5,86,138
1,17,5,98,138
1,18,5,93,138
1,19,5,90,138
1,20,5,104,138
1,21,5,100,138
1,22,5,109,138
1,23,5,106,138
1,24,5,101,138
1,25,5,85,138
1,26,5,45,138
1,27,5,42,138
1,28,5,43,138
1,29,5,39,138
1,30,5,34,138
1,31,5,55,138
1,32,5,49,138
1,33,5,103,138
1,34,5,54,138
1,35,5,46,138
1,36,5,60,138
1,37,5,48,138
1,38,5,41,138
1,39,5,50,138
1,40,5,35,138
1,41,5,40,138
1,42,5,117,138
1,43,5,38,138
1,44,5,37,138
1,45,5,115,138
1,46,5,44,138
1,47,5,32,138
1,48,5,120,138
1,49,5,57,138
1,50,5,125,138
1,51,5,27,138
1,52,5,119,138
1,53,5,116,138
1,54,5,123,138
1,55,5,110,138
1,56,5,58,138
1,57,5,33,138
1,58,5,36,138
1,59,5,53,138
1,60,5,19,138
1,61,5,31,138
1,62,5,122,138
1,63,5,124,138
1,64,5,127,138
1,65,5,51,138
1,66,5,59,138
1,67,5,47,138
1,68,5,112,138
1,69,5,113,138
1,70,5,128,138
1,71,5,6,138
1,72,5,9,138
1,73,5,129,138
1,74,5,56,138
1,75,5,64,138
1,76,5,126,138
1,77,5,5,138
1,78,5,114,138
1,79,5,16,138
1,80,5,118,138
1,81,5,111,138
1,82,5,121,138
1,83,5,52,138
1,84,5,26,138
1,85,5,14,138
1,86,5,71,138
1,87,5,1,138
1,88,5,74,138
1,89,5,72,138
1,90,5,28,138
1,91,5,76,138
1,92,5,66,138
1,93,5,77,138
1,94,5,61,138
1,95,5,67,138
1,96,5,73,138
1,97,5,24,138
1,98,5,68,138
1,99,5,29,138
1,100,5,79,138
1,101,5,80,138
1,102,5,83,138
1,103,5,63,138
1,104,5,2,138
1,105,5,13,138
1,106,5,78,138
1,107,5,82,138
1,108,5,25,138
1,109,5,11,138
1,110,5,81,138
1,111,5,21,138
1,112,5,10,138
1,113,5,15,138
1,114,5,62,138
1,115,5,69,138
1,116,5,65,138
1,117,5,20,138
1,118,5,75,138
1,119,5,3,138
1,120,5,70,138
1,121,5,7,138
1,122,5,8,138
1,123,5,12,138
1,124,5,23,138
1,125,5,30,138
1,126,5,18,138
1,127,5,22,138
1,128,5,4,138
1,129,5,17,138
1,1,6,108,223
1,2,6,92,223
1,3,6,88,223
1,4,6,96,223
1,5,6,84,223
1,6,6,105,223
1,7,6,94,223
1,8,6,89,223
1,9,6,95,223
1,10,6,91,223
1,11,6,99,223
1,12,6,87,223
1,13,6,107,223
1,14,6,97,223
1,15,6,102,223
1,16,6,86,223
1,17,6,98,223
1,18,6,93,223
1,19,6,90,223
1,20,6,104,223
1,21,6,100,223
1,22,6,109,223
1,23,6,106,223
1,24,6,101,223
1,25,6,85,223
1,26,6,45,223
1,27,6,42,223
1,28,6,43,223
1,29,6,39,223
1,30,6,34,223
1,31,6,55,223
1,32,6,49,223
1,33,6,103,223
1,34,6,54,223
1,35,6,46,223
1,36,6,60,223
1,37,6,48,223
1,38,6,41,223
1,39,6,50,223
1,40,6,35,223
1,41,6,40,223
1,42,6,117,223
1,43,6,38,223
1,44,6,37,223
1,45,6,115,223
1,46,6,44,223
1,47,6,32,223
1,48,6,120,223
1,49,6,57,223
1,50,6,125,223
1,51,6,27,223
1,52,6,119,223
1,53,6,116,223
1,54,6,123,223
1,55,6,110,223
1,56,6,58,223
1,57,6,33,223
1,58,6,36,223
1,59,6,53,223
1,60,6,19,223
1,61,6,31,223
1,62,6,122,223
1,63,6,124,223
1,64,6,127,223
1,65,6,51,223
1,66,6,59,223
1,67,6,47,223
1,68,6,112,223
1,69,6,113,223
1,70,6,128,223
1,71,6,6,223
1,72,6,9,223
1,73,6,129,223
1,74,6,56,223
1,75,6,64,223
1,76,6,126,223
1,77,6,5,223
1,78,6,114,223
1,79,6,16,223
1,80,6,118,223
1,81,6,111,223
1,82,6,121,223
1,83,6,52,223
1,84,6,26,223
1,85,6,14,223
1,86,6,71,223
1,87,6,1,223
1,88,6,74,223
1,89,6,72,223
1,90,6,28,223
1,91,6,76,223
1,92,6,66,223
1,93,6,77,223
1,94,6,61,223
1,95,6,67,223
1,96,6,73,223
1,97,6,24,223
1,98,6,68,223
1,99,6,29,223
1,100,6,79,223
1,101,6,80,223
1,102,6,83,223
1,103,6,63,223
1,104,6,2,223
1,105,6,13,223
1,106,6,78,223
1,107,6,82,223
1,108,6,25,223
1,109,6,11,223
1,110,6,81,223
1,111,6,21,223
1,112,6,10,223
1,113,6,15,223
1,114,6,62,223
1,115,6,69,223
1,116,6,65,223
1,117,6,20,223
1,118,6,75,223
1,119,6,3,223
1,120,6,70,223
1,121,6,7,223
1,122,6,8,223
1,123,6,12,223
1,124,6,23,223
1,125,6,30,223
1,126,6,18,223
1,127,6,22,223
1,128,6,4,223
1,129,6,17,223
1,1,7,108,38
1,2,7,92,38
1,3,7,88,38
1,4,7,96,38
1,5,7,84,38
1,6,7,105,38
1,7,7,94,38
1,8,7,89,38
1,9,7,95,38
1,10,7,91,38
1,11,7,99,38
1,12,7,87,38
1,13,7,107,38
1,14,7,97,38
1,15,7,102,38
1,16,7,86,38
1,17,7,98,38
1,18,7,93,38
1,19,7,90,38
1,20,7,104,38
1,21,7,100,38
1,22,7,109,38
1,23,7,106,38
1,24,7,101,38
1,25,7,85,38
1,26,7,45,38
1,27,7,42,38
1,28,7,43,38
1,29,7,39,38
1,30,7,34,38
1,31,7,55,38
1,32,7,49,38
1,33,7,103,38
1,34,7,54,38
1,35,7,46,38
1,36,7,60,38
1,37,7,48,38
1,38,7,41,38
1,39,7,50,38
1,40,7,35,38
1,41,7,40,38
1,42,7,117,38
1,43,7,38,38
1,44,7,37,38
1,45,7,115,38
1,46,7,44,38
1,47,7,32,38
1,48,7,120,38
1,49,7,57,38
1,50,7,125,38
1,51,7,27,38
1,52,7,119,38
1,53,7,116,38
1,54,7,123,38
1,55,7,110,38
1,56,7,58,38
1,57,7,33,38
1,58,7,36,38
1,59,7,53,38
1,60,7,19,38
1,61,7,31,38
1,62,7,122,38
1,63,7,124,38
1,64,7,127,38
1,65,7,51,38
1,66,7,59,38
1,67,7,47,38
1,68,7,112,38
1,69,7,113,38
1,70,7,128,38
1,71,7,6,38
1,72,7,9,38
1,73,7,129,38
1,74,7,56,38
1,75,7,64,38
1,76,7,126,38
1,77,7,5,38
1,78,7,114,38
1,79,7,16,38
1,80,7,118,38
1,81,7,111,38
1,82,7,121,38
1,83,7,52,38
1,84,7,26,38
1,85,7,14,38
1,86,7,71,38
1,87,7,1,38
1,88,7,74,38
1,89,7,72,38
1,90,7,28,38
1,91,7,76,38
1,92,7,66,38
1,93,7,77,38
1,94,7,61,38
1,95,7,67,38
1,96,7,73,38
1,97,7,24,38
1,98,7,68,38
1,99,7,29,38
1,100,7,79,38
1,101,7,80,38
1,102,7,83,38
1,103,7,63,38
1,104,7,2,38
1,105,7,13,38
1,106,7,78,38
1,107,7,82,38
1,108,7,25,38
1,109,7,11,38
1,110,7,81,38
1,111,7,21,38
1,112,7,10,38
1,113,7,15,38
1,114,7,62,38
1,115,7,69,38
1,116,7,65,38
1,117,7,20,38
1,118,7,75,38
1,119,7,3,38
1,120,7,70,38
1,121,7,7,38
1,122,7,8,38
1,123,7,12,38
1,124,7,23,38
1,125,7,30,38
1,126,7,18,38
1,127,7,22,38
1,128,7,4,38
1,129,7,17,38
1,1,8,108,211
1,2,8,92,211
1,3,8,88,211
1,4,8,96,211
1,5,8,84,211
1,6,8,105,211
1,7,8,94,211
1,8,8,89,211
1,9,8,95,211
1,10,8,91,211
1,11,8,99,211
1,12,8,87,211
1,13,8,107,211
1,14,8,97,211
1,15,8,102,211
1,16,8,86,211
1,17,8,98,211
1,18,8,93,211
1,19,8,90,211
1,20,8,104,211
1,21,8,100,211
1,22,8,109,211
1,23,8,106,211
1,24,8,101,211
1,25,8,85,211
1,26,8,45,211
1,27,8,42,211
1,28,8,43,211
1,29,8,39,211
1,30,8,34,211
1,31,8,55,211
1,32,8,49,211
1,33,8,103,211
1,34,8,54,211
1,35,8,46,211
1,36,8,60,211
1,37,8,48,211
1,38,8,41,211
1,39,8,50,211
1,40,8,35,211
1,41,8,40,211
1,42,8,117,211
1,43,8,38,211
1,44,8,37,211
1,45,8,115,211
1,46,8,44,211
1,47,8,32,211
1,48,8,120,211
1,49,8,57,211
1,50,8,125,211
1,51,8,27,211
1,52,8,119,211
1,53,8,116,211
1,54,8,123,211
1,55,8,110,211
1,56,8,58,211
1,57,8,33,211
1,58,8,36,211
1,59,8,53,211
1,60,8,19,211
1,61,8,31,211
1,62,8,122,211
1,63,8,124,211
1,64,8,127,211
1,65,8,51,211
1,66,8,59,211
1,67,8,47,211
1,68,8,112,211
1,69,8,113,211
1,70,8,128,211
1,71,8,6,211
1,72,8,9,211
1,73,8,129,211
1,74,8,56,211
1,75,8,64,211
1,76,8,126,211
1,77,8,5,211
1,78,8,114,211
1,79,8,16,211
1,80,8,118,211
1,81,8,111,211
1,82,8,121,211
1,83,8,52,211
1,84,8,26,211
1,85,8,14,211
1,86,8,71,211
1,87,8,1,211
1,88,8,74,211
1,89,8,72,211
1,90,8,28,211
1,91,8,76,211
1,92,8,66,211
1,93,8,77,211
1,94,8,61,211
1,95,8,67,211
1,96,8,73,211
1,97,8,24,211
1,98,8,68,211
1,99,8,29,211
1,100,8,79,211
1,101,8,80,211
1,102,8,83,211
1,103,8,63,211
1,104,8,2,211
1,105,8,13,211
1,106,8,78,211
1,107,8,82,211
1,108,8,25,211
1,109,8,11,211
1,110,8,81,211
1,111,8,21,211
1,112,8,10,211
1,113,8,15,211
1,114,8,62,211
1,115,8,69,211
1,116,8,65,211
1,117,8,20,211
1,118,8,75,211
1,119,8,3,211
1,120,8,70,211
1,121,8,7,211
1,122,8,8,211
1,123,8,12,211
1,124,8,23,211
1,125,8,30,211
1,126,8,18,211
1,127,8,22,211
1,128,8,4,211
1,129,8,17,211
1,1,9,108,60
1,2,9,92,60
1,3,9,88,60
1,4,9,96,60
1,5,9,84,60
1,6,9,105,60
1,7,9,94,60
1,8,9,89,60
1,9,9,95,60
1,10,9,91,60
1,11,9,99,60
1,12,9,87,60
1,13,9,107,60
1,14,9,97,60
1,15,9,102,60
1,16,9,86,60
1,17,9,98,60
1,18,9,93,60
1,19,9,90,60
1,20,9,104,60
1,21,9,100,60
1,22,9,109,60
1,23,9,106,60
1,24,9,101,60
1,25,9,85,60
1,26,9,45,60
1,27,9,42,60
1,28,9,43,60
1,29,9,39,60
1,30,9,34,60
1,31,9,55,60
1,32,9,49,60
1,33,9,103,60
1,34,9,54,60
1,35,9,46,60
1,36,9,60,60
1,37,9,48,60
1,38,9,41,60
1,39,9,50,60
1,40,9,35,60
1,41,9,40,60
1,42,9,117,60
1,43,9,38,60
1,44,9,37,60
1,45,9,115,60
1,46,9,44,60
1,47,9,32,60
1,48,9,120,60
1,49,9,57,60
1,50,9,125,60
1,51,9,27,60
1,52,9,119,60
1,53,9,116,60
1,54,9,123,60
1,55,9,110,60
1,56,9,58,60
1,57,9,33,60
1,58,9,36,60
1,59,9,53,60
1,60,9,19,60
1,61,9,31,60
1,62,9,122,60
1,63,9,124,60
1,64,9,127,60
1,65,9,51,60
1,66,9,59,60
1,67,9,47,60
1,68,9,112,60
1,69,9,113,60
1,70,9,128,60
1,71,9,6,60
1,72,9,9,60
1,73,9,129,60
1,74,9,56,60
1,75,9,64,60
1,76,9,126,60
1,77,9,5,60
1,78,9,114,60
1,79,9,16,60
1,80,9,118,60
1,81,9,111,60
1,82,9,121,60
1,83,9,52,60
1,84,9,26,60
1,85,9,14,60
1,86,9,71,60
1,87,9,1,60
1,88,9,74,60
1,89,9,72,60
1,90,9,28,60
1,91,9,76,60
1,92,9,66,60
1,93,9,77,60
1,94,9,61,60
1,95,9,67,60
1,96,9,73,60
1,97,9,24,60
1,98,9,68,60
1,99,9,29,60
1,100,9,79,60
1,101,9,80,60
1,102,9,83,60
1,103,9,63,60
1,104,9,2,60
1,105,9,13,60
1,106,9,78,60
1,107,9,82,60
1,108,9,25,60
1,109,9,11,60
1,110,9,81,60
1,111,9,21,60
1,112,9,10,60
1,113,9,15,60
1,114,9,62,60
1,115,9,69,60
1,116,9,65,60
1,117,9,20,60
1,118,9,75,60
1,119,9,3,60
1,120,9,70,60
1,121,9,7,60
1,122,9,8,60
1,123,9,12,60
1,124,9,23,60
1,125,9,30,60
1,126,9,18,60
1,127,9,22,60
1,128,9,4,60
1,129,9,17,60
1,1,10,108,143
1,2,10,92,143
1,3,10,88,143
1,4,10,96,143
1,5,10,84,143
1,6,10,105,143
1,7,10,94,143
1,8,10,89,143
1,9,10,95,143
1,10,10,91,143
1,11,10,99,143
1,12,10,87,143
1,13,10,107,143
1,14,10,97,143
1,15,10,102,143
1,16,10,86,143
1,17,10,98,143
1,18,10,93,143
1,19,10,90,143
1,20,10,104,143
1,21,10,100,143
1,22,10,109,143
1,23,10,106,143
1,24,10,101,143
1,25,10,85,143
1,26,10,45,143
1,27,10,42,143
1,28,10,43,143
1,29,10,39,143
1,30,10,34,143
1,31,10,55,143
1,32,10,49,143
1,33,10,103,143
1,34,10,54,143
1,35,10,46,143
1,36,10,60,143
1,37,10,48,143
1,38,10,41,143
1,39,10,50,143
1,40,10,35,143
1,41,10,40,143
1,42,10,117,143
1,43,10,38,143
1,44,10,37,143
1,45,10,115,143
1,46,10,44,143
1,47,10,32,143
1,48,10,120,143
1,49,10,57,143
1,50,10,125,143
1,51,10,27,143
1,52,10,119,143
1,53,10,116,143
1,54,10,123,143
1,55,10,110,143
1,56,10,58,143
1,57,10,33,143
1,58,10,36,143
1,59,10,53,143
1,60,10,19,143
1,61,10,31,143
1,62,10,122,143
1,63,10,124,143
1,64,10,127,143
1,65,10,51,143
1,66,10,59,143
1,67,10,47,143
1,68,10,112,143
1,69,10,113,143
1,70,10,128,143
1,71,10,6,143
1,72,10,9,143
1,73,10,129,143
1,74,10,56,143
1,75,10,64,143
1,76,10,126,143
1,77,10,5,143
1,78,10,114,143
1,79,10,16,143
1,80,10,118,143
1,81,10,111,143
1,82,10,121,143
1,83,10,52,143
1,84,10,26,143
1,85,10,14,143
1,86,10,71,143
1,87,10,1,143
1,88,10,74,143
1,89,10,72,143
1,90,10,28,143
1,91,10,76,143
1,92,10,66,143
1,93,10,77,143
1,94,10,61,143
1,95,10,67,143
1,96,10,73,143
1,97,10,24,143
1,98,10,68,143
1,99,10,29,143
1,100,10,79,143
1,101,10,80,143
1,102,10,83,143
1,103,10,63,143
1,104,10,2,143
1,105,10,13,143
1,106,10,78,143
1,107,10,82,143
1,108,10,25,143
1,109,10,11,143
1,110,10,81,143
1,111,10,21,143
1,112,10,10,143
1,113,10,15,143
1,114,10,62,143
1,115,10,69,143
1,116,10,65,143
1,117,10,20,143
1,118,10,75,143
1,119,10,3,143
1,120,10,70,143
1,121,10,7,143
1,122,10,8,143
1,123,10,12,143
1,124,10,23,143
1,125,10,30,143
1,126,10,18,143
1,127,10,22,143
1,128,10,4,143
1,129,10,17,143
1,1,11,108,217
1,2,11,92,217
1,3,11,88,217
1,4,11,96,217
1,5,11,84,217
1,6,11,105,217
1,7,11,94,217
1,8,11,89,217
1,9,11,95,217
1,10,11,91,217
1,11,11,99,217
1,12,11,87,217
1,13,11,107,217
1,14,11,97,217
1,15,11,102,217
1,16,11,86,217
1,17,11,98,217
1,18,11,93,217
1,19,11,90,217
1,20,11,104,217
1,21,11,100,217
1,22,11,109,217
1,23,11,106,217
1,24,11,101,217
1,25,11,85,217
1,26,11,45,217
1,27,11,42,217
1,28,11,43,217
1,29,11,39,217
1,30,11,34,217
1,31,11,55,217
1,32,11,49,217
1,33,11,103,217
1,34,11,54,217
1,35,11,46,217
1,36,11,60,217
1,37,11,48,217
1,38,11,41,217
1,39,11,50,217
1,40,11,35,217
1,41,11,40,217
1,42,11,117,217
1,43,11,38,217
1,44,11,37,217
1,45,11,115,217
1,46,11,44,217
1,47,11,32,217
1,48,11,120,217
1,49,11,57,217
1,50,11,125,217
1,51,11,27,217
1,52,11,119,217
1,53,11,116,217
1,54,11,123,217
1,55,11,110,217
1,56,11,58,217
1,57,11,33,217
1,58,11,36,217
1,59,11,53,217
1,60,11,19,217
1,61,11,31,217
1,62,11,122,217
1,63,11,124,217
1,64,11,127,217
1,65,11,51,217
1,66,11,59,217
1,67,11,47,217
1,68,11,112,217
1,69,11,113,217
1,70,11,128,217
1,71,11,6,217
1,72,11,9,217
1,73,11,129,217
1,74,11,56,217
1,75,11,64,217
1,76,11,126,217
1,77,11,5,217
1,78,11,114,217
1,79,11,16,217
1,80,11,118,217
1,81,11,111,217
1,82,11,121,217
1,83,11,52,217
1,84,11,26,217
1,85,11,14,217
1,86,11,71,217
1,87,11,1,217
1,88,11,74,217
1,89,11,72,217
1,90,11,28,217
1,91,11,76,217
1,92,11,66,217
1,93,11,77,217
1,94,11,61,217
1,95,11,67,217
1,96,11,73,217
1,97,11,24,217
1,98,11,68,217
1,99,11,29,217
1,100,11,79,217
1,101,11,80,217
1,102,11,83,217
1,103,11,63,217
1,104,11,2,217
1,105,11,13,217
1,106,11,78,217
1,107,11,82,217
1,108,11,25,217
1,109,11,11,217
1,110,11,81,217
1,111,11,21,217
1,112,11,10,217
1,113,11,15,217
1,114,11,62,217
1,115,11,69,217
1,116,11,65,217
1,117,11,20,217
1,118,11,75,217
1,119,11,3,217
1,120,11,70,217
1,121,11,7,217
1,122,11,8,217
1,123,11,12,217
1,124,11,23,217
1,125,11,30,217
1,126,11,18,217
1,127,11,22,217
1,128,11,4,217
1,129,11,17,217
1,1,12,108,204
1,2,12,92,204
1,3,12,88,204
1,4,12,96,204
1,5,12,84,204
1,6,12,105,204
1,7,12,94,204
1,8,12,89,204
1,9,12,95,204
1,10,12,91,204
1,11,12,99,204
1,12,12,87,204
1,13,12,107,204
1,14,12,97,204
1,15,12,102,204
1,16,12,86,204
1,17,12,98,204
1,18,12,93,204
1,19,12,90,204
1,20,12,104,204
1,21,12,100,204
1,22,12,109,204
1,23,12,106,204
1,24,12,101,204
1,25,12,85,204
1,26,12,45,204
1,27,12,42,204
1,28,12,43,204
1,29,12,39,204
1,30,12,34,204
1,31,12,55,204
1,32,12,49,204
1,33,12,103,204
1,34,12,54,204
1,35,12,46,204
1,36,12,60,204
1,37,12,48,204
1,38,12,41,204
1,39,12,50,204
1,40,12,35,204
1,41,12,40,204
1,42,12,117,204
1,43,12,38,204
1,44,12,37,204
1,45,12,115,204
1,46,12,44,204
1,47,12,32,204
1,48,12,120,204
1,49,12,57,204
1,50,12,125,204
1,51,12,27,204
1,52,12,119,204
1,53,12,116,204
1,54,12,123,204
1,55,12,110,204
1,56,12,58,204
1,57,12,33,204
1,58,12,36,204
1,59,12,53,204
1,60,12,19,204
1,61,12,31,204
1,62,12,122,204
1,63,12,124,204
1,64,12,127,204
1,65,12,51,204
1,66,12,59,204
1,67,12,47,204
1,68,12,112,204
1,69,12,113,204
1,70,12,128,204
1,71,12,6,204
1,72,12,9,204
1,73,12,129,204
1,74,12,56,204
1,75,12,64,204
1,76,12,126,204
1,77,12,5,204
1,78,12,114,204
1,79,12,16,204
1,80,12,118,204
1,81,12,111,204
1,82,12,121,204
1,83,12,52,204
1,84,12,26,204
1,85,12,14,204
1,86,12,71,204
1,87,12,1,204
1,88,12,74,204
1,89,12,72,204
1,90,12,28,204
1,91,12,76,204
1,92,12,66,204
1,93,12,77,204
1,94,12,61,204
1,95,12,67,204
1,96,12,73,204
1,97,12,24,204
1,98,12,68,204
1,99,12,29,204
1,100,12,79,204
1,101,12,80,204
1,102,12,83,204
1,103,12,63,204
1,104,12,2,204
1,105,12,13,204
1,106,12,78,204
1,107,12,82,204
1,108,12,25,204
1,109,12,11,204
1,110,12,81,204
1,111,12,21,204
1,112,12,10,204
1,113,12,15,204
1,114,12,62,204
1,115,12,69,204
1,116,12,65,204
1,117,12,20,204
1,118,12,75,204
1,119,12,3,204
1,120,12,70,204
1,121,12,7,204
1,122,12,8,204
1,123,12,12,204
1,124,12,23,204
1,125,12,30,204
1,126,12,18,204
1,127,12,22,204
1,128,12,4,204
1,129,12,17,204
1,1,13,108,115
1,2,13,92,115
1,3,13,88,115
1,4,13,96,115
1,5,13,84,115
1,6,13,105,115
1,7,13,94,115
1,8,13,89,115
1,9,13,95,115
1,10,13,91,115
1,11,13,99,115
1,12,13,87,115
1,13,13,107,115
1,14,13,97,115
1,15,13,102,115
1,16,13,86,115
1,17,13,98,115
1,18,13,93,115
1,19,13,90,115
1,20,13,104,115
1,21,13,100,115
1,22,13,109,115
1,23,13,106,115
1,24,13,101,115
1,25,13,85,115
1,26,13,45,115
1,27,13,42,115
1,28,13,43,115
1,29,13,39,115
1,30,13,34,115
1,31,13,55,115
1,32,13,49,115
1,33,13,103,115
1,34,13,54,115
1,35,13,46,115
1,36,13,60,115
1,37,13,48,115
1,38,13,41,115
1,39,13,50,115
1,40,13,35,115
1,41,13,40,115
1,42,13,117,115
1,43,13,38,115
1,44,13,37,115
1,45,13,115,115
1,46,13,44,115
1,47,13,32,115
1,48,13,120,115
1,49,13,57,115
1,50,13,125,115
1,51,13,27,115
1,52,13,119,115
1,53,13,116,115
1,54,13,123,115
1,55,13,110,115
1,56,13,58,115
1,57,13,33,115
1,58,13,36,115
1,59,13,53,115
1,60,13,19,115
1,61,13,31,115
1,62,13,122,115
1,63,13,124,115
1,64,13,127,115
1,65,13,51,115
1,66,13,59,115
1,67,13,47,115
1,68,13,112,115
1,69,13,113,115
1,70,13,128,115
1,71,13,6,115
1,72,13,9,115
1,73,13,129,115
1,74,13,56,115
1,75,13,64,115
1,76,13,126,115
1,77,13,5,115
1,78,13,114,115
1,79,13,16,115
1,80,13,118,115
1,81,13,111,115
1,82,13,121,115
1,83,13,52,115
1,84,13,26,115
1,85,13,14,115
1,86,13,71,115
1,87,13,1,115
1,88,13,74,115
1,89,13,72,115
1,90,13,28,115
1,91,13,76,115
1,92,13,66,115
1,93,13,77,115
1,94,13,61,115
1,95,13,67,115
1,96,13,73,115
1,97,13,24,115
1,98,13,68,115
1,99,13,29,115
1,100,13,79,115
1,101,13,80,115
1,102,13,83,115
1,103,13,63,115
1,104,13,2,115
1,105,13,13,115
1,106,13,78,115
1,107,13,82,115
1,108,13,25,115
1,109,13,11,115
1,110,13,81,115
1,111,13,21,115
1,112,13,10,115
1,113,13,15,115
1,114,13,62,115
1,115,13,69,115
1,116,13,65,115
1,117,13,20,115
1,118,13,75,115
1,119,13,3,115
1,120,13,70,115
1,121,13,7,115
1,122,13,8,115
1,123,13,12,115
1,124,13,23,115
1,125,13,30,115
1,126,13,18,115
1,127,13,22,115
1,128,13,4,115
1,129,13,17,115
1,1,14,108,183
1,2,14,92,183
1,3,14,88,183
1,4,14,96,183
1,5,14,84,183
1,6,14,105,183
1,7,14,94,183
1,8,14,89,183
1,9,14,95,183
1,10,14,91,183
1,11,14,99,183
1,12,14,87,183
1,13,14,107,183
1,14,14,97,183
1,15,14,102,183
1,16,14,86,183
1,17,14,98,183
1,18,14,93,183
1,19,14,90,183
1,20,14,104,183
1,21,14,100,183
1,22,14,109,183
1,23,14,106,183
1,24,14,101,183
1,25,14,85,183
1,26,14,45,183
1,27,14,42,183
1,28,14,43,183
1,29,14,39,183
1,30,14,34,183
1,31,14,55,183
1,32,14,49,183
1,33,14,103,183
1,34,14,54,183
1,35,14,46,183
1,36,14,60,183
1,37,14,48,183
1,38,14,41,183
1,39,14,50,183
1,40,14,35,183
1,41,14,40,183
1,42,14,117,183
1,43,14,38,183
1,44,14,37,183
1,45,14,115,183
1,46,14,44,183
1,47,14,32,183
1,48,14,120,183
1,49,14,57,183
1,50,14,125,183
1,51,14,27,183
1,52,14,119,183
1,53,14,116,183
1,54,14,123,183
1,55,14,110,183
1,56,14,58,183
1,57,14,33,183
1,58,14,36,183
1,59,14,53,183
1,60,14,19,183
1,61,14,31,183
1,62,14,122,183
1,63,14,124,183
1,64,14,127,183
1,65,14,51,183
1,66,14,59,183
1,67,14,47,183
1,68,14,112,183
1,69,14,113,183
1,70,14,128,183
1,71,14,6,183
1,72,14,9,183
1,73,14,129,183
1,74,14,56,183
1,75,14,64,183
1,76,14,126,183
1,77,14,5,183
1,78,14,114,183
1,79,14,16,183
1,80,14,118,183
1,81,14,111,183
1,82,14,121,183
1,83,14,52,183
1,84,14,26,183
1,85,14,14,183
1,86,14,71,183
1,87,14,1,183
1,88,14,74,183
1,89,14,72,183
1,90,14,28,183
1,91,14,76,183
1,92,14,66,183
1,93,14,77,183
1,94,14,61,183
1,95,14,67,183
1,96,14,73,183
1,97,14,24,183
1,98,14,68,183
1,99,14,29,183
1,100,14,79,183
1,101,14,80,183
1,102,14,83,183
1,103,14,63,183
1,104,14,2,183
1,105,14,13,183
1,106,14,78,183
1,107,14,82,183
1,108,14,25,183
1,109,14,11,183
1,110,14,81,183
1,111,14,21,183
1,112,14,10,183
1,113,14,15,183
1,114,14,62,183
1,115,14,69,183
1,116,14,65,183
1,117,14,20,183
1,118,14,75,183
1,119,14,3,183
1,120,14,70,183
1,121,14,7,183
1,122,14,8,183
1,123,14,12,183
1,124,14,23,183
1,125,14,30,183
1,126,14,18,183
1,127,14,22,183
1,128,14,4,183
1,129,14,17,183
1,1,15,108,25
1,2,15,92,25
1,3,15,88,25
1,4,15,96,25
1,5,15,84,25
1,6,15,105,25
1,7,15,94,25
1,8,15,89,25
1,9,15,95,25
1,10,15,91,25
1,11,15,99,25
1,12,15,87,25
1,13,15,107,25
1,14,15,97,25
1,15,15,102,25
1,16,15,86,25
1,17,15,98,25
1,18,15,93,25
1,19,15,90,25
1,20,15,104,25
1,21,15,100,25
1,22,15,109,25
1,23,15,106,25
1,24,15,101,25
1,25,15,85,25
1,26,15,45,25
1,27,15,42,25
1,28,15,43,25
1,29,15,39,25
1,30,15,34,25
1,31,15,55,25
1,32,15,49,25
1,33,15,103,25
1,34,15,54,25
1,35,15,46,25
1,36,15,60,25
1,37,15,48,25
1,38,15,41,25
1,39,15,50,25
1,40,15,35,25
1,41,15,40,25
1,42,15,117,25
1,43,15,38,25
1,44,15,37,25
1,45,15,115,25
1,46,15,44,25
1,47,15,32,25
1,48,15,120,25
1,49,15,57,25
1,50,15,125,25
1,51,15,27,25
1,52,15,119,25
1,53,15,116,25
1,54,15,123,25
1,55,15,110,25
1,56,15,58,25
1,57,15,33,25
1,58,15,36,25
1,59,15,53,25
1,60,15,19,25
1,61,15,31,25
1,62,15,122,25
1,63,15,124,25
1,64,15,127,25
1,65,15,51,25
1,66,15,59,25
1,67,15,47,25
1,68,15,112,25
1,69,15,113,25
1,70,15,128,25
1,71,15,6,25
1,72,15,9,25
1,73,15,129,25
1,74,15,56,25
1,75,15,64,25
1,76,15,126,25
1,77,15,5,25
1,78,15,114,25
1,79,15,16,25
1,80,15,118,25
1,81,15,111,25
1,82,15,121,25
1,83,15,52,25
1,84,15,26,25
1,85,15,14,25
1,86,15,71,25
1,87,15,1,25
1,88,15,74,25
1,89,15,72,25
1,90,15,28,25
1,91,15,76,25
1,92,15,66,25
1,93,15,77,25
1,94,15,61,25
1,95,15,67,25
1,96,15,73,25
1,97,15,24,25
1,98,15,68,25
1,99,15,29,25
1,100,15,79,25
1,101,15,80,25
1,102,15,83,25
1,103,15,63,25
1,104,15,2,25
1,105,15,13,25
1,106,15,78,25
1,107,15,82,25
1,108,15,25,25
1,109,15,11,25
1,110,15,81,25
1,111,15,21,25
1,112,15,10,25
1,113,15,15,25
1,114,15,62,25
1,115,15,69,25
1,116,15,65,25
1,117,15,20,25
1,118,15,75,25
1,119,15,3,25
1,120,15,70,25
1,121,15,7,25
1,122,15,8,25
1,123,15,12,25
1,124,15,23,25
1,125,15,30,25
1,126,15,18,25
1,127,15,22,25
1,128,15,4,25
1,129,15,17,25
1,1,16,108,187
1,2,16,92,187
1,3,16,88,187
1,4,16,96,187
1,5,16,84,187
1,6,16,105,187
1,7,16,94,187
1,8,16,89,187
1,9,16,95,187
1,10,16,91,187
1,11,16,99,187
1,12,16,87,187
1,13,16,107,187
1,14,16,97,187
1,15,16,102,187
1,16,16,86,187
1,17,16,98,187
1,18,16,93,187
1,19,16,90,187
1,20,16,104,187
1,21,16,100,187
1,22,16,109,187
1,23,16,106,187
1,24,16,101,187
1,25,16,85,187
1,26,16,45,187
1,27,16,42,187
1,28,16,43,187
1,29,16,39,187
1,30,16,34,187
1,31,16,55,187
1,32,16,49,187
1,33,16,103,187
1,34,16,54,187
1,35,16,46,187
1,36,16,60,187
1,37,16,48,187
1,38,16,41,187
1,39,16,50,187
1,40,16,35,187
1,41,16,40,187
1,42,16,117,187
1,43,16,38,187
1,44,16,37,187
1,45,16,115,187
1,46,16,44,187
1,47,16,32,187
1,48,16,120,187
1,49,16,57,187
1,50,16,125,187
1,51,16,27,187
1,52,16,119,187
1,53,16,116,187
1,54,16,123,187
1,55,16,110,187
1,56,16,58,187
1,57,16,33,187
1,58,16,36,187
1,59,16,53,187
1,60,16,19,187
1,61,16,31,187
1,62,16,122,187
1,63,16,124,187
1,64,16,127,187
1,65,16,51,187
1,66,16,59,187
1,67,16,47,187
1,68,16,112,187
1,69,16,113,187
1,70,16,128,187
1,71,16,6,187
1,72,16,9,187
1,73,16,129,187
1,74,16,56,187
1,75,16,64,187
1,76,16,126,187
1,77,16,5,187
1,78,16,114,187
1,79,16,16,187
1,80,16,118,187
1,81,16,111,187
1,82,16,121,187
1,83,16,52,187
1,84,16,26,187
1,85,16,14,187
1,86,16,71,187
1,87,16,1,187
1,88,16,74,187
1,89,16,72,187
1,90,16,28,187
1,91,16,76,187
1,92,16,66,187
1,93,16,77,187
1,94,16,61,187
1,95,16,67,187
1,96,16,73,187
1,97,16,24,187
1,98,16,68,187
1,99,16,29,187
1,100,16,79,187
1,101,16,80,187
1,102,16,83,187
1,103,16,63,187
1,104,16,2,187
1,105,16,13,187
1,106,16,78,187
1,107,16,82,187
1,108,16,25,187
1,109,16,11,187
1,110,16,81,187
1,111,16,21,187
1,112,16,10,187
1,113,16,15,187
1,114,16,62,187
1,115,16,69,187
1,116,16,65,187
1,117,16,20,187
1,118,16,75,187
1,119,16,3,187
1,120,16,70,187
1,121,16,7,187
1,122,16,8,187
1,123,16,12,187
1,124,16,23,187
1,125,16,30,187
1,126,16,18,187
1,127,16,22,187
1,128,16,4,187
1,129,16,17,187
1,1,17,108,185
1,2,17,92,185
1,3,17,88,185
1,4,17,96,185
1,5,17,84,185
1,6,17,105,185
1,7,17,94,185
1,8,17,89,185
1,9,17,95,185
1,10,17,91,185
1,11,17,99,185
1,12,17,87,185
1,13,17,107,185
1,14,17,97,185
1,15,17,102,185
1,16,17,86,185
1,17,17,98,185
1,18,17,93,185
1,19,17,90,185
1,20,17,104,185
1,21,17,100,185
1,22,17,109,185
1,23,17,106,185
1,24,17,101,185
1,25,17,85,185
1,26,17,45,185
1,27,17,42,185
1,28,17,43,185
1,29,17,39,185
1,30,17,34,185
1,31,17,55,185
1,32,17,49,185
1,33,17,103,185
1,34,17,54,185
1,35,17,46,185
1,36,17,60,185
1,37,17,48,185
1,38,17,41,185
1,39,17,50,185
1,40,17,35,185
1,41,17,40,185
1,42,17,117,185
1,43,17,38,185
1,44,17,37,185
1,45,17,115,185
1,46,17,44,185
1,47,17,32,185
1,48,17,120,185
1,49,17,57,185
1,50,17,125,185
1,51,17,27,185
1,52,17,119,185
1,53,17,116,185
1,54,17,123,185
1,55,17,110,185
1,56,17,58,185
1,57,17,33,185
1,58,17,36,185
1,59,17,53,185
1,60,17,19,185
1,61,17,31,185
1,62,17,122,185
1,63,17,124,185
1,64,17,127,185
1,65,17,51,185
1,66,17,59,185
1,67,17,47,185
1,68,17,112,185
1,69,17,113,185
1,70,17,128,185
1,71,17,6,185
1,72,17,9,185
1,73,17,129,185
1,74,17,56,185
1,75,17,64,185
1,76,17,126,185
1,77,17,5,185
1,78,17,114,185
1,79,17,16,185
1,80,17,118,185
1,81,17,111,185
1,82,17,121,185
1,83,17,52,185
1,84,17,26,185
1,85,17,14,185
1,86,17,71,185
1,87,17,1,185
1,88,17,74,185
1,89,17,72,185
1,90,17,28,185
1,91,17,76,185
1,92,17,66,185
1,93,17,77,185
1,94,17,61,185
1,95,17,67,185
1,96,17,73,185
1,97,17,24,185
1,98,17,68,185
1,99,17,29,185
1,100,17,79,185
1,101,17,80,185
1,102,17,83,185
1,103,17,63,185
1,104,17,2,185
1,105,17,13,185
1,106,17,78,185
1,107,17,82,185
1,108,17,25,185
1,109,17,11,185
1,110,17,81,185
1,111,17,21,185
1,112,17,10,185
1,113,17,15,185
1,114,17,62,185
1,115,17,69,185
1,116,17,65,185
1,117,17,20,185
1,118,17,75,185
1,119,17,3,185
1,120,17,70,185
1,121,17,7,185
1,122,17,8,185
1,123,17,12,185
1,124,17,23,185
1,125,17,30,185
1,126,17,18,185
1,127,17,22,185
1,128,17,4,185
1,129,17,17,185
1,1,18,108,28
1,2,18,92,28
1,3,18,88,28
1,4,18,96,28
1,5,18,84,28
1,6,18,105,28
1,7,18,94,28
1,8,18,89,28
1,9,18,95,28
1,10,18,91,28
1,11,18,99,28
1,12,18,87,28
1,13,18,107,28
1,14,18,97,28
1,15,18,102,28
1,16,18,86,28
1,17,18,98,28
1,18,18,93,28
1,19,18,90,28
1,20,18,104,28
1,21,18,100,28
1,22,18,109,28
1,23,18,106,28
1,24,18,101,28
1,25,18,85,28
1,26,18,45,28
1,27,18,42,28
1,28,18,43,28
1,29,18,39,28
1,30,18,34,28
1,31,18,55,28
1,32,18,49,28
1,33,18,103,28
1,34,18,54,28
1,35,18,46,28
1,36,18,60,28
1,37,18,48,28
1,38,18,41,28
1,39,18,50,28
1,40,18,35,28
1,41,18,40,28
1,42,18,117,28
1,43,18,38,28
1,44,18,37,28
1,45,18,115,28
1,46,18,44,28
1,47,18,32,28
1,48,18,120,28
1,49,18,57,28
1,50,18,125,28
1,51,18,27,28
1,52,18,119,28
1,53,18,116,28
1,54,18,123,28
1,55,18,110,28
1,56,18,58,28
1,57,18,33,28
1,58,18,36,28
1,59,18,53,28
1,60,18,19,28
1,61,18,31,28
1,62,18,122,28
1,63,18,124,28
1,64,18,127,28
1,65,18,51,28
1,66,18,59,28
1,67,18,47,28
1,68,18,112,28
1,69,18,113,28
1,70,18,128,28
1,71,18,6,28
1,72,18,9,28
1,73,18,129,28
1,74,18,56,28
1,75,18,64,28
1,76,18,126,28
1,77,18,5,28
1,78,18,114,28
1,79,18,16,28
1,80,18,118,28
1,81,18,111,28
1,82,18,121,28
1,83,18,52,28
1,84,18,26,28
1,85,18,14,28
1,86,18,71,28
1,87,18,1,28
1,88,18,74,28
1,89,18,72,28
1,90,18,28,28
1,91,18,76,28
1,92,18,66,28
1,93,18,77,28
1,94,18,61,28
1,95,18,67,28
1,96,18,73,28
1,97,18,24,28
1,98,18,68,28
1,99,18,29,28
1,100,18,79,28
1,101,18,80,28
1,102,18,83,28
1,103,18,63,28
1,104,18,2,28
1,105,18,13,28
1,106,18,78,28
1,107,18,82,28
1,108,18,25,28
1,109,18,11,28
1,110,18,81,28
1,111,18,21,28
1,112,18,10,28
1,113,18,15,28
1,114,18,62,28
1,115,18,69,28
1,116,18,65,28
1,117,18,20,28
1,118,18,75,28
1,119,18,3,28
1,120,18,70,28
1,121,18,7,28
1,122,18,8,28
1,123,18,12,28
1,124,18,23,28
1,125,18,30,28
1,126,18,18,28
1,127,18,22,28
1,128,18,4,28
1,129,18,17,28
1,1,19,108,118
1,2,19,92,118
1,3,19,88,118
1,4,19,96,118
1,5,19,84,118
1,6,19,105,118
1,7,19,94,118
1,8,19,89,118
1,9,19,95,118
1,10,19,91,118
1,11,19,99,118
1,12,19,87,118
1,13,19,107,118
1,14,19,97,118
1,15,19,102,118
1,16,19,86,118
1,17,19,98,118
1,18,19,93,118
1,19,19,90,118
1,20,19,104,118
1,21,19,100,118
1,22,19,109,118
1,23,19,106,118
1,24,19,101,118
1,25,19,85,118
1,26,19,45,118
1,27,19,42,118
1,28,19,43,118
1,29,19,39,118
1,30,19,34,118
1,31,19,55,118
1,32,19,49,118
1,33,19,103,118
1,34,19,54,118
1,35,19,46,118
1,36,19,60,118
1,37,19,48,118
1,38,19,41,118
1,39,19,50,118
1,40,19,35,118
1,41,19,40,118
1,42,19,117,118
1,43,19,38,118
1,44,19,37,118
1,45,19,115,118
1,46,19,44,118
1,47,19,32,118
1,48,19,120,118
1,49,19,57,118
1,50,19,125,118
1,51,19,27,118
1,52,19,119,118
1,53,19,116,118
1,54,19,123,118
1,55,19,110,118
1,56,19,58,118
1,57,19,33,118
1,58,19,36,118
1,59,19,53,118
1,60,19,19,118
1,61,19,31,118
1,62,19,122,118
1,63,19,124,118
1,64,19,127,118
1,65,19,51,118
1,66,19,59,118
1,67,19,47,118
1,68,19,112,118
1,69,19,113,118
1,70,19,128,118
1,71,19,6,118
1,72,19,9,118
1,73,19,129,118
1,74,19,56,118
1,75,19,64,118
1,76,19,126,118
1,77,19,5,118
1,78,19,114,118
1,79,19,16,118
1,80,19,118,118
1,81,19,111,118
1,82,19,121,118
1,83,19,52,118
1,84,19,26,118
1,85,19,14,118
1,86,19,71,118
1,87,19,1,118
1,88,19,74,118
1,89,19,72,118
1,90,19,28,118
1,91,19,76,118
1,92,19,66,118
1,93,19,77,118
1,94,19,61,118
1,95,19,67,118
1,96,19,73,118
1,97,19,24,118
1,98,19,68,118
1,99,19,29,118
1,100,19,79,118
1,101,19,80,118
1,102,19,83,118
1,103,19,63,118
1,104,19,2,118
1,105,19,13,118
1,106,19,78,118
1,107,19,82,118
1,108,19,25,118
1,109,19,11,118
1,110,19,81,118
1,111,19,21,118
1,112,19,10,118
1,113,19,15,118
1,114,19,62,118
1,115,19,69,118
1,116,19,65,118
1,117,19,20,118
1,118,19,75,118
1,119,19,3,118
1,120,19,70,118
1,121,19,7,118
1,122,19,8,118
1,123,19,12,118
1,124,19,23,118
1,125,19,30,118
1,126,19,18,118
1,127,19,22,118
1,128,19,4,118
1,129,19,17,118
1,1,20,108,73
1,2,20,92,73
1,3,20,88,73
1,4,20,96,73
1,5,20,84,73
1,6,20,105,73
1,7,20,94,73
1,8,20,89,73
1,9,20,95,73
1,10,20,91,73
1,11,20,99,73
1,12,20,87,73
1,13,20,107,73
1,14,20,97,73
1,15,20,102,73
1,16,20,86,73
1,17,20,98,73
1,18,20,93,73
1,19,20,90,73
1,20,20,104,73
1,21,20,100,73
1,22,20,109,73
1,23,20,106,73
1,24,20,101,73
1,25,20,85,73
1,26,20,45,73
1,27,20,42,73
1,28,20,43,73
1,29,20,39,73
1,30,20,34,73
1,31,20,55,73
1,32,20,49,73
1,33,20,103,73
1,34,20,54,73
1,35,20,46,73
1,36,20,60,73
1,37,20,48,73
1,38,20,41,73
1,39,20,50,73
1,40,20,35,73
1,41,20,40,73
1,42,20,117,73
1,43,20,38,73
1,44,20,37,73
1,45,20,115,73
1,46,20,44,73
1,47,20,32,73
1,48,20,120,73
1,49,20,57,73
1,50,20,125,73
1,51,20,27,73
1,52,20,119,73
1,53,20,116,73
1,54,20,123,73
1,55,20,110,73
1,56,20,58,73
1,57,20,33,73
1,58,20,36,73
1,59,20,53,73
1,60,20,19,73
1,61,20,31,73
1,62,20,122,73
1,63,20,124,73
1,64,20,127,73
1,65,20,51,73
1,66,20,59,73
1,67,20,47,73
1,68,20,112,73
1,69,20,113,73
1,70,20,128,73
1,71,20,6,73
1,72,20,9,73
1,73,20,129,73
1,74,20,56,73
1,75,20,64,73
1,76,20,126,73
1,77,20,5,73
1,78,20,114,73
1,79,20,16,73
1,80,20,118,73
1,81,20,111,73
1,82,20,121,73
1,83,20,52,73
1,84,20,26,73
1,85,20,14,73
1,86,20,71,73
1,87,20,1,73
1,88,20,74,73
1,89,20,72,73
1,90,20,28,73
1,91,20,76,73
1,92,20,66,73
1,93,20,77,73
1,94,20,61,73
1,95,20,67,73
1,96,20,73,73
1,97,20,24,73
1,98,20,68,73
1,99,20,29,73
1,100,20,79,73
1,101,20,80,73
1,102,20,83,73
1,103,20,63,73
1,104,20,2,73
1,105,20,13,73
1,106,20,78,73
1,107,20,82,73
1,108,20,25,73
1,109,20,11,73
1,110,20,81,73
1,111,20,21,73
1,112,20,10,73
1,113,20,15,73
1,114,20,62,73
1,115,20,69,73
1,116,20,65,73
1,117,20,20,73
1,118,20,75,73
1,119,20,3,73
1,120,20,70,73
1,121,20,7,73
1,122,20,8,73
1,123,20,12,73
1,124,20,23,73
1,125,20,30,73
1,126,20,18,73
1,127,20,22,73
1,128,20,4,73
1,129,20,17,73
1,1,21,108,55
1,2,21,92,55
1,3,21,88,55
1,4,21,96,55
1,5,21,84,55
1,6,21,105,55
1,7,21,94,55
1,8,21,89,55
1,9,21,95,55
1,10,21,91,55
1,11,21,99,55
1,12,21,87,55
1,13,21,107,55
1,14,21,97,55
1,15,21,102,55
1,16,21,86,55
1,17,21,98,55
1,18,21,93,55
1,19,21,90,55
1,20,21,104,55
1,21,21,100,55
1,22,21,109,55
1,23,21,106,55
1,24,21,101,55
1,25,21,85,55
1,26,21,45,55
1,27,21,42,55
1,28,21,43,55
1,29,21,39,55
1,30,21,34,55
1,31,21,55,55
1,32,21,49,55
1,33,21,103,55
1,34,21,54,55
1,35,21,46,55
1,36,21,60,55
1,37,21,48,55
1,38,21,41,55
1,39,21,50,55
1,40,21,35,55
1,41,21,40,55
1,42,21,117,55
1,43,21,38,55
1,44,21,37,55
1,45,21,115,55
1,46,21,44,55
1,47,21,32,55
1,48,21,120,55
1,49,21,57,55
1,50,21,125,55
1,51,21,27,55
1,52,21,119,55
1,53,21,116,55
1,54,21,123,55
1,55,21,110,55
1,56,21,58,55
1,57,21,33,55
1,58,21,36,55
1,59,21,53,55
1,60,21,19,55
1,61,21,31,55
1,62,21,122,55
1,63,21,124,55
1,64,21,127,55
1,65,21,51,55
1,66,21,59,55
1,67,21,47,55
1,68,21,112,55
1,69,21,113,55
1,70,21,128,55
1,71,21,6,55
1,72,21,9,55
1,73,21,129,55
1,74,21,56,55
1,75,21,64,55
1,76,21,126,55
1,77,21,5,55
1,78,21,114,55
1,79,21,16,55
1,80,21,118,55
1,81,21,111,55
1,82,21,121,55
1,83,21,52,55
1,84,21,26,55
1,85,21,14,55
1,86,21,71,55
1,87,21,1,55
1,88,21,74,55
1,89,21,72,55
1,90,21,28,55
1,91,21,76,55
1,92,21,66,55
1,93,21,77,55
1,94,21,61,55
1,95,21,67,55
1,96,21,73,55
1,97,21,24,55
1,98,21,68,55
1,99,21,29,55
1,100,21,79,55
1,101,21,80,55
1,102,21,83,55
1,103,21,63,55
1,104,21,2,55
1,105,21,13,55
1,106,21,78,55
1,107,21,82,55
1,108,21,25,55
1,109,21,11,55
1,110,21,81,55
1,111,21,21,55
1,112,21,10,55
1,113,21,15,55
1,114,21,62,55
1,115,21,69,55
1,116,21,65,55
1,117,21,20,55
1,118,21,75,55
1,119,21,3,55
1,120,21,70,55
1,121,21,7,55
1,122,21,8,55
1,123,21,12,55
1,124,21,23,55
1,125,21,30,55
1,126,21,18,55
1,127,21,22,55
1,128,21,4,55
1,129,21,17,55
1,1,22,108,88
1,2,22,92,88
1,3,22,88,88
1,4,22,96,88
1,5,22,84,88
1,6,22,105,88
1,7,22,94,88
1,8,22,89,88
1,9,22,95,88
1,10,22,91,88
1,11,22,99,88
1,12,22,87,88
1,13,22,107,88
1,14,22,97,88
1,15,22,102,88
1,16,22,86,88
1,17,22,98,88
1,18,22,93,88
1,19,22,90,88
1,20,22,104,88
1,21,22,100,88
1,22,22,109,88
1,23,22,106,88
1,24,22,101,88
1,25,22,85,88
1,26,22,45,88
1,27,22,42,88
1,28,22,43,88
1,29,22,39,88
1,30,22,34,88
1,31,22,55,88
1,32,22,49,88
1,33,22,103,88
1,34,22,54,88
1,35,22,46,88
1,36,22,60,88
1,37,22,48,88
1,38,22,41,88
1,39,22,50,88
1,40,22,35,88
1,41,22,40,88
1,42,22,117,88
1,43,22,38,88
1,44,22,37,88
1,45,22,115,88
1,46,22,44,88
1,47,22,32,88
1,48,22,120,88
1,49,22,57,88
1,50,22,125,88
1,51,22,27,88
1,52,22,119,88
1,53,22,116,88
1,54,22,123,88
1,55,22,110,88
1,56,22,58,88
1,57,22,33,88
1,58,22,36,88
1,59,22,53,88
1,60,22,19,88
1,61,22,31,88
1,62,22,122,88
1,63,22,124,88
1,64,22,127,88
1,65,22,51,88
1,66,22,59,88
1,67,22,47,88
1,68,22,112,88
1,69,22,113,88
1,70,22,128,88
1,71,22,6,88
1,72,22,9,88
1,73,22,129,88
1,74,22,56,88
1,75,22,64,88
1,76,22,126,88
1,77,22,5,88
1,78,22,114,88
1,79,22,16,88
1,80,22,118,88
1,81,22,111,88
1,82,22,121,88
1,83,22,52,88
1,84,22,26,88
1,85,22,14,88
1,86,22,71,88
1,87,22,1,88
1,88,22,74,88
1,89,22,72,88
1,90,22,28,88
1,91,22,76,88
1,92,22,66,88
1,93,22,77,88
1,94,22,61,88
1,95,22,67,88
1,96,22,73,88
1,97,22,24,88
1,98,22,68,88
1,99,22,29,88
1,100,22,79,88
1,101,22,80,88
1,102,22,83,88
1,103,22,63,88
1,104,22,2,88
1,105,22,13,88
1,106,22,78,88
1,107,22,82,88
1,108,22,25,88
1,109,22,11,88
1,110,22,81,88
1,111,22,21,88
1,112,22,10,88
1,113,22,15,88
1,114,22,62,88
1,115,22,69,88
1,116,22,65,88
1,117,22,20,88
1,118,22,75,88
1,119,22,3,88
1,120,22,70,88
1,121,22,7,88
1,122,22,8,88
1,123,22,12,88
1,124,22,23,88
1,125,22,30,88
1,126,22,18,88
1,127,22,22,88
1,128,22,4,88
1,129,22,17,88
1,1,23,108,155
1,2,23,92,155
1,3,23,88,155
1,4,23,96,155
1,5,23,84,155
1,6,23,105,155
1,7,23,94,155
1,8,23,89,155
1,9,23,95,155
1,10,23,91,155
1,11,23,99,155
1,12,23,87,155
1,13,23,107,155
1,14,23,97,155
1,15,23,102,155
1,16,23,86,155
1,17,23,98,155
1,18,23,93,155
1,19,23,90,155
1,20,23,104,155
1,21,23,100,155
1,22,23,109,155
1,23,23,106,155
1,24,23,101,155
1,25,23,85,155
1,26,23,45,155
1,27,23,42,155
1,28,23,43,155
1,29,23,39,155
1,30,23,34,155
1,31,23,55,155
1,32,23,49,155
1,33,23,103,155
1,34,23,54,155
1,35,23,46,155
1,36,23,60,155
1,37,23,48,155
1,38,23,41,155
1,39,23,50,155
1,40,23,35,155
1,41,23,40,155
1,42,23,117,155
1,43,23,38,155
1,44,23,37,155
1,45,23,115,155
1,46,23,44,155
1,47,23,32,155
1,48,23,120,155
1,49,23,57,155
1,50,23,125,155
1,51,23,27,155
1,52,23,119,155
1,53,23,116,155
1,54,23,123,155
1,55,23,110,155
1,56,23,58,155
1,57,23,33,155
1,58,23,36,155
1,59,23,53,155
1,60,23,19,155
1,61,23,31,155
1,62,23,122,155
1,63,23,124,155
1,64,23,127,155
1,65,23,51,155
1,66,23,59,155
1,67,23,47,155
1,68,23,112,155
1,69,23,113,155
1,70,23,128,155
1,71,23,6,155
1,72,23,9,155
1,73,23,129,155
1,74,23,56,155
1,75,23,64,155
1,76,23,126,155
1,77,23,5,155
1,78,23,114,155
1,79,23,16,155
1,80,23,118,155
1,81,23,111,155
1,82,23,121,155
1,83,23,52,155
1,84,23,26,155
1,85,23,14,155
1,86,23,71,155
1,87,23,1,155
1,88,23,74,155
1,89,23,72,155
1,90,23,28,155
1,91,23,76,155
1,92,23,66,155
1,93,23,77,155
1,94,23,61,155
1,95,23,67,155
1,96,23,73,155
1,97,23,24,155
1,98,23,68,155
1,99,23,29,155
1,100,23,79,155
1,101,23,80,155
1,102,23,83,155
1,103,23,63,155
1,104,23,2,155
1,105,23,13,155
1,106,23,78,155
1,107,23,82,155
1,108,23,25,155
1,109,23,11,155
1,110,23,81,155
1,111,23,21,155
1,112,23,10,155
1,113,23,15,155
1,114,23,62,155
1,115,23,69,155
1,116,23,65,155
1,117,23,20,155
1,118,23,75,155
1,119,23,3,155
1,120,23,70,155
1,121,23,7,155
1,122,23,8,155
1,123,23,12,155
1,124,23,23,155
1,125,23,30,155
1,126,23,18,155
1,127,23,22,155
1,128,23,4,155
1,129,23,17,155
1,1,24,108,75
1,2,24,92,75
1,3,24,88,75
1,4,24,96,75
1,5,24,84,75
1,6,24,105,75
1,7,24,94,75
1,8,24,89,75
1,9,24,95,75
1,10,24,91,75
1,11,24,99,75
1,12,24,87,75
1,13,24,107,75
1,14,24,97,75
1,15,24,102,75
1,16,24,86,75
1,17,24,98,75
1,18,24,93,75
1,19,24,90,75
1,20,24,104,75
1,21,24,100,75
1,22,24,109,75
1,23,24,106,75
1,24,24,101,75
1,25,24,85,75
1,26,24,45,75
1,27,24,42,75
1,28,24,43,75
1,29,24,39,75
1,30,24,34,75
1,31,24,55,75
1,32,24,49,75
1,33,24,103,75
1,34,24,54,75
1,35,24,46,75
1,36,24,60,75
1,37,24,48,75
1,38,24,41,75
1,39,24,50,75
1,40,24,35,75
1,41,24,40,75
1,42,24,117,75
1,43,24,38,75
1,44,24,37,75
1,45,24,115,75
1,46,24,44,75
1,47,24,32,75
1,48,24,120,75
1,49,24,57,75
1,50,24,125,75
1,51,24,27,75
1,52,24,119,75
1,53,24,116,75
1,54,24,123,75
1,55,24,110,75
1,56,24,58,75
1,57,24,33,75
1,58,24,36,75
1,59,24,53,75
1,60,24,19,75
1,61,24,31,75
1,62,24,122,75
1,63,24,124,75
1,64,24,127,75
1,65,24,51,75
1,66,24,59,75
1,67,24,47,75
1,68,24,112,75
1,69,24,113,75
1,70,24,128,75
1,71,24,6,75
1,72,24,9,75
1,73,24,129,75
1,74,24,56,75
1,75,24,64,75
1,76,24,126,75
1,77,24,5,75
1,78,24,114,75
1,79,24,16,75
1,80,24,118,75
1,81,24,111,75
1,82,24,121,75
1,83,24,52,75
1,84,24,26,75
1,85,24,14,75
1,86,24,71,75
1,87,24,1,75
1,88,24,74,75
1,89,24,72,75
1,90,24,28,75
1,91,24,76,75
1,92,24,66,75
1,93,24,77,75
1,94,24,61,75
1,95,24,67,75
1,96,24,73,75
1,97,24,24,75
1,98,24,68,75
1,99,24,29,75
1,100,24,79,75
1,101,24,80,75
1,102,24,83,75
1,103,24,63,75
1,104,24,2,75
1,105,24,13,75
1,106,24,78,75
1,107,24,82,75
1,108,24,25,75
1,109,24,11,75
1,110,24,81,75
1,111,24,21,75
1,112,24,10,75
1,113,24,15,75
1,114,24,62,75
1,115,24,69,75
1,116,24,65,75
1,117,24,20,75
1,118,24,75,75
1,119,24,3,75
1,120,24,70,75
1,121,24,7,75
1,122,24,8,75
1,123,24,12,75
1,124,24,23,75
1,125,24,30,75
1,126,24,18,75
1,127,24,22,75
1,128,24,4,75
1,129,24,17,75
1,1,25,108,199
1,2,25,92,199
1,3,25,88,199
1,4,25,96,199
1,5,25,84,199
1,6,25,105,199
1,7,25,94,199
1,8,25,89,199
1,9,25,95,199
1,10,25,91,199
1,11,25,99,199
1,12,25,87,199
1,13,25,107,199
1,14,25,97,199
1,15,25,102,199
1,16,25,86,199
1,17,25,98,199
1,18,25,93,199
1,19,25,90,199
1,20,25,104,199
1,21,25,100,199
1,22,25,109,199
1,23,25,106,199
1,24,25,101,199
1,25,25,85,199
1,26,25,45,199
1,27,25,42,199
1,28,25,43,199
1,29,25,39,199
1,30,25,34,199
1,31,25,55,199
1,32,25,49,199
1,33,25,103,199
1,34,25,54,199
1,35,25,46,199
1,36,25,60,199
1,37,25,48,199
1,38,25,41,199
1,39,25,50,199
1,40,25,35,199
1,41,25,40,199
1,42,25,117,199
1,43,25,38,199
1,44,25,37,199
1,45,25,115,199
1,46,25,44,199
1,47,25,32,199
1,48,25,120,199
1,49,25,57,199
1,50,25,125,199
1,51,25,27,199
1,52,25,119,199
1,53,25,116,199
1,54,25,123,199
1,55,25,110,199
1,56,25,58,199
1,57,25,33,199
1,58,25,36,199
1,59,25,53,199
1,60,25,19,199
1,61,25,31,199
1,62,25,122,199
1,63,25,124,199
1,64,25,127,199
1,65,25,51,199
1,66,25,59,199
1,67,25,47,199
1,68,25,112,199
1,69,25,113,199
1,70,25,128,199
1,71,25,6,199
1,72,25,9,199
1,73,25,129,199
1,74,25,56,199
1,75,25,64,199
1,76,25,126,199
1,77,25,5,199
1,78,25,114,199
1,79,25,16,199
1,80,25,118,199
1,81,25,111,199
1,82,25,121,199
1,83,25,52,199
1,84,25,26,199
1,85,25,14,199
1,86,25,71,199
1,87,25,1,199
1,88,25,74,199
1,89,25,72,199
1,90,25,28,199
1,91,25,76,199
1,92,25,66,199
1,93,25,77,199
1,94,25,61,199
1,95,25,67,199
1,96,25,73,199
1,97,25,24,199
1,98,25,68,199
1,99,25,29,199
1,100,25,79,199
1,101,25,80,199
1,102,25,83,199
1,103,25,63,199
1,104,25,2,199
1,105,25,13,199
1,106,25,78,199
1,107,25,82,199
1,108,25,25,199
1,109,25,11,199
1,110,25,81,199
1,111,25,21,199
1,112,25,10,199
1,113,25,15,199
1,114,25,62,199
1,115,25,69,199
1,116,25,65,199
1,117,25,20,199
1,118,25,75,199
1,119,25,3,199
1,120,25,70,199
1,121,25,7,199
1,122,25,8,199
1,123,25,12,199
1,124,25,23,199
1,125,25,30,199
1,126,25,18,199
1,127,25,22,199
1,128,25,4,199
1,129,25,17,199
1,1,26,108,8
1,2,26,92,8
1,3,26,88,8
1,4,26,96,8
1,5,26,84,8
1,6,26,105,8
1,7,26,94,8
1,8,26,89,8
1,9,26,95,8
1,10,26,91,8
1,11,26,99,8
1,12,26,87,8
1,13,26,107,8
1,14,26,97,8
1,15,26,102,8
1,16,26,86,8
1,17,26,98,8
1,18,26,93,8
1,19,26,90,8
1,20,26,104,8
1,21,26,100,8
1,22,26,109,8
1,23,26,106,8
1,24,26,101,8
1,25,26,85,8
1,26,26,45,8
1,27,26,42,8
1,28,26,43,8
1,29,26,39,8
1,30,26,34,8
1,31,26,55,8
1,32,26,49,8
1,33,26,103,8
1,34,26,54,8
1,35,26,46,8
1,36,26,60,8
1,37,26,48,8
1,38,26,41,8
1,39,26,50,8
1,40,26,35,8
1,41,26,40,8
1,42,26,117,8
1,43,26,38,8
1,44,26,37,8
1,45,26,115,8
1,46,26,44,8
1,47,26,32,8
1,48,26,120,8
1,49,26,57,8
1,50,26,125,8
1,51,26,27,8
1,52,26,119,8
1,53,26,116,8
1,54,26,123,8
1,55,26,110,8
1,56,26,58,8
1,57,26,33,8
1,58,26,36,8
1,59,26,53,8
1,60,26,19,8
1,61,26,31,8
1,62,26,122,8
1,63,26,124,8
1,64,26,127,8
1,65,26,51,8
1,66,26,59,8
1,67,26,47,8
1,68,26,112,8
1,69,26,113,8
1,70,26,128,8
1,71,26,6,8
1,72,26,9,8
1,73,26,129,8
1,74,26,56,8
1,75,26,64,8
1,76,26,126,8
1,77,26,5,8
1,78,26,114,8
1,79,26,16,8
1,80,26,118,8
1,81,26,111,8
1,82,26,121,8
1,83,26,52,8
1,84,26,26,8
1,85,26,14,8
1,86,26,71,8
1,87,26,1,8
1,88,26,74,8
1,89,26,72,8
1,90,26,28,8
1,91,26,76,8
1,92,26,66,8
1,93,26,77,8
1,94,26,61,8
1,95,26,67,8
1,96,26,73,8
1,97,26,24,8
1,98,26,68,8
1,99,26,29,8
1,100,26,79,8
1,101,26,80,8
1,102,26,83,8
1,103,26,63,8
1,104,26,2,8
1,105,26,13,8
1,106,26,78,8
1,107,26,82,8
1,108,26,25,8
1,109,26,11,8
1,110,26,81,8
1,111,26,21,8
1,112,26,10,8
1,113,26,15,8
1,114,26,62,8
1,115,26,69,8
1,116,26,65,8
1,117,26,20,8
1,118,26,75,8
1,119,26,3,8
1,120,26,70,8
1,121,26,7,8
1,122,26,8,8
1,123,26,12,8
1,124,26,23,8
1,125,26,30,8
1,126,26,18,8
1,127,26,22,8
1,128,26,4,8
1,129,26,17,8
1,1,27,108,210
1,2,27,92,210
1,3,27,88,210
1,4,27,96,210
1,5,27,84,210
1,6,27,105,210
1,7,27,94,210
1,8,27,89,210
1,9,27,95,210
1,10,27,91,210
1,11,27,99,210
1,12,27,87,210
1,13,27,107,210
1,14,27,97,210
1,15,27,102,210
1,16,27,86,210
1,17,27,98,210
1,18,27,93,210
1,19,27,90,210
1,20,27,104,210
1,21,27,100,210
1,22,27,109,210
1,23,27,106,210
1,24,27,101,210
1,25,27,85,210
1,26,27,45,210
1,27,27,42,210
1,28,27,43,210
1,29,27,39,210
1,30,27,34,210
1,31,27,55,210
1,32,27,49,210
1,33,27,103,210
1,34,27,54,210
1,35,27,46,210
1,36,27,60,210
1,37,27,48,210
1,38,27,41,210
1,39,27,50,210
1,40,27,35,210
1,41,27,40,210
1,42,27,117,210
1,43,27,38,210
1,44,27,37,210
1,45,27,115,210
1,46,27,44,210
1,47,27,32,210
1,48,27,120,210
1,49,27,57,210
1,50,27,125,210
1,51,27,27,210
1,52,27,119,210
1,53,27,116,210
1,54,27,123,210
1,55,27,110,210
1,56,27,58,210
1,57,27,33,210
1,58,27,36,210
1,59,27,53,210
1,60,27,19,210
1,61,27,31,210
1,62,27,122,210
1,63,27,124,210
1,64,27,127,210
1,65,27,51,210
1,66,27,59,210
1,67,27,47,210
1,68,27,112,210
1,69,27,113,210
1,70,27,128,210
1,71,27,6,210
1,72,27,9,210
1,73,27,129,210
1,74,27,56,210
1,75,27,64,210
1,76,27,126,210
1,77,27,5,210
1,78,27,114,210
1,79,27,16,210
1,80,27,118,210
1,81,27,111,210
1,82,27,121,210
1,83,27,52,210
1,84,27,26,210
1,85,27,14,210
1,86,27,71,210
1,87,27,1,210
1,88,27,74,210
1,89,27,72,210
1,90,27,28,210
1,91,27,76,210
1,92,27,66,210
1,93,27,77,210
1,94,27,61,210
1,95,27,67,210
1,96,27,73,210
1,97,27,24,210
1,98,27,68,210
1,99,27,29,210
1,100,27,79,210
1,101,27,80,210
1,102,27,83,210
1,103,27,63,210
1,104,27,2,210
1,105,27,13,210
1,106,27,78,210
1,107,27,82,210
1,108,27,25,210
1,109,27,11,210
1,110,27,81,210
1,111,27,21,210
1,112,27,10,210
1,113,27,15,210
1,114,27,62,210
1,115,27,69,210
1,116,27,65,210
1,117,27,20,210
1,118,27,75,210
1,119,27,3,210
1,120,27,70,210
1,121,27,7,210
1,122,27,8,210
1,123,27,12,210
1,124,27,23,210
1,125,27,30,210
1,126,27,18,210
1,127,27,22,210
1,128,27,4,210
1,129,27,17,210
1,1,28,108,34
1,2,28,92,34
1,3,28,88,34
1,4,28,96,34
1,5,28,84,34
1,6,28,105,34
1,7,28,94,34
1,8,28,89,34
1,9,28,95,34
1,10,28,91,34
1,11,28,99,34
1,12,28,87,34
1,13,28,107,34
1,14,28,97,34
1,15,28,102,34
1,16,28,86,34
1,17,28,98,34
1,18,28,93,34
1,19,28,90,34
1,20,28,104,34
1,21,28,100,34
1,22,28,109,34
1,23,28,106,34
1,24,28,101,34
1,25,28,85,34
1,26,28,45,34
1,27,28,42,34
1,28,28,43,34
1,29,28,39,34
1,30,28,34,34
1,31,28,55,34
1,32,28,49,34
1,33,28,103,34
1,34,28,54,34
1,35,28,46,34
1,36,28,60,34
1,37,28,48,34
1,38,28,41,34
1,39,28,50,34
1,40,28,35,34
1,41,28,40,34
1,42,28,117,34
1,43,28,38,34
1,44,28,37,34
1,45,28,115,34
1,46,28,44,34
1,47,28,32,34
1,48,28,120,34
1,49,28,57,34
1,50,28,125,34
1,51,28,27,34
1,52,28,119,34
1,53,28,116,34
1,54,28,123,34
1,55,28,110,34
1,56,28,58,34
1,57,28,33,34
1,58,28,36,34
1,59,28,53,34
1,60,28,19,34
1,61,28,31,34
1,62,28,122,34
1,63,28,124,34
1,64,28,127,34
1,65,28,51,34
1,66,28,59,34
1,67,28,47,34
1,68,28,112,34
1,69,28,113,34
1,70,28,128,34
1,71,28,6,34
1,72,28,9,34
1,73,28,129,34
1,74,28,56,34
1,75,28,64,34
1,76,28,126,34
1,77,28,5,34
1,78,28,114,34
1,79,28,16,34
1,80,28,118,34
1,81,28,111,34
1,82,28,121,34
1,83,28,52,34
1,84,28,26,34
1,85,28,14,34
1,86,28,71,34
1,87,28,1,34
1,88,28,74,34
1,89,28,72,34
1,90,28,28,34
1,91,28,76,34
1,92,28,66,34
1,93,28,77,34
1,94,28,61,34
1,95,28,67,34
1,96,28,73,34
1,97,28,24,34
1,98,28,68,34
1,99,28,29,34
1,100,28,79,34
1,101,28,80,34
1,102,28,83,34
1,103,28,63,34
1,104,28,2,34
1,105,28,13,34
1,106,28,78,34
1,107,28,82,34
1,108,28,25,34
1,109,28,11,34
1,110,28,81,34
1,111,28,21,34
1,112,28,10,34
1,113,28,15,34
1,114,28,62,34
1,115,28,69,34
1,116,28,65,34
1,117,28,20,34
1,118,28,75,34
1,119,28,3,34
1,120,28,70,34
1,121,28,7,34
1,122,28,8,34
1,123,28,12,34
1,124,28,23,34
1,125,28,30,34
1,126,28,18,34
1,127,28,22,34
1,128,28,4,34
1,129,28,17,34
1,1,29,108,1
1,2,29,92,1
1,3,29,88,1
1,4,29,96,1
1,5,29,84,1
1,6,29,105,1
1,7,29,94,1
1,8,29,89,1
1,9,29,95,1
1,10,29,91,1
1,11,29,99,1
1,12,29,87,1
1,13,29,107,1
1,14,29,97,1
1,15,29,102,1
1,16,29,86,1
1,17,29,98,1
1,18,29,93,1
1,19,29,90,1
1,20,29,104,1
1,21,29,100,1
1,22,29,109,1
1,23,29,106,1
1,24,29,101,1
1,25,29,85,1
1,26,29,45,1
1,27,29,42,1
1,28,29,43,1
1,29,29,39,1
1,30,29,34,1
1,31,29,55,1
1,32,29,49,1
1,33,29,103,1
1,34,29,54,1
1,35,29,46,1
1,36,29,60,1
1,37,29,48,1
1,38,29,41,1
1,39,29,50,1
1,40,29,35,1
1,41,29,40,1
1,42,29,117,1
1,43,29,38,1
1,44,29,37,1
1,45,29,115,1
1,46,29,44,1
1,47,29,32,1
1,48,29,120,1
1,49,29,57,1
1,50,29,125,1
1,51,29,27,1
1,52,29,119,1
1,53,29,116,1
1,54,29,123,1
1,55,29,110,1
1,56,29,58,1
1,57,29,33,1
1,58,29,36,1
1,59,29,53,1
1,60,29,19,1
1,61,29,31,1
1,62,29,122,1
1,63,29,124,1
1,64,29,127,1
1,65,29,51,1
1,66,29,59,1
1,67,29,47,1
1,68,29,112,1
1,69,29,113,1
1,70,29,128,1
1,71,29,6,1
1,72,29,9,1
1,73,29,129,1
1,74,29,56,1
1,75,29,64,1
1,76,29,126,1
1,77,29,5,1
1,78,29,114,1
1,79,29,16,1
1,80,29,118,1
1,81,29,111,1
1,82,29,121,1
1,83,29,52,1
1,84,29,26,1
1,85,29,14,1
1,86,29,71,1
1,87,29,1,1
1,88,29,74,1
1,89,29,72,1
1,90,29,28,1
1,91,29,76,1
1,92,29,66,1
1,93,29,77,1
1,94,29,61,1
1,95,29,67,1
1,96,29,73,1
1,97,29,24,1
1,98,29,68,1
1,99,29,29,1
1,100,29,79,1
1,101,29,80,1
1,102,29,83,1
1,103,29,63,1
1,104,29,2,1
1,105,29,13,1
1,106,29,78,1
1,107,29,82,1
1,108,29,25,1
1,109,29,11,1
1,110,29,81,1
1,111,29,21,1
1,112,29,10,1
1,113,29,15,1
1,114,29,62,1
1,115,29,69,1
1,116,29,65,1
1,117,29,20,1
1,118,29,75,1
1,119,29,3,1
1,120,29,70,1
1,121,29,7,1
1,122,29,8,1
1,123,29,12,1
1,124,29,23,1
1,125,29,30,1
1,126,29,18,1
1,127,29,22,1
1,128,29,4,1
1,129,29,17,1
1,1,30,108,42
1,2,30,92,42
1,3,30,88,42
1,4,30,96,42
1,5,30,84,42
1,6,30,105,42
1,7,30,94,42
1,8,30,89,42
1,9,30,95,42
1,10,30,91,42
1,11,30,99,42
1,12,30,87,42
1,13,30,107,42
1,14,30,97,42
1,15,30,102,42
1,16,30,86,42
1,17,30,98,42
1,18,30,93,42
1,19,30,90,42
1,20,30,104,42
1,21,30,100,42
1,22,30,109,42
1,23,30,106,42
1,24,30,101,42
1,25,30,85,42
1,26,30,45,42
1,27,30,42,42
1,28,30,43,42
1,29,30,39,42
1,30,30,34,42
1,31,30,55,42
1,32,30,49,42
1,33,30,103,42
1,34,30,54,42
1,35,30,46,42
1,36,30,60,42
1,37,30,48,42
1,38,30,41,42
1,39,30,50,42
1,40,30,35,42
1,41,30,40,42
1,42,30,117,42
1,43,30,38,42
1,44,30,37,42
1,45,30,115,42
1,46,30,44,42
1,47,30,32,42
1,48,30,120,42
1,49,30,57,42
1,50,30,125,42
1,51,30,27,42
1,52,30,119,42
1,53,30,116,42
1,54,30,123,42
1,55,30,110,42
1,56,30,58,42
1,57,30,33,42
1,58,30,36,42
1,59,30,53,42
1,60,30,19,42
1,61,30,31,42
1,62,30,122,42
1,63,30,124,42
1,64,30,127,42
1,65,30,51,42
1,66,30,59,42
1,67,30,47,42
1,68,30,112,42
1,69,30,113,42
1,70,30,128,42
1,71,30,6,42
1,72,30,9,42
1,73,30,129,42
1,74,30,56,42
1,75,30,64,42
1,76,30,126,42
1,77,30,5,42
1,78,30,114,42
1,79,30,16,42
1,80,30,118,42
1,81,30,111,42
1,82,30,121,42
1,83,30,52,42
1,84,30,26,42
1,85,30,14,42
1,86,30,71,42
1,87,30,1,42
1,88,30,74,42
1,89,30,72,42
1,90,30,28,42
1,91,30,76,42
1,92,30,66,42
1,93,30,77,42
1,94,30,61,42
1,95,30,67,42
1,96,30,73,42
1,97,30,24,42
1,98,30,68,42
1,99,30,29,42
1,100,30,79,42
1,101,30,80,42
1,102,30,83,42
1,103,30,63,42
1,104,30,2,42
1,105,30,13,42
1,106,30,78,42
1,107,30,82,42
1,108,30,25,42
1,109,30,11,42
1,110,30,81,42
1,111,30,21,42
1,112,30,10,42
1,113,30,15,42
1,114,30,62,42
1,115,30,69,42
1,116,30,65,42
1,117,30,20,42
1,118,30,75,42
1,119,30,3,42
1,120,30,70,42
1,121,30,7,42
1,122,30,8,42
1,123,30,12,42
1,124,30,23,42
1,125,30,30,42
1,126,30,18,42
1,127,30,22,42
1,128,30,4,42
1,129,30,17,42
1,1,31,108,110
1,2,31,92,110
1,3,31,88,110
1,4,31,96,110
1,5,31,84,110
1,6,31,105,110
1,7,31,94,110
1,8,31,89,110
1,9,31,95,110
1,10,31,91,110
1,11,31,99,110
1,12,31,87,110
1,13,31,107,110
1,14,31,97,110
1,15,31,102,110
1,16,31,86,110
1,17,31,98,110
1,18,31,93,110
1,19,31,90,110
1,20,31,104,110
1,21,31,100,110
1,22,31,109,110
1,23,31,106,110
1,24,31,101,110
1,25,31,85,110
1,26,31,45,110
1,27,31,42,110
1,28,31,43,110
1,29,31,39,110
1,30,31,34,110
1,31,31,55,110
1,32,31,49,110
1,33,31,103,110
1,34,31,54,110
1,35,31,46,110
1,36,31,60,110
1,37,31,48,110
1,38,31,41,110
1,39,31,50,110
1,40,31,35,110
1,41,31,40,110
1,42,31,117,110
1,43,31,38,110
1,44,31,37,110
1,45,31,115,110
1,46,31,44,110
1,47,31,32,110
1,48,31,120,110
1,49,31,57,110
1,50,31,125,110
1,51,31,27,110
1,52,31,119,110
1,53,31,116,110
1,54,31,123,110
1,55,31,110,110
1,56,31,58,110
1,57,31,33,110
1,58,31,36,110
1,59,31,53,110
1,60,31,19,110
1,61,31,31,110
1,62,31,122,110
1,63,31,124,110
1,64,31,127,110
1,65,31,51,110
1,66,31,59,110
1,67,31,47,110
1,68,31,112,110
1,69,31,113,110
1,70,31,128,110
1,71,31,6,110
1,72,31,9,110
1,73,31,129,110
1,74,31,56,110
1,75,31,64,110
1,76,31,126,110
1,77,31,5,110
1,78,31,114,110
1,79,31,16,110
1,80,31,118,110
1,81,31,111,110
1,82,31,121,110
1,83,31,52,110
1,84,31,26,110
1,85,31,14,110
1,86,31,71,110
1,87,31,1,110
1,88,31,74,110
1,89,31,72,110
1,90,31,28,110
1,91,31,76,110
1,92,31,66,110
1,93,31,77,110
1,94,31,61,110
1,95,31,67,110
1,96,31,73,110
1,97,31,24,110
1,98,31,68,110
1,99,31,29,110
1,100,31,79,110
1,101,31,80,110
1,102,31,83,110
1,103,31,63,110
1,104,31,2,110
1,105,31,13,110
1,106,31,78,110
1,107,31,82,110
1,108,31,25,110
1,109,31,11,110
1,110,31,81,110
1,111,31,21,110
1,112,31,10,110
1,113,31,15,110
1,114,31,62,110
1,115,31,69,110
1,116,31,65,110
1,117,31,20,110
1,118,31,75,110
1,119,31,3,110
1,120,31,70,110
1,121,31,7,110
1,122,31,8,110
1,123,31,12,110
1,124,31,23,110
1,125,31,30,110
1,126,31,18,110
1,127,31,22,110
1,128,31,4,110
1,129,31,17,110
1,1,32,108,33
1,2,32,92,33
1,3,32,88,33
1,4,32,96,33
1,5,32,84,33
1,6,32,105,33
1,7,32,94,33
1,8,32,89,33
1,9,32,95,33
1,10,32,91,33
1,11,32,99,33
1,12,32,87,33
1,13,32,107,33
1,14,32,97,33
1,15,32,102,33
1,16,32,86,33
1,17,32,98,33
1,18,32,93,33
1,19,32,90,33
1,20,32,104,33
1,21,32,100,33
1,22,32,109,33
1,23,32,106,33
1,24,32,101,33
1,25,32,85,33
1,26,32,45,33
1,27,32,42,33
1,28,32,43,33
1,29,32,39,33
1,30,32,34,33
1,31,32,55,33
1,32,32,49,33
1,33,32,103,33
1,34,32,54,33
1,35,32,46,33
1,36,32,60,33
1,37,32,48,33
1,38,32,41,33
1,39,32,50,33
1,40,32,35,33
1,41,32,40,33
1,42,32,117,33
1,43,32,38,33
1,44,32,37,33
1,45,32,115,33
1,46,32,44,33
1,47,32,32,33
1,48,32,120,33
1,49,32,57,33
1,50,32,125,33
1,51,32,27,33
1,52,32,119,33
1,53,32,116,33
1,54,32,123,33
1,55,32,110,33
1,56,32,58,33
1,57,32,33,33
1,58,32,36,33
1,59,32,53,33
1,60,32,19,33
1,61,32,31,33
1,62,32,122,33
1,63,32,124,33
1,64,32,127,33
1,65,32,51,33
1,66,32,59,33
1,67,32,47,33
1,68,32,112,33
1,69,32,113,33
1,70,32,128,33
1,71,32,6,33
1,72,32,9,33
1,73,32,129,33
1,74,32,56,33
1,75,32,64,33
1,76,32,126,33
1,77,32,5,33
1,78,32,114,33
1,79,32,16,33
1,80,32,118,33
1,81,32,111,33
1,82,32,121,33
1,83,32,52,33
1,84,32,26,33
1,85,32,14,33
1,86,32,71,33
1,87,32,1,33
1,88,32,74,33
1,89,32,72,33
1,90,32,28,33
1,91,32,76,33
1,92,32,66,33
1,93,32,77,33
1,94,32,61,33
1,95,32,67,33
1,96,32,73,33
1,97,32,24,33
1,98,32,68,33
1,99,32,29,33
1,100,32,79,33
1,101,32,80,33
1,102,32,83,33
1,103,32,63,33
1,104,32,2,33
1,105,32,13,33
1,106,32,78,33
1,107,32,82,33
1,108,32,25,33
1,109,32,11,33
1,110,32,81,33
1,111,32,21,33
1,112,32,10,33
1,113,32,15,33
1,114,32,62,33
1,115,32,69,33
1,116,32,65,33
1,117,32,20,33
1,118,32,75,33
1,119,32,3,33
1,120,32,70,33
1,121,32,7,33
1,122,32,8,33
1,123,32,12,33
1,124,32,23,33
1,125,32,30,33
1,126,32,18,33
1,127,32,22,33
1,128,32,4,33
1,129,32,17,33
1,1,33,108,139
1,2,33,92,139
1,3,33,88,139
1,4,33,96,139
1,5,33,84,139
1,6,33,105,139
1,7,33,94,139
1,8,33,89,139
1,9,33,95,139
1,10,33,91,139
1,11,33,99,139
1,12,33,87,139
1,13,33,107,139
1,14,33,97,139
1,15,33,102,139
1,16,33,86,139
1,17,33,98,139
1,18,33,93,139
1,19,33,90,139
1,20,33,104,139
1,21,33,100,139
1,22,33,109,139
1,23,33,106,139
1,24,33,101,139
1,25,33,85,139
1,26,33,45,139
1,27,33,42,139
1,28,33,43,139
1,29,33,39,139
1,30,33,34,139
1,31,33,55,139
1,32,33,49,139
1,33,33,103,139
1,34,33,54,139
1,35,33,46,139
1,36,33,60,139
1,37,33,48,139
1,38,33,41,139
1,39,33,50,139
1,40,33,35,139
1,41,33,40,139
1,42,33,117,139
1,43,33,38,139
1,44,33,37,139
1,45,33,115,139
1,46,33,44,139
1,47,33,32,139
1,48,33,120,139
1,49,33,57,139
1,50,33,125,139
1,51,33,27,139
1,52,33,119,139
1,53,33,116,139
1,54,33,123,139
1,55,33,110,139
1,56,33,58,139
1,57,33,33,139
1,58,33,36,139
1,59,33,53,139
1,60,33,19,139
1,61,33,31,139
1,62,33,122,139
1,63,33,124,139
1,64,33,127,139
1,65,33,51,139
1,66,33,59,139
1,67,33,47,139
1,68,33,112,139
1,69,33,113,139
1,70,33,128,139
1,71,33,6,139
1,72,33,9,139
1,73,33,129,139
1,74,33,56,139
1,75,33,64,139
1,76,33,126,139
1,77,33,5,139
1,78,33,114,139
1,79,33,16,139
1,80,33,118,139
1,81,33,111,139
1,82,33,121,139
1,83,33,52,139
1,84,33,26,139
1,85,33,14,139
1,86,33,71,139
1,87,33,1,139
1,88,33,74,139
1,89,33,72,139
1,90,33,28,139
1,91,33,76,139
1,92,33,66,139
1,93,33,77,139
1,94,33,61,139
1,95,33,67,139
1,96,33,73,139
1,97,33,24,139
1,98,33,68,139
1,99,33,29,139
1,100,33,79,139
1,101,33,80,139
1,102,33,83,139
1,103,33,63,139
1,104,33,2,139
1,105,33,13,139
1,106,33,78,139
1,107,33,82,139
1,108,33,25,139
1,109,33,11,139
1,110,33,81,139
1,111,33,21,139
1,112,33,10,139
1,113,33,15,139
1,114,33,62,139
1,115,33,69,139
1,116,33,65,139
1,117,33,20,139
1,118,33,75,139
1,119,33,3,139
1,120,33,70,139
1,121,33,7,139
1,122,33,8,139
1,123,33,12,139
1,124,33,23,139
1,125,33,30,139
1,126,33,18,139
1,127,33,22,139
1,128,33,4,139
1,129,33,17,139
1,1,34,108,209
1,2,34,92,209
1,3,34,88,209
1,4,34,96,209
1,5,34,84,209
1,6,34,105,209
1,7,34,94,209
1,8,34,89,209
1,9,34,95,209
1,10,34,91,209
1,11,34,99,209
1,12,34,87,209
1,13,34,107,209
1,14,34,97,209
1,15,34,102,209
1,16,34,86,209
1,17,34,98,209
1,18,34,93,209
1,19,34,90,209
1,20,34,104,209
1,21,34,100,209
1,22,34,109,209
1,23,34,106,209
1,24,34,101,209
1,25,34,85,209
1,26,34,45,209
1,27,34,42,209
1,28,34,43,209
1,29,34,39,209
1,30,34,34,209
1,31,34,55,209
1,32,34,49,209
1,33,34,103,209
1,34,34,54,209
1,35,34,46,209
1,36,34,60,209
1,37,34,48,209
1,38,34,41,209
1,39,34,50,209
1,40,34,35,209
1,41,34,40,209
1,42,34,117,209
1,43,34,38,209
1,44,34,37,209
1,45,34,115,209
1,46,34,44,209
1,47,34,32,209
1,48,34,120,209
1,49,34,57,209
1,50,34,125,209
1,51,34,27,209
1,52,34,119,209
1,53,34,116,209
1,54,34,123,209
1,55,34,110,209
1,56,34,58,209
1,57,34,33,209
1,58,34,36,209
1,59,34,53,209
1,60,34,19,209
1,61,34,31,209
1,62,34,122,209
1,63,34,124,209
1,64,34,127,209
1,65,34,51,209
1,66,34,59,209
1,67,34,47,209
1,68,34,112,209
1,69,34,113,209
1,70,34,128,209
1,71,34,6,209
1,72,34,9,209
1,73,34,129,209
1,74,34,56,209
1,75,34,64,209
1,76,34,126,209
1,77,34,5,209
1,78,34,114,209
1,79,34,16,209
1,80,34,118,209
1,81,34,111,209
1,82,34,121,209
1,83,34,52,209
1,84,34,26,209
1,85,34,14,209
1,86,34,71,209
1,87,34,1,209
1,88,34,74,209
1,89,34,72,209
1,90,34,28,209
1,91,34,76,209
1,92,34,66,209
1,93,34,77,209
1,94,34,61,209
1,95,34,67,209
1,96,34,73,209
1,97,34,24,209
1,98,34,68,209
1,99,34,29,209
1,100,34,79,209
1,101,34,80,209
1,102,34,83,209
1,103,34,63,209
1,104,34,2,209
1,105,34,13,209
1,106,34,78,209
1,107,34,82,209
1,108,34,25,209
1,109,34,11,209
1,110,34,81,209
1,111,34,21,209
1,112,34,10,209
1,113,34,15,209
1,114,34,62,209
1,115,34,69,209
1,116,34,65,209
1,117,34,20,209
1,118,34,75,209
1,119,34,3,209
1,120,34,70,209
1,121,34,7,209
1,122,34,8,209
1,123,34,12,209
1,124,34,23,209
1,125,34,30,209
1,126,34,18,209
1,127,34,22,209
1,128,34,4,209
1,129,34,17,209
1,1,35,108,125
1,2,35,92,125
1,3,35,88,125
1,4,35,96,125
1,5,35,84,125
1,6,35,105,125
1,7,35,94,125
1,8,35,89,125
1,9,35,95,125
1,10,35,91,125
1,11,35,99,125
1,12,35,87,125
1,13,35,107,125
1,14,35,97,125
1,15,35,102,125
1,16,35,86,125
1,17,35,98,125
1,18,35,93,125
1,19,35,90,125
1,20,35,104,125
1,21,35,100,125
1,22,35,109,125
1,23,35,106,125
1,24,35,101,125
1,25,35,85,125
1,26,35,45,125
1,27,35,42,125
1,28,35,43,125
1,29,35,39,125
1,30,35,34,125
1,31,35,55,125
1,32,35,49,125
1,33,35,103,125
1,34,35,54,125
1,35,35,46,125
1,36,35,60,125
1,37,35,48,125
1,38,35,41,125
1,39,35,50,125
1,40,35,35,125
1,41,35,40,125
1,42,35,117,125
1,43,35,38,125
1,44,35,37,125
1,45,35,115,125
1,46,35,44,125
1,47,35,32,125
1,48,35,120,125
1,49,35,57,125
1,50,35,125,125
1,51,35,27,125
1,52,35,119,125
1,53,35,116,125
1,54,35,123,125
1,55,35,110,125
1,56,35,58,125
1,57,35,33,125
1,58,35,36,125
1,59,35,53,125
1,60,35,19,125
1,61,35,31,125
1,62,35,122,125
1,63,35,124,125
1,64,35,127,125
1,65,35,51,125
1,66,35,59,125
1,67,35,47,125
1,68,35,112,125
1,69,35,113,125
1,70,35,128,125
1,71,35,6,125
1,72,35,9,125
1,73,35,129,125
1,74,35,56,125
1,75,35,64,125
1,76,35,126,125
1,77,35,5,125
1,78,35,114,125
1,79,35,16,125
1,80,35,118,125
1,81,35,111,125
1,82,35,121,125
1,83,35,52,125
1,84,35,26,125
1,85,35,14,125
1,86,35,71,125
1,87,35,1,125
1,88,35,74,125
1,89,35,72,125
1,90,35,28,125
1,91,35,76,125
1,92,35,66,125
1,93,35,77,125
1,94,35,61,125
1,95,35,67,125
1,96,35,73,125
1,97,35,24,125
1,98,35,68,125
1,99,35,29,125
1,100,35,79,125
1,101,35,80,125
1,102,35,83,125
1,103,35,63,125
1,104,35,2,125
1,105,35,13,125
1,106,35,78,125
1,107,35,82,125
1,108,35,25,125
1,109,35,11,125
1,110,35,81,125
1,111,35,21,125
1,112,35,10,125
1,113,35,15,125
1,114,35,62,125
1,115,35,69,125
1,116,35,65,125
1,117,35,20,125
1,118,35,75,125
1,119,35,3,125
1,120,35,70,125
1,121,35,7,125
1,122,35,8,125
1,123,35,12,125
1,124,35,23,125
1,125,35,30,125
1,126,35,18,125
1,127,35,22,125
1,128,35,4,125
1,129,35,17,125
1,1,36,108,80
1,2,36,92,80
1,3,36,88,80
1,4,36,96,80
1,5,36,84,80
1,6,36,105,80
1,7,36,94,80
1,8,36,89,80
1,9,36,95,80
1,10,36,91,80
1,11,36,99,80
1,12,36,87,80
1,13,36,107,80
1,14,36,97,80
1,15,36,102,80
1,16,36,86,80
1,17,36,98,80
1,18,36,93,80
1,19,36,90,80
1,20,36,104,80
1,21,36,100,80
1,22,36,109,80
1,23,36,106,80
1,24,36,101,80
1,25,36,85,80
1,26,36,45,80
1,27,36,42,80
1,28,36,43,80
1,29,36,39,80
1,30,36,34,80
1,31,36,55,80
1,32,36,49,80
1,33,36,103,80
1,34,36,54,80
1,35,36,46,80
1,36,36,60,80
1,37,36,48,80
1,38,36,41,80
1,39,36,50,80
1,40,36,35,80
1,41,36,40,80
1,42,36,117,80
1,43,36,38,80
1,44,36,37,80
1,45,36,115,80
1,46,36,44,80
1,47,36,32,80
1,48,36,120,80
1,49,36,57,80
1,50,36,125,80
1,51,36,27,80
1,52,36,119,80
1,53,36,116,80
1,54,36,123,80
1,55,36,110,80
1,56,36,58,80
1,57,36,33,80
1,58,36,36,80
1,59,36,53,80
1,60,36,19,80
1,61,36,31,80
1,62,36,122,80
1,63,36,124,80
1,64,36,127,80
1,65,36,51,80
1,66,36,59,80
1,67,36,47,80
1,68,36,112,80
1,69,36,113,80
1,70,36,128,80
1,71,36,6,80
1,72,36,9,80
1,73,36,129,80
1,74,36,56,80
1,75,36,64,80
1,76,36,126,80
1,77,36,5,80
1,78,36,114,80
1,79,36,16,80
1,80,36,118,80
1,81,36,111,80
1,82,36,121,80
1,83,36,52,80
1,84,36,26,80
1,85,36,14,80
1,86,36,71,80
1,87,36,1,80
1,88,36,74,80
1,89,36,72,80
1,90,36,28,80
1,91,36,76,80
1,92,36,66,80
1,93,36,77,80
1,94,36,61,80
1,95,36,67,80
1,96,36,73,80
1,97,36,24,80
1,98,36,68,80
1,99,36,29,80
1,100,36,79,80
1,101,36,80,80
1,102,36,83,80
1,103,36,63,80
1,104,36,2,80
1,105,36,13,80
1,106,36,78,80
1,107,36,82,80
1,108,36,25,80
1,109,36,11,80
1,110,36,81,80
1,111,36,21,80
1,112,36,10,80
1,113,36,15,80
1,114,36,62,80
1,115,36,69,80
1,116,36,65,80
1,117,36,20,80
1,118,36,75,80
1,119,36,3,80
1,120,36,70,80
1,121,36,7,80
1,122,36,8,80
1,123,36,12,80
1,124,36,23,80
1,125,36,30,80
1,126,36,18,80
1,127,36,22,80
1,128,36,4,80
1,129,36,17,80
1,1,37,108,205
1,2,37,92,205
1,3,37,88,205
1,4,37,96,205
1,5,37,84,205
1,6,37,105,205
1,7,37,94,205
1,8,37,89,205
1,9,37,95,205
1,10,37,91,205
1,11,37,99,205
1,12,37,87,205
1,13,37,107,205
1,14,37,97,205
1,15,37,102,205
1,16,37,86,205
1,17,37,98,205
1,18,37,93,205
1,19,37,90,205
1,20,37,104,205
1,21,37,100,205
1,22,37,109,205
1,23,37,106,205
1,24,37,101,205
1,25,37,85,205
1,26,37,45,205
1,27,37,42,205
1,28,37,43,205
1,29,37,39,205
1,30,37,34,205
1,31,37,55,205
1,32,37,49,205
1,33,37,103,205
1,34,37,54,205
1,35,37,46,205
1,36,37,60,205
1,37,37,48,205
1,38,37,41,205
1,39,37,50,205
1,40,37,35,205
1,41,37,40,205
1,42,37,117,205
1,43,37,38,205
1,44,37,37,205
1,45,37,115,205
1,46,37,44,205
1,47,37,32,205
1,48,37,120,205
1,49,37,57,205
1,50,37,125,205
1,51,37,27,205
1,52,37,119,205
1,53,37,116,205
1,54,37,123,205
1,55,37,110,205
1,56,37,58,205
1,57,37,33,205
1,58,37,36,205
1,59,37,53,205
1,60,37,19,205
1,61,37,31,205
1,62,37,122,205
1,63,37,124,205
1,64,37,127,205
1,65,37,51,205
1,66,37,59,205
1,67,37,47,205
1,68,37,112,205
1,69,37,113,205
1,70,37,128,205
1,71,37,6,205
1,72,37,9,205
1,73,37,129,205
1,74,37,56,205
1,75,37,64,205
1,76,37,126,205
1,77,37,5,205
1,78,37,114,205
1,79,37,16,205
1,80,37,118,205
1,81,37,111,205
1,82,37,121,205
1,83,37,52,205
1,84,37,26,205
1,85,37,14,205
1,86,37,71,205
1,87,37,1,205
1,88,37,74,205
1,89,37,72,205
1,90,37,28,205
1,91,37,76,205
1,92,37,66,205
1,93,37,77,205
1,94,37,61,205
1,95,37,67,205
1,96,37,73,205
1,97,37,24,205
1,98,37,68,205
1,99,37,29,205
1,100,37,79,205
1,101,37,80,205
1,102,37,83,205
1,103,37,63,205
1,104,37,2,205
1,105,37,13,205
1,106,37,78,205
1,107,37,82,205
1,108,37,25,205
1,109,37,11,205
1,110,37,81,205
1,111,37,21,205
1,112,37,10,205
1,113,37,15,205
1,114,37,62,205
1,115,37,69,205
1,116,37,65,205
1,117,37,20,205
1,118,37,75,205
1,119,37,3,205
1,120,37,70,205
1,121,37,7,205
1,122,37,8,205
1,123,37,12,205
1,124,37,23,205
1,125,37,30,205
1,126,37,18,205
1,127,37,22,205
1,128,37,4,205
1,129,37,17,205
1,1,38,108,122
1,2,38,92,122
1,3,38,88,122
1,4,38,96,122
1,5,38,84,122
1,6,38,105,122
1,7,38,94,122
1,8,38,89,122
1,9,38,95,122
1,10,38,91,122
1,11,38,99,122
1,12,38,87,122
1,13,38,107,122
1,14,38,97,122
1,15,38,102,122
1,16,38,86,122
1,17,38,98,122
1,18,38,93,122
1,19,38,90,122
1,20,38,104,122
1,21,38,100,122
1,22,38,109,122
1,23,38,106,122
1,24,38,101,122
1,25,38,85,122
1,26,38,45,122
1,27,38,42,122
1,28,38,43,122
1,29,38,39,122
1,30,38,34,122
1,31,38,55,122
1,32,38,49,122
1,33,38,103,122
1,34,38,54,122
1,35,38,46,122
1,36,38,60,122
1,37,38,48,122
1,38,38,41,122
1,39,38,50,122
1,40,38,35,122
1,41,38,40,122
1,42,38,117,122
1,43,38,38,122
1,44,38,37,122
1,45,38,115,122
1,46,38,44,122
1,47,38,32,122
1,48,38,120,122
1,49,38,57,122
1,50,38,125,122
1,51,38,27,122
1,52,38,119,122
1,53,38,116,122
1,54,38,123,122
1,55,38,110,122
1,56,38,58,122
1,57,38,33,122
1,58,38,36,122
1,59,38,53,122
1,60,38,19,122
1,61,38,31,122
1,62,38,122,122
1,63,38,124,122
1,64,38,127,122
1,65,38,51,122
1,66,38,59,122
1,67,38,47,122
1,68,38,112,122
1,69,38,113,122
1,70,38,128,122
1,71,38,6,122
1,72,38,9,122
1,73,38,129,122
1,74,38,56,122
1,75,38,64,122
1,76,38,126,122
1,77,38,5,122
1,78,38,114,122
1,79,38,16,122
1,80,38,118,122
1,81,38,111,122
1,82,38,121,122
1,83,38,52,122
1,84,38,26,122
1,85,38,14,122
1,86,38,71,122
1,87,38,1,122
1,88,38,74,122
1,89,38,72,122
1,90,38,28,122
1,91,38,76,122
1,92,38,66,122
1,93,38,77,122
1,94,38,61,122
1,95,38,67,122
1,96,38,73,122
1,97,38,24,122
1,98,38,68,122
1,99,38,29,122
1,100,38,79,122
1,101,38,80,122
1,102,38,83,122
1,103,38,63,122
1,104,38,2,122
1,105,38,13,122
1,106,38,78,122
1,107,38,82,122
1,108,38,25,122
1,109,38,11,122
1,110,38,81,122
1,111,38,21,122
1,112,38,10,122
1,113,38,15,122
1,114,38,62,122
1,115,38,69,122
1,116,38,65,122
1,117,38,20,122
1,118,38,75,122
1,119,38,3,122
1,120,38,70,122
1,121,38,7,122
1,122,38,8,122
1,123,38,12,122
1,124,38,23,122
1,125,38,30,122
1,126,38,18,122
1,127,38,22,122
1,128,38,4,122
1,129,38,17,122
1,1,39,108,179
1,2,39,92,179
1,3,39,88,179
1,4,39,96,179
1,5,39,84,179
1,6,39,105,179
1,7,39,94,179
1,8,39,89,179
1,9,39,95,179
1,10,39,91,179
1,11,39,99,179
1,12,39,87,179
1,13,39,107,179
1,14,39,97,179
1,15,39,102,179
1,16,39,86,179
1,17,39,98,179
1,18,39,93,179
1,19,39,90,179
1,20,39,104,179
1,21,39,100,179
1,22,39,109,179
1,23,39,106,179
1,24,39,101,179
1,25,39,85,179
1,26,39,45,179
1,27,39,42,179
1,28,39,43,179
1,29,39,39,179
1,30,39,34,179
1,31,39,55,179
1,32,39,49,179
1,33,39,103,179
1,34,39,54,179
1,35,39,46,179
1,36,39,60,179
1,37,39,48,179
1,38,39,41,179
1,39,39,50,179
1,40,39,35,179
1,41,39,40,179
1,42,39,117,179
1,43,39,38,179
1,44,39,37,179
1,45,39,115,179
1,46,39,44,179
1,47,39,32,179
1,48,39,120,179
1,49,39,57,179
1,50,39,125,179
1,51,39,27,179
1,52,39,119,179
1,53,39,116,179
1,54,39,123,179
1,55,39,110,179
1,56,39,58,179
1,57,39,33,179
1,58,39,36,179
1,59,39,53,179
1,60,39,19,179
1,61,39,31,179
1,62,39,122,179
1,63,39,124,179
1,64,39,127,179
1,65,39,51,179
1,66,39,59,179
1,67,39,47,179
1,68,39,112,179
1,69,39,113,179
1,70,39,128,179
1,71,39,6,179
1,72,39,9,179
1,73,39,129,179
1,74,39,56,179
1,75,39,64,179
1,76,39,126,179
1,77,39,5,179
1,78,39,114,179
1,79,39,16,179
1,80,39,118,179
1,81,39,111,179
1,82,39,121,179
1,83,39,52,179
1,84,39,26,179
1,85,39,14,179
1,86,39,71,179
1,87,39,1,179
1,88,39,74,179
1,89,39,72,179
1,90,39,28,179
1,91,39,76,179
1,92,39,66,179
1,93,39,77,179
1,94,39,61,179
1,95,39,67,179
1,96,39,73,179
1,97,39,24,179
1,98,39,68,179
1,99,39,29,179
1,100,39,79,179
1,101,39,80,179
1,102,39,83,179
1,103,39,63,179
1,104,39,2,179
1,105,39,13,179
1,106,39,78,179
1,107,39,82,179
1,108,39,25,179
1,109,39,11,179
1,110,39,81,179
1,111,39,21,179
1,112,39,10,179
1,113,39,15,179
1,114,39,62,179
1,115,39,69,179
1,116,39,65,179
1,117,39,20,179
1,118,39,75,179
1,119,39,3,179
1,120,39,70,179
1,121,39,7,179
1,122,39,8,179
1,123,39,12,179
1,124,39,23,179
1,125,39,30,179
1,126,39,18,179
1,127,39,22,179
1,128,39,4,179
1,129,39,17,179
1,1,40,108,65
1,2,40,92,65
1,3,40,88,65
1,4,40,96,65
1,5,40,84,65
1,6,40,105,65
1,7,40,94,65
1,8,40,89,65
1,9,40,95,65
1,10,40,91,65
1,11,40,99,65
1,12,40,87,65
1,13,40,107,65
1,14,40,97,65
1,15,40,102,65
1,16,40,86,65
1,17,40,98,65
1,18,40,93,65
1,19,40,90,65
1,20,40,104,65
1,21,40,100,65
1,22,40,109,65
1,23,40,106,65
1,24,40,101,65
1,25,40,85,65
1,26,40,45,65
1,27,40,42,65
1,28,40,43,65
1,29,40,39,65
1,30,40,34,65
1,31,40,55,65
1,32,40,49,65
1,33,40,103,65
1,34,40,54,65
1,35,40,46,65
1,36,40,60,65
1,37,40,48,65
1,38,40,41,65
1,39,40,50,65
1,40,40,35,65
1,41,40,40,65
1,42,40,117,65
1,43,40,38,65
1,44,40,37,65
1,45,40,115,65
1,46,40,44,65
1,47,40,32,65
1,48,40,120,65
1,49,40,57,65
1,50,40,125,65
1,51,40,27,65
1,52,40,119,65
1,53,40,116,65
1,54,40,123,65
1,55,40,110,65
1,56,40,58,65
1,57,40,33,65
1,58,40,36,65
1,59,40,53,65
1,60,40,19,65
1,61,40,31,65
1,62,40,122,65
1,63,40,124,65
1,64,40,127,65
1,65,40,51,65
1,66,40,59,65
1,67,40,47,65
1,68,40,112,65
1,69,40,113,65
1,70,40,128,65
1,71,40,6,65
1,72,40,9,65
1,73,40,129,65
1,74,40,56,65
1,75,40,64,65
1,76,40,126,65
1,77,40,5,65
1,78,40,114,65
1,79,40,16,65
1,80,40,118,65
1,81,40,111,65
1,82,40,121,65
1,83,40,52,65
1,84,40,26,65
1,85,40,14,65
1,86,40,71,65
1,87,40,1,65
1,88,40,74,65
1,89,40,72,65
1,90,40,28,65
1,91,40,76,65
1,92,40,66,65
1,93,40,77,65
1,94,40,61,65
1,95,40,67,65
1,96,40,73,65
1,97,40,24,65
1,98,40,68,65
1,99,40,29,65
1,100,40,79,65
1,101,40,80,65
1,102,40,83,65
1,103,40,63,65
1,104,40,2,65
1,105,40,13,65
1,106,40,78,65
1,107,40,82,65
1,108,40,25,65
1,109,40,11,65
1,110,40,81,65
1,111,40,21,65
1,112,40,10,65
1,113,40,15,65
1,114,40,62,65
1,115,40,69,65
1,116,40,65,65
1,117,40,20,65
1,118,40,75,65
1,119,40,3,65
1,120,40,70,65
1,121,40,7,65
1,122,40,8,65
1,123,40,12,65
1,124,40,23,65
1,125,40,30,65
1,126,40,18,65
1,127,40,22,65
1,128,40,4,65
1,129,40,17,65
1,1,41,108,137
1,2,41,92,137
1,3,41,88,137
1,4,41,96,137
1,5,41,84,137
1,6,41,105,137
1,7,41,94,137
1,8,41,89,137
1,9,41,95,137
1,10,41,91,137
1,11,41,99,137
1,12,41,87,137
1,13,41,107,137
1,14,41,97,137
1,15,41,102,137
1,16,41,86,137
1,17,41,98,137
1,18,41,93,137
1,19,41,90,137
1,20,41,104,137
1,21,41,100,137
1,22,41,109,137
1,23,41,106,137
1,24,41,101,137
1,25,41,85,137
1,26,41,45,137
1,27,41,42,137
1,28,41,43,137
1,29,41,39,137
1,30,41,34,137
1,31,41,55,137
1,32,41,49,137
1,33,41,103,137
1,34,41,54,137
1,35,41,46,137
1,36,41,60,137
1,37,41,48,137
1,38,41,41,137
1,39,41,50,137
1,40,41,35,137
1,41,41,40,137
1,42,41,117,137
1,43,41,38,137
1,44,41,37,137
1,45,41,115,137
1,46,41,44,137
1,47,41,32,137
1,48,41,120,137
1,49,41,57,137
1,50,41,125,137
1,51,41,27,137
1,52,41,119,137
1,53,41,116,137
1,54,41,123,137
1,55,41,110,137
1,56,41,58,137
1,57,41,33,137
1,58,41,36,137
1,59,41,53,137
1,60,41,19,137
1,61,41,31,137
1,62,41,122,137
1,63,41,124,137
1,64,41,127,137
1,65,41,51,137
1,66,41,59,137
1,67,41,47,137
1,68,41,112,137
1,69,41,113,137
1,70,41,128,137
1,71,41,6,137
1,72,41,9,137
1,73,41,129,137
1,74,41,56,137
1,75,41,64,137
1,76,41,126,137
1,77,41,5,137
1,78,41,114,137
1,79,41,16,137
1,80,41,118,137
1,81,41,111,137
1,82,41,121,137
1,83,41,52,137
1,84,41,26,137
1,85,41,14,137
1,86,41,71,137
1,87,41,1,137
1,88,41,74,137
1,89,41,72,137
1,90,41,28,137
1,91,41,76,137
1,92,41,66,137
1,93,41,77,137
1,94,41,61,137
1,95,41,67,137
1,96,41,73,137
1,97,41,24,137
1,98,41,68,137
1,99,41,29,137
1,100,41,79,137
1,101,41,80,137
1,102,41,83,137
1,103,41,63,137
1,104,41,2,137
1,105,41,13,137
1,106,41,78,137
1,107,41,82,137
1,108,41,25,137
1,109,41,11,137
1,110,41,81,137
1,111,41,21,137
1,112,41,10,137
1,113,41,15,137
1,114,41,62,137
1,115,41,69,137
1,116,41,65,137
1,117,41,20,137
1,118,41,75,137
1,119,41,3,137
1,120,41,70,137
1,121,41,7,137
1,122,41,8,137
1,123,41,12,137
1,124,41,23,137
1,125,41,30,137
1,126,41,18,137
1,127,41,22,137
1,128,41,4,137
1,129,41,17,137
1,1,42,108,45
1,2,42,92,45
1,3,42,88,45
1,4,42,96,45
1,5,42,84,45
1,6,42,105,45
1,7,42,94,45
1,8,42,89,45
1,9,42,95,45
1,10,42,91,45
1,11,42,99,45
1,12,42,87,45
1,13,42,107,45
1,14,42,97,45
1,15,42,102,45
1,16,42,86,45
1,17,42,98,45
1,18,42,93,45
1,19,42,90,45
1,20,42,104,45
1,21,42,100,45
1,22,42,109,45
1,23,42,106,45
1,24,42,101,45
1,25,42,85,45
1,26,42,45,45
1,27,42,42,45
1,28,42,43,45
1,29,42,39,45
1,30,42,34,45
1,31,42,55,45
1,32,42,49,45
1,33,42,103,45
1,34,42,54,45
1,35,42,46,45
1,36,42,60,45
1,37,42,48,45
1,38,42,41,45
1,39,42,50,45
1,40,42,35,45
1,41,42,40,45
1,42,42,117,45
1,43,42,38,45
1,44,42,37,45
1,45,42,115,45
1,46,42,44,45
1,47,42,32,45
1,48,42,120,45
1,49,42,57,45
1,50,42,125,45
1,51,42,27,45
1,52,42,119,45
1,53,42,116,45
1,54,42,123,45
1,55,42,110,45
1,56,42,58,45
1,57,42,33,45
1,58,42,36,45
1,59,42,53,45
1,60,42,19,45
1,61,42,31,45
1,62,42,122,45
1,63,42,124,45
1,64,42,127,45
1,65,42,51,45
1,66,42,59,45
1,67,42,47,45
1,68,42,112,45
1,69,42,113,45
1,70,42,128,45
1,71,42,6,45
1,72,42,9,45
1,73,42,129,45
1,74,42,56,45
1,75,42,64,45
1,76,42,126,45
1,77,42,5,45
1,78,42,114,45
1,79,42,16,45
1,80,42,118,45
1,81,42,111,45
1,82,42,121,45
1,83,42,52,45
1,84,42,26,45
1,85,42,14,45
1,86,42,71,45
1,87,42,1,45
1,88,42,74,45
1,89,42,72,45
1,90,42,28,45
1,91,42,76,45
1,92,42,66,45
1,93,42,77,45
1,94,42,61,45
1,95,42,67,45
1,96,42,73,45
1,97,42,24,45
1,98,42,68,45
1,99,42,29,45
1,100,42,79,45
1,101,42,80,45
1,102,42,83,45
1,103,42,63,45
1,104,42,2,45
1,105,42,13,45
1,106,42,78,45
1,107,42,82,45
1,108,42,25,45
1,109,42,11,45
1,110,42,81,45
1,111,42,21,45
1,112,42,10,45
1,113,42,15,45
1,114,42,62,45
1,115,42,69,45
1,116,42,65,45
1,117,42,20,45
1,118,42,75,45
1,119,42,3,45
1,120,42,70,45
1,121,42,7,45
1,122,42,8,45
1,123,42,12,45
1,124,42,23,45
1,125,42,30,45
1,126,42,18,45
1,127,42,22,45
1,128,42,4,45
1,129,42,17,45
1,1,43,108,40
1,2,43,92,40
1,3,43,88,40
1,4,43,96,40
1,5,43,84,40
1,6,43,105,40
1,7,43,94,40
1,8,43,89,40
1,9,43,95,40
1,10,43,91,40
1,11,43,99,40
1,12,43,87,40
1,13,43,107,40
1,14,43,97,40
1,15,43,102,40
1,16,43,86,40
1,17,43,98,40
1,18,43,93,40
1,19,43,90,40
1,20,43,104,40
1,21,43,100,40
1,22,43,109,40
1,23,43,106,40
1,24,43,101,40
1,25,43,85,40
1,26,43,45,40
1,27,43,42,40
1,28,43,43,40
1,29,43,39,40
1,30,43,34,40
1,31,43,55,40
1,32,43,49,40
1,33,43,103,40
1,34,43,54,40
1,35,43,46,40
1,36,43,60,40
1,37,43,48,40
1,38,43,41,40
1,39,43,50,40
1,40,43,35,40
1,41,43,40,40
1,42,43,117,40
1,43,43,38,40
1,44,43,37,40
1,45,43,115,40
1,46,43,44,40
1,47,43,32,40
1,48,43,120,40
1,49,43,57,40
1,50,43,125,40
1,51,43,27,40
1,52,43,119,40
1,53,43,116,40
1,54,43,123,40
1,55,43,110,40
1,56,43,58,40
1,57,43,33,40
1,58,43,36,40
1,59,43,53,40
1,60,43,19,40
1,61,43,31,40
1,62,43,122,40
1,63,43,124,40
1,64,43,127,40
1,65,43,51,40
1,66,43,59,40
1,67,43,47,40
1,68,43,112,40
1,69,43,113,40
1,70,43,128,40
1,71,43,6,40
1,72,43,9,40
1,73,43,129,40
1,74,43,56,40
1,75,43,64,40
1,76,43,126,40
1,77,43,5,40
1,78,43,114,40
1,79,43,16,40
1,80,43,118,40
1,81,43,111,40
1,82,43,121,40
1,83,43,52,40
1,84,43,26,40
1,85,43,14,40
1,86,43,71,40
1,87,43,1,40
1,88,43,74,40
1,89,43,72,40
1,90,43,28,40
1,91,43,76,40
1,92,43,66,40
1,93,43,77,40
1,94,43,61,40
1,95,43,67,40
1,96,43,73,40
1,97,43,24,40
1,98,43,68,40
1,99,43,29,40
1,100,43,79,40
1,101,43,80,40
1,102,43,83,40
1,103,43,63,40
1,104,43,2,40
1,105,43,13,40
1,106,43,78,40
1,107,43,82,40
1,108,43,25,40
1,109,43,11,40
1,110,43,81,40
1,111,43,21,40
1,112,43,10,40
1,113,43,15,40
1,114,43,62,40
1,115,43,69,40
1,116,43,65,40
1,117,43,20,40
1,118,43,75,40
1,119,43,3,40
1,120,43,70,40
1,121,43,7,40
1,122,43,8,40
1,123,43,12,40
1,124,43,23,40
1,125,43,30,40
1,126,43,18,40
1,127,43,22,40
1,128,43,4,40
1,129,43,17,40
1,1,44,108,198
1,2,44,92,198
1,3,44,88,198
1,4,44,96,198
1,5,44,84,198
1,6,44,105,198
1,7,44,94,198
1,8,44,89,198
1,9,44,95,198
1,10,44,91,198
1,11,44,99,198
1,12,44,87,198
1,13,44,107,198
1,14,44,97,198
1,15,44,102,198
1,16,44,86,198
1,17,44,98,198
1,18,44,93,198
1,19,44,90,198
1,20,44,104,198
1,21,44,100,198
1,22,44,109,198
1,23,44,106,198
1,24,44,101,198
1,25,44,85,198
1,26,44,45,198
1,27,44,42,198
1,28,44,43,198
1,29,44,39,198
1,30,44,34,198
1,31,44,55,198
1,32,44,49,198
1,33,44,103,198
1,34,44,54,198
1,35,44,46,198
1,36,44,60,198
1,37,44,48,198
1,38,44,41,198
1,39,44,50,198
1,40,44,35,198
1,41,44,40,198
1,42,44,117,198
1,43,44,38,198
1,44,44,37,198
1,45,44,115,198
1,46,44,44,198
1,47,44,32,198
1,48,44,120,198
1,49,44,57,198
1,50,44,125,198
1,51,44,27,198
1,52,44,119,198
1,53,44,116,198
1,54,44,123,198
1,55,44,110,198
1,56,44,58,198
1,57,44,33,198
1,58,44,36,198
1,59,44,53,198
1,60,44,19,198
1,61,44,31,198
1,62,44,122,198
1,63,44,124,198
1,64,44,127,198
1,65,44,51,198
1,66,44,59,198
1,67,44,47,198
1,68,44,112,198
1,69,44,113,198
1,70,44,128,198
1,71,44,6,198
1,72,44,9,198
1,73,44,129,198
1,74,44,56,198
1,75,44,64,198
1,76,44,126,198
1,77,44,5,198
1,78,44,114,198
1,79,44,16,198
1,80,44,118,198
1,81,44,111,198
1,82,44,121,198
1,83,44,52,198
1,84,44,26,198
1,85,44,14,198
1,86,44,71,198
1,87,44,1,198
1,88,44,74,198
1,89,44,72,198
1,90,44,28,198
1,91,44,76,198
1,92,44,66,198
1,93,44,77,198
1,94,44,61,198
1,95,44,67,198
1,96,44,73,198
1,97,44,24,198
1,98,44,68,198
1,99,44,29,198
1,100,44,79,198
1,101,44,80,198
1,102,44,83,198
1,103,44,63,198
1,104,44,2,198
1,105,44,13,198
1,106,44,78,198
1,107,44,82,198
1,108,44,25,198
1,109,44,11,198
1,110,44,81,198
1,111,44,21,198
1,112,44,10,198
1,113,44,15,198
1,114,44,62,198
1,115,44,69,198
1,116,44,65,198
1,117,44,20,198
1,118,44,75,198
1,119,44,3,198
1,120,44,70,198
1,121,44,7,198
1,122,44,8,198
1,123,44,12,198
1,124,44,23,198
1,125,44,30,198
1,126,44,18,198
1,127,44,22,198
1,128,44,4,198
1,129,44,17,198
1,1,45,108,158
1,2,45,92,158
1,3,45,88,158
1,4,45,96,158
1,5,45,84,158
1,6,45,105,158
1,7,45,94,158
1,8,45,89,158
1,9,45,95,158
1,10,45,91,158
1,11,45,99,158
1,12,45,87,158
1,13,45,107,158
1,14,45,97,158
1,15,45,102,158
1,16,45,86,158
1,17,45,98,158
1,18,45,93,158
1,19,45,90,158
1,20,45,104,158
1,21,45,100,158
1,22,45,109,158
1,23,45,106,158
1,24,45,101,158
1,25,45,85,158
1,26,45,45,158
1,27,45,42,158
1,28,45,43,158
1,29,45,39,158
1,30,45,34,158
1,31,45,55,158
1,32,45,49,158
1,33,45,103,158
1,34,45,54,158
1,35,45,46,158
1,36,45,60,158
1,37,45,48,158
1,38,45,41,158
1,39,45,50,158
1,40,45,35,158
1,41,45,40,158
1,42,45,117,158
1,43,45,38,158
1,44,45,37,158
1,45,45,115,158
1,46,45,44,158
1,47,45,32,158
1,48,45,120,158
1,49,45,57,158
1,50,45,125,158
1,51,45,27,158
1,52,45,119,158
1,53,45,116,158
1,54,45,123,158
1,55,45,110,158
1,56,45,58,158
1,57,45,33,158
1,58,45,36,158
1,59,45,53,158
1,60,45,19,158
1,61,45,31,158
1,62,45,122,158
1,63,45,124,158
1,64,45,127,158
1,65,45,51,158
1,66,45,59,158
1,67,45,47,158
1,68,45,112,158
1,69,45,113,158
1,70,45,128,158
1,71,45,6,158
1,72,45,9,158
1,73,45,129,158
1,74,45,56,158
1,75,45,64,158
1,76,45,126,158
1,77,45,5,158
1,78,45,114,158
1,79,45,16,158
1,80,45,118,158
1,81,45,111,158
1,82,45,121,158
1,83,45,52,158
1,84,45,26,158
1,85,45,14,158
1,86,45,71,158
1,87,45,1,158
1,88,45,74,158
1,89,45,72,158
1,90,45,28,158
1,91,45,76,158
1,92,45,66,158
1,93,45,77,158
1,94,45,61,158
1,95,45,67,158
1,96,45,73,158
1,97,45,24,158
1,98,45,68,158
1,99,45,29,158
1,100,45,79,158
1,101,45,80,158
1,102,45,83,158
1,103,45,63,158
1,104,45,2,158
1,105,45,13,158
1,106,45,78,158
1,107,45,82,158
1,108,45,25,158
1,109,45,11,158
1,110,45,81,158
1,111,45,21,158
1,112,45,10,158
1,113,45,15,158
1,114,45,62,158
1,115,45,69,158
1,116,45,65,158
1,117,45,20,158
1,118,45,75,158
1,119,45,3,158
1,120,45,70,158
1,121,45,7,158
1,122,45,8,158
1,123,45,12,158
1,124,45,23,158
1,125,45,30,158
1,126,45,18,158
1,127,45,22,158
1,128,45,4,158
1,129,45,17,158
1,1,46,108,59
1,2,46,92,59
1,3,46,88,59
1,4,46,96,59
1,5,46,84,59
1,6,46,105,59
1,7,46,94,59
1,8,46,89,59
1,9,46,95,59
1,10,46,91,59
1,11,46,99,59
1,12,46,87,59
1,13,46,107,59
1,14,46,97,59
1,15,46,102,59
1,16,46,86,59
1,17,46,98,59
1,18,46,93,59
1,19,46,90,59
1,20,46,104,59
1,21,46,100,59
1,22,46,109,59
1,23,46,106,59
1,24,46,101,59
1,25,46,85,59
1,26,46,45,59
1,27,46,42,59
1,28,46,43,59
1,29,46,39,59
1,30,46,34,59
1,31,46,55,59
1,32,46,49,59
1,33,46,103,59
1,34,46,54,59
1,35,46,46,59
1,36,46,60,59
1,37,46,48,59
1,38,46,41,59
1,39,46,50,59
1,40,46,35,59
1,41,46,40,59
1,42,46,117,59
1,43,46,38,59
1,44,46,37,59
1,45,46,115,59
1,46,46,44,59
1,47,46,32,59
1,48,46,120,59
1,49,46,57,59
1,50,46,125,59
1,51,46,27,59
1,52,46,119,59
1,53,46,116,59
1,54,46,123,59
1,55,46,110,59
1,56,46,58,59
1,57,46,33,59
1,58,46,36,59
1,59,46,53,59
1,60,46,19,59
1,61,46,31,59
1,62,46,122,59
1,63,46,124,59
1,64,46,127,59
1,65,46,51,59
1,66,46,59,59
1,67,46,47,59
1,68,46,112,59
1,69,46,113,59
1,70,46,128,59
1,71,46,6,59
1,72,46,9,59
1,73,46,129,59
1,74,46,56,59
1,75,46,64,59
1,76,46,126,59
1,77,46,5,59
1,78,46,114,59
1,79,46,16,59
1,80,46,118,59
1,81,46,111,59
1,82,46,121,59
1,83,46,52,59
1,84,46,26,59
1,85,46,14,59
1,86,46,71,59
1,87,46,1,59
1,88,46,74,59
1,89,46,72,59
1,90,46,28,59
1,91,46,76,59
1,92,46,66,59
1,93,46,77,59
1,94,46,61,59
1,95,46,67,59
1,96,46,73,59
1,97,46,24,59
1,98,46,68,59
1,99,46,29,59
1,100,46,79,59
1,101,46,80,59
1,102,46,83,59
1,103,46,63,59
1,104,46,2,59
1,105,46,13,59
1,106,46,78,59
1,107,46,82,59
1,108,46,25,59
1,109,46,11,59
1,110,46,81,59
1,111,46,21,59
1,112,46,10,59
1,113,46,15,59
1,114,46,62,59
1,115,46,69,59
1,116,46,65,59
1,117,46,20,59
1,118,46,75,59
1,119,46,3,59
1,120,46,70,59
1,121,46,7,59
1,122,46,8,59
1,123,46,12,59
1,124,46,23,59
1,125,46,30,59
1,126,46,18,59
1,127,46,22,59
1,128,46,4,59
1,129,46,17,59
1,1,47,108,177
1,2,47,92,177
1,3,47,88,177
1,4,47,96,177
1,5,47,84,177
1,6,47,105,177
1,7,47,94,177
1,8,47,89,177
1,9,47,95,177
1,10,47,91,177
1,11,47,99,177
1,12,47,87,177
1,13,47,107,177
1,14,47,97,177
1,15,47,102,177
1,16,47,86,177
1,17,47,98,177
1,18,47,93,177
1,19,47,90,177
1,20,47,104,177
1,21,47,100,177
1,22,47,109,177
1,23,47,106,177
1,24,47,101,177
1,25,47,85,177
1,26,47,45,177
1,27,47,42,177
1,28,47,43,177
1,29,47,39,177
1,30,47,34,177
1,31,47,55,177
1,32,47,49,177
1,33,47,103,177
1,34,47,54,177
1,35,47,46,177
1,36,47,60,177
1,37,47,48,177
1,38,47,41,177
1,39,47,50,177
1,40,47,35,177
1,41,47,40,177
1,42,47,117,177
1,43,47,38,177
1,44,47,37,177
1,45,47,115,177
1,46,47,44,177
1,47,47,32,177
1,48,47,120,177
1,49,47,57,177
1,50,47,125,177
1,51,47,27,177
1,52,47,119,177
1,53,47,116,177
1,54,47,123,177
1,55,47,110,177
1,56,47,58,177
1,57,47,33,177
1,58,47,36,177
1,59,47,53,177
1,60,47,19,177
1,61,47,31,177
1,62,47,122,177
1,63,47,124,177
1,64,47,127,177
1,65,47,51,177
1,66,47,59,177
1,67,47,47,177
1,68,47,112,177
1,69,47,113,177
1,70,47,128,177
1,71,47,6,177
1,72,47,9,177
1,73,47,129,177
1,74,47,56,177
1,75,47,64,177
1,76,47,126,177
1,77,47,5,177
1,78,47,114,177
1,79,47,16,177
1,80,47,118,177
1,81,47,111,177
1,82,47,121,177
1,83,47,52,177
1,84,47,26,177
1,85,47,14,177
1,86,47,71,177
1,87,47,1,177
1,88,47,74,177
1,89,47,72,177
1,90,47,28,177
1,91,47,76,177
1,92,47,66,177
1,93,47,77,177
1,94,47,61,177
1,95,47,67,177
1,96,47,73,177
1,97,47,24,177
1,98,47,68,177
1,99,47,29,177
1,100,47,79,177
1,101,47,80,177
1,102,47,83,177
1,103,47,63,177
1,104,47,2,177
1,105,47,13,177
1,106,47,78,177
1,107,47,82,177
1,108,47,25,177
1,109,47,11,177
1,110,47,81,177
1,111,47,21,177
1,112,47,10,177
1,113,47,15,177
1,114,47,62,177
1,115,47,69,177
1,116,47,65,177
1,117,47,20,177
1,118,47,75,177
1,119,47,3,177
1,120,47,70,177
1,121,47,7,177
1,122,47,8,177
1,123,47,12,177
1,124,47,23,177
1,125,47,30,177
1,126,47,18,177
1,127,47,22,177
1,128,47,4,177
1,129,47,17,177
1,1,48,108,194
1,2,48,92,194
1,3,48,88,194
1,4,48,96,194
1,5,48,84,194
1,6,48,105,194
1,7,48,94,194
1,8,48,89,194
1,9,48,95,194
1,10,48,91,194
1,11,48,99,194
1,12,48,87,194
1,13,48,107,194
1,14,48,97,194
1,15,48,102,194
1,16,48,86,194
1,17,48,98,194
1,18,48,93,194
1,19,48,90,194
1,20,48,104,194
1,21,48,100,194
1,22,48,109,194
1,23,48,106,194
1,24,48,101,194
1,25,48,85,194
1,26,48,45,194
1,27,48,42,194
1,28,48,43,194
1,29,48,39,194
1,30,48,34,194
1,31,48,55,194
1,32,48,49,194
1,33,48,103,194
1,34,48,54,194
1,35,48,46,194
1,36,48,60,194
1,37,48,48,194
1,38,48,41,194
1,39,48,50,194
1,40,48,35,194
1,41,48,40,194
1,42,48,117,194
1,43,48,38,194
1,44,48,37,194
1,45,48,115,194
1,46,48,44,194
1,47,48,32,194
1,48,48,120,194
1,49,48,57,194
1,50,48,125,194
1,51,48,27,194
1,52,48,119,194
1,53,48,116,194
1,54,48,123,194
1,55,48,110,194
1,56,48,58,194
1,57,48,33,194
1,58,48,36,194
1,59,48,53,194
1,60,48,19,194
1,61,48,31,194
1,62,48,122,194
1,63,48,124,194
1,64,48,127,194
1,65,48,51,194
1,66,48,59,194
1,67,48,47,194
1,68,48,112,194
1,69,48,113,194
1,70,48,128,194
1,71,48,6,194
1,72,48,9,194
1,73,48,129,194
1,74,48,56,194
1,75,48,64,194
1,76,48,126,194
1,77,48,5,194
1,78,48,114,194
1,79,48,16,194
1,80,48,118,194
1,81,48,111,194
1,82,48,121,194
1,83,48,52,194
1,84,48,26,194
1,85,48,14,194
1,86,48,71,194
1,87,48,1,194
1,88,48,74,194
1,89,48,72,194
1,90,48,28,194
1,91,48,76,194
1,92,48,66,194
1,93,48,77,194
1,94,48,61,194
1,95,48,67,194
1,96,48,73,194
1,97,48,24,194
1,98,48,68,194
1,99,48,29,194
1,100,48,79,194
1,101,48,80,194
1,102,48,83,194
1,103,48,63,194
1,104,48,2,194
1,105,48,13,194
1,106,48,78,194
1,107,48,82,194
1,108,48,25,194
1,109,48,11,194
1,110,48,81,194
1,111,48,21,194
1,112,48,10,194
1,113,48,15,194
1,114,48,62,194
1,115,48,69,194
1,116,48,65,194
1,117,48,20,194
1,118,48,75,194
1,119,48,3,194
1,120,48,70,194
1,121,48,7,194
1,122,48,8,194
1,123,48,12,194
1,124,48,23,194
1,125,48,30,194
1,126,48,18,194
1,127,48,22,194
1,128,48,4,194
1,129,48,17,194
1,1,49,108,121
1,2,49,92,121
1,3,49,88,121
1,4,49,96,121
1,5,49,84,121
1,6,49,105,121
1,7,49,94,121
1,8,49,89,121
1,9,49,95,121
1,10,49,91,121
1,11,49,99,121
1,12,49,87,121
1,13,49,107,121
1,14,49,97,121
1,15,49,102,121
1,16,49,86,121
1,17,49,98,121
1,18,49,93,121
1,19,49,90,121
1,20,49,104,121
1,21,49,100,121
1,22,49,109,121
1,23,49,106,121
1,24,49,101,121
1,25,49,85,121
1,26,49,45,121
1,27,49,42,121
1,28,49,43,121
1,29,49,39,121
1,30,49,34,121
1,31,49,55,121
1,32,49,49,121
1,33,49,103,121
1,34,49,54,121
1,35,49,46,121
1,36,49,60,121
1,37,49,48,121
1,38,49,41,121
1,39,49,50,121
1,40,49,35,121
1,41,49,40,121
1,42,49,117,121
1,43,49,38,121
1,44,49,37,121
1,45,49,115,121
1,46,49,44,121
1,47,49,32,121
1,48,49,120,121
1,49,49,57,121
1,50,49,125,121
1,51,49,27,121
1,52,49,119,121
1,53,49,116,121
1,54,49,123,121
1,55,49,110,121
1,56,49,58,121
1,57,49,33,121
1,58,49,36,121
1,59,49,53,121
1,60,49,19,121
1,61,49,31,121
1,62,49,122,121
1,63,49,124,121
1,64,49,127,121
1,65,49,51,121
1,66,49,59,121
1,67,49,47,121
1,68,49,112,121
1,69,49,113,121
1,70,49,128,121
1,71,49,6,121
1,72,49,9,121
1,73,49,129,121
1,74,49,56,121
1,75,49,64,121
1,76,49,126,121
1,77,49,5,121
1,78,49,114,121
1,79,49,16,121
1,80,49,118,121
1,81,49,111,121
1,82,49,121,121
1,83,49,52,121
1,84,49,26,121
1,85,49,14,121
1,86,49,71,121
1,87,49,1,121
1,88,49,74,121
1,89,49,72,121
1,90,49,28,121
1,91,49,76,121
1,92,49,66,121
1,93,49,77,121
1,94,49,61,121
1,95,49,67,121
1,96,49,73,121
1,97,49,24,121
1,98,49,68,121
1,99,49,29,121
1,100,49,79,121
1,101,49,80,121
1,102,49,83,121
1,103,49,63,121
1,104,49,2,121
1,105,49,13,121
1,106,49,78,121
1,107,49,82,121
1,108,49,25,121
1,109,49,11,121
1,110,49,81,121
1,111,49,21,121
1,112,49,10,121
1,113,49,15,121
1,114,49,62,121
1,115,49,69,121
1,116,49,65,121
1,117,49,20,121
1,118,49,75,121
1,119,49,3,121
1,120,49,70,121
1,121,49,7,121
1,122,49,8,121
1,123,49,12,121
1,124,49,23,121
1,125,49,30,121
1,126,49,18,121
1,127,49,22,121
1,128,49,4,121
1,129,49,17,121
1,1,50,108,117
1,2,50,92,117
1,3,50,88,117
1,4,50,96,117
1,5,50,84,117
1,6,50,105,117
1,7,50,94,117
1,8,50,89,117
1,9,50,95,117
1,10,50,91,117
1,11,50,99,117
1,12,50,87,117
1,13,50,107,117
1,14,50,97,117
1,15,50,102,117
1,16,50,86,117
1,17,50,98,117
1,18,50,93,117
1,19,50,90,117
1,20,50,104,117
1,21,50,100,117
1,22,50,109,117
1,23,50,106,117
1,24,50,101,117
1,25,50,85,117
14,26,50,45,117
14,27,50,42,117
14,28,50,43,117
14,29,50,39,117
14,30,50,34,117
14,31,50,55,117
14,32,50,49,117
14,33,50,103,117
14,34,50,54,117
14,35,50,46,117
14,36,50,60,117
14,37,50,48,117
14,38,50,41,117
14,39,50,50,117
14,40,50,35,117
14,41,50,40,117
14,42,50,117,117
14,43,50,38,117
14,44,50,37,117
1,45,50,115,117
1,46,50,44,117
1,47,50,32,117
1,48,50,120,117
1,49,50,57,117
1,50,50,125,117
1,51,50,27,117
1,52,50,119,117
1,53,50,116,117
1,54,50,123,117
1,55,50,110,117
1,56,50,58,117
1,57,50,33,117
1,58,50,36,117
1,59,50,53,117
1,60,50,19,117
1,61,50,31,117
1,62,50,122,117
1,63,50,124,117
1,64,50,127,117
1,65,50,51,117
1,66,50,59,117
1,67,50,47,117
1,68,50,112,117
1,69,50,113,117
1,70,50,128,117
1,71,50,6,117
1,72,50,9,117
1,73,50,129,117
1,74,50,56,117
1,75,50,64,117
1,76,50,126,117
1,77,50,5,117
1,78,50,114,117
1,79,50,16,117
1,80,50,118,117
1,81,50,111,117
1,82,50,121,117
1,83,50,52,117
1,84,50,26,117
1,85,50,14,117
1,86,50,71,117
1,87,50,1,117
1,88,50,74,117
1,89,50,72,117
1,90,50,28,117
1,91,50,76,117
1,92,50,66,117
1,93,50,77,117
1,94,50,61,117
1,95,50,67,117
1,96,50,73,117
1,97,50,24,117
1,98,50,68,117
1,99,50,29,117
1,100,50,79,117
1,101,50,80,117
1,102,50,83,117
1,103,50,63,117
1,104,50,2,117
1,105,50,13,117
1,106,50,78,117
1,107,50,82,117
1,108,50,25,117
1,109,50,11,117
1,110,50,81,117
1,111,50,21,117
1,112,50,10,117
1,113,50,15,117
1,114,50,62,117
1,115,50,69,117
1,116,50,65,117
1,117,50,20,117
1,118,50,75,117
1,119,50,3,117
1,120,50,70,117
1,121,50,7,117
1,122,50,8,117
1,123,50,12,117
1,124,50,23,117
1,125,50,30,117
1,126,50,18,117
1,127,50,22,117
1,128,50,4,117
1,129,50,17,117
1,1,51,108,96
1,2,51,92,96
1,3,51,88,96
1,4,51,96,96
1,5,51,84,96
1,6,51,105,96
1,7,51,94,96
1,8,51,89,96
1,9,51,95,96
1,10,51,91,96
1,11,51,99,96
1,12,51,87,96
1,13,51,107,96
1,14,51,97,96
1,15,51,102,96
1,16,51,86,96
1,17,51,98,96
1,18,51,93,96
1,19,51,90,96
1,20,51,104,96
1,21,51,100,96
1,22,51,109,96
1,23,51,106,96
1,24,51,101,96
1,25,51,85,96
14,26,51,45,96
14,27,51,42,96
14,28,51,43,96
14,29,51,39,96
14,30,51,34,96
14,31,51,55,96
14,32,51,49,96
14,33,51,103,96
14,34,51,54,96
14,35,51,46,96
14,36,51,60,96
14,37,51,48,96
14,38,51,41,96
14,39,51,50,96
14,40,51,35,96
14,41,51,40,96
14,42,51,117,96
14,43,51,38,96
14,44,51,37,96
1,45,51,115,96
1,46,51,44,96
1,47,51,32,96
1,48,51,120,96
1,49,51,57,96
1,50,51,125,96
1,51,51,27,96
1,52,51,119,96
1,53,51,116,96
1,54,51,123,96
1,55,51,110,96
1,56,51,58,96
1,57,51,33,96
1,58,51,36,96
1,59,51,53,96
1,60,51,19,96
1,61,51,31,96
1,62,51,122,96
1,63,51,124,96
1,64,51,127,96
1,65,51,51,96
1,66,51,59,96
1,67,51,47,96
1,68,51,112,96
1,69,51,113,96
1,70,51,128,96
1,71,51,6,96
1,72,51,9,96
1,73,51,129,96
1,74,51,56,96
1,75,51,64,96
1,76,51,126,96
1,77,51,5,96
1,78,51,114,96
1,79,51,16,96
1,80,51,118,96
1,81,51,111,96
1,82,51,121,96
1,83,51,52,96
1,84,51,26,96
1,85,51,14,96
1,86,51,71,96
1,87,51,1,96
1,88,51,74,96
1,89,51,72,96
1,90,51,28,96
1,91,51,76,96
1,92,51,66,96
1,93,51,77,96
1,94,51,61,96
1,95,51,67,96
1,96,51,73,96
1,97,51,24,96
1,98,51,68,96
1,99,51,29,96
1,100,51,79,96
1,101,51,80,96
1,102,51,83,96
1,103,51,63,96
1,104,51,2,96
1,105,51,13,96
1,106,51,78,96
1,107,51,82,96
1,108,51,25,96
1,109,51,11,96
1,110,51,81,96
1,111,51,21,96
1,112,51,10,96
1,113,51,15,96
1,114,51,62,96
1,115,51,69,96
1,116,51,65,96
1,117,51,20,96
1,118,51,75,96
1,119,51,3,96
1,120,51,70,96
1,121,51,7,96
1,122,51,8,96
1,123,51,12,96
1,124,51,23,96
1,125,51,30,96
1,126,51,18,96
1,127,51,22,96
1,128,51,4,96
1,129,51,17,96
1,1,52,108,37
1,2,52,92,37
1,3,52,88,37
1,4,52,96,37
1,5,52,84,37
1,6,52,105,37
1,7,52,94,37
1,8,52,89,37
1,9,52,95,37
1,10,52,91,37
1,11,52,99,37
1,12,52,87,37
1,13,52,107,37
1,14,52,97,37
1,15,52,102,37
1,16,52,86,37
1,17,52,98,37
1,18,52,93,37
1,19,52,90,37
1,20,52,104,37
1,21,52,100,37
1,22,52,109,37
1,23,52,106,37
1,24,52,101,37
1,25,52,85,37
1,26,52,45,37
1,27,52,42,37
1,28,52,43,37
1,29,52,39,37
1,30,52,34,37
1,31,52,55,37
1,32,52,49,37
1,33,52,103,37
1,34,52,54,37
1,35,52,46,37
1,36,52,60,37
1,37,52,48,37
1,38,52,41,37
1,39,52,50,37
1,40,52,35,37
1,41,52,40,37
1,42,52,117,37
1,43,52,38,37
1,44,52,37,37
1,45,52,115,37
1,46,52,44,37
1,47,52,32,37
1,48,52,120,37
1,49,52,57,37
1,50,52,125,37
1,51,52,27,37
1,52,52,119,37
1,53,52,116,37
1,54,52,123,37
1,55,52,110,37
1,56,52,58,37
1,57,52,33,37
1,58,52,36,37
1,59,52,53,37
1,60,52,19,37
1,61,52,31,37
1,62,52,122,37
1,63,52,124,37
1,64,52,127,37
1,65,52,51,37
1,66,52,59,37
1,67,52,47,37
1,68,52,112,37
1,69,52,113,37
1,70,52,128,37
1,71,52,6,37
1,72,52,9,37
1,73,52,129,37
1,74,52,56,37
1,75,52,64,37
1,76,52,126,37
1,77,52,5,37
1,78,52,114,37
1,79,52,16,37
1,80,52,118,37
1,81,52,111,37
1,82,52,121,37
1,83,52,52,37
1,84,52,26,37
1,85,52,14,37
1,86,52,71,37
1,87,52,1,37
1,88,52,74,37
1,89,52,72,37
1,90,52,28,37
1,91,52,76,37
1,92,52,66,37
1,93,52,77,37
1,94,52,61,37
1,95,52,67,37
1,96,52,73,37
1,97,52,24,37
1,98,52,68,37
1,99,52,29,37
1,100,52,79,37
1,101,52,80,37
1,102,52,83,37
1,103,52,63,37
1,104,52,2,37
1,105,52,13,37
1,106,52,78,37
1,107,52,82,37
1,108,52,25,37
1,109,52,11,37
1,110,52,81,37
1,111,52,21,37
1,112,52,10,37
1,113,52,15,37
1,114,52,62,37
1,115,52,69,37
1,116,52,65,37
1,117,52,20,37
1,118,52,75,37
1,119,52,3,37
1,120,52,70,37
1,121,52,7,37
1,122,52,8,37
1,123,52,12,37
1,124,52,23,37
1,125,52,30,37
1,126,52,18,37
1,127,52,22,37
1,128,52,4,37
1,129,52,17,37
1,1,53,108,86
1,2,53,92,86
1,3,53,88,86
1,4,53,96,86
1,5,53,84,86
1,6,53,105,86
1,7,53,94,86
1,8,53,89,86
1,9,53,95,86
1,10,53,91,86
1,11,53,99,86
1,12,53,87,86
1,13,53,107,86
1,14,53,97,86
1,15,53,102,86
1,16,53,86,86
1,17,53,98,86
1,18,53,93,86
1,19,53,90,86
1,20,53,104,86
1,21,53,100,86
1,22,53,109,86
1,23,53,106,86
1,24,53,101,86
1,25,53,85,86
1,26,53,45,86
1,27,53,42,86
1,28,53,43,86
1,29,53,39,86
1,30,53,34,86
1,31,53,55,86
1,32,53,49,86
1,33,53,103,86
1,34,53,54,86
1,35,53,46,86
1,36,53,60,86
1,37,53,48,86
1,38,53,41,86
1,39,53,50,86
1,40,53,35,86
1,41,53,40,86
1,42,53,117,86
1,43,53,38,86
1,44,53,37,86
1,45,53,115,86
1,46,53,44,86
1,47,53,32,86
1,48,53,120,86
1,49,53,57,86
1,50,53,125,86
1,51,53,27,86
1,52,53,119,86
1,53,53,116,86
1,54,53,123,86
1,55,53,110,86
1,56,53,58,86
1,57,53,33,86
1,58,53,36,86
1,59,53,53,86
1,60,53,19,86
1,61,53,31,86
1,62,53,122,86
1,63,53,124,86
1,64,53,127,86
1,65,53,51,86
1,66,53,59,86
1,67,53,47,86
1,68,53,112,86
1,69,53,113,86
1,70,53,128,86
1,71,53,6,86
1,72,53,9,86
1,73,53,129,86
1,74,53,56,86
1,75,53,64,86
1,76,53,126,86
1,77,53,5,86
1,78,53,114,86
1,79,53,16,86
1,80,53,118,86
1,81,53,111,86
1,82,53,121,86
1,83,53,52,86
1,84,53,26,86
1,85,53,14,86
1,86,53,71,86
1,87,53,1,86
1,88,53,74,86
1,89,53,72,86
1,90,53,28,86
1,91,53,76,86
1,92,53,66,86
1,93,53,77,86
1,94,53,61,86
1,95,53,67,86
1,96,53,73,86
1,97,53,24,86
1,98,53,68,86
1,99,53,29,86
1,100,53,79,86
1,101,53,80,86
1,102,53,83,86
1,103,53,63,86
1,104,53,2,86
1,105,53,13,86
1,106,53,78,86
1,107,53,82,86
1,108,53,25,86
1,109,53,11,86
1,110,53,81,86
1,111,53,21,86
1,112,53,10,86
1,113,53,15,86
1,114,53,62,86
1,115,53,69,86
1,116,53,65,86
1,117,53,20,86
1,118,53,75,86
1,119,53,3,86
1,120,53,70,86
1,121,53,7,86
1,122,53,8,86
1,123,53,12,86
1,124,53,23,86
1,125,53,30,86
1,126,53,18,86
1,127,53,22,86
1,128,53,4,86
1,129,53,17,86
1,1,54,108,147
1,2,54,92,147
1,3,54,88,147
1,4,54,96,147
1,5,54,84,147
1,6,54,105,147
1,7,54,94,147
1,8,54,89,147
1,9,54,95,147
1,10,54,91,147
1,11,54,99,147
1,12,54,87,147
1,13,54,107,147
1,14,54,97,147
1,15,54,102,147
1,16,54,86,147
1,17,54,98,147
1,18,54,93,147
1,19,54,90,147
1,20,54,104,147
1,21,54,100,147
1,22,54,109,147
1,23,54,106,147
1,24,54,101,147
1,25,54,85,147
1,26,54,45,147
1,27,54,42,147
1,28,54,43,147
1,29,54,39,147
1,30,54,34,147
1,31,54,55,147
1,32,54,49,147
1,33,54,103,147
1,34,54,54,147
1,35,54,46,147
1,36,54,60,147
1,37,54,48,147
1,38,54,41,147
1,39,54,50,147
1,40,54,35,147
1,41,54,40,147
1,42,54,117,147
1,43,54,38,147
1,44,54,37,147
1,45,54,115,147
1,46,54,44,147
1,47,54,32,147
1,48,54,120,147
1,49,54,57,147
1,50,54,125,147
1,51,54,27,147
1,52,54,119,147
1,53,54,116,147
1,54,54,123,147
1,55,54,110,147
1,56,54,58,147
1,57,54,33,147
1,58,54,36,147
1,59,54,53,147
1,60,54,19,147
1,61,54,31,147
1,62,54,122,147
1,63,54,124,147
1,64,54,127,147
1,65,54,51,147
1,66,54,59,147
1,67,54,47,147
1,68,54,112,147
1,69,54,113,147
1,70,54,128,147
1,71,54,6,147
1,72,54,9,147
1,73,54,129,147
1,74,54,56,147
1,75,54,64,147
1,76,54,126,147
1,77,54,5,147
1,78,54,114,147
1,79,54,16,147
1,80,54,118,147
1,81,54,111,147
1,82,54,121,147
1,83,54,52,147
1,84,54,26,147
1,85,54,14,147
1,86,54,71,147
1,87,54,1,147
1,88,54,74,147
1,89,54,72,147
1,90,54,28,147
1,91,54,76,147
1,92,54,66,147
1,93,54,77,147
1,94,54,61,147
1,95,54,67,147
1,96,54,73,147
1,97,54,24,147
1,98,54,68,147
1,99,54,29,147
1,100,54,79,147
1,101,54,80,147
1,102,54,83,147
1,103,54,63,147
1,104,54,2,147
1,105,54,13,147
1,106,54,78,147
1,107,54,82,147
1,108,54,25,147
1,109,54,11,147
1,110,54,81,147
1,111,54,21,147
1,112,54,10,147
1,113,54,15,147
1,114,54,62,147
1,115,54,69,147
1,116,54,65,147
1,117,54,20,147
1,118,54,75,147
1,119,54,3,147
1,120,54,70,147
1,121,54,7,147
1,122,54,8,147
1,123,54,12,147
1,124,54,23,147
1,125,54,30,147
1,126,54,18,147
1,127,54,22,147
1,128,54,4,147
1,129,54,17,147
1,1,55,108,56
1,2,55,92,56
1,3,55,88,56
1,4,55,96,56
1,5,55,84,56
1,6,55,105,56
1,7,55,94,56
1,8,55,89,56
1,9,55,95,56
1,10,55,91,56
1,11,55,99,56
1,12,55,87,56
1,13,55,107,56
1,14,55,97,56
1,15,55,102,56
1,16,55,86,56
1,17,55,98,56
1,18,55,93,56
1,19,55,90,56
1,20,55,104,56
1,21,55,100,56
1,22,55,109,56
1,23,55,106,56
1,24,55,101,56
1,25,55,85,56
1,26,55,45,56
1,27,55,42,56
1,28,55,43,56
1,29,55,39,56
1,30,55,34,56
1,31,55,55,56
1,32,55,49,56
1,33,55,103,56
1,34,55,54,56
1,35,55,46,56
1,36,55,60,56
1,37,55,48,56
1,38,55,41,56
1,39,55,50,56
1,40,55,35,56
1,41,55,40,56
1,42,55,117,56
1,43,55,38,56
1,44,55,37,56
1,45,55,115,56
1,46,55,44,56
1,47,55,32,56
1,48,55,120,56
1,49,55,57,56
1,50,55,125,56
1,51,55,27,56
1,52,55,119,56
1,53,55,116,56
1,54,55,123,56
1,55,55,110,56
1,56,55,58,56
1,57,55,33,56
1,58,55,36,56
1,59,55,53,56
1,60,55,19,56
1,61,55,31,56
1,62,55,122,56
1,63,55,124,56
1,64,55,127,56
1,65,55,51,56
1,66,55,59,56
1,67,55,47,56
1,68,55,112,56
1,69,55,113,56
1,70,55,128,56
1,71,55,6,56
1,72,55,9,56
1,73,55,129,56
1,74,55,56,56
1,75,55,64,56
1,76,55,126,56
1,77,55,5,56
1,78,55,114,56
1,79,55,16,56
1,80,55,118,56
1,81,55,111,56
1,82,55,121,56
1,83,55,52,56
1,84,55,26,56
1,85,55,14,56
1,86,55,71,56
1,87,55,1,56
1,88,55,74,56
1,89,55,72,56
1,90,55,28,56
1,91,55,76,56
1,92,55,66,56
1,93,55,77,56
1,94,55,61,56
1,95,55,67,56
1,96,55,73,56
1,97,55,24,56
1,98,55,68,56
1,99,55,29,56
1,100,55,79,56
1,101,55,80,56
1,102,55,83,56
1,103,55,63,56
1,104,55,2,56
1,105,55,13,56
1,106,55,78,56
1,107,55,82,56
1,108,55,25,56
1,109,55,11,56
1,110,55,81,56
1,111,55,21,56
1,112,55,10,56
1,113,55,15,56
1,114,55,62,56
1,115,55,69,56
1,116,55,65,56
1,117,55,20,56
1,118,55,75,56
1,119,55,3,56
1,120,55,70,56
1,121,55,7,56
1,122,55,8,56
1,123,55,12,56
1,124,55,23,56
1,125,55,30,56
1,126,55,18,56
1,127,55,22,56
1,128,55,4,56
1,129,55,17,56
1,1,56,108,41
1,2,56,92,41
1,3,56,88,41
1,4,56,96,41
1,5,56,84,41
1,6,56,105,41
1,7,56,94,41
1,8,56,89,41
1,9,56,95,41
1,10,56,91,41
1,11,56,99,41
1,12,56,87,41
1,13,56,107,41
1,14,56,97,41
1,15,56,102,41
1,16,56,86,41
1,17,56,98,41
1,18,56,93,41
1,19,56,90,41
1,20,56,104,41
1,21,56,100,41
1,22,56,109,41
1,23,56,106,41
1,24,56,101,41
1,25,56,85,41
1,26,56,45,41
1,27,56,42,41
1,28,56,43,41
1,29,56,39,41
1,30,56,34,41
1,31,56,55,41
1,32,56,49,41
1,33,56,103,41
1,34,56,54,41
1,35,56,46,41
1,36,56,60,41
1,37,56,48,41
1,38,56,41,41
1,39,56,50,41
1,40,56,35,41
1,41,56,40,41
1,42,56,117,41
1,43,56,38,41
1,44,56,37,41
1,45,56,115,41
1,46,56,44,41
1,47,56,32,41
1,48,56,120,41
1,49,56,57,41
1,50,56,125,41
1,51,56,27,41
1,52,56,119,41
1,53,56,116,41
1,54,56,123,41
1,55,56,110,41
1,56,56,58,41
1,57,56,33,41
1,58,56,36,41
1,59,56,53,41
1,60,56,19,41
1,61,56,31,41
1,62,56,122,41
1,63,56,124,41
1,64,56,127,41
1,65,56,51,41
1,66,56,59,41
1,67,56,47,41
1,68,56,112,41
1,69,56,113,41
1,70,56,128,41
1,71,56,6,41
1,72,56,9,41
1,73,56,129,41
1,74,56,56,41
1,75,56,64,41
1,76,56,126,41
1,77,56,5,41
1,78,56,114,41
1,79,56,16,41
1,80,56,118,41
1,81,56,111,41
1,82,56,121,41
1,83,56,52,41
1,84,56,26,41
1,85,56,14,41
1,86,56,71,41
1,87,56,1,41
1,88,56,74,41
1,89,56,72,41
1,90,56,28,41
1,91,56,76,41
1,92,56,66,41
1,93,56,77,41
1,94,56,61,41
1,95,56,67,41
1,96,56,73,41
1,97,56,24,41
1,98,56,68,41
1,99,56,29,41
1,100,56,79,41
1,101,56,80,41
1,102,56,83,41
1,103,56,63,41
1,104,56,2,41
1,105,56,13,41
1,106,56,78,41
1,107,56,82,41
1,108,56,25,41
1,109,56,11,41
1,110,56,81,41
1,111,56,21,41
1,112,56,10,41
1,113,56,15,41
1,114,56,62,41
1,115,56,69,41
1,116,56,65,41
1,117,56,20,41
1,118,56,75,41
1,119,56,3,41
1,120,56,70,41
1,121,56,7,41
1,122,56,8,41
1,123,56,12,41
1,124,56,23,41
1,125,56,30,41
1,126,56,18,41
1,127,56,22,41
1,128,56,4,41
1,129,56,17,41
1,1,57,108,6
1,2,57,92,6
1,3,57,88,6
1,4,57,96,6
1,5,57,84,6
1,6,57,105,6
1,7,57,94,6
1,8,57,89,6
1,9,57,95,6
1,10,57,91,6
1,11,57,99,6
1,12,57,87,6
1,13,57,107,6
1,14,57,97,6
1,15,57,102,6
1,16,57,86,6
1,17,57,98,6
1,18,57,93,6
1,19,57,90,6
1,20,57,104,6
1,21,57,100,6
1,22,57,109,6
1,23,57,106,6
1,24,57,101,6
1,25,57,85,6
1,26,57,45,6
1,27,57,42,6
1,28,57,43,6
1,29,57,39,6
1,30,57,34,6
1,31,57,55,6
1,32,57,49,6
1,33,57,103,6
1,34,57,54,6
1,35,57,46,6
1,36,57,60,6
1,37,57,48,6
1,38,57,41,6
1,39,57,50,6
1,40,57,35,6
1,41,57,40,6
1,42,57,117,6
1,43,57,38,6
1,44,57,37,6
1,45,57,115,6
1,46,57,44,6
1,47,57,32,6
1,48,57,120,6
1,49,57,57,6
1,50,57,125,6
1,51,57,27,6
1,52,57,119,6
1,53,57,116,6
1,54,57,123,6
1,55,57,110,6
1,56,57,58,6
1,57,57,33,6
1,58,57,36,6
1,59,57,53,6
1,60,57,19,6
1,61,57,31,6
1,62,57,122,6
1,63,57,124,6
1,64,57,127,6
1,65,57,51,6
1,66,57,59,6
1,67,57,47,6
1,68,57,112,6
1,69,57,113,6
1,70,57,128,6
1,71,57,6,6
1,72,57,9,6
1,73,57,129,6
1,74,57,56,6
1,75,57,64,6
1,76,57,126,6
1,77,57,5,6
1,78,57,114,6
1,79,57,16,6
1,80,57,118,6
1,81,57,111,6
1,82,57,121,6
1,83,57,52,6
1,84,57,26,6
1,85,57,14,6
1,86,57,71,6
1,87,57,1,6
1,88,57,74,6
1,89,57,72,6
1,90,57,28,6
1,91,57,76,6
1,92,57,66,6
1,93,57,77,6
1,94,57,61,6
1,95,57,67,6
1,96,57,73,6
1,97,57,24,6
1,98,57,68,6
1,99,57,29,6
1,100,57,79,6
1,101,57,80,6
1,102,57,83,6
1,103,57,63,6
1,104,57,2,6
1,105,57,13,6
1,106,57,78,6
1,107,57,82,6
1,108,57,25,6
1,109,57,11,6
1,110,57,81,6
1,111,57,21,6
1,112,57,10,6
1,113,57,15,6
1,114,57,62,6
1,115,57,69,6
1,116,57,65,6
1,117,57,20,6
1,118,57,75,6
1,119,57,3,6
1,120,57,70,6
1,121,57,7,6
1,122,57,8,6
1,123,57,12,6
1,124,57,23,6
1,125,57,30,6
1,126,57,18,6
1,127,57,22,6
1,128,57,4,6
1,129,57,17,6
1,1,58,108,53
1,2,58,92,53
1,3,58,88,53
1,4,58,96,53
1,5,58,84,53
1,6,58,105,53
1,7,58,94,53
1,8,58,89,53
1,9,58,95,53
1,10,58,91,53
1,11,58,99,53
1,12,58,87,53
1,13,58,107,53
1,14,58,97,53
1,15,58,102,53
1,16,58,86,53
1,17,58,98,53
1,18,58,93,53
1,19,58,90,53
1,20,58,104,53
1,21,58,100,53
1,22,58,109,53
1,23,58,106,53
1,24,58,101,53
1,25,58,85,53
1,26,58,45,53
1,27,58,42,53
1,28,58,43,53
1,29,58,39,53
1,30,58,34,53
1,31,58,55,53
1,32,58,49,53
1,33,58,103,53
1,34,58,54,53
1,35,58,46,53
1,36,58,60,53
1,37,58,48,53
1,38,58,41,53
1,39,58,50,53
1,40,58,35,53
1,41,58,40,53
1,42,58,117,53
1,43,58,38,53
1,44,58,37,53
1,45,58,115,53
1,46,58,44,53
1,47,58,32,53
1,48,58,120,53
1,49,58,57,53
1,50,58,125,53
1,51,58,27,53
1,52,58,119,53
1,53,58,116,53
1,54,58,123,53
1,55,58,110,53
1,56,58,58,53
1,57,58,33,53
1,58,58,36,53
1,59,58,53,53
1,60,58,19,53
1,61,58,31,53
1,62,58,122,53
1,63,58,124,53
1,64,58,127,53
1,65,58,51,53
1,66,58,59,53
1,67,58,47,53
1,68,58,112,53
1,69,58,113,53
1,70,58,128,53
1,71,58,6,53
1,72,58,9,53
1,73,58,129,53
1,74,58,56,53
1,75,58,64,53
1,76,58,126,53
1,77,58,5,53
1,78,58,114,53
1,79,58,16,53
1,80,58,118,53
1,81,58,111,53
1,82,58,121,53
1,83,58,52,53
1,84,58,26,53
1,85,58,14,53
1,86,58,71,53
1,87,58,1,53
1,88,58,74,53
1,89,58,72,53
1,90,58,28,53
1,91,58,76,53
1,92,58,66,53
1,93,58,77,53
1,94,58,61,53
1,95,58,67,53
1,96,58,73,53
1,97,58,24,53
1,98,58,68,53
1,99,58,29,53
1,100,58,79,53
1,101,58,80,53
1,102,58,83,53
1,103,58,63,53
1,104,58,2,53
1,105,58,13,53
1,106,58,78,53
1,107,58,82,53
1,108,58,25,53
1,109,58,11,53
1,110,58,81,53
1,111,58,21,53
1,112,58,10,53
1,113,58,15,53
1,114,58,62,53
1,115,58,69,53
1,116,58,65,53
1,117,58,20,53
1,118,58,75,53
1,119,58,3,53
1,120,58,70,53
1,121,58,7,53
1,122,58,8,53
1,123,58,12,53
1,124,58,23,53
1,125,58,30,53
1,126,58,18,53
1,127,58,22,53
1,128,58,4,53
1,129,58,17,53
1,1,59,108,178
1,2,59,92,178
1,3,59,88,178
1,4,59,96,178
1,5,59,84,178
1,6,59,105,178
1,7,59,94,178
1,8,59,89,178
1,9,59,95,178
1,10,59,91,178
1,11,59,99,178
1,12,59,87,178
1,13,59,107,178
1,14,59,97,178
1,15,59,102,178
1,16,59,86,178
1,17,59,98,178
1,18,59,93,178
1,19,59,90,178
1,20,59,104,178
1,21,59,100,178
1,22,59,109,178
1,23,59,106,178
1,24,59,101,178
1,25,59,85,178
1,26,59,45,178
1,27,59,42,178
1,28,59,43,178
1,29,59,39,178
1,30,59,34,178
1,31,59,55,178
1,32,59,49,178
1,33,59,103,178
1,34,59,54,178
1,35,59,46,178
1,36,59,60,178
1,37,59,48,178
1,38,59,41,178
1,39,59,50,178
1,40,59,35,178
1,41,59,40,178
1,42,59,117,178
1,43,59,38,178
1,44,59,37,178
1,45,59,115,178
1,46,59,44,178
1,47,59,32,178
1,48,59,120,178
1,49,59,57,178
1,50,59,125,178
1,51,59,27,178
1,52,59,119,178
1,53,59,116,178
1,54,59,123,178
1,55,59,110,178
1,56,59,58,178
1,57,59,33,178
1,58,59,36,178
1,59,59,53,178
1,60,59,19,178
1,61,59,31,178
1,62,59,122,178
1,63,59,124,178
1,64,59,127,178
1,65,59,51,178
1,66,59,59,178
1,67,59,47,178
1,68,59,112,178
1,69,59,113,178
1,70,59,128,178
1,71,59,6,178
1,72,59,9,178
1,73,59,129,178
1,74,59,56,178
1,75,59,64,178
1,76,59,126,178
1,77,59,5,178
1,78,59,114,178
1,79,59,16,178
1,80,59,118,178
1,81,59,111,178
1,82,59,121,178
1,83,59,52,178
1,84,59,26,178
1,85,59,14,178
1,86,59,71,178
1,87,59,1,178
1,88,59,74,178
1,89,59,72,178
1,90,59,28,178
1,91,59,76,178
1,92,59,66,178
1,93,59,77,178
1,94,59,61,178
1,95,59,67,178
1,96,59,73,178
1,97,59,24,178
1,98,59,68,178
1,99,59,29,178
1,100,59,79,178
1,101,59,80,178
1,102,59,83,178
1,103,59,63,178
1,104,59,2,178
1,105,59,13,178
1,106,59,78,178
1,107,59,82,178
1,108,59,25,178
1,109,59,11,178
1,110,59,81,178
1,111,59,21,178
1,112,59,10,178
1,113,59,15,178
1,114,59,62,178
1,115,59,69,178
1,116,59,65,178
1,117,59,20,178
1,118,59,75,178
1,119,59,3,178
1,120,59,70,178
1,121,59,7,178
1,122,59,8,178
1,123,59,12,178
1,124,59,23,178
1,125,59,30,178
1,126,59,18,178
1,127,59,22,178
1,128,59,4,178
1,129,59,17,178
1,1,60,108,90
1,2,60,92,90
1,3,60,88,90
1,4,60,96,90
1,5,60,84,90
1,6,60,105,90
1,7,60,94,90
1,8,60,89,90
1,9,60,95,90
1,10,60,91,90
1,11,60,99,90
1,12,60,87,90
1,13,60,107,90
1,14,60,97,90
1,15,60,102,90
1,16,60,86,90
1,17,60,98,90
1,18,60,93,90
1,19,60,90,90
1,20,60,104,90
1,21,60,100,90
1,22,60,109,90
1,23,60,106,90
1,24,60,101,90
1,25,60,85,90
1,26,60,45,90
1,27,60,42,90
1,28,60,43,90
1,29,60,39,90
1,30,60,34,90
1,31,60,55,90
1,32,60,49,90
1,33,60,103,90
1,34,60,54,90
1,35,60,46,90
1,36,60,60,90
1,37,60,48,90
1,38,60,41,90
1,39,60,50,90
1,40,60,35,90
1,41,60,40,90
1,42,60,117,90
1,43,60,38,90
1,44,60,37,90
1,45,60,115,90
1,46,60,44,90
1,47,60,32,90
1,48,60,120,90
1,49,60,57,90
1,50,60,125,90
1,51,60,27,90
1,52,60,119,90
1,53,60,116,90
1,54,60,123,90
1,55,60,110,90
1,56,60,58,90
1,57,60,33,90
1,58,60,36,90
1,59,60,53,90
1,60,60,19,90
1,61,60,31,90
1,62,60,122,90
1,63,60,124,90
1,64,60,127,90
1,65,60,51,90
1,66,60,59,90
1,67,60,47,90
1,68,60,112,90
1,69,60,113,90
1,70,60,128,90
1,71,60,6,90
1,72,60,9,90
1,73,60,129,90
1,74,60,56,90
1,75,60,64,90
1,76,60,126,90
1,77,60,5,90
1,78,60,114,90
1,79,60,16,90
1,80,60,118,90
1,81,60,111,90
1,82,60,121,90
1,83,60,52,90
1,84,60,26,90
1,85,60,14,90
1,86,60,71,90
1,87,60,1,90
1,88,60,74,90
1,89,60,72,90
1,90,60,28,90
1,91,60,76,90
1,92,60,66,90
1,93,60,77,90
1,94,60,61,90
1,95,60,67,90
1,96,60,73,90
1,97,60,24,90
1,98,60,68,90
1,99,60,29,90
1,100,60,79,90
1,101,60,80,90
1,102,60,83,90
1,103,60,63,90
1,104,60,2,90
1,105,60,13,90
1,106,60,78,90
1,107,60,82,90
1,108,60,25,90
1,109,60,11,90
1,110,60,81,90
1,111,60,21,90
1,112,60,10,90
1,113,60,15,90
1,114,60,62,90
1,115,60,69,90
1,116,60,65,90
1,117,60,20,90
1,118,60,75,90
1,119,60,3,90
1,120,60,70,90
1,121,60,7,90
1,122,60,8,90
1,123,60,12,90
1,124,60,23,90
1,125,60,30,90
1,126,60,18,90
1,127,60,22,90
1,128,60,4,90
1,129,60,17,90
1,1,61,108,84
1,2,61,92,84
1,3,61,88,84
1,4,61,96,84
1,5,61,84,84
1,6,61,105,84
1,7,61,94,84
1,8,61,89,84
1,9,61,95,84
1,10,61,91,84
1,11,61,99,84
1,12,61,87,84
1,13,61,107,84
1,14,61,97,84
1,15,61,102,84
1,16,61,86,84
1,17,61,98,84
1,18,61,93,84
1,19,61,90,84
1,20,61,104,84
1,21,61,100,84
1,22,61,109,84
1,23,61,106,84
1,24,61,101,84
1,25,61,85,84
1,26,61,45,84
1,27,61,42,84
1,28,61,43,84
1,29,61,39,84
1,30,61,34,84
1,31,61,55,84
1,32,61,49,84
1,33,61,103,84
1,34,61,54,84
1,35,61,46,84
1,36,61,60,84
1,37,61,48,84
1,38,61,41,84
1,39,61,50,84
1,40,61,35,84
1,41,61,40,84
1,42,61,117,84
1,43,61,38,84
1,44,61,37,84
1,45,61,115,84
1,46,61,44,84
1,47,61,32,84
1,48,61,120,84
1,49,61,57,84
1,50,61,125,84
1,51,61,27,84
1,52,61,119,84
1,53,61,116,84
1,54,61,123,84
1,55,61,110,84
1,56,61,58,84
1,57,61,33,84
1,58,61,36,84
1,59,61,53,84
1,60,61,19,84
1,61,61,31,84
1,62,61,122,84
1,63,61,124,84
1,64,61,127,84
1,65,61,51,84
1,66,61,59,84
1,67,61,47,84
1,68,61,112,84
1,69,61,113,84
1,70,61,128,84
1,71,61,6,84
1,72,61,9,84
1,73,61,129,84
1,74,61,56,84
1,75,61,64,84
1,76,61,126,84
1,77,61,5,84
1,78,61,114,84
1,79,61,16,84
1,80,61,118,84
1,81,61,111,84
1,82,61,121,84
1,83,61,52,84
1,84,61,26,84
1,85,61,14,84
1,86,61,71,84
1,87,61,1,84
1,88,61,74,84
1,89,61,72,84
1,90,61,28,84
1,91,61,76,84
1,92,61,66,84
1,93,61,77,84
1,94,61,61,84
1,95,61,67,84
1,96,61,73,84
1,97,61,24,84
1,98,61,68,84
1,99,61,29,84
1,100,61,79,84
1,101,61,80,84
1,102,61,83,84
1,103,61,63,84
1,104,61,2,84
1,105,61,13,84
1,106,61,78,84
1,107,61,82,84
1,108,61,25,84
1,109,61,11,84
1,110,61,81,84
1,111,61,21,84
1,112,61,10,84
1,113,61,15,84
1,114,61,62,84
1,115,61,69,84
1,116,61,65,84
1,117,61,20,84
1,118,61,75,84
1,119,61,3,84
1,120,61,70,84
1,121,61,7,84
1,122,61,8,84
1,123,61,12,84
1,124,61,23,84
1,125,61,30,84
1,126,61,18,84
1,127,61,22,84
1,128,61,4,84
1,129,61,17,84
1,1,62,108,153
1,2,62,92,153
1,3,62,88,153
1,4,62,96,153
1,5,62,84,153
1,6,62,105,153
1,7,62,94,153
1,8,62,89,153
1,9,62,95,153
1,10,62,91,153
1,11,62,99,153
1,12,62,87,153
1,13,62,107,153
1,14,62,97,153
1,15,62,102,153
1,16,62,86,153
1,17,62,98,153
1,18,62,93,153
1,19,62,90,153
1,20,62,104,153
1,21,62,100,153
1,22,62,109,153
1,23,62,106,153
1,24,62,101,153
1,25,62,85,153
1,26,62,45,153
1,27,62,42,153
1,28,62,43,153
1,29,62,39,153
1,30,62,34,153
1,31,62,55,153
1,32,62,49,153
1,33,62,103,153
1,34,62,54,153
1,35,62,46,153
1,36,62,60,153
1,37,62,48,153
1,38,62,41,153
1,39,62,50,153
1,40,62,35,153
1,41,62,40,153
1,42,62,117,153
1,43,62,38,153
1,44,62,37,153
1,45,62,115,153
1,46,62,44,153
1,47,62,32,153
1,48,62,120,153
1,49,62,57,153
1,50,62,125,153
1,51,62,27,153
1,52,62,119,153
1,53,62,116,153
1,54,62,123,153
1,55,62,110,153
1,56,62,58,153
1,57,62,33,153
1,58,62,36,153
1,59,62,53,153
1,60,62,19,153
1,61,62,31,153
1,62,62,122,153
1,63,62,124,153
1,64,62,127,153
1,65,62,51,153
1,66,62,59,153
1,67,62,47,153
1,68,62,112,153
1,69,62,113,153
1,70,62,128,153
1,71,62,6,153
1,72,62,9,153
1,73,62,129,153
1,74,62,56,153
1,75,62,64,153
1,76,62,126,153
1,77,62,5,153
1,78,62,114,153
1,79,62,16,153
1,80,62,118,153
1,81,62,111,153
1,82,62,121,153
1,83,62,52,153
1,84,62,26,153
1,85,62,14,153
1,86,62,71,153
1,87,62,1,153
1,88,62,74,153
1,89,62,72,153
1,90,62,28,153
1,91,62,76,153
1,92,62,66,153
1,93,62,77,153
1,94,62,61,153
1,95,62,67,153
1,96,62,73,153
1,97,62,24,153
1,98,62,68,153
1,99,62,29,153
1,100,62,79,153
1,101,62,80,153
1,102,62,83,153
1,103,62,63,153
1,104,62,2,153
1,105,62,13,153
1,106,62,78,153
1,107,62,82,153
1,108,62,25,153
1,109,62,11,153
1,110,62,81,153
1,111,62,21,153
1,112,62,10,153
1,113,62,15,153
1,114,62,62,153
1,115,62,69,153
1,116,62,65,153
1,117,62,20,153
1,118,62,75,153
1,119,62,3,153
1,120,62,70,153
1,121,62,7,153
1,122,62,8,153
1,123,62,12,153
1,124,62,23,153
1,125,62,30,153
1,126,62,18,153
1,127,62,22,153
1,128,62,4,153
1,129,62,17,153
1,1,63,108,168
1,2,63,92,168
1,3,63,88,168
1,4,63,96,168
1,5,63,84,168
1,6,63,105,168
1,7,63,94,168
1,8,63,89,168
1,9,63,95,168
1,10,63,91,168
1,11,63,99,168
1,12,63,87,168
1,13,63,107,168
1,14,63,97,168
1,15,63,102,168
1,16,63,86,168
1,17,63,98,168
1,18,63,93,168
1,19,63,90,168
1,20,63,104,168
1,21,63,100,168
1,22,63,109,168
1,23,63,106,168
1,24,63,101,168
1,25,63,85,168
1,26,63,45,168
1,27,63,42,168
1,28,63,43,168
1,29,63,39,168
1,30,63,34,168
1,31,63,55,168
1,32,63,49,168
1,33,63,103,168
1,34,63,54,168
1,35,63,46,168
1,36,63,60,168
1,37,63,48,168
1,38,63,41,168
1,39,63,50,168
1,40,63,35,168
1,41,63,40,168
1,42,63,117,168
1,43,63,38,168
1,44,63,37,168
1,45,63,115,168
1,46,63,44,168
1,47,63,32,168
1,48,63,120,168
1,49,63,57,168
1,50,63,125,168
1,51,63,27,168
1,52,63,119,168
1,53,63,116,168
1,54,63,123,168
1,55,63,110,168
1,56,63,58,168
1,57,63,33,168
1,58,63,36,168
1,59,63,53,168
1,60,63,19,168
1,61,63,31,168
1,62,63,122,168
1,63,63,124,168
1,64,63,127,168
1,65,63,51,168
1,66,63,59,168
1,67,63,47,168
1,68,63,112,168
1,69,63,113,168
1,70,63,128,168
1,71,63,6,168
1,72,63,9,168
1,73,63,129,168
1,74,63,56,168
1,75,63,64,168
1,76,63,126,168
1,77,63,5,168
1,78,63,114,168
1,79,63,16,168
1,80,63,118,168
1,81,63,111,168
1,82,63,121,168
1,83,63,52,168
1,84,63,26,168
1,85,63,14,168
1,86,63,71,168
1,87,63,1,168
1,88,63,74,168
1,89,63,72,168
1,90,63,28,168
1,91,63,76,168
1,92,63,66,168
1,93,63,77,168
1,94,63,61,168
1,95,63,67,168
1,96,63,73,168
1,97,63,24,168
1,98,63,68,168
1,99,63,29,168
1,100,63,79,168
1,101,63,80,168
1,102,63,83,168
1,103,63,63,168
1,104,63,2,168
1,105,63,13,168
1,106,63,78,168
1,107,63,82,168
1,108,63,25,168
1,109,63,11,168
1,110,63,81,168
1,111,63,21,168
1,112,63,10,168
1,113,63,15,168
1,114,63,62,168
1,115,63,69,168
1,116,63,65,168
1,117,63,20,168
1,118,63,75,168
1,119,63,3,168
1,120,63,70,168
1,121,63,7,168
1,122,63,8,168
1,123,63,12,168
1,124,63,23,168
1,125,63,30,168
1,126,63,18,168
1,127,63,22,168
1,128,63,4,168
1,129,63,17,168
1,1,64,108,154
1,2,64,92,154
1,3,64,88,154
1,4,64,96,154
1,5,64,84,154
1,6,64,105,154
1,7,64,94,154
1,8,64,89,154
1,9,64,95,154
1,10,64,91,154
1,11,64,99,154
1,12,64,87,154
1,13,64,107,154
1,14,64,97,154
1,15,64,102,154
1,16,64,86,154
1,17,64,98,154
1,18,64,93,154
1,19,64,90,154
1,20,64,104,154
1,21,64,100,154
1,22,64,109,154
1,23,64,106,154
1,24,64,101,154
1,25,64,85,154
1,26,64,45,154
1,27,64,42,154
1,28,64,43,154
1,29,64,39,154
1,30,64,34,154
1,31,64,55,154
1,32,64,49,154
1,33,64,103,154
1,34,64,54,154
1,35,64,46,154
1,36,64,60,154
1,37,64,48,154
1,38,64,41,154
1,39,64,50,154
1,40,64,35,154
1,41,64,40,154
1,42,64,117,154
1,43,64,38,154
1,44,64,37,154
1,45,64,115,154
1,46,64,44,154
1,47,64,32,154
1,48,64,120,154
1,49,64,57,154
1,50,64,125,154
1,51,64,27,154
1,52,64,119,154
1,53,64,116,154
1,54,64,123,154
1,55,64,110,154
1,56,64,58,154
1,57,64,33,154
1,58,64,36,154
1,59,64,53,154
1,60,64,19,154
1,61,64,31,154
1,62,64,122,154
1,63,64,124,154
1,64,64,127,154
1,65,64,51,154
1,66,64,59,154
1,67,64,47,154
1,68,64,112,154
1,69,64,113,154
1,70,64,128,154
1,71,64,6,154
1,72,64,9,154
1,73,64,129,154
1,74,64,56,154
1,75,64,64,154
1,76,64,126,154
1,77,64,5,154
1,78,64,114,154
1,79,64,16,154
1,80,64,118,154
1,81,64,111,154
1,82,64,121,154
1,83,64,52,154
1,84,64,26,154
1,85,64,14,154
1,86,64,71,154
1,87,64,1,154
1,88,64,74,154
1,89,64,72,154
1,90,64,28,154
1,91,64,76,154
1,92,64,66,154
1,93,64,77,154
1,94,64,61,154
1,95,64,67,154
1,96,64,73,154
1,97,64,24,154
1,98,64,68,154
1,99,64,29,154
1,100,64,79,154
1,101,64,80,154
1,102,64,83,154
1,103,64,63,154
1,104,64,2,154
1,105,64,13,154
1,106,64,78,154
1,107,64,82,154
1,108,64,25,154
1,109,64,11,154
1,110,64,81,154
1,111,64,21,154
1,112,64,10,154
1,113,64,15,154
1,114,64,62,154
1,115,64,69,154
1,116,64,65,154
1,117,64,20,154
1,118,64,75,154
1,119,64,3,154
1,120,64,70,154
1,121,64,7,154
1,122,64,8,154
1,123,64,12,154
1,124,64,23,154
1,125,64,30,154
1,126,64,18,154
1,127,64,22,154
1,128,64,4,154
1,129,64,17,154
1,1,65,108,174
1,2,65,92,174
1,3,65,88,174
1,4,65,96,174
1,5,65,84,174
1,6,65,105,174
1,7,65,94,174
1,8,65,89,174
1,9,65,95,174
1,10,65,91,174
1,11,65,99,174
1,12,65,87,174
1,13,65,107,174
1,14,65,97,174
1,15,65,102,174
1,16,65,86,174
1,17,65,98,174
1,18,65,93,174
1,19,65,90,174
1,20,65,104,174
1,21,65,100,174
1,22,65,109,174
1,23,65,106,174
1,24,65,101,174
1,25,65,85,174
1,26,65,45,174
1,27,65,42,174
1,28,65,43,174
1,29,65,39,174
1,30,65,34,174
1,31,65,55,174
1,32,65,49,174
1,33,65,103,174
1,34,65,54,174
1,35,65,46,174
1,36,65,60,174
1,37,65,48,174
1,38,65,41,174
1,39,65,50,174
1,40,65,35,174
1,41,65,40,174
1,42,65,117,174
1,43,65,38,174
1,44,65,37,174
1,45,65,115,174
1,46,65,44,174
1,47,65,32,174
1,48,65,120,174
1,49,65,57,174
1,50,65,125,174
1,51,65,27,174
1,52,65,119,174
1,53,65,116,174
1,54,65,123,174
1,55,65,110,174
1,56,65,58,174
1,57,65,33,174
1,58,65,36,174
1,59,65,53,174
1,60,65,19,174
1,61,65,31,174
1,62,65,122,174
1,63,65,124,174
1,64,65,127,174
1,65,65,51,174
1,66,65,59,174
1,67,65,47,174
1,68,65,112,174
1,69,65,113,174
1,70,65,128,174
1,71,65,6,174
1,72,65,9,174
1,73,65,129,174
1,74,65,56,174
1,75,65,64,174
1,76,65,126,174
1,77,65,5,174
1,78,65,114,174
1,79,65,16,174
1,80,65,118,174
1,81,65,111,174
1,82,65,121,174
1,83,65,52,174
1,84,65,26,174
1,85,65,14,174
1,86,65,71,174
1,87,65,1,174
1,88,65,74,174
1,89,65,72,174
1,90,65,28,174
1,91,65,76,174
1,92,65,66,174
1,93,65,77,174
1,94,65,61,174
1,95,65,67,174
1,96,65,73,174
1,97,65,24,174
1,98,65,68,174
1,99,65,29,174
1,100,65,79,174
1,101,65,80,174
1,102,65,83,174
1,103,65,63,174
1,104,65,2,174
1,105,65,13,174
1,106,65,78,174
1,107,65,82,174
1,108,65,25,174
1,109,65,11,174
1,110,65,81,174
1,111,65,21,174
1,112,65,10,174
1,113,65,15,174
1,114,65,62,174
1,115,65,69,174
1,116,65,65,174
1,117,65,20,174
1,118,65,75,174
1,119,65,3,174
1,120,65,70,174
1,121,65,7,174
1,122,65,8,174
1,123,65,12,174
1,124,65,23,174
1,125,65,30,174
1,126,65,18,174
1,127,65,22,174
1,128,65,4,174
1,129,65,17,174
1,1,66,108,70
1,2,66,92,70
1,3,66,88,70
1,4,66,96,70
1,5,66,84,70
1,6,66,105,70
1,7,66,94,70
1,8,66,89,70
1,9,66,95,70
1,10,66,91,70
1,11,66,99,70
1,12,66,87,70
1,13,66,107,70
1,14,66,97,70
1,15,66,102,70
1,16,66,86,70
1,17,66,98,70
1,18,66,93,70
1,19,66,90,70
1,20,66,104,70
1,21,66,100,70
1,22,66,109,70
1,23,66,106,70
1,24,66,101,70
1,25,66,85,70
1,26,66,45,70
1,27,66,42,70
1,28,66,43,70
1,29,66,39,70
1,30,66,34,70
1,31,66,55,70
1,32,66,49,70
1,33,66,103,70
1,34,66,54,70
1,35,66,46,70
1,36,66,60,70
1,37,66,48,70
1,38,66,41,70
1,39,66,50,70
1,40,66,35,70
1,41,66,40,70
1,42,66,117,70
1,43,66,38,70
1,44,66,37,70
1,45,66,115,70
1,46,66,44,70
1,47,66,32,70
1,48,66,120,70
1,49,66,57,70
1,50,66,125,70
1,51,66,27,70
1,52,66,119,70
1,53,66,116,70
1,54,66,123,70
1,55,66,110,70
1,56,66,58,70
1,57,66,33,70
1,58,66,36,70
1,59,66,53,70
1,60,66,19,70
1,61,66,31,70
1,62,66,122,70
1,63,66,124,70
1,64,66,127,70
1,65,66,51,70
1,66,66,59,70
1,67,66,47,70
1,68,66,112,70
1,69,66,113,70
1,70,66,128,70
1,71,66,6,70
1,72,66,9,70
1,73,66,129,70
1,74,66,56,70
1,75,66,64,70
1,76,66,126,70
1,77,66,5,70
1,78,66,114,70
1,79,66,16,70
1,80,66,118,70
1,81,66,111,70
1,82,66,121,70
1,83,66,52,70
1,84,66,26,70
1,85,66,14,70
1,86,66,71,70
1,87,66,1,70
1,88,66,74,70
1,89,66,72,70
1,90,66,28,70
1,91,66,76,70
1,92,66,66,70
1,93,66,77,70
1,94,66,61,70
1,95,66,67,70
1,96,66,73,70
1,97,66,24,70
1,98,66,68,70
1,99,66,29,70
1,100,66,79,70
1,101,66,80,70
1,102,66,83,70
1,103,66,63,70
1,104,66,2,70
1,105,66,13,70
1,106,66,78,70
1,107,66,82,70
1,108,66,25,70
1,109,66,11,70
1,110,66,81,70
1,111,66,21,70
1,112,66,10,70
1,113,66,15,70
1,114,66,62,70
1,115,66,69,70
1,116,66,65,70
1,117,66,20,70
1,118,66,75,70
1,119,66,3,70
1,120,66,70,70
1,121,66,7,70
1,122,66,8,70
1,123,66,12,70
1,124,66,23,70
1,125,66,30,70
1,126,66,18,70
1,127,66,22,70
1,128,66,4,70
1,129,66,17,70
1,1,67,108,69
1,2,67,92,69
1,3,67,88,69
1,4,67,96,69
1,5,67,84,69
1,6,67,105,69
1,7,67,94,69
1,8,67,89,69
1,9,67,95,69
1,10,67,91,69
1,11,67,99,69
1,12,67,87,69
1,13,67,107,69
1,14,67,97,69
1,15,67,102,69
1,16,67,86,69
1,17,67,98,69
1,18,67,93,69
1,19,67,90,69
1,20,67,104,69
1,21,67,100,69
1,22,67,109,69
1,23,67,106,69
1,24,67,101,69
1,25,67,85,69
1,26,67,45,69
1,27,67,42,69
1,28,67,43,69
1,29,67,39,69
1,30,67,34,69
1,31,67,55,69
1,32,67,49,69
1,33,67,103,69
1,34,67,54,69
1,35,67,46,69
1,36,67,60,69
1,37,67,48,69
1,38,67,41,69
1,39,67,50,69
1,40,67,35,69
1,41,67,40,69
1,42,67,117,69
1,43,67,38,69
1,44,67,37,69
1,45,67,115,69
1,46,67,44,69
1,47,67,32,69
1,48,67,120,69
1,49,67,57,69
1,50,67,125,69
1,51,67,27,69
1,52,67,119,69
1,53,67,116,69
1,54,67,123,69
1,55,67,110,69
1,56,67,58,69
1,57,67,33,69
1,58,67,36,69
1,59,67,53,69
1,60,67,19,69
1,61,67,31,69
1,62,67,122,69
1,63,67,124,69
1,64,67,127,69
1,65,67,51,69
1,66,67,59,69
1,67,67,47,69
1,68,67,112,69
1,69,67,113,69
1,70,67,128,69
1,71,67,6,69
1,72,67,9,69
1,73,67,129,69
1,74,67,56,69
1,75,67,64,69
1,76,67,126,69
1,77,67,5,69
1,78,67,114,69
1,79,67,16,69
1,80,67,118,69
1,81,67,111,69
1,82,67,121,69
1,83,67,52,69
1,84,67,26,69
1,85,67,14,69
1,86,67,71,69
1,87,67,1,69
1,88,67,74,69
1,89,67,72,69
1,90,67,28,69
1,91,67,76,69
1,92,67,66,69
1,93,67,77,69
1,94,67,61,69
1,95,67,67,69
1,96,67,73,69
1,97,67,24,69
1,98,67,68,69
1,99,67,29,69
1,100,67,79,69
1,101,67,80,69
1,102,67,83,69
1,103,67,63,69
1,104,67,2,69
1,105,67,13,69
1,106,67,78,69
1,107,67,82,69
1,108,67,25,69
1,109,67,11,69
1,110,67,81,69
1,111,67,21,69
1,112,67,10,69
1,113,67,15,69
1,114,67,62,69
1,115,67,69,69
1,116,67,65,69
1,117,67,20,69
1,118,67,75,69
1,119,67,3,69
1,120,67,70,69
1,121,67,7,69
1,122,67,8,69
1,123,67,12,69
1,124,67,23,69
1,125,67,30,69
1,126,67,18,69
1,127,67,22,69
1,128,67,4,69
1,129,67,17,69
1,1,68,108,61
1,2,68,92,61
1,3,68,88,61
1,4,68,96,61
1,5,68,84,61
1,6,68,105,61
1,7,68,94,61
1,8,68,89,61
1,9,68,95,61
1,10,68,91,61
1,11,68,99,61
1,12,68,87,61
1,13,68,107,61
1,14,68,97,61
1,15,68,102,61
1,16,68,86,61
1,17,68,98,61
1,18,68,93,61
1,19,68,90,61
1,20,68,104,61
1,21,68,100,61
1,22,68,109,61
1,23,68,106,61
1,24,68,101,61
1,25,68,85,61
1,26,68,45,61
1,27,68,42,61
1,28,68,43,61
1,29,68,39,61
1,30,68,34,61
1,31,68,55,61
1,32,68,49,61
1,33,68,103,61
1,34,68,54,61
1,35,68,46,61
1,36,68,60,61
1,37,68,48,61
1,38,68,41,61
1,39,68,50,61
1,40,68,35,61
1,41,68,40,61
1,42,68,117,61
1,43,68,38,61
1,44,68,37,61
1,45,68,115,61
1,46,68,44,61
1,47,68,32,61
1,48,68,120,61
1,49,68,57,61
1,50,68,125,61
1,51,68,27,61
1,52,68,119,61
1,53,68,116,61
1,54,68,123,61
1,55,68,110,61
1,56,68,58,61
1,57,68,33,61
1,58,68,36,61
1,59,68,53,61
1,60,68,19,61
1,61,68,31,61
1,62,68,122,61
1,63,68,124,61
1,64,68,127,61
1,65,68,51,61
1,66,68,59,61
1,67,68,47,61
1,68,68,112,61
1,69,68,113,61
1,70,68,128,61
1,71,68,6,61
1,72,68,9,61
1,73,68,129,61
1,74,68,56,61
1,75,68,64,61
1,76,68,126,61
1,77,68,5,61
1,78,68,114,61
1,79,68,16,61
1,80,68,118,61
1,81,68,111,61
1,82,68,121,61
1,83,68,52,61
1,84,68,26,61
1,85,68,14,61
1,86,68,71,61
1,87,68,1,61
1,88,68,74,61
1,89,68,72,61
1,90,68,28,61
1,91,68,76,61
1,92,68,66,61
1,93,68,77,61
1,94,68,61,61
1,95,68,67,61
1,96,68,73,61
1,97,68,24,61
1,98,68,68,61
1,99,68,29,61
1,100,68,79,61
1,101,68,80,61
1,102,68,83,61
1,103,68,63,61
1,104,68,2,61
1,105,68,13,61
1,106,68,78,61
1,107,68,82,61
1,108,68,25,61
1,109,68,11,61
1,110,68,81,61
1,111,68,21,61
1,112,68,10,61
1,113,68,15,61
1,114,68,62,61
1,115,68,69,61
1,116,68,65,61
1,117,68,20,61
1,118,68,75,61
1,119,68,3,61
1,120,68,70,61
1,121,68,7,61
1,122,68,8,61
1,123,68,12,61
1,124,68,23,61
1,125,68,30,61
1,126,68,18,61
1,127,68,22,61
1,128,68,4,61
1,129,68,17,61
1,1,69,108,224
1,2,69,92,224
1,3,69,88,224
1,4,69,96,224
1,5,69,84,224
1,6,69,105,224
1,7,69,94,224
1,8,69,89,224
1,9,69,95,224
1,10,69,91,224
1,11,69,99,224
1,12,69,87,224
1,13,69,107,224
1,14,69,97,224
1,15,69,102,224
1,16,69,86,224
1,17,69,98,224
1,18,69,93,224
1,19,69,90,224
1,20,69,104,224
1,21,69,100,224
1,22,69,109,224
1,23,69,106,224
1,24,69,101,224
1,25,69,85,224
1,26,69,45,224
1,27,69,42,224
1,28,69,43,224
1,29,69,39,224
1,30,69,34,224
1,31,69,55,224
1,32,69,49,224
1,33,69,103,224
1,34,69,54,224
1,35,69,46,224
1,36,69,60,224
1,37,69,48,224
1,38,69,41,224
1,39,69,50,224
1,40,69,35,224
1,41,69,40,224
1,42,69,117,224
1,43,69,38,224
1,44,69,37,224
1,45,69,115,224
1,46,69,44,224
1,47,69,32,224
1,48,69,120,224
1,49,69,57,224
1,50,69,125,224
1,51,69,27,224
1,52,69,119,224
1,53,69,116,224
1,54,69,123,224
1,55,69,110,224
1,56,69,58,224
1,57,69,33,224
1,58,69,36,224
1,59,69,53,224
1,60,69,19,224
1,61,69,31,224
1,62,69,122,224
1,63,69,124,224
1,64,69,127,224
1,65,69,51,224
1,66,69,59,224
1,67,69,47,224
1,68,69,112,224
1,69,69,113,224
1,70,69,128,224
1,71,69,6,224
1,72,69,9,224
1,73,69,129,224
1,74,69,56,224
1,75,69,64,224
1,76,69,126,224
1,77,69,5,224
1,78,69,114,224
1,79,69,16,224
1,80,69,118,224
1,81,69,111,224
1,82,69,121,224
1,83,69,52,224
1,84,69,26,224
1,85,69,14,224
1,86,69,71,224
1,87,69,1,224
1,88,69,74,224
1,89,69,72,224
1,90,69,28,224
1,91,69,76,224
1,92,69,66,224
1,93,69,77,224
1,94,69,61,224
1,95,69,67,224
1,96,69,73,224
1,97,69,24,224
1,98,69,68,224
1,99,69,29,224
1,100,69,79,224
1,101,69,80,224
1,102,69,83,224
1,103,69,63,224
1,104,69,2,224
1,105,69,13,224
1,106,69,78,224
1,107,69,82,224
1,108,69,25,224
1,109,69,11,224
1,110,69,81,224
1,111,69,21,224
1,112,69,10,224
1,113,69,15,224
1,114,69,62,224
1,115,69,69,224
1,116,69,65,224
1,117,69,20,224
1,118,69,75,224
1,119,69,3,224
1,120,69,70,224
1,121,69,7,224
1,122,69,8,224
1,123,69,12,224
1,124,69,23,224
1,125,69,30,224
1,126,69,18,224
1,127,69,22,224
1,128,69,4,224
1,129,69,17,224
1,1,70,108,15
1,2,70,92,15
1,3,70,88,15
1,4,70,96,15
1,5,70,84,15
1,6,70,105,15
1,7,70,94,15
1,8,70,89,15
1,9,70,95,15
1,10,70,91,15
1,11,70,99,15
1,12,70,87,15
1,13,70,107,15
1,14,70,97,15
1,15,70,102,15
1,16,70,86,15
1,17,70,98,15
1,18,70,93,15
1,19,70,90,15
1,20,70,104,15
1,21,70,100,15
1,22,70,109,15
1,23,70,106,15
1,24,70,101,15
1,25,70,85,15
1,26,70,45,15
1,27,70,42,15
1,28,70,43,15
1,29,70,39,15
1,30,70,34,15
1,31,70,55,15
1,32,70,49,15
1,33,70,103,15
1,34,70,54,15
1,35,70,46,15
1,36,70,60,15
1,37,70,48,15
1,38,70,41,15
1,39,70,50,15
1,40,70,35,15
1,41,70,40,15
1,42,70,117,15
1,43,70,38,15
1,44,70,37,15
1,45,70,115,15
1,46,70,44,15
1,47,70,32,15
1,48,70,120,15
1,49,70,57,15
1,50,70,125,15
1,51,70,27,15
1,52,70,119,15
1,53,70,116,15
1,54,70,123,15
1,55,70,110,15
1,56,70,58,15
1,57,70,33,15
1,58,70,36,15
1,59,70,53,15
1,60,70,19,15
1,61,70,31,15
1,62,70,122,15
1,63,70,124,15
1,64,70,127,15
1,65,70,51,15
1,66,70,59,15
1,67,70,47,15
1,68,70,112,15
1,69,70,113,15
1,70,70,128,15
1,71,70,6,15
1,72,70,9,15
1,73,70,129,15
1,74,70,56,15
1,75,70,64,15
1,76,70,126,15
1,77,70,5,15
1,78,70,114,15
1,79,70,16,15
1,80,70,118,15
1,81,70,111,15
1,82,70,121,15
1,83,70,52,15
1,84,70,26,15
1,85,70,14,15
1,86,70,71,15
1,87,70,1,15
1,88,70,74,15
1,89,70,72,15
1,90,70,28,15
1,91,70,76,15
1,92,70,66,15
1,93,70,77,15
1,94,70,61,15
1,95,70,67,15
1,96,70,73,15
1,97,70,24,15
1,98,70,68,15
1,99,70,29,15
1,100,70,79,15
1,101,70,80,15
1,102,70,83,15
1,103,70,63,15
1,104,70,2,15
1,105,70,13,15
1,106,70,78,15
1,107,70,82,15
1,108,70,25,15
1,109,70,11,15
1,110,70,81,15
1,111,70,21,15
1,112,70,10,15
1,113,70,15,15
1,114,70,62,15
1,115,70,69,15
1,116,70,65,15
1,117,70,20,15
1,118,70,75,15
1,119,70,3,15
1,120,70,70,15
1,121,70,7,15
1,122,70,8,15
1,123,70,12,15
1,124,70,23,15
1,125,70,30,15
1,126,70,18,15
1,127,70,22,15
1,128,70,4,15
1,129,70,17,15
1,1,71,108,218
1,2,71,92,218
1,3,71,88,218
1,4,71,96,218
1,5,71,84,218
1,6,71,105,218
1,7,71,94,218
1,8,71,89,218
1,9,71,95,218
1,10,71,91,218
1,11,71,99,218
1,12,71,87,218
1,13,71,107,218
1,14,71,97,218
1,15,71,102,218
1,16,71,86,218
1,17,71,98,218
1,18,71,93,218
1,19,71,90,218
1,20,71,104,218
1,21,71,100,218
1,22,71,109,218
1,23,71,106,218
1,24,71,101,218
1,25,71,85,218
1,26,71,45,218
1,27,71,42,218
1,28,71,43,218
1,29,71,39,218
1,30,71,34,218
1,31,71,55,218
1,32,71,49,218
1,33,71,103,218
1,34,71,54,218
1,35,71,46,218
1,36,71,60,218
1,37,71,48,218
1,38,71,41,218
1,39,71,50,218
1,40,71,35,218
1,41,71,40,218
1,42,71,117,218
1,43,71,38,218
1,44,71,37,218
1,45,71,115,218
1,46,71,44,218
1,47,71,32,218
1,48,71,120,218
1,49,71,57,218
1,50,71,125,218
1,51,71,27,218
1,52,71,119,218
1,53,71,116,218
1,54,71,123,218
1,55,71,110,218
1,56,71,58,218
1,57,71,33,218
1,58,71,36,218
1,59,71,53,218
1,60,71,19,218
1,61,71,31,218
1,62,71,122,218
1,63,71,124,218
1,64,71,127,218
1,65,71,51,218
1,66,71,59,218
1,67,71,47,218
1,68,71,112,218
1,69,71,113,218
1,70,71,128,218
1,71,71,6,218
1,72,71,9,218
1,73,71,129,218
1,74,71,56,218
1,75,71,64,218
1,76,71,126,218
1,77,71,5,218
1,78,71,114,218
1,79,71,16,218
1,80,71,118,218
1,81,71,111,218
1,82,71,121,218
1,83,71,52,218
1,84,71,26,218
1,85,71,14,218
1,86,71,71,218
1,87,71,1,218
1,88,71,74,218
1,89,71,72,218
1,90,71,28,218
1,91,71,76,218
1,92,71,66,218
1,93,71,77,218
1,94,71,61,218
1,95,71,67,218
1,96,71,73,218
1,97,71,24,218
1,98,71,68,218
1,99,71,29,218
1,100,71,79,218
1,101,71,80,218
1,102,71,83,218
1,103,71,63,218
1,104,71,2,218
1,105,71,13,218
1,106,71,78,218
1,107,71,82,218
1,108,71,25,218
1,109,71,11,218
1,110,71,81,218
1,111,71,21,218
1,112,71,10,218
1,113,71,15,218
1,114,71,62,218
1,115,71,69,218
1,116,71,65,218
1,117,71,20,218
1,118,71,75,218
1,119,71,3,218
1,120,71,70,218
1,121,71,7,218
1,122,71,8,218
1,123,71,12,218
1,124,71,23,218
1,125,71,30,218
1,126,71,18,218
1,127,71,22,218
1,128,71,4,218
1,129,71,17,218
1,1,72,108,48
1,2,72,92,48
1,3,72,88,48
1,4,72,96,48
1,5,72,84,48
1,6,72,105,48
1,7,72,94,48
1,8,72,89,48
1,9,72,95,48
1,10,72,91,48
1,11,72,99,48
1,12,72,87,48
1,13,72,107,48
1,14,72,97,48
1,15,72,102,48
1,16,72,86,48
1,17,72,98,48
1,18,72,93,48
1,19,72,90,48
1,20,72,104,48
1,21,72,100,48
1,22,72,109,48
1,23,72,106,48
1,24,72,101,48
1,25,72,85,48
1,26,72,45,48
1,27,72,42,48
1,28,72,43,48
1,29,72,39,48
1,30,72,34,48
1,31,72,55,48
1,32,72,49,48
1,33,72,103,48
1,34,72,54,48
1,35,72,46,48
1,36,72,60,48
1,37,72,48,48
1,38,72,41,48
1,39,72,50,48
1,40,72,35,48
1,41,72,40,48
1,42,72,117,48
1,43,72,38,48
1,44,72,37,48
1,45,72,115,48
1,46,72,44,48
1,47,72,32,48
1,48,72,120,48
1,49,72,57,48
1,50,72,125,48
1,51,72,27,48
1,52,72,119,48
1,53,72,116,48
1,54,72,123,48
1,55,72,110,48
1,56,72,58,48
1,57,72,33,48
1,58,72,36,48
1,59,72,53,48
1,60,72,19,48
1,61,72,31,48
1,62,72,122,48
1,63,72,124,48
1,64,72,127,48
1,65,72,51,48
1,66,72,59,48
1,67,72,47,48
1,68,72,112,48
1,69,72,113,48
1,70,72,128,48
1,71,72,6,48
1,72,72,9,48
1,73,72,129,48
1,74,72,56,48
1,75,72,64,48
1,76,72,126,48
1,77,72,5,48
1,78,72,114,48
1,79,72,16,48
1,80,72,118,48
1,81,72,111,48
1,82,72,121,48
1,83,72,52,48
1,84,72,26,48
1,85,72,14,48
1,86,72,71,48
1,87,72,1,48
1,88,72,74,48
1,89,72,72,48
1,90,72,28,48
1,91,72,76,48
1,92,72,66,48
1,93,72,77,48
1,94,72,61,48
1,95,72,67,48
1,96,72,73,48
1,97,72,24,48
1,98,72,68,48
1,99,72,29,48
1,100,72,79,48
1,101,72,80,48
1,102,72,83,48
1,103,72,63,48
1,104,72,2,48
1,105,72,13,48
1,106,72,78,48
1,107,72,82,48
1,108,72,25,48
1,109,72,11,48
1,110,72,81,48
1,111,72,21,48
1,112,72,10,48
1,113,72,15,48
1,114,72,62,48
1,115,72,69,48
1,116,72,65,48
1,117,72,20,48
1,118,72,75,48
1,119,72,3,48
1,120,72,70,48
1,121,72,7,48
1,122,72,8,48
1,123,72,12,48
1,124,72,23,48
1,125,72,30,48
1,126,72,18,48
1,127,72,22,48
1,128,72,4,48
1,129,72,17,48
1,1,73,108,202
1,2,73,92,202
1,3,73,88,202
1,4,73,96,202
1,5,73,84,202
1,6,73,105,202
1,7,73,94,202
1,8,73,89,202
1,9,73,95,202
1,10,73,91,202
1,11,73,99,202
1,12,73,87,202
1,13,73,107,202
1,14,73,97,202
1,15,73,102,202
1,16,73,86,202
1,17,73,98,202
1,18,73,93,202
1,19,73,90,202
1,20,73,104,202
1,21,73,100,202
1,22,73,109,202
1,23,73,106,202
1,24,73,101,202
1,25,73,85,202
1,26,73,45,202
1,27,73,42,202
1,28,73,43,202
1,29,73,39,202
1,30,73,34,202
1,31,73,55,202
1,32,73,49,202
1,33,73,103,202
1,34,73,54,202
1,35,73,46,202
1,36,73,60,202
1,37,73,48,202
1,38,73,41,202
1,39,73,50,202
1,40,73,35,202
1,41,73,40,202
1,42,73,117,202
1,43,73,38,202
1,44,73,37,202
1,45,73,115,202
1,46,73,44,202
1,47,73,32,202
1,48,73,120,202
1,49,73,57,202
1,50,73,125,202
1,51,73,27,202
1,52,73,119,202
1,53,73,116,202
1,54,73,123,202
1,55,73,110,202
1,56,73,58,202
1,57,73,33,202
1,58,73,36,202
1,59,73,53,202
1,60,73,19,202
1,61,73,31,202
1,62,73,122,202
1,63,73,124,202
1,64,73,127,202
1,65,73,51,202
1,66,73,59,202
1,67,73,47,202
1,68,73,112,202
1,69,73,113,202
1,70,73,128,202
1,71,73,6,202
1,72,73,9,202
1,73,73,129,202
1,74,73,56,202
1,75,73,64,202
1,76,73,126,202
1,77,73,5,202
1,78,73,114,202
1,79,73,16,202
1,80,73,118,202
1,81,73,111,202
1,82,73,121,202
1,83,73,52,202
1,84,73,26,202
1,85,73,14,202
1,86,73,71,202
1,87,73,1,202
1,88,73,74,202
1,89,73,72,202
1,90,73,28,202
1,91,73,76,202
1,92,73,66,202
1,93,73,77,202
1,94,73,61,202
1,95,73,67,202
1,96,73,73,202
1,97,73,24,202
1,98,73,68,202
1,99,73,29,202
1,100,73,79,202
1,101,73,80,202
1,102,73,83,202
1,103,73,63,202
1,104,73,2,202
1,105,73,13,202
1,106,73,78,202
1,107,73,82,202
1,108,73,25,202
1,109,73,11,202
1,110,73,81,202
1,111,73,21,202
1,112,73,10,202
1,113,73,15,202
1,114,73,62,202
1,115,73,69,202
1,116,73,65,202
1,117,73,20,202
1,118,73,75,202
1,119,73,3,202
1,120,73,70,202
1,121,73,7,202
1,122,73,8,202
1,123,73,12,202
1,124,73,23,202
1,125,73,30,202
1,126,73,18,202
1,127,73,22,202
1,128,73,4,202
1,129,73,17,202
1,1,74,108,21
1,2,74,92,21
1,3,74,88,21
1,4,74,96,21
1,5,74,84,21
1,6,74,105,21
1,7,74,94,21
1,8,74,89,21
1,9,74,95,21
1,10,74,91,21
1,11,74,99,21
1,12,74,87,21
1,13,74,107,21
1,14,74,97,21
1,15,74,102,21
1,16,74,86,21
1,17,74,98,21
1,18,74,93,21
1,19,74,90,21
1,20,74,104,21
1,21,74,100,21
1,22,74,109,21
1,23,74,106,21
1,24,74,101,21
1,25,74,85,21
1,26,74,45,21
1,27,74,42,21
1,28,74,43,21
1,29,74,39,21
1,30,74,34,21
1,31,74,55,21
1,32,74,49,21
1,33,74,103,21
1,34,74,54,21
1,35,74,46,21
1,36,74,60,21
1,37,74,48,21
1,38,74,41,21
1,39,74,50,21
1,40,74,35,21
1,41,74,40,21
1,42,74,117,21
1,43,74,38,21
1,44,74,37,21
1,45,74,115,21
1,46,74,44,21
1,47,74,32,21
1,48,74,120,21
1,49,74,57,21
1,50,74,125,21
1,51,74,27,21
1,52,74,119,21
1,53,74,116,21
1,54,74,123,21
1,55,74,110,21
1,56,74,58,21
1,57,74,33,21
1,58,74,36,21
1,59,74,53,21
1,60,74,19,21
1,61,74,31,21
1,62,74,122,21
1,63,74,124,21
1,64,74,127,21
1,65,74,51,21
1,66,74,59,21
1,67,74,47,21
1,68,74,112,21
1,69,74,113,21
1,70,74,128,21
1,71,74,6,21
1,72,74,9,21
1,73,74,129,21
1,74,74,56,21
1,75,74,64,21
1,76,74,126,21
1,77,74,5,21
1,78,74,114,21
1,79,74,16,21
1,80,74,118,21
1,81,74,111,21
1,82,74,121,21
1,83,74,52,21
1,84,74,26,21
1,85,74,14,21
1,86,74,71,21
1,87,74,1,21
1,88,74,74,21
1,89,74,72,21
1,90,74,28,21
1,91,74,76,21
1,92,74,66,21
1,93,74,77,21
1,94,74,61,21
1,95,74,67,21
1,96,74,73,21
1,97,74,24,21
1,98,74,68,21
1,99,74,29,21
1,100,74,79,21
1,101,74,80,21
1,102,74,83,21
1,103,74,63,21
1,104,74,2,21
1,105,74,13,21
1,106,74,78,21
1,107,74,82,21
1,108,74,25,21
1,109,74,11,21
1,110,74,81,21
1,111,74,21,21
1,112,74,10,21
1,113,74,15,21
1,114,74,62,21
1,115,74,69,21
1,116,74,65,21
1,117,74,20,21
1,118,74,75,21
1,119,74,3,21
1,120,74,70,21
1,121,74,7,21
1,122,74,8,21
1,123,74,12,21
1,124,74,23,21
1,125,74,30,21
1,126,74,18,21
1,127,74,22,21
1,128,74,4,21
1,129,74,17,21
1,1,75,108,200
1,2,75,92,200
1,3,75,88,200
1,4,75,96,200
1,5,75,84,200
1,6,75,105,200
1,7,75,94,200
1,8,75,89,200
1,9,75,95,200
1,10,75,91,200
1,11,75,99,200
1,12,75,87,200
1,13,75,107,200
1,14,75,97,200
1,15,75,102,200
1,16,75,86,200
1,17,75,98,200
1,18,75,93,200
1,19,75,90,200
1,20,75,104,200
1,21,75,100,200
1,22,75,109,200
1,23,75,106,200
1,24,75,101,200
1,25,75,85,200
1,26,75,45,200
1,27,75,42,200
1,28,75,43,200
1,29,75,39,200
1,30,75,34,200
1,31,75,55,200
1,32,75,49,200
1,33,75,103,200
1,34,75,54,200
1,35,75,46,200
1,36,75,60,200
1,37,75,48,200
1,38,75,41,200
1,39,75,50,200
1,40,75,35,200
1,41,75,40,200
1,42,75,117,200
1,43,75,38,200
1,44,75,37,200
1,45,75,115,200
1,46,75,44,200
1,47,75,32,200
1,48,75,120,200
1,49,75,57,200
1,50,75,125,200
1,51,75,27,200
1,52,75,119,200
1,53,75,116,200
1,54,75,123,200
1,55,75,110,200
1,56,75,58,200
1,57,75,33,200
1,58,75,36,200
1,59,75,53,200
1,60,75,19,200
1,61,75,31,200
1,62,75,122,200
1,63,75,124,200
1,64,75,127,200
1,65,75,51,200
1,66,75,59,200
1,67,75,47,200
1,68,75,112,200
1,69,75,113,200
1,70,75,128,200
1,71,75,6,200
1,72,75,9,200
1,73,75,129,200
1,74,75,56,200
1,75,75,64,200
1,76,75,126,200
1,77,75,5,200
1,78,75,114,200
1,79,75,16,200
1,80,75,118,200
1,81,75,111,200
1,82,75,121,200
1,83,75,52,200
1,84,75,26,200
1,85,75,14,200
1,86,75,71,200
1,87,75,1,200
1,88,75,74,200
1,89,75,72,200
1,90,75,28,200
1,91,75,76,200
1,92,75,66,200
1,93,75,77,200
1,94,75,61,200
1,95,75,67,200
1,96,75,73,200
1,97,75,24,200
1,98,75,68,200
1,99,75,29,200
1,100,75,79,200
1,101,75,80,200
1,102,75,83,200
1,103,75,63,200
1,104,75,2,200
1,105,75,13,200
1,106,75,78,200
1,107,75,82,200
12,108,75,25,200
12,109,75,11,200
12,110,75,81,200
12,111,75,21,200
12,112,75,10,200
12,113,75,15,200
12,114,75,62,200
12,115,75,69,200
12,116,75,65,200
12,117,75,20,200
12,118,75,75,200
12,119,75,3,200
12,120,75,70,200
12,121,75,7,200
12,122,75,8,200
12,123,75,12,200
12,124,75,23,200
12,125,75,30,200
1,126,75,18,200
1,127,75,22,200
1,128,75,4,200
1,129,75,17,200
1,1,76,108,126
1,2,76,92,126
1,3,76,88,126
1,4,76,96,126
1,5,76,84,126
1,6,76,105,126
1,7,76,94,126
1,8,76,89,126
1,9,76,95,126
1,10,76,91,126
1,11,76,99,126
1,12,76,87,126
1,13,76,107,126
1,14,76,97,126
1,15,76,102,126
1,16,76,86,126
1,17,76,98,126
1,18,76,93,126
1,19,76,90,126
1,20,76,104,126
1,21,76,100,126
1,22,76,109,126
1,23,76,106,126
1,24,76,101,126
1,25,76,85,126
1,26,76,45,126
1,27,76,42,126
1,28,76,43,126
1,29,76,39,126
1,30,76,34,126
1,31,76,55,126
1,32,76,49,126
1,33,76,103,126
1,34,76,54,126
1,35,76,46,126
1,36,76,60,126
1,37,76,48,126
1,38,76,41,126
1,39,76,50,126
1,40,76,35,126
1,41,76,40,126
1,42,76,117,126
1,43,76,38,126
1,44,76,37,126
1,45,76,115,126
1,46,76,44,126
1,47,76,32,126
1,48,76,120,126
1,49,76,57,126
1,50,76,125,126
1,51,76,27,126
1,52,76,119,126
1,53,76,116,126
1,54,76,123,126
1,55,76,110,126
1,56,76,58,126
1,57,76,33,126
1,58,76,36,126
1,59,76,53,126
1,60,76,19,126
1,61,76,31,126
1,62,76,122,126
1,63,76,124,126
1,64,76,127,126
1,65,76,51,126
1,66,76,59,126
1,67,76,47,126
1,68,76,112,126
1,69,76,113,126
1,70,76,128,126
1,71,76,6,126
1,72,76,9,126
1,73,76,129,126
1,74,76,56,126
1,75,76,64,126
1,76,76,126,126
1,77,76,5,126
1,78,76,114,126
1,79,76,16,126
1,80,76,118,126
1,81,76,111,126
1,82,76,121,126
1,83,76,52,126
1,84,76,26,126
1,85,76,14,126
1,86,76,71,126
1,87,76,1,126
1,88,76,74,126
1,89,76,72,126
1,90,76,28,126
1,91,76,76,126
1,92,76,66,126
1,93,76,77,126
1,94,76,61,126
1,95,76,67,126
1,96,76,73,126
1,97,76,24,126
1,98,76,68,126
1,99,76,29,126
1,100,76,79,126
1,101,76,80,126
1,102,76,83,126
1,103,76,63,126
1,104,76,2,126
1,105,76,13,126
1,106,76,78,126
1,107,76,82,126
1,108,76,25,126
1,109,76,11,126
1,110,76,81,126
1,111,76,21,126
1,112,76,10,126
1,113,76,15,126
1,114,76,62,126
1,115,76,69,126
1,116,76,65,126
1,117,76,20,126
1,118,76,75,126
1,119,76,3,126
1,120,76,70,126
1,121,76,7,126
1,122,76,8,126
1,123,76,12,126
1,124,76,23,126
1,125,76,30,126
1,126,76,18,126
1,127,76,22,126
1,128,76,4,126
1,129,76,17,126
1,1,77,108,116
1,2,77,92,116
1,3,77,88,116
1,4,77,96,116
1,5,77,84,116
1,6,77,105,116
1,7,77,94,116
1,8,77,89,116
1,9,77,95,116
1,10,77,91,116
1,11,77,99,116
1,12,77,87,116
1,13,77,107,116
1,14,77,97,116
1,15,77,102,116
1,16,77,86,116
1,17,77,98,116
1,18,77,93,116
1,19,77,90,116
1,20,77,104,116
1,21,77,100,116
1,22,77,109,116
1,23,77,106,116
1,24,77,101,116
1,25,77,85,116
1,26,77,45,116
1,27,77,42,116
1,28,77,43,116
1,29,77,39,116
1,30,77,34,116
1,31,77,55,116
1,32,77,49,116
1,33,77,103,116
1,34,77,54,116
1,35,77,46,116
1,36,77,60,116
1,37,77,48,116
1,38,77,41,116
1,39,77,50,116
1,40,77,35,116
1,41,77,40,116
1,42,77,117,116
1,43,77,38,116
1,44,77,37,116
1,45,77,115,116
1,46,77,44,116
1,47,77,32,116
1,48,77,120,116
1,49,77,57,116
1,50,77,125,116
1,51,77,27,116
1,52,77,119,116
1,53,77,116,116
1,54,77,123,116
1,55,77,110,116
1,56,77,58,116
1,57,77,33,116
1,58,77,36,116
1,59,77,53,116
1,60,77,19,116
1,61,77,31,116
1,62,77,122,116
1,63,77,124,116
1,64,77,127,116
1,65,77,51,116
1,66,77,59,116
1,67,77,47,116
1,68,77,112,116
1,69,77,113,116
1,70,77,128,116
1,71,77,6,116
1,72,77,9,116
1,73,77,129,116
1,74,77,56,116
1,75,77,64,116
1,76,77,126,116
1,77,77,5,116
1,78,77,114,116
1,79,77,16,116
1,80,77,118,116
1,81,77,111,116
1,82,77,121,116
1,83,77,52,116
1,84,77,26,116
1,85,77,14,116
1,86,77,71,116
1,87,77,1,116
1,88,77,74,116
1,89,77,72,116
1,90,77,28,116
1,91,77,76,116
1,92,77,66,116
1,93,77,77,116
1,94,77,61,116
1,95,77,67,116
1,96,77,73,116
1,97,77,24,116
1,98,77,68,116
1,99,77,29,116
1,100,77,79,116
1,101,77,80,116
1,102,77,83,116
1,103,77,63,116
1,104,77,2,116
1,105,77,13,116
1,106,77,78,116
1,107,77,82,116
1,108,77,25,116
1,109,77,11,116
1,110,77,81,116
1,111,77,21,116
1,112,77,10,116
1,113,77,15,116
1,114,77,62,116
1,115,77,69,116
1,116,77,65,116
1,117,77,20,116
1,118,77,75,116
1,119,77,3,116
1,120,77,70,116
1,121,77,7,116
1,122,77,8,116
1,123,77,12,116
1,124,77,23,116
1,125,77,30,116
1,126,77,18,116
1,127,77,22,116
1,128,77,4,116
1,129,77,17,116
1,1,78,108,169
1,2,78,92,169
1,3,78,88,169
1,4,78,96,169
1,5,78,84,169
1,6,78,105,169
1,7,78,94,169
1,8,78,89,169
1,9,78,95,169
1,10,78,91,169
1,11,78,99,169
1,12,78,87,169
1,13,78,107,169
1,14,78,97,169
1,15,78,102,169
1,16,78,86,169
1,17,78,98,169
1,18,78,93,169
1,19,78,90,169
1,20,78,104,169
1,21,78,100,169
1,22,78,109,169
1,23,78,106,169
1,24,78,101,169
1,25,78,85,169
1,26,78,45,169
1,27,78,42,169
1,28,78,43,169
1,29,78,39,169
1,30,78,34,169
1,31,78,55,169
1,32,78,49,169
1,33,78,103,169
1,34,78,54,169
1,35,78,46,169
1,36,78,60,169
1,37,78,48,169
1,38,78,41,169
1,39,78,50,169
1,40,78,35,169
1,41,78,40,169
1,42,78,117,169
1,43,78,38,169
1,44,78,37,169
1,45,78,115,169
1,46,78,44,169
1,47,78,32,169
1,48,78,120,169
1,49,78,57,169
1,50,78,125,169
1,51,78,27,169
1,52,78,119,169
1,53,78,116,169
1,54,78,123,169
1,55,78,110,169
1,56,78,58,169
1,57,78,33,169
1,58,78,36,169
1,59,78,53,169
1,60,78,19,169
1,61,78,31,169
1,62,78,122,169
1,63,78,124,169
1,64,78,127,169
1,65,78,51,169
1,66,78,59,169
1,67,78,47,169
1,68,78,112,169
1,69,78,113,169
1,70,78,128,169
1,71,78,6,169
1,72,78,9,169
1,73,78,129,169
1,74,78,56,169
1,75,78,64,169
1,76,78,126,169
1,77,78,5,169
1,78,78,114,169
1,79,78,16,169
1,80,78,118,169
1,81,78,111,169
1,82,78,121,169
1,83,78,52,169
1,84,78,26,169
1,85,78,14,169
1,86,78,71,169
1,87,78,1,169
1,88,78,74,169
1,89,78,72,169
1,90,78,28,169
1,91,78,76,169
1,92,78,66,169
1,93,78,77,169
1,94,78,61,169
1,95,78,67,169
1,96,78,73,169
1,97,78,24,169
1,98,78,68,169
1,99,78,29,169
1,100,78,79,169
1,101,78,80,169
1,102,78,83,169
1,103,78,63,169
1,104,78,2,169
1,105,78,13,169
1,106,78,78,169
1,107,78,82,169
1,108,78,25,169
1,109,78,11,169
1,110,78,81,169
1,111,78,21,169
1,112,78,10,169
1,113,78,15,169
1,114,78,62,169
1,115,78,69,169
1,116,78,65,169
1,117,78,20,169
1,118,78,75,169
1,119,78,3,169
1,120,78,70,169
1,121,78,7,169
1,122,78,8,169
1,123,78,12,169
1,124,78,23,169
1,125,78,30,169
1,126,78,18,169
1,127,78,22,169
1,128,78,4,169
1,129,78,17,169
1,1,79,108,207
1,2,79,92,207
1,3,79,88,207
1,4,79,96,207
1,5,79,84,207
1,6,79,105,207
1,7,79,94,207
1,8,79,89,207
1,9,79,95,207
1,10,79,91,207
1,11,79,99,207
1,12,79,87,207
1,13,79,107,207
1,14,79,97,207
1,15,79,102,207
1,16,79,86,207
1,17,79,98,207
1,18,79,93,207
1,19,79,90,207
1,20,79,104,207
1,21,79,100,207
1,22,79,109,207
1,23,79,106,207
1,24,79,101,207
1,25,79,85,207
1,26,79,45,207
1,27,79,42,207
1,28,79,43,207
1,29,79,39,207
1,30,79,34,207
1,31,79,55,207
1,32,79,49,207
1,33,79,103,207
1,34,79,54,207
1,35,79,46,207
1,36,79,60,207
1,37,79,48,207
1,38,79,41,207
1,39,79,50,207
1,40,79,35,207
1,41,79,40,207
1,42,79,117,207
1,43,79,38,207
1,44,79,37,207
1,45,79,115,207
1,46,79,44,207
1,47,79,32,207
1,48,79,120,207
1,49,79,57,207
1,50,79,125,207
1,51,79,27,207
1,52,79,119,207
1,53,79,116,207
1,54,79,123,207
1,55,79,110,207
1,56,79,58,207
1,57,79,33,207
1,58,79,36,207
1,59,79,53,207
1,60,79,19,207
1,61,79,31,207
1,62,79,122,207
1,63,79,124,207
1,64,79,127,207
1,65,79,51,207
1,66,79,59,207
1,67,79,47,207
1,68,79,112,207
1,69,79,113,207
1,70,79,128,207
1,71,79,6,207
1,72,79,9,207
1,73,79,129,207
1,74,79,56,207
1,75,79,64,207
1,76,79,126,207
1,77,79,5,207
1,78,79,114,207
1,79,79,16,207
1,80,79,118,207
1,81,79,111,207
1,82,79,121,207
1,83,79,52,207
1,84,79,26,207
1,85,79,14,207
1,86,79,71,207
1,87,79,1,207
1,88,79,74,207
1,89,79,72,207
1,90,79,28,207
1,91,79,76,207
1,92,79,66,207
1,93,79,77,207
1,94,79,61,207
1,95,79,67,207
1,96,79,73,207
1,97,79,24,207
1,98,79,68,207
1,99,79,29,207
1,100,79,79,207
1,101,79,80,207
1,102,79,83,207
1,103,79,63,207
1,104,79,2,207
1,105,79,13,207
1,106,79,78,207
1,107,79,82,207
1,108,79,25,207
1,109,79,11,207
1,110,79,81,207
1,111,79,21,207
1,112,79,10,207
1,113,79,15,207
1,114,79,62,207
1,115,79,69,207
1,116,79,65,207
1,117,79,20,207
1,118,79,75,207
1,119,79,3,207
1,120,79,70,207
1,121,79,7,207
1,122,79,8,207
1,123,79,12,207
1,124,79,23,207
1,125,79,30,207
1,126,79,18,207
1,127,79,22,207
1,128,79,4,207
1,129,79,17,207
1,1,80,108,161
1,2,80,92,161
1,3,80,88,161
1,4,80,96,161
1,5,80,84,161
1,6,80,105,161
1,7,80,94,161
1,8,80,89,161
1,9,80,95,161
1,10,80,91,161
1,11,80,99,161
1,12,80,87,161
1,13,80,107,161
1,14,80,97,161
1,15,80,102,161
1,16,80,86,161
1,17,80,98,161
1,18,80,93,161
1,19,80,90,161
1,20,80,104,161
1,21,80,100,161
1,22,80,109,161
1,23,80,106,161
1,24,80,101,161
1,25,80,85,161
1,26,80,45,161
1,27,80,42,161
1,28,80,43,161
1,29,80,39,161
1,30,80,34,161
1,31,80,55,161
1,32,80,49,161
1,33,80,103,161
1,34,80,54,161
1,35,80,46,161
1,36,80,60,161
1,37,80,48,161
1,38,80,41,161
1,39,80,50,161
1,40,80,35,161
1,41,80,40,161
1,42,80,117,161
1,43,80,38,161
1,44,80,37,161
1,45,80,115,161
1,46,80,44,161
1,47,80,32,161
1,48,80,120,161
1,49,80,57,161
1,50,80,125,161
1,51,80,27,161
1,52,80,119,161
1,53,80,116,161
1,54,80,123,161
1,55,80,110,161
1,56,80,58,161
1,57,80,33,161
1,58,80,36,161
1,59,80,53,161
1,60,80,19,161
1,61,80,31,161
1,62,80,122,161
1,63,80,124,161
1,64,80,127,161
1,65,80,51,161
1,66,80,59,161
1,67,80,47,161
1,68,80,112,161
1,69,80,113,161
1,70,80,128,161
1,71,80,6,161
1,72,80,9,161
1,73,80,129,161
1,74,80,56,161
1,75,80,64,161
1,76,80,126,161
1,77,80,5,161
1,78,80,114,161
1,79,80,16,161
1,80,80,118,161
1,81,80,111,161
1,82,80,121,161
1,83,80,52,161
1,84,80,26,161
1,85,80,14,161
1,86,80,71,161
1,87,80,1,161
1,88,80,74,161
1,89,80,72,161
1,90,80,28,161
1,91,80,76,161
1,92,80,66,161
1,93,80,77,161
1,94,80,61,161
1,95,80,67,161
1,96,80,73,161
1,97,80,24,161
1,98,80,68,161
1,99,80,29,161
1,100,80,79,161
1,101,80,80,161
1,102,80,83,161
1,103,80,63,161
1,104,80,2,161
1,105,80,13,161
1,106,80,78,161
1,107,80,82,161
1,108,80,25,161
1,109,80,11,161
1,110,80,81,161
1,111,80,21,161
1,112,80,10,161
1,113,80,15,161
1,114,80,62,161
1,115,80,69,161
1,116,80,65,161
1,117,80,20,161
1,118,80,75,161
1,119,80,3,161
1,120,80,70,161
1,121,80,7,161
1,122,80,8,161
1,123,80,12,161
1,124,80,23,161
1,125,80,30,161
1,126,80,18,161
1,127,80,22,161
1,128,80,4,161
1,129,80,17,161
1,1,81,108,104
1,2,81,92,104
1,3,81,88,104
1,4,81,96,104
1,5,81,84,104
1,6,81,105,104
1,7,81,94,104
1,8,81,89,104
1,9,81,95,104
1,10,81,91,104
1,11,81,99,104
1,12,81,87,104
1,13,81,107,104
1,14,81,97,104
1,15,81,102,104
1,16,81,86,104
1,17,81,98,104
1,18,81,93,104
1,19,81,90,104
1,20,81,104,104
1,21,81,100,104
1,22,81,109,104
1,23,81,106,104
1,24,81,101,104
1,25,81,85,104
1,26,81,45,104
1,27,81,42,104
1,28,81,43,104
1,29,81,39,104
1,30,81,34,104
1,31,81,55,104
1,32,81,49,104
1,33,81,103,104
1,34,81,54,104
1,35,81,46,104
1,36,81,60,104
1,37,81,48,104
1,38,81,41,104
1,39,81,50,104
1,40,81,35,104
1,41,81,40,104
1,42,81,117,104
1,43,81,38,104
1,44,81,37,104
1,45,81,115,104
1,46,81,44,104
1,47,81,32,104
1,48,81,120,104
1,49,81,57,104
1,50,81,125,104
1,51,81,27,104
1,52,81,119,104
1,53,81,116,104
1,54,81,123,104
1,55,81,110,104
1,56,81,58,104
1,57,81,33,104
1,58,81,36,104
1,59,81,53,104
1,60,81,19,104
1,61,81,31,104
1,62,81,122,104
1,63,81,124,104
1,64,81,127,104
1,65,81,51,104
1,66,81,59,104
1,67,81,47,104
1,68,81,112,104
1,69,81,113,104
1,70,81,128,104
1,71,81,6,104
1,72,81,9,104
1,73,81,129,104
1,74,81,56,104
1,75,81,64,104
1,76,81,126,104
1,77,81,5,104
1,78,81,114,104
1,79,81,16,104
1,80,81,118,104
1,81,81,111,104
1,82,81,121,104
2,83,81,52,104
2,84,81,26,104
2,85,81,14,104
2,86,81,71,104
2,87,81,1,104
2,88,81,74,104
2,89,81,72,104
2,90,81,28,104
2,91,81,76,104
2,92,81,66,104
2,93,81,77,104
2,94,81,61,104
2,95,81,67,104
2,96,81,73,104
2,97,81,24,104
2,98,81,68,104
2,99,81,29,104
2,100,81,79,104
2,101,81,80,104
2,102,81,83,104
2,103,81,63,104
2,104,81,2,104
2,105,81,13,104
2,106,81,78,104
2,107,81,82,104
2,108,81,25,104
2,109,81,11,104
2,110,81,81,104
2,111,81,21,104
2,112,81,10,104
2,113,81,15,104
2,114,81,62,104
2,115,81,69,104
2,116,81,65,104
2,117,81,20,104
2,118,81,75,104
2,119,81,3,104
2,120,81,70,104
2,121,81,7,104
2,122,81,8,104
2,123,81,12,104
2,124,81,23,104
2,125,81,30,104
2,126,81,18,104
2,127,81,22,104
3,128,81,4,104
3,129,81,17,104
1,1,82,108,114
1,2,82,92,114
1,3,82,88,114
1,4,82,96,114
1,5,82,84,114
1,6,82,105,114
1,7,82,94,114
1,8,82,89,114
1,9,82,95,114
1,10,82,91,114
1,11,82,99,114
1,12,82,87,114
1,13,82,107,114
1,14,82,97,114
1,15,82,102,114
1,16,82,86,114
1,17,82,98,114
1,18,82,93,114
1,19,82,90,114
1,20,82,104,114
1,21,82,100,114
1,22,82,109,114
1,23,82,106,114
1,24,82,101,114
1,25,82,85,114
1,26,82,45,114
1,27,82,42,114
1,28,82,43,114
1,29,82,39,114
1,30,82,34,114
1,31,82,55,114
1,32,82,49,114
1,33,82,103,114
1,34,82,54,114
1,35,82,46,114
1,36,82,60,114
1,37,82,48,114
1,38,82,41,114
1,39,82,50,114
1,40,82,35,114
1,41,82,40,114
1,42,82,117,114
1,43,82,38,114
1,44,82,37,114
1,45,82,115,114
1,46,82,44,114
1,47,82,32,114
1,48,82,120,114
1,49,82,57,114
1,50,82,125,114
1,51,82,27,114
1,52,82,119,114
1,53,82,116,114
1,54,82,123,114
1,55,82,110,114
1,56,82,58,114
1,57,82,33,114
1,58,82,36,114
1,59,82,53,114
1,60,82,19,114
1,61,82,31,114
1,62,82,122,114
1,63,82,124,114
1,64,82,127,114
1,65,82,51,114
1,66,82,59,114
1,67,82,47,114
1,68,82,112,114
1,69,82,113,114
1,70,82,128,114
1,71,82,6,114
1,72,82,9,114
1,73,82,129,114
1,74,82,56,114
1,75,82,64,114
1,76,82,126,114
1,77,82,5,114
1,78,82,114,114
1,79,82,16,114
1,80,82,118,114
1,81,82,111,114
1,82,82,121,114
2,83,82,52,114
2,84,82,26,114
2,85,82,14,114
2,86,82,71,114
2,87,82,1,114
2,88,82,74,114
2,89,82,72,114
2,90,82,28,114
2,91,82,76,114
2,92,82,66,114
2,93,82,77,114
2,94,82,61,114
2,95,82,67,114
2,96,82,73,114
2,97,82,24,114
2,98,82,68,114
2,99,82,29,114
2,100,82,79,114
2,101,82,80,114
2,102,82,83,114
2,103,82,63,114
2,104,82,2,114
2,105,82,13,114
2,106,82,78,114
2,107,82,82,114
2,108,82,25,114
2,109,82,11,114
2,110,82,81,114
2,111,82,21,114
2,112,82,10,114
2,113,82,15,114
2,114,82,62,114
2,115,82,69,114
2,116,82,65,114
2,117,82,20,114
2,118,82,75,114
2,119,82,3,114
2,120,82,70,114
2,121,82,7,114
2,122,82,8,114
2,123,82,12,114
2,124,82,23,114
2,125,82,30,114
2,126,82,18,114
2,127,82,22,114
3,128,82,4,114
3,129,82,17,114
1,1,83,108,30
1,2,83,92,30
1,3,83,88,30
1,4,83,96,30
1,5,83,84,30
1,6,83,105,30
1,7,83,94,30
1,8,83,89,30
1,9,83,95,30
1,10,83,91,30
1,11,83,99,30
1,12,83,87,30
1,13,83,107,30
1,14,83,97,30
1,15,83,102,30
1,16,83,86,30
1,17,83,98,30
1,18,83,93,30
1,19,83,90,30
1,20,83,104,30
1,21,83,100,30
1,22,83,109,30
1,23,83,106,30
1,24,83,101,30
1,25,83,85,30
1,26,83,45,30
1,27,83,42,30
1,28,83,43,30
1,29,83,39,30
1,30,83,34,30
1,31,83,55,30
1,32,83,49,30
1,33,83,103,30
1,34,83,54,30
1,35,83,46,30
1,36,83,60,30
1,37,83,48,30
1,38,83,41,30
1,39,83,50,30
1,40,83,35,30
1,41,83,40,30
1,42,83,117,30
1,43,83,38,30
1,44,83,37,30
1,45,83,115,30
1,46,83,44,30
1,47,83,32,30
1,48,83,120,30
1,49,83,57,30
1,50,83,125,30
1,51,83,27,30
1,52,83,119,30
1,53,83,116,30
1,54,83,123,30
1,55,83,110,30
1,56,83,58,30
1,57,83,33,30
1,58,83,36,30
1,59,83,53,30
1,60,83,19,30
1,61,83,31,30
1,62,83,122,30
1,63,83,124,30
1,64,83,127,30
1,65,83,51,30
1,66,83,59,30
1,67,83,47,30
1,68,83,112,30
1,69,83,113,30
1,70,83,128,30
1,71,83,6,30
1,72,83,9,30
1,73,83,129,30
1,74,83,56,30
1,75,83,64,30
1,76,83,126,30
1,77,83,5,30
1,78,83,114,30
1,79,83,16,30
1,80,83,118,30
1,81,83,111,30
1,82,83,121,30
2,83,83,52,30
2,84,83,26,30
2,85,83,14,30
2,86,83,71,30
2,87,83,1,30
2,88,83,74,30
2,89,83,72,30
2,90,83,28,30
2,91,83,76,30
2,92,83,66,30
2,93,83,77,30
2,94,83,61,30
2,95,83,67,30
2,96,83,73,30
2,97,83,24,30
2,98,83,68,30
2,99,83,29,30
2,100,83,79,30
2,101,83,80,30
2,102,83,83,30
2,103,83,63,30
2,104,83,2,30
2,105,83,13,30
2,106,83,78,30
2,107,83,82,30
2,108,83,25,30
2,109,83,11,30
2,110,83,81,30
2,111,83,21,30
2,112,83,10,30
2,113,83,15,30
2,114,83,62,30
2,115,83,69,30
2,116,83,65,30
2,117,83,20,30
2,118,83,75,30
2,119,83,3,30
2,120,83,70,30
2,121,83,7,30
2,122,83,8,30
2,123,83,12,30
2,124,83,23,30
2,125,83,30,30
2,126,83,18,30
2,127,83,22,30
3,128,83,4,30
3,129,83,17,30
1,1,84,108,162
1,2,84,92,162
1,3,84,88,162
1,4,84,96,162
1,5,84,84,162
1,6,84,105,162
1,7,84,94,162
1,8,84,89,162
1,9,84,95,162
1,10,84,91,162
1,11,84,99,162
1,12,84,87,162
1,13,84,107,162
1,14,84,97,162
1,15,84,102,162
1,16,84,86,162
1,17,84,98,162
1,18,84,93,162
1,19,84,90,162
1,20,84,104,162
1,21,84,100,162
1,22,84,109,162
1,23,84,106,162
1,24,84,101,162
1,25,84,85,162
1,26,84,45,162
1,27,84,42,162
1,28,84,43,162
1,29,84,39,162
1,30,84,34,162
1,31,84,55,162
1,32,84,49,162
1,33,84,103,162
1,34,84,54,162
1,35,84,46,162
1,36,84,60,162
1,37,84,48,162
1,38,84,41,162
1,39,84,50,162
1,40,84,35,162
1,41,84,40,162
1,42,84,117,162
1,43,84,38,162
1,44,84,37,162
1,45,84,115,162
1,46,84,44,162
1,47,84,32,162
1,48,84,120,162
1,49,84,57,162
1,50,84,125,162
1,51,84,27,162
1,52,84,119,162
1,53,84,116,162
1,54,84,123,162
1,55,84,110,162
1,56,84,58,162
1,57,84,33,162
1,58,84,36,162
1,59,84,53,162
1,60,84,19,162
1,61,84,31,162
1,62,84,122,162
1,63,84,124,162
1,64,84,127,162
1,65,84,51,162
1,66,84,59,162
1,67,84,47,162
1,68,84,112,162
1,69,84,113,162
1,70,84,128,162
1,71,84,6,162
1,72,84,9,162
1,73,84,129,162
1,74,84,56,162
1,75,84,64,162
1,76,84,126,162
1,77,84,5,162
1,78,84,114,162
1,79,84,16,162
1,80,84,118,162
1,81,84,111,162
1,82,84,121,162
2,83,84,52,162
2,84,84,26,162
2,85,84,14,162
2,86,84,71,162
2,87,84,1,162
2,88,84,74,162
2,89,84,72,162
2,90,84,28,162
2,91,84,76,162
2,92,84,66,162
2,93,84,77,162
2,94,84,61,162
2,95,84,67,162
2,96,84,73,162
2,97,84,24,162
2,98,84,68,162
2,99,84,29,162
2,100,84,79,162
2,101,84,80,162
2,102,84,83,162
2,103,84,63,162
2,104,84,2,162
2,105,84,13,162
2,106,84,78,162
2,107,84,82,162
2,108,84,25,162
2,109,84,11,162
2,110,84,81,162
2,111,84,21,162
2,112,84,10,162
2,113,84,15,162
2,114,84,62,162
2,115,84,69,162
2,116,84,65,162
2,117,84,20,162
2,118,84,75,162
2,119,84,3,162
2,120,84,70,162
2,121,84,7,162
2,122,84,8,162
2,123,84,12,162
2,124,84,23,162
2,125,84,30,162
2,126,84,18,162
2,127,84,22,162
3,128,84,4,162
3,129,84,17,162
1,1,85,108,67
1,2,85,92,67
1,3,85,88,67
1,4,85,96,67
1,5,85,84,67
1,6,85,105,67
1,7,85,94,67
1,8,85,89,67
1,9,85,95,67
1,10,85,91,67
1,11,85,99,67
1,12,85,87,67
1,13,85,107,67
1,14,85,97,67
1,15,85,102,67
1,16,85,86,67
1,17,85,98,67
1,18,85,93,67
1,19,85,90,67
1,20,85,104,67
1,21,85,100,67
1,22,85,109,67
1,23,85,106,67
1,24,85,101,67
1,25,85,85,67
1,26,85,45,67
1,27,85,42,67
1,28,85,43,67
1,29,85,39,67
1,30,85,34,67
1,31,85,55,67
1,32,85,49,67
1,33,85,103,67
1,34,85,54,67
1,35,85,46,67
1,36,85,60,67
1,37,85,48,67
1,38,85,41,67
1,39,85,50,67
1,40,85,35,67
1,41,85,40,67
1,42,85,117,67
1,43,85,38,67
1,44,85,37,67
1,45,85,115,67
1,46,85,44,67
1,47,85,32,67
1,48,85,120,67
1,49,85,57,67
1,50,85,125,67
1,51,85,27,67
1,52,85,119,67
1,53,85,116,67
1,54,85,123,67
1,55,85,110,67
1,56,85,58,67
1,57,85,33,67
1,58,85,36,67
1,59,85,53,67
1,60,85,19,67
1,61,85,31,67
1,62,85,122,67
1,63,85,124,67
1,64,85,127,67
1,65,85,51,67
1,66,85,59,67
1,67,85,47,67
1,68,85,112,67
1,69,85,113,67
1,70,85,128,67
1,71,85,6,67
1,72,85,9,67
1,73,85,129,67
1,74,85,56,67
1,75,85,64,67
1,76,85,126,67
1,77,85,5,67
1,78,85,114,67
1,79,85,16,67
1,80,85,118,67
1,81,85,111,67
1,82,85,121,67
2,83,85,52,67
2,84,85,26,67
2,85,85,14,67
2,86,85,71,67
2,87,85,1,67
2,88,85,74,67
2,89,85,72,67
2,90,85,28,67
2,91,85,76,67
2,92,85,66,67
2,93,85,77,67
2,94,85,61,67
2,95,85,67,67
2,96,85,73,67
2,97,85,24,67
2,98,85,68,67
2,99,85,29,67
2,100,85,79,67
2,101,85,80,67
2,102,85,83,67
2,103,85,63,67
2,104,85,2,67
2,105,85,13,67
2,106,85,78,67
2,107,85,82,67
2,108,85,25,67
2,109,85,11,67
2,110,85,81,67
2,111,85,21,67
2,112,85,10,67
2,113,85,15,67
2,114,85,62,67
2,115,85,69,67
2,116,85,65,67
2,117,85,20,67
2,118,85,75,67
2,119,85,3,67
2,120,85,70,67
2,121,85,7,67
2,122,85,8,67
2,123,85,12,67
2,124,85,23,67
2,125,85,30,67
2,126,85,18,67
2,127,85,22,67
3,128,85,4,67
3,129,85,17,67
1,1,86,108,214
1,2,86,92,214
1,3,86,88,214
1,4,86,96,214
1,5,86,84,214
1,6,86,105,214
1,7,86,94,214
1,8,86,89,214
1,9,86,95,214
1,10,86,91,214
1,11,86,99,214
1,12,86,87,214
1,13,86,107,214
1,14,86,97,214
1,15,86,102,214
1,16,86,86,214
1,17,86,98,214
1,18,86,93,214
1,19,86,90,214
1,20,86,104,214
1,21,86,100,214
1,22,86,109,214
1,23,86,106,214
1,24,86,101,214
1,25,86,85,214
1,26,86,45,214
1,27,86,42,214
1,28,86,43,214
1,29,86,39,214
1,30,86,34,214
1,31,86,55,214
1,32,86,49,214
1,33,86,103,214
1,34,86,54,214
1,35,86,46,214
1,36,86,60,214
1,37,86,48,214
1,38,86,41,214
1,39,86,50,214
1,40,86,35,214
1,41,86,40,214
1,42,86,117,214
1,43,86,38,214
1,44,86,37,214
1,45,86,115,214
1,46,86,44,214
1,47,86,32,214
1,48,86,120,214
1,49,86,57,214
1,50,86,125,214
1,51,86,27,214
1,52,86,119,214
1,53,86,116,214
1,54,86,123,214
1,55,86,110,214
1,56,86,58,214
1,57,86,33,214
1,58,86,36,214
1,59,86,53,214
1,60,86,19,214
1,61,86,31,214
1,62,86,122,214
1,63,86,124,214
1,64,86,127,214
1,65,86,51,214
1,66,86,59,214
1,67,86,47,214
1,68,86,112,214
1,69,86,113,214
1,70,86,128,214
1,71,86,6,214
1,72,86,9,214
1,73,86,129,214
1,74,86,56,214
1,75,86,64,214
1,76,86,126,214
1,77,86,5,214
1,78,86,114,214
1,79,86,16,214
1,80,86,118,214
1,81,86,111,214
1,82,86,121,214
2,83,86,52,214
2,84,86,26,214
2,85,86,14,214
2,86,86,71,214
2,87,86,1,214
2,88,86,74,214
2,89,86,72,214
2,90,86,28,214
2,91,86,76,214
2,92,86,66,214
2,93,86,77,214
2,94,86,61,214
2,95,86,67,214
2,96,86,73,214
2,97,86,24,214
2,98,86,68,214
2,99,86,29,214
2,100,86,79,214
2,101,86,80,214
2,102,86,83,214
2,103,86,63,214
2,104,86,2,214
2,105,86,13,214
2,106,86,78,214
2,107,86,82,214
2,108,86,25,214
2,109,86,11,214
2,110,86,81,214
2,111,86,21,214
2,112,86,10,214
2,113,86,15,214
2,114,86,62,214
2,115,86,69,214
2,116,86,65,214
2,117,86,20,214
2,118,86,75,214
2,119,86,3,214
2,120,86,70,214
2,121,86,7,214
2,122,86,8,214
2,123,86,12,214
2,124,86,23,214
2,125,86,30,214
2,126,86,18,214
2,127,86,22,214
3,128,86,4,214
3,129,86,17,214
1,1,87,108,94
1,2,87,92,94
1,3,87,88,94
1,4,87,96,94
1,5,87,84,94
1,6,87,105,94
1,7,87,94,94
1,8,87,89,94
1,9,87,95,94
1,10,87,91,94
1,11,87,99,94
1,12,87,87,94
1,13,87,107,94
1,14,87,97,94
1,15,87,102,94
1,16,87,86,94
1,17,87,98,94
1,18,87,93,94
1,19,87,90,94
1,20,87,104,94
1,21,87,100,94
1,22,87,109,94
1,23,87,106,94
1,24,87,101,94
1,25,87,85,94
1,26,87,45,94
1,27,87,42,94
1,28,87,43,94
1,29,87,39,94
1,30,87,34,94
1,31,87,55,94
1,32,87,49,94
1,33,87,103,94
1,34,87,54,94
1,35,87,46,94
1,36,87,60,94
1,37,87,48,94
1,38,87,41,94
1,39,87,50,94
1,40,87,35,94
1,41,87,40,94
1,42,87,117,94
1,43,87,38,94
1,44,87,37,94
1,45,87,115,94
1,46,87,44,94
1,47,87,32,94
1,48,87,120,94
1,49,87,57,94
1,50,87,125,94
1,51,87,27,94
1,52,87,119,94
1,53,87,116,94
1,54,87,123,94
1,55,87,110,94
1,56,87,58,94
1,57,87,33,94
1,58,87,36,94
1,59,87,53,94
1,60,87,19,94
1,61,87,31,94
1,62,87,122,94
1,63,87,124,94
1,64,87,127,94
1,65,87,51,94
1,66,87,59,94
1,67,87,47,94
1,68,87,112,94
1,69,87,113,94
1,70,87,128,94
1,71,87,6,94
1,72,87,9,94
1,73,87,129,94
1,74,87,56,94
1,75,87,64,94
1,76,87,126,94
1,77,87,5,94
1,78,87,114,94
1,79,87,16,94
1,80,87,118,94
1,81,87,111,94
1,82,87,121,94
2,83,87,52,94
2,84,87,26,94
2,85,87,14,94
2,86,87,71,94
2,87,87,1,94
2,88,87,74,94
2,89,87,72,94
2,90,87,28,94
2,91,87,76,94
2,92,87,66,94
2,93,87,77,94
2,94,87,61,94
2,95,87,67,94
2,96,87,73,94
2,97,87,24,94
2,98,87,68,94
2,99,87,29,94
2,100,87,79,94
2,101,87,80,94
2,102,87,83,94
2,103,87,63,94
2,104,87,2,94
2,105,87,13,94
2,106,87,78,94
2,107,87,82,94
2,108,87,25,94
2,109,87,11,94
2,110,87,81,94
2,111,87,21,94
2,112,87,10,94
2,113,87,15,94
2,114,87,62,94
2,115,87,69,94
2,116,87,65,94
2,117,87,20,94
2,118,87,75,94
2,119,87,3,94
2,120,87,70,94
2,121,87,7,94
2,122,87,8,94
2,123,87,12,94
2,124,87,23,94
2,125,87,30,94
2,126,87,18,94
2,127,87,22,94
3,128,87,4,94
3,129,87,17,94
6,1,88,108,36
6,2,88,92,36
7,3,88,88,36
7,4,88,96,36
7,5,88,84,36
7,6,88,105,36
7,7,88,94,36
7,8,88,89,36
7,9,88,95,36
7,10,88,91,36
7,11,88,99,36
7,12,88,87,36
7,13,88,107,36
7,14,88,97,36
7,15,88,102,36
7,16,88,86,36
7,17,88,98,36
7,18,88,93,36
7,19,88,90,36
7,20,88,104,36
7,21,88,100,36
7,22,88,109,36
7,23,88,106,36
7,24,88,101,36
7,25,88,85,36
7,26,88,45,36
7,27,88,42,36
7,28,88,43,36
7,29,88,39,36
7,30,88,34,36
7,31,88,55,36
7,32,88,49,36
7,33,88,103,36
7,34,88,54,36
7,35,88,46,36
7,36,88,60,36
7,37,88,48,36
7,38,88,41,36
7,39,88,50,36
7,40,88,35,36
7,41,88,40,36
7,42,88,117,36
7,43,88,38,36
7,44,88,37,36
8,45,88,115,36
8,46,88,44,36
8,47,88,32,36
8,48,88,120,36
8,49,88,57,36
8,50,88,125,36
8,51,88,27,36
8,52,88,119,36
8,53,88,116,36
8,54,88,123,36
8,55,88,110,36
8,56,88,58,36
8,57,88,33,36
8,58,88,36,36
8,59,88,53,36
8,60,88,19,36
8,61,88,31,36
8,62,88,122,36
8,63,88,124,36
8,64,88,127,36
8,65,88,51,36
8,66,88,59,36
8,67,88,47,36
8,68,88,112,36
8,69,88,113,36
8,70,88,128,36
9,71,88,6,36
9,72,88,9,36
9,73,88,129,36
9,74,88,56,36
9,75,88,64,36
9,76,88,126,36
9,77,88,5,36
9,78,88,114,36
9,79,88,16,36
9,80,88,118,36
9,81,88,111,36
9,82,88,121,36
2,83,88,52,36
2,84,88,26,36
2,85,88,14,36
2,86,88,71,36
2,87,88,1,36
2,88,88,74,36
2,89,88,72,36
2,90,88,28,36
2,91,88,76,36
2,92,88,66,36
2,93,88,77,36
2,94,88,61,36
2,95,88,67,36
2,96,88,73,36
2,97,88,24,36
2,98,88,68,36
2,99,88,29,36
2,100,88,79,36
2,101,88,80,36
2,102,88,83,36
2,103,88,63,36
2,104,88,2,36
2,105,88,13,36
2,106,88,78,36
2,107,88,82,36
2,108,88,25,36
2,109,88,11,36
2,110,88,81,36
2,111,88,21,36
2,112,88,10,36
2,113,88,15,36
2,114,88,62,36
2,115,88,69,36
2,116,88,65,36
2,117,88,20,36
2,118,88,75,36
2,119,88,3,36
2,120,88,70,36
2,121,88,7,36
2,122,88,8,36
2,123,88,12,36
2,124,88,23,36
2,125,88,30,36
2,126,88,18,36
2,127,88,22,36
3,128,88,4,36
3,129,88,17,36
6,1,89,108,11
6,2,89,92,11
7,3,89,88,11
7,4,89,96,11
7,5,89,84,11
7,6,89,105,11
7,7,89,94,11
7,8,89,89,11
7,9,89,95,11
7,10,89,91,11
7,11,89,99,11
7,12,89,87,11
7,13,89,107,11
7,14,89,97,11
7,15,89,102,11
7,16,89,86,11
7,17,89,98,11
7,18,89,93,11
7,19,89,90,11
7,20,89,104,11
7,21,89,100,11
7,22,89,109,11
7,23,89,106,11
7,24,89,101,11
7,25,89,85,11
7,26,89,45,11
7,27,89,42,11
7,28,89,43,11
7,29,89,39,11
7,30,89,34,11
7,31,89,55,11
7,32,89,49,11
7,33,89,103,11
7,34,89,54,11
7,35,89,46,11
7,36,89,60,11
7,37,89,48,11
7,38,89,41,11
7,39,89,50,11
7,40,89,35,11
7,41,89,40,11
7,42,89,117,11
7,43,89,38,11
7,44,89,37,11
8,45,89,115,11
8,46,89,44,11
8,47,89,32,11
8,48,89,120,11
8,49,89,57,11
8,50,89,125,11
8,51,89,27,11
8,52,89,119,11
8,53,89,116,11
8,54,89,123,11
8,55,89,110,11
8,56,89,58,11
8,57,89,33,11
8,58,89,36,11
8,59,89,53,11
8,60,89,19,11
8,61,89,31,11
8,62,89,122,11
8,63,89,124,11
8,64,89,127,11
8,65,89,51,11
8,66,89,59,11
8,67,89,47,11
8,68,89,112,11
8,69,89,113,11
8,70,89,128,11
9,71,89,6,11
9,72,89,9,11
9,73,89,129,11
9,74,89,56,11
9,75,89,64,11
9,76,89,126,11
9,77,89,5,11
9,78,89,114,11
9,79,89,16,11
9,80,89,118,11
9,81,89,111,11
9,82,89,121,11
2,83,89,52,11
2,84,89,26,11
2,85,89,14,11
2,86,89,71,11
2,87,89,1,11
2,88,89,74,11
2,89,89,72,11
2,90,89,28,11
2,91,89,76,11
2,92,89,66,11
2,93,89,77,11
2,94,89,61,11
2,95,89,67,11
2,96,89,73,11
2,97,89,24,11
2,98,89,68,11
2,99,89,29,11
2,100,89,79,11
2,101,89,80,11
2,102,89,83,11
2,103,89,63,11
2,104,89,2,11
2,105,89,13,11
2,106,89,78,11
2,107,89,82,11
2,108,89,25,11
2,109,89,11,11
2,110,89,81,11
2,111,89,21,11
2,112,89,10,11
2,113,89,15,11
2,114,89,62,11
2,115,89,69,11
2,116,89,65,11
2,117,89,20,11
2,118,89,75,11
2,119,89,3,11
2,120,89,70,11
2,121,89,7,11
2,122,89,8,11
2,123,89,12,11
2,124,89,23,11
2,125,89,30,11
2,126,89,18,11
2,127,89,22,11
3,128,89,4,11
3,129,89,17,11
6,1,90,108,44
6,2,90,92,44
7,3,90,88,44
7,4,90,96,44
7,5,90,84,44
7,6,90,105,44
7,7,90,94,44
7,8,90,89,44
7,9,90,95,44
7,10,90,91,44
7,11,90,99,44
7,12,90,87,44
7,13,90,107,44
7,14,90,97,44
7,15,90,102,44
7,16,90,86,44
7,17,90,98,44
7,18,90,93,44
7,19,90,90,44
7,20,90,104,44
7,21,90,100,44
7,22,90,109,44
7,23,90,106,44
7,24,90,101,44
7,25,90,85,44
7,26,90,45,44
7,27,90,42,44
7,28,90,43,44
7,29,90,39,44
7,30,90,34,44
7,31,90,55,44
7,32,90,49,44
7,33,90,103,44
7,34,90,54,44
7,35,90,46,44
7,36,90,60,44
7,37,90,48,44
7,38,90,41,44
7,39,90,50,44
7,40,90,35,44
7,41,90,40,44
7,42,90,117,44
7,43,90,38,44
7,44,90,37,44
8,45,90,115,44
8,46,90,44,44
8,47,90,32,44
8,48,90,120,44
8,49,90,57,44
8,50,90,125,44
8,51,90,27,44
8,52,90,119,44
8,53,90,116,44
8,54,90,123,44
8,55,90,110,44
8,56,90,58,44
8,57,90,33,44
8,58,90,36,44
8,59,90,53,44
8,60,90,19,44
8,61,90,31,44
8,62,90,122,44
8,63,90,124,44
8,64,90,127,44
8,65,90,51,44
8,66,90,59,44
8,67,90,47,44
8,68,90,112,44
8,69,90,113,44
8,70,90,128,44
9,71,90,6,44
9,72,90,9,44
9,73,90,129,44
9,74,90,56,44
9,75,90,64,44
9,76,90,126,44
9,77,90,5,44
9,78,90,114,44
9,79,90,16,44
9,80,90,118,44
9,81,90,111,44
9,82,90,121,44
2,83,90,52,44
2,84,90,26,44
2,85,90,14,44
2,86,90,71,44
2,87,90,1,44
2,88,90,74,44
2,89,90,72,44
2,90,90,28,44
2,91,90,76,44
2,92,90,66,44
2,93,90,77,44
2,94,90,61,44
2,95,90,67,44
2,96,90,73,44
2,97,90,24,44
2,98,90,68,44
2,99,90,29,44
2,100,90,79,44
2,101,90,80,44
2,102,90,83,44
2,103,90,63,44
2,104,90,2,44
2,105,90,13,44
2,106,90,78,44
2,107,90,82,44
2,108,90,25,44
2,109,90,11,44
2,110,90,81,44
2,111,90,21,44
2,112,90,10,44
2,113,90,15,44
2,114,90,62,44
2,115,90,69,44
2,116,90,65,44
2,117,90,20,44
2,118,90,75,44
2,119,90,3,44
2,120,90,70,44
2,121,90,7,44
2,122,90,8,44
2,123,90,12,44
2,124,90,23,44
2,125,90,30,44
2,126,90,18,44
2,127,90,22,44
3,128,90,4,44
3,129,90,17,44
6,1,91,108,64
6,2,91,92,64
7,3,91,88,64
7,4,91,96,64
7,5,91,84,64
7,6,91,105,64
7,7,91,94,64
7,8,91,89,64
7,9,91,95,64
7,10,91,91,64
7,11,91,99,64
7,12,91,87,64
7,13,91,107,64
7,14,91,97,64
7,15,91,102,64
7,16,91,86,64
7,17,91,98,64
7,18,91,93,64
7,19,91,90,64
7,20,91,104,64
7,21,91,100,64
7,22,91,109,64
7,23,91,106,64
7,24,91,101,64
7,25,91,85,64
7,26,91,45,64
7,27,91,42,64
7,28,91,43,64
7,29,91,39,64
7,30,91,34,64
7,31,91,55,64
7,32,91,49,64
7,33,91,103,64
7,34,91,54,64
7,35,91,46,64
7,36,91,60,64
7,37,91,48,64
7,38,91,41,64
7,39,91,50,64
7,40,91,35,64
7,41,91,40,64
7,42,91,117,64
7,43,91,38,64
7,44,91,37,64
8,45,91,115,64
8,46,91,44,64
8,47,91,32,64
8,48,91,120,64
8,49,91,57,64
8,50,91,125,64
8,51,91,27,64
8,52,91,119,64
8,53,91,116,64
8,54,91,123,64
8,55,91,110,64
8,56,91,58,64
8,57,91,33,64
8,58,91,36,64
8,59,91,53,64
8,60,91,19,64
8,61,91,31,64
8,62,91,122,64
8,63,91,124,64
8,64,91,127,64
8,65,91,51,64
8,66,91,59,64
8,67,91,47,64
8,68,91,112,64
8,69,91,113,64
8,70,91,128,64
9,71,91,6,64
9,72,91,9,64
9,73,91,129,64
9,74,91,56,64
9,75,91,64,64
9,76,91,126,64
9,77,91,5,64
9,78,91,114,64
9,79,91,16,64
9,80,91,118,64
9,81,91,111,64
9,82,91,121,64
2,83,91,52,64
2,84,91,26,64
2,85,91,14,64
2,86,91,71,64
2,87,91,1,64
2,88,91,74,64
2,89,91,72,64
2,90,91,28,64
2,91,91,76,64
2,92,91,66,64
2,93,91,77,64
2,94,91,61,64
2,95,91,67,64
2,96,91,73,64
2,97,91,24,64
2,98,91,68,64
2,99,91,29,64
2,100,91,79,64
2,101,91,80,64
2,102,91,83,64
2,103,91,63,64
2,104,91,2,64
2,105,91,13,64
2,106,91,78,64
2,107,91,82,64
2,108,91,25,64
2,109,91,11,64
2,110,91,81,64
2,111,91,21,64
2,112,91,10,64
2,113,91,15,64
2,114,91,62,64
2,115,91,69,64
2,116,91,65,64
2,117,91,20,64
2,118,91,75,64
2,119,91,3,64
2,120,91,70,64
2,121,91,7,64
2,122,91,8,64
2,123,91,12,64
2,124,91,23,64
2,125,91,30,64
2,126,91,18,64
2,127,91,22,64
3,128,91,4,64
3,129,91,17,64
6,1,92,108,52
6,2,92,92,52
7,3,92,88,52
7,4,92,96,52
7,5,92,84,52
7,6,92,105,52
7,7,92,94,52
7,8,92,89,52
7,9,92,95,52
7,10,92,91,52
7,11,92,99,52
7,12,92,87,52
7,13,92,107,52
7,14,92,97,52
7,15,92,102,52
7,16,92,86,52
7,17,92,98,52
7,18,92,93,52
7,19,92,90,52
7,20,92,104,52
7,21,92,100,52
7,22,92,109,52
7,23,92,106,52
7,24,92,101,52
7,25,92,85,52
7,26,92,45,52
7,27,92,42,52
7,28,92,43,52
7,29,92,39,52
7,30,92,34,52
7,31,92,55,52
7,32,92,49,52
7,33,92,103,52
7,34,92,54,52
7,35,92,46,52
7,36,92,60,52
7,37,92,48,52
7,38,92,41,52
7,39,92,50,52
7,40,92,35,52
7,41,92,40,52
7,42,92,117,52
7,43,92,38,52
7,44,92,37,52
8,45,92,115,52
8,46,92,44,52
8,47,92,32,52
8,48,92,120,52
8,49,92,57,52
8,50,92,125,52
8,51,92,27,52
8,52,92,119,52
8,53,92,116,52
8,54,92,123,52
8,55,92,110,52
8,56,92,58,52
8,57,92,33,52
8,58,92,36,52
8,59,92,53,52
8,60,92,19,52
8,61,92,31,52
8,62,92,122,52
8,63,92,124,52
8,64,92,127,52
8,65,92,51,52
8,66,92,59,52
8,67,92,47,52
8,68,92,112,52
8,69,92,113,52
8,70,92,128,52
9,71,92,6,52
9,72,92,9,52
9,73,92,129,52
9,74,92,56,52
9,75,92,64,52
9,76,92,126,52
9,77,92,5,52
9,78,92,114,52
9,79,92,16,52
9,80,92,118,52
9,81,92,111,52
9,82,92,121,52
2,83,92,52,52
2,84,92,26,52
2,85,92,14,52
2,86,92,71,52
2,87,92,1,52
2,88,92,74,52
2,89,92,72,52
2,90,92,28,52
2,91,92,76,52
2,92,92,66,52
2,93,92,77,52
2,94,92,61,52
2,95,92,67,52
2,96,92,73,52
2,97,92,24,52
2,98,92,68,52
2,99,92,29,52
2,100,92,79,52
2,101,92,80,52
2,102,92,83,52
2,103,92,63,52
2,104,92,2,52
2,105,92,13,52
2,106,92,78,52
2,107,92,82,52
2,108,92,25,52
2,109,92,11,52
2,110,92,81,52
2,111,92,21,52
2,112,92,10,52
2,113,92,15,52
2,114,92,62,52
2,115,92,69,52
2,116,92,65,52
2,117,92,20,52
2,118,92,75,52
2,119,92,3,52
2,120,92,70,52
2,121,92,7,52
2,122,92,8,52
2,123,92,12,52
2,124,92,23,52
2,125,92,30,52
2,126,92,18,52
2,127,92,22,52
3,128,92,4,52
3,129,92,17,52
6,1,93,108,173
6,2,93,92,173
7,3,93,88,173
7,4,93,96,173
7,5,93,84,173
7,6,93,105,173
7,7,93,94,173
7,8,93,89,173
7,9,93,95,173
7,10,93,91,173
7,11,93,99,173
7,12,93,87,173
7,13,93,107,173
7,14,93,97,173
7,15,93,102,173
7,16,93,86,173
7,17,93,98,173
7,18,93,93,173
7,19,93,90,173
7,20,93,104,173
7,21,93,100,173
7,22,93,109,173
7,23,93,106,173
7,24,93,101,173
7,25,93,85,173
7,26,93,45,173
7,27,93,42,173
7,28,93,43,173
7,29,93,39,173
7,30,93,34,173
7,31,93,55,173
7,32,93,49,173
7,33,93,103,173
7,34,93,54,173
7,35,93,46,173
7,36,93,60,173
7,37,93,48,173
7,38,93,41,173
7,39,93,50,173
7,40,93,35,173
7,41,93,40,173
7,42,93,117,173
7,43,93,38,173
7,44,93,37,173
8,45,93,115,173
8,46,93,44,173
8,47,93,32,173
8,48,93,120,173
8,49,93,57,173
8,50,93,125,173
8,51,93,27,173
8,52,93,119,173
8,53,93,116,173
8,54,93,123,173
8,55,93,110,173
8,56,93,58,173
8,57,93,33,173
8,58,93,36,173
8,59,93,53,173
8,60,93,19,173
8,61,93,31,173
8,62,93,122,173
8,63,93,124,173
8,64,93,127,173
8,65,93,51,173
8,66,93,59,173
8,67,93,47,173
8,68,93,112,173
8,69,93,113,173
8,70,93,128,173
9,71,93,6,173
9,72,93,9,173
9,73,93,129,173
9,74,93,56,173
9,75,93,64,173
9,76,93,126,173
9,77,93,5,173
9,78,93,114,173
9,79,93,16,173
9,80,93,118,173
9,81,93,111,173
9,82,93,121,173
2,83,93,52,173
2,84,93,26,173
2,85,93,14,173
2,86,93,71,173
2,87,93,1,173
2,88,93,74,173
2,89,93,72,173
2,90,93,28,173
2,91,93,76,173
2,92,93,66,173
2,93,93,77,173
2,94,93,61,173
2,95,93,67,173
2,96,93,73,173
2,97,93,24,173
2,98,93,68,173
2,99,93,29,173
2,100,93,79,173
2,101,93,80,173
2,102,93,83,173
2,103,93,63,173
2,104,93,2,173
2,105,93,13,173
2,106,93,78,173
2,107,93,82,173
2,108,93,25,173
2,109,93,11,173
2,110,93,81,173
2,111,93,21,173
2,112,93,10,173
2,113,93,15,173
2,114,93,62,173
2,115,93,69,173
2,116,93,65,173
2,117,93,20,173
2,118,93,75,173
2,119,93,3,173
2,120,93,70,173
2,121,93,7,173
2,122,93,8,173
2,123,93,12,173
2,124,93,23,173
2,125,93,30,173
2,126,93,18,173
2,127,93,22,173
3,128,93,4,173
3,129,93,17,173
6,1,94,108,5
6,2,94,92,5
7,3,94,88,5
7,4,94,96,5
7,5,94,84,5
7,6,94,105,5
7,7,94,94,5
7,8,94,89,5
7,9,94,95,5
7,10,94,91,5
7,11,94,99,5
7,12,94,87,5
7,13,94,107,5
7,14,94,97,5
7,15,94,102,5
7,16,94,86,5
7,17,94,98,5
7,18,94,93,5
7,19,94,90,5
7,20,94,104,5
7,21,94,100,5
7,22,94,109,5
7,23,94,106,5
7,24,94,101,5
7,25,94,85,5
7,26,94,45,5
7,27,94,42,5
7,28,94,43,5
7,29,94,39,5
7,30,94,34,5
7,31,94,55,5
7,32,94,49,5
7,33,94,103,5
7,34,94,54,5
7,35,94,46,5
7,36,94,60,5
7,37,94,48,5
7,38,94,41,5
7,39,94,50,5
7,40,94,35,5
7,41,94,40,5
7,42,94,117,5
7,43,94,38,5
7,44,94,37,5
8,45,94,115,5
8,46,94,44,5
8,47,94,32,5
8,48,94,120,5
8,49,94,57,5
8,50,94,125,5
8,51,94,27,5
8,52,94,119,5
8,53,94,116,5
8,54,94,123,5
8,55,94,110,5
8,56,94,58,5
8,57,94,33,5
8,58,94,36,5
8,59,94,53,5
8,60,94,19,5
8,61,94,31,5
8,62,94,122,5
8,63,94,124,5
8,64,94,127,5
8,65,94,51,5
8,66,94,59,5
8,67,94,47,5
8,68,94,112,5
8,69,94,113,5
8,70,94,128,5
9,71,94,6,5
9,72,94,9,5
9,73,94,129,5
9,74,94,56,5
9,75,94,64,5
9,76,94,126,5
9,77,94,5,5
9,78,94,114,5
9,79,94,16,5
9,80,94,118,5
9,81,94,111,5
9,82,94,121,5
2,83,94,52,5
2,84,94,26,5
2,85,94,14,5
2,86,94,71,5
2,87,94,1,5
2,88,94,74,5
2,89,94,72,5
2,90,94,28,5
2,91,94,76,5
2,92,94,66,5
2,93,94,77,5
2,94,94,61,5
2,95,94,67,5
2,96,94,73,5
2,97,94,24,5
2,98,94,68,5
2,99,94,29,5
2,100,94,79,5
2,101,94,80,5
2,102,94,83,5
2,103,94,63,5
2,104,94,2,5
2,105,94,13,5
2,106,94,78,5
2,107,94,82,5
2,108,94,25,5
2,109,94,11,5
2,110,94,81,5
2,111,94,21,5
2,112,94,10,5
2,113,94,15,5
2,114,94,62,5
2,115,94,69,5
2,116,94,65,5
2,117,94,20,5
2,118,94,75,5
2,119,94,3,5
2,120,94,70,5
2,121,94,7,5
2,122,94,8,5
2,123,94,12,5
2,124,94,23,5
2,125,94,30,5
2,126,94,18,5
2,127,94,22,5
3,128,94,4,5
3,129,94,17,5
6,1,95,108,35
6,2,95,92,35
7,3,95,88,35
7,4,95,96,35
7,5,95,84,35
7,6,95,105,35
7,7,95,94,35
7,8,95,89,35
7,9,95,95,35
7,10,95,91,35
7,11,95,99,35
7,12,95,87,35
7,13,95,107,35
7,14,95,97,35
7,15,95,102,35
7,16,95,86,35
7,17,95,98,35
7,18,95,93,35
7,19,95,90,35
7,20,95,104,35
7,21,95,100,35
7,22,95,109,35
7,23,95,106,35
7,24,95,101,35
7,25,95,85,35
7,26,95,45,35
7,27,95,42,35
7,28,95,43,35
7,29,95,39,35
7,30,95,34,35
7,31,95,55,35
7,32,95,49,35
7,33,95,103,35
7,34,95,54,35
7,35,95,46,35
7,36,95,60,35
7,37,95,48,35
7,38,95,41,35
7,39,95,50,35
7,40,95,35,35
7,41,95,40,35
7,42,95,117,35
7,43,95,38,35
7,44,95,37,35
8,45,95,115,35
8,46,95,44,35
8,47,95,32,35
8,48,95,120,35
8,49,95,57,35
8,50,95,125,35
8,51,95,27,35
8,52,95,119,35
8,53,95,116,35
8,54,95,123,35
8,55,95,110,35
8,56,95,58,35
8,57,95,33,35
8,58,95,36,35
8,59,95,53,35
8,60,95,19,35
8,61,95,31,35
8,62,95,122,35
8,63,95,124,35
8,64,95,127,35
8,65,95,51,35
8,66,95,59,35
8,67,95,47,35
8,68,95,112,35
8,69,95,113,35
8,70,95,128,35
9,71,95,6,35
9,72,95,9,35
9,73,95,129,35
9,74,95,56,35
9,75,95,64,35
9,76,95,126,35
9,77,95,5,35
9,78,95,114,35
9,79,95,16,35
9,80,95,118,35
9,81,95,111,35
9,82,95,121,35
2,83,95,52,35
2,84,95,26,35
2,85,95,14,35
2,86,95,71,35
2,87,95,1,35
2,88,95,74,35
2,89,95,72,35
2,90,95,28,35
2,91,95,76,35
2,92,95,66,35
2,93,95,77,35
2,94,95,61,35
2,95,95,67,35
2,96,95,73,35
2,97,95,24,35
2,98,95,68,35
2,99,95,29,35
2,100,95,79,35
2,101,95,80,35
2,102,95,83,35
2,103,95,63,35
2,104,95,2,35
2,105,95,13,35
2,106,95,78,35
2,107,95,82,35
2,108,95,25,35
2,109,95,11,35
2,110,95,81,35
2,111,95,21,35
2,112,95,10,35
2,113,95,15,35
2,114,95,62,35
2,115,95,69,35
2,116,95,65,35
2,117,95,20,35
2,118,95,75,35
2,119,95,3,35
2,120,95,70,35
2,121,95,7,35
2,122,95,8,35
2,123,95,12,35
2,124,95,23,35
2,125,95,30,35
2,126,95,18,35
2,127,95,22,35
3,128,95,4,35
3,129,95,17,35
6,1,96,108,157
6,2,96,92,157
7,3,96,88,157
7,4,96,96,157
7,5,96,84,157
7,6,96,105,157
7,7,96,94,157
7,8,96,89,157
7,9,96,95,157
7,10,96,91,157
7,11,96,99,157
7,12,96,87,157
7,13,96,107,157
7,14,96,97,157
7,15,96,102,157
7,16,96,86,157
7,17,96,98,157
7,18,96,93,157
7,19,96,90,157
7,20,96,104,157
7,21,96,100,157
7,22,96,109,157
7,23,96,106,157
7,24,96,101,157
7,25,96,85,157
7,26,96,45,157
7,27,96,42,157
7,28,96,43,157
7,29,96,39,157
7,30,96,34,157
7,31,96,55,157
7,32,96,49,157
7,33,96,103,157
7,34,96,54,157
7,35,96,46,157
7,36,96,60,157
7,37,96,48,157
7,38,96,41,157
7,39,96,50,157
7,40,96,35,157
7,41,96,40,157
7,42,96,117,157
7,43,96,38,157
7,44,96,37,157
8,45,96,115,157
8,46,96,44,157
8,47,96,32,157
8,48,96,120,157
8,49,96,57,157
8,50,96,125,157
8,51,96,27,157
8,52,96,119,157
8,53,96,116,157
8,54,96,123,157
8,55,96,110,157
8,56,96,58,157
8,57,96,33,157
8,58,96,36,157
8,59,96,53,157
8,60,96,19,157
8,61,96,31,157
8,62,96,122,157
8,63,96,124,157
8,64,96,127,157
8,65,96,51,157
8,66,96,59,157
8,67,96,47,157
8,68,96,112,157
8,69,96,113,157
8,70,96,128,157
9,71,96,6,157
9,72,96,9,157
9,73,96,129,157
9,74,96,56,157
9,75,96,64,157
9,76,96,126,157
9,77,96,5,157
9,78,96,114,157
9,79,96,16,157
9,80,96,118,157
9,81,96,111,157
9,82,96,121,157
2,83,96,52,157
2,84,96,26,157
2,85,96,14,157
2,86,96,71,157
2,87,96,1,157
2,88,96,74,157
2,89,96,72,157
2,90,96,28,157
2,91,96,76,157
2,92,96,66,157
2,93,96,77,157
2,94,96,61,157
2,95,96,67,157
2,96,96,73,157
2,97,96,24,157
2,98,96,68,157
2,99,96,29,157
2,100,96,79,157
2,101,96,80,157
2,102,96,83,157
2,103,96,63,157
2,104,96,2,157
2,105,96,13,157
2,106,96,78,157
2,107,96,82,157
2,108,96,25,157
2,109,96,11,157
2,110,96,81,157
2,111,96,21,157
2,112,96,10,157
2,113,96,15,157
2,114,96,62,157
2,115,96,69,157
2,116,96,65,157
2,117,96,20,157
2,118,96,75,157
2,119,96,3,157
2,120,96,70,157
2,121,96,7,157
2,122,96,8,157
2,123,96,12,157
2,124,96,23,157
2,125,96,30,157
2,126,96,18,157
2,127,96,22,157
3,128,96,4,157
3,129,96,17,157
6,1,97,108,208
6,2,97,92,208
7,3,97,88,208
7,4,97,96,208
7,5,97,84,208
7,6,97,105,208
7,7,97,94,208
7,8,97,89,208
7,9,97,95,208
7,10,97,91,208
7,11,97,99,208
7,12,97,87,208
7,13,97,107,208
7,14,97,97,208
7,15,97,102,208
7,16,97,86,208
7,17,97,98,208
7,18,97,93,208
7,19,97,90,208
7,20,97,104,208
7,21,97,100,208
7,22,97,109,208
7,23,97,106,208
7,24,97,101,208
7,25,97,85,208
7,26,97,45,208
7,27,97,42,208
7,28,97,43,208
7,29,97,39,208
7,30,97,34,208
7,31,97,55,208
7,32,97,49,208
7,33,97,103,208
7,34,97,54,208
7,35,97,46,208
7,36,97,60,208
7,37,97,48,208
7,38,97,41,208
7,39,97,50,208
7,40,97,35,208
7,41,97,40,208
7,42,97,117,208
7,43,97,38,208
7,44,97,37,208
8,45,97,115,208
8,46,97,44,208
8,47,97,32,208
8,48,97,120,208
8,49,97,57,208
8,50,97,125,208
8,51,97,27,208
8,52,97,119,208
8,53,97,116,208
8,54,97,123,208
8,55,97,110,208
8,56,97,58,208
8,57,97,33,208
8,58,97,36,208
8,59,97,53,208
8,60,97,19,208
8,61,97,31,208
8,62,97,122,208
8,63,97,124,208
8,64,97,127,208
8,65,97,51,208
8,66,97,59,208
8,67,97,47,208
8,68,97,112,208
8,69,97,113,208
8,70,97,128,208
9,71,97,6,208
9,72,97,9,208
9,73,97,129,208
9,74,97,56,208
9,75,97,64,208
9,76,97,126,208
9,77,97,5,208
9,78,97,114,208
9,79,97,16,208
9,80,97,118,208
9,81,97,111,208
9,82,97,121,208
2,83,97,52,208
2,84,97,26,208
2,85,97,14,208
2,86,97,71,208
2,87,97,1,208
2,88,97,74,208
2,89,97,72,208
2,90,97,28,208
2,91,97,76,208
2,92,97,66,208
2,93,97,77,208
2,94,97,61,208
2,95,97,67,208
2,96,97,73,208
2,97,97,24,208
2,98,97,68,208
2,99,97,29,208
2,100,97,79,208
2,101,97,80,208
2,102,97,83,208
2,103,97,63,208
2,104,97,2,208
2,105,97,13,208
2,106,97,78,208
2,107,97,82,208
2,108,97,25,208
2,109,97,11,208
2,110,97,81,208
2,111,97,21,208
2,112,97,10,208
2,113,97,15,208
2,114,97,62,208
2,115,97,69,208
2,116,97,65,208
2,117,97,20,208
2,118,97,75,208
2,119,97,3,208
2,120,97,70,208
2,121,97,7,208
2,122,97,8,208
2,123,97,12,208
2,124,97,23,208
2,125,97,30,208
2,126,97,18,208
2,127,97,22,208
3,128,97,4,208
3,129,97,17,208
6,1,98,108,151
6,2,98,92,151
7,3,98,88,151
7,4,98,96,151
7,5,98,84,151
7,6,98,105,151
7,7,98,94,151
7,8,98,89,151
7,9,98,95,151
7,10,98,91,151
7,11,98,99,151
7,12,98,87,151
7,13,98,107,151
7,14,98,97,151
7,15,98,102,151
7,16,98,86,151
7,17,98,98,151
7,18,98,93,151
7,19,98,90,151
7,20,98,104,151
7,21,98,100,151
7,22,98,109,151
7,23,98,106,151
7,24,98,101,151
7,25,98,85,151
7,26,98,45,151
7,27,98,42,151
7,28,98,43,151
7,29,98,39,151
7,30,98,34,151
7,31,98,55,151
7,32,98,49,151
7,33,98,103,151
7,34,98,54,151
7,35,98,46,151
7,36,98,60,151
7,37,98,48,151
7,38,98,41,151
7,39,98,50,151
7,40,98,35,151
7,41,98,40,151
7,42,98,117,151
7,43,98,38,151
7,44,98,37,151
8,45,98,115,151
8,46,98,44,151
8,47,98,32,151
8,48,98,120,151
8,49,98,57,151
8,50,98,125,151
8,51,98,27,151
8,52,98,119,151
8,53,98,116,151
8,54,98,123,151
8,55,98,110,151
8,56,98,58,151
8,57,98,33,151
8,58,98,36,151
8,59,98,53,151
8,60,98,19,151
8,61,98,31,151
8,62,98,122,151
8,63,98,124,151
8,64,98,127,151
8,65,98,51,151
8,66,98,59,151
8,67,98,47,151
8,68,98,112,151
8,69,98,113,151
8,70,98,128,151
9,71,98,6,151
9,72,98,9,151
9,73,98,129,151
9,74,98,56,151
9,75,98,64,151
9,76,98,126,151
9,77,98,5,151
9,78,98,114,151
9,79,98,16,151
9,80,98,118,151
9,81,98,111,151
9,82,98,121,151
2,83,98,52,151
2,84,98,26,151
2,85,98,14,151
2,86,98,71,151
2,87,98,1,151
2,88,98,74,151
2,89,98,72,151
2,90,98,28,151
2,91,98,76,151
2,92,98,66,151
2,93,98,77,151
2,94,98,61,151
2,95,98,67,151
2,96,98,73,151
2,97,98,24,151
2,98,98,68,151
2,99,98,29,151
2,100,98,79,151
2,101,98,80,151
2,102,98,83,151
2,103,98,63,151
2,104,98,2,151
2,105,98,13,151
2,106,98,78,151
2,107,98,82,151
2,108,98,25,151
2,109,98,11,151
2,110,98,81,151
2,111,98,21,151
2,112,98,10,151
2,113,98,15,151
2,114,98,62,151
2,115,98,69,151
2,116,98,65,151
2,117,98,20,151
2,118,98,75,151
2,119,98,3,151
2,120,98,70,151
2,121,98,7,151
2,122,98,8,151
2,123,98,12,151
2,124,98,23,151
2,125,98,30,151
2,126,98,18,151
2,127,98,22,151
3,128,98,4,151
3,129,98,17,151
6,1,99,108,81
6,2,99,92,81
7,3,99,88,81
7,4,99,96,81
7,5,99,84,81
7,6,99,105,81
7,7,99,94,81
7,8,99,89,81
7,9,99,95,81
7,10,99,91,81
7,11,99,99,81
7,12,99,87,81
7,13,99,107,81
7,14,99,97,81
7,15,99,102,81
7,16,99,86,81
7,17,99,98,81
7,18,99,93,81
7,19,99,90,81
7,20,99,104,81
7,21,99,100,81
7,22,99,109,81
7,23,99,106,81
7,24,99,101,81
7,25,99,85,81
7,26,99,45,81
7,27,99,42,81
7,28,99,43,81
7,29,99,39,81
7,30,99,34,81
7,31,99,55,81
7,32,99,49,81
7,33,99,103,81
7,34,99,54,81
7,35,99,46,81
7,36,99,60,81
7,37,99,48,81
7,38,99,41,81
7,39,99,50,81
7,40,99,35,81
7,41,99,40,81
7,42,99,117,81
7,43,99,38,81
7,44,99,37,81
8,45,99,115,81
8,46,99,44,81
8,47,99,32,81
8,48,99,120,81
8,49,99,57,81
8,50,99,125,81
8,51,99,27,81
8,52,99,119,81
8,53,99,116,81
8,54,99,123,81
8,55,99,110,81
8,56,99,58,81
8,57,99,33,81
8,58,99,36,81
8,59,99,53,81
8,60,99,19,81
8,61,99,31,81
8,62,99,122,81
8,63,99,124,81
8,64,99,127,81
8,65,99,51,81
8,66,99,59,81
8,67,99,47,81
8,68,99,112,81
8,69,99,113,81
8,70,99,128,81
9,71,99,6,81
9,72,99,9,81
9,73,99,129,81
9,74,99,56,81
9,75,99,64,81
9,76,99,126,81
9,77,99,5,81
9,78,99,114,81
9,79,99,16,81
9,80,99,118,81
9,81,99,111,81
9,82,99,121,81
2,83,99,52,81
2,84,99,26,81
2,85,99,14,81
2,86,99,71,81
2,87,99,1,81
2,88,99,74,81
2,89,99,72,81
2,90,99,28,81
2,91,99,76,81
2,92,99,66,81
2,93,99,77,81
2,94,99,61,81
2,95,99,67,81
2,96,99,73,81
2,97,99,24,81
2,98,99,68,81
2,99,99,29,81
2,100,99,79,81
2,101,99,80,81
2,102,99,83,81
2,103,99,63,81
2,104,99,2,81
2,105,99,13,81
2,106,99,78,81
2,107,99,82,81
2,108,99,25,81
2,109,99,11,81
2,110,99,81,81
2,111,99,21,81
2,112,99,10,81
2,113,99,15,81
2,114,99,62,81
2,115,99,69,81
2,116,99,65,81
2,117,99,20,81
2,118,99,75,81
2,119,99,3,81
2,120,99,70,81
2,121,99,7,81
2,122,99,8,81
2,123,99,12,81
2,124,99,23,81
2,125,99,30,81
2,126,99,18,81
2,127,99,22,81
3,128,99,4,81
3,129,99,17,81
6,1,100,108,164
6,2,100,92,164
7,3,100,88,164
7,4,100,96,164
7,5,100,84,164
7,6,100,105,164
7,7,100,94,164
7,8,100,89,164
7,9,100,95,164
7,10,100,91,164
7,11,100,99,164
7,12,100,87,164
7,13,100,107,164
7,14,100,97,164
7,15,100,102,164
7,16,100,86,164
7,17,100,98,164
7,18,100,93,164
7,19,100,90,164
7,20,100,104,164
7,21,100,100,164
7,22,100,109,164
7,23,100,106,164
7,24,100,101,164
7,25,100,85,164
7,26,100,45,164
7,27,100,42,164
7,28,100,43,164
7,29,100,39,164
7,30,100,34,164
7,31,100,55,164
7,32,100,49,164
7,33,100,103,164
7,34,100,54,164
7,35,100,46,164
7,36,100,60,164
7,37,100,48,164
7,38,100,41,164
7,39,100,50,164
7,40,100,35,164
7,41,100,40,164
7,42,100,117,164
7,43,100,38,164
7,44,100,37,164
8,45,100,115,164
8,46,100,44,164
8,47,100,32,164
8,48,100,120,164
8,49,100,57,164
8,50,100,125,164
8,51,100,27,164
8,52,100,119,164
8,53,100,116,164
8,54,100,123,164
8,55,100,110,164
8,56,100,58,164
8,57,100,33,164
8,58,100,36,164
8,59,100,53,164
8,60,100,19,164
8,61,100,31,164
8,62,100,122,164
8,63,100,124,164
8,64,100,127,164
8,65,100,51,164
8,66,100,59,164
8,67,100,47,164
8,68,100,112,164
8,69,100,113,164
8,70,100,128,164
9,71,100,6,164
9,72,100,9,164
9,73,100,129,164
9,74,100,56,164
9,75,100,64,164
9,76,100,126,164
9,77,100,5,164
9,78,100,114,164
9,79,100,16,164
9,80,100,118,164
9,81,100,111,164
9,82,100,121,164
2,83,100,52,164
2,84,100,26,164
2,85,100,14,164
2,86,100,71,164
2,87,100,1,164
2,88,100,74,164
2,89,100,72,164
2,90,100,28,164
2,91,100,76,164
2,92,100,66,164
2,93,100,77,164
2,94,100,61,164
2,95,100,67,164
2,96,100,73,164
2,97,100,24,164
2,98,100,68,164
2,99,100,29,164
2,100,100,79,164
2,101,100,80,164
2,102,100,83,164
2,103,100,63,164
2,104,100,2,164
2,105,100,13,164
2,106,100,78,164
2,107,100,82,164
2,108,100,25,164
2,109,100,11,164
2,110,100,81,164
2,111,100,21,164
2,112,100,10,164
2,113,100,15,164
2,114,100,62,164
2,115,100,69,164
2,116,100,65,164
2,117,100,20,164
2,118,100,75,164
2,119,100,3,164
2,120,100,70,164
2,121,100,7,164
2,122,100,8,164
2,123,100,12,164
2,124,100,23,164
2,125,100,30,164
2,126,100,18,164
2,127,100,22,164
3,128,100,4,164
3,129,100,17,164
6,1,101,108,176
6,2,101,92,176
7,3,101,88,176
7,4,101,96,176
7,5,101,84,176
7,6,101,105,176
7,7,101,94,176
7,8,101,89,176
7,9,101,95,176
7,10,101,91,176
7,11,101,99,176
7,12,101,87,176
7,13,101,107,176
7,14,101,97,176
7,15,101,102,176
7,16,101,86,176
7,17,101,98,176
7,18,101,93,176
7,19,101,90,176
7,20,101,104,176
7,21,101,100,176
7,22,101,109,176
7,23,101,106,176
7,24,101,101,176
7,25,101,85,176
7,26,101,45,176
7,27,101,42,176
7,28,101,43,176
7,29,101,39,176
7,30,101,34,176
7,31,101,55,176
7,32,101,49,176
7,33,101,103,176
7,34,101,54,176
7,35,101,46,176
7,36,101,60,176
7,37,101,48,176
7,38,101,41,176
7,39,101,50,176
7,40,101,35,176
7,41,101,40,176
7,42,101,117,176
7,43,101,38,176
7,44,101,37,176
8,45,101,115,176
8,46,101,44,176
8,47,101,32,176
8,48,101,120,176
8,49,101,57,176
8,50,101,125,176
8,51,101,27,176
8,52,101,119,176
8,53,101,116,176
8,54,101,123,176
8,55,101,110,176
8,56,101,58,176
8,57,101,33,176
8,58,101,36,176
8,59,101,53,176
8,60,101,19,176
8,61,101,31,176
8,62,101,122,176
8,63,101,124,176
8,64,101,127,176
8,65,101,51,176
8,66,101,59,176
8,67,101,47,176
8,68,101,112,176
8,69,101,113,176
8,70,101,128,176
9,71,101,6,176
9,72,101,9,176
9,73,101,129,176
9,74,101,56,176
9,75,101,64,176
9,76,101,126,176
9,77,101,5,176
9,78,101,114,176
9,79,101,16,176
9,80,101,118,176
9,81,101,111,176
9,82,101,121,176
1,83,101,52,176
1,84,101,26,176
1,85,101,14,176
1,86,101,71,176
1,87,101,1,176
1,88,101,74,176
1,89,101,72,176
1,90,101,28,176
1,91,101,76,176
1,92,101,66,176
1,93,101,77,176
1,94,101,61,176
1,95,101,67,176
1,96,101,73,176
1,97,101,24,176
1,98,101,68,176
13,99,101,29,176
1,100,101,79,176
1,101,101,80,176
1,102,101,83,176
1,103,101,63,176
1,104,101,2,176
1,105,101,13,176
1,106,101,78,176
1,107,101,82,176
1,108,101,25,176
1,109,101,11,176
1,110,101,81,176
1,111,101,21,176
1,112,101,10,176
1,113,101,15,176
1,114,101,62,176
1,115,101,69,176
1,116,101,65,176
1,117,101,20,176
1,118,101,75,176
1,119,101,3,176
1,120,101,70,176
1,121,101,7,176
1,122,101,8,176
1,123,101,12,176
1,124,101,23,176
1,125,101,30,176
1,126,101,18,176
1,127,101,22,176
3,128,101,4,176
3,129,101,17,176
6,1,102,108,201
6,2,102,92,201
7,3,102,88,201
7,4,102,96,201
7,5,102,84,201
7,6,102,105,201
7,7,102,94,201
7,8,102,89,201
7,9,102,95,201
7,10,102,91,201
7,11,102,99,201
7,12,102,87,201
7,13,102,107,201
7,14,102,97,201
7,15,102,102,201
7,16,102,86,201
7,17,102,98,201
7,18,102,93,201
7,19,102,90,201
7,20,102,104,201
7,21,102,100,201
7,22,102,109,201
7,23,102,106,201
7,24,102,101,201
7,25,102,85,201
7,26,102,45,201
7,27,102,42,201
7,28,102,43,201
7,29,102,39,201
7,30,102,34,201
7,31,102,55,201
7,32,102,49,201
7,33,102,103,201
7,34,102,54,201
7,35,102,46,201
7,36,102,60,201
7,37,102,48,201
7,38,102,41,201
7,39,102,50,201
7,40,102,35,201
7,41,102,40,201
7,42,102,117,201
7,43,102,38,201
7,44,102,37,201
8,45,102,115,201
8,46,102,44,201
8,47,102,32,201
8,48,102,120,201
8,49,102,57,201
8,50,102,125,201
8,51,102,27,201
8,52,102,119,201
8,53,102,116,201
8,54,102,123,201
8,55,102,110,201
8,56,102,58,201
8,57,102,33,201
8,58,102,36,201
8,59,102,53,201
8,60,102,19,201
8,61,102,31,201
8,62,102,122,201
8,63,102,124,201
8,64,102,127,201
8,65,102,51,201
8,66,102,59,201
8,67,102,47,201
8,68,102,112,201
8,69,102,113,201
8,70,102,128,201
9,71,102,6,201
9,72,102,9,201
9,73,102,129,201
9,74,102,56,201
9,75,102,64,201
9,76,102,126,201
9,77,102,5,201
9,78,102,114,201
9,79,102,16,201
9,80,102,118,201
9,81,102,111,201
9,82,102,121,201
1,83,102,52,201
1,84,102,26,201
1,85,102,14,201
1,86,102,71,201
1,87,102,1,201
1,88,102,74,201
1,89,102,72,201
1,90,102,28,201
1,91,102,76,201
1,92,102,66,201
1,93,102,77,201
1,94,102,61,201
1,95,102,67,201
1,96,102,73,201
1,97,102,24,201
1,98,102,68,201
13,99,102,29,201
1,100,102,79,201
1,101,102,80,201
1,102,102,83,201
1,103,102,63,201
1,104,102,2,201
1,105,102,13,201
1,106,102,78,201
1,107,102,82,201
1,108,102,25,201
1,109,102,11,201
1,110,102,81,201
1,111,102,21,201
1,112,102,10,201
1,113,102,15,201
1,114,102,62,201
1,115,102,69,201
1,116,102,65,201
1,117,102,20,201
1,118,102,75,201
1,119,102,3,201
1,120,102,70,201
1,121,102,7,201
1,122,102,8,201
1,123,102,12,201
1,124,102,23,201
1,125,102,30,201
1,126,102,18,201
1,127,102,22,201
3,128,102,4,201
3,129,102,17,201
6,1,103,108,132
6,2,103,92,132
7,3,103,88,132
7,4,103,96,132
7,5,103,84,132
7,6,103,105,132
7,7,103,94,132
7,8,103,89,132
7,9,103,95,132
7,10,103,91,132
7,11,103,99,132
7,12,103,87,132
7,13,103,107,132
7,14,103,97,132
7,15,103,102,132
7,16,103,86,132
7,17,103,98,132
7,18,103,93,132
7,19,103,90,132
7,20,103,104,132
7,21,103,100,132
7,22,103,109,132
7,23,103,106,132
7,24,103,101,132
7,25,103,85,132
7,26,103,45,132
7,27,103,42,132
7,28,103,43,132
7,29,103,39,132
7,30,103,34,132
7,31,103,55,132
7,32,103,49,132
7,33,103,103,132
7,34,103,54,132
7,35,103,46,132
7,36,103,60,132
7,37,103,48,132
7,38,103,41,132
7,39,103,50,132
7,40,103,35,132
7,41,103,40,132
7,42,103,117,132
7,43,103,38,132
7,44,103,37,132
8,45,103,115,132
8,46,103,44,132
8,47,103,32,132
8,48,103,120,132
8,49,103,57,132
8,50,103,125,132
8,51,103,27,132
8,52,103,119,132
8,53,103,116,132
8,54,103,123,132
8,55,103,110,132
8,56,103,58,132
8,57,103,33,132
8,58,103,36,132
8,59,103,53,132
8,60,103,19,132
8,61,103,31,132
8,62,103,122,132
8,63,103,124,132
8,64,103,127,132
8,65,103,51,132
8,66,103,59,132
8,67,103,47,132
8,68,103,112,132
8,69,103,113,132
8,70,103,128,132
9,71,103,6,132
9,72,103,9,132
9,73,103,129,132
9,74,103,56,132
9,75,103,64,132
9,76,103,126,132
9,77,103,5,132
9,78,103,114,132
9,79,103,16,132
9,80,103,118,132
9,81,103,111,132
9,82,103,121,132
1,83,103,52,132
1,84,103,26,132
1,85,103,14,132
1,86,103,71,132
1,87,103,1,132
1,88,103,74,132
1,89,103,72,132
1,90,103,28,132
1,91,103,76,132
1,92,103,66,132
1,93,103,77,132
1,94,103,61,132
1,95,103,67,132
1,96,103,73,132
1,97,103,24,132
1,98,103,68,132
1,99,103,29,132
1,100,103,79,132
1,101,103,80,132
1,102,103,83,132
1,103,103,63,132
1,104,103,2,132
1,105,103,13,132
1,106,103,78,132
1,107,103,82,132
1,108,103,25,132
1,109,103,11,132
1,110,103,81,132
1,111,103,21,132
1,112,103,10,132
1,113,103,15,132
1,114,103,62,132
1,115,103,69,132
1,116,103,65,132
1,117,103,20,132
1,118,103,75,132
1,119,103,3,132
1,120,103,70,132
1,121,103,7,132
1,122,103,8,132
1,123,103,12,132
1,124,103,23,132
1,125,103,30,132
1,126,103,18,132
1,127,103,22,132
1,128,103,4,132
1,129,103,17,132
6,1,104,108,66
6,2,104,92,66
7,3,104,88,66
7,4,104,96,66
7,5,104,84,66
7,6,104,105,66
7,7,104,94,66
7,8,104,89,66
7,9,104,95,66
7,10,104,91,66
7,11,104,99,66
7,12,104,87,66
7,13,104,107,66
7,14,104,97,66
7,15,104,102,66
7,16,104,86,66
7,17,104,98,66
7,18,104,93,66
7,19,104,90,66
7,20,104,104,66
7,21,104,100,66
7,22,104,109,66
7,23,104,106,66
7,24,104,101,66
7,25,104,85,66
7,26,104,45,66
7,27,104,42,66
7,28,104,43,66
7,29,104,39,66
7,30,104,34,66
7,31,104,55,66
7,32,104,49,66
7,33,104,103,66
7,34,104,54,66
7,35,104,46,66
7,36,104,60,66
7,37,104,48,66
7,38,104,41,66
7,39,104,50,66
7,40,104,35,66
7,41,104,40,66
7,42,104,117,66
7,43,104,38,66
7,44,104,37,66
8,45,104,115,66
8,46,104,44,66
8,47,104,32,66
8,48,104,120,66
8,49,104,57,66
8,50,104,125,66
8,51,104,27,66
8,52,104,119,66
8,53,104,116,66
8,54,104,123,66
8,55,104,110,66
8,56,104,58,66
8,57,104,33,66
8,58,104,36,66
8,59,104,53,66
8,60,104,19,66
8,61,104,31,66
8,62,104,122,66
8,63,104,124,66
8,64,104,127,66
8,65,104,51,66
8,66,104,59,66
8,67,104,47,66
8,68,104,112,66
8,69,104,113,66
8,70,104,128,66
9,71,104,6,66
9,72,104,9,66
9,73,104,129,66
9,74,104,56,66
9,75,104,64,66
9,76,104,126,66
9,77,104,5,66
9,78,104,114,66
9,79,104,16,66
9,80,104,118,66
9,81,104,111,66
9,82,104,121,66
1,83,104,52,66
1,84,104,26,66
1,85,104,14,66
1,86,104,71,66
1,87,104,1,66
1,88,104,74,66
1,89,104,72,66
1,90,104,28,66
1,91,104,76,66
1,92,104,66,66
1,93,104,77,66
1,94,104,61,66
1,95,104,67,66
1,96,104,73,66
1,97,104,24,66
1,98,104,68,66
1,99,104,29,66
1,100,104,79,66
1,101,104,80,66
1,102,104,83,66
1,103,104,63,66
1,104,104,2,66
1,105,104,13,66
1,106,104,78,66
1,107,104,82,66
1,108,104,25,66
1,109,104,11,66
1,110,104,81,66
1,111,104,21,66
1,112,104,10,66
1,113,104,15,66
1,114,104,62,66
1,115,104,69,66
1,116,104,65,66
1,117,104,20,66
1,118,104,75,66
1,119,104,3,66
1,120,104,70,66
1,121,104,7,66
1,122,104,8,66
1,123,104,12,66
1,124,104,23,66
1,125,104,30,66
1,126,104,18,66
1,127,104,22,66
1,128,104,4,66
1,129,104,17,66
6,1,105,108,58
6,2,105,92,58
7,3,105,88,58
7,4,105,96,58
7,5,105,84,58
7,6,105,105,58
7,7,105,94,58
7,8,105,89,58
7,9,105,95,58
7,10,105,91,58
7,11,105,99,58
7,12,105,87,58
7,13,105,107,58
7,14,105,97,58
7,15,105,102,58
7,16,105,86,58
7,17,105,98,58
7,18,105,93,58
7,19,105,90,58
7,20,105,104,58
7,21,105,100,58
7,22,105,109,58
7,23,105,106,58
7,24,105,101,58
7,25,105,85,58
7,26,105,45,58
7,27,105,42,58
7,28,105,43,58
7,29,105,39,58
7,30,105,34,58
7,31,105,55,58
7,32,105,49,58
7,33,105,103,58
7,34,105,54,58
7,35,105,46,58
7,36,105,60,58
7,37,105,48,58
7,38,105,41,58
7,39,105,50,58
7,40,105,35,58
7,41,105,40,58
7,42,105,117,58
7,43,105,38,58
7,44,105,37,58
8,45,105,115,58
8,46,105,44,58
8,47,105,32,58
8,48,105,120,58
8,49,105,57,58
8,50,105,125,58
8,51,105,27,58
8,52,105,119,58
8,53,105,116,58
8,54,105,123,58
8,55,105,110,58
8,56,105,58,58
8,57,105,33,58
8,58,105,36,58
8,59,105,53,58
8,60,105,19,58
8,61,105,31,58
8,62,105,122,58
8,63,105,124,58
8,64,105,127,58
8,65,105,51,58
8,66,105,59,58
8,67,105,47,58
8,68,105,112,58
8,69,105,113,58
8,70,105,128,58
9,71,105,6,58
9,72,105,9,58
9,73,105,129,58
9,74,105,56,58
9,75,105,64,58
9,76,105,126,58
9,77,105,5,58
9,78,105,114,58
9,79,105,16,58
9,80,105,118,58
9,81,105,111,58
9,82,105,121,58
1,83,105,52,58
1,84,105,26,58
1,85,105,14,58
1,86,105,71,58
1,87,105,1,58
1,88,105,74,58
1,89,105,72,58
1,90,105,28,58
1,91,105,76,58
1,92,105,66,58
1,93,105,77,58
1,94,105,61,58
1,95,105,67,58
1,96,105,73,58
1,97,105,24,58
1,98,105,68,58
1,99,105,29,58
1,100,105,79,58
1,101,105,80,58
1,102,105,83,58
1,103,105,63,58
1,104,105,2,58
1,105,105,13,58
1,106,105,78,58
1,107,105,82,58
1,108,105,25,58
1,109,105,11,58
1,110,105,81,58
1,111,105,21,58
1,112,105,10,58
1,113,105,15,58
1,114,105,62,58
1,115,105,69,58
1,116,105,65,58
1,117,105,20,58
1,118,105,75,58
1,119,105,3,58
1,120,105,70,58
1,121,105,7,58
1,122,105,8,58
1,123,105,12,58
1,124,105,23,58
1,125,105,30,58
1,126,105,18,58
1,127,105,22,58
1,128,105,4,58
1,129,105,17,58
6,1,106,108,144
6,2,106,92,144
7,3,106,88,144
7,4,106,96,144
7,5,106,84,144
7,6,106,105,144
7,7,106,94,144
7,8,106,89,144
7,9,106,95,144
7,10,106,91,144
7,11,106,99,144
7,12,106,87,144
7,13,106,107,144
7,14,106,97,144
7,15,106,102,144
7,16,106,86,144
7,17,106,98,144
7,18,106,93,144
7,19,106,90,144
7,20,106,104,144
7,21,106,100,144
7,22,106,109,144
7,23,106,106,144
7,24,106,101,144
7,25,106,85,144
7,26,106,45,144
7,27,106,42,144
7,28,106,43,144
7,29,106,39,144
7,30,106,34,144
7,31,106,55,144
7,32,106,49,144
7,33,106,103,144
7,34,106,54,144
7,35,106,46,144
7,36,106,60,144
7,37,106,48,144
7,38,106,41,144
7,39,106,50,144
7,40,106,35,144
7,41,106,40,144
7,42,106,117,144
7,43,106,38,144
7,44,106,37,144
8,45,106,115,144
8,46,106,44,144
8,47,106,32,144
8,48,106,120,144
8,49,106,57,144
8,50,106,125,144
8,51,106,27,144
8,52,106,119,144
8,53,106,116,144
8,54,106,123,144
8,55,106,110,144
8,56,106,58,144
8,57,106,33,144
8,58,106,36,144
8,59,106,53,144
8,60,106,19,144
8,61,106,31,144
8,62,106,122,144
8,63,106,124,144
8,64,106,127,144
8,65,106,51,144
8,66,106,59,144
8,67,106,47,144
8,68,106,112,144
8,69,106,113,144
8,70,106,128,144
9,71,106,6,144
9,72,106,9,144
9,73,106,129,144
9,74,106,56,144
9,75,106,64,144
9,76,106,126,144
9,77,106,5,144
9,78,106,114,144
9,79,106,16,144
9,80,106,118,144
9,81,106,111,144
9,82,106,121,144
1,83,106,52,144
1,84,106,26,144
1,85,106,14,144
1,86,106,71,144
1,87,106,1,144
1,88,106,74,144
1,89,106,72,144
1,90,106,28,144
1,91,106,76,144
1,92,106,66,144
1,93,106,77,144
1,94,106,61,144
1,95,106,67,144
1,96,106,73,144
1,97,106,24,144
1,98,106,68,144
1,99,106,29,144
1,100,106,79,144
1,101,106,80,144
1,102,106,83,144
1,103,106,63,144
1,104,106,2,144
1,105,106,13,144
1,106,106,78,144
1,107,106,82,144
1,108,106,25,144
1,109,106,11,144
1,110,106,81,144
1,111,106,21,144
1,112,106,10,144
1,113,106,15,144
1,114,106,62,144
1,115,106,69,144
1,116,106,65,144
1,117,106,20,144
1,118,106,75,144
1,119,106,3,144
1,120,106,70,144
1,121,106,7,144
1,122,106,8,144
1,123,106,12,144
1,124,106,23,144
1,125,106,30,144
1,126,106,18,144
1,127,106,22,144
1,128,106,4,144
1,129,106,17,144
6,1,107,108,130
6,2,107,92,130
7,3,107,88,130
7,4,107,96,130
7,5,107,84,130
7,6,107,105,130
7,7,107,94,130
7,8,107,89,130
7,9,107,95,130
7,10,107,91,130
7,11,107,99,130
7,12,107,87,130
7,13,107,107,130
7,14,107,97,130
7,15,107,102,130
7,16,107,86,130
7,17,107,98,130
7,18,107,93,130
7,19,107,90,130
7,20,107,104,130
7,21,107,100,130
7,22,107,109,130
7,23,107,106,130
7,24,107,101,130
7,25,107,85,130
7,26,107,45,130
7,27,107,42,130
7,28,107,43,130
7,29,107,39,130
7,30,107,34,130
7,31,107,55,130
7,32,107,49,130
7,33,107,103,130
7,34,107,54,130
7,35,107,46,130
7,36,107,60,130
7,37,107,48,130
7,38,107,41,130
7,39,107,50,130
7,40,107,35,130
7,41,107,40,130
7,42,107,117,130
7,43,107,38,130
7,44,107,37,130
1,45,107,115,130
1,46,107,44,130
1,47,107,32,130
1,48,107,120,130
1,49,107,57,130
1,50,107,125,130
1,51,107,27,130
1,52,107,119,130
1,53,107,116,130
1,54,107,123,130
1,55,107,110,130
1,56,107,58,130
1,57,107,33,130
1,58,107,36,130
1,59,107,53,130
1,60,107,19,130
1,61,107,31,130
1,62,107,122,130
1,63,107,124,130
1,64,107,127,130
1,65,107,51,130
1,66,107,59,130
1,67,107,47,130
1,68,107,112,130
1,69,107,113,130
1,70,107,128,130
1,71,107,6,130
1,72,107,9,130
1,73,107,129,130
1,74,107,56,130
1,75,107,64,130
1,76,107,126,130
1,77,107,5,130
1,78,107,114,130
1,79,107,16,130
5,80,107,118,130
5,81,107,111,130
5,82,107,121,130
1,83,107,52,130
1,84,107,26,130
1,85,107,14,130
1,86,107,71,130
1,87,107,1,130
1,88,107,74,130
1,89,107,72,130
1,90,107,28,130
1,91,107,76,130
1,92,107,66,130
1,93,107,77,130
1,94,107,61,130
1,95,107,67,130
1,96,107,73,130
1,97,107,24,130
1,98,107,68,130
1,99,107,29,130
1,100,107,79,130
1,101,107,80,130
1,102,107,83,130
1,103,107,63,130
1,104,107,2,130
1,105,107,13,130
1,106,107,78,130
1,107,107,82,130
1,108,107,25,130
1,109,107,11,130
1,110,107,81,130
1,111,107,21,130
1,112,107,10,130
1,113,107,15,130
1,114,107,62,130
1,115,107,69,130
1,116,107,65,130
1,117,107,20,130
1,118,107,75,130
1,119,107,3,130
1,120,107,70,130
1,121,107,7,130
1,122,107,8,130
1,123,107,12,130
1,124,107,23,130
1,125,107,30,130
1,126,107,18,130
1,127,107,22,130
1,128,107,4,130
1,129,107,17,130
6,1,108,108,14
6,2,108,92,14
7,3,108,88,14
7,4,108,96,14
7,5,108,84,14
7,6,108,105,14
7,7,108,94,14
7,8,108,89,14
7,9,108,95,14
7,10,108,91,14
7,11,108,99,14
7,12,108,87,14
7,13,108,107,14
7,14,108,97,14
7,15,108,102,14
7,16,108,86,14
7,17,108,98,14
7,18,108,93,14
7,19,108,90,14
7,20,108,104,14
7,21,108,100,14
7,22,108,109,14
7,23,108,106,14
7,24,108,101,14
7,25,108,85,14
7,26,108,45,14
7,27,108,42,14
7,28,108,43,14
7,29,108,39,14
7,30,108,34,14
7,31,108,55,14
7,32,108,49,14
7,33,108,103,14
7,34,108,54,14
7,35,108,46,14
7,36,108,60,14
7,37,108,48,14
7,38,108,41,14
7,39,108,50,14
7,40,108,35,14
7,41,108,40,14
7,42,108,117,14
7,43,108,38,14
7,44,108,37,14
1,45,108,115,14
1,46,108,44,14
1,47,108,32,14
1,48,108,120,14
1,49,108,57,14
1,50,108,125,14
1,51,108,27,14
1,52,108,119,14
1,53,108,116,14
1,54,108,123,14
1,55,108,110,14
1,56,108,58,14
1,57,108,33,14
1,58,108,36,14
1,59,108,53,14
1,60,108,19,14
1,61,108,31,14
1,62,108,122,14
1,63,108,124,14
1,64,108,127,14
1,65,108,51,14
1,66,108,59,14
1,67,108,47,14
1,68,108,112,14
1,69,108,113,14
1,70,108,128,14
1,71,108,6,14
1,72,108,9,14
1,73,108,129,14
1,74,108,56,14
1,75,108,64,14
1,76,108,126,14
1,77,108,5,14
1,78,108,114,14
1,79,108,16,14
5,80,108,118,14
5,81,108,111,14
5,82,108,121,14
1,83,108,52,14
1,84,108,26,14
1,85,108,14,14
1,86,108,71,14
1,87,108,1,14
1,88,108,74,14
1,89,108,72,14
1,90,108,28,14
1,91,108,76,14
1,92,108,66,14
1,93,108,77,14
1,94,108,61,14
1,95,108,67,14
1,96,108,73,14
1,97,108,24,14
1,98,108,68,14
1,99,108,29,14
1,100,108,79,14
1,101,108,80,14
1,102,108,83,14
1,103,108,63,14
1,104,108,2,14
1,105,108,13,14
1,106,108,78,14
1,107,108,82,14
1,108,108,25,14
1,109,108,11,14
1,110,108,81,14
1,111,108,21,14
1,112,108,10,14
1,113,108,15,14
1,114,108,62,14
1,115,108,69,14
1,116,108,65,14
1,117,108,20,14
1,118,108,75,14
1,119,108,3,14
1,120,108,70,14
1,121,108,7,14
1,122,108,8,14
1,123,108,12,14
1,124,108,23,14
1,125,108,30,14
1,126,108,18,14
1,127,108,22,14
1,128,108,4,14
1,129,108,17,14
6,1,109,108,27
6,2,109,92,27
7,3,109,88,27
7,4,109,96,27
7,5,109,84,27
7,6,109,105,27
7,7,109,94,27
7,8,109,89,27
7,9,109,95,27
7,10,109,91,27
7,11,109,99,27
7,12,109,87,27
7,13,109,107,27
7,14,109,97,27
7,15,109,102,27
7,16,109,86,27
7,17,109,98,27
7,18,109,93,27
7,19,109,90,27
7,20,109,104,27
7,21,109,100,27
7,22,109,109,27
7,23,109,106,27
7,24,109,101,27
7,25,109,85,27
7,26,109,45,27
7,27,109,42,27
7,28,109,43,27
7,29,109,39,27
7,30,109,34,27
7,31,109,55,27
7,32,109,49,27
7,33,109,103,27
7,34,109,54,27
7,35,109,46,27
7,36,109,60,27
7,37,109,48,27
7,38,109,41,27
7,39,109,50,27
7,40,109,35,27
7,41,109,40,27
7,42,109,117,27
7,43,109,38,27
7,44,109,37,27
1,45,109,115,27
1,46,109,44,27
1,47,109,32,27
1,48,109,120,27
1,49,109,57,27
1,50,109,125,27
1,51,109,27,27
1,52,109,119,27
1,53,109,116,27
1,54,109,123,27
1,55,109,110,27
1,56,109,58,27
1,57,109,33,27
1,58,109,36,27
1,59,109,53,27
1,60,109,19,27
1,61,109,31,27
1,62,109,122,27
1,63,109,124,27
1,64,109,127,27
1,65,109,51,27
1,66,109,59,27
1,67,109,47,27
1,68,109,112,27
1,69,109,113,27
1,70,109,128,27
1,71,109,6,27
1,72,109,9,27
1,73,109,129,27
1,74,109,56,27
1,75,109,64,27
1,76,109,126,27
1,77,109,5,27
1,78,109,114,27
1,79,109,16,27
5,80,109,118,27
5,81,109,111,27
5,82,109,121,27
1,83,109,52,27
1,84,109,26,27
1,85,109,14,27
1,86,109,71,27
1,87,109,1,27
1,88,109,74,27
1,89,109,72,27
1,90,109,28,27
1,91,109,76,27
1,92,109,66,27
1,93,109,77,27
1,94,109,61,27
1,95,109,67,27
1,96,109,73,27
1,97,109,24,27
1,98,109,68,27
1,99,109,29,27
1,100,109,79,27
1,101,109,80,27
1,102,109,83,27
1,103,109,63,27
1,104,109,2,27
1,105,109,13,27
1,106,109,78,27
1,107,109,82,27
1,108,109,25,27
1,109,109,11,27
1,110,109,81,27
1,111,109,21,27
1,112,109,10,27
1,113,109,15,27
1,114,109,62,27
1,115,109,69,27
1,116,109,65,27
1,117,109,20,27
1,118,109,75,27
1,119,109,3,27
1,120,109,70,27
1,121,109,7,27
1,122,109,8,27
1,123,109,12,27
1,124,109,23,27
1,125,109,30,27
1,126,109,18,27
1,127,109,22,27
1,128,109,4,27
1,129,109,17,27
6,1,110,108,170
6,2,110,92,170
7,3,110,88,170
7,4,110,96,170
7,5,110,84,170
7,6,110,105,170
7,7,110,94,170
7,8,110,89,170
7,9,110,95,170
7,10,110,91,170
7,11,110,99,170
7,12,110,87,170
7,13,110,107,170
7,14,110,97,170
7,15,110,102,170
7,16,110,86,170
7,17,110,98,170
7,18,110,93,170
7,19,110,90,170
7,20,110,104,170
7,21,110,100,170
7,22,110,109,170
7,23,110,106,170
7,24,110,101,170
7,25,110,85,170
7,26,110,45,170
7,27,110,42,170
7,28,110,43,170
7,29,110,39,170
7,30,110,34,170
7,31,110,55,170
7,32,110,49,170
7,33,110,103,170
7,34,110,54,170
7,35,110,46,170
7,36,110,60,170
7,37,110,48,170
7,38,110,41,170
7,39,110,50,170
7,40,110,35,170
7,41,110,40,170
7,42,110,117,170
7,43,110,38,170
7,44,110,37,170
1,45,110,115,170
1,46,110,44,170
1,47,110,32,170
1,48,110,120,170
1,49,110,57,170
1,50,110,125,170
1,51,110,27,170
1,52,110,119,170
1,53,110,116,170
1,54,110,123,170
1,55,110,110,170
1,56,110,58,170
1,57,110,33,170
1,58,110,36,170
1,59,110,53,170
1,60,110,19,170
1,61,110,31,170
1,62,110,122,170
1,63,110,124,170
1,64,110,127,170
1,65,110,51,170
1,66,110,59,170
1,67,110,47,170
1,68,110,112,170
1,69,110,113,170
1,70,110,128,170
1,71,110,6,170
1,72,110,9,170
1,73,110,129,170
1,74,110,56,170
1,75,110,64,170
1,76,110,126,170
1,77,110,5,170
1,78,110,114,170
1,79,110,16,170
5,80,110,118,170
5,81,110,111,170
5,82,110,121,170
1,83,110,52,170
1,84,110,26,170
1,85,110,14,170
1,86,110,71,170
1,87,110,1,170
1,88,110,74,170
1,89,110,72,170
1,90,110,28,170
1,91,110,76,170
1,92,110,66,170
1,93,110,77,170
1,94,110,61,170
1,95,110,67,170
1,96,110,73,170
1,97,110,24,170
1,98,110,68,170
1,99,110,29,170
1,100,110,79,170
1,101,110,80,170
1,102,110,83,170
1,103,110,63,170
1,104,110,2,170
1,105,110,13,170
1,106,110,78,170
1,107,110,82,170
1,108,110,25,170
1,109,110,11,170
1,110,110,81,170
1,111,110,21,170
1,112,110,10,170
1,113,110,15,170
1,114,110,62,170
1,115,110,69,170
1,116,110,65,170
1,117,110,20,170
1,118,110,75,170
1,119,110,3,170
1,120,110,70,170
1,121,110,7,170
1,122,110,8,170
1,123,110,12,170
1,124,110,23,170
1,125,110,30,170
1,126,110,18,170
1,127,110,22,170
1,128,110,4,170
1,129,110,17,170
6,1,111,108,99
6,2,111,92,99
7,3,111,88,99
7,4,111,96,99
7,5,111,84,99
7,6,111,105,99
7,7,111,94,99
7,8,111,89,99
7,9,111,95,99
7,10,111,91,99
7,11,111,99,99
7,12,111,87,99
7,13,111,107,99
7,14,111,97,99
7,15,111,102,99
7,16,111,86,99
7,17,111,98,99
7,18,111,93,99
7,19,111,90,99
7,20,111,104,99
7,21,111,100,99
7,22,111,109,99
7,23,111,106,99
7,24,111,101,99
7,25,111,85,99
7,26,111,45,99
7,27,111,42,99
7,28,111,43,99
7,29,111,39,99
7,30,111,34,99
7,31,111,55,99
7,32,111,49,99
7,33,111,103,99
7,34,111,54,99
7,35,111,46,99
7,36,111,60,99
7,37,111,48,99
7,38,111,41,99
7,39,111,50,99
7,40,111,35,99
7,41,111,40,99
7,42,111,117,99
7,43,111,38,99
7,44,111,37,99
1,45,111,115,99
1,46,111,44,99
1,47,111,32,99
1,48,111,120,99
1,49,111,57,99
1,50,111,125,99
1,51,111,27,99
1,52,111,119,99
1,53,111,116,99
1,54,111,123,99
1,55,111,110,99
1,56,111,58,99
1,57,111,33,99
1,58,111,36,99
1,59,111,53,99
1,60,111,19,99
1,61,111,31,99
1,62,111,122,99
1,63,111,124,99
1,64,111,127,99
1,65,111,51,99
1,66,111,59,99
1,67,111,47,99
1,68,111,112,99
1,69,111,113,99
1,70,111,128,99
1,71,111,6,99
1,72,111,9,99
1,73,111,129,99
1,74,111,56,99
1,75,111,64,99
1,76,111,126,99
1,77,111,5,99
1,78,111,114,99
1,79,111,16,99
5,80,111,118,99
5,81,111,111,99
5,82,111,121,99
1,83,111,52,99
1,84,111,26,99
1,85,111,14,99
1,86,111,71,99
1,87,111,1,99
1,88,111,74,99
1,89,111,72,99
1,90,111,28,99
1,91,111,76,99
1,92,111,66,99
1,93,111,77,99
1,94,111,61,99
1,95,111,67,99
1,96,111,73,99
1,97,111,24,99
1,98,111,68,99
1,99,111,29,99
1,100,111,79,99
1,101,111,80,99
1,102,111,83,99
1,103,111,63,99
1,104,111,2,99
1,105,111,13,99
1,106,111,78,99
1,107,111,82,99
1,108,111,25,99
1,109,111,11,99
1,110,111,81,99
1,111,111,21,99
1,112,111,10,99
1,113,111,15,99
1,114,111,62,99
1,115,111,69,99
1,116,111,65,99
1,117,111,20,99
1,118,111,75,99
1,119,111,3,99
1,120,111,70,99
1,121,111,7,99
1,122,111,8,99
1,123,111,12,99
1,124,111,23,99
1,125,111,30,99
1,126,111,18,99
1,127,111,22,99
1,128,111,4,99
1,129,111,17,99
6,1,112,108,54
6,2,112,92,54
7,3,112,88,54
7,4,112,96,54
7,5,112,84,54
7,6,112,105,54
7,7,112,94,54
7,8,112,89,54
7,9,112,95,54
7,10,112,91,54
7,11,112,99,54
7,12,112,87,54
7,13,112,107,54
7,14,112,97,54
7,15,112,102,54
7,16,112,86,54
7,17,112,98,54
7,18,112,93,54
7,19,112,90,54
7,20,112,104,54
7,21,112,100,54
7,22,112,109,54
7,23,112,106,54
7,24,112,101,54
7,25,112,85,54
7,26,112,45,54
7,27,112,42,54
7,28,112,43,54
7,29,112,39,54
7,30,112,34,54
7,31,112,55,54
7,32,112,49,54
7,33,112,103,54
7,34,112,54,54
7,35,112,46,54
7,36,112,60,54
7,37,112,48,54
7,38,112,41,54
7,39,112,50,54
7,40,112,35,54
7,41,112,40,54
7,42,112,117,54
7,43,112,38,54
7,44,112,37,54
1,45,112,115,54
1,46,112,44,54
1,47,112,32,54
1,48,112,120,54
1,49,112,57,54
1,50,112,125,54
1,51,112,27,54
1,52,112,119,54
1,53,112,116,54
1,54,112,123,54
1,55,112,110,54
1,56,112,58,54
1,57,112,33,54
1,58,112,36,54
1,59,112,53,54
1,60,112,19,54
1,61,112,31,54
1,62,112,122,54
1,63,112,124,54
1,64,112,127,54
1,65,112,51,54
1,66,112,59,54
1,67,112,47,54
1,68,112,112,54
1,69,112,113,54
1,70,112,128,54
1,71,112,6,54
1,72,112,9,54
1,73,112,129,54
1,74,112,56,54
1,75,112,64,54
1,76,112,126,54
1,77,112,5,54
1,78,112,114,54
1,79,112,16,54
5,80,112,118,54
5,81,112,111,54
5,82,112,121,54
1,83,112,52,54
1,84,112,26,54
1,85,112,14,54
1,86,112,71,54
1,87,112,1,54
1,88,112,74,54
1,89,112,72,54
1,90,112,28,54
1,91,112,76,54
1,92,112,66,54
1,93,112,77,54
1,94,112,61,54
1,95,112,67,54
1,96,112,73,54
1,97,112,24,54
1,98,112,68,54
1,99,112,29,54
1,100,112,79,54
1,101,112,80,54
1,102,112,83,54
1,103,112,63,54
1,104,112,2,54
1,105,112,13,54
1,106,112,78,54
1,107,112,82,54
1,108,112,25,54
1,109,112,11,54
1,110,112,81,54
1,111,112,21,54
1,112,112,10,54
1,113,112,15,54
1,114,112,62,54
1,115,112,69,54
1,116,112,65,54
1,117,112,20,54
1,118,112,75,54
1,119,112,3,54
1,120,112,70,54
1,121,112,7,54
1,122,112,8,54
1,123,112,12,54
1,124,112,23,54
1,125,112,30,54
1,126,112,18,54
1,127,112,22,54
1,128,112,4,54
1,129,112,17,54
6,1,113,108,77
6,2,113,92,77
7,3,113,88,77
7,4,113,96,77
7,5,113,84,77
7,6,113,105,77
7,7,113,94,77
7,8,113,89,77
7,9,113,95,77
7,10,113,91,77
7,11,113,99,77
7,12,113,87,77
7,13,113,107,77
7,14,113,97,77
7,15,113,102,77
7,16,113,86,77
7,17,113,98,77
7,18,113,93,77
7,19,113,90,77
7,20,113,104,77
7,21,113,100,77
7,22,113,109,77
7,23,113,106,77
7,24,113,101,77
7,25,113,85,77
7,26,113,45,77
7,27,113,42,77
7,28,113,43,77
7,29,113,39,77
7,30,113,34,77
7,31,113,55,77
7,32,113,49,77
7,33,113,103,77
7,34,113,54,77
7,35,113,46,77
7,36,113,60,77
7,37,113,48,77
7,38,113,41,77
7,39,113,50,77
7,40,113,35,77
7,41,113,40,77
7,42,113,117,77
7,43,113,38,77
7,44,113,37,77
1,45,113,115,77
1,46,113,44,77
1,47,113,32,77
1,48,113,120,77
1,49,113,57,77
1,50,113,125,77
1,51,113,27,77
1,52,113,119,77
1,53,113,116,77
1,54,113,123,77
1,55,113,110,77
1,56,113,58,77
1,57,113,33,77
1,58,113,36,77
1,59,113,53,77
1,60,113,19,77
1,61,113,31,77
1,62,113,122,77
1,63,113,124,77
1,64,113,127,77
1,65,113,51,77
1,66,113,59,77
1,67,113,47,77
1,68,113,112,77
1,69,113,113,77
1,70,113,128,77
1,71,113,6,77
1,72,113,9,77
1,73,113,129,77
1,74,113,56,77
1,75,113,64,77
1,76,113,126,77
1,77,113,5,77
1,78,113,114,77
1,79,113,16,77
5,80,113,118,77
5,81,113,111,77
5,82,113,121,77
1,83,113,52,77
1,84,113,26,77
1,85,113,14,77
1,86,113,71,77
1,87,113,1,77
1,88,113,74,77
1,89,113,72,77
1,90,113,28,77
1,91,113,76,77
1,92,113,66,77
1,93,113,77,77
1,94,113,61,77
1,95,113,67,77
1,96,113,73,77
1,97,113,24,77
1,98,113,68,77
1,99,113,29,77
1,100,113,79,77
1,101,113,80,77
1,102,113,83,77
1,103,113,63,77
1,104,113,2,77
1,105,113,13,77
1,106,113,78,77
1,107,113,82,77
1,108,113,25,77
1,109,113,11,77
1,110,113,81,77
1,111,113,21,77
1,112,113,10,77
1,113,113,15,77
1,114,113,62,77
1,115,113,69,77
1,116,113,65,77
1,117,113,20,77
1,118,113,75,77
1,119,113,3,77
1,120,113,70,77
1,121,113,7,77
1,122,113,8,77
1,123,113,12,77
1,124,113,23,77
1,125,113,30,77
1,126,113,18,77
1,127,113,22,77
1,128,113,4,77
1,129,113,17,77
6,1,114,108,26
6,2,114,92,26
7,3,114,88,26
7,4,114,96,26
7,5,114,84,26
7,6,114,105,26
7,7,114,94,26
7,8,114,89,26
7,9,114,95,26
7,10,114,91,26
7,11,114,99,26
7,12,114,87,26
7,13,114,107,26
7,14,114,97,26
7,15,114,102,26
7,16,114,86,26
7,17,114,98,26
7,18,114,93,26
7,19,114,90,26
7,20,114,104,26
7,21,114,100,26
7,22,114,109,26
7,23,114,106,26
7,24,114,101,26
7,25,114,85,26
7,26,114,45,26
7,27,114,42,26
7,28,114,43,26
7,29,114,39,26
7,30,114,34,26
7,31,114,55,26
7,32,114,49,26
7,33,114,103,26
7,34,114,54,26
7,35,114,46,26
7,36,114,60,26
7,37,114,48,26
7,38,114,41,26
7,39,114,50,26
7,40,114,35,26
7,41,114,40,26
7,42,114,117,26
7,43,114,38,26
7,44,114,37,26
1,45,114,115,26
1,46,114,44,26
1,47,114,32,26
1,48,114,120,26
1,49,114,57,26
1,50,114,125,26
1,51,114,27,26
1,52,114,119,26
1,53,114,116,26
1,54,114,123,26
1,55,114,110,26
1,56,114,58,26
1,57,114,33,26
1,58,114,36,26
1,59,114,53,26
1,60,114,19,26
1,61,114,31,26
1,62,114,122,26
1,63,114,124,26
1,64,114,127,26
1,65,114,51,26
1,66,114,59,26
1,67,114,47,26
1,68,114,112,26
1,69,114,113,26
1,70,114,128,26
1,71,114,6,26
1,72,114,9,26
1,73,114,129,26
1,74,114,56,26
1,75,114,64,26
1,76,114,126,26
1,77,114,5,26
1,78,114,114,26
1,79,114,16,26
5,80,114,118,26
5,81,114,111,26
5,82,114,121,26
1,83,114,52,26
1,84,114,26,26
1,85,114,14,26
1,86,114,71,26
1,87,114,1,26
1,88,114,74,26
1,89,114,72,26
1,90,114,28,26
1,91,114,76,26
1,92,114,66,26
1,93,114,77,26
1,94,114,61,26
1,95,114,67,26
1,96,114,73,26
1,97,114,24,26
1,98,114,68,26
1,99,114,29,26
1,100,114,79,26
1,101,114,80,26
1,102,114,83,26
1,103,114,63,26
1,104,114,2,26
1,105,114,13,26
1,106,114,78,26
1,107,114,82,26
1,108,114,25,26
1,109,114,11,26
1,110,114,81,26
1,111,114,21,26
1,112,114,10,26
1,113,114,15,26
1,114,114,62,26
1,115,114,69,26
1,116,114,65,26
1,117,114,20,26
1,118,114,75,26
1,119,114,3,26
1,120,114,70,26
1,121,114,7,26
1,122,114,8,26
1,123,114,12,26
1,124,114,23,26
1,125,114,30,26
1,126,114,18,26
1,127,114,22,26
1,128,114,4,26
1,129,114,17,26
6,1,115,108,119
6,2,115,92,119
7,3,115,88,119
7,4,115,96,119
7,5,115,84,119
7,6,115,105,119
7,7,115,94,119
7,8,115,89,119
7,9,115,95,119
7,10,115,91,119
7,11,115,99,119
7,12,115,87,119
7,13,115,107,119
7,14,115,97,119
7,15,115,102,119
7,16,115,86,119
7,17,115,98,119
7,18,115,93,119
7,19,115,90,119
7,20,115,104,119
7,21,115,100,119
7,22,115,109,119
7,23,115,106,119
7,24,115,101,119
7,25,115,85,119
7,26,115,45,119
7,27,115,42,119
7,28,115,43,119
7,29,115,39,119
7,30,115,34,119
7,31,115,55,119
7,32,115,49,119
7,33,115,103,119
7,34,115,54,119
7,35,115,46,119
7,36,115,60,119
7,37,115,48,119
7,38,115,41,119
7,39,115,50,119
7,40,115,35,119
7,41,115,40,119
7,42,115,117,119
7,43,115,38,119
7,44,115,37,119
1,45,115,115,119
1,46,115,44,119
1,47,115,32,119
1,48,115,120,119
1,49,115,57,119
1,50,115,125,119
1,51,115,27,119
1,52,115,119,119
1,53,115,116,119
1,54,115,123,119
1,55,115,110,119
1,56,115,58,119
1,57,115,33,119
1,58,115,36,119
1,59,115,53,119
1,60,115,19,119
1,61,115,31,119
1,62,115,122,119
1,63,115,124,119
1,64,115,127,119
1,65,115,51,119
1,66,115,59,119
1,67,115,47,119
1,68,115,112,119
1,69,115,113,119
1,70,115,128,119
1,71,115,6,119
1,72,115,9,119
1,73,115,129,119
1,74,115,56,119
1,75,115,64,119
1,76,115,126,119
1,77,115,5,119
1,78,115,114,119
1,79,115,16,119
5,80,115,118,119
5,81,115,111,119
5,82,115,121,119
1,83,115,52,119
1,84,115,26,119
1,85,115,14,119
1,86,115,71,119
1,87,115,1,119
1,88,115,74,119
1,89,115,72,119
1,90,115,28,119
1,91,115,76,119
1,92,115,66,119
1,93,115,77,119
1,94,115,61,119
1,95,115,67,119
1,96,115,73,119
1,97,115,24,119
1,98,115,68,119
1,99,115,29,119
1,100,115,79,119
1,101,115,80,119
1,102,115,83,119
1,103,115,63,119
1,104,115,2,119
1,105,115,13,119
1,106,115,78,119
1,107,115,82,119
1,108,115,25,119
1,109,115,11,119
1,110,115,81,119
1,111,115,21,119
1,112,115,10,119
1,113,115,15,119
1,114,115,62,119
1,115,115,69,119
1,116,115,65,119
1,117,115,20,119
1,118,115,75,119
1,119,115,3,119
1,120,115,70,119
1,121,115,7,119
1,122,115,8,119
1,123,115,12,119
1,124,115,23,119
1,125,115,30,119
1,126,115,18,119
1,127,115,22,119
1,128,115,4,119
1,129,115,17,119
1,1,116,108,63
1,2,116,92,63
1,3,116,88,63
1,4,116,96,63
1,5,116,84,63
1,6,116,105,63
1,7,116,94,63
1,8,116,89,63
1,9,116,95,63
1,10,116,91,63
1,11,116,99,63
1,12,116,87,63
1,13,116,107,63
1,14,116,97,63
1,15,116,102,63
1,16,116,86,63
1,17,116,98,63
1,18,116,93,63
1,19,116,90,63
1,20,116,104,63
1,21,116,100,63
1,22,116,109,63
1,23,116,106,63
1,24,116,101,63
1,25,116,85,63
1,26,116,45,63
1,27,116,42,63
1,28,116,43,63
1,29,116,39,63
1,30,116,34,63
1,31,116,55,63
1,32,116,49,63
1,33,116,103,63
1,34,116,54,63
1,35,116,46,63
1,36,116,60,63
1,37,116,48,63
1,38,116,41,63
1,39,116,50,63
1,40,116,35,63
1,41,116,40,63
1,42,116,117,63
1,43,116,38,63
1,44,116,37,63
1,45,116,115,63
1,46,116,44,63
1,47,116,32,63
1,48,116,120,63
1,49,116,57,63
1,50,116,125,63
1,51,116,27,63
1,52,116,119,63
1,53,116,116,63
1,54,116,123,63
1,55,116,110,63
1,56,116,58,63
1,57,116,33,63
1,58,116,36,63
1,59,116,53,63
1,60,116,19,63
1,61,116,31,63
1,62,116,122,63
1,63,116,124,63
1,64,116,127,63
1,65,116,51,63
1,66,116,59,63
1,67,116,47,63
1,68,116,112,63
1,69,116,113,63
1,70,116,128,63
1,71,116,6,63
1,72,116,9,63
1,73,116,129,63
1,74,116,56,63
1,75,116,64,63
1,76,116,126,63
1,77,116,5,63
1,78,116,114,63
1,79,116,16,63
5,80,116,118,63
5,81,116,111,63
5,82,116,121,63
1,83,116,52,63
1,84,116,26,63
1,85,116,14,63
1,86,116,71,63
1,87,116,1,63
1,88,116,74,63
1,89,116,72,63
1,90,116,28,63
1,91,116,76,63
1,92,116,66,63
1,93,116,77,63
1,94,116,61,63
1,95,116,67,63
1,96,116,73,63
1,97,116,24,63
1,98,116,68,63
1,99,116,29,63
1,100,116,79,63
1,101,116,80,63
1,102,116,83,63
1,103,116,63,63
1,104,116,2,63
1,105,116,13,63
1,106,116,78,63
1,107,116,82,63
1,108,116,25,63
1,109,116,11,63
1,110,116,81,63
1,111,116,21,63
1,112,116,10,63
1,113,116,15,63
1,114,116,62,63
1,115,116,69,63
1,116,116,65,63
1,117,116,20,63
1,118,116,75,63
1,119,116,3,63
1,120,116,70,63
1,121,116,7,63
1,122,116,8,63
1,123,116,12,63
1,124,116,23,63
1,125,116,30,63
1,126,116,18,63
1,127,116,22,63
1,128,116,4,63
1,129,116,17,63
1,1,117,108,133
1,2,117,92,133
1,3,117,88,133
1,4,117,96,133
1,5,117,84,133
1,6,117,105,133
1,7,117,94,133
1,8,117,89,133
1,9,117,95,133
1,10,117,91,133
1,11,117,99,133
1,12,117,87,133
1,13,117,107,133
1,14,117,97,133
1,15,117,102,133
1,16,117,86,133
1,17,117,98,133
1,18,117,93,133
1,19,117,90,133
1,20,117,104,133
1,21,117,100,133
1,22,117,109,133
1,23,117,106,133
1,24,117,101,133
1,25,117,85,133
1,26,117,45,133
1,27,117,42,133
1,28,117,43,133
1,29,117,39,133
1,30,117,34,133
1,31,117,55,133
1,32,117,49,133
1,33,117,103,133
1,34,117,54,133
1,35,117,46,133
1,36,117,60,133
1,37,117,48,133
1,38,117,41,133
1,39,117,50,133
1,40,117,35,133
1,41,117,40,133
1,42,117,117,133
1,43,117,38,133
1,44,117,37,133
1,45,117,115,133
1,46,117,44,133
1,47,117,32,133
1,48,117,120,133
1,49,117,57,133
1,50,117,125,133
1,51,117,27,133
1,52,117,119,133
1,53,117,116,133
1,54,117,123,133
1,55,117,110,133
1,56,117,58,133
1,57,117,33,133
1,58,117,36,133
1,59,117,53,133
1,60,117,19,133
1,61,117,31,133
1,62,117,122,133
1,63,117,124,133
1,64,117,127,133
1,65,117,51,133
1,66,117,59,133
1,67,117,47,133
1,68,117,112,133
1,69,117,113,133
1,70,117,128,133
1,71,117,6,133
1,72,117,9,133
1,73,117,129,133
1,74,117,56,133
1,75,117,64,133
1,76,117,126,133
1,77,117,5,133
1,78,117,114,133
1,79,117,16,133
5,80,117,118,133
5,81,117,111,133
5,82,117,121,133
1,83,117,52,133
1,84,117,26,133
1,85,117,14,133
1,86,117,71,133
1,87,117,1,133
1,88,117,74,133
1,89,117,72,133
1,90,117,28,133
1,91,117,76,133
1,92,117,66,133
1,93,117,77,133
1,94,117,61,133
1,95,117,67,133
1,96,117,73,133
1,97,117,24,133
1,98,117,68,133
1,99,117,29,133
1,100,117,79,133
1,101,117,80,133
1,102,117,83,133
1,103,117,63,133
1,104,117,2,133
1,105,117,13,133
1,106,117,78,133
1,107,117,82,133
1,108,117,25,133
1,109,117,11,133
1,110,117,81,133
1,111,117,21,133
1,112,117,10,133
1,113,117,15,133
1,114,117,62,133
1,115,117,69,133
1,116,117,65,133
1,117,117,20,133
1,118,117,75,133
1,119,117,3,133
1,120,117,70,133
1,121,117,7,133
1,122,117,8,133
1,123,117,12,133
1,124,117,23,133
1,125,117,30,133
1,126,117,18,133
1,127,117,22,133
1,128,117,4,133
1,129,117,17,133
1,1,118,108,120
1,2,118,92,120
1,3,118,88,120
1,4,118,96,120
1,5,118,84,120
1,6,118,105,120
1,7,118,94,120
1,8,118,89,120
1,9,118,95,120
1,10,118,91,120
1,11,118,99,120
1,12,118,87,120
1,13,118,107,120
1,14,118,97,120
1,15,118,102,120
1,16,118,86,120
1,17,118,98,120
1,18,118,93,120
1,19,118,90,120
1,20,118,104,120
1,21,118,100,120
1,22,118,109,120
1,23,118,106,120
1,24,118,101,120
1,25,118,85,120
1,26,118,45,120
1,27,118,42,120
1,28,118,43,120
1,29,118,39,120
1,30,118,34,120
1,31,118,55,120
1,32,118,49,120
1,33,118,103,120
1,34,118,54,120
1,35,118,46,120
1,36,118,60,120
1,37,118,48,120
1,38,118,41,120
1,39,118,50,120
1,40,118,35,120
1,41,118,40,120
1,42,118,117,120
1,43,118,38,120
1,44,118,37,120
1,45,118,115,120
1,46,118,44,120
1,47,118,32,120
1,48,118,120,120
1,49,118,57,120
1,50,118,125,120
1,51,118,27,120
1,52,118,119,120
1,53,118,116,120
1,54,118,123,120
1,55,118,110,120
1,56,118,58,120
1,57,118,33,120
1,58,118,36,120
1,59,118,53,120
1,60,118,19,120
1,61,118,31,120
1,62,118,122,120
1,63,118,124,120
1,64,118,127,120
1,65,118,51,120
1,66,118,59,120
1,67,118,47,120
1,68,118,112,120
1,69,118,113,120
1,70,118,128,120
1,71,118,6,120
1,72,118,9,120
1,73,118,129,120
1,74,118,56,120
1,75,118,64,120
1,76,118,126,120
1,77,118,5,120
1,78,118,114,120
1,79,118,16,120
5,80,118,118,120
5,81,118,111,120
5,82,118,121,120
1,83,118,52,120
1,84,118,26,120
1,85,118,14,120
1,86,118,71,120
1,87,118,1,120
1,88,118,74,120
1,89,118,72,120
1,90,118,28,120
1,91,118,76,120
1,92,118,66,120
1,93,118,77,120
1,94,118,61,120
1,95,118,67,120
1,96,118,73,120
1,97,118,24,120
1,98,118,68,120
1,99,118,29,120
1,100,118,79,120
1,101,118,80,120
1,102,118,83,120
1,103,118,63,120
1,104,118,2,120
1,105,118,13,120
1,106,118,78,120
1,107,118,82,120
1,108,118,25,120
1,109,118,11,120
1,110,118,81,120
1,111,118,21,120
1,112,118,10,120
1,113,118,15,120
1,114,118,62,120
1,115,118,69,120
1,116,118,65,120
1,117,118,20,120
1,118,118,75,120
1,119,118,3,120
1,120,118,70,120
1,121,118,7,120
1,122,118,8,120
1,123,118,12,120
1,124,118,23,120
1,125,118,30,120
1,126,118,18,120
1,127,118,22,120
1,128,118,4,120
1,129,118,17,120
1,1,119,108,145
1,2,119,92,145
1,3,119,88,145
1,4,119,96,145
1,5,119,84,145
1,6,119,105,145
1,7,119,94,145
1,8,119,89,145
1,9,119,95,145
1,10,119,91,145
1,11,119,99,145
1,12,119,87,145
1,13,119,107,145
1,14,119,97,145
1,15,119,102,145
1,16,119,86,145
1,17,119,98,145
1,18,119,93,145
1,19,119,90,145
1,20,119,104,145
1,21,119,100,145
1,22,119,109,145
1,23,119,106,145
1,24,119,101,145
1,25,119,85,145
1,26,119,45,145
1,27,119,42,145
1,28,119,43,145
1,29,119,39,145
1,30,119,34,145
1,31,119,55,145
1,32,119,49,145
1,33,119,103,145
1,34,119,54,145
1,35,119,46,145
1,36,119,60,145
1,37,119,48,145
1,38,119,41,145
1,39,119,50,145
1,40,119,35,145
1,41,119,40,145
1,42,119,117,145
1,43,119,38,145
1,44,119,37,145
1,45,119,115,145
1,46,119,44,145
1,47,119,32,145
1,48,119,120,145
1,49,119,57,145
1,50,119,125,145
1,51,119,27,145
1,52,119,119,145
1,53,119,116,145
1,54,119,123,145
1,55,119,110,145
1,56,119,58,145
1,57,119,33,145
1,58,119,36,145
1,59,119,53,145
1,60,119,19,145
1,61,119,31,145
1,62,119,122,145
1,63,119,124,145
1,64,119,127,145
1,65,119,51,145
1,66,119,59,145
1,67,119,47,145
1,68,119,112,145
1,69,119,113,145
1,70,119,128,145
1,71,119,6,145
1,72,119,9,145
1,73,119,129,145
1,74,119,56,145
1,75,119,64,145
1,76,119,126,145
1,77,119,5,145
1,78,119,114,145
1,79,119,16,145
5,80,119,118,145
5,81,119,111,145
5,82,119,121,145
1,83,119,52,145
1,84,119,26,145
1,85,119,14,145
1,86,119,71,145
1,87,119,1,145
1,88,119,74,145
1,89,119,72,145
1,90,119,28,145
1,91,119,76,145
1,92,119,66,145
1,93,119,77,145
1,94,119,61,145
1,95,119,67,145
1,96,119,73,145
1,97,119,24,145
1,98,119,68,145
1,99,119,29,145
1,100,119,79,145
1,101,119,80,145
1,102,119,83,145
1,103,119,63,145
1,104,119,2,145
1,105,119,13,145
1,106,119,78,145
1,107,119,82,145
1,108,119,25,145
1,109,119,11,145
1,110,119,81,145
1,111,119,21,145
1,112,119,10,145
1,113,119,15,145
1,114,119,62,145
1,115,119,69,145
1,116,119,65,145
1,117,119,20,145
1,118,119,75,145
1,119,119,3,145
1,120,119,70,145
1,121,119,7,145
1,122,119,8,145
1,123,119,12,145
1,124,119,23,145
1,125,119,30,145
1,126,119,18,145
1,127,119,22,145
1,128,119,4,145
1,129,119,17,145
1,1,120,108,95
1,2,120,92,95
1,3,120,88,95
1,4,120,96,95
1,5,120,84,95
1,6,120,105,95
1,7,120,94,95
1,8,120,89,95
1,9,120,95,95
1,10,120,91,95
1,11,120,99,95
1,12,120,87,95
1,13,120,107,95
1,14,120,97,95
1,15,120,102,95
1,16,120,86,95
1,17,120,98,95
1,18,120,93,95
1,19,120,90,95
1,20,120,104,95
1,21,120,100,95
1,22,120,109,95
1,23,120,106,95
1,24,120,101,95
1,25,120,85,95
1,26,120,45,95
1,27,120,42,95
1,28,120,43,95
1,29,120,39,95
1,30,120,34,95
1,31,120,55,95
1,32,120,49,95
1,33,120,103,95
1,34,120,54,95
1,35,120,46,95
1,36,120,60,95
1,37,120,48,95
1,38,120,41,95
1,39,120,50,95
1,40,120,35,95
1,41,120,40,95
1,42,120,117,95
1,43,120,38,95
1,44,120,37,95
1,45,120,115,95
1,46,120,44,95
1,47,120,32,95
1,48,120,120,95
1,49,120,57,95
1,50,120,125,95
1,51,120,27,95
1,52,120,119,95
1,53,120,116,95
1,54,120,123,95
1,55,120,110,95
1,56,120,58,95
1,57,120,33,95
1,58,120,36,95
1,59,120,53,95
1,60,120,19,95
1,61,120,31,95
1,62,120,122,95
1,63,120,124,95
1,64,120,127,95
1,65,120,51,95
1,66,120,59,95
1,67,120,47,95
1,68,120,112,95
1,69,120,113,95
1,70,120,128,95
1,71,120,6,95
1,72,120,9,95
1,73,120,129,95
1,74,120,56,95
1,75,120,64,95
1,76,120,126,95
1,77,120,5,95
1,78,120,114,95
1,79,120,16,95
5,80,120,118,95
5,81,120,111,95
5,82,120,121,95
1,83,120,52,95
1,84,120,26,95
1,85,120,14,95
1,86,120,71,95
1,87,120,1,95
1,88,120,74,95
1,89,120,72,95
1,90,120,28,95
1,91,120,76,95
1,92,120,66,95
1,93,120,77,95
1,94,120,61,95
1,95,120,67,95
1,96,120,73,95
1,97,120,24,95
1,98,120,68,95
1,99,120,29,95
1,100,120,79,95
1,101,120,80,95
1,102,120,83,95
1,103,120,63,95
1,104,120,2,95
1,105,120,13,95
1,106,120,78,95
1,107,120,82,95
1,108,120,25,95
1,109,120,11,95
1,110,120,81,95
1,111,120,21,95
1,112,120,10,95
1,113,120,15,95
1,114,120,62,95
1,115,120,69,95
1,116,120,65,95
1,117,120,20,95
1,118,120,75,95
1,119,120,3,95
1,120,120,70,95
1,121,120,7,95
1,122,120,8,95
1,123,120,12,95
1,124,120,23,95
1,125,120,30,95
1,126,120,18,95
1,127,120,22,95
1,128,120,4,95
1,129,120,17,95
1,1,121,108,219
1,2,121,92,219
1,3,121,88,219
1,4,121,96,219
1,5,121,84,219
1,6,121,105,219
1,7,121,94,219
1,8,121,89,219
1,9,121,95,219
1,10,121,91,219
1,11,121,99,219
1,12,121,87,219
1,13,121,107,219
1,14,121,97,219
1,15,121,102,219
1,16,121,86,219
1,17,121,98,219
1,18,121,93,219
1,19,121,90,219
1,20,121,104,219
1,21,121,100,219
1,22,121,109,219
1,23,121,106,219
1,24,121,101,219
1,25,121,85,219
1,26,121,45,219
1,27,121,42,219
1,28,121,43,219
1,29,121,39,219
1,30,121,34,219
1,31,121,55,219
1,32,121,49,219
1,33,121,103,219
1,34,121,54,219
1,35,121,46,219
1,36,121,60,219
1,37,121,48,219
1,38,121,41,219
1,39,121,50,219
1,40,121,35,219
1,41,121,40,219
1,42,121,117,219
1,43,121,38,219
1,44,121,37,219
1,45,121,115,219
1,46,121,44,219
1,47,121,32,219
1,48,121,120,219
1,49,121,57,219
1,50,121,125,219
1,51,121,27,219
1,52,121,119,219
1,53,121,116,219
1,54,121,123,219
1,55,121,110,219
1,56,121,58,219
1,57,121,33,219
1,58,121,36,219
1,59,121,53,219
1,60,121,19,219
1,61,121,31,219
1,62,121,122,219
1,63,121,124,219
1,64,121,127,219
1,65,121,51,219
1,66,121,59,219
1,67,121,47,219
1,68,121,112,219
1,69,121,113,219
1,70,121,128,219
1,71,121,6,219
1,72,121,9,219
1,73,121,129,219
1,74,121,56,219
1,75,121,64,219
1,76,121,126,219
1,77,121,5,219
1,78,121,114,219
1,79,121,16,219
5,80,121,118,219
5,81,121,111,219
5,82,121,121,219
1,83,121,52,219
1,84,121,26,219
1,85,121,14,219
1,86,121,71,219
1,87,121,1,219
1,88,121,74,219
1,89,121,72,219
1,90,121,28,219
1,91,121,76,219
1,92,121,66,219
1,93,121,77,219
1,94,121,61,219
1,95,121,67,219
1,96,121,73,219
1,97,121,24,219
1,98,121,68,219
1,99,121,29,219
1,100,121,79,219
1,101,121,80,219
1,102,121,83,219
1,103,121,63,219
1,104,121,2,219
1,105,121,13,219
1,106,121,78,219
1,107,121,82,219
1,108,121,25,219
1,109,121,11,219
1,110,121,81,219
1,111,121,21,219
1,112,121,10,219
1,113,121,15,219
1,114,121,62,219
1,115,121,69,219
1,116,121,65,219
1,117,121,20,219
1,118,121,75,219
1,119,121,3,219
1,120,121,70,219
1,121,121,7,219
1,122,121,8,219
1,123,121,12,219
1,124,121,23,219
1,125,121,30,219
1,126,121,18,219
1,127,121,22,219
1,128,121,4,219
1,129,121,17,219
1,1,122,108,105
1,2,122,92,105
1,3,122,88,105
1,4,122,96,105
1,5,122,84,105
1,6,122,105,105
1,7,122,94,105
1,8,122,89,105
1,9,122,95,105
1,10,122,91,105
1,11,122,99,105
1,12,122,87,105
1,13,122,107,105
1,14,122,97,105
1,15,122,102,105
1,16,122,86,105
1,17,122,98,105
1,18,122,93,105
1,19,122,90,105
1,20,122,104,105
1,21,122,100,105
1,22,122,109,105
1,23,122,106,105
1,24,122,101,105
1,25,122,85,105
1,26,122,45,105
1,27,122,42,105
1,28,122,43,105
1,29,122,39,105
1,30,122,34,105
1,31,122,55,105
1,32,122,49,105
1,33,122,103,105
1,34,122,54,105
1,35,122,46,105
1,36,122,60,105
1,37,122,48,105
1,38,122,41,105
1,39,122,50,105
1,40,122,35,105
1,41,122,40,105
1,42,122,117,105
1,43,122,38,105
1,44,122,37,105
1,45,122,115,105
1,46,122,44,105
1,47,122,32,105
1,48,122,120,105
1,49,122,57,105
1,50,122,125,105
1,51,122,27,105
1,52,122,119,105
1,53,122,116,105
1,54,122,123,105
1,55,122,110,105
1,56,122,58,105
1,57,122,33,105
1,58,122,36,105
1,59,122,53,105
1,60,122,19,105
1,61,122,31,105
1,62,122,122,105
1,63,122,124,105
1,64,122,127,105
1,65,122,51,105
1,66,122,59,105
1,67,122,47,105
1,68,122,112,105
1,69,122,113,105
1,70,122,128,105
1,71,122,6,105
1,72,122,9,105
1,73,122,129,105
1,74,122,56,105
1,75,122,64,105
1,76,122,126,105
1,77,122,5,105
1,78,122,114,105
1,79,122,16,105
5,80,122,118,105
5,81,122,111,105
5,82,122,121,105
1,83,122,52,105
1,84,122,26,105
1,85,122,14,105
1,86,122,71,105
1,87,122,1,105
1,88,122,74,105
1,89,122,72,105
1,90,122,28,105
1,91,122,76,105
1,92,122,66,105
1,93,122,77,105
1,94,122,61,105
1,95,122,67,105
1,96,122,73,105
1,97,122,24,105
1,98,122,68,105
1,99,122,29,105
1,100,122,79,105
1,101,122,80,105
1,102,122,83,105
1,103,122,63,105
1,104,122,2,105
1,105,122,13,105
1,106,122,78,105
1,107,122,82,105
1,108,122,25,105
1,109,122,11,105
1,110,122,81,105
1,111,122,21,105
1,112,122,10,105
1,113,122,15,105
1,114,122,62,105
1,115,122,69,105
1,116,122,65,105
1,117,122,20,105
1,118,122,75,105
1,119,122,3,105
1,120,122,70,105
1,121,122,7,105
1,122,122,8,105
1,123,122,12,105
1,124,122,23,105
1,125,122,30,105
1,126,122,18,105
1,127,122,22,105
1,128,122,4,105
1,129,122,17,105
1,1,123,108,83
1,2,123,92,83
1,3,123,88,83
1,4,123,96,83
1,5,123,84,83
1,6,123,105,83
1,7,123,94,83
1,8,123,89,83
1,9,123,95,83
1,10,123,91,83
1,11,123,99,83
1,12,123,87,83
1,13,123,107,83
1,14,123,97,83
1,15,123,102,83
1,16,123,86,83
1,17,123,98,83
1,18,123,93,83
1,19,123,90,83
1,20,123,104,83
1,21,123,100,83
1,22,123,109,83
1,23,123,106,83
1,24,123,101,83
1,25,123,85,83
1,26,123,45,83
1,27,123,42,83
1,28,123,43,83
1,29,123,39,83
1,30,123,34,83
1,31,123,55,83
1,32,123,49,83
1,33,123,103,83
1,34,123,54,83
1,35,123,46,83
1,36,123,60,83
1,37,123,48,83
1,38,123,41,83
1,39,123,50,83
1,40,123,35,83
1,41,123,40,83
1,42,123,117,83
1,43,123,38,83
1,44,123,37,83
1,45,123,115,83
1,46,123,44,83
1,47,123,32,83
1,48,123,120,83
1,49,123,57,83
1,50,123,125,83
1,51,123,27,83
1,52,123,119,83
1,53,123,116,83
1,54,123,123,83
1,55,123,110,83
1,56,123,58,83
1,57,123,33,83
1,58,123,36,83
1,59,123,53,83
1,60,123,19,83
1,61,123,31,83
1,62,123,122,83
1,63,123,124,83
1,64,123,127,83
1,65,123,51,83
1,66,123,59,83
1,67,123,47,83
1,68,123,112,83
1,69,123,113,83
1,70,123,128,83
1,71,123,6,83
1,72,123,9,83
1,73,123,129,83
1,74,123,56,83
1,75,123,64,83
1,76,123,126,83
1,77,123,5,83
1,78,123,114,83
1,79,123,16,83
5,80,123,118,83
5,81,123,111,83
5,82,123,121,83
1,83,123,52,83
1,84,123,26,83
1,85,123,14,83
1,86,123,71,83
1,87,123,1,83
1,88,123,74,83
1,89,123,72,83
1,90,123,28,83
1,91,123,76,83
1,92,123,66,83
1,93,123,77,83
1,94,123,61,83
1,95,123,67,83
1,96,123,73,83
1,97,123,24,83
1,98,123,68,83
1,99,123,29,83
1,100,123,79,83
1,101,123,80,83
1,102,123,83,83
1,103,123,63,83
1,104,123,2,83
1,105,123,13,83
1,106,123,78,83
1,107,123,82,83
1,108,123,25,83
1,109,123,11,83
1,110,123,81,83
1,111,123,21,83
1,112,123,10,83
1,113,123,15,83
1,114,123,62,83
1,115,123,69,83
1,116,123,65,83
1,117,123,20,83
1,118,123,75,83
1,119,123,3,83
1,120,123,70,83
1,121,123,7,83
1,122,123,8,83
1,123,123,12,83
1,124,123,23,83
1,125,123,30,83
1,126,123,18,83
1,127,123,22,83
1,128,123,4,83
1,129,123,17,83
1,1,124,108,7
1,2,124,92,7
1,3,124,88,7
1,4,124,96,7
1,5,124,84,7
1,6,124,105,7
1,7,124,94,7
1,8,124,89,7
1,9,124,95,7
1,10,124,91,7
1,11,124,99,7
1,12,124,87,7
1,13,124,107,7
1,14,124,97,7
1,15,124,102,7
1,16,124,86,7
1,17,124,98,7
1,18,124,93,7
1,19,124,90,7
1,20,124,104,7
1,21,124,100,7
1,22,124,109,7
1,23,124,106,7
1,24,124,101,7
1,25,124,85,7
1,26,124,45,7
1,27,124,42,7
1,28,124,43,7
1,29,124,39,7
1,30,124,34,7
1,31,124,55,7
1,32,124,49,7
1,33,124,103,7
1,34,124,54,7
1,35,124,46,7
1,36,124,60,7
1,37,124,48,7
1,38,124,41,7
1,39,124,50,7
1,40,124,35,7
1,41,124,40,7
1,42,124,117,7
1,43,124,38,7
1,44,124,37,7
1,45,124,115,7
1,46,124,44,7
1,47,124,32,7
1,48,124,120,7
1,49,124,57,7
1,50,124,125,7
1,51,124,27,7
1,52,124,119,7
1,53,124,116,7
1,54,124,123,7
1,55,124,110,7
1,56,124,58,7
1,57,124,33,7
1,58,124,36,7
1,59,124,53,7
1,60,124,19,7
1,61,124,31,7
1,62,124,122,7
1,63,124,124,7
1,64,124,127,7
1,65,124,51,7
1,66,124,59,7
1,67,124,47,7
1,68,124,112,7
1,69,124,113,7
1,70,124,128,7
1,71,124,6,7
1,72,124,9,7
1,73,124,129,7
1,74,124,56,7
1,75,124,64,7
1,76,124,126,7
1,77,124,5,7
1,78,124,114,7
1,79,124,16,7
5,80,124,118,7
5,81,124,111,7
5,82,124,121,7
1,83,124,52,7
1,84,124,26,7
1,85,124,14,7
1,86,124,71,7
1,87,124,1,7
1,88,124,74,7
1,89,124,72,7
1,90,124,28,7
1,91,124,76,7
1,92,124,66,7
1,93,124,77,7
1,94,124,61,7
1,95,124,67,7
1,96,124,73,7
1,97,124,24,7
1,98,124,68,7
1,99,124,29,7
1,100,124,79,7
1,101,124,80,7
1,102,124,83,7
1,103,124,63,7
1,104,124,2,7
1,105,124,13,7
1,106,124,78,7
1,107,124,82,7
1,108,124,25,7
1,109,124,11,7
1,110,124,81,7
1,111,124,21,7
1,112,124,10,7
1,113,124,15,7
1,114,124,62,7
1,115,124,69,7
1,116,124,65,7
1,117,124,20,7
1,118,124,75,7
1,119,124,3,7
1,120,124,70,7
1,121,124,7,7
1,122,124,8,7
1,123,124,12,7
1,124,124,23,7
1,125,124,30,7
1,126,124,18,7
1,127,124,22,7
1,128,124,4,7
1,129,124,17,7
1,1,125,108,192
1,2,125,92,192
1,3,125,88,192
1,4,125,96,192
1,5,125,84,192
1,6,125,105,192
1,7,125,94,192
1,8,125,89,192
1,9,125,95,192
1,10,125,91,192
1,11,125,99,192
1,12,125,87,192
1,13,125,107,192
1,14,125,97,192
1,15,125,102,192
1,16,125,86,192
1,17,125,98,192
1,18,125,93,192
1,19,125,90,192
1,20,125,104,192
1,21,125,100,192
1,22,125,109,192
1,23,125,106,192
1,24,125,101,192
1,25,125,85,192
1,26,125,45,192
1,27,125,42,192
1,28,125,43,192
1,29,125,39,192
1,30,125,34,192
1,31,125,55,192
1,32,125,49,192
1,33,125,103,192
1,34,125,54,192
1,35,125,46,192
1,36,125,60,192
1,37,125,48,192
1,38,125,41,192
1,39,125,50,192
1,40,125,35,192
1,41,125,40,192
1,42,125,117,192
1,43,125,38,192
1,44,125,37,192
1,45,125,115,192
1,46,125,44,192
1,47,125,32,192
1,48,125,120,192
1,49,125,57,192
1,50,125,125,192
1,51,125,27,192
1,52,125,119,192
1,53,125,116,192
1,54,125,123,192
1,55,125,110,192
1,56,125,58,192
1,57,125,33,192
1,58,125,36,192
1,59,125,53,192
1,60,125,19,192
1,61,125,31,192
1,62,125,122,192
1,63,125,124,192
1,64,125,127,192
1,65,125,51,192
1,66,125,59,192
1,67,125,47,192
1,68,125,112,192
1,69,125,113,192
1,70,125,128,192
1,71,125,6,192
1,72,125,9,192
1,73,125,129,192
1,74,125,56,192
1,75,125,64,192
1,76,125,126,192
1,77,125,5,192
1,78,125,114,192
1,79,125,16,192
5,80,125,118,192
5,81,125,111,192
5,82,125,121,192
1,83,125,52,192
1,84,125,26,192
1,85,125,14,192
1,86,125,71,192
1,87,125,1,192
1,88,125,74,192
1,89,125,72,192
1,90,125,28,192
1,91,125,76,192
1,92,125,66,192
1,93,125,77,192
1,94,125,61,192
1,95,125,67,192
1,96,125,73,192
1,97,125,24,192
1,98,125,68,192
1,99,125,29,192
1,100,125,79,192
1,101,125,80,192
1,102,125,83,192
1,103,125,63,192
1,104,125,2,192
1,105,125,13,192
1,106,125,78,192
1,107,125,82,192
1,108,125,25,192
1,109,125,11,192
1,110,125,81,192
1,111,125,21,192
1,112,125,10,192
1,113,125,15,192
1,114,125,62,192
1,115,125,69,192
1,116,125,65,192
1,117,125,20,192
1,118,125,75,192
1,119,125,3,192
1,120,125,70,192
1,121,125,7,192
1,122,125,8,192
1,123,125,12,192
1,124,125,23,192
1,125,125,30,192
1,126,125,18,192
1,127,125,22,192
1,128,125,4,192
1,129,125,17,192
1,1,126,108,193
1,2,126,92,193
1,3,126,88,193
1,4,126,96,193
1,5,126,84,193
1,6,126,105,193
1,7,126,94,193
1,8,126,89,193
1,9,126,95,193
1,10,126,91,193
1,11,126,99,193
1,12,126,87,193
1,13,126,107,193
1,14,126,97,193
1,15,126,102,193
1,16,126,86,193
1,17,126,98,193
1,18,126,93,193
1,19,126,90,193
1,20,126,104,193
1,21,126,100,193
1,22,126,109,193
1,23,126,106,193
1,24,126,101,193
1,25,126,85,193
1,26,126,45,193
1,27,126,42,193
1,28,126,43,193
1,29,126,39,193
1,30,126,34,193
1,31,126,55,193
1,32,126,49,193
1,33,126,103,193
1,34,126,54,193
1,35,126,46,193
1,36,126,60,193
1,37,126,48,193
1,38,126,41,193
1,39,126,50,193
1,40,126,35,193
1,41,126,40,193
1,42,126,117,193
1,43,126,38,193
1,44,126,37,193
1,45,126,115,193
1,46,126,44,193
1,47,126,32,193
1,48,126,120,193
1,49,126,57,193
1,50,126,125,193
1,51,126,27,193
1,52,126,119,193
1,53,126,116,193
1,54,126,123,193
1,55,126,110,193
1,56,126,58,193
1,57,126,33,193
1,58,126,36,193
1,59,126,53,193
1,60,126,19,193
1,61,126,31,193
1,62,126,122,193
1,63,126,124,193
1,64,126,127,193
1,65,126,51,193
1,66,126,59,193
1,67,126,47,193
1,68,126,112,193
1,69,126,113,193
1,70,126,128,193
1,71,126,6,193
1,72,126,9,193
1,73,126,129,193
1,74,126,56,193
1,75,126,64,193
1,76,126,126,193
1,77,126,5,193
1,78,126,114,193
1,79,126,16,193
5,80,126,118,193
5,81,126,111,193
5,82,126,121,193
1,83,126,52,193
1,84,126,26,193
1,85,126,14,193
1,86,126,71,193
1,87,126,1,193
1,88,126,74,193
1,89,126,72,193
1,90,126,28,193
1,91,126,76,193
1,92,126,66,193
1,93,126,77,193
1,94,126,61,193
1,95,126,67,193
1,96,126,73,193
1,97,126,24,193
1,98,126,68,193
1,99,126,29,193
1,100,126,79,193
1,101,126,80,193
1,102,126,83,193
1,103,126,63,193
1,104,126,2,193
1,105,126,13,193
1,106,126,78,193
1,107,126,82,193
1,108,126,25,193
1,109,126,11,193
1,110,126,81,193
1,111,126,21,193
1,112,126,10,193
1,113,126,15,193
1,114,126,62,193
1,115,126,69,193
1,116,126,65,193
1,117,126,20,193
1,118,126,75,193
1,119,126,3,193
1,120,126,70,193
1,121,126,7,193
1,122,126,8,193
1,123,126,12,193
1,124,126,23,193
1,125,126,30,193
1,126,126,18,193
1,127,126,22,193
1,128,126,4,193
1,129,126,17,193
1,1,127,108,128
1,2,127,92,128
1,3,127,88,128
1,4,127,96,128
1,5,127,84,128
1,6,127,105,128
1,7,127,94,128
1,8,127,89,128
1,9,127,95,128
1,10,127,91,128
1,11,127,99,128
1,12,127,87,128
1,13,127,107,128
1,14,127,97,128
1,15,127,102,128
1,16,127,86,128
1,17,127,98,128
1,18,127,93,128
1,19,127,90,128
1,20,127,104,128
1,21,127,100,128
1,22,127,109,128
1,23,127,106,128
1,24,127,101,128
1,25,127,85,128
1,26,127,45,128
1,27,127,42,128
1,28,127,43,128
1,29,127,39,128
1,30,127,34,128
1,31,127,55,128
1,32,127,49,128
1,33,127,103,128
1,34,127,54,128
1,35,127,46,128
1,36,127,60,128
1,37,127,48,128
1,38,127,41,128
1,39,127,50,128
1,40,127,35,128
1,41,127,40,128
1,42,127,117,128
1,43,127,38,128
1,44,127,37,128
1,45,127,115,128
1,46,127,44,128
1,47,127,32,128
1,48,127,120,128
1,49,127,57,128
1,50,127,125,128
1,51,127,27,128
1,52,127,119,128
1,53,127,116,128
1,54,127,123,128
1,55,127,110,128
1,56,127,58,128
1,57,127,33,128
1,58,127,36,128
1,59,127,53,128
1,60,127,19,128
1,61,127,31,128
1,62,127,122,128
1,63,127,124,128
1,64,127,127,128
1,65,127,51,128
1,66,127,59,128
1,67,127,47,128
1,68,127,112,128
1,69,127,113,128
1,70,127,128,128
1,71,127,6,128
1,72,127,9,128
1,73,127,129,128
1,74,127,56,128
1,75,127,64,128
1,76,127,126,128
1,77,127,5,128
1,78,127,114,128
1,79,127,16,128
5,80,127,118,128
5,81,127,111,128
5,82,127,121,128
1,83,127,52,128
1,84,127,26,128
1,85,127,14,128
1,86,127,71,128
1,87,127,1,128
1,88,127,74,128
1,89,127,72,128
1,90,127,28,128
1,91,127,76,128
1,92,127,66,128
1,93,127,77,128
1,94,127,61,128
1,95,127,67,128
1,96,127,73,128
1,97,127,24,128
1,98,127,68,128
1,99,127,29,128
1,100,127,79,128
1,101,127,80,128
1,102,127,83,128
1,103,127,63,128
1,104,127,2,128
1,105,127,13,128
1,106,127,78,128
1,107,127,82,128
1,108,127,25,128
1,109,127,11,128
1,110,127,81,128
1,111,127,21,128
1,112,127,10,128
1,113,127,15,128
1,114,127,62,128
1,115,127,69,128
1,116,127,65,128
1,117,127,20,128
1,118,127,75,128
1,119,127,3,128
1,120,127,70,128
1,121,127,7,128
1,122,127,8,128
1,123,127,12,128
1,124,127,23,128
1,125,127,30,128
1,126,127,18,128
1,127,127,22,128
1,128,127,4,128
1,129,127,17,128
1,1,128,108,103
1,2,128,92,103
1,3,128,88,103
1,4,128,96,103
1,5,128,84,103
1,6,128,105,103
1,7,128,94,103
1,8,128,89,103
1,9,128,95,103
1,10,128,91,103
1,11,128,99,103
1,12,128,87,103
1,13,128,107,103
1,14,128,97,103
1,15,128,102,103
1,16,128,86,103
1,17,128,98,103
1,18,128,93,103
1,19,128,90,103
1,20,128,104,103
1,21,128,100,103
1,22,128,109,103
1,23,128,106,103
1,24,128,101,103
1,25,128,85,103
1,26,128,45,103
1,27,128,42,103
1,28,128,43,103
1,29,128,39,103
1,30,128,34,103
1,31,128,55,103
1,32,128,49,103
1,33,128,103,103
1,34,128,54,103
1,35,128,46,103
1,36,128,60,103
1,37,128,48,103
1,38,128,41,103
1,39,128,50,103
1,40,128,35,103
1,41,128,40,103
1,42,128,117,103
1,43,128,38,103
1,44,128,37,103
1,45,128,115,103
1,46,128,44,103
1,47,128,32,103
1,48,128,120,103
1,49,128,57,103
1,50,128,125,103
1,51,128,27,103
1,52,128,119,103
1,53,128,116,103
1,54,128,123,103
1,55,128,110,103
1,56,128,58,103
1,57,128,33,103
1,58,128,36,103
1,59,128,53,103
1,60,128,19,103
1,61,128,31,103
1,62,128,122,103
1,63,128,124,103
1,64,128,127,103
1,65,128,51,103
1,66,128,59,103
1,67,128,47,103
1,68,128,112,103
1,69,128,113,103
1,70,128,128,103
1,71,128,6,103
1,72,128,9,103
1,73,128,129,103
1,74,128,56,103
1,75,128,64,103
1,76,128,126,103
1,77,128,5,103
1,78,128,114,103
1,79,128,16,103
5,80,128,118,103
5,81,128,111,103
5,82,128,121,103
1,83,128,52,103
1,84,128,26,103
1,85,128,14,103
1,86,128,71,103
1,87,128,1,103
1,88,128,74,103
1,89,128,72,103
1,90,128,28,103
1,91,128,76,103
1,92,128,66,103
1,93,128,77,103
1,94,128,61,103
1,95,128,67,103
1,96,128,73,103
1,97,128,24,103
1,98,128,68,103
1,99,128,29,103
1,100,128,79,103
1,101,128,80,103
1,102,128,83,103
1,103,128,63,103
1,104,128,2,103
1,105,128,13,103
1,106,128,78,103
1,107,128,82,103
1,108,128,25,103
1,109,128,11,103
1,110,128,81,103
1,111,128,21,103
1,112,128,10,103
1,113,128,15,103
1,114,128,62,103
1,115,128,69,103
1,116,128,65,103
1,117,128,20,103
1,118,128,75,103
1,119,128,3,103
1,120,128,70,103
1,121,128,7,103
1,122,128,8,103
1,123,128,12,103
1,124,128,23,103
1,125,128,30,103
1,126,128,18,103
1,127,128,22,103
1,128,128,4,103
1,129,128,17,103
1,1,129,108,91
1,2,129,92,91
1,3,129,88,91
1,4,129,96,91
1,5,129,84,91
1,6,129,105,91
1,7,129,94,91
1,8,129,89,91
1,9,129,95,91
1,10,129,91,91
1,11,129,99,91
1,12,129,87,91
1,13,129,107,91
1,14,129,97,91
1,15,129,102,91
1,16,129,86,91
1,17,129,98,91
1,18,129,93,91
1,19,129,90,91
1,20,129,104,91
1,21,129,100,91
1,22,129,109,91
1,23,129,106,91
1,24,129,101,91
1,25,129,85,91
1,26,129,45,91
1,27,129,42,91
1,28,129,43,91
1,29,129,39,91
1,30,129,34,91
1,31,129,55,91
1,32,129,49,91
1,33,129,103,91
1,34,129,54,91
1,35,129,46,91
1,36,129,60,91
1,37,129,48,91
1,38,129,41,91
1,39,129,50,91
1,40,129,35,91
1,41,129,40,91
1,42,129,117,91
1,43,129,38,91
1,44,129,37,91
1,45,129,115,91
1,46,129,44,91
1,47,129,32,91
1,48,129,120,91
1,49,129,57,91
1,50,129,125,91
1,51,129,27,91
1,52,129,119,91
1,53,129,116,91
1,54,129,123,91
1,55,129,110,91
1,56,129,58,91
1,57,129,33,91
1,58,129,36,91
1,59,129,53,91
1,60,129,19,91
1,61,129,31,91
1,62,129,122,91
1,63,129,124,91
1,64,129,127,91
1,65,129,51,91
1,66,129,59,91
1,67,129,47,91
1,68,129,112,91
1,69,129,113,91
1,70,129,128,91
1,71,129,6,91
1,72,129,9,91
1,73,129,129,91
1,74,129,56,91
1,75,129,64,91
1,76,129,126,91
1,77,129,5,91
1,78,129,114,91
1,79,129,16,91
5,80,129,118,91
5,81,129,111,91
5,82,129,121,91
1,83,129,52,91
1,84,129,26,91
1,85,129,14,91
1,86,129,71,91
1,87,129,1,91
1,88,129,74,91
1,89,129,72,91
1,90,129,28,91
1,91,129,76,91
1,92,129,66,91
1,93,129,77,91
1,94,129,61,91
1,95,129,67,91
1,96,129,73,91
1,97,129,24,91
1,98,129,68,91
1,99,129,29,91
1,100,129,79,91
1,101,129,80,91
1,102,129,83,91
1,103,129,63,91
1,104,129,2,91
1,105,129,13,91
1,106,129,78,91
1,107,129,82,91
1,108,129,25,91
1,109,129,11,91
1,110,129,81,91
1,111,129,21,91
1,112,129,10,91
1,113,129,15,91
1,114,129,62,91
1,115,129,69,91
1,116,129,65,91
1,117,129,20,91
1,118,129,75,91
1,119,129,3,91
1,120,129,70,91
1,121,129,7,91
1,122,129,8,91
1,123,129,12,91
1,124,129,23,91
1,125,129,30,91
1,126,129,18,91
1,127,129,22,91
1,128,129,4,91
1,129,129,17,91
1,1,130,108,22
1,2,130,92,22
1,3,130,88,22
1,4,130,96,22
1,5,130,84,22
1,6,130,105,22
1,7,130,94,22
1,8,130,89,22
1,9,130,95,22
1,10,130,91,22
1,11,130,99,22
1,12,130,87,22
1,13,130,107,22
1,14,130,97,22
1,15,130,102,22
1,16,130,86,22
1,17,130,98,22
1,18,130,93,22
1,19,130,90,22
1,20,130,104,22
1,21,130,100,22
1,22,130,109,22
1,23,130,106,22
1,24,130,101,22
1,25,130,85,22
1,26,130,45,22
1,27,130,42,22
1,28,130,43,22
1,29,130,39,22
1,30,130,34,22
1,31,130,55,22
1,32,130,49,22
1,33,130,103,22
1,34,130,54,22
1,35,130,46,22
1,36,130,60,22
1,37,130,48,22
1,38,130,41,22
1,39,130,50,22
1,40,130,35,22
1,41,130,40,22
1,42,130,117,22
1,43,130,38,22
1,44,130,37,22
1,45,130,115,22
1,46,130,44,22
1,47,130,32,22
1,48,130,120,22
1,49,130,57,22
1,50,130,125,22
1,51,130,27,22
1,52,130,119,22
1,53,130,116,22
1,54,130,123,22
1,55,130,110,22
1,56,130,58,22
1,57,130,33,22
1,58,130,36,22
1,59,130,53,22
1,60,130,19,22
1,61,130,31,22
1,62,130,122,22
1,63,130,124,22
1,64,130,127,22
1,65,130,51,22
1,66,130,59,22
1,67,130,47,22
1,68,130,112,22
1,69,130,113,22
1,70,130,128,22
1,71,130,6,22
1,72,130,9,22
1,73,130,129,22
1,74,130,56,22
1,75,130,64,22
1,76,130,126,22
1,77,130,5,22
1,78,130,114,22
1,79,130,16,22
5,80,130,118,22
5,81,130,111,22
5,82,130,121,22
1,83,130,52,22
1,84,130,26,22
1,85,130,14,22
1,86,130,71,22
1,87,130,1,22
1,88,130,74,22
1,89,130,72,22
1,90,130,28,22
1,91,130,76,22
1,92,130,66,22
1,93,130,77,22
1,94,130,61,22
1,95,130,67,22
1,96,130,73,22
1,97,130,24,22
1,98,130,68,22
1,99,130,29,22
1,100,130,79,22
1,101,130,80,22
1,102,130,83,22
1,103,130,63,22
1,104,130,2,22
1,105,130,13,22
1,106,130,78,22
1,107,130,82,22
1,108,130,25,22
1,109,130,11,22
1,110,130,81,22
1,111,130,21,22
1,112,130,10,22
1,113,130,15,22
1,114,130,62,22
1,115,130,69,22
1,116,130,65,22
1,117,130,20,22
1,118,130,75,22
1,119,130,3,22
1,120,130,70,22
1,121,130,7,22
1,122,130,8,22
1,123,130,12,22
1,124,130,23,22
1,125,130,30,22
1,126,130,18,22
1,127,130,22,22
1,128,130,4,22
1,129,130,17,22
1,1,131,108,146
1,2,131,92,146
1,3,131,88,146
1,4,131,96,146
1,5,131,84,146
1,6,131,105,146
1,7,131,94,146
1,8,131,89,146
1,9,131,95,146
1,10,131,91,146
1,11,131,99,146
1,12,131,87,146
1,13,131,107,146
1,14,131,97,146
1,15,131,102,146
1,16,131,86,146
1,17,131,98,146
1,18,131,93,146
1,19,131,90,146
1,20,131,104,146
1,21,131,100,146
1,22,131,109,146
1,23,131,106,146
1,24,131,101,146
1,25,131,85,146
1,26,131,45,146
1,27,131,42,146
1,28,131,43,146
1,29,131,39,146
1,30,131,34,146
1,31,131,55,146
1,32,131,49,146
1,33,131,103,146
1,34,131,54,146
1,35,131,46,146
1,36,131,60,146
1,37,131,48,146
1,38,131,41,146
1,39,131,50,146
1,40,131,35,146
1,41,131,40,146
1,42,131,117,146
1,43,131,38,146
1,44,131,37,146
1,45,131,115,146
1,46,131,44,146
1,47,131,32,146
1,48,131,120,146
1,49,131,57,146
1,50,131,125,146
1,51,131,27,146
1,52,131,119,146
1,53,131,116,146
1,54,131,123,146
1,55,131,110,146
1,56,131,58,146
1,57,131,33,146
1,58,131,36,146
1,59,131,53,146
1,60,131,19,146
1,61,131,31,146
1,62,131,122,146
1,63,131,124,146
1,64,131,127,146
1,65,131,51,146
1,66,131,59,146
1,67,131,47,146
1,68,131,112,146
1,69,131,113,146
1,70,131,128,146
1,71,131,6,146
1,72,131,9,146
1,73,131,129,146
1,74,131,56,146
1,75,131,64,146
1,76,131,126,146
1,77,131,5,146
1,78,131,114,146
1,79,131,16,146
5,80,131,118,146
5,81,131,111,146
5,82,131,121,146
1,83,131,52,146
1,84,131,26,146
1,85,131,14,146
1,86,131,71,146
1,87,131,1,146
1,88,131,74,146
1,89,131,72,146
1,90,131,28,146
1,91,131,76,146
1,92,131,66,146
1,93,131,77,146
1,94,131,61,146
1,95,131,67,146
1,96,131,73,146
1,97,131,24,146
1,98,131,68,146
1,99,131,29,146
1,100,131,79,146
1,101,131,80,146
1,102,131,83,146
1,103,131,63,146
1,104,131,2,146
1,105,131,13,146
1,106,131,78,146
1,107,131,82,146
1,108,131,25,146
1,109,131,11,146
1,110,131,81,146
1,111,131,21,146
1,112,131,10,146
1,113,131,15,146
1,114,131,62,146
1,115,131,69,146
1,116,131,65,146
1,117,131,20,146
1,118,131,75,146
1,119,131,3,146
1,120,131,70,146
1,121,131,7,146
1,122,131,8,146
1,123,131,12,146
1,124,131,23,146
1,125,131,30,146
1,126,131,18,146
1,127,131,22,146
1,128,131,4,146
1,129,131,17,146
1,1,132,108,195
1,2,132,92,195
1,3,132,88,195
1,4,132,96,195
1,5,132,84,195
1,6,132,105,195
1,7,132,94,195
1,8,132,89,195
1,9,132,95,195
1,10,132,91,195
1,11,132,99,195
1,12,132,87,195
1,13,132,107,195
1,14,132,97,195
1,15,132,102,195
1,16,132,86,195
1,17,132,98,195
1,18,132,93,195
1,19,132,90,195
1,20,132,104,195
1,21,132,100,195
1,22,132,109,195
1,23,132,106,195
1,24,132,101,195
1,25,132,85,195
1,26,132,45,195
1,27,132,42,195
1,28,132,43,195
1,29,132,39,195
1,30,132,34,195
1,31,132,55,195
1,32,132,49,195
1,33,132,103,195
1,34,132,54,195
1,35,132,46,195
1,36,132,60,195
1,37,132,48,195
1,38,132,41,195
1,39,132,50,195
1,40,132,35,195
1,41,132,40,195
1,42,132,117,195
1,43,132,38,195
1,44,132,37,195
1,45,132,115,195
1,46,132,44,195
1,47,132,32,195
1,48,132,120,195
1,49,132,57,195
1,50,132,125,195
1,51,132,27,195
1,52,132,119,195
1,53,132,116,195
1,54,132,123,195
1,55,132,110,195
1,56,132,58,195
1,57,132,33,195
1,58,132,36,195
1,59,132,53,195
1,60,132,19,195
1,61,132,31,195
1,62,132,122,195
1,63,132,124,195
1,64,132,127,195
1,65,132,51,195
1,66,132,59,195
1,67,132,47,195
1,68,132,112,195
1,69,132,113,195
1,70,132,128,195
1,71,132,6,195
1,72,132,9,195
1,73,132,129,195
1,74,132,56,195
1,75,132,64,195
1,76,132,126,195
1,77,132,5,195
1,78,132,114,195
1,79,132,16,195
5,80,132,118,195
5,81,132,111,195
5,82,132,121,195
1,83,132,52,195
1,84,132,26,195
1,85,132,14,195
1,86,132,71,195
1,87,132,1,195
1,88,132,74,195
1,89,132,72,195
1,90,132,28,195
1,91,132,76,195
1,92,132,66,195
1,93,132,77,195
1,94,132,61,195
1,95,132,67,195
1,96,132,73,195
1,97,132,24,195
1,98,132,68,195
1,99,132,29,195
1,100,132,79,195
1,101,132,80,195
1,102,132,83,195
1,103,132,63,195
1,104,132,2,195
1,105,132,13,195
1,106,132,78,195
1,107,132,82,195
1,108,132,25,195
1,109,132,11,195
1,110,132,81,195
1,111,132,21,195
1,112,132,10,195
1,113,132,15,195
1,114,132,62,195
1,115,132,69,195
1,116,132,65,195
1,117,132,20,195
1,118,132,75,195
1,119,132,3,195
1,120,132,70,195
1,121,132,7,195
1,122,132,8,195
1,123,132,12,195
1,124,132,23,195
1,125,132,30,195
1,126,132,18,195
1,127,132,22,195
1,128,132,4,195
1,129,132,17,195
1,1,133,108,123
1,2,133,92,123
1,3,133,88,123
1,4,133,96,123
1,5,133,84,123
1,6,133,105,123
1,7,133,94,123
1,8,133,89,123
1,9,133,95,123
1,10,133,91,123
1,11,133,99,123
1,12,133,87,123
1,13,133,107,123
1,14,133,97,123
1,15,133,102,123
1,16,133,86,123
1,17,133,98,123
1,18,133,93,123
1,19,133,90,123
1,20,133,104,123
1,21,133,100,123
1,22,133,109,123
1,23,133,106,123
1,24,133,101,123
1,25,133,85,123
1,26,133,45,123
1,27,133,42,123
1,28,133,43,123
1,29,133,39,123
1,30,133,34,123
1,31,133,55,123
1,32,133,49,123
1,33,133,103,123
1,34,133,54,123
1,35,133,46,123
1,36,133,60,123
1,37,133,48,123
1,38,133,41,123
1,39,133,50,123
1,40,133,35,123
1,41,133,40,123
1,42,133,117,123
1,43,133,38,123
1,44,133,37,123
1,45,133,115,123
1,46,133,44,123
1,47,133,32,123
1,48,133,120,123
1,49,133,57,123
1,50,133,125,123
1,51,133,27,123
1,52,133,119,123
1,53,133,116,123
1,54,133,123,123
1,55,133,110,123
1,56,133,58,123
1,57,133,33,123
1,58,133,36,123
1,59,133,53,123
1,60,133,19,123
1,61,133,31,123
1,62,133,122,123
1,63,133,124,123
1,64,133,127,123
1,65,133,51,123
1,66,133,59,123
1,67,133,47,123
1,68,133,112,123
1,69,133,113,123
1,70,133,128,123
1,71,133,6,123
1,72,133,9,123
1,73,133,129,123
1,74,133,56,123
1,75,133,64,123
1,76,133,126,123
1,77,133,5,123
1,78,133,114,123
1,79,133,16,123
5,80,133,118,123
5,81,133,111,123
5,82,133,121,123
1,83,133,52,123
1,84,133,26,123
1,85,133,14,123
1,86,133,71,123
1,87,133,1,123
1,88,133,74,123
1,89,133,72,123
1,90,133,28,123
1,91,133,76,123
1,92,133,66,123
1,93,133,77,123
1,94,133,61,123
1,95,133,67,123
1,96,133,73,123
1,97,133,24,123
1,98,133,68,123
1,99,133,29,123
1,100,133,79,123
1,101,133,80,123
1,102,133,83,123
1,103,133,63,123
1,104,133,2,123
1,105,133,13,123
1,106,133,78,123
1,107,133,82,123
1,108,133,25,123
1,109,133,11,123
1,110,133,81,123
1,111,133,21,123
1,112,133,10,123
1,113,133,15,123
1,114,133,62,123
1,115,133,69,123
1,116,133,65,123
1,117,133,20,123
1,118,133,75,123
1,119,133,3,123
1,120,133,70,123
1,121,133,7,123
1,122,133,8,123
1,123,133,12,123
1,124,133,23,123
1,125,133,30,123
1,126,133,18,123
1,127,133,22,123
1,128,133,4,123
1,129,133,17,123
1,1,134,108,188
1,2,134,92,188
1,3,134,88,188
1,4,134,96,188
1,5,134,84,188
1,6,134,105,188
1,7,134,94,188
1,8,134,89,188
1,9,134,95,188
1,10,134,91,188
1,11,134,99,188
1,12,134,87,188
1,13,134,107,188
1,14,134,97,188
1,15,134,102,188
1,16,134,86,188
1,17,134,98,188
1,18,134,93,188
1,19,134,90,188
1,20,134,104,188
1,21,134,100,188
1,22,134,109,188
1,23,134,106,188
1,24,134,101,188
1,25,134,85,188
1,26,134,45,188
1,27,134,42,188
1,28,134,43,188
1,29,134,39,188
1,30,134,34,188
1,31,134,55,188
1,32,134,49,188
1,33,134,103,188
1,34,134,54,188
1,35,134,46,188
1,36,134,60,188
1,37,134,48,188
1,38,134,41,188
1,39,134,50,188
1,40,134,35,188
1,41,134,40,188
1,42,134,117,188
1,43,134,38,188
1,44,134,37,188
1,45,134,115,188
1,46,134,44,188
1,47,134,32,188
1,48,134,120,188
1,49,134,57,188
1,50,134,125,188
1,51,134,27,188
1,52,134,119,188
1,53,134,116,188
1,54,134,123,188
1,55,134,110,188
1,56,134,58,188
1,57,134,33,188
1,58,134,36,188
1,59,134,53,188
1,60,134,19,188
1,61,134,31,188
1,62,134,122,188
1,63,134,124,188
1,64,134,127,188
1,65,134,51,188
1,66,134,59,188
1,67,134,47,188
1,68,134,112,188
1,69,134,113,188
1,70,134,128,188
1,71,134,6,188
1,72,134,9,188
1,73,134,129,188
1,74,134,56,188
1,75,134,64,188
1,76,134,126,188
1,77,134,5,188
1,78,134,114,188
1,79,134,16,188
5,80,134,118,188
5,81,134,111,188
5,82,134,121,188
1,83,134,52,188
1,84,134,26,188
1,85,134,14,188
1,86,134,71,188
1,87,134,1,188
1,88,134,74,188
1,89,134,72,188
1,90,134,28,188
1,91,134,76,188
1,92,134,66,188
1,93,134,77,188
1,94,134,61,188
1,95,134,67,188
1,96,134,73,188
1,97,134,24,188
1,98,134,68,188
1,99,134,29,188
1,100,134,79,188
1,101,134,80,188
1,102,134,83,188
1,103,134,63,188
1,104,134,2,188
1,105,134,13,188
1,106,134,78,188
1,107,134,82,188
1,108,134,25,188
1,109,134,11,188
1,110,134,81,188
1,111,134,21,188
1,112,134,10,188
1,113,134,15,188
1,114,134,62,188
1,115,134,69,188
1,116,134,65,188
1,117,134,20,188
1,118,134,75,188
1,119,134,3,188
1,120,134,70,188
1,121,134,7,188
1,122,134,8,188
1,123,134,12,188
1,124,134,23,188
1,125,134,30,188
1,126,134,18,188
1,127,134,22,188
1,128,134,4,188
1,129,134,17,188
1,1,135,108,221
1,2,135,92,221
1,3,135,88,221
1,4,135,96,221
1,5,135,84,221
1,6,135,105,221
1,7,135,94,221
1,8,135,89,221
1,9,135,95,221
1,10,135,91,221
1,11,135,99,221
1,12,135,87,221
1,13,135,107,221
1,14,135,97,221
1,15,135,102,221
1,16,135,86,221
1,17,135,98,221
1,18,135,93,221
1,19,135,90,221
1,20,135,104,221
1,21,135,100,221
1,22,135,109,221
1,23,135,106,221
1,24,135,101,221
1,25,135,85,221
1,26,135,45,221
1,27,135,42,221
1,28,135,43,221
1,29,135,39,221
1,30,135,34,221
1,31,135,55,221
1,32,135,49,221
1,33,135,103,221
1,34,135,54,221
1,35,135,46,221
1,36,135,60,221
1,37,135,48,221
1,38,135,41,221
1,39,135,50,221
1,40,135,35,221
1,41,135,40,221
1,42,135,117,221
1,43,135,38,221
1,44,135,37,221
1,45,135,115,221
1,46,135,44,221
1,47,135,32,221
1,48,135,120,221
1,49,135,57,221
1,50,135,125,221
1,51,135,27,221
1,52,135,119,221
1,53,135,116,221
1,54,135,123,221
1,55,135,110,221
1,56,135,58,221
1,57,135,33,221
1,58,135,36,221
1,59,135,53,221
1,60,135,19,221
1,61,135,31,221
1,62,135,122,221
1,63,135,124,221
1,64,135,127,221
1,65,135,51,221
1,66,135,59,221
1,67,135,47,221
1,68,135,112,221
1,69,135,113,221
1,70,135,128,221
1,71,135,6,221
1,72,135,9,221
1,73,135,129,221
1,74,135,56,221
1,75,135,64,221
1,76,135,126,221
1,77,135,5,221
1,78,135,114,221
1,79,135,16,221
5,80,135,118,221
5,81,135,111,221
5,82,135,121,221
1,83,135,52,221
1,84,135,26,221
1,85,135,14,221
1,86,135,71,221
1,87,135,1,221
1,88,135,74,221
1,89,135,72,221
1,90,135,28,221
1,91,135,76,221
1,92,135,66,221
1,93,135,77,221
1,94,135,61,221
1,95,135,67,221
1,96,135,73,221
1,97,135,24,221
1,98,135,68,221
1,99,135,29,221
1,100,135,79,221
1,101,135,80,221
1,102,135,83,221
1,103,135,63,221
1,104,135,2,221
1,105,135,13,221
1,106,135,78,221
1,107,135,82,221
1,108,135,25,221
1,109,135,11,221
1,110,135,81,221
1,111,135,21,221
1,112,135,10,221
1,113,135,15,221
1,114,135,62,221
1,115,135,69,221
1,116,135,65,221
1,117,135,20,221
1,118,135,75,221
1,119,135,3,221
1,120,135,70,221
1,121,135,7,221
1,122,135,8,221
1,123,135,12,221
1,124,135,23,221
1,125,135,30,221
1,126,135,18,221
1,127,135,22,221
1,128,135,4,221
1,129,135,17,221
1,1,136,108,167
1,2,136,92,167
1,3,136,88,167
1,4,136,96,167
1,5,136,84,167
1,6,136,105,167
1,7,136,94,167
1,8,136,89,167
1,9,136,95,167
1,10,136,91,167
1,11,136,99,167
1,12,136,87,167
1,13,136,107,167
1,14,136,97,167
1,15,136,102,167
1,16,136,86,167
1,17,136,98,167
1,18,136,93,167
1,19,136,90,167
1,20,136,104,167
1,21,136,100,167
1,22,136,109,167
1,23,136,106,167
1,24,136,101,167
1,25,136,85,167
1,26,136,45,167
1,27,136,42,167
1,28,136,43,167
1,29,136,39,167
1,30,136,34,167
1,31,136,55,167
1,32,136,49,167
1,33,136,103,167
1,34,136,54,167
1,35,136,46,167
1,36,136,60,167
1,37,136,48,167
1,38,136,41,167
1,39,136,50,167
1,40,136,35,167
1,41,136,40,167
1,42,136,117,167
1,43,136,38,167
1,44,136,37,167
1,45,136,115,167
1,46,136,44,167
1,47,136,32,167
1,48,136,120,167
1,49,136,57,167
1,50,136,125,167
1,51,136,27,167
1,52,136,119,167
1,53,136,116,167
1,54,136,123,167
1,55,136,110,167
1,56,136,58,167
1,57,136,33,167
1,58,136,36,167
1,59,136,53,167
1,60,136,19,167
1,61,136,31,167
1,62,136,122,167
1,63,136,124,167
1,64,136,127,167
1,65,136,51,167
1,66,136,59,167
1,67,136,47,167
1,68,136,112,167
1,69,136,113,167
1,70,136,128,167
1,71,136,6,167
1,72,136,9,167
1,73,136,129,167
1,74,136,56,167
1,75,136,64,167
1,76,136,126,167
1,77,136,5,167
1,78,136,114,167
1,79,136,16,167
5,80,136,118,167
5,81,136,111,167
5,82,136,121,167
1,83,136,52,167
1,84,136,26,167
1,85,136,14,167
1,86,136,71,167
1,87,136,1,167
1,88,136,74,167
1,89,136,72,167
1,90,136,28,167
1,91,136,76,167
1,92,136,66,167
1,93,136,77,167
1,94,136,61,167
1,95,136,67,167
1,96,136,73,167
1,97,136,24,167
1,98,136,68,167
1,99,136,29,167
1,100,136,79,167
1,101,136,80,167
1,102,136,83,167
1,103,136,63,167
1,104,136,2,167
1,105,136,13,167
1,106,136,78,167
1,107,136,82,167
1,108,136,25,167
1,109,136,11,167
1,110,136,81,167
1,111,136,21,167
1,112,136,10,167
1,113,136,15,167
1,114,136,62,167
1,115,136,69,167
1,116,136,65,167
1,117,136,20,167
1,118,136,75,167
1,119,136,3,167
1,120,136,70,167
1,121,136,7,167
1,122,136,8,167
1,123,136,12,167
1,124,136,23,167
1,125,136,30,167
1,126,136,18,167
1,127,136,22,167
1,128,136,4,167
1,129,136,17,167
1,1,137,108,186
1,2,137,92,186
1,3,137,88,186
1,4,137,96,186
1,5,137,84,186
1,6,137,105,186
1,7,137,94,186
1,8,137,89,186
1,9,137,95,186
1,10,137,91,186
1,11,137,99,186
1,12,137,87,186
1,13,137,107,186
1,14,137,97,186
1,15,137,102,186
1,16,137,86,186
1,17,137,98,186
1,18,137,93,186
1,19,137,90,186
1,20,137,104,186
1,21,137,100,186
1,22,137,109,186
1,23,137,106,186
1,24,137,101,186
1,25,137,85,186
1,26,137,45,186
1,27,137,42,186
1,28,137,43,186
1,29,137,39,186
1,30,137,34,186
1,31,137,55,186
1,32,137,49,186
1,33,137,103,186
1,34,137,54,186
1,35,137,46,186
1,36,137,60,186
1,37,137,48,186
1,38,137,41,186
1,39,137,50,186
1,40,137,35,186
1,41,137,40,186
1,42,137,117,186
1,43,137,38,186
1,44,137,37,186
1,45,137,115,186
1,46,137,44,186
1,47,137,32,186
1,48,137,120,186
1,49,137,57,186
1,50,137,125,186
1,51,137,27,186
1,52,137,119,186
1,53,137,116,186
1,54,137,123,186
1,55,137,110,186
1,56,137,58,186
1,57,137,33,186
1,58,137,36,186
1,59,137,53,186
1,60,137,19,186
1,61,137,31,186
1,62,137,122,186
1,63,137,124,186
1,64,137,127,186
1,65,137,51,186
1,66,137,59,186
1,67,137,47,186
1,68,137,112,186
1,69,137,113,186
1,70,137,128,186
1,71,137,6,186
1,72,137,9,186
1,73,137,129,186
1,74,137,56,186
1,75,137,64,186
1,76,137,126,186
1,77,137,5,186
1,78,137,114,186
1,79,137,16,186
5,80,137,118,186
5,81,137,111,186
5,82,137,121,186
1,83,137,52,186
1,84,137,26,186
1,85,137,14,186
1,86,137,71,186
1,87,137,1,186
1,88,137,74,186
1,89,137,72,186
1,90,137,28,186
1,91,137,76,186
1,92,137,66,186
1,93,137,77,186
1,94,137,61,186
1,95,137,67,186
1,96,137,73,186
1,97,137,24,186
1,98,137,68,186
1,99,137,29,186
1,100,137,79,186
1,101,137,80,186
1,102,137,83,186
1,103,137,63,186
1,104,137,2,186
1,105,137,13,186
1,106,137,78,186
1,107,137,82,186
1,108,137,25,186
1,109,137,11,186
1,110,137,81,186
1,111,137,21,186
1,112,137,10,186
1,113,137,15,186
1,114,137,62,186
1,115,137,69,186
1,116,137,65,186
1,117,137,20,186
1,118,137,75,186
1,119,137,3,186
1,120,137,70,186
1,121,137,7,186
1,122,137,8,186
1,123,137,12,186
1,124,137,23,186
1,125,137,30,186
1,126,137,18,186
1,127,137,22,186
1,128,137,4,186
1,129,137,17,186
1,1,138,108,225
1,2,138,92,225
1,3,138,88,225
1,4,138,96,225
1,5,138,84,225
1,6,138,105,225
1,7,138,94,225
1,8,138,89,225
1,9,138,95,225
1,10,138,91,225
1,11,138,99,225
1,12,138,87,225
1,13,138,107,225
1,14,138,97,225
1,15,138,102,225
1,16,138,86,225
1,17,138,98,225
1,18,138,93,225
1,19,138,90,225
1,20,138,104,225
1,21,138,100,225
1,22,138,109,225
1,23,138,106,225
1,24,138,101,225
1,25,138,85,225
1,26,138,45,225
1,27,138,42,225
1,28,138,43,225
1,29,138,39,225
1,30,138,34,225
1,31,138,55,225
1,32,138,49,225
1,33,138,103,225
1,34,138,54,225
1,35,138,46,225
1,36,138,60,225
1,37,138,48,225
1,38,138,41,225
1,39,138,50,225
1,40,138,35,225
1,41,138,40,225
1,42,138,117,225
1,43,138,38,225
1,44,138,37,225
1,45,138,115,225
1,46,138,44,225
1,47,138,32,225
1,48,138,120,225
1,49,138,57,225
1,50,138,125,225
1,51,138,27,225
1,52,138,119,225
1,53,138,116,225
1,54,138,123,225
1,55,138,110,225
1,56,138,58,225
1,57,138,33,225
1,58,138,36,225
1,59,138,53,225
1,60,138,19,225
1,61,138,31,225
1,62,138,122,225
1,63,138,124,225
1,64,138,127,225
1,65,138,51,225
1,66,138,59,225
1,67,138,47,225
1,68,138,112,225
1,69,138,113,225
1,70,138,128,225
1,71,138,6,225
1,72,138,9,225
1,73,138,129,225
1,74,138,56,225
1,75,138,64,225
1,76,138,126,225
1,77,138,5,225
1,78,138,114,225
1,79,138,16,225
5,80,138,118,225
5,81,138,111,225
5,82,138,121,225
1,83,138,52,225
1,84,138,26,225
1,85,138,14,225
1,86,138,71,225
1,87,138,1,225
1,88,138,74,225
1,89,138,72,225
1,90,138,28,225
1,91,138,76,225
1,92,138,66,225
1,93,138,77,225
1,94,138,61,225
1,95,138,67,225
1,96,138,73,225
1,97,138,24,225
1,98,138,68,225
1,99,138,29,225
1,100,138,79,225
1,101,138,80,225
1,102,138,83,225
1,103,138,63,225
1,104,138,2,225
1,105,138,13,225
1,106,138,78,225
1,107,138,82,225
1,108,138,25,225
1,109,138,11,225
1,110,138,81,225
1,111,138,21,225
1,112,138,10,225
1,113,138,15,225
1,114,138,62,225
1,115,138,69,225
1,116,138,65,225
1,117,138,20,225
1,118,138,75,225
1,119,138,3,225
1,120,138,70,225
1,121,138,7,225
1,122,138,8,225
1,123,138,12,225
1,124,138,23,225
1,125,138,30,225
1,126,138,18,225
1,127,138,22,225
1,128,138,4,225
1,129,138,17,225
1,1,139,108,113
1,2,139,92,113
1,3,139,88,113
1,4,139,96,113
1,5,139,84,113
1,6,139,105,113
1,7,139,94,113
1,8,139,89,113
1,9,139,95,113
1,10,139,91,113
1,11,139,99,113
1,12,139,87,113
1,13,139,107,113
1,14,139,97,113
1,15,139,102,113
1,16,139,86,113
1,17,139,98,113
1,18,139,93,113
1,19,139,90,113
1,20,139,104,113
1,21,139,100,113
1,22,139,109,113
1,23,139,106,113
1,24,139,101,113
1,25,139,85,113
1,26,139,45,113
1,27,139,42,113
1,28,139,43,113
1,29,139,39,113
1,30,139,34,113
1,31,139,55,113
1,32,139,49,113
1,33,139,103,113
1,34,139,54,113
1,35,139,46,113
1,36,139,60,113
1,37,139,48,113
1,38,139,41,113
1,39,139,50,113
1,40,139,35,113
1,41,139,40,113
1,42,139,117,113
1,43,139,38,113
1,44,139,37,113
1,45,139,115,113
1,46,139,44,113
1,47,139,32,113
1,48,139,120,113
1,49,139,57,113
1,50,139,125,113
1,51,139,27,113
1,52,139,119,113
1,53,139,116,113
1,54,139,123,113
1,55,139,110,113
1,56,139,58,113
1,57,139,33,113
1,58,139,36,113
1,59,139,53,113
1,60,139,19,113
1,61,139,31,113
1,62,139,122,113
1,63,139,124,113
1,64,139,127,113
1,65,139,51,113
1,66,139,59,113
1,67,139,47,113
1,68,139,112,113
1,69,139,113,113
1,70,139,128,113
1,71,139,6,113
1,72,139,9,113
1,73,139,129,113
1,74,139,56,113
1,75,139,64,113
1,76,139,126,113
1,77,139,5,113
1,78,139,114,113
1,79,139,16,113
5,80,139,118,113
5,81,139,111,113
5,82,139,121,113
1,83,139,52,113
1,84,139,26,113
1,85,139,14,113
1,86,139,71,113
1,87,139,1,113
1,88,139,74,113
1,89,139,72,113
1,90,139,28,113
1,91,139,76,113
1,92,139,66,113
1,93,139,77,113
1,94,139,61,113
1,95,139,67,113
1,96,139,73,113
1,97,139,24,113
1,98,139,68,113
1,99,139,29,113
1,100,139,79,113
1,101,139,80,113
1,102,139,83,113
1,103,139,63,113
1,104,139,2,113
1,105,139,13,113
1,106,139,78,113
1,107,139,82,113
1,108,139,25,113
1,109,139,11,113
1,110,139,81,113
1,111,139,21,113
1,112,139,10,113
1,113,139,15,113
1,114,139,62,113
1,115,139,69,113
1,116,139,65,113
1,117,139,20,113
1,118,139,75,113
1,119,139,3,113
1,120,139,70,113
1,121,139,7,113
1,122,139,8,113
1,123,139,12,113
1,124,139,23,113
1,125,139,30,113
1,126,139,18,113
1,127,139,22,113
1,128,139,4,113
1,129,139,17,113
1,1,140,108,142
1,2,140,92,142
1,3,140,88,142
1,4,140,96,142
1,5,140,84,142
1,6,140,105,142
1,7,140,94,142
1,8,140,89,142
1,9,140,95,142
1,10,140,91,142
1,11,140,99,142
1,12,140,87,142
1,13,140,107,142
1,14,140,97,142
1,15,140,102,142
1,16,140,86,142
1,17,140,98,142
1,18,140,93,142
1,19,140,90,142
1,20,140,104,142
1,21,140,100,142
1,22,140,109,142
1,23,140,106,142
1,24,140,101,142
1,25,140,85,142
1,26,140,45,142
1,27,140,42,142
1,28,140,43,142
1,29,140,39,142
1,30,140,34,142
1,31,140,55,142
1,32,140,49,142
1,33,140,103,142
1,34,140,54,142
1,35,140,46,142
1,36,140,60,142
1,37,140,48,142
1,38,140,41,142
1,39,140,50,142
1,40,140,35,142
1,41,140,40,142
1,42,140,117,142
1,43,140,38,142
1,44,140,37,142
1,45,140,115,142
1,46,140,44,142
1,47,140,32,142
1,48,140,120,142
1,49,140,57,142
1,50,140,125,142
1,51,140,27,142
1,52,140,119,142
1,53,140,116,142
1,54,140,123,142
1,55,140,110,142
1,56,140,58,142
1,57,140,33,142
1,58,140,36,142
1,59,140,53,142
1,60,140,19,142
1,61,140,31,142
1,62,140,122,142
1,63,140,124,142
1,64,140,127,142
1,65,140,51,142
1,66,140,59,142
1,67,140,47,142
1,68,140,112,142
1,69,140,113,142
1,70,140,128,142
1,71,140,6,142
1,72,140,9,142
1,73,140,129,142
1,74,140,56,142
1,75,140,64,142
1,76,140,126,142
1,77,140,5,142
1,78,140,114,142
1,79,140,16,142
5,80,140,118,142
5,81,140,111,142
5,82,140,121,142
1,83,140,52,142
1,84,140,26,142
1,85,140,14,142
1,86,140,71,142
1,87,140,1,142
1,88,140,74,142
1,89,140,72,142
1,90,140,28,142
1,91,140,76,142
1,92,140,66,142
1,93,140,77,142
1,94,140,61,142
1,95,140,67,142
1,96,140,73,142
1,97,140,24,142
1,98,140,68,142
1,99,140,29,142
1,100,140,79,142
1,101,140,80,142
1,102,140,83,142
1,103,140,63,142
1,104,140,2,142
1,105,140,13,142
1,106,140,78,142
1,107,140,82,142
1,108,140,25,142
1,109,140,11,142
1,110,140,81,142
1,111,140,21,142
1,112,140,10,142
1,113,140,15,142
1,114,140,62,142
1,115,140,69,142
1,116,140,65,142
1,117,140,20,142
1,118,140,75,142
1,119,140,3,142
1,120,140,70,142
1,121,140,7,142
1,122,140,8,142
1,123,140,12,142
1,124,140,23,142
1,125,140,30,142
1,126,140,18,142
1,127,140,22,142
1,128,140,4,142
1,129,140,17,142
1,1,141,108,18
1,2,141,92,18
1,3,141,88,18
1,4,141,96,18
1,5,141,84,18
1,6,141,105,18
1,7,141,94,18
1,8,141,89,18
1,9,141,95,18
1,10,141,91,18
1,11,141,99,18
1,12,141,87,18
1,13,141,107,18
1,14,141,97,18
1,15,141,102,18
1,16,141,86,18
1,17,141,98,18
1,18,141,93,18
1,19,141,90,18
1,20,141,104,18
1,21,141,100,18
1,22,141,109,18
1,23,141,106,18
1,24,141,101,18
1,25,141,85,18
1,26,141,45,18
1,27,141,42,18
1,28,141,43,18
1,29,141,39,18
1,30,141,34,18
1,31,141,55,18
1,32,141,49,18
1,33,141,103,18
1,34,141,54,18
1,35,141,46,18
1,36,141,60,18
1,37,141,48,18
1,38,141,41,18
1,39,141,50,18
1,40,141,35,18
1,41,141,40,18
1,42,141,117,18
1,43,141,38,18
1,44,141,37,18
1,45,141,115,18
1,46,141,44,18
1,47,141,32,18
1,48,141,120,18
1,49,141,57,18
1,50,141,125,18
1,51,141,27,18
1,52,141,119,18
1,53,141,116,18
1,54,141,123,18
1,55,141,110,18
1,56,141,58,18
1,57,141,33,18
1,58,141,36,18
1,59,141,53,18
1,60,141,19,18
1,61,141,31,18
1,62,141,122,18
1,63,141,124,18
1,64,141,127,18
1,65,141,51,18
1,66,141,59,18
1,67,141,47,18
1,68,141,112,18
1,69,141,113,18
1,70,141,128,18
1,71,141,6,18
1,72,141,9,18
1,73,141,129,18
1,74,141,56,18
1,75,141,64,18
1,76,141,126,18
1,77,141,5,18
1,78,141,114,18
1,79,141,16,18
5,80,141,118,18
5,81,141,111,18
5,82,141,121,18
1,83,141,52,18
1,84,141,26,18
1,85,141,14,18
1,86,141,71,18
1,87,141,1,18
1,88,141,74,18
1,89,141,72,18
1,90,141,28,18
1,91,141,76,18
1,92,141,66,18
1,93,141,77,18
1,94,141,61,18
1,95,141,67,18
1,96,141,73,18
1,97,141,24,18
1,98,141,68,18
1,99,141,29,18
1,100,141,79,18
1,101,141,80,18
1,102,141,83,18
1,103,141,63,18
1,104,141,2,18
1,105,141,13,18
1,106,141,78,18
1,107,141,82,18
1,108,141,25,18
1,109,141,11,18
1,110,141,81,18
1,111,141,21,18
1,112,141,10,18
1,113,141,15,18
1,114,141,62,18
1,115,141,69,18
1,116,141,65,18
1,117,141,20,18
1,118,141,75,18
1,119,141,3,18
1,120,141,70,18
1,121,141,7,18
1,122,141,8,18
1,123,141,12,18
1,124,141,23,18
1,125,141,30,18
1,126,141,18,18
1,127,141,22,18
1,128,141,4,18
1,129,141,17,18
1,1,142,108,31
1,2,142,92,31
1,3,142,88,31
1,4,142,96,31
1,5,142,84,31
1,6,142,105,31
1,7,142,94,31
1,8,142,89,31
1,9,142,95,31
1,10,142,91,31
1,11,142,99,31
1,12,142,87,31
1,13,142,107,31
1,14,142,97,31
1,15,142,102,31
1,16,142,86,31
1,17,142,98,31
1,18,142,93,31
1,19,142,90,31
1,20,142,104,31
1,21,142,100,31
1,22,142,109,31
1,23,142,106,31
1,24,142,101,31
1,25,142,85,31
1,26,142,45,31
1,27,142,42,31
1,28,142,43,31
1,29,142,39,31
1,30,142,34,31
1,31,142,55,31
1,32,142,49,31
1,33,142,103,31
1,34,142,54,31
1,35,142,46,31
1,36,142,60,31
1,37,142,48,31
1,38,142,41,31
1,39,142,50,31
1,40,142,35,31
1,41,142,40,31
1,42,142,117,31
1,43,142,38,31
1,44,142,37,31
1,45,142,115,31
1,46,142,44,31
1,47,142,32,31
1,48,142,120,31
1,49,142,57,31
1,50,142,125,31
1,51,142,27,31
1,52,142,119,31
1,53,142,116,31
1,54,142,123,31
1,55,142,110,31
1,56,142,58,31
1,57,142,33,31
1,58,142,36,31
1,59,142,53,31
1,60,142,19,31
1,61,142,31,31
1,62,142,122,31
1,63,142,124,31
1,64,142,127,31
1,65,142,51,31
1,66,142,59,31
1,67,142,47,31
1,68,142,112,31
1,69,142,113,31
1,70,142,128,31
1,71,142,6,31
1,72,142,9,31
1,73,142,129,31
1,74,142,56,31
1,75,142,64,31
1,76,142,126,31
1,77,142,5,31
1,78,142,114,31
1,79,142,16,31
5,80,142,118,31
5,81,142,111,31
5,82,142,121,31
1,83,142,52,31
1,84,142,26,31
1,85,142,14,31
1,86,142,71,31
1,87,142,1,31
1,88,142,74,31
1,89,142,72,31
1,90,142,28,31
1,91,142,76,31
1,92,142,66,31
1,93,142,77,31
1,94,142,61,31
1,95,142,67,31
1,96,142,73,31
1,97,142,24,31
1,98,142,68,31
1,99,142,29,31
1,100,142,79,31
1,101,142,80,31
1,102,142,83,31
1,103,142,63,31
1,104,142,2,31
1,105,142,13,31
1,106,142,78,31
1,107,142,82,31
1,108,142,25,31
1,109,142,11,31
1,110,142,81,31
1,111,142,21,31
1,112,142,10,31
1,113,142,15,31
1,114,142,62,31
1,115,142,69,31
1,116,142,65,31
1,117,142,20,31
1,118,142,75,31
1,119,142,3,31
1,120,142,70,31
1,121,142,7,31
1,122,142,8,31
1,123,142,12,31
1,124,142,23,31
1,125,142,30,31
1,126,142,18,31
1,127,142,22,31
1,128,142,4,31
1,129,142,17,31
1,1,143,108,131
1,2,143,92,131
1,3,143,88,131
1,4,143,96,131
1,5,143,84,131
1,6,143,105,131
1,7,143,94,131
1,8,143,89,131
1,9,143,95,131
1,10,143,91,131
1,11,143,99,131
1,12,143,87,131
1,13,143,107,131
1,14,143,97,131
1,15,143,102,131
1,16,143,86,131
1,17,143,98,131
1,18,143,93,131
1,19,143,90,131
1,20,143,104,131
1,21,143,100,131
1,22,143,109,131
1,23,143,106,131
1,24,143,101,131
1,25,143,85,131
1,26,143,45,131
1,27,143,42,131
1,28,143,43,131
1,29,143,39,131
1,30,143,34,131
1,31,143,55,131
1,32,143,49,131
1,33,143,103,131
1,34,143,54,131
1,35,143,46,131
1,36,143,60,131
1,37,143,48,131
1,38,143,41,131
1,39,143,50,131
1,40,143,35,131
1,41,143,40,131
1,42,143,117,131
1,43,143,38,131
1,44,143,37,131
1,45,143,115,131
1,46,143,44,131
1,47,143,32,131
1,48,143,120,131
1,49,143,57,131
1,50,143,125,131
1,51,143,27,131
1,52,143,119,131
1,53,143,116,131
1,54,143,123,131
1,55,143,110,131
1,56,143,58,131
1,57,143,33,131
1,58,143,36,131
1,59,143,53,131
1,60,143,19,131
1,61,143,31,131
1,62,143,122,131
1,63,143,124,131
1,64,143,127,131
1,65,143,51,131
1,66,143,59,131
1,67,143,47,131
1,68,143,112,131
1,69,143,113,131
1,70,143,128,131
1,71,143,6,131
1,72,143,9,131
1,73,143,129,131
1,74,143,56,131
1,75,143,64,131
1,76,143,126,131
1,77,143,5,131
1,78,143,114,131
1,79,143,16,131
5,80,143,118,131
5,81,143,111,131
5,82,143,121,131
1,83,143,52,131
1,84,143,26,131
1,85,143,14,131
1,86,143,71,131
1,87,143,1,131
1,88,143,74,131
1,89,143,72,131
1,90,143,28,131
1,91,143,76,131
1,92,143,66,131
1,93,143,77,131
1,94,143,61,131
1,95,143,67,131
1,96,143,73,131
1,97,143,24,131
1,98,143,68,131
1,99,143,29,131
1,100,143,79,131
1,101,143,80,131
1,102,143,83,131
1,103,143,63,131
1,104,143,2,131
1,105,143,13,131
1,106,143,78,131
1,107,143,82,131
1,108,143,25,131
1,109,143,11,131
1,110,143,81,131
1,111,143,21,131
1,112,143,10,131
1,113,143,15,131
1,114,143,62,131
1,115,143,69,131
1,116,143,65,131
1,117,143,20,131
1,118,143,75,131
1,119,143,3,131
1,120,143,70,131
1,121,143,7,131
1,122,143,8,131
1,123,143,12,131
1,124,143,23,131
1,125,143,30,131
1,126,143,18,131
1,127,143,22,131
1,128,143,4,131
1,129,143,17,131
1,1,144,108,163
1,2,144,92,163
1,3,144,88,163
1,4,144,96,163
1,5,144,84,163
1,6,144,105,163
1,7,144,94,163
1,8,144,89,163
1,9,144,95,163
1,10,144,91,163
1,11,144,99,163
1,12,144,87,163
1,13,144,107,163
1,14,144,97,163
1,15,144,102,163
1,16,144,86,163
1,17,144,98,163
1,18,144,93,163
1,19,144,90,163
1,20,144,104,163
1,21,144,100,163
1,22,144,109,163
1,23,144,106,163
1,24,144,101,163
1,25,144,85,163
1,26,144,45,163
1,27,144,42,163
1,28,144,43,163
1,29,144,39,163
1,30,144,34,163
1,31,144,55,163
1,32,144,49,163
1,33,144,103,163
1,34,144,54,163
1,35,144,46,163
1,36,144,60,163
1,37,144,48,163
1,38,144,41,163
1,39,144,50,163
1,40,144,35,163
1,41,144,40,163
1,42,144,117,163
1,43,144,38,163
1,44,144,37,163
1,45,144,115,163
1,46,144,44,163
1,47,144,32,163
1,48,144,120,163
1,49,144,57,163
1,50,144,125,163
1,51,144,27,163
1,52,144,119,163
1,53,144,116,163
1,54,144,123,163
1,55,144,110,163
1,56,144,58,163
1,57,144,33,163
1,58,144,36,163
1,59,144,53,163
1,60,144,19,163
1,61,144,31,163
1,62,144,122,163
1,63,144,124,163
1,64,144,127,163
1,65,144,51,163
1,66,144,59,163
1,67,144,47,163
1,68,144,112,163
1,69,144,113,163
1,70,144,128,163
1,71,144,6,163
1,72,144,9,163
1,73,144,129,163
1,74,144,56,163
1,75,144,64,163
1,76,144,126,163
1,77,144,5,163
1,78,144,114,163
1,79,144,16,163
5,80,144,118,163
5,81,144,111,163
5,82,144,121,163
1,83,144,52,163
1,84,144,26,163
1,85,144,14,163
1,86,144,71,163
1,87,144,1,163
1,88,144,74,163
1,89,144,72,163
1,90,144,28,163
1,91,144,76,163
1,92,144,66,163
1,93,144,77,163
1,94,144,61,163
1,95,144,67,163
1,96,144,73,163
1,97,144,24,163
1,98,144,68,163
1,99,144,29,163
1,100,144,79,163
1,101,144,80,163
1,102,144,83,163
1,103,144,63,163
1,104,144,2,163
1,105,144,13,163
1,106,144,78,163
1,107,144,82,163
1,108,144,25,163
1,109,144,11,163
1,110,144,81,163
1,111,144,21,163
1,112,144,10,163
1,113,144,15,163
1,114,144,62,163
1,115,144,69,163
1,116,144,65,163
1,117,144,20,163
1,118,144,75,163
1,119,144,3,163
1,120,144,70,163
1,121,144,7,163
1,122,144,8,163
1,123,144,12,163
1,124,144,23,163
1,125,144,30,163
1,126,144,18,163
1,127,144,22,163
1,128,144,4,163
1,129,144,17,163
1,1,145,108,135
1,2,145,92,135
1,3,145,88,135
1,4,145,96,135
1,5,145,84,135
1,6,145,105,135
1,7,145,94,135
1,8,145,89,135
1,9,145,95,135
1,10,145,91,135
1,11,145,99,135
1,12,145,87,135
1,13,145,107,135
1,14,145,97,135
1,15,145,102,135
1,16,145,86,135
1,17,145,98,135
1,18,145,93,135
1,19,145,90,135
1,20,145,104,135
1,21,145,100,135
1,22,145,109,135
1,23,145,106,135
1,24,145,101,135
1,25,145,85,135
1,26,145,45,135
1,27,145,42,135
1,28,145,43,135
1,29,145,39,135
1,30,145,34,135
1,31,145,55,135
1,32,145,49,135
1,33,145,103,135
1,34,145,54,135
1,35,145,46,135
1,36,145,60,135
1,37,145,48,135
1,38,145,41,135
1,39,145,50,135
1,40,145,35,135
1,41,145,40,135
1,42,145,117,135
1,43,145,38,135
1,44,145,37,135
1,45,145,115,135
1,46,145,44,135
1,47,145,32,135
1,48,145,120,135
1,49,145,57,135
1,50,145,125,135
1,51,145,27,135
1,52,145,119,135
1,53,145,116,135
1,54,145,123,135
1,55,145,110,135
1,56,145,58,135
1,57,145,33,135
1,58,145,36,135
1,59,145,53,135
1,60,145,19,135
1,61,145,31,135
1,62,145,122,135
1,63,145,124,135
1,64,145,127,135
1,65,145,51,135
1,66,145,59,135
1,67,145,47,135
1,68,145,112,135
1,69,145,113,135
1,70,145,128,135
1,71,145,6,135
1,72,145,9,135
1,73,145,129,135
1,74,145,56,135
1,75,145,64,135
1,76,145,126,135
1,77,145,5,135
1,78,145,114,135
1,79,145,16,135
5,80,145,118,135
5,81,145,111,135
5,82,145,121,135
1,83,145,52,135
1,84,145,26,135
1,85,145,14,135
1,86,145,71,135
1,87,145,1,135
1,88,145,74,135
1,89,145,72,135
1,90,145,28,135
1,91,145,76,135
1,92,145,66,135
1,93,145,77,135
1,94,145,61,135
1,95,145,67,135
1,96,145,73,135
1,97,145,24,135
1,98,145,68,135
1,99,145,29,135
1,100,145,79,135
1,101,145,80,135
1,102,145,83,135
1,103,145,63,135
1,104,145,2,135
1,105,145,13,135
1,106,145,78,135
1,107,145,82,135
1,108,145,25,135
1,109,145,11,135
1,110,145,81,135
1,111,145,21,135
1,112,145,10,135
1,113,145,15,135
1,114,145,62,135
1,115,145,69,135
1,116,145,65,135
1,117,145,20,135
1,118,145,75,135
1,119,145,3,135
1,120,145,70,135
1,121,145,7,135
1,122,145,8,135
1,123,145,12,135
1,124,145,23,135
1,125,145,30,135
1,126,145,18,135
1,127,145,22,135
1,128,145,4,135
1,129,145,17,135
1,1,146,108,9
1,2,146,92,9
1,3,146,88,9
1,4,146,96,9
1,5,146,84,9
1,6,146,105,9
1,7,146,94,9
1,8,146,89,9
1,9,146,95,9
1,10,146,91,9
1,11,146,99,9
1,12,146,87,9
1,13,146,107,9
1,14,146,97,9
1,15,146,102,9
1,16,146,86,9
1,17,146,98,9
1,18,146,93,9
1,19,146,90,9
1,20,146,104,9
1,21,146,100,9
1,22,146,109,9
1,23,146,106,9
1,24,146,101,9
1,25,146,85,9
1,26,146,45,9
1,27,146,42,9
1,28,146,43,9
1,29,146,39,9
1,30,146,34,9
1,31,146,55,9
1,32,146,49,9
1,33,146,103,9
1,34,146,54,9
1,35,146,46,9
1,36,146,60,9
1,37,146,48,9
1,38,146,41,9
1,39,146,50,9
1,40,146,35,9
1,41,146,40,9
1,42,146,117,9
1,43,146,38,9
1,44,146,37,9
15,45,146,115,9
15,46,146,44,9
15,47,146,32,9
15,48,146,120,9
15,49,146,57,9
15,50,146,125,9
15,51,146,27,9
15,52,146,119,9
15,53,146,116,9
15,54,146,123,9
15,55,146,110,9
15,56,146,58,9
15,57,146,33,9
15,58,146,36,9
15,59,146,53,9
15,60,146,19,9
15,61,146,31,9
1,62,146,122,9
1,63,146,124,9
1,64,146,127,9
1,65,146,51,9
1,66,146,59,9
1,67,146,47,9
1,68,146,112,9
1,69,146,113,9
1,70,146,128,9
1,71,146,6,9
1,72,146,9,9
1,73,146,129,9
1,74,146,56,9
1,75,146,64,9
1,76,146,126,9
1,77,146,5,9
1,78,146,114,9
1,79,146,16,9
5,80,146,118,9
5,81,146,111,9
5,82,146,121,9
1,83,146,52,9
1,84,146,26,9
1,85,146,14,9
1,86,146,71,9
1,87,146,1,9
1,88,146,74,9
1,89,146,72,9
1,90,146,28,9
1,91,146,76,9
1,92,146,66,9
1,93,146,77,9
1,94,146,61,9
1,95,146,67,9
1,96,146,73,9
1,97,146,24,9
1,98,146,68,9
1,99,146,29,9
1,100,146,79,9
1,101,146,80,9
1,102,146,83,9
1,103,146,63,9
1,104,146,2,9
1,105,146,13,9
1,106,146,78,9
1,107,146,82,9
1,108,146,25,9
1,109,146,11,9
1,110,146,81,9
1,111,146,21,9
1,112,146,10,9
1,113,146,15,9
1,114,146,62,9
1,115,146,69,9
1,116,146,65,9
1,117,146,20,9
1,118,146,75,9
1,119,146,3,9
1,120,146,70,9
1,121,146,7,9
1,122,146,8,9
1,123,146,12,9
1,124,146,23,9
1,125,146,30,9
1,126,146,18,9
1,127,146,22,9
1,128,146,4,9
1,129,146,17,9
1,1,147,108,79
1,2,147,92,79
1,3,147,88,79
1,4,147,96,79
1,5,147,84,79
1,6,147,105,79
1,7,147,94,79
1,8,147,89,79
1,9,147,95,79
1,10,147,91,79
1,11,147,99,79
1,12,147,87,79
1,13,147,107,79
1,14,147,97,79
1,15,147,102,79
1,16,147,86,79
1,17,147,98,79
1,18,147,93,79
1,19,147,90,79
1,20,147,104,79
1,21,147,100,79
1,22,147,109,79
1,23,147,106,79
1,24,147,101,79
1,25,147,85,79
1,26,147,45,79
1,27,147,42,79
1,28,147,43,79
1,29,147,39,79
1,30,147,34,79
1,31,147,55,79
1,32,147,49,79
1,33,147,103,79
1,34,147,54,79
1,35,147,46,79
1,36,147,60,79
1,37,147,48,79
1,38,147,41,79
1,39,147,50,79
1,40,147,35,79
1,41,147,40,79
1,42,147,117,79
1,43,147,38,79
1,44,147,37,79
1,45,147,115,79
1,46,147,44,79
1,47,147,32,79
1,48,147,120,79
1,49,147,57,79
1,50,147,125,79
1,51,147,27,79
1,52,147,119,79
1,53,147,116,79
1,54,147,123,79
1,55,147,110,79
1,56,147,58,79
1,57,147,33,79
1,58,147,36,79
1,59,147,53,79
1,60,147,19,79
1,61,147,31,79
1,62,147,122,79
1,63,147,124,79
1,64,147,127,79
1,65,147,51,79
1,66,147,59,79
1,67,147,47,79
1,68,147,112,79
1,69,147,113,79
1,70,147,128,79
1,71,147,6,79
1,72,147,9,79
1,73,147,129,79
1,74,147,56,79
1,75,147,64,79
1,76,147,126,79
1,77,147,5,79
1,78,147,114,79
1,79,147,16,79
5,80,147,118,79
5,81,147,111,79
5,82,147,121,79
1,83,147,52,79
1,84,147,26,79
1,85,147,14,79
1,86,147,71,79
1,87,147,1,79
1,88,147,74,79
1,89,147,72,79
1,90,147,28,79
1,91,147,76,79
1,92,147,66,79
1,93,147,77,79
1,94,147,61,79
1,95,147,67,79
1,96,147,73,79
1,97,147,24,79
1,98,147,68,79
1,99,147,29,79
1,100,147,79,79
1,101,147,80,79
1,102,147,83,79
1,103,147,63,79
1,104,147,2,79
1,105,147,13,79
1,106,147,78,79
1,107,147,82,79
1,108,147,25,79
1,109,147,11,79
1,110,147,81,79
1,111,147,21,79
1,112,147,10,79
1,113,147,15,79
1,114,147,62,79
1,115,147,69,79
1,116,147,65,79
1,117,147,20,79
1,118,147,75,79
1,119,147,3,79
1,120,147,70,79
1,121,147,7,79
1,122,147,8,79
1,123,147,12,79
1,124,147,23,79
1,125,147,30,79
1,126,147,18,79
1,127,147,22,79
1,128,147,4,79
1,129,147,17,79
1,1,148,108,62
1,2,148,92,62
1,3,148,88,62
1,4,148,96,62
1,5,148,84,62
1,6,148,105,62
1,7,148,94,62
1,8,148,89,62
1,9,148,95,62
1,10,148,91,62
1,11,148,99,62
1,12,148,87,62
1,13,148,107,62
1,14,148,97,62
1,15,148,102,62
1,16,148,86,62
1,17,148,98,62
1,18,148,93,62
1,19,148,90,62
1,20,148,104,62
1,21,148,100,62
1,22,148,109,62
1,23,148,106,62
1,24,148,101,62
1,25,148,85,62
1,26,148,45,62
1,27,148,42,62
1,28,148,43,62
1,29,148,39,62
1,30,148,34,62
1,31,148,55,62
1,32,148,49,62
1,33,148,103,62
1,34,148,54,62
1,35,148,46,62
1,36,148,60,62
1,37,148,48,62
1,38,148,41,62
1,39,148,50,62
1,40,148,35,62
1,41,148,40,62
1,42,148,117,62
1,43,148,38,62
1,44,148,37,62
1,45,148,115,62
1,46,148,44,62
1,47,148,32,62
1,48,148,120,62
1,49,148,57,62
1,50,148,125,62
1,51,148,27,62
1,52,148,119,62
1,53,148,116,62
1,54,148,123,62
1,55,148,110,62
1,56,148,58,62
1,57,148,33,62
1,58,148,36,62
1,59,148,53,62
1,60,148,19,62
1,61,148,31,62
1,62,148,122,62
1,63,148,124,62
1,64,148,127,62
1,65,148,51,62
1,66,148,59,62
1,67,148,47,62
1,68,148,112,62
1,69,148,113,62
1,70,148,128,62
1,71,148,6,62
1,72,148,9,62
1,73,148,129,62
1,74,148,56,62
1,75,148,64,62
1,76,148,126,62
1,77,148,5,62
1,78,148,114,62
1,79,148,16,62
5,80,148,118,62
5,81,148,111,62
5,82,148,121,62
1,83,148,52,62
1,84,148,26,62
1,85,148,14,62
1,86,148,71,62
1,87,148,1,62
1,88,148,74,62
1,89,148,72,62
1,90,148,28,62
1,91,148,76,62
1,92,148,66,62
1,93,148,77,62
1,94,148,61,62
1,95,148,67,62
1,96,148,73,62
1,97,148,24,62
1,98,148,68,62
1,99,148,29,62
1,100,148,79,62
1,101,148,80,62
1,102,148,83,62
1,103,148,63,62
1,104,148,2,62
1,105,148,13,62
1,106,148,78,62
1,107,148,82,62
1,108,148,25,62
1,109,148,11,62
1,110,148,81,62
1,111,148,21,62
1,112,148,10,62
1,113,148,15,62
1,114,148,62,62
1,115,148,69,62
1,116,148,65,62
1,117,148,20,62
1,118,148,75,62
1,119,148,3,62
1,120,148,70,62
1,121,148,7,62
1,122,148,8,62
1,123,148,12,62
1,124,148,23,62
1,125,148,30,62
1,126,148,18,62
1,127,148,22,62
1,128,148,4,62
1,129,148,17,62
1,1,149,108,213
1,2,149,92,213
1,3,149,88,213
1,4,149,96,213
1,5,149,84,213
1,6,149,105,213
1,7,149,94,213
1,8,149,89,213
1,9,149,95,213
1,10,149,91,213
1,11,149,99,213
1,12,149,87,213
1,13,149,107,213
1,14,149,97,213
1,15,149,102,213
1,16,149,86,213
1,17,149,98,213
1,18,149,93,213
1,19,149,90,213
1,20,149,104,213
1,21,149,100,213
1,22,149,109,213
1,23,149,106,213
1,24,149,101,213
1,25,149,85,213
1,26,149,45,213
1,27,149,42,213
1,28,149,43,213
1,29,149,39,213
1,30,149,34,213
1,31,149,55,213
1,32,149,49,213
1,33,149,103,213
1,34,149,54,213
1,35,149,46,213
1,36,149,60,213
1,37,149,48,213
1,38,149,41,213
1,39,149,50,213
1,40,149,35,213
1,41,149,40,213
1,42,149,117,213
1,43,149,38,213
1,44,149,37,213
1,45,149,115,213
1,46,149,44,213
1,47,149,32,213
1,48,149,120,213
1,49,149,57,213
1,50,149,125,213
1,51,149,27,213
1,52,149,119,213
1,53,149,116,213
1,54,149,123,213
1,55,149,110,213
1,56,149,58,213
1,57,149,33,213
1,58,149,36,213
1,59,149,53,213
1,60,149,19,213
1,61,149,31,213
1,62,149,122,213
1,63,149,124,213
1,64,149,127,213
1,65,149,51,213
1,66,149,59,213
1,67,149,47,213
1,68,149,112,213
1,69,149,113,213
1,70,149,128,213
1,71,149,6,213
1,72,149,9,213
1,73,149,129,213
1,74,149,56,213
1,75,149,64,213
1,76,149,126,213
1,77,149,5,213
1,78,149,114,213
1,79,149,16,213
5,80,149,118,213
5,81,149,111,213
5,82,149,121,213
1,83,149,52,213
1,84,149,26,213
1,85,149,14,213
1,86,149,71,213
1,87,149,1,213
1,88,149,74,213
1,89,149,72,213
1,90,149,28,213
1,91,149,76,213
1,92,149,66,213
1,93,149,77,213
1,94,149,61,213
1,95,149,67,213
1,96,149,73,213
1,97,149,24,213
1,98,149,68,213
1,99,149,29,213
1,100,149,79,213
1,101,149,80,213
1,102,149,83,213
1,103,149,63,213
1,104,149,2,213
1,105,149,13,213
1,106,149,78,213
1,107,149,82,213
1,108,149,25,213
1,109,149,11,213
1,110,149,81,213
1,111,149,21,213
1,112,149,10,213
1,113,149,15,213
1,114,149,62,213
1,115,149,69,213
1,116,149,65,213
1,117,149,20,213
1,118,149,75,213
1,119,149,3,213
1,120,149,70,213
1,121,149,7,213
1,122,149,8,213
1,123,149,12,213
1,124,149,23,213
1,125,149,30,213
1,126,149,18,213
1,127,149,22,213
1,128,149,4,213
1,129,149,17,213
1,1,150,108,72
1,2,150,92,72
1,3,150,88,72
1,4,150,96,72
1,5,150,84,72
1,6,150,105,72
1,7,150,94,72
1,8,150,89,72
1,9,150,95,72
1,10,150,91,72
1,11,150,99,72
1,12,150,87,72
1,13,150,107,72
1,14,150,97,72
1,15,150,102,72
1,16,150,86,72
1,17,150,98,72
1,18,150,93,72
1,19,150,90,72
1,20,150,104,72
1,21,150,100,72
1,22,150,109,72
1,23,150,106,72
1,24,150,101,72
1,25,150,85,72
1,26,150,45,72
1,27,150,42,72
1,28,150,43,72
1,29,150,39,72
1,30,150,34,72
1,31,150,55,72
1,32,150,49,72
1,33,150,103,72
1,34,150,54,72
1,35,150,46,72
1,36,150,60,72
1,37,150,48,72
1,38,150,41,72
1,39,150,50,72
1,40,150,35,72
1,41,150,40,72
1,42,150,117,72
1,43,150,38,72
1,44,150,37,72
1,45,150,115,72
1,46,150,44,72
1,47,150,32,72
1,48,150,120,72
1,49,150,57,72
1,50,150,125,72
1,51,150,27,72
1,52,150,119,72
1,53,150,116,72
1,54,150,123,72
1,55,150,110,72
1,56,150,58,72
1,57,150,33,72
1,58,150,36,72
1,59,150,53,72
1,60,150,19,72
1,61,150,31,72
1,62,150,122,72
1,63,150,124,72
1,64,150,127,72
1,65,150,51,72
1,66,150,59,72
1,67,150,47,72
1,68,150,112,72
1,69,150,113,72
1,70,150,128,72
1,71,150,6,72
1,72,150,9,72
1,73,150,129,72
1,74,150,56,72
1,75,150,64,72
1,76,150,126,72
1,77,150,5,72
1,78,150,114,72
1,79,150,16,72
5,80,150,118,72
5,81,150,111,72
5,82,150,121,72
1,83,150,52,72
1,84,150,26,72
1,85,150,14,72
1,86,150,71,72
1,87,150,1,72
1,88,150,74,72
1,89,150,72,72
1,90,150,28,72
1,91,150,76,72
1,92,150,66,72
1,93,150,77,72
1,94,150,61,72
1,95,150,67,72
1,96,150,73,72
1,97,150,24,72
1,98,150,68,72
1,99,150,29,72
1,100,150,79,72
1,101,150,80,72
1,102,150,83,72
1,103,150,63,72
1,104,150,2,72
1,105,150,13,72
1,106,150,78,72
1,107,150,82,72
1,108,150,25,72
1,109,150,11,72
1,110,150,81,72
1,111,150,21,72
1,112,150,10,72
1,113,150,15,72
1,114,150,62,72
1,115,150,69,72
1,116,150,65,72
1,117,150,20,72
1,118,150,75,72
1,119,150,3,72
1,120,150,70,72
1,121,150,7,72
1,122,150,8,72
1,123,150,12,72
1,124,150,23,72
1,125,150,30,72
1,126,150,18,72
1,127,150,22,72
1,128,150,4,72
1,129,150,17,72
1,1,151,108,182
1,2,151,92,182
1,3,151,88,182
1,4,151,96,182
1,5,151,84,182
1,6,151,105,182
1,7,151,94,182
1,8,151,89,182
1,9,151,95,182
1,10,151,91,182
1,11,151,99,182
1,12,151,87,182
1,13,151,107,182
1,14,151,97,182
1,15,151,102,182
1,16,151,86,182
1,17,151,98,182
1,18,151,93,182
1,19,151,90,182
1,20,151,104,182
1,21,151,100,182
1,22,151,109,182
1,23,151,106,182
1,24,151,101,182
1,25,151,85,182
1,26,151,45,182
1,27,151,42,182
1,28,151,43,182
1,29,151,39,182
1,30,151,34,182
1,31,151,55,182
1,32,151,49,182
1,33,151,103,182
1,34,151,54,182
1,35,151,46,182
1,36,151,60,182
1,37,151,48,182
1,38,151,41,182
1,39,151,50,182
1,40,151,35,182
1,41,151,40,182
1,42,151,117,182
1,43,151,38,182
1,44,151,37,182
1,45,151,115,182
1,46,151,44,182
1,47,151,32,182
1,48,151,120,182
1,49,151,57,182
1,50,151,125,182
1,51,151,27,182
1,52,151,119,182
1,53,151,116,182
1,54,151,123,182
1,55,151,110,182
1,56,151,58,182
1,57,151,33,182
1,58,151,36,182
1,59,151,53,182
1,60,151,19,182
1,61,151,31,182
1,62,151,122,182
1,63,151,124,182
1,64,151,127,182
1,65,151,51,182
1,66,151,59,182
1,67,151,47,182
1,68,151,112,182
1,69,151,113,182
1,70,151,128,182
1,71,151,6,182
1,72,151,9,182
1,73,151,129,182
1,74,151,56,182
1,75,151,64,182
1,76,151,126,182
1,77,151,5,182
1,78,151,114,182
1,79,151,16,182
5,80,151,118,182
5,81,151,111,182
5,82,151,121,182
1,83,151,52,182
1,84,151,26,182
1,85,151,14,182
1,86,151,71,182
1,87,151,1,182
1,88,151,74,182
1,89,151,72,182
1,90,151,28,182
1,91,151,76,182
1,92,151,66,182
1,93,151,77,182
1,94,151,61,182
1,95,151,67,182
1,96,151,73,182
1,97,151,24,182
1,98,151,68,182
1,99,151,29,182
1,100,151,79,182
1,101,151,80,182
1,102,151,83,182
1,103,151,63,182
1,104,151,2,182
1,105,151,13,182
1,106,151,78,182
1,107,151,82,182
1,108,151,25,182
1,109,151,11,182
1,110,151,81,182
1,111,151,21,182
1,112,151,10,182
1,113,151,15,182
1,114,151,62,182
1,115,151,69,182
1,116,151,65,182
1,117,151,20,182
1,118,151,75,182
1,119,151,3,182
1,120,151,70,182
1,121,151,7,182
1,122,151,8,182
1,123,151,12,182
1,124,151,23,182
1,125,151,30,182
1,126,151,18,182
1,127,151,22,182
1,128,151,4,182
1,129,151,17,182
1,1,152,108,16
1,2,152,92,16
1,3,152,88,16
1,4,152,96,16
1,5,152,84,16
1,6,152,105,16
1,7,152,94,16
1,8,152,89,16
1,9,152,95,16
1,10,152,91,16
1,11,152,99,16
1,12,152,87,16
1,13,152,107,16
1,14,152,97,16
1,15,152,102,16
1,16,152,86,16
1,17,152,98,16
1,18,152,93,16
1,19,152,90,16
1,20,152,104,16
1,21,152,100,16
1,22,152,109,16
1,23,152,106,16
1,24,152,101,16
1,25,152,85,16
1,26,152,45,16
1,27,152,42,16
1,28,152,43,16
1,29,152,39,16
1,30,152,34,16
1,31,152,55,16
1,32,152,49,16
1,33,152,103,16
1,34,152,54,16
1,35,152,46,16
1,36,152,60,16
1,37,152,48,16
1,38,152,41,16
1,39,152,50,16
1,40,152,35,16
1,41,152,40,16
1,42,152,117,16
1,43,152,38,16
1,44,152,37,16
1,45,152,115,16
1,46,152,44,16
1,47,152,32,16
1,48,152,120,16
1,49,152,57,16
1,50,152,125,16
1,51,152,27,16
1,52,152,119,16
1,53,152,116,16
1,54,152,123,16
1,55,152,110,16
1,56,152,58,16
1,57,152,33,16
1,58,152,36,16
1,59,152,53,16
1,60,152,19,16
1,61,152,31,16
1,62,152,122,16
1,63,152,124,16
1,64,152,127,16
1,65,152,51,16
1,66,152,59,16
1,67,152,47,16
1,68,152,112,16
1,69,152,113,16
1,70,152,128,16
1,71,152,6,16
1,72,152,9,16
1,73,152,129,16
1,74,152,56,16
1,75,152,64,16
1,76,152,126,16
1,77,152,5,16
1,78,152,114,16
1,79,152,16,16
5,80,152,118,16
5,81,152,111,16
5,82,152,121,16
1,83,152,52,16
1,84,152,26,16
1,85,152,14,16
1,86,152,71,16
1,87,152,1,16
1,88,152,74,16
1,89,152,72,16
1,90,152,28,16
1,91,152,76,16
1,92,152,66,16
1,93,152,77,16
1,94,152,61,16
1,95,152,67,16
1,96,152,73,16
1,97,152,24,16
1,98,152,68,16
1,99,152,29,16
1,100,152,79,16
1,101,152,80,16
1,102,152,83,16
1,103,152,63,16
1,104,152,2,16
1,105,152,13,16
1,106,152,78,16
1,107,152,82,16
1,108,152,25,16
1,109,152,11,16
1,110,152,81,16
1,111,152,21,16
1,112,152,10,16
1,113,152,15,16
1,114,152,62,16
1,115,152,69,16
1,116,152,65,16
1,117,152,20,16
1,118,152,75,16
1,119,152,3,16
1,120,152,70,16
1,121,152,7,16
1,122,152,8,16
1,123,152,12,16
1,124,152,23,16
1,125,152,30,16
1,126,152,18,16
1,127,152,22,16
1,128,152,4,16
1,129,152,17,16
1,1,153,108,181
1,2,153,92,181
1,3,153,88,181
1,4,153,96,181
1,5,153,84,181
1,6,153,105,181
1,7,153,94,181
1,8,153,89,181
1,9,153,95,181
1,10,153,91,181
1,11,153,99,181
1,12,153,87,181
1,13,153,107,181
1,14,153,97,181
1,15,153,102,181
1,16,153,86,181
1,17,153,98,181
1,18,153,93,181
1,19,153,90,181
1,20,153,104,181
1,21,153,100,181
1,22,153,109,181
1,23,153,106,181
1,24,153,101,181
1,25,153,85,181
1,26,153,45,181
1,27,153,42,181
1,28,153,43,181
1,29,153,39,181
1,30,153,34,181
1,31,153,55,181
1,32,153,49,181
1,33,153,103,181
1,34,153,54,181
1,35,153,46,181
1,36,153,60,181
1,37,153,48,181
1,38,153,41,181
1,39,153,50,181
1,40,153,35,181
1,41,153,40,181
1,42,153,117,181
1,43,153,38,181
1,44,153,37,181
1,45,153,115,181
1,46,153,44,181
1,47,153,32,181
1,48,153,120,181
1,49,153,57,181
1,50,153,125,181
1,51,153,27,181
1,52,153,119,181
1,53,153,116,181
1,54,153,123,181
1,55,153,110,181
1,56,153,58,181
1,57,153,33,181
1,58,153,36,181
1,59,153,53,181
1,60,153,19,181
1,61,153,31,181
1,62,153,122,181
1,63,153,124,181
1,64,153,127,181
1,65,153,51,181
1,66,153,59,181
1,67,153,47,181
1,68,153,112,181
1,69,153,113,181
1,70,153,128,181
1,71,153,6,181
1,72,153,9,181
1,73,153,129,181
1,74,153,56,181
1,75,153,64,181
1,76,153,126,181
1,77,153,5,181
1,78,153,114,181
1,79,153,16,181
5,80,153,118,181
5,81,153,111,181
5,82,153,121,181
1,83,153,52,181
1,84,153,26,181
1,85,153,14,181
1,86,153,71,181
1,87,153,1,181
1,88,153,74,181
1,89,153,72,181
1,90,153,28,181
1,91,153,76,181
1,92,153,66,181
1,93,153,77,181
1,94,153,61,181
1,95,153,67,181
1,96,153,73,181
1,97,153,24,181
1,98,153,68,181
1,99,153,29,181
17,100,153,79,181
17,101,153,80,181
17,102,153,83,181
17,103,153,63,181
17,104,153,2,181
17,105,153,13,181
17,106,153,78,181
17,107,153,82,181
18,108,153,25,181
18,109,153,11,181
18,110,153,81,181
18,111,153,21,181
18,112,153,10,181
18,113,153,15,181
18,114,153,62,181
18,115,153,69,181
18,116,153,65,181
18,117,153,20,181
18,118,153,75,181
18,119,153,3,181
18,120,153,70,181
18,121,153,7,181
18,122,153,8,181
18,123,153,12,181
18,124,153,23,181
18,125,153,30,181
18,126,153,18,181
18,127,153,22,181
1,128,153,4,181
1,129,153,17,181
1,1,154,108,4
1,2,154,92,4
1,3,154,88,4
1,4,154,96,4
1,5,154,84,4
1,6,154,105,4
1,7,154,94,4
1,8,154,89,4
1,9,154,95,4
1,10,154,91,4
1,11,154,99,4
1,12,154,87,4
1,13,154,107,4
1,14,154,97,4
1,15,154,102,4
1,16,154,86,4
1,17,154,98,4
1,18,154,93,4
1,19,154,90,4
1,20,154,104,4
1,21,154,100,4
1,22,154,109,4
1,23,154,106,4
1,24,154,101,4
1,25,154,85,4
1,26,154,45,4
1,27,154,42,4
1,28,154,43,4
1,29,154,39,4
1,30,154,34,4
1,31,154,55,4
1,32,154,49,4
1,33,154,103,4
1,34,154,54,4
1,35,154,46,4
1,36,154,60,4
1,37,154,48,4
1,38,154,41,4
1,39,154,50,4
1,40,154,35,4
1,41,154,40,4
1,42,154,117,4
1,43,154,38,4
1,44,154,37,4
1,45,154,115,4
1,46,154,44,4
1,47,154,32,4
1,48,154,120,4
1,49,154,57,4
1,50,154,125,4
1,51,154,27,4
1,52,154,119,4
1,53,154,116,4
1,54,154,123,4
1,55,154,110,4
1,56,154,58,4
1,57,154,33,4
1,58,154,36,4
1,59,154,53,4
1,60,154,19,4
1,61,154,31,4
1,62,154,122,4
1,63,154,124,4
1,64,154,127,4
1,65,154,51,4
1,66,154,59,4
1,67,154,47,4
1,68,154,112,4
1,69,154,113,4
1,70,154,128,4
1,71,154,6,4
1,72,154,9,4
1,73,154,129,4
1,74,154,56,4
1,75,154,64,4
1,76,154,126,4
1,77,154,5,4
1,78,154,114,4
1,79,154,16,4
5,80,154,118,4
5,81,154,111,4
5,82,154,121,4
1,83,154,52,4
1,84,154,26,4
1,85,154,14,4
1,86,154,71,4
1,87,154,1,4
1,88,154,74,4
1,89,154,72,4
1,90,154,28,4
1,91,154,76,4
1,92,154,66,4
1,93,154,77,4
1,94,154,61,4
1,95,154,67,4
1,96,154,73,4
1,97,154,24,4
1,98,154,68,4
1,99,154,29,4
17,100,154,79,4
17,101,154,80,4
17,102,154,83,4
17,103,154,63,4
17,104,154,2,4
17,105,154,13,4
17,106,154,78,4
17,107,154,82,4
18,108,154,25,4
18,109,154,11,4
18,110,154,81,4
18,111,154,21,4
18,112,154,10,4
18,113,154,15,4
18,114,154,62,4
18,115,154,69,4
18,116,154,65,4
18,117,154,20,4
18,118,154,75,4
18,119,154,3,4
18,120,154,70,4
18,121,154,7,4
18,122,154,8,4
18,123,154,12,4
18,124,154,23,4
18,125,154,30,4
18,126,154,18,4
18,127,154,22,4
1,128,154,4,4
1,129,154,17,4
1,1,155,108,106
1,2,155,92,106
1,3,155,88,106
1,4,155,96,106
1,5,155,84,106
1,6,155,105,106
1,7,155,94,106
1,8,155,89,106
1,9,155,95,106
1,10,155,91,106
1,11,155,99,106
1,12,155,87,106
1,13,155,107,106
1,14,155,97,106
1,15,155,102,106
1,16,155,86,106
1,17,155,98,106
1,18,155,93,106
1,19,155,90,106
1,20,155,104,106
1,21,155,100,106
1,22,155,109,106
1,23,155,106,106
1,24,155,101,106
1,25,155,85,106
1,26,155,45,106
1,27,155,42,106
1,28,155,43,106
1,29,155,39,106
1,30,155,34,106
1,31,155,55,106
1,32,155,49,106
1,33,155,103,106
1,34,155,54,106
1,35,155,46,106
1,36,155,60,106
1,37,155,48,106
1,38,155,41,106
1,39,155,50,106
1,40,155,35,106
1,41,155,40,106
1,42,155,117,106
1,43,155,38,106
1,44,155,37,106
1,45,155,115,106
1,46,155,44,106
1,47,155,32,106
1,48,155,120,106
1,49,155,57,106
1,50,155,125,106
1,51,155,27,106
1,52,155,119,106
1,53,155,116,106
1,54,155,123,106
1,55,155,110,106
1,56,155,58,106
1,57,155,33,106
1,58,155,36,106
1,59,155,53,106
1,60,155,19,106
1,61,155,31,106
1,62,155,122,106
1,63,155,124,106
1,64,155,127,106
1,65,155,51,106
1,66,155,59,106
1,67,155,47,106
1,68,155,112,106
1,69,155,113,106
1,70,155,128,106
1,71,155,6,106
1,72,155,9,106
1,73,155,129,106
1,74,155,56,106
1,75,155,64,106
1,76,155,126,106
1,77,155,5,106
1,78,155,114,106
1,79,155,16,106
5,80,155,118,106
5,81,155,111,106
5,82,155,121,106
1,83,155,52,106
1,84,155,26,106
1,85,155,14,106
1,86,155,71,106
1,87,155,1,106
1,88,155,74,106
1,89,155,72,106
1,90,155,28,106
1,91,155,76,106
1,92,155,66,106
1,93,155,77,106
1,94,155,61,106
1,95,155,67,106
1,96,155,73,106
1,97,155,24,106
1,98,155,68,106
1,99,155,29,106
1,100,155,79,106
1,101,155,80,106
1,102,155,83,106
1,103,155,63,106
1,104,155,2,106
1,105,155,13,106
1,106,155,78,106
1,107,155,82,106
1,108,155,25,106
1,109,155,11,106
1,110,155,81,106
1,111,155,21,106
1,112,155,10,106
1,113,155,15,106
1,114,155,62,106
1,115,155,69,106
1,116,155,65,106
1,117,155,20,106
1,118,155,75,106
1,119,155,3,106
1,120,155,70,106
1,121,155,7,106
1,122,155,8,106
1,123,155,12,106
1,124,155,23,106
1,125,155,30,106
1,126,155,18,106
1,127,155,22,106
1,128,155,4,106
1,129,155,17,106
1,1,156,108,101
1,2,156,92,101
1,3,156,88,101
1,4,156,96,101
1,5,156,84,101
1,6,156,105,101
1,7,156,94,101
1,8,156,89,101
1,9,156,95,101
1,10,156,91,101
1,11,156,99,101
1,12,156,87,101
1,13,156,107,101
1,14,156,97,101
1,15,156,102,101
1,16,156,86,101
1,17,156,98,101
1,18,156,93,101
1,19,156,90,101
1,20,156,104,101
1,21,156,100,101
1,22,156,109,101
1,23,156,106,101
1,24,156,101,101
1,25,156,85,101
1,26,156,45,101
1,27,156,42,101
1,28,156,43,101
1,29,156,39,101
1,30,156,34,101
1,31,156,55,101
1,32,156,49,101
1,33,156,103,101
1,34,156,54,101
1,35,156,46,101
1,36,156,60,101
1,37,156,48,101
1,38,156,41,101
1,39,156,50,101
1,40,156,35,101
1,41,156,40,101
1,42,156,117,101
1,43,156,38,101
1,44,156,37,101
1,45,156,115,101
1,46,156,44,101
1,47,156,32,101
1,48,156,120,101
1,49,156,57,101
1,50,156,125,101
1,51,156,27,101
1,52,156,119,101
1,53,156,116,101
1,54,156,123,101
1,55,156,110,101
1,56,156,58,101
1,57,156,33,101
1,58,156,36,101
1,59,156,53,101
1,60,156,19,101
1,61,156,31,101
1,62,156,122,101
1,63,156,124,101
1,64,156,127,101
1,65,156,51,101
1,66,156,59,101
1,67,156,47,101
1,68,156,112,101
1,69,156,113,101
1,70,156,128,101
1,71,156,6,101
1,72,156,9,101
1,73,156,129,101
1,74,156,56,101
1,75,156,64,101
1,76,156,126,101
1,77,156,5,101
1,78,156,114,101
1,79,156,16,101
5,80,156,118,101
5,81,156,111,101
5,82,156,121,101
1,83,156,52,101
1,84,156,26,101
1,85,156,14,101
1,86,156,71,101
1,87,156,1,101
1,88,156,74,101
1,89,156,72,101
1,90,156,28,101
1,91,156,76,101
1,92,156,66,101
1,93,156,77,101
1,94,156,61,101
1,95,156,67,101
1,96,156,73,101
1,97,156,24,101
1,98,156,68,101
1,99,156,29,101
1,100,156,79,101
1,101,156,80,101
1,102,156,83,101
1,103,156,63,101
1,104,156,2,101
1,105,156,13,101
1,106,156,78,101
1,107,156,82,101
1,108,156,25,101
1,109,156,11,101
1,110,156,81,101
1,111,156,21,101
1,112,156,10,101
1,113,156,15,101
1,114,156,62,101
1,115,156,69,101
1,116,156,65,101
1,117,156,20,101
1,118,156,75,101
1,119,156,3,101
1,120,156,70,101
1,121,156,7,101
1,122,156,8,101
1,123,156,12,101
1,124,156,23,101
1,125,156,30,101
1,126,156,18,101
1,127,156,22,101
1,128,156,4,101
1,129,156,17,101
1,1,157,108,89
1,2,157,92,89
1,3,157,88,89
1,4,157,96,89
1,5,157,84,89
1,6,157,105,89
1,7,157,94,89
1,8,157,89,89
1,9,157,95,89
1,10,157,91,89
1,11,157,99,89
1,12,157,87,89
1,13,157,107,89
1,14,157,97,89
1,15,157,102,89
1,16,157,86,89
1,17,157,98,89
1,18,157,93,89
1,19,157,90,89
1,20,157,104,89
1,21,157,100,89
1,22,157,109,89
1,23,157,106,89
1,24,157,101,89
1,25,157,85,89
1,26,157,45,89
1,27,157,42,89
1,28,157,43,89
1,29,157,39,89
1,30,157,34,89
1,31,157,55,89
1,32,157,49,89
1,33,157,103,89
1,34,157,54,89
1,35,157,46,89
1,36,157,60,89
1,37,157,48,89
1,38,157,41,89
1,39,157,50,89
1,40,157,35,89
1,41,157,40,89
1,42,157,117,89
1,43,157,38,89
1,44,157,37,89
1,45,157,115,89
1,46,157,44,89
1,47,157,32,89
1,48,157,120,89
1,49,157,57,89
1,50,157,125,89
1,51,157,27,89
1,52,157,119,89
1,53,157,116,89
1,54,157,123,89
1,55,157,110,89
1,56,157,58,89
1,57,157,33,89
1,58,157,36,89
1,59,157,53,89
1,60,157,19,89
1,61,157,31,89
1,62,157,122,89
1,63,157,124,89
1,64,157,127,89
1,65,157,51,89
1,66,157,59,89
1,67,157,47,89
1,68,157,112,89
1,69,157,113,89
1,70,157,128,89
1,71,157,6,89
1,72,157,9,89
1,73,157,129,89
1,74,157,56,89
1,75,157,64,89
1,76,157,126,89
1,77,157,5,89
1,78,157,114,89
1,79,157,16,89
5,80,157,118,89
5,81,157,111,89
5,82,157,121,89
1,83,157,52,89
1,84,157,26,89
1,85,157,14,89
1,86,157,71,89
1,87,157,1,89
1,88,157,74,89
1,89,157,72,89
1,90,157,28,89
1,91,157,76,89
1,92,157,66,89
1,93,157,77,89
1,94,157,61,89
1,95,157,67,89
1,96,157,73,89
1,97,157,24,89
1,98,157,68,89
1,99,157,29,89
1,100,157,79,89
1,101,157,80,89
1,102,157,83,89
1,103,157,63,89
1,104,157,2,89
1,105,157,13,89
1,106,157,78,89
1,107,157,82,89
1,108,157,25,89
1,109,157,11,89
1,110,157,81,89
1,111,157,21,89
1,112,157,10,89
1,113,157,15,89
1,114,157,62,89
1,115,157,69,89
1,116,157,65,89
1,117,157,20,89
1,118,157,75,89
1,119,157,3,89
1,120,157,70,89
1,121,157,7,89
1,122,157,8,89
1,123,157,12,89
1,124,157,23,89
1,125,157,30,89
1,126,157,18,89
1,127,157,22,89
1,128,157,4,89
1,129,157,17,89
1,1,158,108,76
1,2,158,92,76
1,3,158,88,76
1,4,158,96,76
1,5,158,84,76
1,6,158,105,76
1,7,158,94,76
1,8,158,89,76
1,9,158,95,76
1,10,158,91,76
1,11,158,99,76
1,12,158,87,76
1,13,158,107,76
1,14,158,97,76
1,15,158,102,76
1,16,158,86,76
1,17,158,98,76
1,18,158,93,76
1,19,158,90,76
1,20,158,104,76
1,21,158,100,76
1,22,158,109,76
1,23,158,106,76
1,24,158,101,76
1,25,158,85,76
1,26,158,45,76
1,27,158,42,76
1,28,158,43,76
1,29,158,39,76
1,30,158,34,76
1,31,158,55,76
1,32,158,49,76
1,33,158,103,76
1,34,158,54,76
1,35,158,46,76
1,36,158,60,76
1,37,158,48,76
1,38,158,41,76
1,39,158,50,76
1,40,158,35,76
1,41,158,40,76
1,42,158,117,76
1,43,158,38,76
1,44,158,37,76
1,45,158,115,76
1,46,158,44,76
1,47,158,32,76
1,48,158,120,76
1,49,158,57,76
1,50,158,125,76
1,51,158,27,76
1,52,158,119,76
1,53,158,116,76
1,54,158,123,76
1,55,158,110,76
1,56,158,58,76
1,57,158,33,76
1,58,158,36,76
1,59,158,53,76
1,60,158,19,76
1,61,158,31,76
1,62,158,122,76
1,63,158,124,76
1,64,158,127,76
1,65,158,51,76
1,66,158,59,76
1,67,158,47,76
1,68,158,112,76
1,69,158,113,76
1,70,158,128,76
1,71,158,6,76
1,72,158,9,76
1,73,158,129,76
1,74,158,56,76
1,75,158,64,76
1,76,158,126,76
1,77,158,5,76
1,78,158,114,76
1,79,158,16,76
5,80,158,118,76
5,81,158,111,76
5,82,158,121,76
1,83,158,52,76
1,84,158,26,76
1,85,158,14,76
1,86,158,71,76
1,87,158,1,76
1,88,158,74,76
1,89,158,72,76
1,90,158,28,76
1,91,158,76,76
1,92,158,66,76
1,93,158,77,76
1,94,158,61,76
1,95,158,67,76
1,96,158,73,76
1,97,158,24,76
1,98,158,68,76
1,99,158,29,76
1,100,158,79,76
1,101,158,80,76
1,102,158,83,76
1,103,158,63,76
1,104,158,2,76
1,105,158,13,76
1,106,158,78,76
1,107,158,82,76
1,108,158,25,76
1,109,158,11,76
1,110,158,81,76
1,111,158,21,76
1,112,158,10,76
1,113,158,15,76
1,114,158,62,76
1,115,158,69,76
1,116,158,65,76
1,117,158,20,76
1,118,158,75,76
1,119,158,3,76
1,120,158,70,76
1,121,158,7,76
1,122,158,8,76
1,123,158,12,76
1,124,158,23,76
1,125,158,30,76
1,126,158,18,76
1,127,158,22,76
1,128,158,4,76
1,129,158,17,76
1,1,159,108,141
1,2,159,92,141
1,3,159,88,141
1,4,159,96,141
1,5,159,84,141
1,6,159,105,141
1,7,159,94,141
1,8,159,89,141
1,9,159,95,141
1,10,159,91,141
1,11,159,99,141
1,12,159,87,141
1,13,159,107,141
1,14,159,97,141
1,15,159,102,141
1,16,159,86,141
1,17,159,98,141
1,18,159,93,141
1,19,159,90,141
1,20,159,104,141
1,21,159,100,141
1,22,159,109,141
1,23,159,106,141
1,24,159,101,141
1,25,159,85,141
1,26,159,45,141
1,27,159,42,141
1,28,159,43,141
1,29,159,39,141
1,30,159,34,141
1,31,159,55,141
1,32,159,49,141
1,33,159,103,141
1,34,159,54,141
1,35,159,46,141
1,36,159,60,141
1,37,159,48,141
1,38,159,41,141
1,39,159,50,141
1,40,159,35,141
1,41,159,40,141
1,42,159,117,141
1,43,159,38,141
1,44,159,37,141
1,45,159,115,141
1,46,159,44,141
1,47,159,32,141
1,48,159,120,141
1,49,159,57,141
1,50,159,125,141
1,51,159,27,141
1,52,159,119,141
1,53,159,116,141
1,54,159,123,141
1,55,159,110,141
1,56,159,58,141
1,57,159,33,141
1,58,159,36,141
1,59,159,53,141
1,60,159,19,141
1,61,159,31,141
1,62,159,122,141
1,63,159,124,141
1,64,159,127,141
1,65,159,51,141
1,66,159,59,141
1,67,159,47,141
1,68,159,112,141
1,69,159,113,141
1,70,159,128,141
1,71,159,6,141
1,72,159,9,141
1,73,159,129,141
1,74,159,56,141
1,75,159,64,141
1,76,159,126,141
1,77,159,5,141
1,78,159,114,141
1,79,159,16,141
5,80,159,118,141
5,81,159,111,141
5,82,159,121,141
1,83,159,52,141
1,84,159,26,141
1,85,159,14,141
1,86,159,71,141
1,87,159,1,141
1,88,159,74,141
1,89,159,72,141
1,90,159,28,141
1,91,159,76,141
1,92,159,66,141
1,93,159,77,141
1,94,159,61,141
1,95,159,67,141
1,96,159,73,141
1,97,159,24,141
1,98,159,68,141
1,99,159,29,141
1,100,159,79,141
1,101,159,80,141
1,102,159,83,141
1,103,159,63,141
1,104,159,2,141
1,105,159,13,141
1,106,159,78,141
1,107,159,82,141
1,108,159,25,141
1,109,159,11,141
1,110,159,81,141
1,111,159,21,141
1,112,159,10,141
1,113,159,15,141
1,114,159,62,141
1,115,159,69,141
1,116,159,65,141
1,117,159,20,141
1,118,159,75,141
1,119,159,3,141
1,120,159,70,141
1,121,159,7,141
1,122,159,8,141
1,123,159,12,141
1,124,159,23,141
1,125,159,30,141
1,126,159,18,141
1,127,159,22,141
1,128,159,4,141
1,129,159,17,141
1,1,160,108,43
1,2,160,92,43
1,3,160,88,43
1,4,160,96,43
1,5,160,84,43
1,6,160,105,43
1,7,160,94,43
1,8,160,89,43
1,9,160,95,43
1,10,160,91,43
1,11,160,99,43
1,12,160,87,43
1,13,160,107,43
1,14,160,97,43
1,15,160,102,43
1,16,160,86,43
1,17,160,98,43
1,18,160,93,43
1,19,160,90,43
1,20,160,104,43
1,21,160,100,43
1,22,160,109,43
1,23,160,106,43
1,24,160,101,43
1,25,160,85,43
1,26,160,45,43
1,27,160,42,43
1,28,160,43,43
1,29,160,39,43
1,30,160,34,43
1,31,160,55,43
1,32,160,49,43
1,33,160,103,43
1,34,160,54,43
1,35,160,46,43
1,36,160,60,43
1,37,160,48,43
1,38,160,41,43
1,39,160,50,43
1,40,160,35,43
1,41,160,40,43
1,42,160,117,43
1,43,160,38,43
1,44,160,37,43
1,45,160,115,43
1,46,160,44,43
1,47,160,32,43
1,48,160,120,43
1,49,160,57,43
1,50,160,125,43
1,51,160,27,43
1,52,160,119,43
1,53,160,116,43
1,54,160,123,43
1,55,160,110,43
1,56,160,58,43
1,57,160,33,43
1,58,160,36,43
1,59,160,53,43
1,60,160,19,43
1,61,160,31,43
1,62,160,122,43
1,63,160,124,43
1,64,160,127,43
1,65,160,51,43
1,66,160,59,43
1,67,160,47,43
1,68,160,112,43
1,69,160,113,43
1,70,160,128,43
1,71,160,6,43
1,72,160,9,43
1,73,160,129,43
1,74,160,56,43
1,75,160,64,43
1,76,160,126,43
1,77,160,5,43
1,78,160,114,43
1,79,160,16,43
5,80,160,118,43
5,81,160,111,43
5,82,160,121,43
1,83,160,52,43
1,84,160,26,43
1,85,160,14,43
1,86,160,71,43
1,87,160,1,43
1,88,160,74,43
1,89,160,72,43
1,90,160,28,43
1,91,160,76,43
1,92,160,66,43
1,93,160,77,43
1,94,160,61,43
1,95,160,67,43
1,96,160,73,43
1,97,160,24,43
1,98,160,68,43
1,99,160,29,43
1,100,160,79,43
1,101,160,80,43
1,102,160,83,43
1,103,160,63,43
1,104,160,2,43
1,105,160,13,43
1,106,160,78,43
1,107,160,82,43
1,108,160,25,43
1,109,160,11,43
1,110,160,81,43
1,111,160,21,43
1,112,160,10,43
1,113,160,15,43
1,114,160,62,43
1,115,160,69,43
1,116,160,65,43
1,117,160,20,43
1,118,160,75,43
1,119,160,3,43
1,120,160,70,43
1,121,160,7,43
1,122,160,8,43
1,123,160,12,43
1,124,160,23,43
1,125,160,30,43
1,126,160,18,43
1,127,160,22,43
1,128,160,4,43
1,129,160,17,43
1,1,161,108,107
1,2,161,92,107
1,3,161,88,107
1,4,161,96,107
1,5,161,84,107
1,6,161,105,107
1,7,161,94,107
1,8,161,89,107
1,9,161,95,107
1,10,161,91,107
1,11,161,99,107
1,12,161,87,107
1,13,161,107,107
1,14,161,97,107
1,15,161,102,107
1,16,161,86,107
1,17,161,98,107
1,18,161,93,107
1,19,161,90,107
1,20,161,104,107
1,21,161,100,107
1,22,161,109,107
1,23,161,106,107
1,24,161,101,107
1,25,161,85,107
1,26,161,45,107
1,27,161,42,107
1,28,161,43,107
1,29,161,39,107
1,30,161,34,107
1,31,161,55,107
1,32,161,49,107
1,33,161,103,107
1,34,161,54,107
1,35,161,46,107
1,36,161,60,107
1,37,161,48,107
1,38,161,41,107
1,39,161,50,107
1,40,161,35,107
1,41,161,40,107
1,42,161,117,107
1,43,161,38,107
1,44,161,37,107
1,45,161,115,107
1,46,161,44,107
1,47,161,32,107
1,48,161,120,107
1,49,161,57,107
1,50,161,125,107
1,51,161,27,107
1,52,161,119,107
1,53,161,116,107
1,54,161,123,107
1,55,161,110,107
1,56,161,58,107
1,57,161,33,107
1,58,161,36,107
1,59,161,53,107
1,60,161,19,107
1,61,161,31,107
1,62,161,122,107
1,63,161,124,107
1,64,161,127,107
1,65,161,51,107
1,66,161,59,107
1,67,161,47,107
1,68,161,112,107
1,69,161,113,107
1,70,161,128,107
1,71,161,6,107
1,72,161,9,107
1,73,161,129,107
1,74,161,56,107
1,75,161,64,107
1,76,161,126,107
1,77,161,5,107
1,78,161,114,107
1,79,161,16,107
5,80,161,118,107
5,81,161,111,107
5,82,161,121,107
1,83,161,52,107
1,84,161,26,107
1,85,161,14,107
1,86,161,71,107
1,87,161,1,107
1,88,161,74,107
1,89,161,72,107
1,90,161,28,107
1,91,161,76,107
1,92,161,66,107
1,93,161,77,107
1,94,161,61,107
1,95,161,67,107
1,96,161,73,107
1,97,161,24,107
1,98,161,68,107
1,99,161,29,107
1,100,161,79,107
1,101,161,80,107
1,102,161,83,107
1,103,161,63,107
1,104,161,2,107
1,105,161,13,107
1,106,161,78,107
1,107,161,82,107
1,108,161,25,107
1,109,161,11,107
1,110,161,81,107
1,111,161,21,107
1,112,161,10,107
1,113,161,15,107
1,114,161,62,107
1,115,161,69,107
1,116,161,65,107
1,117,161,20,107
1,118,161,75,107
1,119,161,3,107
1,120,161,70,107
1,121,161,7,107
1,122,161,8,107
1,123,161,12,107
1,124,161,23,107
1,125,161,30,107
1,126,161,18,107
1,127,161,22,107
1,128,161,4,107
1,129,161,17,107
1,1,162,108,93
1,2,162,92,93
1,3,162,88,93
1,4,162,96,93
1,5,162,84,93
1,6,162,105,93
1,7,162,94,93
1,8,162,89,93
1,9,162,95,93
1,10,162,91,93
1,11,162,99,93
1,12,162,87,93
1,13,162,107,93
1,14,162,97,93
1,15,162,102,93
1,16,162,86,93
1,17,162,98,93
1,18,162,93,93
1,19,162,90,93
1,20,162,104,93
1,21,162,100,93
1,22,162,109,93
1,23,162,106,93
1,24,162,101,93
1,25,162,85,93
1,26,162,45,93
1,27,162,42,93
1,28,162,43,93
1,29,162,39,93
1,30,162,34,93
1,31,162,55,93
1,32,162,49,93
1,33,162,103,93
1,34,162,54,93
1,35,162,46,93
1,36,162,60,93
1,37,162,48,93
1,38,162,41,93
1,39,162,50,93
1,40,162,35,93
1,41,162,40,93
1,42,162,117,93
1,43,162,38,93
1,44,162,37,93
1,45,162,115,93
1,46,162,44,93
1,47,162,32,93
1,48,162,120,93
1,49,162,57,93
1,50,162,125,93
1,51,162,27,93
1,52,162,119,93
1,53,162,116,93
1,54,162,123,93
1,55,162,110,93
1,56,162,58,93
1,57,162,33,93
1,58,162,36,93
1,59,162,53,93
1,60,162,19,93
1,61,162,31,93
1,62,162,122,93
1,63,162,124,93
1,64,162,127,93
1,65,162,51,93
1,66,162,59,93
1,67,162,47,93
1,68,162,112,93
1,69,162,113,93
1,70,162,128,93
1,71,162,6,93
1,72,162,9,93
1,73,162,129,93
1,74,162,56,93
1,75,162,64,93
1,76,162,126,93
1,77,162,5,93
1,78,162,114,93
1,79,162,16,93
5,80,162,118,93
5,81,162,111,93
5,82,162,121,93
10,83,162,52,93
10,84,162,26,93
10,85,162,14,93
10,86,162,71,93
10,87,162,1,93
10,88,162,74,93
10,89,162,72,93
10,90,162,28,93
10,91,162,76,93
10,92,162,66,93
10,93,162,77,93
10,94,162,61,93
10,95,162,67,93
10,96,162,73,93
10,97,162,24,93
10,98,162,68,93
11,99,162,29,93
11,100,162,79,93
11,101,162,80,93
11,102,162,83,93
11,103,162,63,93
11,104,162,2,93
11,105,162,13,93
11,106,162,78,93
11,107,162,82,93
11,108,162,25,93
11,109,162,11,93
11,110,162,81,93
11,111,162,21,93
11,112,162,10,93
11,113,162,15,93
11,114,162,62,93
11,115,162,69,93
11,116,162,65,93
11,117,162,20,93
11,118,162,75,93
11,119,162,3,93
11,120,162,70,93
11,121,162,7,93
11,122,162,8,93
11,123,162,12,93
11,124,162,23,93
11,125,162,30,93
11,126,162,18,93
11,127,162,22,93
1,128,162,4,93
1,129,162,17,93
1,1,163,108,2
1,2,163,92,2
1,3,163,88,2
1,4,163,96,2
1,5,163,84,2
1,6,163,105,2
1,7,163,94,2
1,8,163,89,2
1,9,163,95,2
1,10,163,91,2
1,11,163,99,2
1,12,163,87,2
1,13,163,107,2
1,14,163,97,2
1,15,163,102,2
1,16,163,86,2
1,17,163,98,2
1,18,163,93,2
1,19,163,90,2
1,20,163,104,2
1,21,163,100,2
1,22,163,109,2
1,23,163,106,2
1,24,163,101,2
1,25,163,85,2
1,26,163,45,2
1,27,163,42,2
1,28,163,43,2
1,29,163,39,2
1,30,163,34,2
1,31,163,55,2
1,32,163,49,2
1,33,163,103,2
1,34,163,54,2
1,35,163,46,2
1,36,163,60,2
1,37,163,48,2
1,38,163,41,2
1,39,163,50,2
1,40,163,35,2
1,41,163,40,2
1,42,163,117,2
1,43,163,38,2
1,44,163,37,2
1,45,163,115,2
1,46,163,44,2
1,47,163,32,2
1,48,163,120,2
1,49,163,57,2
1,50,163,125,2
1,51,163,27,2
1,52,163,119,2
1,53,163,116,2
1,54,163,123,2
1,55,163,110,2
1,56,163,58,2
1,57,163,33,2
1,58,163,36,2
1,59,163,53,2
1,60,163,19,2
1,61,163,31,2
1,62,163,122,2
1,63,163,124,2
1,64,163,127,2
1,65,163,51,2
1,66,163,59,2
1,67,163,47,2
1,68,163,112,2
1,69,163,113,2
1,70,163,128,2
1,71,163,6,2
1,72,163,9,2
1,73,163,129,2
1,74,163,56,2
1,75,163,64,2
1,76,163,126,2
1,77,163,5,2
1,78,163,114,2
1,79,163,16,2
5,80,163,118,2
5,81,163,111,2
5,82,163,121,2
10,83,163,52,2
10,84,163,26,2
10,85,163,14,2
10,86,163,71,2
10,87,163,1,2
10,88,163,74,2
10,89,163,72,2
10,90,163,28,2
10,91,163,76,2
10,92,163,66,2
10,93,163,77,2
10,94,163,61,2
10,95,163,67,2
10,96,163,73,2
10,97,163,24,2
10,98,163,68,2
11,99,163,29,2
11,100,163,79,2
11,101,163,80,2
11,102,163,83,2
11,103,163,63,2
11,104,163,2,2
11,105,163,13,2
11,106,163,78,2
11,107,163,82,2
11,108,163,25,2
11,109,163,11,2
11,110,163,81,2
11,111,163,21,2
11,112,163,10,2
11,113,163,15,2
11,114,163,62,2
11,115,163,69,2
11,116,163,65,2
11,117,163,20,2
11,118,163,75,2
11,119,163,3,2
11,120,163,70,2
11,121,163,7,2
11,122,163,8,2
11,123,163,12,2
11,124,163,23,2
11,125,163,30,2
11,126,163,18,2
11,127,163,22,2
1,128,163,4,2
1,129,163,17,2
1,1,164,108,222
1,2,164,92,222
1,3,164,88,222
1,4,164,96,222
1,5,164,84,222
1,6,164,105,222
1,7,164,94,222
1,8,164,89,222
1,9,164,95,222
1,10,164,91,222
1,11,164,99,222
1,12,164,87,222
1,13,164,107,222
1,14,164,97,222
1,15,164,102,222
1,16,164,86,222
1,17,164,98,222
1,18,164,93,222
1,19,164,90,222
1,20,164,104,222
1,21,164,100,222
1,22,164,109,222
1,23,164,106,222
1,24,164,101,222
1,25,164,85,222
1,26,164,45,222
1,27,164,42,222
1,28,164,43,222
1,29,164,39,222
1,30,164,34,222
1,31,164,55,222
1,32,164,49,222
1,33,164,103,222
1,34,164,54,222
1,35,164,46,222
1,36,164,60,222
1,37,164,48,222
1,38,164,41,222
1,39,164,50,222
1,40,164,35,222
1,41,164,40,222
1,42,164,117,222
1,43,164,38,222
1,44,164,37,222
1,45,164,115,222
1,46,164,44,222
1,47,164,32,222
1,48,164,120,222
1,49,164,57,222
1,50,164,125,222
1,51,164,27,222
1,52,164,119,222
1,53,164,116,222
1,54,164,123,222
1,55,164,110,222
1,56,164,58,222
1,57,164,33,222
1,58,164,36,222
1,59,164,53,222
1,60,164,19,222
1,61,164,31,222
1,62,164,122,222
1,63,164,124,222
1,64,164,127,222
1,65,164,51,222
1,66,164,59,222
1,67,164,47,222
1,68,164,112,222
1,69,164,113,222
1,70,164,128,222
1,71,164,6,222
1,72,164,9,222
1,73,164,129,222
1,74,164,56,222
1,75,164,64,222
1,76,164,126,222
1,77,164,5,222
1,78,164,114,222
1,79,164,16,222
5,80,164,118,222
5,81,164,111,222
5,82,164,121,222
10,83,164,52,222
10,84,164,26,222
10,85,164,14,222
10,86,164,71,222
10,87,164,1,222
10,88,164,74,222
10,89,164,72,222
10,90,164,28,222
10,91,164,76,222
10,92,164,66,222
10,93,164,77,222
10,94,164,61,222
10,95,164,67,222
10,96,164,73,222
10,97,164,24,222
10,98,164,68,222
11,99,164,29,222
11,100,164,79,222
11,101,164,80,222
11,102,164,83,222
11,103,164,63,222
11,104,164,2,222
11,105,164,13,222
11,106,164,78,222
11,107,164,82,222
11,108,164,25,222
11,109,164,11,222
11,110,164,81,222
11,111,164,21,222
11,112,164,10,222
11,113,164,15,222
11,114,164,62,222
11,115,164,69,222
11,116,164,65,222
11,117,164,20,222
11,118,164,75,222
11,119,164,3,222
11,120,164,70,222
11,121,164,7,222
11,122,164,8,222
11,123,164,12,222
11,124,164,23,222
11,125,164,30,222
11,126,164,18,222
11,127,164,22,222
1,128,164,4,222
1,129,164,17,222
1,1,165,108,165
1,2,165,92,165
1,3,165,88,165
1,4,165,96,165
1,5,165,84,165
1,6,165,105,165
1,7,165,94,165
1,8,165,89,165
1,9,165,95,165
1,10,165,91,165
1,11,165,99,165
1,12,165,87,165
1,13,165,107,165
1,14,165,97,165
1,15,165,102,165
1,16,165,86,165
1,17,165,98,165
1,18,165,93,165
1,19,165,90,165
1,20,165,104,165
1,21,165,100,165
1,22,165,109,165
1,23,165,106,165
1,24,165,101,165
1,25,165,85,165
1,26,165,45,165
1,27,165,42,165
1,28,165,43,165
1,29,165,39,165
1,30,165,34,165
1,31,165,55,165
1,32,165,49,165
1,33,165,103,165
1,34,165,54,165
1,35,165,46,165
1,36,165,60,165
1,37,165,48,165
1,38,165,41,165
1,39,165,50,165
1,40,165,35,165
1,41,165,40,165
1,42,165,117,165
1,43,165,38,165
1,44,165,37,165
1,45,165,115,165
1,46,165,44,165
1,47,165,32,165
1,48,165,120,165
1,49,165,57,165
1,50,165,125,165
1,51,165,27,165
1,52,165,119,165
1,53,165,116,165
1,54,165,123,165
1,55,165,110,165
1,56,165,58,165
1,57,165,33,165
1,58,165,36,165
1,59,165,53,165
1,60,165,19,165
1,61,165,31,165
1,62,165,122,165
1,63,165,124,165
1,64,165,127,165
1,65,165,51,165
1,66,165,59,165
1,67,165,47,165
1,68,165,112,165
1,69,165,113,165
1,70,165,128,165
1,71,165,6,165
1,72,165,9,165
1,73,165,129,165
1,74,165,56,165
1,75,165,64,165
1,76,165,126,165
1,77,165,5,165
1,78,165,114,165
1,79,165,16,165
5,80,165,118,165
5,81,165,111,165
5,82,165,121,165
10,83,165,52,165
10,84,165,26,165
10,85,165,14,165
10,86,165,71,165
10,87,165,1,165
10,88,165,74,165
10,89,165,72,165
10,90,165,28,165
10,91,165,76,165
10,92,165,66,165
10,93,165,77,165
10,94,165,61,165
10,95,165,67,165
10,96,165,73,165
10,97,165,24,165
10,98,165,68,165
11,99,165,29,165
11,100,165,79,165
11,101,165,80,165
11,102,165,83,165
11,103,165,63,165
11,104,165,2,165
11,105,165,13,165
11,106,165,78,165
11,107,165,82,165
11,108,165,25,165
11,109,165,11,165
11,110,165,81,165
11,111,165,21,165
11,112,165,10,165
11,113,165,15,165
11,114,165,62,165
11,115,165,69,165
11,116,165,65,165
11,117,165,20,165
11,118,165,75,165
11,119,165,3,165
11,120,165,70,165
11,121,165,7,165
11,122,165,8,165
11,123,165,12,165
11,124,165,23,165
11,125,165,30,165
11,126,165,18,165
11,127,165,22,165
1,128,165,4,165
1,129,165,17,165
1,1,166,108,98
1,2,166,92,98
1,3,166,88,98
1,4,166,96,98
1,5,166,84,98
1,6,166,105,98
1,7,166,94,98
1,8,166,89,98
1,9,166,95,98
1,10,166,91,98
1,11,166,99,98
1,12,166,87,98
1,13,166,107,98
1,14,166,97,98
1,15,166,102,98
1,16,166,86,98
1,17,166,98,98
1,18,166,93,98
1,19,166,90,98
1,20,166,104,98
1,21,166,100,98
1,22,166,109,98
1,23,166,106,98
1,24,166,101,98
1,25,166,85,98
1,26,166,45,98
1,27,166,42,98
1,28,166,43,98
1,29,166,39,98
1,30,166,34,98
1,31,166,55,98
1,32,166,49,98
1,33,166,103,98
1,34,166,54,98
1,35,166,46,98
1,36,166,60,98
1,37,166,48,98
1,38,166,41,98
1,39,166,50,98
1,40,166,35,98
1,41,166,40,98
1,42,166,117,98
1,43,166,38,98
1,44,166,37,98
1,45,166,115,98
1,46,166,44,98
1,47,166,32,98
1,48,166,120,98
1,49,166,57,98
1,50,166,125,98
1,51,166,27,98
1,52,166,119,98
1,53,166,116,98
1,54,166,123,98
1,55,166,110,98
1,56,166,58,98
1,57,166,33,98
1,58,166,36,98
1,59,166,53,98
1,60,166,19,98
1,61,166,31,98
1,62,166,122,98
1,63,166,124,98
1,64,166,127,98
1,65,166,51,98
1,66,166,59,98
1,67,166,47,98
1,68,166,112,98
1,69,166,113,98
1,70,166,128,98
1,71,166,6,98
1,72,166,9,98
1,73,166,129,98
1,74,166,56,98
1,75,166,64,98
1,76,166,126,98
1,77,166,5,98
1,78,166,114,98
1,79,166,16,98
5,80,166,118,98
5,81,166,111,98
5,82,166,121,98
10,83,166,52,98
10,84,166,26,98
10,85,166,14,98
10,86,166,71,98
10,87,166,1,98
10,88,166,74,98
10,89,166,72,98
10,90,166,28,98
10,91,166,76,98
10,92,166,66,98
10,93,166,77,98
10,94,166,61,98
10,95,166,67,98
10,96,166,73,98
10,97,166,24,98
10,98,166,68,98
11,99,166,29,98
11,100,166,79,98
11,101,166,80,98
11,102,166,83,98
11,103,166,63,98
11,104,166,2,98
11,105,166,13,98
11,106,166,78,98
11,107,166,82,98
11,108,166,25,98
11,109,166,11,98
11,110,166,81,98
11,111,166,21,98
11,112,166,10,98
11,113,166,15,98
11,114,166,62,98
11,115,166,69,98
11,116,166,65,98
11,117,166,20,98
11,118,166,75,98
11,119,166,3,98
11,120,166,70,98
11,121,166,7,98
11,122,166,8,98
11,123,166,12,98
11,124,166,23,98
11,125,166,30,98
11,126,166,18,98
11,127,166,22,98
1,128,166,4,98
1,129,166,17,98
1,1,167,108,166
1,2,167,92,166
1,3,167,88,166
1,4,167,96,166
1,5,167,84,166
1,6,167,105,166
1,7,167,94,166
1,8,167,89,166
1,9,167,95,166
1,10,167,91,166
1,11,167,99,166
1,12,167,87,166
1,13,167,107,166
1,14,167,97,166
1,15,167,102,166
1,16,167,86,166
1,17,167,98,166
1,18,167,93,166
1,19,167,90,166
1,20,167,104,166
1,21,167,100,166
1,22,167,109,166
1,23,167,106,166
1,24,167,101,166
1,25,167,85,166
1,26,167,45,166
1,27,167,42,166
1,28,167,43,166
1,29,167,39,166
1,30,167,34,166
1,31,167,55,166
1,32,167,49,166
1,33,167,103,166
1,34,167,54,166
1,35,167,46,166
1,36,167,60,166
1,37,167,48,166
1,38,167,41,166
1,39,167,50,166
1,40,167,35,166
1,41,167,40,166
1,42,167,117,166
1,43,167,38,166
1,44,167,37,166
1,45,167,115,166
1,46,167,44,166
1,47,167,32,166
1,48,167,120,166
1,49,167,57,166
1,50,167,125,166
1,51,167,27,166
1,52,167,119,166
1,53,167,116,166
1,54,167,123,166
1,55,167,110,166
1,56,167,58,166
1,57,167,33,166
1,58,167,36,166
1,59,167,53,166
1,60,167,19,166
1,61,167,31,166
16,62,167,122,166
16,63,167,124,166
16,64,167,127,166
16,65,167,51,166
16,66,167,59,166
16,67,167,47,166
16,68,167,112,166
16,69,167,113,166
16,70,167,128,166
1,71,167,6,166
1,72,167,9,166
1,73,167,129,166
1,74,167,56,166
1,75,167,64,166
1,76,167,126,166
1,77,167,5,166
1,78,167,114,166
1,79,167,16,166
5,80,167,118,166
5,81,167,111,166
5,82,167,121,166
10,83,167,52,166
10,84,167,26,166
10,85,167,14,166
10,86,167,71,166
10,87,167,1,166
10,88,167,74,166
10,89,167,72,166
10,90,167,28,166
10,91,167,76,166
10,92,167,66,166
10,93,167,77,166
10,94,167,61,166
10,95,167,67,166
10,96,167,73,166
10,97,167,24,166
10,98,167,68,166
11,99,167,29,166
11,100,167,79,166
11,101,167,80,166
11,102,167,83,166
11,103,167,63,166
11,104,167,2,166
11,105,167,13,166
11,106,167,78,166
11,107,167,82,166
11,108,167,25,166
11,109,167,11,166
11,110,167,81,166
11,111,167,21,166
11,112,167,10,166
11,113,167,15,166
11,114,167,62,166
11,115,167,69,166
11,116,167,65,166
11,117,167,20,166
11,118,167,75,166
11,119,167,3,166
11,120,167,70,166
11,121,167,7,166
11,122,167,8,166
11,123,167,12,166
11,124,167,23,166
11,125,167,30,166
11,126,167,18,166
11,127,167,22,166
1,128,167,4,166
1,129,167,17,166
1,1,168,108,82
1,2,168,92,82
1,3,168,88,82
1,4,168,96,82
1,5,168,84,82
1,6,168,105,82
1,7,168,94,82
1,8,168,89,82
1,9,168,95,82
1,10,168,91,82
1,11,168,99,82
1,12,168,87,82
1,13,168,107,82
1,14,168,97,82
1,15,168,102,82
1,16,168,86,82
1,17,168,98,82
1,18,168,93,82
1,19,168,90,82
1,20,168,104,82
1,21,168,100,82
1,22,168,109,82
1,23,168,106,82
1,24,168,101,82
1,25,168,85,82
1,26,168,45,82
1,27,168,42,82
1,28,168,43,82
1,29,168,39,82
1,30,168,34,82
1,31,168,55,82
1,32,168,49,82
1,33,168,103,82
1,34,168,54,82
1,35,168,46,82
1,36,168,60,82
1,37,168,48,82
1,38,168,41,82
1,39,168,50,82
1,40,168,35,82
1,41,168,40,82
1,42,168,117,82
1,43,168,38,82
1,44,168,37,82
1,45,168,115,82
1,46,168,44,82
1,47,168,32,82
1,48,168,120,82
1,49,168,57,82
1,50,168,125,82
1,51,168,27,82
1,52,168,119,82
1,53,168,116,82
1,54,168,123,82
1,55,168,110,82
1,56,168,58,82
1,57,168,33,82
1,58,168,36,82
1,59,168,53,82
1,60,168,19,82
1,61,168,31,82
1,62,168,122,82
1,63,168,124,82
1,64,168,127,82
1,65,168,51,82
1,66,168,59,82
1,67,168,47,82
1,68,168,112,82
1,69,168,113,82
1,70,168,128,82
1,71,168,6,82
1,72,168,9,82
1,73,168,129,82
1,74,168,56,82
1,75,168,64,82
1,76,168,126,82
1,77,168,5,82
1,78,168,114,82
1,79,168,16,82
1,80,168,118,82
1,81,168,111,82
1,82,168,121,82
1,83,168,52,82
1,84,168,26,82
1,85,168,14,82
1,86,168,71,82
1,87,168,1,82
1,88,168,74,82
1,89,168,72,82
1,90,168,28,82
1,91,168,76,82
1,92,168,66,82
1,93,168,77,82
1,94,168,61,82
1,95,168,67,82
1,96,168,73,82
1,97,168,24,82
1,98,168,68,82
1,99,168,29,82
1,100,168,79,82
1,101,168,80,82
1,102,168,83,82
1,103,168,63,82
1,104,168,2,82
1,105,168,13,82
1,106,168,78,82
1,107,168,82,82
1,108,168,25,82
1,109,168,11,82
1,110,168,81,82
1,111,168,21,82
1,112,168,10,82
1,113,168,15,82
1,114,168,62,82
1,115,168,69,82
1,116,168,65,82
1,117,168,20,82
1,118,168,75,82
1,119,168,3,82
1,120,168,70,82
1,121,168,7,82
1,122,168,8,82
1,123,168,12,82
1,124,168,23,82
1,125,168,30,82
1,126,168,18,82
1,127,168,22,82
1,128,168,4,82
1,129,168,17,82
1,1,169,108,32
1,2,169,92,32
1,3,169,88,32
1,4,169,96,32
1,5,169,84,32
1,6,169,105,32
1,7,169,94,32
1,8,169,89,32
1,9,169,95,32
1,10,169,91,32
1,11,169,99,32
1,12,169,87,32
1,13,169,107,32
1,14,169,97,32
1,15,169,102,32
1,16,169,86,32
1,17,169,98,32
1,18,169,93,32
1,19,169,90,32
1,20,169,104,32
1,21,169,100,32
1,22,169,109,32
1,23,169,106,32
1,24,169,101,32
1,25,169,85,32
1,26,169,45,32
1,27,169,42,32
1,28,169,43,32
1,29,169,39,32
1,30,169,34,32
1,31,169,55,32
1,32,169,49,32
1,33,169,103,32
1,34,169,54,32
1,35,169,46,32
1,36,169,60,32
1,37,169,48,32
1,38,169,41,32
1,39,169,50,32
1,40,169,35,32
1,41,169,40,32
1,42,169,117,32
1,43,169,38,32
1,44,169,37,32
1,45,169,115,32
1,46,169,44,32
1,47,169,32,32
1,48,169,120,32
1,49,169,57,32
1,50,169,125,32
1,51,169,27,32
1,52,169,119,32
1,53,169,116,32
1,54,169,123,32
1,55,169,110,32
1,56,169,58,32
1,57,169,33,32
1,58,169,36,32
1,59,169,53,32
1,60,169,19,32
1,61,169,31,32
1,62,169,122,32
1,63,169,124,32
1,64,169,127,32
1,65,169,51,32
1,66,169,59,32
1,67,169,47,32
1,68,169,112,32
1,69,169,113,32
1,70,169,128,32
1,71,169,6,32
1,72,169,9,32
1,73,169,129,32
1,74,169,56,32
1,75,169,64,32
1,76,169,126,32
1,77,169,5,32
1,78,169,114,32
1,79,169,16,32
1,80,169,118,32
1,81,169,111,32
1,82,169,121,32
1,83,169,52,32
1,84,169,26,32
1,85,169,14,32
1,86,169,71,32
1,87,169,1,32
1,88,169,74,32
1,89,169,72,32
1,90,169,28,32
1,91,169,76,32
1,92,169,66,32
1,93,169,77,32
1,94,169,61,32
1,95,169,67,32
1,96,169,73,32
1,97,169,24,32
1,98,169,68,32
1,99,169,29,32
1,100,169,79,32
1,101,169,80,32
1,102,169,83,32
1,103,169,63,32
1,104,169,2,32
1,105,169,13,32
1,106,169,78,32
1,107,169,82,32
1,108,169,25,32
1,109,169,11,32
1,110,169,81,32
1,111,169,21,32
1,112,169,10,32
1,113,169,15,32
1,114,169,62,32
1,115,169,69,32
1,116,169,65,32
1,117,169,20,32
1,118,169,75,32
1,119,169,3,32
1,120,169,70,32
1,121,169,7,32
1,122,169,8,32
1,123,169,12,32
1,124,169,23,32
1,125,169,30,32
1,126,169,18,32
1,127,169,22,32
1,128,169,4,32
1,129,169,17,32
1,1,170,108,136
1,2,170,92,136
1,3,170,88,136
1,4,170,96,136
1,5,170,84,136
1,6,170,105,136
1,7,170,94,136
1,8,170,89,136
1,9,170,95,136
1,10,170,91,136
1,11,170,99,136
1,12,170,87,136
1,13,170,107,136
1,14,170,97,136
1,15,170,102,136
1,16,170,86,136
1,17,170,98,136
1,18,170,93,136
1,19,170,90,136
1,20,170,104,136
1,21,170,100,136
1,22,170,109,136
1,23,170,106,136
1,24,170,101,136
1,25,170,85,136
1,26,170,45,136
1,27,170,42,136
1,28,170,43,136
1,29,170,39,136
1,30,170,34,136
1,31,170,55,136
1,32,170,49,136
1,33,170,103,136
1,34,170,54,136
1,35,170,46,136
1,36,170,60,136
1,37,170,48,136
1,38,170,41,136
1,39,170,50,136
1,40,170,35,136
1,41,170,40,136
1,42,170,117,136
1,43,170,38,136
1,44,170,37,136
1,45,170,115,136
1,46,170,44,136
1,47,170,32,136
1,48,170,120,136
1,49,170,57,136
1,50,170,125,136
1,51,170,27,136
1,52,170,119,136
1,53,170,116,136
1,54,170,123,136
1,55,170,110,136
1,56,170,58,136
1,57,170,33,136
1,58,170,36,136
1,59,170,53,136
1,60,170,19,136
1,61,170,31,136
1,62,170,122,136
1,63,170,124,136
1,64,170,127,136
1,65,170,51,136
1,66,170,59,136
1,67,170,47,136
1,68,170,112,136
1,69,170,113,136
1,70,170,128,136
1,71,170,6,136
1,72,170,9,136
1,73,170,129,136
1,74,170,56,136
1,75,170,64,136
1,76,170,126,136
1,77,170,5,136
1,78,170,114,136
1,79,170,16,136
1,80,170,118,136
1,81,170,111,136
1,82,170,121,136
1,83,170,52,136
1,84,170,26,136
1,85,170,14,136
1,86,170,71,136
1,87,170,1,136
1,88,170,74,136
1,89,170,72,136
1,90,170,28,136
1,91,170,76,136
1,92,170,66,136
1,93,170,77,136
1,94,170,61,136
1,95,170,67,136
1,96,170,73,136
1,97,170,24,136
1,98,170,68,136
1,99,170,29,136
1,100,170,79,136
1,101,170,80,136
1,102,170,83,136
1,103,170,63,136
1,104,170,2,136
1,105,170,13,136
1,106,170,78,136
1,107,170,82,136
1,108,170,25,136
1,109,170,11,136
1,110,170,81,136
1,111,170,21,136
1,112,170,10,136
1,113,170,15,136
1,114,170,62,136
1,115,170,69,136
1,116,170,65,136
1,117,170,20,136
1,118,170,75,136
1,119,170,3,136
1,120,170,70,136
1,121,170,7,136
1,122,170,8,136
1,123,170,12,136
1,124,170,23,136
1,125,170,30,136
1,126,170,18,136
1,127,170,22,136
1,128,170,4,136
1,129,170,17,136
1,1,171,108,71
1,2,171,92,71
1,3,171,88,71
1,4,171,96,71
1,5,171,84,71
1,6,171,105,71
1,7,171,94,71
1,8,171,89,71
1,9,171,95,71
1,10,171,91,71
1,11,171,99,71
1,12,171,87,71
1,13,171,107,71
1,14,171,97,71
1,15,171,102,71
1,16,171,86,71
1,17,171,98,71
1,18,171,93,71
1,19,171,90,71
1,20,171,104,71
1,21,171,100,71
1,22,171,109,71
1,23,171,106,71
1,24,171,101,71
1,25,171,85,71
1,26,171,45,71
1,27,171,42,71
1,28,171,43,71
1,29,171,39,71
1,30,171,34,71
1,31,171,55,71
1,32,171,49,71
1,33,171,103,71
1,34,171,54,71
1,35,171,46,71
1,36,171,60,71
1,37,171,48,71
1,38,171,41,71
1,39,171,50,71
1,40,171,35,71
1,41,171,40,71
1,42,171,117,71
1,43,171,38,71
1,44,171,37,71
1,45,171,115,71
1,46,171,44,71
1,47,171,32,71
1,48,171,120,71
1,49,171,57,71
1,50,171,125,71
1,51,171,27,71
1,52,171,119,71
1,53,171,116,71
1,54,171,123,71
1,55,171,110,71
1,56,171,58,71
1,57,171,33,71
1,58,171,36,71
1,59,171,53,71
1,60,171,19,71
1,61,171,31,71
1,62,171,122,71
1,63,171,124,71
1,64,171,127,71
1,65,171,51,71
1,66,171,59,71
1,67,171,47,71
1,68,171,112,71
1,69,171,113,71
1,70,171,128,71
1,71,171,6,71
1,72,171,9,71
1,73,171,129,71
1,74,171,56,71
1,75,171,64,71
1,76,171,126,71
1,77,171,5,71
1,78,171,114,71
1,79,171,16,71
1,80,171,118,71
1,81,171,111,71
1,82,171,121,71
1,83,171,52,71
1,84,171,26,71
1,85,171,14,71
1,86,171,71,71
1,87,171,1,71
1,88,171,74,71
1,89,171,72,71
1,90,171,28,71
1,91,171,76,71
1,92,171,66,71
1,93,171,77,71
1,94,171,61,71
1,95,171,67,71
1,96,171,73,71
1,97,171,24,71
1,98,171,68,71
1,99,171,29,71
1,100,171,79,71
1,101,171,80,71
1,102,171,83,71
1,103,171,63,71
1,104,171,2,71
1,105,171,13,71
1,106,171,78,71
1,107,171,82,71
1,108,171,25,71
1,109,171,11,71
1,110,171,81,71
1,111,171,21,71
1,112,171,10,71
1,113,171,15,71
1,114,171,62,71
1,115,171,69,71
1,116,171,65,71
1,117,171,20,71
1,118,171,75,71
1,119,171,3,71
1,120,171,70,71
1,121,171,7,71
1,122,171,8,71
1,123,171,12,71
1,124,171,23,71
1,125,171,30,71
1,126,171,18,71
1,127,171,22,71
1,128,171,4,71
1,129,171,17,71
1,1,172,108,17
1,2,172,92,17
1,3,172,88,17
1,4,172,96,17
1,5,172,84,17
1,6,172,105,17
1,7,172,94,17
1,8,172,89,17
1,9,172,95,17
1,10,172,91,17
1,11,172,99,17
1,12,172,87,17
1,13,172,107,17
1,14,172,97,17
1,15,172,102,17
1,16,172,86,17
1,17,172,98,17
1,18,172,93,17
1,19,172,90,17
1,20,172,104,17
1,21,172,100,17
1,22,172,109,17
1,23,172,106,17
1,24,172,101,17
1,25,172,85,17
1,26,172,45,17
1,27,172,42,17
1,28,172,43,17
1,29,172,39,17
1,30,172,34,17
1,31,172,55,17
1,32,172,49,17
1,33,172,103,17
1,34,172,54,17
1,35,172,46,17
1,36,172,60,17
1,37,172,48,17
1,38,172,41,17
1,39,172,50,17
1,40,172,35,17
1,41,172,40,17
1,42,172,117,17
1,43,172,38,17
1,44,172,37,17
1,45,172,115,17
1,46,172,44,17
1,47,172,32,17
1,48,172,120,17
1,49,172,57,17
1,50,172,125,17
1,51,172,27,17
1,52,172,119,17
1,53,172,116,17
1,54,172,123,17
1,55,172,110,17
1,56,172,58,17
1,57,172,33,17
1,58,172,36,17
1,59,172,53,17
1,60,172,19,17
1,61,172,31,17
1,62,172,122,17
1,63,172,124,17
1,64,172,127,17
1,65,172,51,17
1,66,172,59,17
1,67,172,47,17
1,68,172,112,17
1,69,172,113,17
1,70,172,128,17
1,71,172,6,17
1,72,172,9,17
1,73,172,129,17
1,74,172,56,17
1,75,172,64,17
1,76,172,126,17
1,77,172,5,17
1,78,172,114,17
1,79,172,16,17
1,80,172,118,17
1,81,172,111,17
1,82,172,121,17
1,83,172,52,17
1,84,172,26,17
1,85,172,14,17
1,86,172,71,17
1,87,172,1,17
1,88,172,74,17
1,89,172,72,17
1,90,172,28,17
1,91,172,76,17
1,92,172,66,17
1,93,172,77,17
1,94,172,61,17
1,95,172,67,17
1,96,172,73,17
1,97,172,24,17
1,98,172,68,17
1,99,172,29,17
1,100,172,79,17
1,101,172,80,17
1,102,172,83,17
1,103,172,63,17
1,104,172,2,17
1,105,172,13,17
1,106,172,78,17
1,107,172,82,17
1,108,172,25,17
1,109,172,11,17
1,110,172,81,17
1,111,172,21,17
1,112,172,10,17
1,113,172,15,17
1,114,172,62,17
1,115,172,69,17
1,116,172,65,17
1,117,172,20,17
1,118,172,75,17
1,119,172,3,17
1,120,172,70,17
1,121,172,7,17
1,122,172,8,17
1,123,172,12,17
1,124,172,23,17
1,125,172,30,17
1,126,172,18,17
1,127,172,22,17
1,128,172,4,17
1,129,172,17,17
1,1,173,108,140
1,2,173,92,140
1,3,173,88,140
1,4,173,96,140
1,5,173,84,140
1,6,173,105,140
1,7,173,94,140
1,8,173,89,140
1,9,173,95,140
1,10,173,91,140
1,11,173,99,140
1,12,173,87,140
1,13,173,107,140
1,14,173,97,140
1,15,173,102,140
1,16,173,86,140
1,17,173,98,140
1,18,173,93,140
1,19,173,90,140
1,20,173,104,140
1,21,173,100,140
1,22,173,109,140
1,23,173,106,140
1,24,173,101,140
1,25,173,85,140
1,26,173,45,140
1,27,173,42,140
1,28,173,43,140
1,29,173,39,140
1,30,173,34,140
1,31,173,55,140
1,32,173,49,140
1,33,173,103,140
1,34,173,54,140
1,35,173,46,140
1,36,173,60,140
1,37,173,48,140
1,38,173,41,140
1,39,173,50,140
1,40,173,35,140
1,41,173,40,140
1,42,173,117,140
1,43,173,38,140
1,44,173,37,140
1,45,173,115,140
1,46,173,44,140
1,47,173,32,140
1,48,173,120,140
1,49,173,57,140
1,50,173,125,140
1,51,173,27,140
1,52,173,119,140
1,53,173,116,140
1,54,173,123,140
1,55,173,110,140
1,56,173,58,140
1,57,173,33,140
1,58,173,36,140
1,59,173,53,140
1,60,173,19,140
1,61,173,31,140
1,62,173,122,140
1,63,173,124,140
1,64,173,127,140
1,65,173,51,140
1,66,173,59,140
1,67,173,47,140
1,68,173,112,140
1,69,173,113,140
1,70,173,128,140
1,71,173,6,140
1,72,173,9,140
1,73,173,129,140
1,74,173,56,140
1,75,173,64,140
1,76,173,126,140
1,77,173,5,140
1,78,173,114,140
1,79,173,16,140
1,80,173,118,140
1,81,173,111,140
1,82,173,121,140
1,83,173,52,140
1,84,173,26,140
1,85,173,14,140
1,86,173,71,140
1,87,173,1,140
1,88,173,74,140
1,89,173,72,140
1,90,173,28,140
1,91,173,76,140
1,92,173,66,140
1,93,173,77,140
1,94,173,61,140
1,95,173,67,140
1,96,173,73,140
1,97,173,24,140
1,98,173,68,140
1,99,173,29,140
1,100,173,79,140
1,101,173,80,140
1,102,173,83,140
1,103,173,63,140
1,104,173,2,140
1,105,173,13,140
1,106,173,78,140
1,107,173,82,140
1,108,173,25,140
1,109,173,11,140
1,110,173,81,140
1,111,173,21,140
1,112,173,10,140
1,113,173,15,140
1,114,173,62,140
1,115,173,69,140
1,116,173,65,140
1,117,173,20,140
1,118,173,75,140
1,119,173,3,140
1,120,173,70,140
1,121,173,7,140
1,122,173,8,140
1,123,173,12,140
1,124,173,23,140
1,125,173,30,140
1,126,173,18,140
1,127,173,22,140
1,128,173,4,140
1,129,173,17,140
1,1,174,108,152
1,2,174,92,152
1,3,174,88,152
1,4,174,96,152
1,5,174,84,152
1,6,174,105,152
1,7,174,94,152
1,8,174,89,152
1,9,174,95,152
1,10,174,91,152
1,11,174,99,152
1,12,174,87,152
1,13,174,107,152
1,14,174,97,152
1,15,174,102,152
1,16,174,86,152
1,17,174,98,152
1,18,174,93,152
1,19,174,90,152
1,20,174,104,152
1,21,174,100,152
1,22,174,109,152
1,23,174,106,152
1,24,174,101,152
1,25,174,85,152
1,26,174,45,152
1,27,174,42,152
1,28,174,43,152
1,29,174,39,152
1,30,174,34,152
1,31,174,55,152
1,32,174,49,152
1,33,174,103,152
1,34,174,54,152
1,35,174,46,152
1,36,174,60,152
1,37,174,48,152
1,38,174,41,152
1,39,174,50,152
1,40,174,35,152
1,41,174,40,152
1,42,174,117,152
1,43,174,38,152
1,44,174,37,152
1,45,174,115,152
1,46,174,44,152
1,47,174,32,152
1,48,174,120,152
1,49,174,57,152
1,50,174,125,152
1,51,174,27,152
1,52,174,119,152
1,53,174,116,152
1,54,174,123,152
1,55,174,110,152
1,56,174,58,152
1,57,174,33,152
1,58,174,36,152
1,59,174,53,152
1,60,174,19,152
1,61,174,31,152
1,62,174,122,152
1,63,174,124,152
1,64,174,127,152
1,65,174,51,152
1,66,174,59,152
1,67,174,47,152
1,68,174,112,152
1,69,174,113,152
1,70,174,128,152
1,71,174,6,152
1,72,174,9,152
1,73,174,129,152
1,74,174,56,152
1,75,174,64,152
1,76,174,126,152
1,77,174,5,152
1,78,174,114,152
1,79,174,16,152
1,80,174,118,152
1,81,174,111,152
1,82,174,121,152
1,83,174,52,152
1,84,174,26,152
1,85,174,14,152
1,86,174,71,152
1,87,174,1,152
1,88,174,74,152
1,89,174,72,152
1,90,174,28,152
1,91,174,76,152
1,92,174,66,152
1,93,174,77,152
1,94,174,61,152
1,95,174,67,152
1,96,174,73,152
1,97,174,24,152
1,98,174,68,152
1,99,174,29,152
1,100,174,79,152
1,101,174,80,152
1,102,174,83,152
1,103,174,63,152
1,104,174,2,152
1,105,174,13,152
1,106,174,78,152
1,107,174,82,152
1,108,174,25,152
1,109,174,11,152
1,110,174,81,152
1,111,174,21,152
1,112,174,10,152
1,113,174,15,152
1,114,174,62,152
1,115,174,69,152
1,116,174,65,152
1,117,174,20,152
1,118,174,75,152
1,119,174,3,152
1,120,174,70,152
1,121,174,7,152
1,122,174,8,152
1,123,174,12,152
1,124,174,23,152
1,125,174,30,152
1,126,174,18,152
1,127,174,22,152
1,128,174,4,152
1,129,174,17,152
1,1,175,108,108
1,2,175,92,108
1,3,175,88,108
1,4,175,96,108
1,5,175,84,108
1,6,175,105,108
1,7,175,94,108
1,8,175,89,108
1,9,175,95,108
1,10,175,91,108
1,11,175,99,108
1,12,175,87,108
1,13,175,107,108
1,14,175,97,108
1,15,175,102,108
1,16,175,86,108
1,17,175,98,108
1,18,175,93,108
1,19,175,90,108
1,20,175,104,108
1,21,175,100,108
1,22,175,109,108
1,23,175,106,108
1,24,175,101,108
1,25,175,85,108
1,26,175,45,108
1,27,175,42,108
1,28,175,43,108
1,29,175,39,108
1,30,175,34,108
1,31,175,55,108
1,32,175,49,108
1,33,175,103,108
1,34,175,54,108
1,35,175,46,108
1,36,175,60,108
1,37,175,48,108
1,38,175,41,108
1,39,175,50,108
1,40,175,35,108
1,41,175,40,108
1,42,175,117,108
1,43,175,38,108
1,44,175,37,108
1,45,175,115,108
1,46,175,44,108
1,47,175,32,108
1,48,175,120,108
1,49,175,57,108
1,50,175,125,108
1,51,175,27,108
1,52,175,119,108
1,53,175,116,108
1,54,175,123,108
1,55,175,110,108
1,56,175,58,108
1,57,175,33,108
1,58,175,36,108
1,59,175,53,108
1,60,175,19,108
1,61,175,31,108
1,62,175,122,108
1,63,175,124,108
1,64,175,127,108
1,65,175,51,108
1,66,175,59,108
1,67,175,47,108
1,68,175,112,108
1,69,175,113,108
1,70,175,128,108
1,71,175,6,108
1,72,175,9,108
1,73,175,129,108
1,74,175,56,108
1,75,175,64,108
1,76,175,126,108
1,77,175,5,108
1,78,175,114,108
1,79,175,16,108
1,80,175,118,108
1,81,175,111,108
1,82,175,121,108
1,83,175,52,108
1,84,175,26,108
1,85,175,14,108
1,86,175,71,108
1,87,175,1,108
1,88,175,74,108
1,89,175,72,108
1,90,175,28,108
1,91,175,76,108
1,92,175,66,108
1,93,175,77,108
1,94,175,61,108
1,95,175,67,108
1,96,175,73,108
1,97,175,24,108
1,98,175,68,108
1,99,175,29,108
1,100,175,79,108
1,101,175,80,108
1,102,175,83,108
1,103,175,63,108
1,104,175,2,108
1,105,175,13,108
1,106,175,78,108
1,107,175,82,108
1,108,175,25,108
1,109,175,11,108
1,110,175,81,108
1,111,175,21,108
1,112,175,10,108
1,113,175,15,108
1,114,175,62,108
1,115,175,69,108
1,116,175,65,108
1,117,175,20,108
1,118,175,75,108
1,119,175,3,108
1,120,175,70,108
1,121,175,7,108
1,122,175,8,108
1,123,175,12,108
1,124,175,23,108
1,125,175,30,108
1,126,175,18,108
1,127,175,22,108
1,128,175,4,108
1,129,175,17,108
1,1,176,108,13
1,2,176,92,13
1,3,176,88,13
1,4,176,96,13
1,5,176,84,13
1,6,176,105,13
1,7,176,94,13
1,8,176,89,13
1,9,176,95,13
1,10,176,91,13
1,11,176,99,13
1,12,176,87,13
1,13,176,107,13
1,14,176,97,13
1,15,176,102,13
1,16,176,86,13
1,17,176,98,13
1,18,176,93,13
1,19,176,90,13
1,20,176,104,13
1,21,176,100,13
1,22,176,109,13
1,23,176,106,13
1,24,176,101,13
1,25,176,85,13
1,26,176,45,13
1,27,176,42,13
1,28,176,43,13
1,29,176,39,13
1,30,176,34,13
1,31,176,55,13
1,32,176,49,13
1,33,176,103,13
1,34,176,54,13
1,35,176,46,13
1,36,176,60,13
1,37,176,48,13
1,38,176,41,13
1,39,176,50,13
1,40,176,35,13
1,41,176,40,13
1,42,176,117,13
1,43,176,38,13
1,44,176,37,13
1,45,176,115,13
1,46,176,44,13
1,47,176,32,13
1,48,176,120,13
1,49,176,57,13
1,50,176,125,13
1,51,176,27,13
1,52,176,119,13
1,53,176,116,13
1,54,176,123,13
1,55,176,110,13
1,56,176,58,13
1,57,176,33,13
1,58,176,36,13
1,59,176,53,13
1,60,176,19,13
1,61,176,31,13
1,62,176,122,13
1,63,176,124,13
1,64,176,127,13
1,65,176,51,13
1,66,176,59,13
1,67,176,47,13
1,68,176,112,13
1,69,176,113,13
1,70,176,128,13
1,71,176,6,13
1,72,176,9,13
1,73,176,129,13
1,74,176,56,13
1,75,176,64,13
1,76,176,126,13
1,77,176,5,13
1,78,176,114,13
1,79,176,16,13
1,80,176,118,13
1,81,176,111,13
1,82,176,121,13
1,83,176,52,13
1,84,176,26,13
1,85,176,14,13
1,86,176,71,13
1,87,176,1,13
1,88,176,74,13
1,89,176,72,13
1,90,176,28,13
1,91,176,76,13
1,92,176,66,13
1,93,176,77,13
1,94,176,61,13
1,95,176,67,13
1,96,176,73,13
1,97,176,24,13
1,98,176,68,13
1,99,176,29,13
1,100,176,79,13
1,101,176,80,13
1,102,176,83,13
1,103,176,63,13
1,104,176,2,13
1,105,176,13,13
1,106,176,78,13
1,107,176,82,13
1,108,176,25,13
1,109,176,11,13
1,110,176,81,13
1,111,176,21,13
1,112,176,10,13
1,113,176,15,13
1,114,176,62,13
1,115,176,69,13
1,116,176,65,13
1,117,176,20,13
1,118,176,75,13
1,119,176,3,13
1,120,176,70,13
1,121,176,7,13
1,122,176,8,13
1,123,176,12,13
1,124,176,23,13
1,125,176,30,13
1,126,176,18,13
1,127,176,22,13
1,128,176,4,13
1,129,176,17,13
1,1,177,108,112
1,2,177,92,112
1,3,177,88,112
1,4,177,96,112
1,5,177,84,112
1,6,177,105,112
1,7,177,94,112
1,8,177,89,112
1,9,177,95,112
1,10,177,91,112
1,11,177,99,112
1,12,177,87,112
1,13,177,107,112
1,14,177,97,112
1,15,177,102,112
1,16,177,86,112
1,17,177,98,112
1,18,177,93,112
1,19,177,90,112
1,20,177,104,112
1,21,177,100,112
1,22,177,109,112
1,23,177,106,112
1,24,177,101,112
1,25,177,85,112
1,26,177,45,112
1,27,177,42,112
1,28,177,43,112
1,29,177,39,112
1,30,177,34,112
1,31,177,55,112
1,32,177,49,112
1,33,177,103,112
1,34,177,54,112
1,35,177,46,112
1,36,177,60,112
1,37,177,48,112
1,38,177,41,112
1,39,177,50,112
1,40,177,35,112
1,41,177,40,112
1,42,177,117,112
1,43,177,38,112
1,44,177,37,112
1,45,177,115,112
1,46,177,44,112
1,47,177,32,112
1,48,177,120,112
1,49,177,57,112
1,50,177,125,112
1,51,177,27,112
1,52,177,119,112
1,53,177,116,112
1,54,177,123,112
1,55,177,110,112
1,56,177,58,112
1,57,177,33,112
1,58,177,36,112
1,59,177,53,112
1,60,177,19,112
1,61,177,31,112
1,62,177,122,112
1,63,177,124,112
1,64,177,127,112
1,65,177,51,112
1,66,177,59,112
1,67,177,47,112
1,68,177,112,112
1,69,177,113,112
1,70,177,128,112
1,71,177,6,112
1,72,177,9,112
1,73,177,129,112
1,74,177,56,112
1,75,177,64,112
1,76,177,126,112
1,77,177,5,112
1,78,177,114,112
1,79,177,16,112
1,80,177,118,112
1,81,177,111,112
1,82,177,121,112
1,83,177,52,112
1,84,177,26,112
1,85,177,14,112
1,86,177,71,112
1,87,177,1,112
1,88,177,74,112
1,89,177,72,112
1,90,177,28,112
1,91,177,76,112
1,92,177,66,112
1,93,177,77,112
1,94,177,61,112
1,95,177,67,112
1,96,177,73,112
1,97,177,24,112
1,98,177,68,112
1,99,177,29,112
1,100,177,79,112
1,101,177,80,112
1,102,177,83,112
1,103,177,63,112
1,104,177,2,112
1,105,177,13,112
1,106,177,78,112
1,107,177,82,112
1,108,177,25,112
1,109,177,11,112
1,110,177,81,112
1,111,177,21,112
1,112,177,10,112
1,113,177,15,112
1,114,177,62,112
1,115,177,69,112
1,116,177,65,112
1,117,177,20,112
1,118,177,75,112
1,119,177,3,112
1,120,177,70,112
1,121,177,7,112
1,122,177,8,112
1,123,177,12,112
1,124,177,23,112
1,125,177,30,112
1,126,177,18,112
1,127,177,22,112
1,128,177,4,112
1,129,177,17,112
1,1,178,108,24
1,2,178,92,24
1,3,178,88,24
1,4,178,96,24
1,5,178,84,24
1,6,178,105,24
1,7,178,94,24
1,8,178,89,24
1,9,178,95,24
1,10,178,91,24
1,11,178,99,24
1,12,178,87,24
1,13,178,107,24
1,14,178,97,24
1,15,178,102,24
1,16,178,86,24
1,17,178,98,24
1,18,178,93,24
1,19,178,90,24
1,20,178,104,24
1,21,178,100,24
1,22,178,109,24
1,23,178,106,24
1,24,178,101,24
1,25,178,85,24
1,26,178,45,24
1,27,178,42,24
1,28,178,43,24
1,29,178,39,24
1,30,178,34,24
1,31,178,55,24
1,32,178,49,24
1,33,178,103,24
1,34,178,54,24
1,35,178,46,24
1,36,178,60,24
1,37,178,48,24
1,38,178,41,24
1,39,178,50,24
1,40,178,35,24
1,41,178,40,24
1,42,178,117,24
1,43,178,38,24
1,44,178,37,24
1,45,178,115,24
1,46,178,44,24
1,47,178,32,24
1,48,178,120,24
1,49,178,57,24
1,50,178,125,24
1,51,178,27,24
1,52,178,119,24
1,53,178,116,24
1,54,178,123,24
1,55,178,110,24
1,56,178,58,24
1,57,178,33,24
1,58,178,36,24
1,59,178,53,24
1,60,178,19,24
1,61,178,31,24
1,62,178,122,24
1,63,178,124,24
1,64,178,127,24
1,65,178,51,24
1,66,178,59,24
1,67,178,47,24
1,68,178,112,24
1,69,178,113,24
1,70,178,128,24
1,71,178,6,24
1,72,178,9,24
1,73,178,129,24
1,74,178,56,24
1,75,178,64,24
1,76,178,126,24
1,77,178,5,24
1,78,178,114,24
1,79,178,16,24
1,80,178,118,24
1,81,178,111,24
1,82,178,121,24
1,83,178,52,24
1,84,178,26,24
1,85,178,14,24
1,86,178,71,24
1,87,178,1,24
1,88,178,74,24
1,89,178,72,24
1,90,178,28,24
1,91,178,76,24
1,92,178,66,24
1,93,178,77,24
1,94,178,61,24
1,95,178,67,24
1,96,178,73,24
1,97,178,24,24
1,98,178,68,24
1,99,178,29,24
1,100,178,79,24
1,101,178,80,24
1,102,178,83,24
1,103,178,63,24
1,104,178,2,24
1,105,178,13,24
1,106,178,78,24
1,107,178,82,24
1,108,178,25,24
1,109,178,11,24
1,110,178,81,24
1,111,178,21,24
1,112,178,10,24
1,113,178,15,24
1,114,178,62,24
1,115,178,69,24
1,116,178,65,24
1,117,178,20,24
1,118,178,75,24
1,119,178,3,24
1,120,178,70,24
1,121,178,7,24
1,122,178,8,24
1,123,178,12,24
1,124,178,23,24
1,125,178,30,24
1,126,178,18,24
1,127,178,22,24
1,128,178,4,24
1,129,178,17,24
1,1,179,108,50
1,2,179,92,50
1,3,179,88,50
1,4,179,96,50
1,5,179,84,50
1,6,179,105,50
1,7,179,94,50
1,8,179,89,50
1,9,179,95,50
1,10,179,91,50
1,11,179,99,50
1,12,179,87,50
1,13,179,107,50
1,14,179,97,50
1,15,179,102,50
1,16,179,86,50
1,17,179,98,50
1,18,179,93,50
1,19,179,90,50
1,20,179,104,50
1,21,179,100,50
1,22,179,109,50
1,23,179,106,50
1,24,179,101,50
1,25,179,85,50
1,26,179,45,50
1,27,179,42,50
1,28,179,43,50
1,29,179,39,50
1,30,179,34,50
1,31,179,55,50
1,32,179,49,50
1,33,179,103,50
1,34,179,54,50
1,35,179,46,50
1,36,179,60,50
1,37,179,48,50
1,38,179,41,50
1,39,179,50,50
1,40,179,35,50
1,41,179,40,50
1,42,179,117,50
1,43,179,38,50
1,44,179,37,50
1,45,179,115,50
1,46,179,44,50
1,47,179,32,50
1,48,179,120,50
1,49,179,57,50
1,50,179,125,50
1,51,179,27,50
1,52,179,119,50
1,53,179,116,50
1,54,179,123,50
1,55,179,110,50
1,56,179,58,50
1,57,179,33,50
1,58,179,36,50
1,59,179,53,50
1,60,179,19,50
1,61,179,31,50
1,62,179,122,50
1,63,179,124,50
1,64,179,127,50
1,65,179,51,50
1,66,179,59,50
1,67,179,47,50
1,68,179,112,50
1,69,179,113,50
1,70,179,128,50
1,71,179,6,50
1,72,179,9,50
1,73,179,129,50
1,74,179,56,50
1,75,179,64,50
1,76,179,126,50
1,77,179,5,50
1,78,179,114,50
1,79,179,16,50
1,80,179,118,50
1,81,179,111,50
1,82,179,121,50
1,83,179,52,50
1,84,179,26,50
1,85,179,14,50
1,86,179,71,50
1,87,179,1,50
1,88,179,74,50
1,89,179,72,50
1,90,179,28,50
1,91,179,76,50
1,92,179,66,50
1,93,179,77,50
1,94,179,61,50
1,95,179,67,50
1,96,179,73,50
1,97,179,24,50
1,98,179,68,50
1,99,179,29,50
1,100,179,79,50
1,101,179,80,50
1,102,179,83,50
1,103,179,63,50
1,104,179,2,50
1,105,179,13,50
1,106,179,78,50
1,107,179,82,50
1,108,179,25,50
1,109,179,11,50
1,110,179,81,50
1,111,179,21,50
1,112,179,10,50
1,113,179,15,50
1,114,179,62,50
1,115,179,69,50
1,116,179,65,50
1,117,179,20,50
1,118,179,75,50
1,119,179,3,50
1,120,179,70,50
1,121,179,7,50
1,122,179,8,50
1,123,179,12,50
1,124,179,23,50
1,125,179,30,50
1,126,179,18,50
1,127,179,22,50
1,128,179,4,50
1,129,179,17,50
1,1,180,108,3
1,2,180,92,3
1,3,180,88,3
1,4,180,96,3
1,5,180,84,3
1,6,180,105,3
1,7,180,94,3
1,8,180,89,3
1,9,180,95,3
1,10,180,91,3
1,11,180,99,3
1,12,180,87,3
1,13,180,107,3
1,14,180,97,3
1,15,180,102,3
1,16,180,86,3
1,17,180,98,3
1,18,180,93,3
1,19,180,90,3
1,20,180,104,3
1,21,180,100,3
1,22,180,109,3
1,23,180,106,3
1,24,180,101,3
1,25,180,85,3
1,26,180,45,3
1,27,180,42,3
1,28,180,43,3
1,29,180,39,3
1,30,180,34,3
1,31,180,55,3
1,32,180,49,3
1,33,180,103,3
1,34,180,54,3
1,35,180,46,3
1,36,180,60,3
1,37,180,48,3
1,38,180,41,3
1,39,180,50,3
1,40,180,35,3
1,41,180,40,3
1,42,180,117,3
1,43,180,38,3
1,44,180,37,3
1,45,180,115,3
1,46,180,44,3
1,47,180,32,3
1,48,180,120,3
1,49,180,57,3
1,50,180,125,3
1,51,180,27,3
1,52,180,119,3
1,53,180,116,3
1,54,180,123,3
1,55,180,110,3
1,56,180,58,3
1,57,180,33,3
1,58,180,36,3
1,59,180,53,3
1,60,180,19,3
1,61,180,31,3
1,62,180,122,3
1,63,180,124,3
1,64,180,127,3
1,65,180,51,3
1,66,180,59,3
1,67,180,47,3
1,68,180,112,3
1,69,180,113,3
1,70,180,128,3
1,71,180,6,3
1,72,180,9,3
1,73,180,129,3
1,74,180,56,3
1,75,180,64,3
1,76,180,126,3
1,77,180,5,3
1,78,180,114,3
1,79,180,16,3
1,80,180,118,3
1,81,180,111,3
1,82,180,121,3
1,83,180,52,3
1,84,180,26,3
1,85,180,14,3
1,86,180,71,3
1,87,180,1,3
1,88,180,74,3
1,89,180,72,3
1,90,180,28,3
1,91,180,76,3
1,92,180,66,3
1,93,180,77,3
1,94,180,61,3
1,95,180,67,3
1,96,180,73,3
1,97,180,24,3
1,98,180,68,3
1,99,180,29,3
1,100,180,79,3
1,101,180,80,3
1,102,180,83,3
1,103,180,63,3
1,104,180,2,3
1,105,180,13,3
1,106,180,78,3
1,107,180,82,3
1,108,180,25,3
1,109,180,11,3
1,110,180,81,3
1,111,180,21,3
1,112,180,10,3
1,113,180,15,3
1,114,180,62,3
1,115,180,69,3
1,116,180,65,3
1,117,180,20,3
1,118,180,75,3
1,119,180,3,3
1,120,180,70,3
1,121,180,7,3
1,122,180,8,3
1,123,180,12,3
1,124,180,23,3
1,125,180,30,3
1,126,180,18,3
1,127,180,22,3
1,128,180,4,3
1,129,180,17,3
1,1,181,108,10
1,2,181,92,10
1,3,181,88,10
1,4,181,96,10
1,5,181,84,10
1,6,181,105,10
1,7,181,94,10
1,8,181,89,10
1,9,181,95,10
1,10,181,91,10
1,11,181,99,10
1,12,181,87,10
1,13,181,107,10
1,14,181,97,10
1,15,181,102,10
1,16,181,86,10
1,17,181,98,10
1,18,181,93,10
1,19,181,90,10
1,20,181,104,10
1,21,181,100,10
1,22,181,109,10
1,23,181,106,10
1,24,181,101,10
1,25,181,85,10
1,26,181,45,10
1,27,181,42,10
1,28,181,43,10
1,29,181,39,10
1,30,181,34,10
1,31,181,55,10
1,32,181,49,10
1,33,181,103,10
1,34,181,54,10
1,35,181,46,10
1,36,181,60,10
1,37,181,48,10
1,38,181,41,10
1,39,181,50,10
1,40,181,35,10
1,41,181,40,10
1,42,181,117,10
1,43,181,38,10
1,44,181,37,10
1,45,181,115,10
1,46,181,44,10
1,47,181,32,10
1,48,181,120,10
1,49,181,57,10
1,50,181,125,10
1,51,181,27,10
1,52,181,119,10
1,53,181,116,10
1,54,181,123,10
1,55,181,110,10
1,56,181,58,10
1,57,181,33,10
1,58,181,36,10
1,59,181,53,10
1,60,181,19,10
1,61,181,31,10
1,62,181,122,10
1,63,181,124,10
1,64,181,127,10
1,65,181,51,10
1,66,181,59,10
1,67,181,47,10
1,68,181,112,10
1,69,181,113,10
1,70,181,128,10
1,71,181,6,10
1,72,181,9,10
1,73,181,129,10
1,74,181,56,10
1,75,181,64,10
1,76,181,126,10
1,77,181,5,10
1,78,181,114,10
1,79,181,16,10
1,80,181,118,10
1,81,181,111,10
1,82,181,121,10
1,83,181,52,10
1,84,181,26,10
1,85,181,14,10
1,86,181,71,10
1,87,181,1,10
1,88,181,74,10
1,89,181,72,10
1,90,181,28,10
1,91,181,76,10
1,92,181,66,10
1,93,181,77,10
1,94,181,61,10
1,95,181,67,10
1,96,181,73,10
1,97,181,24,10
1,98,181,68,10
1,99,181,29,10
1,100,181,79,10
1,101,181,80,10
1,102,181,83,10
1,103,181,63,10
1,104,181,2,10
1,105,181,13,10
1,106,181,78,10
1,107,181,82,10
1,108,181,25,10
1,109,181,11,10
1,110,181,81,10
1,111,181,21,10
1,112,181,10,10
1,113,181,15,10
1,114,181,62,10
1,115,181,69,10
1,116,181,65,10
1,117,181,20,10
1,118,181,75,10
1,119,181,3,10
1,120,181,70,10
1,121,181,7,10
1,122,181,8,10
1,123,181,12,10
1,124,181,23,10
1,125,181,30,10
1,126,181,18,10
1,127,181,22,10
1,128,181,4,10
1,129,181,17,10
1,1,182,108,57
1,2,182,92,57
1,3,182,88,57
1,4,182,96,57
1,5,182,84,57
1,6,182,105,57
1,7,182,94,57
1,8,182,89,57
1,9,182,95,57
1,10,182,91,57
1,11,182,99,57
1,12,182,87,57
1,13,182,107,57
1,14,182,97,57
1,15,182,102,57
1,16,182,86,57
1,17,182,98,57
1,18,182,93,57
1,19,182,90,57
1,20,182,104,57
1,21,182,100,57
1,22,182,109,57
1,23,182,106,57
1,24,182,101,57
1,25,182,85,57
1,26,182,45,57
1,27,182,42,57
1,28,182,43,57
1,29,182,39,57
1,30,182,34,57
1,31,182,55,57
1,32,182,49,57
1,33,182,103,57
1,34,182,54,57
1,35,182,46,57
1,36,182,60,57
1,37,182,48,57
1,38,182,41,57
1,39,182,50,57
1,40,182,35,57
1,41,182,40,57
1,42,182,117,57
1,43,182,38,57
1,44,182,37,57
1,45,182,115,57
1,46,182,44,57
1,47,182,32,57
1,48,182,120,57
1,49,182,57,57
1,50,182,125,57
1,51,182,27,57
1,52,182,119,57
1,53,182,116,57
1,54,182,123,57
1,55,182,110,57
1,56,182,58,57
1,57,182,33,57
1,58,182,36,57
1,59,182,53,57
1,60,182,19,57
1,61,182,31,57
1,62,182,122,57
1,63,182,124,57
1,64,182,127,57
1,65,182,51,57
1,66,182,59,57
1,67,182,47,57
1,68,182,112,57
1,69,182,113,57
1,70,182,128,57
1,71,182,6,57
1,72,182,9,57
1,73,182,129,57
1,74,182,56,57
1,75,182,64,57
1,76,182,126,57
1,77,182,5,57
1,78,182,114,57
1,79,182,16,57
1,80,182,118,57
1,81,182,111,57
1,82,182,121,57
1,83,182,52,57
1,84,182,26,57
1,85,182,14,57
1,86,182,71,57
1,87,182,1,57
1,88,182,74,57
1,89,182,72,57
1,90,182,28,57
1,91,182,76,57
1,92,182,66,57
1,93,182,77,57
1,94,182,61,57
1,95,182,67,57
1,96,182,73,57
1,97,182,24,57
1,98,182,68,57
1,99,182,29,57
1,100,182,79,57
1,101,182,80,57
1,102,182,83,57
1,103,182,63,57
1,104,182,2,57
1,105,182,13,57
1,106,182,78,57
1,107,182,82,57
1,108,182,25,57
1,109,182,11,57
1,110,182,81,57
1,111,182,21,57
1,112,182,10,57
1,113,182,15,57
1,114,182,62,57
1,115,182,69,57
1,116,182,65,57
1,117,182,20,57
1,118,182,75,57
1,119,182,3,57
1,120,182,70,57
1,121,182,7,57
1,122,182,8,57
1,123,182,12,57
1,124,182,23,57
1,125,182,30,57
1,126,182,18,57
1,127,182,22,57
1,128,182,4,57
1,129,182,17,57
1,1,183,108,149
1,2,183,92,149
1,3,183,88,149
1,4,183,96,149
1,5,183,84,149
1,6,183,105,149
1,7,183,94,149
1,8,183,89,149
1,9,183,95,149
1,10,183,91,149
1,11,183,99,149
1,12,183,87,149
1,13,183,107,149
1,14,183,97,149
1,15,183,102,149
1,16,183,86,149
1,17,183,98,149
1,18,183,93,149
1,19,183,90,149
1,20,183,104,149
1,21,183,100,149
1,22,183,109,149
1,23,183,106,149
1,24,183,101,149
1,25,183,85,149
1,26,183,45,149
1,27,183,42,149
1,28,183,43,149
1,29,183,39,149
1,30,183,34,149
1,31,183,55,149
1,32,183,49,149
1,33,183,103,149
1,34,183,54,149
1,35,183,46,149
1,36,183,60,149
1,37,183,48,149
1,38,183,41,149
1,39,183,50,149
1,40,183,35,149
1,41,183,40,149
1,42,183,117,149
1,43,183,38,149
1,44,183,37,149
1,45,183,115,149
1,46,183,44,149
1,47,183,32,149
1,48,183,120,149
1,49,183,57,149
1,50,183,125,149
1,51,183,27,149
1,52,183,119,149
1,53,183,116,149
1,54,183,123,149
1,55,183,110,149
1,56,183,58,149
1,57,183,33,149
1,58,183,36,149
1,59,183,53,149
1,60,183,19,149
1,61,183,31,149
1,62,183,122,149
1,63,183,124,149
1,64,183,127,149
1,65,183,51,149
1,66,183,59,149
1,67,183,47,149
1,68,183,112,149
1,69,183,113,149
1,70,183,128,149
1,71,183,6,149
1,72,183,9,149
1,73,183,129,149
1,74,183,56,149
1,75,183,64,149
1,76,183,126,149
1,77,183,5,149
1,78,183,114,149
1,79,183,16,149
1,80,183,118,149
1,81,183,111,149
1,82,183,121,149
1,83,183,52,149
1,84,183,26,149
1,85,183,14,149
1,86,183,71,149
1,87,183,1,149
1,88,183,74,149
1,89,183,72,149
1,90,183,28,149
1,91,183,76,149
1,92,183,66,149
1,93,183,77,149
1,94,183,61,149
1,95,183,67,149
1,96,183,73,149
1,97,183,24,149
1,98,183,68,149
1,99,183,29,149
1,100,183,79,149
1,101,183,80,149
1,102,183,83,149
1,103,183,63,149
1,104,183,2,149
1,105,183,13,149
1,106,183,78,149
1,107,183,82,149
1,108,183,25,149
1,109,183,11,149
1,110,183,81,149
1,111,183,21,149
1,112,183,10,149
1,113,183,15,149
1,114,183,62,149
1,115,183,69,149
1,116,183,65,149
1,117,183,20,149
1,118,183,75,149
1,119,183,3,149
1,120,183,70,149
1,121,183,7,149
1,122,183,8,149
1,123,183,12,149
1,124,183,23,149
1,125,183,30,149
1,126,183,18,149
1,127,183,22,149
1,128,183,4,149
1,129,183,17,149
1,1,184,108,47
1,2,184,92,47
1,3,184,88,47
1,4,184,96,47
1,5,184,84,47
1,6,184,105,47
1,7,184,94,47
1,8,184,89,47
1,9,184,95,47
1,10,184,91,47
1,11,184,99,47
1,12,184,87,47
1,13,184,107,47
1,14,184,97,47
1,15,184,102,47
1,16,184,86,47
1,17,184,98,47
1,18,184,93,47
1,19,184,90,47
1,20,184,104,47
1,21,184,100,47
1,22,184,109,47
1,23,184,106,47
1,24,184,101,47
1,25,184,85,47
1,26,184,45,47
1,27,184,42,47
1,28,184,43,47
1,29,184,39,47
1,30,184,34,47
1,31,184,55,47
1,32,184,49,47
1,33,184,103,47
1,34,184,54,47
1,35,184,46,47
1,36,184,60,47
1,37,184,48,47
1,38,184,41,47
1,39,184,50,47
1,40,184,35,47
1,41,184,40,47
1,42,184,117,47
1,43,184,38,47
1,44,184,37,47
1,45,184,115,47
1,46,184,44,47
1,47,184,32,47
1,48,184,120,47
1,49,184,57,47
1,50,184,125,47
1,51,184,27,47
1,52,184,119,47
1,53,184,116,47
1,54,184,123,47
1,55,184,110,47
1,56,184,58,47
1,57,184,33,47
1,58,184,36,47
1,59,184,53,47
1,60,184,19,47
1,61,184,31,47
1,62,184,122,47
1,63,184,124,47
1,64,184,127,47
1,65,184,51,47
1,66,184,59,47
1,67,184,47,47
1,68,184,112,47
1,69,184,113,47
1,70,184,128,47
1,71,184,6,47
1,72,184,9,47
1,73,184,129,47
1,74,184,56,47
1,75,184,64,47
1,76,184,126,47
1,77,184,5,47
1,78,184,114,47
1,79,184,16,47
1,80,184,118,47
1,81,184,111,47
1,82,184,121,47
1,83,184,52,47
1,84,184,26,47
1,85,184,14,47
1,86,184,71,47
1,87,184,1,47
1,88,184,74,47
1,89,184,72,47
1,90,184,28,47
1,91,184,76,47
1,92,184,66,47
1,93,184,77,47
1,94,184,61,47
1,95,184,67,47
1,96,184,73,47
1,97,184,24,47
1,98,184,68,47
1,99,184,29,47
1,100,184,79,47
1,101,184,80,47
1,102,184,83,47
1,103,184,63,47
1,104,184,2,47
1,105,184,13,47
1,106,184,78,47
1,107,184,82,47
1,108,184,25,47
1,109,184,11,47
1,110,184,81,47
1,111,184,21,47
1,112,184,10,47
1,113,184,15,47
1,114,184,62,47
1,115,184,69,47
1,116,184,65,47
1,117,184,20,47
1,118,184,75,47
1,119,184,3,47
1,120,184,70,47
1,121,184,7,47
1,122,184,8,47
1,123,184,12,47
1,124,184,23,47
1,125,184,30,47
1,126,184,18,47
1,127,184,22,47
1,128,184,4,47
1,129,184,17,47
1,1,185,108,197
1,2,185,92,197
1,3,185,88,197
1,4,185,96,197
1,5,185,84,197
1,6,185,105,197
1,7,185,94,197
1,8,185,89,197
1,9,185,95,197
1,10,185,91,197
1,11,185,99,197
1,12,185,87,197
1,13,185,107,197
1,14,185,97,197
1,15,185,102,197
1,16,185,86,197
1,17,185,98,197
1,18,185,93,197
1,19,185,90,197
1,20,185,104,197
1,21,185,100,197
1,22,185,109,197
1,23,185,106,197
1,24,185,101,197
1,25,185,85,197
1,26,185,45,197
1,27,185,42,197
1,28,185,43,197
1,29,185,39,197
1,30,185,34,197
1,31,185,55,197
1,32,185,49,197
1,33,185,103,197
1,34,185,54,197
1,35,185,46,197
1,36,185,60,197
1,37,185,48,197
1,38,185,41,197
1,39,185,50,197
1,40,185,35,197
1,41,185,40,197
1,42,185,117,197
1,43,185,38,197
1,44,185,37,197
1,45,185,115,197
1,46,185,44,197
1,47,185,32,197
1,48,185,120,197
1,49,185,57,197
1,50,185,125,197
1,51,185,27,197
1,52,185,119,197
1,53,185,116,197
1,54,185,123,197
1,55,185,110,197
1,56,185,58,197
1,57,185,33,197
1,58,185,36,197
1,59,185,53,197
1,60,185,19,197
1,61,185,31,197
1,62,185,122,197
1,63,185,124,197
1,64,185,127,197
1,65,185,51,197
1,66,185,59,197
1,67,185,47,197
1,68,185,112,197
1,69,185,113,197
1,70,185,128,197
1,71,185,6,197
1,72,185,9,197
1,73,185,129,197
1,74,185,56,197
1,75,185,64,197
1,76,185,126,197
1,77,185,5,197
1,78,185,114,197
1,79,185,16,197
1,80,185,118,197
1,81,185,111,197
1,82,185,121,197
1,83,185,52,197
1,84,185,26,197
1,85,185,14,197
1,86,185,71,197
1,87,185,1,197
1,88,185,74,197
1,89,185,72,197
1,90,185,28,197
1,91,185,76,197
1,92,185,66,197
1,93,185,77,197
1,94,185,61,197
1,95,185,67,197
1,96,185,73,197
1,97,185,24,197
1,98,185,68,197
1,99,185,29,197
1,100,185,79,197
1,101,185,80,197
1,102,185,83,197
1,103,185,63,197
1,104,185,2,197
1,105,185,13,197
1,106,185,78,197
1,107,185,82,197
1,108,185,25,197
1,109,185,11,197
1,110,185,81,197
1,111,185,21,197
1,112,185,10,197
1,113,185,15,197
1,114,185,62,197
1,115,185,69,197
1,116,185,65,197
1,117,185,20,197
1,118,185,75,197
1,119,185,3,197
1,120,185,70,197
1,121,185,7,197
1,122,185,8,197
1,123,185,12,197
1,124,185,23,197
1,125,185,30,197
1,126,185,18,197
1,127,185,22,197
1,128,185,4,197
1,129,185,17,197
1,1,186,108,124
1,2,186,92,124
1,3,186,88,124
1,4,186,96,124
1,5,186,84,124
1,6,186,105,124
1,7,186,94,124
1,8,186,89,124
1,9,186,95,124
1,10,186,91,124
1,11,186,99,124
1,12,186,87,124
1,13,186,107,124
1,14,186,97,124
1,15,186,102,124
1,16,186,86,124
1,17,186,98,124
1,18,186,93,124
1,19,186,90,124
1,20,186,104,124
1,21,186,100,124
1,22,186,109,124
1,23,186,106,124
1,24,186,101,124
1,25,186,85,124
1,26,186,45,124
1,27,186,42,124
1,28,186,43,124
1,29,186,39,124
1,30,186,34,124
1,31,186,55,124
1,32,186,49,124
1,33,186,103,124
1,34,186,54,124
1,35,186,46,124
1,36,186,60,124
1,37,186,48,124
1,38,186,41,124
1,39,186,50,124
1,40,186,35,124
1,41,186,40,124
1,42,186,117,124
1,43,186,38,124
1,44,186,37,124
1,45,186,115,124
1,46,186,44,124
1,47,186,32,124
1,48,186,120,124
1,49,186,57,124
1,50,186,125,124
1,51,186,27,124
1,52,186,119,124
1,53,186,116,124
1,54,186,123,124
1,55,186,110,124
1,56,186,58,124
1,57,186,33,124
1,58,186,36,124
1,59,186,53,124
1,60,186,19,124
1,61,186,31,124
1,62,186,122,124
1,63,186,124,124
1,64,186,127,124
1,65,186,51,124
1,66,186,59,124
1,67,186,47,124
1,68,186,112,124
1,69,186,113,124
1,70,186,128,124
1,71,186,6,124
1,72,186,9,124
1,73,186,129,124
1,74,186,56,124
1,75,186,64,124
1,76,186,126,124
1,77,186,5,124
1,78,186,114,124
1,79,186,16,124
1,80,186,118,124
1,81,186,111,124
1,82,186,121,124
1,83,186,52,124
1,84,186,26,124
1,85,186,14,124
1,86,186,71,124
1,87,186,1,124
1,88,186,74,124
1,89,186,72,124
1,90,186,28,124
1,91,186,76,124
1,92,186,66,124
1,93,186,77,124
1,94,186,61,124
1,95,186,67,124
1,96,186,73,124
1,97,186,24,124
1,98,186,68,124
1,99,186,29,124
1,100,186,79,124
1,101,186,80,124
1,102,186,83,124
1,103,186,63,124
1,104,186,2,124
1,105,186,13,124
1,106,186,78,124
1,107,186,82,124
1,108,186,25,124
1,109,186,11,124
1,110,186,81,124
1,111,186,21,124
1,112,186,10,124
1,113,186,15,124
1,114,186,62,124
1,115,186,69,124
1,116,186,65,124
1,117,186,20,124
1,118,186,75,124
1,119,186,3,124
1,120,186,70,124
1,121,186,7,124
1,122,186,8,124
1,123,186,12,124
1,124,186,23,124
1,125,186,30,124
1,126,186,18,124
1,127,186,22,124
1,128,186,4,124
1,129,186,17,124
1,1,187,108,189
1,2,187,92,189
1,3,187,88,189
1,4,187,96,189
1,5,187,84,189
1,6,187,105,189
1,7,187,94,189
1,8,187,89,189
1,9,187,95,189
1,10,187,91,189
1,11,187,99,189
1,12,187,87,189
1,13,187,107,189
1,14,187,97,189
1,15,187,102,189
1,16,187,86,189
1,17,187,98,189
1,18,187,93,189
1,19,187,90,189
1,20,187,104,189
1,21,187,100,189
1,22,187,109,189
1,23,187,106,189
1,24,187,101,189
1,25,187,85,189
1,26,187,45,189
1,27,187,42,189
1,28,187,43,189
1,29,187,39,189
1,30,187,34,189
1,31,187,55,189
1,32,187,49,189
1,33,187,103,189
1,34,187,54,189
1,35,187,46,189
1,36,187,60,189
1,37,187,48,189
1,38,187,41,189
1,39,187,50,189
1,40,187,35,189
1,41,187,40,189
1,42,187,117,189
1,43,187,38,189
1,44,187,37,189
1,45,187,115,189
1,46,187,44,189
1,47,187,32,189
1,48,187,120,189
1,49,187,57,189
1,50,187,125,189
1,51,187,27,189
1,52,187,119,189
1,53,187,116,189
1,54,187,123,189
1,55,187,110,189
1,56,187,58,189
1,57,187,33,189
1,58,187,36,189
1,59,187,53,189
1,60,187,19,189
1,61,187,31,189
1,62,187,122,189
1,63,187,124,189
1,64,187,127,189
1,65,187,51,189
1,66,187,59,189
1,67,187,47,189
1,68,187,112,189
1,69,187,113,189
1,70,187,128,189
1,71,187,6,189
1,72,187,9,189
1,73,187,129,189
1,74,187,56,189
1,75,187,64,189
1,76,187,126,189
1,77,187,5,189
1,78,187,114,189
1,79,187,16,189
1,80,187,118,189
1,81,187,111,189
1,82,187,121,189
1,83,187,52,189
1,84,187,26,189
1,85,187,14,189
1,86,187,71,189
1,87,187,1,189
1,88,187,74,189
1,89,187,72,189
1,90,187,28,189
1,91,187,76,189
1,92,187,66,189
1,93,187,77,189
1,94,187,61,189
1,95,187,67,189
1,96,187,73,189
1,97,187,24,189
1,98,187,68,189
1,99,187,29,189
1,100,187,79,189
1,101,187,80,189
1,102,187,83,189
1,103,187,63,189
1,104,187,2,189
1,105,187,13,189
1,106,187,78,189
1,107,187,82,189
1,108,187,25,189
1,109,187,11,189
1,110,187,81,189
1,111,187,21,189
1,112,187,10,189
1,113,187,15,189
1,114,187,62,189
1,115,187,69,189
1,116,187,65,189
1,117,187,20,189
1,118,187,75,189
1,119,187,3,189
1,120,187,70,189
1,121,187,7,189
1,122,187,8,189
1,123,187,12,189
1,124,187,23,189
1,125,187,30,189
1,126,187,18,189
1,127,187,22,189
1,128,187,4,189
1,129,187,17,189
1,1,188,108,92
1,2,188,92,92
1,3,188,88,92
1,4,188,96,92
1,5,188,84,92
1,6,188,105,92
1,7,188,94,92
1,8,188,89,92
1,9,188,95,92
1,10,188,91,92
1,11,188,99,92
1,12,188,87,92
1,13,188,107,92
1,14,188,97,92
1,15,188,102,92
1,16,188,86,92
1,17,188,98,92
1,18,188,93,92
1,19,188,90,92
1,20,188,104,92
1,21,188,100,92
1,22,188,109,92
1,23,188,106,92
1,24,188,101,92
1,25,188,85,92
1,26,188,45,92
1,27,188,42,92
1,28,188,43,92
1,29,188,39,92
1,30,188,34,92
1,31,188,55,92
1,32,188,49,92
1,33,188,103,92
1,34,188,54,92
1,35,188,46,92
1,36,188,60,92
1,37,188,48,92
1,38,188,41,92
1,39,188,50,92
1,40,188,35,92
1,41,188,40,92
1,42,188,117,92
1,43,188,38,92
1,44,188,37,92
1,45,188,115,92
1,46,188,44,92
1,47,188,32,92
1,48,188,120,92
1,49,188,57,92
1,50,188,125,92
1,51,188,27,92
1,52,188,119,92
1,53,188,116,92
1,54,188,123,92
1,55,188,110,92
1,56,188,58,92
1,57,188,33,92
1,58,188,36,92
1,59,188,53,92
1,60,188,19,92
1,61,188,31,92
1,62,188,122,92
1,63,188,124,92
1,64,188,127,92
1,65,188,51,92
1,66,188,59,92
1,67,188,47,92
1,68,188,112,92
1,69,188,113,92
1,70,188,128,92
1,71,188,6,92
1,72,188,9,92
1,73,188,129,92
1,74,188,56,92
1,75,188,64,92
1,76,188,126,92
1,77,188,5,92
1,78,188,114,92
1,79,188,16,92
1,80,188,118,92
1,81,188,111,92
1,82,188,121,92
1,83,188,52,92
1,84,188,26,92
1,85,188,14,92
1,86,188,71,92
1,87,188,1,92
1,88,188,74,92
1,89,188,72,92
1,90,188,28,92
1,91,188,76,92
1,92,188,66,92
1,93,188,77,92
1,94,188,61,92
1,95,188,67,92
1,96,188,73,92
1,97,188,24,92
1,98,188,68,92
1,99,188,29,92
1,100,188,79,92
1,101,188,80,92
1,102,188,83,92
1,103,188,63,92
1,104,188,2,92
1,105,188,13,92
1,106,188,78,92
1,107,188,82,92
1,108,188,25,92
1,109,188,11,92
1,110,188,81,92
1,111,188,21,92
1,112,188,10,92
1,113,188,15,92
1,114,188,62,92
1,115,188,69,92
1,116,188,65,92
1,117,188,20,92
1,118,188,75,92
1,119,188,3,92
1,120,188,70,92
1,121,188,7,92
1,122,188,8,92
1,123,188,12,92
1,124,188,23,92
1,125,188,30,92
1,126,188,18,92
1,127,188,22,92
1,128,188,4,92
1,129,188,17,92
1,1,189,108,216
1,2,189,92,216
1,3,189,88,216
1,4,189,96,216
1,5,189,84,216
1,6,189,105,216
1,7,189,94,216
1,8,189,89,216
1,9,189,95,216
1,10,189,91,216
1,11,189,99,216
1,12,189,87,216
1,13,189,107,216
1,14,189,97,216
1,15,189,102,216
1,16,189,86,216
1,17,189,98,216
1,18,189,93,216
1,19,189,90,216
1,20,189,104,216
1,21,189,100,216
1,22,189,109,216
1,23,189,106,216
1,24,189,101,216
1,25,189,85,216
1,26,189,45,216
1,27,189,42,216
1,28,189,43,216
1,29,189,39,216
1,30,189,34,216
1,31,189,55,216
1,32,189,49,216
1,33,189,103,216
1,34,189,54,216
1,35,189,46,216
1,36,189,60,216
1,37,189,48,216
1,38,189,41,216
1,39,189,50,216
1,40,189,35,216
1,41,189,40,216
1,42,189,117,216
1,43,189,38,216
1,44,189,37,216
1,45,189,115,216
1,46,189,44,216
1,47,189,32,216
1,48,189,120,216
1,49,189,57,216
1,50,189,125,216
1,51,189,27,216
1,52,189,119,216
1,53,189,116,216
1,54,189,123,216
1,55,189,110,216
1,56,189,58,216
1,57,189,33,216
1,58,189,36,216
1,59,189,53,216
1,60,189,19,216
1,61,189,31,216
1,62,189,122,216
1,63,189,124,216
1,64,189,127,216
1,65,189,51,216
1,66,189,59,216
1,67,189,47,216
1,68,189,112,216
1,69,189,113,216
1,70,189,128,216
1,71,189,6,216
1,72,189,9,216
1,73,189,129,216
1,74,189,56,216
1,75,189,64,216
1,76,189,126,216
1,77,189,5,216
1,78,189,114,216
1,79,189,16,216
1,80,189,118,216
1,81,189,111,216
1,82,189,121,216
1,83,189,52,216
1,84,189,26,216
1,85,189,14,216
1,86,189,71,216
1,87,189,1,216
1,88,189,74,216
1,89,189,72,216
1,90,189,28,216
1,91,189,76,216
1,92,189,66,216
1,93,189,77,216
1,94,189,61,216
1,95,189,67,216
1,96,189,73,216
1,97,189,24,216
1,98,189,68,216
1,99,189,29,216
1,100,189,79,216
1,101,189,80,216
1,102,189,83,216
1,103,189,63,216
1,104,189,2,216
1,105,189,13,216
1,106,189,78,216
1,107,189,82,216
1,108,189,25,216
1,109,189,11,216
1,110,189,81,216
1,111,189,21,216
1,112,189,10,216
1,113,189,15,216
1,114,189,62,216
1,115,189,69,216
1,116,189,65,216
1,117,189,20,216
1,118,189,75,216
1,119,189,3,216
1,120,189,70,216
1,121,189,7,216
1,122,189,8,216
1,123,189,12,216
1,124,189,23,216
1,125,189,30,216
1,126,189,18,216
1,127,189,22,216
1,128,189,4,216
1,129,189,17,216
1,1,190,108,100
1,2,190,92,100
1,3,190,88,100
1,4,190,96,100
1,5,190,84,100
1,6,190,105,100
1,7,190,94,100
1,8,190,89,100
1,9,190,95,100
1,10,190,91,100
1,11,190,99,100
1,12,190,87,100
1,13,190,107,100
1,14,190,97,100
1,15,190,102,100
1,16,190,86,100
1,17,190,98,100
1,18,190,93,100
1,19,190,90,100
1,20,190,104,100
1,21,190,100,100
1,22,190,109,100
1,23,190,106,100
1,24,190,101,100
1,25,190,85,100
1,26,190,45,100
1,27,190,42,100
1,28,190,43,100
1,29,190,39,100
1,30,190,34,100
1,31,190,55,100
1,32,190,49,100
1,33,190,103,100
1,34,190,54,100
1,35,190,46,100
1,36,190,60,100
1,37,190,48,100
1,38,190,41,100
1,39,190,50,100
1,40,190,35,100
1,41,190,40,100
1,42,190,117,100
1,43,190,38,100
1,44,190,37,100
1,45,190,115,100
1,46,190,44,100
1,47,190,32,100
1,48,190,120,100
1,49,190,57,100
1,50,190,125,100
1,51,190,27,100
1,52,190,119,100
1,53,190,116,100
1,54,190,123,100
1,55,190,110,100
1,56,190,58,100
1,57,190,33,100
1,58,190,36,100
1,59,190,53,100
1,60,190,19,100
1,61,190,31,100
1,62,190,122,100
1,63,190,124,100
1,64,190,127,100
1,65,190,51,100
1,66,190,59,100
1,67,190,47,100
1,68,190,112,100
1,69,190,113,100
1,70,190,128,100
1,71,190,6,100
1,72,190,9,100
1,73,190,129,100
1,74,190,56,100
1,75,190,64,100
1,76,190,126,100
1,77,190,5,100
1,78,190,114,100
1,79,190,16,100
1,80,190,118,100
1,81,190,111,100
1,82,190,121,100
1,83,190,52,100
1,84,190,26,100
1,85,190,14,100
1,86,190,71,100
1,87,190,1,100
1,88,190,74,100
1,89,190,72,100
1,90,190,28,100
1,91,190,76,100
1,92,190,66,100
1,93,190,77,100
1,94,190,61,100
1,95,190,67,100
1,96,190,73,100
1,97,190,24,100
1,98,190,68,100
1,99,190,29,100
1,100,190,79,100
1,101,190,80,100
1,102,190,83,100
1,103,190,63,100
1,104,190,2,100
1,105,190,13,100
1,106,190,78,100
1,107,190,82,100
1,108,190,25,100
1,109,190,11,100
1,110,190,81,100
1,111,190,21,100
1,112,190,10,100
1,113,190,15,100
1,114,190,62,100
1,115,190,69,100
1,116,190,65,100
1,117,190,20,100
1,118,190,75,100
1,119,190,3,100
1,120,190,70,100
1,121,190,7,100
1,122,190,8,100
1,123,190,12,100
1,124,190,23,100
1,125,190,30,100
1,126,190,18,100
1,127,190,22,100
1,128,190,4,100
1,129,190,17,100
1,1,191,108,51
1,2,191,92,51
1,3,191,88,51
1,4,191,96,51
1,5,191,84,51
1,6,191,105,51
1,7,191,94,51
1,8,191,89,51
1,9,191,95,51
1,10,191,91,51
1,11,191,99,51
1,12,191,87,51
1,13,191,107,51
1,14,191,97,51
1,15,191,102,51
1,16,191,86,51
1,17,191,98,51
1,18,191,93,51
1,19,191,90,51
1,20,191,104,51
1,21,191,100,51
1,22,191,109,51
1,23,191,106,51
1,24,191,101,51
1,25,191,85,51
1,26,191,45,51
1,27,191,42,51
1,28,191,43,51
1,29,191,39,51
1,30,191,34,51
1,31,191,55,51
1,32,191,49,51
1,33,191,103,51
1,34,191,54,51
1,35,191,46,51
1,36,191,60,51
1,37,191,48,51
1,38,191,41,51
1,39,191,50,51
1,40,191,35,51
1,41,191,40,51
1,42,191,117,51
1,43,191,38,51
1,44,191,37,51
1,45,191,115,51
1,46,191,44,51
1,47,191,32,51
1,48,191,120,51
1,49,191,57,51
1,50,191,125,51
1,51,191,27,51
1,52,191,119,51
1,53,191,116,51
1,54,191,123,51
1,55,191,110,51
1,56,191,58,51
1,57,191,33,51
1,58,191,36,51
1,59,191,53,51
1,60,191,19,51
1,61,191,31,51
1,62,191,122,51
1,63,191,124,51
1,64,191,127,51
1,65,191,51,51
1,66,191,59,51
1,67,191,47,51
1,68,191,112,51
1,69,191,113,51
1,70,191,128,51
1,71,191,6,51
1,72,191,9,51
1,73,191,129,51
1,74,191,56,51
1,75,191,64,51
1,76,191,126,51
1,77,191,5,51
1,78,191,114,51
1,79,191,16,51
1,80,191,118,51
1,81,191,111,51
1,82,191,121,51
1,83,191,52,51
1,84,191,26,51
1,85,191,14,51
1,86,191,71,51
1,87,191,1,51
1,88,191,74,51
1,89,191,72,51
1,90,191,28,51
1,91,191,76,51
1,92,191,66,51
1,93,191,77,51
1,94,191,61,51
1,95,191,67,51
1,96,191,73,51
1,97,191,24,51
1,98,191,68,51
1,99,191,29,51
1,100,191,79,51
1,101,191,80,51
1,102,191,83,51
1,103,191,63,51
1,104,191,2,51
1,105,191,13,51
1,106,191,78,51
1,107,191,82,51
1,108,191,25,51
1,109,191,11,51
1,110,191,81,51
1,111,191,21,51
1,112,191,10,51
1,113,191,15,51
1,114,191,62,51
1,115,191,69,51
1,116,191,65,51
1,117,191,20,51
1,118,191,75,51
1,119,191,3,51
1,120,191,70,51
1,121,191,7,51
1,122,191,8,51
1,123,191,12,51
1,124,191,23,51
1,125,191,30,51
1,126,191,18,51
1,127,191,22,51
1,128,191,4,51
1,129,191,17,51
1,1,192,108,78
1,2,192,92,78
1,3,192,88,78
1,4,192,96,78
1,5,192,84,78
1,6,192,105,78
1,7,192,94,78
1,8,192,89,78
1,9,192,95,78
1,10,192,91,78
1,11,192,99,78
1,12,192,87,78
1,13,192,107,78
1,14,192,97,78
1,15,192,102,78
1,16,192,86,78
1,17,192,98,78
1,18,192,93,78
1,19,192,90,78
1,20,192,104,78
1,21,192,100,78
1,22,192,109,78
1,23,192,106,78
1,24,192,101,78
1,25,192,85,78
1,26,192,45,78
1,27,192,42,78
1,28,192,43,78
1,29,192,39,78
1,30,192,34,78
1,31,192,55,78
1,32,192,49,78
1,33,192,103,78
1,34,192,54,78
1,35,192,46,78
1,36,192,60,78
1,37,192,48,78
1,38,192,41,78
1,39,192,50,78
1,40,192,35,78
1,41,192,40,78
1,42,192,117,78
1,43,192,38,78
1,44,192,37,78
1,45,192,115,78
1,46,192,44,78
1,47,192,32,78
1,48,192,120,78
1,49,192,57,78
1,50,192,125,78
1,51,192,27,78
1,52,192,119,78
1,53,192,116,78
1,54,192,123,78
1,55,192,110,78
1,56,192,58,78
1,57,192,33,78
1,58,192,36,78
1,59,192,53,78
1,60,192,19,78
1,61,192,31,78
1,62,192,122,78
1,63,192,124,78
1,64,192,127,78
1,65,192,51,78
1,66,192,59,78
1,67,192,47,78
1,68,192,112,78
1,69,192,113,78
1,70,192,128,78
1,71,192,6,78
1,72,192,9,78
1,73,192,129,78
1,74,192,56,78
1,75,192,64,78
1,76,192,126,78
1,77,192,5,78
1,78,192,114,78
1,79,192,16,78
1,80,192,118,78
1,81,192,111,78
1,82,192,121,78
1,83,192,52,78
1,84,192,26,78
1,85,192,14,78
1,86,192,71,78
1,87,192,1,78
1,88,192,74,78
1,89,192,72,78
1,90,192,28,78
1,91,192,76,78
1,92,192,66,78
1,93,192,77,78
1,94,192,61,78
1,95,192,67,78
1,96,192,73,78
1,97,192,24,78
1,98,192,68,78
1,99,192,29,78
1,100,192,79,78
1,101,192,80,78
1,102,192,83,78
1,103,192,63,78
1,104,192,2,78
1,105,192,13,78
1,106,192,78,78
1,107,192,82,78
1,108,192,25,78
1,109,192,11,78
1,110,192,81,78
1,111,192,21,78
1,112,192,10,78
1,113,192,15,78
1,114,192,62,78
1,115,192,69,78
1,116,192,65,78
1,117,192,20,78
1,118,192,75,78
1,119,192,3,78
1,120,192,70,78
1,121,192,7,78
1,122,192,8,78
1,123,192,12,78
1,124,192,23,78
1,125,192,30,78
1,126,192,18,78
1,127,192,22,78
1,128,192,4,78
1,129,192,17,78
1,1,193,108,180
1,2,193,92,180
1,3,193,88,180
1,4,193,96,180
1,5,193,84,180
1,6,193,105,180
1,7,193,94,180
1,8,193,89,180
1,9,193,95,180
1,10,193,91,180
1,11,193,99,180
1,12,193,87,180
1,13,193,107,180
1,14,193,97,180
1,15,193,102,180
1,16,193,86,180
1,17,193,98,180
1,18,193,93,180
1,19,193,90,180
1,20,193,104,180
1,21,193,100,180
1,22,193,109,180
1,23,193,106,180
1,24,193,101,180
1,25,193,85,180
1,26,193,45,180
1,27,193,42,180
1,28,193,43,180
1,29,193,39,180
1,30,193,34,180
1,31,193,55,180
1,32,193,49,180
1,33,193,103,180
1,34,193,54,180
1,35,193,46,180
1,36,193,60,180
1,37,193,48,180
1,38,193,41,180
1,39,193,50,180
1,40,193,35,180
1,41,193,40,180
1,42,193,117,180
1,43,193,38,180
1,44,193,37,180
1,45,193,115,180
1,46,193,44,180
1,47,193,32,180
1,48,193,120,180
1,49,193,57,180
1,50,193,125,180
1,51,193,27,180
1,52,193,119,180
1,53,193,116,180
1,54,193,123,180
1,55,193,110,180
1,56,193,58,180
1,57,193,33,180
1,58,193,36,180
1,59,193,53,180
1,60,193,19,180
1,61,193,31,180
1,62,193,122,180
1,63,193,124,180
1,64,193,127,180
1,65,193,51,180
1,66,193,59,180
1,67,193,47,180
1,68,193,112,180
1,69,193,113,180
1,70,193,128,180
1,71,193,6,180
1,72,193,9,180
1,73,193,129,180
1,74,193,56,180
1,75,193,64,180
1,76,193,126,180
1,77,193,5,180
1,78,193,114,180
1,79,193,16,180
1,80,193,118,180
1,81,193,111,180
1,82,193,121,180
1,83,193,52,180
1,84,193,26,180
1,85,193,14,180
1,86,193,71,180
1,87,193,1,180
1,88,193,74,180
1,89,193,72,180
1,90,193,28,180
1,91,193,76,180
1,92,193,66,180
1,93,193,77,180
1,94,193,61,180
1,95,193,67,180
1,96,193,73,180
1,97,193,24,180
1,98,193,68,180
1,99,193,29,180
1,100,193,79,180
1,101,193,80,180
1,102,193,83,180
1,103,193,63,180
1,104,193,2,180
1,105,193,13,180
1,106,193,78,180
1,107,193,82,180
1,108,193,25,180
1,109,193,11,180
1,110,193,81,180
1,111,193,21,180
1,112,193,10,180
1,113,193,15,180
1,114,193,62,180
1,115,193,69,180
1,116,193,65,180
1,117,193,20,180
1,118,193,75,180
1,119,193,3,180
1,120,193,70,180
1,121,193,7,180
1,122,193,8,180
1,123,193,12,180
1,124,193,23,180
1,125,193,30,180
1,126,193,18,180
1,127,193,22,180
1,128,193,4,180
1,129,193,17,180
1,1,194,108,97
1,2,194,92,97
1,3,194,88,97
1,4,194,96,97
1,5,194,84,97
1,6,194,105,97
1,7,194,94,97
1,8,194,89,97
1,9,194,95,97
1,10,194,91,97
1,11,194,99,97
1,12,194,87,97
1,13,194,107,97
1,14,194,97,97
1,15,194,102,97
1,16,194,86,97
1,17,194,98,97
1,18,194,93,97
1,19,194,90,97
1,20,194,104,97
1,21,194,100,97
1,22,194,109,97
1,23,194,106,97
1,24,194,101,97
1,25,194,85,97
1,26,194,45,97
1,27,194,42,97
1,28,194,43,97
1,29,194,39,97
1,30,194,34,97
1,31,194,55,97
1,32,194,49,97
1,33,194,103,97
1,34,194,54,97
1,35,194,46,97
1,36,194,60,97
1,37,194,48,97
1,38,194,41,97
1,39,194,50,97
1,40,194,35,97
1,41,194,40,97
1,42,194,117,97
1,43,194,38,97
1,44,194,37,97
1,45,194,115,97
1,46,194,44,97
1,47,194,32,97
1,48,194,120,97
1,49,194,57,97
1,50,194,125,97
1,51,194,27,97
1,52,194,119,97
1,53,194,116,97
1,54,194,123,97
1,55,194,110,97
1,56,194,58,97
1,57,194,33,97
1,58,194,36,97
1,59,194,53,97
1,60,194,19,97
1,61,194,31,97
1,62,194,122,97
1,63,194,124,97
1,64,194,127,97
1,65,194,51,97
1,66,194,59,97
1,67,194,47,97
1,68,194,112,97
1,69,194,113,97
1,70,194,128,97
1,71,194,6,97
1,72,194,9,97
1,73,194,129,97
1,74,194,56,97
1,75,194,64,97
1,76,194,126,97
1,77,194,5,97
1,78,194,114,97
1,79,194,16,97
1,80,194,118,97
1,81,194,111,97
1,82,194,121,97
1,83,194,52,97
1,84,194,26,97
1,85,194,14,97
1,86,194,71,97
1,87,194,1,97
1,88,194,74,97
1,89,194,72,97
1,90,194,28,97
1,91,194,76,97
1,92,194,66,97
1,93,194,77,97
1,94,194,61,97
1,95,194,67,97
1,96,194,73,97
1,97,194,24,97
1,98,194,68,97
1,99,194,29,97
1,100,194,79,97
1,101,194,80,97
1,102,194,83,97
1,103,194,63,97
1,104,194,2,97
1,105,194,13,97
1,106,194,78,97
1,107,194,82,97
1,108,194,25,97
1,109,194,11,97
1,110,194,81,97
1,111,194,21,97
1,112,194,10,97
1,113,194,15,97
1,114,194,62,97
1,115,194,69,97
1,116,194,65,97
1,117,194,20,97
1,118,194,75,97
1,119,194,3,97
1,120,194,70,97
1,121,194,7,97
1,122,194,8,97
1,123,194,12,97
1,124,194,23,97
1,125,194,30,97
1,126,194,18,97
1,127,194,22,97
1,128,194,4,97
1,129,194,17,97
1,1,195,108,220
1,2,195,92,220
1,3,195,88,220
1,4,195,96,220
1,5,195,84,220
1,6,195,105,220
1,7,195,94,220
1,8,195,89,220
1,9,195,95,220
1,10,195,91,220
1,11,195,99,220
1,12,195,87,220
1,13,195,107,220
1,14,195,97,220
1,15,195,102,220
1,16,195,86,220
1,17,195,98,220
1,18,195,93,220
1,19,195,90,220
1,20,195,104,220
1,21,195,100,220
1,22,195,109,220
1,23,195,106,220
1,24,195,101,220
1,25,195,85,220
1,26,195,45,220
1,27,195,42,220
1,28,195,43,220
1,29,195,39,220
1,30,195,34,220
1,31,195,55,220
1,32,195,49,220
1,33,195,103,220
1,34,195,54,220
1,35,195,46,220
1,36,195,60,220
1,37,195,48,220
1,38,195,41,220
1,39,195,50,220
1,40,195,35,220
1,41,195,40,220
1,42,195,117,220
1,43,195,38,220
1,44,195,37,220
1,45,195,115,220
1,46,195,44,220
1,47,195,32,220
1,48,195,120,220
1,49,195,57,220
1,50,195,125,220
1,51,195,27,220
1,52,195,119,220
1,53,195,116,220
1,54,195,123,220
1,55,195,110,220
1,56,195,58,220
1,57,195,33,220
1,58,195,36,220
1,59,195,53,220
1,60,195,19,220
1,61,195,31,220
1,62,195,122,220
1,63,195,124,220
1,64,195,127,220
1,65,195,51,220
1,66,195,59,220
1,67,195,47,220
1,68,195,112,220
1,69,195,113,220
1,70,195,128,220
1,71,195,6,220
1,72,195,9,220
1,73,195,129,220
1,74,195,56,220
1,75,195,64,220
1,76,195,126,220
1,77,195,5,220
1,78,195,114,220
1,79,195,16,220
1,80,195,118,220
1,81,195,111,220
1,82,195,121,220
1,83,195,52,220
1,84,195,26,220
1,85,195,14,220
1,86,195,71,220
1,87,195,1,220
1,88,195,74,220
1,89,195,72,220
1,90,195,28,220
1,91,195,76,220
1,92,195,66,220
1,93,195,77,220
1,94,195,61,220
1,95,195,67,220
1,96,195,73,220
1,97,195,24,220
1,98,195,68,220
1,99,195,29,220
1,100,195,79,220
1,101,195,80,220
1,102,195,83,220
1,103,195,63,220
1,104,195,2,220
1,105,195,13,220
1,106,195,78,220
1,107,195,82,220
1,108,195,25,220
1,109,195,11,220
1,110,195,81,220
1,111,195,21,220
1,112,195,10,220
1,113,195,15,220
1,114,195,62,220
1,115,195,69,220
1,116,195,65,220
1,117,195,20,220
1,118,195,75,220
1,119,195,3,220
1,120,195,70,220
1,121,195,7,220
1,122,195,8,220
1,123,195,12,220
1,124,195,23,220
1,125,195,30,220
1,126,195,18,220
1,127,195,22,220
1,128,195,4,220
1,129,195,17,220
1,1,196,108,156
1,2,196,92,156
1,3,196,88,156
1,4,196,96,156
1,5,196,84,156
1,6,196,105,156
1,7,196,94,156
1,8,196,89,156
1,9,196,95,156
1,10,196,91,156
1,11,196,99,156
1,12,196,87,156
1,13,196,107,156
1,14,196,97,156
1,15,196,102,156
1,16,196,86,156
1,17,196,98,156
1,18,196,93,156
1,19,196,90,156
1,20,196,104,156
1,21,196,100,156
1,22,196,109,156
1,23,196,106,156
1,24,196,101,156
1,25,196,85,156
1,26,196,45,156
1,27,196,42,156
1,28,196,43,156
1,29,196,39,156
1,30,196,34,156
1,31,196,55,156
1,32,196,49,156
1,33,196,103,156
1,34,196,54,156
1,35,196,46,156
1,36,196,60,156
1,37,196,48,156
1,38,196,41,156
1,39,196,50,156
1,40,196,35,156
1,41,196,40,156
1,42,196,117,156
1,43,196,38,156
1,44,196,37,156
1,45,196,115,156
1,46,196,44,156
1,47,196,32,156
1,48,196,120,156
1,49,196,57,156
1,50,196,125,156
1,51,196,27,156
1,52,196,119,156
1,53,196,116,156
1,54,196,123,156
1,55,196,110,156
1,56,196,58,156
1,57,196,33,156
1,58,196,36,156
1,59,196,53,156
1,60,196,19,156
1,61,196,31,156
1,62,196,122,156
1,63,196,124,156
1,64,196,127,156
1,65,196,51,156
1,66,196,59,156
1,67,196,47,156
1,68,196,112,156
1,69,196,113,156
1,70,196,128,156
1,71,196,6,156
1,72,196,9,156
1,73,196,129,156
1,74,196,56,156
1,75,196,64,156
1,76,196,126,156
1,77,196,5,156
1,78,196,114,156
1,79,196,16,156
1,80,196,118,156
1,81,196,111,156
1,82,196,121,156
1,83,196,52,156
1,84,196,26,156
1,85,196,14,156
1,86,196,71,156
1,87,196,1,156
1,88,196,74,156
1,89,196,72,156
1,90,196,28,156
1,91,196,76,156
1,92,196,66,156
1,93,196,77,156
1,94,196,61,156
1,95,196,67,156
1,96,196,73,156
1,97,196,24,156
1,98,196,68,156
1,99,196,29,156
1,100,196,79,156
1,101,196,80,156
1,102,196,83,156
1,103,196,63,156
1,104,196,2,156
1,105,196,13,156
1,106,196,78,156
1,107,196,82,156
1,108,196,25,156
1,109,196,11,156
1,110,196,81,156
1,111,196,21,156
1,112,196,10,156
1,113,196,15,156
1,114,196,62,156
1,115,196,69,156
1,116,196,65,156
1,117,196,20,156
1,118,196,75,156
1,119,196,3,156
1,120,196,70,156
1,121,196,7,156
1,122,196,8,156
1,123,196,12,156
1,124,196,23,156
1,125,196,30,156
1,126,196,18,156
1,127,196,22,156
1,128,196,4,156
1,129,196,17,156
1,1,197,108,159
1,2,197,92,159
1,3,197,88,159
1,4,197,96,159
1,5,197,84,159
1,6,197,105,159
1,7,197,94,159
1,8,197,89,159
1,9,197,95,159
1,10,197,91,159
1,11,197,99,159
1,12,197,87,159
1,13,197,107,159
1,14,197,97,159
1,15,197,102,159
1,16,197,86,159
1,17,197,98,159
1,18,197,93,159
1,19,197,90,159
1,20,197,104,159
1,21,197,100,159
1,22,197,109,159
1,23,197,106,159
1,24,197,101,159
1,25,197,85,159
1,26,197,45,159
1,27,197,42,159
1,28,197,43,159
1,29,197,39,159
1,30,197,34,159
1,31,197,55,159
1,32,197,49,159
1,33,197,103,159
1,34,197,54,159
1,35,197,46,159
1,36,197,60,159
1,37,197,48,159
1,38,197,41,159
1,39,197,50,159
1,40,197,35,159
1,41,197,40,159
1,42,197,117,159
1,43,197,38,159
1,44,197,37,159
1,45,197,115,159
1,46,197,44,159
1,47,197,32,159
1,48,197,120,159
1,49,197,57,159
1,50,197,125,159
1,51,197,27,159
1,52,197,119,159
1,53,197,116,159
1,54,197,123,159
1,55,197,110,159
1,56,197,58,159
1,57,197,33,159
1,58,197,36,159
1,59,197,53,159
1,60,197,19,159
1,61,197,31,159
1,62,197,122,159
1,63,197,124,159
1,64,197,127,159
1,65,197,51,159
1,66,197,59,159
1,67,197,47,159
1,68,197,112,159
1,69,197,113,159
1,70,197,128,159
1,71,197,6,159
1,72,197,9,159
1,73,197,129,159
1,74,197,56,159
1,75,197,64,159
1,76,197,126,159
1,77,197,5,159
1,78,197,114,159
1,79,197,16,159
1,80,197,118,159
1,81,197,111,159
1,82,197,121,159
1,83,197,52,159
1,84,197,26,159
1,85,197,14,159
1,86,197,71,159
1,87,197,1,159
1,88,197,74,159
1,89,197,72,159
1,90,197,28,159
1,91,197,76,159
1,92,197,66,159
1,93,197,77,159
1,94,197,61,159
1,95,197,67,159
1,96,197,73,159
1,97,197,24,159
1,98,197,68,159
1,99,197,29,159
1,100,197,79,159
1,101,197,80,159
1,102,197,83,159
1,103,197,63,159
1,104,197,2,159
1,105,197,13,159
1,106,197,78,159
1,107,197,82,159
1,108,197,25,159
1,109,197,11,159
1,110,197,81,159
1,111,197,21,159
1,112,197,10,159
1,113,197,15,159
1,114,197,62,159
1,115,197,69,159
1,116,197,65,159
1,117,197,20,159
1,118,197,75,159
1,119,197,3,159
1,120,197,70,159
1,121,197,7,159
1,122,197,8,159
1,123,197,12,159
1,124,197,23,159
1,125,197,30,159
1,126,197,18,159
1,127,197,22,159
1,128,197,4,159
1,129,197,17,159
1,1,198,108,184
1,2,198,92,184
1,3,198,88,184
1,4,198,96,184
1,5,198,84,184
1,6,198,105,184
1,7,198,94,184
1,8,198,89,184
1,9,198,95,184
1,10,198,91,184
1,11,198,99,184
1,12,198,87,184
1,13,198,107,184
1,14,198,97,184
1,15,198,102,184
1,16,198,86,184
1,17,198,98,184
1,18,198,93,184
1,19,198,90,184
1,20,198,104,184
1,21,198,100,184
1,22,198,109,184
1,23,198,106,184
1,24,198,101,184
1,25,198,85,184
1,26,198,45,184
1,27,198,42,184
1,28,198,43,184
1,29,198,39,184
1,30,198,34,184
1,31,198,55,184
1,32,198,49,184
1,33,198,103,184
1,34,198,54,184
1,35,198,46,184
1,36,198,60,184
1,37,198,48,184
1,38,198,41,184
1,39,198,50,184
1,40,198,35,184
1,41,198,40,184
1,42,198,117,184
1,43,198,38,184
1,44,198,37,184
1,45,198,115,184
1,46,198,44,184
1,47,198,32,184
1,48,198,120,184
1,49,198,57,184
1,50,198,125,184
1,51,198,27,184
1,52,198,119,184
1,53,198,116,184
1,54,198,123,184
1,55,198,110,184
1,56,198,58,184
1,57,198,33,184
1,58,198,36,184
1,59,198,53,184
1,60,198,19,184
1,61,198,31,184
1,62,198,122,184
1,63,198,124,184
1,64,198,127,184
1,65,198,51,184
1,66,198,59,184
1,67,198,47,184
1,68,198,112,184
1,69,198,113,184
1,70,198,128,184
1,71,198,6,184
1,72,198,9,184
1,73,198,129,184
1,74,198,56,184
1,75,198,64,184
1,76,198,126,184
1,77,198,5,184
1,78,198,114,184
1,79,198,16,184
1,80,198,118,184
1,81,198,111,184
1,82,198,121,184
1,83,198,52,184
1,84,198,26,184
1,85,198,14,184
1,86,198,71,184
1,87,198,1,184
1,88,198,74,184
1,89,198,72,184
1,90,198,28,184
1,91,198,76,184
1,92,198,66,184
1,93,198,77,184
1,94,198,61,184
1,95,198,67,184
1,96,198,73,184
1,97,198,24,184
1,98,198,68,184
1,99,198,29,184
1,100,198,79,184
1,101,198,80,184
1,102,198,83,184
1,103,198,63,184
1,104,198,2,184
1,105,198,13,184
1,106,198,78,184
1,107,198,82,184
1,108,198,25,184
1,109,198,11,184
1,110,198,81,184
1,111,198,21,184
1,112,198,10,184
1,113,198,15,184
1,114,198,62,184
1,115,198,69,184
1,116,198,65,184
1,117,198,20,184
1,118,198,75,184
1,119,198,3,184
1,120,198,70,184
1,121,198,7,184
1,122,198,8,184
1,123,198,12,184
1,124,198,23,184
1,125,198,30,184
1,126,198,18,184
1,127,198,22,184
1,128,198,4,184
1,129,198,17,184
1,1,199,108,171
1,2,199,92,171
1,3,199,88,171
1,4,199,96,171
1,5,199,84,171
1,6,199,105,171
1,7,199,94,171
1,8,199,89,171
1,9,199,95,171
1,10,199,91,171
1,11,199,99,171
1,12,199,87,171
1,13,199,107,171
1,14,199,97,171
1,15,199,102,171
1,16,199,86,171
1,17,199,98,171
1,18,199,93,171
1,19,199,90,171
1,20,199,104,171
1,21,199,100,171
1,22,199,109,171
1,23,199,106,171
1,24,199,101,171
1,25,199,85,171
1,26,199,45,171
1,27,199,42,171
1,28,199,43,171
1,29,199,39,171
1,30,199,34,171
1,31,199,55,171
1,32,199,49,171
1,33,199,103,171
1,34,199,54,171
1,35,199,46,171
1,36,199,60,171
1,37,199,48,171
1,38,199,41,171
1,39,199,50,171
1,40,199,35,171
1,41,199,40,171
1,42,199,117,171
1,43,199,38,171
1,44,199,37,171
1,45,199,115,171
1,46,199,44,171
1,47,199,32,171
1,48,199,120,171
1,49,199,57,171
1,50,199,125,171
1,51,199,27,171
1,52,199,119,171
1,53,199,116,171
1,54,199,123,171
1,55,199,110,171
1,56,199,58,171
1,57,199,33,171
1,58,199,36,171
1,59,199,53,171
1,60,199,19,171
1,61,199,31,171
1,62,199,122,171
1,63,199,124,171
1,64,199,127,171
1,65,199,51,171
1,66,199,59,171
1,67,199,47,171
1,68,199,112,171
1,69,199,113,171
1,70,199,128,171
1,71,199,6,171
1,72,199,9,171
1,73,199,129,171
1,74,199,56,171
1,75,199,64,171
1,76,199,126,171
1,77,199,5,171
1,78,199,114,171
1,79,199,16,171
1,80,199,118,171
1,81,199,111,171
1,82,199,121,171
1,83,199,52,171
1,84,199,26,171
1,85,199,14,171
1,86,199,71,171
1,87,199,1,171
1,88,199,74,171
1,89,199,72,171
1,90,199,28,171
1,91,199,76,171
1,92,199,66,171
1,93,199,77,171
1,94,199,61,171
1,95,199,67,171
1,96,199,73,171
1,97,199,24,171
1,98,199,68,171
1,99,199,29,171
1,100,199,79,171
1,101,199,80,171
1,102,199,83,171
1,103,199,63,171
1,104,199,2,171
1,105,199,13,171
1,106,199,78,171
1,107,199,82,171
1,108,199,25,171
1,109,199,11,171
1,110,199,81,171
1,111,199,21,171
1,112,199,10,171
1,113,199,15,171
1,114,199,62,171
1,115,199,69,171
1,116,199,65,171
1,117,199,20,171
1,118,199,75,171
1,119,199,3,171
1,120,199,70,171
1,121,199,7,171
1,122,199,8,171
1,123,199,12,171
1,124,199,23,171
1,125,199,30,171
1,126,199,18,171
1,127,199,22,171
1,128,199,4,171
1,129,199,17,171
1,1,200,108,39
1,2,200,92,39
1,3,200,88,39
1,4,200,96,39
1,5,200,84,39
1,6,200,105,39
1,7,200,94,39
1,8,200,89,39
1,9,200,95,39
1,10,200,91,39
1,11,200,99,39
1,12,200,87,39
1,13,200,107,39
1,14,200,97,39
1,15,200,102,39
1,16,200,86,39
1,17,200,98,39
1,18,200,93,39
1,19,200,90,39
1,20,200,104,39
1,21,200,100,39
1,22,200,109,39
1,23,200,106,39
1,24,200,101,39
1,25,200,85,39
1,26,200,45,39
1,27,200,42,39
1,28,200,43,39
1,29,200,39,39
1,30,200,34,39
1,31,200,55,39
1,32,200,49,39
1,33,200,103,39
1,34,200,54,39
1,35,200,46,39
1,36,200,60,39
1,37,200,48,39
1,38,200,41,39
1,39,200,50,39
1,40,200,35,39
1,41,200,40,39
1,42,200,117,39
1,43,200,38,39
1,44,200,37,39
1,45,200,115,39
1,46,200,44,39
1,47,200,32,39
1,48,200,120,39
1,49,200,57,39
1,50,200,125,39
1,51,200,27,39
1,52,200,119,39
1,53,200,116,39
1,54,200,123,39
1,55,200,110,39
1,56,200,58,39
1,57,200,33,39
1,58,200,36,39
1,59,200,53,39
1,60,200,19,39
1,61,200,31,39
1,62,200,122,39
1,63,200,124,39
1,64,200,127,39
1,65,200,51,39
1,66,200,59,39
1,67,200,47,39
1,68,200,112,39
1,69,200,113,39
1,70,200,128,39
1,71,200,6,39
1,72,200,9,39
1,73,200,129,39
1,74,200,56,39
1,75,200,64,39
1,76,200,126,39
1,77,200,5,39
1,78,200,114,39
1,79,200,16,39
1,80,200,118,39
1,81,200,111,39
1,82,200,121,39
1,83,200,52,39
1,84,200,26,39
1,85,200,14,39
1,86,200,71,39
1,87,200,1,39
1,88,200,74,39
1,89,200,72,39
1,90,200,28,39
1,91,200,76,39
1,92,200,66,39
1,93,200,77,39
1,94,200,61,39
1,95,200,67,39
1,96,200,73,39
1,97,200,24,39
1,98,200,68,39
1,99,200,29,39
1,100,200,79,39
1,101,200,80,39
1,102,200,83,39
1,103,200,63,39
1,104,200,2,39
1,105,200,13,39
1,106,200,78,39
1,107,200,82,39
4,108,200,25,39
4,109,200,11,39
4,110,200,81,39
4,111,200,21,39
4,112,200,10,39
4,113,200,15,39
4,114,200,62,39
4,115,200,69,39
4,116,200,65,39
4,117,200,20,39
4,118,200,75,39
4,119,200,3,39
4,120,200,70,39
4,121,200,7,39
4,122,200,8,39
4,123,200,12,39
4,124,200,23,39
4,125,200,30,39
4,126,200,18,39
4,127,200,22,39
4,128,200,4,39
4,129,200,17,39
1,1,201,108,148
1,2,201,92,148
1,3,201,88,148
1,4,201,96,148
1,5,201,84,148
1,6,201,105,148
1,7,201,94,148
1,8,201,89,148
1,9,201,95,148
1,10,201,91,148
1,11,201,99,148
1,12,201,87,148
1,13,201,107,148
1,14,201,97,148
1,15,201,102,148
1,16,201,86,148
1,17,201,98,148
1,18,201,93,148
1,19,201,90,148
1,20,201,104,148
1,21,201,100,148
1,22,201,109,148
1,23,201,106,148
1,24,201,101,148
1,25,201,85,148
1,26,201,45,148
1,27,201,42,148
1,28,201,43,148
1,29,201,39,148
1,30,201,34,148
1,31,201,55,148
1,32,201,49,148
1,33,201,103,148
1,34,201,54,148
1,35,201,46,148
1,36,201,60,148
1,37,201,48,148
1,38,201,41,148
1,39,201,50,148
1,40,201,35,148
1,41,201,40,148
1,42,201,117,148
1,43,201,38,148
1,44,201,37,148
1,45,201,115,148
1,46,201,44,148
1,47,201,32,148
1,48,201,120,148
1,49,201,57,148
1,50,201,125,148
1,51,201,27,148
1,52,201,119,148
1,53,201,116,148
1,54,201,123,148
1,55,201,110,148
1,56,201,58,148
1,57,201,33,148
1,58,201,36,148
1,59,201,53,148
1,60,201,19,148
1,61,201,31,148
1,62,201,122,148
1,63,201,124,148
1,64,201,127,148
1,65,201,51,148
1,66,201,59,148
1,67,201,47,148
1,68,201,112,148
1,69,201,113,148
1,70,201,128,148
1,71,201,6,148
1,72,201,9,148
1,73,201,129,148
1,74,201,56,148
1,75,201,64,148
1,76,201,126,148
1,77,201,5,148
1,78,201,114,148
1,79,201,16,148
1,80,201,118,148
1,81,201,111,148
1,82,201,121,148
1,83,201,52,148
1,84,201,26,148
1,85,201,14,148
1,86,201,71,148
1,87,201,1,148
1,88,201,74,148
1,89,201,72,148
1,90,201,28,148
1,91,201,76,148
1,92,201,66,148
1,93,201,77,148
1,94,201,61,148
1,95,201,67,148
1,96,201,73,148
1,97,201,24,148
1,98,201,68,148
1,99,201,29,148
1,100,201,79,148
1,101,201,80,148
1,102,201,83,148
1,103,201,63,148
1,104,201,2,148
1,105,201,13,148
1,106,201,78,148
1,107,201,82,148
4,108,201,25,148
4,109,201,11,148
4,110,201,81,148
4,111,201,21,148
4,112,201,10,148
4,113,201,15,148
4,114,201,62,148
4,115,201,69,148
4,116,201,65,148
4,117,201,20,148
4,118,201,75,148
4,119,201,3,148
4,120,201,70,148
4,121,201,7,148
4,122,201,8,148
4,123,201,12,148
4,124,201,23,148
4,125,201,30,148
4,126,201,18,148
4,127,201,22,148
4,128,201,4,148
4,129,201,17,148
1,1,202,108,196
1,2,202,92,196
1,3,202,88,196
1,4,202,96,196
1,5,202,84,196
1,6,202,105,196
1,7,202,94,196
1,8,202,89,196
1,9,202,95,196
1,10,202,91,196
1,11,202,99,196
1,12,202,87,196
1,13,202,107,196
1,14,202,97,196
1,15,202,102,196
1,16,202,86,196
1,17,202,98,196
1,18,202,93,196
1,19,202,90,196
1,20,202,104,196
1,21,202,100,196
1,22,202,109,196
1,23,202,106,196
1,24,202,101,196
1,25,202,85,196
1,26,202,45,196
1,27,202,42,196
1,28,202,43,196
1,29,202,39,196
1,30,202,34,196
1,31,202,55,196
1,32,202,49,196
1,33,202,103,196
1,34,202,54,196
1,35,202,46,196
1,36,202,60,196
1,37,202,48,196
1,38,202,41,196
1,39,202,50,196
1,40,202,35,196
1,41,202,40,196
1,42,202,117,196
1,43,202,38,196
1,44,202,37,196
1,45,202,115,196
1,46,202,44,196
1,47,202,32,196
1,48,202,120,196
1,49,202,57,196
1,50,202,125,196
1,51,202,27,196
1,52,202,119,196
1,53,202,116,196
1,54,202,123,196
1,55,202,110,196
1,56,202,58,196
1,57,202,33,196
1,58,202,36,196
1,59,202,53,196
1,60,202,19,196
1,61,202,31,196
1,62,202,122,196
1,63,202,124,196
1,64,202,127,196
1,65,202,51,196
1,66,202,59,196
1,67,202,47,196
1,68,202,112,196
1,69,202,113,196
1,70,202,128,196
1,71,202,6,196
1,72,202,9,196
1,73,202,129,196
1,74,202,56,196
1,75,202,64,196
1,76,202,126,196
1,77,202,5,196
1,78,202,114,196
1,79,202,16,196
1,80,202,118,196
1,81,202,111,196
1,82,202,121,196
1,83,202,52,196
1,84,202,26,196
1,85,202,14,196
1,86,202,71,196
1,87,202,1,196
1,88,202,74,196
1,89,202,72,196
1,90,202,28,196
1,91,202,76,196
1,92,202,66,196
1,93,202,77,196
1,94,202,61,196
1,95,202,67,196
1,96,202,73,196
1,97,202,24,196
1,98,202,68,196
1,99,202,29,196
1,100,202,79,196
1,101,202,80,196
1,102,202,83,196
1,103,202,63,196
1,104,202,2,196
1,105,202,13,196
1,106,202,78,196
1,107,202,82,196
4,108,202,25,196
4,109,202,11,196
4,110,202,81,196
4,111,202,21,196
4,112,202,10,196
4,113,202,15,196
4,114,202,62,196
4,115,202,69,196
4,116,202,65,196
4,117,202,20,196
4,118,202,75,196
4,119,202,3,196
4,120,202,70,196
4,121,202,7,196
4,122,202,8,196
4,123,202,12,196
4,124,202,23,196
4,125,202,30,196
4,126,202,18,196
4,127,202,22,196
4,128,202,4,196
4,129,202,17,196
1,1,203,108,20
1,2,203,92,20
1,3,203,88,20
1,4,203,96,20
1,5,203,84,20
1,6,203,105,20
1,7,203,94,20
1,8,203,89,20
1,9,203,95,20
1,10,203,91,20
1,11,203,99,20
1,12,203,87,20
1,13,203,107,20
1,14,203,97,20
1,15,203,102,20
1,16,203,86,20
1,17,203,98,20
1,18,203,93,20
1,19,203,90,20
1,20,203,104,20
1,21,203,100,20
1,22,203,109,20
1,23,203,106,20
1,24,203,101,20
1,25,203,85,20
1,26,203,45,20
1,27,203,42,20
1,28,203,43,20
1,29,203,39,20
1,30,203,34,20
1,31,203,55,20
1,32,203,49,20
1,33,203,103,20
1,34,203,54,20
1,35,203,46,20
1,36,203,60,20
1,37,203,48,20
1,38,203,41,20
1,39,203,50,20
1,40,203,35,20
1,41,203,40,20
1,42,203,117,20
1,43,203,38,20
1,44,203,37,20
1,45,203,115,20
1,46,203,44,20
1,47,203,32,20
1,48,203,120,20
1,49,203,57,20
1,50,203,125,20
1,51,203,27,20
1,52,203,119,20
1,53,203,116,20
1,54,203,123,20
1,55,203,110,20
1,56,203,58,20
1,57,203,33,20
1,58,203,36,20
1,59,203,53,20
1,60,203,19,20
1,61,203,31,20
1,62,203,122,20
1,63,203,124,20
1,64,203,127,20
1,65,203,51,20
1,66,203,59,20
1,67,203,47,20
1,68,203,112,20
1,69,203,113,20
1,70,203,128,20
1,71,203,6,20
1,72,203,9,20
1,73,203,129,20
1,74,203,56,20
1,75,203,64,20
1,76,203,126,20
1,77,203,5,20
1,78,203,114,20
1,79,203,16,20
1,80,203,118,20
1,81,203,111,20
1,82,203,121,20
1,83,203,52,20
1,84,203,26,20
1,85,203,14,20
1,86,203,71,20
1,87,203,1,20
1,88,203,74,20
1,89,203,72,20
1,90,203,28,20
1,91,203,76,20
1,92,203,66,20
1,93,203,77,20
1,94,203,61,20
1,95,203,67,20
1,96,203,73,20
1,97,203,24,20
1,98,203,68,20
1,99,203,29,20
1,100,203,79,20
1,101,203,80,20
1,102,203,83,20
1,103,203,63,20
1,104,203,2,20
1,105,203,13,20
1,106,203,78,20
1,107,203,82,20
1,108,203,25,20
1,109,203,11,20
1,110,203,81,20
1,111,203,21,20
1,112,203,10,20
1,113,203,15,20
1,114,203,62,20
1,115,203,69,20
1,116,203,65,20
1,117,203,20,20
1,118,203,75,20
1,119,203,3,20
1,120,203,70,20
1,121,203,7,20
1,122,203,8,20
1,123,203,12,20
1,124,203,23,20
1,125,203,30,20
1,126,203,18,20
1,127,203,22,20
1,128,203,4,20
1,129,203,17,20
1,1,204,108,206
1,2,204,92,206
1,3,204,88,206
1,4,204,96,206
1,5,204,84,206
1,6,204,105,206
1,7,204,94,206
1,8,204,89,206
1,9,204,95,206
1,10,204,91,206
1,11,204,99,206
1,12,204,87,206
1,13,204,107,206
1,14,204,97,206
1,15,204,102,206
1,16,204,86,206
1,17,204,98,206
1,18,204,93,206
1,19,204,90,206
1,20,204,104,206
1,21,204,100,206
1,22,204,109,206
1,23,204,106,206
1,24,204,101,206
1,25,204,85,206
1,26,204,45,206
1,27,204,42,206
1,28,204,43,206
1,29,204,39,206
1,30,204,34,206
1,31,204,55,206
1,32,204,49,206
1,33,204,103,206
1,34,204,54,206
1,35,204,46,206
1,36,204,60,206
1,37,204,48,206
1,38,204,41,206
1,39,204,50,206
1,40,204,35,206
1,41,204,40,206
1,42,204,117,206
1,43,204,38,206
1,44,204,37,206
1,45,204,115,206
1,46,204,44,206
1,47,204,32,206
1,48,204,120,206
1,49,204,57,206
1,50,204,125,206
1,51,204,27,206
1,52,204,119,206
1,53,204,116,206
1,54,204,123,206
1,55,204,110,206
1,56,204,58,206
1,57,204,33,206
1,58,204,36,206
1,59,204,53,206
1,60,204,19,206
1,61,204,31,206
1,62,204,122,206
1,63,204,124,206
1,64,204,127,206
1,65,204,51,206
1,66,204,59,206
1,67,204,47,206
1,68,204,112,206
1,69,204,113,206
1,70,204,128,206
1,71,204,6,206
1,72,204,9,206
1,73,204,129,206
1,74,204,56,206
1,75,204,64,206
1,76,204,126,206
1,77,204,5,206
1,78,204,114,206
1,79,204,16,206
1,80,204,118,206
1,81,204,111,206
1,82,204,121,206
1,83,204,52,206
1,84,204,26,206
1,85,204,14,206
1,86,204,71,206
1,87,204,1,206
1,88,204,74,206
1,89,204,72,206
1,90,204,28,206
1,91,204,76,206
1,92,204,66,206
1,93,204,77,206
1,94,204,61,206
1,95,204,67,206
1,96,204,73,206
1,97,204,24,206
1,98,204,68,206
1,99,204,29,206
1,100,204,79,206
1,101,204,80,206
1,102,204,83,206
1,103,204,63,206
1,104,204,2,206
1,105,204,13,206
1,106,204,78,206
1,107,204,82,206
1,108,204,25,206
1,109,204,11,206
1,110,204,81,206
1,111,204,21,206
1,112,204,10,206
1,113,204,15,206
1,114,204,62,206
1,115,204,69,206
1,116,204,65,206
1,117,204,20,206
1,118,204,75,206
1,119,204,3,206
1,120,204,70,206
1,121,204,7,206
1,122,204,8,206
1,123,204,12,206
1,124,204,23,206
1,125,204,30,206
1,126,204,18,206
1,127,204,22,206
1,128,204,4,206
1,129,204,17,206
1,1,205,108,160
1,2,205,92,160
1,3,205,88,160
1,4,205,96,160
1,5,205,84,160
1,6,205,105,160
1,7,205,94,160
1,8,205,89,160
1,9,205,95,160
1,10,205,91,160
1,11,205,99,160
1,12,205,87,160
1,13,205,107,160
1,14,205,97,160
1,15,205,102,160
1,16,205,86,160
1,17,205,98,160
1,18,205,93,160
1,19,205,90,160
1,20,205,104,160
1,21,205,100,160
1,22,205,109,160
1,23,205,106,160
1,24,205,101,160
1,25,205,85,160
1,26,205,45,160
1,27,205,42,160
1,28,205,43,160
1,29,205,39,160
1,30,205,34,160
1,31,205,55,160
1,32,205,49,160
1,33,205,103,160
1,34,205,54,160
1,35,205,46,160
1,36,205,60,160
1,37,205,48,160
1,38,205,41,160
1,39,205,50,160
1,40,205,35,160
1,41,205,40,160
1,42,205,117,160
1,43,205,38,160
1,44,205,37,160
1,45,205,115,160
1,46,205,44,160
1,47,205,32,160
1,48,205,120,160
1,49,205,57,160
1,50,205,125,160
1,51,205,27,160
1,52,205,119,160
1,53,205,116,160
1,54,205,123,160
1,55,205,110,160
1,56,205,58,160
1,57,205,33,160
1,58,205,36,160
1,59,205,53,160
1,60,205,19,160
1,61,205,31,160
1,62,205,122,160
1,63,205,124,160
1,64,205,127,160
1,65,205,51,160
1,66,205,59,160
1,67,205,47,160
1,68,205,112,160
1,69,205,113,160
1,70,205,128,160
1,71,205,6,160
1,72,205,9,160
1,73,205,129,160
1,74,205,56,160
1,75,205,64,160
1,76,205,126,160
1,77,205,5,160
1,78,205,114,160
1,79,205,16,160
1,80,205,118,160
1,81,205,111,160
1,82,205,121,160
1,83,205,52,160
1,84,205,26,160
1,85,205,14,160
1,86,205,71,160
1,87,205,1,160
1,88,205,74,160
1,89,205,72,160
1,90,205,28,160
1,91,205,76,160
1,92,205,66,160
1,93,205,77,160
1,94,205,61,160
1,95,205,67,160
1,96,205,73,160
1,97,205,24,160
1,98,205,68,160
1,99,205,29,160
1,100,205,79,160
1,101,205,80,160
1,102,205,83,160
1,103,205,63,160
1,104,205,2,160
1,105,205,13,160
1,106,205,78,160
1,107,205,82,160
1,108,205,25,160
1,109,205,11,160
1,110,205,81,160
1,111,205,21,160
1,112,205,10,160
1,113,205,15,160
1,114,205,62,160
1,115,205,69,160
1,116,205,65,160
1,117,205,20,160
1,118,205,75,160
1,119,205,3,160
1,120,205,70,160
1,121,205,7,160
1,122,205,8,160
1,123,205,12,160
1,124,205,23,160
1,125,205,30,160
1,126,205,18,160
1,127,205,22,160
1,128,205,4,160
1,129,205,17,160
1,1,206,108,203
1,2,206,92,203
1,3,206,88,203
1,4,206,96,203
1,5,206,84,203
1,6,206,105,203
1,7,206,94,203
1,8,206,89,203
1,9,206,95,203
1,10,206,91,203
1,11,206,99,203
1,12,206,87,203
1,13,206,107,203
1,14,206,97,203
1,15,206,102,203
1,16,206,86,203
1,17,206,98,203
1,18,206,93,203
1,19,206,90,203
1,20,206,104,203
1,21,206,100,203
1,22,206,109,203
1,23,206,106,203
1,24,206,101,203
1,25,206,85,203
1,26,206,45,203
1,27,206,42,203
1,28,206,43,203
1,29,206,39,203
1,30,206,34,203
1,31,206,55,203
1,32,206,49,203
1,33,206,103,203
1,34,206,54,203
1,35,206,46,203
1,36,206,60,203
1,37,206,48,203
1,38,206,41,203
1,39,206,50,203
1,40,206,35,203
1,41,206,40,203
1,42,206,117,203
1,43,206,38,203
1,44,206,37,203
1,45,206,115,203
1,46,206,44,203
1,47,206,32,203
1,48,206,120,203
1,49,206,57,203
1,50,206,125,203
1,51,206,27,203
1,52,206,119,203
1,53,206,116,203
1,54,206,123,203
1,55,206,110,203
1,56,206,58,203
1,57,206,33,203
1,58,206,36,203
1,59,206,53,203
1,60,206,19,203
1,61,206,31,203
1,62,206,122,203
1,63,206,124,203
1,64,206,127,203
1,65,206,51,203
1,66,206,59,203
1,67,206,47,203
1,68,206,112,203
1,69,206,113,203
1,70,206,128,203
1,71,206,6,203
1,72,206,9,203
1,73,206,129,203
1,74,206,56,203
1,75,206,64,203
1,76,206,126,203
1,77,206,5,203
1,78,206,114,203
1,79,206,16,203
1,80,206,118,203
1,81,206,111,203
1,82,206,121,203
1,83,206,52,203
1,84,206,26,203
1,85,206,14,203
1,86,206,71,203
1,87,206,1,203
1,88,206,74,203
1,89,206,72,203
1,90,206,28,203
1,91,206,76,203
1,92,206,66,203
1,93,206,77,203
1,94,206,61,203
1,95,206,67,203
1,96,206,73,203
1,97,206,24,203
1,98,206,68,203
1,99,206,29,203
1,100,206,79,203
1,101,206,80,203
1,102,206,83,203
1,103,206,63,203
1,104,206,2,203
1,105,206,13,203
1,106,206,78,203
1,107,206,82,203
1,108,206,25,203
1,109,206,11,203
1,110,206,81,203
1,111,206,21,203
1,112,206,10,203
1,113,206,15,203
1,114,206,62,203
1,115,206,69,203
1,116,206,65,203
1,117,206,20,203
1,118,206,75,203
1,119,206,3,203
1,120,206,70,203
1,121,206,7,203
1,122,206,8,203
1,123,206,12,203
1,124,206,23,203
1,125,206,30,203
1,126,206,18,203
1,127,206,22,203
1,128,206,4,203
1,129,206,17,203
1,1,207,108,191
1,2,207,92,191
1,3,207,88,191
1,4,207,96,191
1,5,207,84,191
1,6,207,105,191
1,7,207,94,191
1,8,207,89,191
1,9,207,95,191
1,10,207,91,191
1,11,207,99,191
1,12,207,87,191
1,13,207,107,191
1,14,207,97,191
1,15,207,102,191
1,16,207,86,191
1,17,207,98,191
1,18,207,93,191
1,19,207,90,191
1,20,207,104,191
1,21,207,100,191
1,22,207,109,191
1,23,207,106,191
1,24,207,101,191
1,25,207,85,191
1,26,207,45,191
1,27,207,42,191
1,28,207,43,191
1,29,207,39,191
1,30,207,34,191
1,31,207,55,191
1,32,207,49,191
1,33,207,103,191
1,34,207,54,191
1,35,207,46,191
1,36,207,60,191
1,37,207,48,191
1,38,207,41,191
1,39,207,50,191
1,40,207,35,191
1,41,207,40,191
1,42,207,117,191
1,43,207,38,191
1,44,207,37,191
1,45,207,115,191
1,46,207,44,191
1,47,207,32,191
1,48,207,120,191
1,49,207,57,191
1,50,207,125,191
1,51,207,27,191
1,52,207,119,191
1,53,207,116,191
1,54,207,123,191
1,55,207,110,191
1,56,207,58,191
1,57,207,33,191
1,58,207,36,191
1,59,207,53,191
1,60,207,19,191
1,61,207,31,191
1,62,207,122,191
1,63,207,124,191
1,64,207,127,191
1,65,207,51,191
1,66,207,59,191
1,67,207,47,191
1,68,207,112,191
1,69,207,113,191
1,70,207,128,191
1,71,207,6,191
1,72,207,9,191
1,73,207,129,191
1,74,207,56,191
1,75,207,64,191
1,76,207,126,191
1,77,207,5,191
1,78,207,114,191
1,79,207,16,191
1,80,207,118,191
1,81,207,111,191
1,82,207,121,191
1,83,207,52,191
1,84,207,26,191
1,85,207,14,191
1,86,207,71,191
1,87,207,1,191
1,88,207,74,191
1,89,207,72,191
1,90,207,28,191
1,91,207,76,191
1,92,207,66,191
1,93,207,77,191
1,94,207,61,191
1,95,207,67,191
1,96,207,73,191
1,97,207,24,191
1,98,207,68,191
1,99,207,29,191
1,100,207,79,191
1,101,207,80,191
1,102,207,83,191
1,103,207,63,191
1,104,207,2,191
1,105,207,13,191
1,106,207,78,191
1,107,207,82,191
1,108,207,25,191
1,109,207,11,191
1,110,207,81,191
1,111,207,21,191
1,112,207,10,191
1,113,207,15,191
1,114,207,62,191
1,115,207,69,191
1,116,207,65,191
1,117,207,20,191
1,118,207,75,191
1,119,207,3,191
1,120,207,70,191
1,121,207,7,191
1,122,207,8,191
1,123,207,12,191
1,124,207,23,191
1,125,207,30,191
1,126,207,18,191
1,127,207,22,191
1,128,207,4,191
1,129,207,17,191
1,1,208,108,175
1,2,208,92,175
1,3,208,88,175
1,4,208,96,175
1,5,208,84,175
1,6,208,105,175
1,7,208,94,175
1,8,208,89,175
1,9,208,95,175
1,10,208,91,175
1,11,208,99,175
1,12,208,87,175
1,13,208,107,175
1,14,208,97,175
1,15,208,102,175
1,16,208,86,175
1,17,208,98,175
1,18,208,93,175
1,19,208,90,175
1,20,208,104,175
1,21,208,100,175
1,22,208,109,175
1,23,208,106,175
1,24,208,101,175
1,25,208,85,175
1,26,208,45,175
1,27,208,42,175
1,28,208,43,175
1,29,208,39,175
1,30,208,34,175
1,31,208,55,175
1,32,208,49,175
1,33,208,103,175
1,34,208,54,175
1,35,208,46,175
1,36,208,60,175
1,37,208,48,175
1,38,208,41,175
1,39,208,50,175
1,40,208,35,175
1,41,208,40,175
1,42,208,117,175
1,43,208,38,175
1,44,208,37,175
1,45,208,115,175
1,46,208,44,175
1,47,208,32,175
1,48,208,120,175
1,49,208,57,175
1,50,208,125,175
1,51,208,27,175
1,52,208,119,175
1,53,208,116,175
1,54,208,123,175
1,55,208,110,175
1,56,208,58,175
1,57,208,33,175
1,58,208,36,175
1,59,208,53,175
1,60,208,19,175
1,61,208,31,175
1,62,208,122,175
1,63,208,124,175
1,64,208,127,175
1,65,208,51,175
1,66,208,59,175
1,67,208,47,175
1,68,208,112,175
1,69,208,113,175
1,70,208,128,175
1,71,208,6,175
1,72,208,9,175
1,73,208,129,175
1,74,208,56,175
1,75,208,64,175
1,76,208,126,175
1,77,208,5,175
1,78,208,114,175
1,79,208,16,175
1,80,208,118,175
1,81,208,111,175
1,82,208,121,175
1,83,208,52,175
1,84,208,26,175
1,85,208,14,175
1,86,208,71,175
1,87,208,1,175
1,88,208,74,175
1,89,208,72,175
1,90,208,28,175
1,91,208,76,175
1,92,208,66,175
1,93,208,77,175
1,94,208,61,175
1,95,208,67,175
1,96,208,73,175
1,97,208,24,175
1,98,208,68,175
1,99,208,29,175
1,100,208,79,175
1,101,208,80,175
1,102,208,83,175
1,103,208,63,175
1,104,208,2,175
1,105,208,13,175
1,106,208,78,175
1,107,208,82,175
1,108,208,25,175
1,109,208,11,175
1,110,208,81,175
1,111,208,21,175
1,112,208,10,175
1,113,208,15,175
1,114,208,62,175
1,115,208,69,175
1,116,208,65,175
1,117,208,20,175
1,118,208,75,175
1,119,208,3,175
1,120,208,70,175
1,121,208,7,175
1,122,208,8,175
1,123,208,12,175
1,124,208,23,175
1,125,208,30,175
1,126,208,18,175
1,127,208,22,175
1,128,208,4,175
1,129,208,17,175
1,1,209,108,102
1,2,209,92,102
1,3,209,88,102
1,4,209,96,102
1,5,209,84,102
1,6,209,105,102
1,7,209,94,102
1,8,209,89,102
1,9,209,95,102
1,10,209,91,102
1,11,209,99,102
1,12,209,87,102
1,13,209,107,102
1,14,209,97,102
1,15,209,102,102
1,16,209,86,102
1,17,209,98,102
1,18,209,93,102
1,19,209,90,102
1,20,209,104,102
1,21,209,100,102
1,22,209,109,102
1,23,209,106,102
1,24,209,101,102
1,25,209,85,102
1,26,209,45,102
1,27,209,42,102
1,28,209,43,102
1,29,209,39,102
1,30,209,34,102
1,31,209,55,102
1,32,209,49,102
1,33,209,103,102
1,34,209,54,102
1,35,209,46,102
1,36,209,60,102
1,37,209,48,102
1,38,209,41,102
1,39,209,50,102
1,40,209,35,102
1,41,209,40,102
1,42,209,117,102
1,43,209,38,102
1,44,209,37,102
1,45,209,115,102
1,46,209,44,102
1,47,209,32,102
1,48,209,120,102
1,49,209,57,102
1,50,209,125,102
1,51,209,27,102
1,52,209,119,102
1,53,209,116,102
1,54,209,123,102
1,55,209,110,102
1,56,209,58,102
1,57,209,33,102
1,58,209,36,102
1,59,209,53,102
1,60,209,19,102
1,61,209,31,102
1,62,209,122,102
1,63,209,124,102
1,64,209,127,102
1,65,209,51,102
1,66,209,59,102
1,67,209,47,102
1,68,209,112,102
1,69,209,113,102
1,70,209,128,102
1,71,209,6,102
1,72,209,9,102
1,73,209,129,102
1,74,209,56,102
1,75,209,64,102
1,76,209,126,102
1,77,209,5,102
1,78,209,114,102
1,79,209,16,102
1,80,209,118,102
1,81,209,111,102
1,82,209,121,102
1,83,209,52,102
1,84,209,26,102
1,85,209,14,102
1,86,209,71,102
1,87,209,1,102
1,88,209,74,102
1,89,209,72,102
1,90,209,28,102
1,91,209,76,102
1,92,209,66,102
1,93,209,77,102
1,94,209,61,102
1,95,209,67,102
1,96,209,73,102
1,97,209,24,102
1,98,209,68,102
1,99,209,29,102
1,100,209,79,102
1,101,209,80,102
1,102,209,83,102
1,103,209,63,102
1,104,209,2,102
1,105,209,13,102
1,106,209,78,102
1,107,209,82,102
1,108,209,25,102
1,109,209,11,102
1,110,209,81,102
1,111,209,21,102
1,112,209,10,102
1,113,209,15,102
1,114,209,62,102
1,115,209,69,102
1,116,209,65,102
1,117,209,20,102
1,118,209,75,102
1,119,209,3,102
1,120,209,70,102
1,121,209,7,102
1,122,209,8,102
1,123,209,12,102
1,124,209,23,102
1,125,209,30,102
1,126,209,18,102
1,127,209,22,102
1,128,209,4,102
1,129,209,17,102
1,1,210,108,68
1,2,210,92,68
1,3,210,88,68
1,4,210,96,68
1,5,210,84,68
1,6,210,105,68
1,7,210,94,68
1,8,210,89,68
1,9,210,95,68
1,10,210,91,68
1,11,210,99,68
1,12,210,87,68
1,13,210,107,68
1,14,210,97,68
1,15,210,102,68
1,16,210,86,68
1,17,210,98,68
1,18,210,93,68
1,19,210,90,68
1,20,210,104,68
1,21,210,100,68
1,22,210,109,68
1,23,210,106,68
1,24,210,101,68
1,25,210,85,68
1,26,210,45,68
1,27,210,42,68
1,28,210,43,68
1,29,210,39,68
1,30,210,34,68
1,31,210,55,68
1,32,210,49,68
1,33,210,103,68
1,34,210,54,68
1,35,210,46,68
1,36,210,60,68
1,37,210,48,68
1,38,210,41,68
1,39,210,50,68
1,40,210,35,68
1,41,210,40,68
1,42,210,117,68
1,43,210,38,68
1,44,210,37,68
1,45,210,115,68
1,46,210,44,68
1,47,210,32,68
1,48,210,120,68
1,49,210,57,68
1,50,210,125,68
1,51,210,27,68
1,52,210,119,68
1,53,210,116,68
1,54,210,123,68
1,55,210,110,68
1,56,210,58,68
1,57,210,33,68
1,58,210,36,68
1,59,210,53,68
1,60,210,19,68
1,61,210,31,68
1,62,210,122,68
1,63,210,124,68
1,64,210,127,68
1,65,210,51,68
1,66,210,59,68
1,67,210,47,68
1,68,210,112,68
1,69,210,113,68
1,70,210,128,68
1,71,210,6,68
1,72,210,9,68
1,73,210,129,68
1,74,210,56,68
1,75,210,64,68
1,76,210,126,68
1,77,210,5,68
1,78,210,114,68
1,79,210,16,68
1,80,210,118,68
1,81,210,111,68
1,82,210,121,68
1,83,210,52,68
1,84,210,26,68
1,85,210,14,68
1,86,210,71,68
1,87,210,1,68
1,88,210,74,68
1,89,210,72,68
1,90,210,28,68
1,91,210,76,68
1,92,210,66,68
1,93,210,77,68
1,94,210,61,68
1,95,210,67,68
1,96,210,73,68
1,97,210,24,68
1,98,210,68,68
1,99,210,29,68
1,100,210,79,68
1,101,210,80,68
1,102,210,83,68
1,103,210,63,68
1,104,210,2,68
1,105,210,13,68
1,106,210,78,68
1,107,210,82,68
1,108,210,25,68
1,109,210,11,68
1,110,210,81,68
1,111,210,21,68
1,112,210,10,68
1,113,210,15,68
1,114,210,62,68
1,115,210,69,68
1,116,210,65,68
1,117,210,20,68
1,118,210,75,68
1,119,210,3,68
1,120,210,70,68
1,121,210,7,68
1,122,210,8,68
1,123,210,12,68
1,124,210,23,68
1,125,210,30,68
1,126,210,18,68
1,127,210,22,68
1,128,210,4,68
1,129,210,17,68
1,1,211,108,127
1,2,211,92,127
1,3,211,88,127
1,4,211,96,127
1,5,211,84,127
1,6,211,105,127
1,7,211,94,127
1,8,211,89,127
1,9,211,95,127
1,10,211,91,127
1,11,211,99,127
1,12,211,87,127
1,13,211,107,127
1,14,211,97,127
1,15,211,102,127
1,16,211,86,127
1,17,211,98,127
1,18,211,93,127
1,19,211,90,127
1,20,211,104,127
1,21,211,100,127
1,22,211,109,127
1,23,211,106,127
1,24,211,101,127
1,25,211,85,127
1,26,211,45,127
1,27,211,42,127
1,28,211,43,127
1,29,211,39,127
1,30,211,34,127
1,31,211,55,127
1,32,211,49,127
1,33,211,103,127
1,34,211,54,127
1,35,211,46,127
1,36,211,60,127
1,37,211,48,127
1,38,211,41,127
1,39,211,50,127
1,40,211,35,127
1,41,211,40,127
1,42,211,117,127
1,43,211,38,127
1,44,211,37,127
1,45,211,115,127
1,46,211,44,127
1,47,211,32,127
1,48,211,120,127
1,49,211,57,127
1,50,211,125,127
1,51,211,27,127
1,52,211,119,127
1,53,211,116,127
1,54,211,123,127
1,55,211,110,127
1,56,211,58,127
1,57,211,33,127
1,58,211,36,127
1,59,211,53,127
1,60,211,19,127
1,61,211,31,127
1,62,211,122,127
1,63,211,124,127
1,64,211,127,127
1,65,211,51,127
1,66,211,59,127
1,67,211,47,127
1,68,211,112,127
1,69,211,113,127
1,70,211,128,127
1,71,211,6,127
1,72,211,9,127
1,73,211,129,127
1,74,211,56,127
1,75,211,64,127
1,76,211,126,127
1,77,211,5,127
1,78,211,114,127
1,79,211,16,127
1,80,211,118,127
1,81,211,111,127
1,82,211,121,127
1,83,211,52,127
1,84,211,26,127
1,85,211,14,127
1,86,211,71,127
1,87,211,1,127
1,88,211,74,127
1,89,211,72,127
1,90,211,28,127
1,91,211,76,127
1,92,211,66,127
1,93,211,77,127
1,94,211,61,127
1,95,211,67,127
1,96,211,73,127
1,97,211,24,127
1,98,211,68,127
1,99,211,29,127
1,100,211,79,127
1,101,211,80,127
1,102,211,83,127
1,103,211,63,127
1,104,211,2,127
1,105,211,13,127
1,106,211,78,127
1,107,211,82,127
1,108,211,25,127
1,109,211,11,127
1,110,211,81,127
1,111,211,21,127
1,112,211,10,127
1,113,211,15,127
1,114,211,62,127
1,115,211,69,127
1,116,211,65,127
1,117,211,20,127
1,118,211,75,127
1,119,211,3,127
1,120,211,70,127
1,121,211,7,127
1,122,211,8,127
1,123,211,12,127
1,124,211,23,127
1,125,211,30,127
1,126,211,18,127
1,127,211,22,127
1,128,211,4,127
1,129,211,17,127
1,1,212,108,85
1,2,212,92,85
1,3,212,88,85
1,4,212,96,85
1,5,212,84,85
1,6,212,105,85
1,7,212,94,85
1,8,212,89,85
1,9,212,95,85
1,10,212,91,85
1,11,212,99,85
1,12,212,87,85
1,13,212,107,85
1,14,212,97,85
1,15,212,102,85
1,16,212,86,85
1,17,212,98,85
1,18,212,93,85
1,19,212,90,85
1,20,212,104,85
1,21,212,100,85
1,22,212,109,85
1,23,212,106,85
1,24,212,101,85
1,25,212,85,85
1,26,212,45,85
1,27,212,42,85
1,28,212,43,85
1,29,212,39,85
1,30,212,34,85
1,31,212,55,85
1,32,212,49,85
1,33,212,103,85
1,34,212,54,85
1,35,212,46,85
1,36,212,60,85
1,37,212,48,85
1,38,212,41,85
1,39,212,50,85
1,40,212,35,85
1,41,212,40,85
1,42,212,117,85
1,43,212,38,85
1,44,212,37,85
1,45,212,115,85
1,46,212,44,85
1,47,212,32,85
1,48,212,120,85
1,49,212,57,85
1,50,212,125,85
1,51,212,27,85
1,52,212,119,85
1,53,212,116,85
1,54,212,123,85
1,55,212,110,85
1,56,212,58,85
1,57,212,33,85
1,58,212,36,85
1,59,212,53,85
1,60,212,19,85
1,61,212,31,85
1,62,212,122,85
1,63,212,124,85
1,64,212,127,85
1,65,212,51,85
1,66,212,59,85
1,67,212,47,85
1,68,212,112,85
1,69,212,113,85
1,70,212,128,85
1,71,212,6,85
1,72,212,9,85
1,73,212,129,85
1,74,212,56,85
1,75,212,64,85
1,76,212,126,85
1,77,212,5,85
1,78,212,114,85
1,79,212,16,85
1,80,212,118,85
1,81,212,111,85
1,82,212,121,85
1,83,212,52,85
1,84,212,26,85
1,85,212,14,85
1,86,212,71,85
1,87,212,1,85
1,88,212,74,85
1,89,212,72,85
1,90,212,28,85
1,91,212,76,85
1,92,212,66,85
1,93,212,77,85
1,94,212,61,85
1,95,212,67,85
1,96,212,73,85
1,97,212,24,85
1,98,212,68,85
1,99,212,29,85
1,100,212,79,85
1,101,212,80,85
1,102,212,83,85
1,103,212,63,85
1,104,212,2,85
1,105,212,13,85
1,106,212,78,85
1,107,212,82,85
1,108,212,25,85
1,109,212,11,85
1,110,212,81,85
1,111,212,21,85
1,112,212,10,85
1,113,212,15,85
1,114,212,62,85
1,115,212,69,85
1,116,212,65,85
1,117,212,20,85
1,118,212,75,85
1,119,212,3,85
1,120,212,70,85
1,121,212,7,85
1,122,212,8,85
1,123,212,12,85
1,124,212,23,85
1,125,212,30,85
1,126,212,18,85
1,127,212,22,85
1,128,212,4,85
1,129,212,17,85
1,1,213,108,74
1,2,213,92,74
1,3,213,88,74
1,4,213,96,74
1,5,213,84,74
1,6,213,105,74
1,7,213,94,74
1,8,213,89,74
1,9,213,95,74
1,10,213,91,74
1,11,213,99,74
1,12,213,87,74
1,13,213,107,74
1,14,213,97,74
1,15,213,102,74
1,16,213,86,74
1,17,213,98,74
1,18,213,93,74
1,19,213,90,74
1,20,213,104,74
1,21,213,100,74
1,22,213,109,74
1,23,213,106,74
1,24,213,101,74
1,25,213,85,74
1,26,213,45,74
1,27,213,42,74
1,28,213,43,74
1,29,213,39,74
1,30,213,34,74
1,31,213,55,74
1,32,213,49,74
1,33,213,103,74
1,34,213,54,74
1,35,213,46,74
1,36,213,60,74
1,37,213,48,74
1,38,213,41,74
1,39,213,50,74
1,40,213,35,74
1,41,213,40,74
1,42,213,117,74
1,43,213,38,74
1,44,213,37,74
1,45,213,115,74
1,46,213,44,74
1,47,213,32,74
1,48,213,120,74
1,49,213,57,74
1,50,213,125,74
1,51,213,27,74
1,52,213,119,74
1,53,213,116,74
1,54,213,123,74
1,55,213,110,74
1,56,213,58,74
1,57,213,33,74
1,58,213,36,74
1,59,213,53,74
1,60,213,19,74
1,61,213,31,74
1,62,213,122,74
1,63,213,124,74
1,64,213,127,74
1,65,213,51,74
1,66,213,59,74
1,67,213,47,74
1,68,213,112,74
1,69,213,113,74
1,70,213,128,74
1,71,213,6,74
1,72,213,9,74
1,73,213,129,74
1,74,213,56,74
1,75,213,64,74
1,76,213,126,74
1,77,213,5,74
1,78,213,114,74
1,79,213,16,74
1,80,213,118,74
1,81,213,111,74
1,82,213,121,74
1,83,213,52,74
1,84,213,26,74
1,85,213,14,74
1,86,213,71,74
1,87,213,1,74
1,88,213,74,74
1,89,213,72,74
1,90,213,28,74
1,91,213,76,74
1,92,213,66,74
1,93,213,77,74
1,94,213,61,74
1,95,213,67,74
1,96,213,73,74
1,97,213,24,74
1,98,213,68,74
1,99,213,29,74
1,100,213,79,74
1,101,213,80,74
1,102,213,83,74
1,103,213,63,74
1,104,213,2,74
1,105,213,13,74
1,106,213,78,74
1,107,213,82,74
1,108,213,25,74
1,109,213,11,74
1,110,213,81,74
1,111,213,21,74
1,112,213,10,74
1,113,213,15,74
1,114,213,62,74
1,115,213,69,74
1,116,213,65,74
1,117,213,20,74
1,118,213,75,74
1,119,213,3,74
1,120,213,70,74
1,121,213,7,74
1,122,213,8,74
1,123,213,12,74
1,124,213,23,74
1,125,213,30,74
1,126,213,18,74
1,127,213,22,74
1,128,213,4,74
1,129,213,17,74
1,1,214,108,49
1,2,214,92,49
1,3,214,88,49
1,4,214,96,49
1,5,214,84,49
1,6,214,105,49
1,7,214,94,49
1,8,214,89,49
1,9,214,95,49
1,10,214,91,49
1,11,214,99,49
1,12,214,87,49
1,13,214,107,49
1,14,214,97,49
1,15,214,102,49
1,16,214,86,49
1,17,214,98,49
1,18,214,93,49
1,19,214,90,49
1,20,214,104,49
1,21,214,100,49
1,22,214,109,49
1,23,214,106,49
1,24,214,101,49
1,25,214,85,49
1,26,214,45,49
1,27,214,42,49
1,28,214,43,49
1,29,214,39,49
1,30,214,34,49
1,31,214,55,49
1,32,214,49,49
1,33,214,103,49
1,34,214,54,49
1,35,214,46,49
1,36,214,60,49
1,37,214,48,49
1,38,214,41,49
1,39,214,50,49
1,40,214,35,49
1,41,214,40,49
1,42,214,117,49
1,43,214,38,49
1,44,214,37,49
1,45,214,115,49
1,46,214,44,49
1,47,214,32,49
1,48,214,120,49
1,49,214,57,49
1,50,214,125,49
1,51,214,27,49
1,52,214,119,49
1,53,214,116,49
1,54,214,123,49
1,55,214,110,49
1,56,214,58,49
1,57,214,33,49
1,58,214,36,49
1,59,214,53,49
1,60,214,19,49
1,61,214,31,49
1,62,214,122,49
1,63,214,124,49
1,64,214,127,49
1,65,214,51,49
1,66,214,59,49
1,67,214,47,49
1,68,214,112,49
1,69,214,113,49
1,70,214,128,49
1,71,214,6,49
1,72,214,9,49
1,73,214,129,49
1,74,214,56,49
1,75,214,64,49
1,76,214,126,49
1,77,214,5,49
1,78,214,114,49
1,79,214,16,49
1,80,214,118,49
1,81,214,111,49
1,82,214,121,49
1,83,214,52,49
1,84,214,26,49
1,85,214,14,49
1,86,214,71,49
1,87,214,1,49
1,88,214,74,49
1,89,214,72,49
1,90,214,28,49
1,91,214,76,49
1,92,214,66,49
1,93,214,77,49
1,94,214,61,49
1,95,214,67,49
1,96,214,73,49
1,97,214,24,49
1,98,214,68,49
1,99,214,29,49
1,100,214,79,49
1,101,214,80,49
1,102,214,83,49
1,103,214,63,49
1,104,214,2,49
1,105,214,13,49
1,106,214,78,49
1,107,214,82,49
1,108,214,25,49
1,109,214,11,49
1,110,214,81,49
1,111,214,21,49
1,112,214,10,49
1,113,214,15,49
1,114,214,62,49
1,115,214,69,49
1,116,214,65,49
1,117,214,20,49
1,118,214,75,49
1,119,214,3,49
1,120,214,70,49
1,121,214,7,49
1,122,214,8,49
1,123,214,12,49
1,124,214,23,49
1,125,214,30,49
1,126,214,18,49
1,127,214,22,49
1,128,214,4,49
1,129,214,17,49
1,1,215,108,46
1,2,215,92,46
1,3,215,88,46
1,4,215,96,46
1,5,215,84,46
1,6,215,105,46
1,7,215,94,46
1,8,215,89,46
1,9,215,95,46
1,10,215,91,46
1,11,215,99,46
1,12,215,87,46
1,13,215,107,46
1,14,215,97,46
1,15,215,102,46
1,16,215,86,46
1,17,215,98,46
1,18,215,93,46
1,19,215,90,46
1,20,215,104,46
1,21,215,100,46
1,22,215,109,46
1,23,215,106,46
1,24,215,101,46
1,25,215,85,46
1,26,215,45,46
1,27,215,42,46
1,28,215,43,46
1,29,215,39,46
1,30,215,34,46
1,31,215,55,46
1,32,215,49,46
1,33,215,103,46
1,34,215,54,46
1,35,215,46,46
1,36,215,60,46
1,37,215,48,46
1,38,215,41,46
1,39,215,50,46
1,40,215,35,46
1,41,215,40,46
1,42,215,117,46
1,43,215,38,46
1,44,215,37,46
1,45,215,115,46
1,46,215,44,46
1,47,215,32,46
1,48,215,120,46
1,49,215,57,46
1,50,215,125,46
1,51,215,27,46
1,52,215,119,46
1,53,215,116,46
1,54,215,123,46
1,55,215,110,46
1,56,215,58,46
1,57,215,33,46
1,58,215,36,46
1,59,215,53,46
1,60,215,19,46
1,61,215,31,46
1,62,215,122,46
1,63,215,124,46
1,64,215,127,46
1,65,215,51,46
1,66,215,59,46
1,67,215,47,46
1,68,215,112,46
1,69,215,113,46
1,70,215,128,46
1,71,215,6,46
1,72,215,9,46
1,73,215,129,46
1,74,215,56,46
1,75,215,64,46
1,76,215,126,46
1,77,215,5,46
1,78,215,114,46
1,79,215,16,46
1,80,215,118,46
1,81,215,111,46
1,82,215,121,46
1,83,215,52,46
1,84,215,26,46
1,85,215,14,46
1,86,215,71,46
1,87,215,1,46
1,88,215,74,46
1,89,215,72,46
1,90,215,28,46
1,91,215,76,46
1,92,215,66,46
1,93,215,77,46
1,94,215,61,46
1,95,215,67,46
1,96,215,73,46
1,97,215,24,46
1,98,215,68,46
1,99,215,29,46
1,100,215,79,46
1,101,215,80,46
1,102,215,83,46
1,103,215,63,46
1,104,215,2,46
1,105,215,13,46
1,106,215,78,46
1,107,215,82,46
1,108,215,25,46
1,109,215,11,46
1,110,215,81,46
1,111,215,21,46
1,112,215,10,46
1,113,215,15,46
1,114,215,62,46
1,115,215,69,46
1,116,215,65,46
1,117,215,20,46
1,118,215,75,46
1,119,215,3,46
1,120,215,70,46
1,121,215,7,46
1,122,215,8,46
1,123,215,12,46
1,124,215,23,46
1,125,215,30,46
1,126,215,18,46
1,127,215,22,46
1,128,215,4,46
1,129,215,17,46
1,1,216,108,190
1,2,216,92,190
1,3,216,88,190
1,4,216,96,190
1,5,216,84,190
1,6,216,105,190
1,7,216,94,190
1,8,216,89,190
1,9,216,95,190
1,10,216,91,190
1,11,216,99,190
1,12,216,87,190
1,13,216,107,190
1,14,216,97,190
1,15,216,102,190
1,16,216,86,190
1,17,216,98,190
1,18,216,93,190
1,19,216,90,190
1,20,216,104,190
1,21,216,100,190
1,22,216,109,190
1,23,216,106,190
1,24,216,101,190
1,25,216,85,190
1,26,216,45,190
1,27,216,42,190
1,28,216,43,190
1,29,216,39,190
1,30,216,34,190
1,31,216,55,190
1,32,216,49,190
1,33,216,103,190
1,34,216,54,190
1,35,216,46,190
1,36,216,60,190
1,37,216,48,190
1,38,216,41,190
1,39,216,50,190
1,40,216,35,190
1,41,216,40,190
1,42,216,117,190
1,43,216,38,190
1,44,216,37,190
1,45,216,115,190
1,46,216,44,190
1,47,216,32,190
1,48,216,120,190
1,49,216,57,190
1,50,216,125,190
1,51,216,27,190
1,52,216,119,190
1,53,216,116,190
1,54,216,123,190
1,55,216,110,190
1,56,216,58,190
1,57,216,33,190
1,58,216,36,190
1,59,216,53,190
1,60,216,19,190
1,61,216,31,190
1,62,216,122,190
1,63,216,124,190
1,64,216,127,190
1,65,216,51,190
1,66,216,59,190
1,67,216,47,190
1,68,216,112,190
1,69,216,113,190
1,70,216,128,190
1,71,216,6,190
1,72,216,9,190
1,73,216,129,190
1,74,216,56,190
1,75,216,64,190
1,76,216,126,190
1,77,216,5,190
1,78,216,114,190
1,79,216,16,190
1,80,216,118,190
1,81,216,111,190
1,82,216,121,190
1,83,216,52,190
1,84,216,26,190
1,85,216,14,190
1,86,216,71,190
1,87,216,1,190
1,88,216,74,190
1,89,216,72,190
1,90,216,28,190
1,91,216,76,190
1,92,216,66,190
1,93,216,77,190
1,94,216,61,190
1,95,216,67,190
1,96,216,73,190
1,97,216,24,190
1,98,216,68,190
1,99,216,29,190
1,100,216,79,190
1,101,216,80,190
1,102,216,83,190
1,103,216,63,190
1,104,216,2,190
1,105,216,13,190
1,106,216,78,190
1,107,216,82,190
1,108,216,25,190
1,109,216,11,190
1,110,216,81,190
1,111,216,21,190
1,112,216,10,190
1,113,216,15,190
1,114,216,62,190
1,115,216,69,190
1,116,216,65,190
1,117,216,20,190
1,118,216,75,190
1,119,216,3,190
1,120,216,70,190
1,121,216,7,190
1,122,216,8,190
1,123,216,12,190
1,124,216,23,190
1,125,216,30,190
1,126,216,18,190
1,127,216,22,190
1,128,216,4,190
1,129,216,17,190
1,1,217,108,129
1,2,217,92,129
1,3,217,88,129
1,4,217,96,129
1,5,217,84,129
1,6,217,105,129
1,7,217,94,129
1,8,217,89,129
1,9,217,95,129
1,10,217,91,129
1,11,217,99,129
1,12,217,87,129
1,13,217,107,129
1,14,217,97,129
1,15,217,102,129
1,16,217,86,129
1,17,217,98,129
1,18,217,93,129
1,19,217,90,129
1,20,217,104,129
1,21,217,100,129
1,22,217,109,129
1,23,217,106,129
1,24,217,101,129
1,25,217,85,129
1,26,217,45,129
1,27,217,42,129
1,28,217,43,129
1,29,217,39,129
1,30,217,34,129
1,31,217,55,129
1,32,217,49,129
1,33,217,103,129
1,34,217,54,129
1,35,217,46,129
1,36,217,60,129
1,37,217,48,129
1,38,217,41,129
1,39,217,50,129
1,40,217,35,129
1,41,217,40,129
1,42,217,117,129
1,43,217,38,129
1,44,217,37,129
1,45,217,115,129
1,46,217,44,129
1,47,217,32,129
1,48,217,120,129
1,49,217,57,129
1,50,217,125,129
1,51,217,27,129
1,52,217,119,129
1,53,217,116,129
1,54,217,123,129
1,55,217,110,129
1,56,217,58,129
1,57,217,33,129
1,58,217,36,129
1,59,217,53,129
1,60,217,19,129
1,61,217,31,129
1,62,217,122,129
1,63,217,124,129
1,64,217,127,129
1,65,217,51,129
1,66,217,59,129
1,67,217,47,129
1,68,217,112,129
1,69,217,113,129
1,70,217,128,129
1,71,217,6,129
1,72,217,9,129
1,73,217,129,129
1,74,217,56,129
1,75,217,64,129
1,76,217,126,129
1,77,217,5,129
1,78,217,114,129
1,79,217,16,129
1,80,217,118,129
1,81,217,111,129
1,82,217,121,129
1,83,217,52,129
1,84,217,26,129
1,85,217,14,129
1,86,217,71,129
1,87,217,1,129
1,88,217,74,129
1,89,217,72,129
1,90,217,28,129
1,91,217,76,129
1,92,217,66,129
1,93,217,77,129
1,94,217,61,129
1,95,217,67,129
1,96,217,73,129
1,97,217,24,129
1,98,217,68,129
1,99,217,29,129
1,100,217,79,129
1,101,217,80,129
1,102,217,83,129
1,103,217,63,129
1,104,217,2,129
1,105,217,13,129
1,106,217,78,129
1,107,217,82,129
1,108,217,25,129
1,109,217,11,129
1,110,217,81,129
1,111,217,21,129
1,112,217,10,129
1,113,217,15,129
1,114,217,62,129
1,115,217,69,129
1,116,217,65,129
1,117,217,20,129
1,118,217,75,129
1,119,217,3,129
1,120,217,70,129
1,121,217,7,129
1,122,217,8,129
1,123,217,12,129
1,124,217,23,129
1,125,217,30,129
1,126,217,18,129
1,127,217,22,129
1,128,217,4,129
1,129,217,17,129
1,1,218,108,29
1,2,218,92,29
1,3,218,88,29
1,4,218,96,29
1,5,218,84,29
1,6,218,105,29
1,7,218,94,29
1,8,218,89,29
1,9,218,95,29
1,10,218,91,29
1,11,218,99,29
1,12,218,87,29
1,13,218,107,29
1,14,218,97,29
1,15,218,102,29
1,16,218,86,29
1,17,218,98,29
1,18,218,93,29
1,19,218,90,29
1,20,218,104,29
1,21,218,100,29
1,22,218,109,29
1,23,218,106,29
1,24,218,101,29
1,25,218,85,29
1,26,218,45,29
1,27,218,42,29
1,28,218,43,29
1,29,218,39,29
1,30,218,34,29
1,31,218,55,29
1,32,218,49,29
1,33,218,103,29
1,34,218,54,29
1,35,218,46,29
1,36,218,60,29
1,37,218,48,29
1,38,218,41,29
1,39,218,50,29
1,40,218,35,29
1,41,218,40,29
1,42,218,117,29
1,43,218,38,29
1,44,218,37,29
1,45,218,115,29
1,46,218,44,29
1,47,218,32,29
1,48,218,120,29
1,49,218,57,29
1,50,218,125,29
1,51,218,27,29
1,52,218,119,29
1,53,218,116,29
1,54,218,123,29
1,55,218,110,29
1,56,218,58,29
1,57,218,33,29
1,58,218,36,29
1,59,218,53,29
1,60,218,19,29
1,61,218,31,29
1,62,218,122,29
1,63,218,124,29
1,64,218,127,29
1,65,218,51,29
1,66,218,59,29
1,67,218,47,29
1,68,218,112,29
1,69,218,113,29
1,70,218,128,29
1,71,218,6,29
1,72,218,9,29
1,73,218,129,29
1,74,218,56,29
1,75,218,64,29
1,76,218,126,29
1,77,218,5,29
1,78,218,114,29
1,79,218,16,29
1,80,218,118,29
1,81,218,111,29
1,82,218,121,29
1,83,218,52,29
1,84,218,26,29
1,85,218,14,29
1,86,218,71,29
1,87,218,1,29
1,88,218,74,29
1,89,218,72,29
1,90,218,28,29
1,91,218,76,29
1,92,218,66,29
1,93,218,77,29
1,94,218,61,29
1,95,218,67,29
1,96,218,73,29
1,97,218,24,29
1,98,218,68,29
1,99,218,29,29
1,100,218,79,29
1,101,218,80,29
1,102,218,83,29
1,103,218,63,29
1,104,218,2,29
1,105,218,13,29
1,106,218,78,29
1,107,218,82,29
1,108,218,25,29
1,109,218,11,29
1,110,218,81,29
1,111,218,21,29
1,112,218,10,29
1,113,218,15,29
1,114,218,62,29
1,115,218,69,29
1,116,218,65,29
1,117,218,20,29
1,118,218,75,29
1,119,218,3,29
1,120,218,70,29
1,121,218,7,29
1,122,218,8,29
1,123,218,12,29
1,124,218,23,29
1,125,218,30,29
1,126,218,18,29
1,127,218,22,29
1,128,218,4,29
1,129,218,17,29
1,1,219,108,19
1,2,219,92,19
1,3,219,88,19
1,4,219,96,19
1,5,219,84,19
1,6,219,105,19
1,7,219,94,19
1,8,219,89,19
1,9,219,95,19
1,10,219,91,19
1,11,219,99,19
1,12,219,87,19
1,13,219,107,19
1,14,219,97,19
1,15,219,102,19
1,16,219,86,19
1,17,219,98,19
1,18,219,93,19
1,19,219,90,19
1,20,219,104,19
1,21,219,100,19
1,22,219,109,19
1,23,219,106,19
1,24,219,101,19
1,25,219,85,19
1,26,219,45,19
1,27,219,42,19
1,28,219,43,19
1,29,219,39,19
1,30,219,34,19
1,31,219,55,19
1,32,219,49,19
1,33,219,103,19
1,34,219,54,19
1,35,219,46,19
1,36,219,60,19
1,37,219,48,19
1,38,219,41,19
1,39,219,50,19
1,40,219,35,19
1,41,219,40,19
1,42,219,117,19
1,43,219,38,19
1,44,219,37,19
1,45,219,115,19
1,46,219,44,19
1,47,219,32,19
1,48,219,120,19
1,49,219,57,19
1,50,219,125,19
1,51,219,27,19
1,52,219,119,19
1,53,219,116,19
1,54,219,123,19
1,55,219,110,19
1,56,219,58,19
1,57,219,33,19
1,58,219,36,19
1,59,219,53,19
1,60,219,19,19
1,61,219,31,19
1,62,219,122,19
1,63,219,124,19
1,64,219,127,19
1,65,219,51,19
1,66,219,59,19
1,67,219,47,19
1,68,219,112,19
1,69,219,113,19
1,70,219,128,19
1,71,219,6,19
1,72,219,9,19
1,73,219,129,19
1,74,219,56,19
1,75,219,64,19
1,76,219,126,19
1,77,219,5,19
1,78,219,114,19
1,79,219,16,19
1,80,219,118,19
1,81,219,111,19
1,82,219,121,19
1,83,219,52,19
1,84,219,26,19
1,85,219,14,19
1,86,219,71,19
1,87,219,1,19
1,88,219,74,19
1,89,219,72,19
1,90,219,28,19
1,91,219,76,19
1,92,219,66,19
1,93,219,77,19
1,94,219,61,19
1,95,219,67,19
1,96,219,73,19
1,97,219,24,19
1,98,219,68,19
1,99,219,29,19
1,100,219,79,19
1,101,219,80,19
1,102,219,83,19
1,103,219,63,19
1,104,219,2,19
1,105,219,13,19
1,106,219,78,19
1,107,219,82,19
1,108,219,25,19
1,109,219,11,19
1,110,219,81,19
1,111,219,21,19
1,112,219,10,19
1,113,219,15,19
1,114,219,62,19
1,115,219,69,19
1,116,219,65,19
1,117,219,20,19
1,118,219,75,19
1,119,219,3,19
1,120,219,70,19
1,121,219,7,19
1,122,219,8,19
1,123,219,12,19
1,124,219,23,19
1,125,219,30,19
1,126,219,18,19
1,127,219,22,19
1,128,219,4,19
1,129,219,17,19
1,1,220,108,212
1,2,220,92,212
1,3,220,88,212
1,4,220,96,212
1,5,220,84,212
1,6,220,105,212
1,7,220,94,212
1,8,220,89,212
1,9,220,95,212
1,10,220,91,212
1,11,220,99,212
1,12,220,87,212
1,13,220,107,212
1,14,220,97,212
1,15,220,102,212
1,16,220,86,212
1,17,220,98,212
1,18,220,93,212
1,19,220,90,212
1,20,220,104,212
1,21,220,100,212
1,22,220,109,212
1,23,220,106,212
1,24,220,101,212
1,25,220,85,212
1,26,220,45,212
1,27,220,42,212
1,28,220,43,212
1,29,220,39,212
1,30,220,34,212
1,31,220,55,212
1,32,220,49,212
1,33,220,103,212
1,34,220,54,212
1,35,220,46,212
1,36,220,60,212
1,37,220,48,212
1,38,220,41,212
1,39,220,50,212
1,40,220,35,212
1,41,220,40,212
1,42,220,117,212
1,43,220,38,212
1,44,220,37,212
1,45,220,115,212
1,46,220,44,212
1,47,220,32,212
1,48,220,120,212
1,49,220,57,212
1,50,220,125,212
1,51,220,27,212
1,52,220,119,212
1,53,220,116,212
1,54,220,123,212
1,55,220,110,212
1,56,220,58,212
1,57,220,33,212
1,58,220,36,212
1,59,220,53,212
1,60,220,19,212
1,61,220,31,212
1,62,220,122,212
1,63,220,124,212
1,64,220,127,212
1,65,220,51,212
1,66,220,59,212
1,67,220,47,212
1,68,220,112,212
1,69,220,113,212
1,70,220,128,212
1,71,220,6,212
1,72,220,9,212
1,73,220,129,212
1,74,220,56,212
1,75,220,64,212
1,76,220,126,212
1,77,220,5,212
1,78,220,114,212
1,79,220,16,212
1,80,220,118,212
1,81,220,111,212
1,82,220,121,212
1,83,220,52,212
1,84,220,26,212
1,85,220,14,212
1,86,220,71,212
1,87,220,1,212
1,88,220,74,212
1,89,220,72,212
1,90,220,28,212
1,91,220,76,212
1,92,220,66,212
1,93,220,77,212
1,94,220,61,212
1,95,220,67,212
1,96,220,73,212
1,97,220,24,212
1,98,220,68,212
1,99,220,29,212
1,100,220,79,212
1,101,220,80,212
1,102,220,83,212
1,103,220,63,212
1,104,220,2,212
1,105,220,13,212
1,106,220,78,212
1,107,220,82,212
1,108,220,25,212
1,109,220,11,212
1,110,220,81,212
1,111,220,21,212
1,112,220,10,212
1,113,220,15,212
1,114,220,62,212
1,115,220,69,212
1,116,220,65,212
1,117,220,20,212
1,118,220,75,212
1,119,220,3,212
1,120,220,70,212
1,121,220,7,212
1,122,220,8,212
1,123,220,12,212
1,124,220,23,212
1,125,220,30,212
1,126,220,18,212
1,127,220,22,212
1,128,220,4,212
1,129,220,17,212
1,1,221,108,23
1,2,221,92,23
1,3,221,88,23
1,4,221,96,23
1,5,221,84,23
1,6,221,105,23
1,7,221,94,23
1,8,221,89,23
1,9,221,95,23
1,10,221,91,23
1,11,221,99,23
1,12,221,87,23
1,13,221,107,23
1,14,221,97,23
1,15,221,102,23
1,16,221,86,23
1,17,221,98,23
1,18,221,93,23
1,19,221,90,23
1,20,221,104,23
1,21,221,100,23
1,22,221,109,23
1,23,221,106,23
1,24,221,101,23
1,25,221,85,23
1,26,221,45,23
1,27,221,42,23
1,28,221,43,23
1,29,221,39,23
1,30,221,34,23
1,31,221,55,23
1,32,221,49,23
1,33,221,103,23
1,34,221,54,23
1,35,221,46,23
1,36,221,60,23
1,37,221,48,23
1,38,221,41,23
1,39,221,50,23
1,40,221,35,23
1,41,221,40,23
1,42,221,117,23
1,43,221,38,23
1,44,221,37,23
1,45,221,115,23
1,46,221,44,23
1,47,221,32,23
1,48,221,120,23
1,49,221,57,23
1,50,221,125,23
1,51,221,27,23
1,52,221,119,23
1,53,221,116,23
1,54,221,123,23
1,55,221,110,23
1,56,221,58,23
1,57,221,33,23
1,58,221,36,23
1,59,221,53,23
1,60,221,19,23
1,61,221,31,23
1,62,221,122,23
1,63,221,124,23
1,64,221,127,23
1,65,221,51,23
1,66,221,59,23
1,67,221,47,23
1,68,221,112,23
1,69,221,113,23
1,70,221,128,23
1,71,221,6,23
1,72,221,9,23
1,73,221,129,23
1,74,221,56,23
1,75,221,64,23
1,76,221,126,23
1,77,221,5,23
1,78,221,114,23
1,79,221,16,23
1,80,221,118,23
1,81,221,111,23
1,82,221,121,23
1,83,221,52,23
1,84,221,26,23
1,85,221,14,23
1,86,221,71,23
1,87,221,1,23
1,88,221,74,23
1,89,221,72,23
1,90,221,28,23
1,91,221,76,23
1,92,221,66,23
1,93,221,77,23
1,94,221,61,23
1,95,221,67,23
1,96,221,73,23
1,97,221,24,23
1,98,221,68,23
1,99,221,29,23
1,100,221,79,23
1,101,221,80,23
1,102,221,83,23
1,103,221,63,23
1,104,221,2,23
1,105,221,13,23
1,106,221,78,23
1,107,221,82,23
1,108,221,25,23
1,109,221,11,23
1,110,221,81,23
1,111,221,21,23
1,112,221,10,23
1,113,221,15,23
1,114,221,62,23
1,115,221,69,23
1,116,221,65,23
1,117,221,20,23
1,118,221,75,23
1,119,221,3,23
1,120,221,70,23
1,121,221,7,23
1,122,221,8,23
1,123,221,12,23
1,124,221,23,23
1,125,221,30,23
1,126,221,18,23
1,127,221,22,23
1,128,221,4,23
1,129,221,17,23
1,1,222,108,215
1,2,222,92,215
1,3,222,88,215
1,4,222,96,215
1,5,222,84,215
1,6,222,105,215
1,7,222,94,215
1,8,222,89,215
1,9,222,95,215
1,10,222,91,215
1,11,222,99,215
1,12,222,87,215
1,13,222,107,215
1,14,222,97,215
1,15,222,102,215
1,16,222,86,215
1,17,222,98,215
1,18,222,93,215
1,19,222,90,215
1,20,222,104,215
1,21,222,100,215
1,22,222,109,215
1,23,222,106,215
1,24,222,101,215
1,25,222,85,215
1,26,222,45,215
1,27,222,42,215
1,28,222,43,215
1,29,222,39,215
1,30,222,34,215
1,31,222,55,215
1,32,222,49,215
1,33,222,103,215
1,34,222,54,215
1,35,222,46,215
1,36,222,60,215
1,37,222,48,215
1,38,222,41,215
1,39,222,50,215
1,40,222,35,215
1,41,222,40,215
1,42,222,117,215
1,43,222,38,215
1,44,222,37,215
1,45,222,115,215
1,46,222,44,215
1,47,222,32,215
1,48,222,120,215
1,49,222,57,215
1,50,222,125,215
1,51,222,27,215
1,52,222,119,215
1,53,222,116,215
1,54,222,123,215
1,55,222,110,215
1,56,222,58,215
1,57,222,33,215
1,58,222,36,215
1,59,222,53,215
1,60,222,19,215
1,61,222,31,215
1,62,222,122,215
1,63,222,124,215
1,64,222,127,215
1,65,222,51,215
1,66,222,59,215
1,67,222,47,215
1,68,222,112,215
1,69,222,113,215
1,70,222,128,215
1,71,222,6,215
1,72,222,9,215
1,73,222,129,215
1,74,222,56,215
1,75,222,64,215
1,76,222,126,215
1,77,222,5,215
1,78,222,114,215
1,79,222,16,215
1,80,222,118,215
1,81,222,111,215
1,82,222,121,215
1,83,222,52,215
1,84,222,26,215
1,85,222,14,215
1,86,222,71,215
1,87,222,1,215
1,88,222,74,215
1,89,222,72,215
1,90,222,28,215
1,91,222,76,215
1,92,222,66,215
1,93,222,77,215
1,94,222,61,215
1,95,222,67,215
1,96,222,73,215
1,97,222,24,215
1,98,222,68,215
1,99,222,29,215
1,100,222,79,215
1,101,222,80,215
1,102,222,83,215
1,103,222,63,215
1,104,222,2,215
1,105,222,13,215
1,106,222,78,215
1,107,222,82,215
1,108,222,25,215
1,109,222,11,215
1,110,222,81,215
1,111,222,21,215
1,112,222,10,215
1,113,222,15,215
1,114,222,62,215
1,115,222,69,215
1,116,222,65,215
1,117,222,20,215
1,118,222,75,215
1,119,222,3,215
1,120,222,70,215
1,121,222,7,215
1,122,222,8,215
1,123,222,12,215
1,124,222,23,215
1,125,222,30,215
1,126,222,18,215
1,127,222,22,215
1,128,222,4,215
1,129,222,17,215
1,1,223,108,172
1,2,223,92,172
1,3,223,88,172
1,4,223,96,172
1,5,223,84,172
1,6,223,105,172
1,7,223,94,172
1,8,223,89,172
1,9,223,95,172
1,10,223,91,172
1,11,223,99,172
1,12,223,87,172
1,13,223,107,172
1,14,223,97,172
1,15,223,102,172
1,16,223,86,172
1,17,223,98,172
1,18,223,93,172
1,19,223,90,172
1,20,223,104,172
1,21,223,100,172
1,22,223,109,172
1,23,223,106,172
1,24,223,101,172
1,25,223,85,172
1,26,223,45,172
1,27,223,42,172
1,28,223,43,172
1,29,223,39,172
1,30,223,34,172
1,31,223,55,172
1,32,223,49,172
1,33,223,103,172
1,34,223,54,172
1,35,223,46,172
1,36,223,60,172
1,37,223,48,172
1,38,223,41,172
1,39,223,50,172
1,40,223,35,172
1,41,223,40,172
1,42,223,117,172
1,43,223,38,172
1,44,223,37,172
1,45,223,115,172
1,46,223,44,172
1,47,223,32,172
1,48,223,120,172
1,49,223,57,172
1,50,223,125,172
1,51,223,27,172
1,52,223,119,172
1,53,223,116,172
1,54,223,123,172
1,55,223,110,172
1,56,223,58,172
1,57,223,33,172
1,58,223,36,172
1,59,223,53,172
1,60,223,19,172
1,61,223,31,172
1,62,223,122,172
1,63,223,124,172
1,64,223,127,172
1,65,223,51,172
1,66,223,59,172
1,67,223,47,172
1,68,223,112,172
1,69,223,113,172
1,70,223,128,172
1,71,223,6,172
1,72,223,9,172
1,73,223,129,172
1,74,223,56,172
1,75,223,64,172
1,76,223,126,172
1,77,223,5,172
1,78,223,114,172
1,79,223,16,172
1,80,223,118,172
1,81,223,111,172
1,82,223,121,172
1,83,223,52,172
1,84,223,26,172
1,85,223,14,172
1,86,223,71,172
1,87,223,1,172
1,88,223,74,172
1,89,223,72,172
1,90,223,28,172
1,91,223,76,172
1,92,223,66,172
1,93,223,77,172
1,94,223,61,172
1,95,223,67,172
1,96,223,73,172
1,97,223,24,172
1,98,223,68,172
1,99,223,29,172
1,100,223,79,172
1,101,223,80,172
1,102,223,83,172
1,103,223,63,172
1,104,223,2,172
1,105,223,13,172
1,106,223,78,172
1,107,223,82,172
1,108,223,25,172
1,109,223,11,172
1,110,223,81,172
1,111,223,21,172
1,112,223,10,172
1,113,223,15,172
1,114,223,62,172
1,115,223,69,172
1,116,223,65,172
1,117,223,20,172
1,118,223,75,172
1,119,223,3,172
1,120,223,70,172
1,121,223,7,172
1,122,223,8,172
1,123,223,12,172
1,124,223,23,172
1,125,223,30,172
1,126,223,18,172
1,127,223,22,172
1,128,223,4,172
1,129,223,17,172
1,1,224,108,109
1,2,224,92,109
1,3,224,88,109
1,4,224,96,109
1,5,224,84,109
1,6,224,105,109
1,7,224,94,109
1,8,224,89,109
1,9,224,95,109
1,10,224,91,109
1,11,224,99,109
1,12,224,87,109
1,13,224,107,109
1,14,224,97,109
1,15,224,102,109
1,16,224,86,109
1,17,224,98,109
1,18,224,93,109
1,19,224,90,109
1,20,224,104,109
1,21,224,100,109
1,22,224,109,109
1,23,224,106,109
1,24,224,101,109
1,25,224,85,109
1,26,224,45,109
1,27,224,42,109
1,28,224,43,109
1,29,224,39,109
1,30,224,34,109
1,31,224,55,109
1,32,224,49,109
1,33,224,103,109
1,34,224,54,109
1,35,224,46,109
1,36,224,60,109
1,37,224,48,109
1,38,224,41,109
1,39,224,50,109
1,40,224,35,109
1,41,224,40,109
1,42,224,117,109
1,43,224,38,109
1,44,224,37,109
1,45,224,115,109
1,46,224,44,109
1,47,224,32,109
1,48,224,120,109
1,49,224,57,109
1,50,224,125,109
1,51,224,27,109
1,52,224,119,109
1,53,224,116,109
1,54,224,123,109
1,55,224,110,109
1,56,224,58,109
1,57,224,33,109
1,58,224,36,109
1,59,224,53,109
1,60,224,19,109
1,61,224,31,109
1,62,224,122,109
1,63,224,124,109
1,64,224,127,109
1,65,224,51,109
1,66,224,59,109
1,67,224,47,109
1,68,224,112,109
1,69,224,113,109
1,70,224,128,109
1,71,224,6,109
1,72,224,9,109
1,73,224,129,109
1,74,224,56,109
1,75,224,64,109
1,76,224,126,109
1,77,224,5,109
1,78,224,114,109
1,79,224,16,109
1,80,224,118,109
1,81,224,111,109
1,82,224,121,109
1,83,224,52,109
1,84,224,26,109
1,85,224,14,109
1,86,224,71,109
1,87,224,1,109
1,88,224,74,109
1,89,224,72,109
1,90,224,28,109
1,91,224,76,109
1,92,224,66,109
1,93,224,77,109
1,94,224,61,109
1,95,224,67,109
1,96,224,73,109
1,97,224,24,109
1,98,224,68,109
1,99,224,29,109
1,100,224,79,109
1,101,224,80,109
1,102,224,83,109
1,103,224,63,109
1,104,224,2,109
1,105,224,13,109
1,106,224,78,109
1,107,224,82,109
1,108,224,25,109
1,109,224,11,109
1,110,224,81,109
1,111,224,21,109
1,112,224,10,109
1,113,224,15,109
1,114,224,62,109
1,115,224,69,109
1,116,224,65,109
1,117,224,20,109
1,118,224,75,109
1,119,224,3,109
1,120,224,70,109
1,121,224,7,109
1,122,224,8,109
1,123,224,12,109
1,124,224,23,109
1,125,224,30,109
1,126,224,18,109
1,127,224,22,109
1,128,224,4,109
1,129,224,17,109
1,1,225,108,12
1,2,225,92,12
1,3,225,88,12
1,4,225,96,12
1,5,225,84,12
1,6,225,105,12
1,7,225,94,12
1,8,225,89,12
1,9,225,95,12
1,10,225,91,12
1,11,225,99,12
1,12,225,87,12
1,13,225,107,12
1,14,225,97,12
1,15,225,102,12
1,16,225,86,12
1,17,225,98,12
1,18,225,93,12
1,19,225,90,12
1,20,225,104,12
1,21,225,100,12
1,22,225,109,12
1,23,225,106,12
1,24,225,101,12
1,25,225,85,12
1,26,225,45,12
1,27,225,42,12
1,28,225,43,12
1,29,225,39,12
1,30,225,34,12
1,31,225,55,12
1,32,225,49,12
1,33,225,103,12
1,34,225,54,12
1,35,225,46,12
1,36,225,60,12
1,37,225,48,12
1,38,225,41,12
1,39,225,50,12
1,40,225,35,12
1,41,225,40,12
1,42,225,117,12
1,43,225,38,12
1,44,225,37,12
1,45,225,115,12
1,46,225,44,12
1,47,225,32,12
1,48,225,120,12
1,49,225,57,12
1,50,225,125,12
1,51,225,27,12
1,52,225,119,12
1,53,225,116,12
1,54,225,123,12
1,55,225,110,12
1,56,225,58,12
1,57,225,33,12
1,58,225,36,12
1,59,225,53,12
1,60,225,19,12
1,61,225,31,12
1,62,225,122,12
1,63,225,124,12
1,64,225,127,12
1,65,225,51,12
1,66,225,59,12
1,67,225,47,12
1,68,225,112,12
1,69,225,113,12
1,70,225,128,12
1,71,225,6,12
1,72,225,9,12
1,73,225,129,12
1,74,225,56,12
1,75,225,64,12
1,76,225,126,12
1,77,225,5,12
1,78,225,114,12
1,79,225,16,12
1,80,225,118,12
1,81,225,111,12
1,82,225,121,12
1,83,225,52,12
1,84,225,26,12
1,85,225,14,12
1,86,225,71,12
1,87,225,1,12
1,88,225,74,12
1,89,225,72,12
1,90,225,28,12
1,91,225,76,12
1,92,225,66,12
1,93,225,77,12
1,94,225,61,12
1,95,225,67,12
1,96,225,73,12
1,97,225,24,12
1,98,225,68,12
1,99,225,29,12
1,100,225,79,12
1,101,225,80,12
1,102,225,83,12
1,103,225,63,12
1,104,225,2,12
1,105,225,13,12
1,106,225,78,12
1,107,225,82,12
1,108,225,25,12
1,109,225,11,12
1,110,225,81,12
1,111,225,21,12
1,112,225,10,12
1,113,225,15,12
1,114,225,62,12
1,115,225,69,12
1,116,225,65,12
1,117,225,20,12
1,118,225,75,12
1,119,225,3,12
1,120,225,70,12
1,121,225,7,12
1,122,225,8,12
1,123,225,12,12
1,124,225,23,12
1,125,225,30,12
1,126,225,18,12
1,127,225,22,12
1,128,225,4,12
1,129,225,17,12
